Command line invocation:
    /Applications/Xcode.app/Contents/Developer/usr/bin/xcodebuild -project Paperloft.xcodeproj -scheme PaperloftApp -configuration Debug -derivedDataPath build/DerivedData SWIFT_TREAT_WARNINGS_AS_ERRORS=YES clean build

Build settings from command line:
    SWIFT_TREAT_WARNINGS_AS_ERRORS = YES

Resolve Package Graph


Resolved source packages:
  PaperloftHandoff: /Users/builder/Factory/paperloft/evidence/checkouts/p3-7cd0f79/Packages/PaperloftHandoff @ local
  PaperloftKit: /Users/builder/Factory/paperloft/evidence/checkouts/p3-7cd0f79/Packages/PaperloftKit @ local

--- xcodebuild: WARNING: Using the first of multiple matching destinations:
{ platform:macOS, arch:arm64, id:00006000-000458260AFA401E, name:My Mac }
{ platform:macOS, name:Any Mac }
CreateBuildRequest

SendProjectDescription

CreateBuildOperation

** CLEAN SUCCEEDED **

--- xcodebuild: WARNING: Using the first of multiple matching destinations:
{ platform:macOS, arch:arm64, id:00006000-000458260AFA401E, name:My Mac }
{ platform:macOS, name:Any Mac }
ComputePackagePrebuildTargetDependencyGraph

Prepare packages

CreateBuildRequest

SendProjectDescription

CreateBuildOperation

ComputeTargetDependencyGraph
note: Building targets in dependency order
note: Target dependency graph (6 targets)
    Target 'PaperloftApp' in project 'Paperloft'
        ➜ Explicit dependency on target 'PaperloftShare' in project 'Paperloft'
        ➜ Explicit dependency on target 'PaperloftKit-product' in project 'PaperloftKit'
        ➜ Explicit dependency on target 'PaperloftHandoff-product' in project 'PaperloftHandoff'
    Target 'PaperloftKit-product' in project 'PaperloftKit'
        ➜ Explicit dependency on target 'PaperloftKit' in project 'PaperloftKit'
    Target 'PaperloftKit' in project 'PaperloftKit' (no dependencies)
    Target 'PaperloftShare' in project 'Paperloft'
        ➜ Explicit dependency on target 'PaperloftHandoff-product' in project 'PaperloftHandoff'
    Target 'PaperloftHandoff-product' in project 'PaperloftHandoff'
        ➜ Explicit dependency on target 'PaperloftHandoff' in project 'PaperloftHandoff'
    Target 'PaperloftHandoff' in project 'PaperloftHandoff' (no dependencies)

GatherProvisioningInputs

CreateBuildDescription

ExecuteExternalTool /Applications/Xcode.app/Contents/Developer/Toolchains/XcodeDefault.xctoolchain/usr/bin/swiftc --version

ExecuteExternalTool /Applications/Xcode.app/Contents/Developer/Toolchains/XcodeDefault.xctoolchain/usr/bin/clang -v -E -dM -isysroot /Applications/Xcode.app/Contents/Developer/Platforms/MacOSX.platform/Developer/SDKs/MacOSX27.0.sdk -x c -c /dev/null

ExecuteExternalTool /Applications/Xcode.app/Contents/Developer/usr/bin/actool --version --output-format xml1

ExecuteExternalTool /Applications/Xcode.app/Contents/Developer/Toolchains/XcodeDefault.xctoolchain/usr/bin/ld -version_details

Build description signature: e1d2a1b65da7f22023d6f3b0acb33c55
Build description path: /Users/builder/Factory/paperloft/evidence/checkouts/p3-7cd0f79/build/DerivedData/Build/Intermediates.noindex/XCBuildData/e1d2a1b65da7f22023d6f3b0acb33c55.xcbuilddata
CreateBuildDirectory /Users/builder/Factory/paperloft/evidence/checkouts/p3-7cd0f79/build/DerivedData/SDKExplicitPrecompiledModules
    cd /Users/builder/Factory/paperloft/evidence/checkouts/p3-7cd0f79/Paperloft.xcodeproj
    builtin-create-build-directory /Users/builder/Factory/paperloft/evidence/checkouts/p3-7cd0f79/build/DerivedData/SDKExplicitPrecompiledModules

CreateBuildDirectory /Users/builder/Factory/paperloft/evidence/checkouts/p3-7cd0f79/build/DerivedData/CompilationCache.noindex
    cd /Users/builder/Factory/paperloft/evidence/checkouts/p3-7cd0f79/Paperloft.xcodeproj
    builtin-create-build-directory /Users/builder/Factory/paperloft/evidence/checkouts/p3-7cd0f79/build/DerivedData/CompilationCache.noindex

CreateBuildDirectory /Users/builder/Factory/paperloft/evidence/checkouts/p3-7cd0f79/build/DerivedData/ModuleCache.noindex
    cd /Users/builder/Factory/paperloft/evidence/checkouts/p3-7cd0f79/Paperloft.xcodeproj
    builtin-create-build-directory /Users/builder/Factory/paperloft/evidence/checkouts/p3-7cd0f79/build/DerivedData/ModuleCache.noindex

CreateBuildDirectory /Users/builder/Factory/paperloft/evidence/checkouts/p3-7cd0f79/build/DerivedData/Build/Products
    cd /Users/builder/Factory/paperloft/evidence/checkouts/p3-7cd0f79/Paperloft.xcodeproj
    builtin-create-build-directory /Users/builder/Factory/paperloft/evidence/checkouts/p3-7cd0f79/build/DerivedData/Build/Products

CreateBuildDirectory /Users/builder/Factory/paperloft/evidence/checkouts/p3-7cd0f79/build/DerivedData/Build/Intermediates.noindex
    cd /Users/builder/Factory/paperloft/evidence/checkouts/p3-7cd0f79/Paperloft.xcodeproj
    builtin-create-build-directory /Users/builder/Factory/paperloft/evidence/checkouts/p3-7cd0f79/build/DerivedData/Build/Intermediates.noindex

ClangStatCache /Applications/Xcode.app/Contents/Developer/Toolchains/XcodeDefault.xctoolchain/usr/bin/clang-stat-cache /Applications/Xcode.app/Contents/Developer/Platforms/MacOSX.platform/Developer/SDKs/MacOSX27.0.sdk /Users/builder/Factory/paperloft/evidence/checkouts/p3-7cd0f79/build/DerivedData/SDKStatCaches.noindex/macosx27.0-26A425-7231f6df4def33e022ae2eb8f782df1a.sdkstatcache
    cd /Users/builder/Factory/paperloft/evidence/checkouts/p3-7cd0f79/Paperloft.xcodeproj
    /Applications/Xcode.app/Contents/Developer/Toolchains/XcodeDefault.xctoolchain/usr/bin/clang-stat-cache /Applications/Xcode.app/Contents/Developer/Platforms/MacOSX.platform/Developer/SDKs/MacOSX27.0.sdk -o /Users/builder/Factory/paperloft/evidence/checkouts/p3-7cd0f79/build/DerivedData/SDKStatCaches.noindex/macosx27.0-26A425-7231f6df4def33e022ae2eb8f782df1a.sdkstatcache

CreateBuildDirectory /Users/builder/Factory/paperloft/evidence/checkouts/p3-7cd0f79/build/DerivedData/Build/Products/Debug
    cd /Users/builder/Factory/paperloft/evidence/checkouts/p3-7cd0f79/Paperloft.xcodeproj
    builtin-create-build-directory /Users/builder/Factory/paperloft/evidence/checkouts/p3-7cd0f79/build/DerivedData/Build/Products/Debug

CreateBuildDirectory /Users/builder/Factory/paperloft/evidence/checkouts/p3-7cd0f79/build/DerivedData/Build/Intermediates.noindex/SwiftExplicitPrecompiledModules
    cd /Users/builder/Factory/paperloft/evidence/checkouts/p3-7cd0f79/Paperloft.xcodeproj
    builtin-create-build-directory /Users/builder/Factory/paperloft/evidence/checkouts/p3-7cd0f79/build/DerivedData/Build/Intermediates.noindex/SwiftExplicitPrecompiledModules

CreateBuildDirectory /Users/builder/Factory/paperloft/evidence/checkouts/p3-7cd0f79/build/DerivedData/Build/Intermediates.noindex/PrecompiledHeaders
    cd /Users/builder/Factory/paperloft/evidence/checkouts/p3-7cd0f79/Paperloft.xcodeproj
    builtin-create-build-directory /Users/builder/Factory/paperloft/evidence/checkouts/p3-7cd0f79/build/DerivedData/Build/Intermediates.noindex/PrecompiledHeaders

CreateBuildDirectory /Users/builder/Factory/paperloft/evidence/checkouts/p3-7cd0f79/build/DerivedData/Build/Intermediates.noindex/ExplicitPrecompiledModules
    cd /Users/builder/Factory/paperloft/evidence/checkouts/p3-7cd0f79/Paperloft.xcodeproj
    builtin-create-build-directory /Users/builder/Factory/paperloft/evidence/checkouts/p3-7cd0f79/build/DerivedData/Build/Intermediates.noindex/ExplicitPrecompiledModules

CreateBuildDirectory /Users/builder/Factory/paperloft/evidence/checkouts/p3-7cd0f79/build/DerivedData/Build/Intermediates.noindex/EagerLinkingTBDs/Debug
    cd /Users/builder/Factory/paperloft/evidence/checkouts/p3-7cd0f79/Paperloft.xcodeproj
    builtin-create-build-directory /Users/builder/Factory/paperloft/evidence/checkouts/p3-7cd0f79/build/DerivedData/Build/Intermediates.noindex/EagerLinkingTBDs/Debug

WriteAuxiliaryFile /Users/builder/Factory/paperloft/evidence/checkouts/p3-7cd0f79/build/DerivedData/Build/Intermediates.noindex/Paperloft.build/Debug/Paperloft-b93ddc6bcd4d234a5473ab01ad3589c4-VFS/all-product-headers.yaml
    cd /Users/builder/Factory/paperloft/evidence/checkouts/p3-7cd0f79/Paperloft.xcodeproj
    write-file /Users/builder/Factory/paperloft/evidence/checkouts/p3-7cd0f79/build/DerivedData/Build/Intermediates.noindex/Paperloft.build/Debug/Paperloft-b93ddc6bcd4d234a5473ab01ad3589c4-VFS/all-product-headers.yaml

CreateBuildDirectory /Users/builder/Factory/paperloft/evidence/checkouts/p3-7cd0f79/build/DerivedData/Build/Products/Debug/PackageFrameworks
    cd /Users/builder/Factory/paperloft/evidence/checkouts/p3-7cd0f79/Paperloft.xcodeproj
    builtin-create-build-directory /Users/builder/Factory/paperloft/evidence/checkouts/p3-7cd0f79/build/DerivedData/Build/Products/Debug/PackageFrameworks

WriteAuxiliaryFile /Users/builder/Factory/paperloft/evidence/checkouts/p3-7cd0f79/build/DerivedData/Build/Intermediates.noindex/PaperloftKit.build/Debug/PaperloftKit-t.build/PaperloftKit.DependencyStaticMetadataFileList (in target 'PaperloftKit' from project 'PaperloftKit')
    cd /Users/builder/Factory/paperloft/evidence/checkouts/p3-7cd0f79/Packages/PaperloftKit
    write-file /Users/builder/Factory/paperloft/evidence/checkouts/p3-7cd0f79/build/DerivedData/Build/Intermediates.noindex/PaperloftKit.build/Debug/PaperloftKit-t.build/PaperloftKit.DependencyStaticMetadataFileList

WriteAuxiliaryFile /Users/builder/Factory/paperloft/evidence/checkouts/p3-7cd0f79/build/DerivedData/Build/Intermediates.noindex/PaperloftKit.build/Debug/PaperloftKit-t.build/PaperloftKit.DependencyMetadataFileList (in target 'PaperloftKit' from project 'PaperloftKit')
    cd /Users/builder/Factory/paperloft/evidence/checkouts/p3-7cd0f79/Packages/PaperloftKit
    write-file /Users/builder/Factory/paperloft/evidence/checkouts/p3-7cd0f79/build/DerivedData/Build/Intermediates.noindex/PaperloftKit.build/Debug/PaperloftKit-t.build/PaperloftKit.DependencyMetadataFileList

WriteAuxiliaryFile /Users/builder/Factory/paperloft/evidence/checkouts/p3-7cd0f79/build/DerivedData/Build/Intermediates.noindex/PaperloftKit.build/Debug/PaperloftKit-t.build/PaperloftKit.modulemap (in target 'PaperloftKit' from project 'PaperloftKit')
    cd /Users/builder/Factory/paperloft/evidence/checkouts/p3-7cd0f79/Packages/PaperloftKit
    write-file /Users/builder/Factory/paperloft/evidence/checkouts/p3-7cd0f79/build/DerivedData/Build/Intermediates.noindex/PaperloftKit.build/Debug/PaperloftKit-t.build/PaperloftKit.modulemap

WriteAuxiliaryFile /Users/builder/Factory/paperloft/evidence/checkouts/p3-7cd0f79/build/DerivedData/Build/Intermediates.noindex/PaperloftKit.build/Debug/PaperloftKit-t.build/Objects-normal/arm64/PaperloftKit.SwiftFileList (in target 'PaperloftKit' from project 'PaperloftKit')
    cd /Users/builder/Factory/paperloft/evidence/checkouts/p3-7cd0f79/Packages/PaperloftKit
    write-file /Users/builder/Factory/paperloft/evidence/checkouts/p3-7cd0f79/build/DerivedData/Build/Intermediates.noindex/PaperloftKit.build/Debug/PaperloftKit-t.build/Objects-normal/arm64/PaperloftKit.SwiftFileList

WriteAuxiliaryFile /Users/builder/Factory/paperloft/evidence/checkouts/p3-7cd0f79/build/DerivedData/Build/Intermediates.noindex/PaperloftKit.build/Debug/PaperloftKit-t.build/Objects-normal/arm64/PaperloftKit-OutputFileMap.json (in target 'PaperloftKit' from project 'PaperloftKit')
    cd /Users/builder/Factory/paperloft/evidence/checkouts/p3-7cd0f79/Packages/PaperloftKit
    write-file /Users/builder/Factory/paperloft/evidence/checkouts/p3-7cd0f79/build/DerivedData/Build/Intermediates.noindex/PaperloftKit.build/Debug/PaperloftKit-t.build/Objects-normal/arm64/PaperloftKit-OutputFileMap.json

WriteAuxiliaryFile /Users/builder/Factory/paperloft/evidence/checkouts/p3-7cd0f79/build/DerivedData/Build/Intermediates.noindex/PaperloftKit.build/Debug/PaperloftKit-t.build/Objects-normal/arm64/PaperloftKit.SwiftConstValuesFileList (in target 'PaperloftKit' from project 'PaperloftKit')
    cd /Users/builder/Factory/paperloft/evidence/checkouts/p3-7cd0f79/Packages/PaperloftKit
    write-file /Users/builder/Factory/paperloft/evidence/checkouts/p3-7cd0f79/build/DerivedData/Build/Intermediates.noindex/PaperloftKit.build/Debug/PaperloftKit-t.build/Objects-normal/arm64/PaperloftKit.SwiftConstValuesFileList

WriteAuxiliaryFile /Users/builder/Factory/paperloft/evidence/checkouts/p3-7cd0f79/build/DerivedData/Build/Intermediates.noindex/Paperloft.build/Debug/PaperloftShare.build/PaperloftShare.hmap (in target 'PaperloftShare' from project 'Paperloft')
    cd /Users/builder/Factory/paperloft/evidence/checkouts/p3-7cd0f79
    write-file /Users/builder/Factory/paperloft/evidence/checkouts/p3-7cd0f79/build/DerivedData/Build/Intermediates.noindex/Paperloft.build/Debug/PaperloftShare.build/PaperloftShare.hmap

WriteAuxiliaryFile /Users/builder/Factory/paperloft/evidence/checkouts/p3-7cd0f79/build/DerivedData/Build/Intermediates.noindex/PaperloftKit.build/Debug/PaperloftKit-t.build/Objects-normal/arm64/PaperloftKit.LinkFileList (in target 'PaperloftKit' from project 'PaperloftKit')
    cd /Users/builder/Factory/paperloft/evidence/checkouts/p3-7cd0f79/Packages/PaperloftKit
    write-file /Users/builder/Factory/paperloft/evidence/checkouts/p3-7cd0f79/build/DerivedData/Build/Intermediates.noindex/PaperloftKit.build/Debug/PaperloftKit-t.build/Objects-normal/arm64/PaperloftKit.LinkFileList

WriteAuxiliaryFile /Users/builder/Factory/paperloft/evidence/checkouts/p3-7cd0f79/build/DerivedData/Build/Intermediates.noindex/PaperloftKit.build/Debug/PaperloftKit-t.build/Objects-normal/arm64/PaperloftKit_const_extract_protocols.json (in target 'PaperloftKit' from project 'PaperloftKit')
    cd /Users/builder/Factory/paperloft/evidence/checkouts/p3-7cd0f79/Packages/PaperloftKit
    write-file /Users/builder/Factory/paperloft/evidence/checkouts/p3-7cd0f79/build/DerivedData/Build/Intermediates.noindex/PaperloftKit.build/Debug/PaperloftKit-t.build/Objects-normal/arm64/PaperloftKit_const_extract_protocols.json

WriteAuxiliaryFile /Users/builder/Factory/paperloft/evidence/checkouts/p3-7cd0f79/build/DerivedData/Build/Intermediates.noindex/Paperloft.build/Debug/PaperloftShare.build/PaperloftShare-project-headers.hmap (in target 'PaperloftShare' from project 'Paperloft')
    cd /Users/builder/Factory/paperloft/evidence/checkouts/p3-7cd0f79
    write-file /Users/builder/Factory/paperloft/evidence/checkouts/p3-7cd0f79/build/DerivedData/Build/Intermediates.noindex/Paperloft.build/Debug/PaperloftShare.build/PaperloftShare-project-headers.hmap

WriteAuxiliaryFile /Users/builder/Factory/paperloft/evidence/checkouts/p3-7cd0f79/build/DerivedData/Build/Intermediates.noindex/Paperloft.build/Debug/PaperloftShare.build/PaperloftShare-all-target-headers.hmap (in target 'PaperloftShare' from project 'Paperloft')
    cd /Users/builder/Factory/paperloft/evidence/checkouts/p3-7cd0f79
    write-file /Users/builder/Factory/paperloft/evidence/checkouts/p3-7cd0f79/build/DerivedData/Build/Intermediates.noindex/Paperloft.build/Debug/PaperloftShare.build/PaperloftShare-all-target-headers.hmap

WriteAuxiliaryFile /Users/builder/Factory/paperloft/evidence/checkouts/p3-7cd0f79/build/DerivedData/Build/Intermediates.noindex/Paperloft.build/Debug/PaperloftShare.build/PaperloftShare-own-target-headers.hmap (in target 'PaperloftShare' from project 'Paperloft')
    cd /Users/builder/Factory/paperloft/evidence/checkouts/p3-7cd0f79
    write-file /Users/builder/Factory/paperloft/evidence/checkouts/p3-7cd0f79/build/DerivedData/Build/Intermediates.noindex/Paperloft.build/Debug/PaperloftShare.build/PaperloftShare-own-target-headers.hmap

WriteAuxiliaryFile /Users/builder/Factory/paperloft/evidence/checkouts/p3-7cd0f79/build/DerivedData/Build/Intermediates.noindex/Paperloft.build/Debug/PaperloftShare.build/PaperloftShare-generated-files.hmap (in target 'PaperloftShare' from project 'Paperloft')
    cd /Users/builder/Factory/paperloft/evidence/checkouts/p3-7cd0f79
    write-file /Users/builder/Factory/paperloft/evidence/checkouts/p3-7cd0f79/build/DerivedData/Build/Intermediates.noindex/Paperloft.build/Debug/PaperloftShare.build/PaperloftShare-generated-files.hmap

WriteAuxiliaryFile /Users/builder/Factory/paperloft/evidence/checkouts/p3-7cd0f79/build/DerivedData/Build/Intermediates.noindex/Paperloft.build/Debug/PaperloftShare.build/PaperloftShare-all-non-framework-target-headers.hmap (in target 'PaperloftShare' from project 'Paperloft')
    cd /Users/builder/Factory/paperloft/evidence/checkouts/p3-7cd0f79
    write-file /Users/builder/Factory/paperloft/evidence/checkouts/p3-7cd0f79/build/DerivedData/Build/Intermediates.noindex/Paperloft.build/Debug/PaperloftShare.build/PaperloftShare-all-non-framework-target-headers.hmap

WriteAuxiliaryFile /Users/builder/Factory/paperloft/evidence/checkouts/p3-7cd0f79/build/DerivedData/Build/Intermediates.noindex/Paperloft.build/Debug/PaperloftShare.build/PaperloftShare-DebugEntryPoint-normal-arm64.txt (in target 'PaperloftShare' from project 'Paperloft')
    cd /Users/builder/Factory/paperloft/evidence/checkouts/p3-7cd0f79
    write-file /Users/builder/Factory/paperloft/evidence/checkouts/p3-7cd0f79/build/DerivedData/Build/Intermediates.noindex/Paperloft.build/Debug/PaperloftShare.build/PaperloftShare-DebugEntryPoint-normal-arm64.txt

WriteAuxiliaryFile /Users/builder/Factory/paperloft/evidence/checkouts/p3-7cd0f79/build/DerivedData/Build/Intermediates.noindex/Paperloft.build/Debug/PaperloftShare.build/PaperloftShare-DebugDylibPath-normal-arm64.txt (in target 'PaperloftShare' from project 'Paperloft')
    cd /Users/builder/Factory/paperloft/evidence/checkouts/p3-7cd0f79
    write-file /Users/builder/Factory/paperloft/evidence/checkouts/p3-7cd0f79/build/DerivedData/Build/Intermediates.noindex/Paperloft.build/Debug/PaperloftShare.build/PaperloftShare-DebugDylibPath-normal-arm64.txt

WriteAuxiliaryFile /Users/builder/Factory/paperloft/evidence/checkouts/p3-7cd0f79/build/DerivedData/Build/Intermediates.noindex/Paperloft.build/Debug/PaperloftShare.build/PaperloftShare-DebugDylibInstallName-normal-arm64.txt (in target 'PaperloftShare' from project 'Paperloft')
    cd /Users/builder/Factory/paperloft/evidence/checkouts/p3-7cd0f79
    write-file /Users/builder/Factory/paperloft/evidence/checkouts/p3-7cd0f79/build/DerivedData/Build/Intermediates.noindex/Paperloft.build/Debug/PaperloftShare.build/PaperloftShare-DebugDylibInstallName-normal-arm64.txt

WriteAuxiliaryFile /Users/builder/Factory/paperloft/evidence/checkouts/p3-7cd0f79/build/DerivedData/Build/Intermediates.noindex/Paperloft.build/Debug/PaperloftShare.build/Objects-normal/arm64/PaperloftShare_const_extract_protocols.json (in target 'PaperloftShare' from project 'Paperloft')
    cd /Users/builder/Factory/paperloft/evidence/checkouts/p3-7cd0f79
    write-file /Users/builder/Factory/paperloft/evidence/checkouts/p3-7cd0f79/build/DerivedData/Build/Intermediates.noindex/Paperloft.build/Debug/PaperloftShare.build/Objects-normal/arm64/PaperloftShare_const_extract_protocols.json

WriteAuxiliaryFile /Users/builder/Factory/paperloft/evidence/checkouts/p3-7cd0f79/build/DerivedData/Build/Intermediates.noindex/Paperloft.build/Debug/PaperloftShare.build/Objects-normal/arm64/PaperloftShare.SwiftFileList (in target 'PaperloftShare' from project 'Paperloft')
    cd /Users/builder/Factory/paperloft/evidence/checkouts/p3-7cd0f79
    write-file /Users/builder/Factory/paperloft/evidence/checkouts/p3-7cd0f79/build/DerivedData/Build/Intermediates.noindex/Paperloft.build/Debug/PaperloftShare.build/Objects-normal/arm64/PaperloftShare.SwiftFileList

WriteAuxiliaryFile /Users/builder/Factory/paperloft/evidence/checkouts/p3-7cd0f79/build/DerivedData/Build/Intermediates.noindex/Paperloft.build/Debug/PaperloftShare.build/Objects-normal/arm64/PaperloftShare.LinkFileList (in target 'PaperloftShare' from project 'Paperloft')
    cd /Users/builder/Factory/paperloft/evidence/checkouts/p3-7cd0f79
    write-file /Users/builder/Factory/paperloft/evidence/checkouts/p3-7cd0f79/build/DerivedData/Build/Intermediates.noindex/Paperloft.build/Debug/PaperloftShare.build/Objects-normal/arm64/PaperloftShare.LinkFileList

WriteAuxiliaryFile /Users/builder/Factory/paperloft/evidence/checkouts/p3-7cd0f79/build/DerivedData/Build/Intermediates.noindex/Paperloft.build/Debug/PaperloftShare.build/Objects-normal/arm64/PaperloftShare-OutputFileMap.json (in target 'PaperloftShare' from project 'Paperloft')
    cd /Users/builder/Factory/paperloft/evidence/checkouts/p3-7cd0f79
    write-file /Users/builder/Factory/paperloft/evidence/checkouts/p3-7cd0f79/build/DerivedData/Build/Intermediates.noindex/Paperloft.build/Debug/PaperloftShare.build/Objects-normal/arm64/PaperloftShare-OutputFileMap.json

WriteAuxiliaryFile /Users/builder/Factory/paperloft/evidence/checkouts/p3-7cd0f79/build/DerivedData/Build/Intermediates.noindex/Paperloft.build/Debug/PaperloftShare.build/DerivedSources/Entitlements.plist (in target 'PaperloftShare' from project 'Paperloft')
    cd /Users/builder/Factory/paperloft/evidence/checkouts/p3-7cd0f79
    write-file /Users/builder/Factory/paperloft/evidence/checkouts/p3-7cd0f79/build/DerivedData/Build/Intermediates.noindex/Paperloft.build/Debug/PaperloftShare.build/DerivedSources/Entitlements.plist

Copy /Users/builder/Factory/paperloft/evidence/checkouts/p3-7cd0f79/build/DerivedData/Build/Intermediates.noindex/GeneratedModuleMaps/PaperloftKit.modulemap /Users/builder/Factory/paperloft/evidence/checkouts/p3-7cd0f79/build/DerivedData/Build/Intermediates.noindex/PaperloftKit.build/Debug/PaperloftKit-t.build/PaperloftKit.modulemap (in target 'PaperloftKit' from project 'PaperloftKit')
    cd /Users/builder/Factory/paperloft/evidence/checkouts/p3-7cd0f79/Packages/PaperloftKit
    builtin-copy -exclude .DS_Store -exclude CVS -exclude .svn -exclude .git -exclude .hg -resolve-src-symlinks /Users/builder/Factory/paperloft/evidence/checkouts/p3-7cd0f79/build/DerivedData/Build/Intermediates.noindex/PaperloftKit.build/Debug/PaperloftKit-t.build/PaperloftKit.modulemap /Users/builder/Factory/paperloft/evidence/checkouts/p3-7cd0f79/build/DerivedData/Build/Intermediates.noindex/GeneratedModuleMaps

WriteAuxiliaryFile /Users/builder/Factory/paperloft/evidence/checkouts/p3-7cd0f79/build/DerivedData/Build/Intermediates.noindex/PaperloftHandoff.build/Debug/PaperloftHandoff-t.build/PaperloftHandoff.modulemap (in target 'PaperloftHandoff' from project 'PaperloftHandoff')
    cd /Users/builder/Factory/paperloft/evidence/checkouts/p3-7cd0f79/Packages/PaperloftHandoff
    write-file /Users/builder/Factory/paperloft/evidence/checkouts/p3-7cd0f79/build/DerivedData/Build/Intermediates.noindex/PaperloftHandoff.build/Debug/PaperloftHandoff-t.build/PaperloftHandoff.modulemap

WriteAuxiliaryFile /Users/builder/Factory/paperloft/evidence/checkouts/p3-7cd0f79/build/DerivedData/Build/Intermediates.noindex/PaperloftHandoff.build/Debug/PaperloftHandoff-t.build/PaperloftHandoff.DependencyMetadataFileList (in target 'PaperloftHandoff' from project 'PaperloftHandoff')
    cd /Users/builder/Factory/paperloft/evidence/checkouts/p3-7cd0f79/Packages/PaperloftHandoff
    write-file /Users/builder/Factory/paperloft/evidence/checkouts/p3-7cd0f79/build/DerivedData/Build/Intermediates.noindex/PaperloftHandoff.build/Debug/PaperloftHandoff-t.build/PaperloftHandoff.DependencyMetadataFileList

WriteAuxiliaryFile /Users/builder/Factory/paperloft/evidence/checkouts/p3-7cd0f79/build/DerivedData/Build/Intermediates.noindex/PaperloftHandoff.build/Debug/PaperloftHandoff-t.build/PaperloftHandoff.DependencyStaticMetadataFileList (in target 'PaperloftHandoff' from project 'PaperloftHandoff')
    cd /Users/builder/Factory/paperloft/evidence/checkouts/p3-7cd0f79/Packages/PaperloftHandoff
    write-file /Users/builder/Factory/paperloft/evidence/checkouts/p3-7cd0f79/build/DerivedData/Build/Intermediates.noindex/PaperloftHandoff.build/Debug/PaperloftHandoff-t.build/PaperloftHandoff.DependencyStaticMetadataFileList

WriteAuxiliaryFile /Users/builder/Factory/paperloft/evidence/checkouts/p3-7cd0f79/build/DerivedData/Build/Intermediates.noindex/PaperloftHandoff.build/Debug/PaperloftHandoff-t.build/Objects-normal/arm64/PaperloftHandoff_const_extract_protocols.json (in target 'PaperloftHandoff' from project 'PaperloftHandoff')
    cd /Users/builder/Factory/paperloft/evidence/checkouts/p3-7cd0f79/Packages/PaperloftHandoff
    write-file /Users/builder/Factory/paperloft/evidence/checkouts/p3-7cd0f79/build/DerivedData/Build/Intermediates.noindex/PaperloftHandoff.build/Debug/PaperloftHandoff-t.build/Objects-normal/arm64/PaperloftHandoff_const_extract_protocols.json

WriteAuxiliaryFile /Users/builder/Factory/paperloft/evidence/checkouts/p3-7cd0f79/build/DerivedData/Build/Intermediates.noindex/PaperloftHandoff.build/Debug/PaperloftHandoff-t.build/Objects-normal/arm64/PaperloftHandoff.SwiftFileList (in target 'PaperloftHandoff' from project 'PaperloftHandoff')
    cd /Users/builder/Factory/paperloft/evidence/checkouts/p3-7cd0f79/Packages/PaperloftHandoff
    write-file /Users/builder/Factory/paperloft/evidence/checkouts/p3-7cd0f79/build/DerivedData/Build/Intermediates.noindex/PaperloftHandoff.build/Debug/PaperloftHandoff-t.build/Objects-normal/arm64/PaperloftHandoff.SwiftFileList

WriteAuxiliaryFile /Users/builder/Factory/paperloft/evidence/checkouts/p3-7cd0f79/build/DerivedData/Build/Intermediates.noindex/PaperloftHandoff.build/Debug/PaperloftHandoff-t.build/Objects-normal/arm64/PaperloftHandoff.SwiftConstValuesFileList (in target 'PaperloftHandoff' from project 'PaperloftHandoff')
    cd /Users/builder/Factory/paperloft/evidence/checkouts/p3-7cd0f79/Packages/PaperloftHandoff
    write-file /Users/builder/Factory/paperloft/evidence/checkouts/p3-7cd0f79/build/DerivedData/Build/Intermediates.noindex/PaperloftHandoff.build/Debug/PaperloftHandoff-t.build/Objects-normal/arm64/PaperloftHandoff.SwiftConstValuesFileList

WriteAuxiliaryFile /Users/builder/Factory/paperloft/evidence/checkouts/p3-7cd0f79/build/DerivedData/Build/Intermediates.noindex/PaperloftHandoff.build/Debug/PaperloftHandoff-t.build/Objects-normal/arm64/PaperloftHandoff.LinkFileList (in target 'PaperloftHandoff' from project 'PaperloftHandoff')
    cd /Users/builder/Factory/paperloft/evidence/checkouts/p3-7cd0f79/Packages/PaperloftHandoff
    write-file /Users/builder/Factory/paperloft/evidence/checkouts/p3-7cd0f79/build/DerivedData/Build/Intermediates.noindex/PaperloftHandoff.build/Debug/PaperloftHandoff-t.build/Objects-normal/arm64/PaperloftHandoff.LinkFileList

WriteAuxiliaryFile /Users/builder/Factory/paperloft/evidence/checkouts/p3-7cd0f79/build/DerivedData/Build/Intermediates.noindex/PaperloftHandoff.build/Debug/PaperloftHandoff-t.build/Objects-normal/arm64/PaperloftHandoff-OutputFileMap.json (in target 'PaperloftHandoff' from project 'PaperloftHandoff')
    cd /Users/builder/Factory/paperloft/evidence/checkouts/p3-7cd0f79/Packages/PaperloftHandoff
    write-file /Users/builder/Factory/paperloft/evidence/checkouts/p3-7cd0f79/build/DerivedData/Build/Intermediates.noindex/PaperloftHandoff.build/Debug/PaperloftHandoff-t.build/Objects-normal/arm64/PaperloftHandoff-OutputFileMap.json

WriteAuxiliaryFile /Users/builder/Factory/paperloft/evidence/checkouts/p3-7cd0f79/build/DerivedData/Build/Intermediates.noindex/Paperloft.build/Debug/PaperloftApp.build/Paperloft\ Receipts.hmap (in target 'PaperloftApp' from project 'Paperloft')
    cd /Users/builder/Factory/paperloft/evidence/checkouts/p3-7cd0f79
    write-file /Users/builder/Factory/paperloft/evidence/checkouts/p3-7cd0f79/build/DerivedData/Build/Intermediates.noindex/Paperloft.build/Debug/PaperloftApp.build/Paperloft\ Receipts.hmap

Copy /Users/builder/Factory/paperloft/evidence/checkouts/p3-7cd0f79/build/DerivedData/Build/Intermediates.noindex/GeneratedModuleMaps/PaperloftHandoff.modulemap /Users/builder/Factory/paperloft/evidence/checkouts/p3-7cd0f79/build/DerivedData/Build/Intermediates.noindex/PaperloftHandoff.build/Debug/PaperloftHandoff-t.build/PaperloftHandoff.modulemap (in target 'PaperloftHandoff' from project 'PaperloftHandoff')
    cd /Users/builder/Factory/paperloft/evidence/checkouts/p3-7cd0f79/Packages/PaperloftHandoff
    builtin-copy -exclude .DS_Store -exclude CVS -exclude .svn -exclude .git -exclude .hg -resolve-src-symlinks /Users/builder/Factory/paperloft/evidence/checkouts/p3-7cd0f79/build/DerivedData/Build/Intermediates.noindex/PaperloftHandoff.build/Debug/PaperloftHandoff-t.build/PaperloftHandoff.modulemap /Users/builder/Factory/paperloft/evidence/checkouts/p3-7cd0f79/build/DerivedData/Build/Intermediates.noindex/GeneratedModuleMaps

WriteAuxiliaryFile /Users/builder/Factory/paperloft/evidence/checkouts/p3-7cd0f79/build/DerivedData/Build/Intermediates.noindex/Paperloft.build/Debug/PaperloftApp.build/Paperloft\ Receipts.DependencyStaticMetadataFileList (in target 'PaperloftApp' from project 'Paperloft')
    cd /Users/builder/Factory/paperloft/evidence/checkouts/p3-7cd0f79
    write-file /Users/builder/Factory/paperloft/evidence/checkouts/p3-7cd0f79/build/DerivedData/Build/Intermediates.noindex/Paperloft.build/Debug/PaperloftApp.build/Paperloft\ Receipts.DependencyStaticMetadataFileList

WriteAuxiliaryFile /Users/builder/Factory/paperloft/evidence/checkouts/p3-7cd0f79/build/DerivedData/Build/Intermediates.noindex/Paperloft.build/Debug/PaperloftApp.build/Paperloft\ Receipts.DependencyMetadataFileList (in target 'PaperloftApp' from project 'Paperloft')
    cd /Users/builder/Factory/paperloft/evidence/checkouts/p3-7cd0f79
    write-file /Users/builder/Factory/paperloft/evidence/checkouts/p3-7cd0f79/build/DerivedData/Build/Intermediates.noindex/Paperloft.build/Debug/PaperloftApp.build/Paperloft\ Receipts.DependencyMetadataFileList

WriteAuxiliaryFile /Users/builder/Factory/paperloft/evidence/checkouts/p3-7cd0f79/build/DerivedData/Build/Intermediates.noindex/Paperloft.build/Debug/PaperloftApp.build/Paperloft\ Receipts-project-headers.hmap (in target 'PaperloftApp' from project 'Paperloft')
    cd /Users/builder/Factory/paperloft/evidence/checkouts/p3-7cd0f79
    write-file /Users/builder/Factory/paperloft/evidence/checkouts/p3-7cd0f79/build/DerivedData/Build/Intermediates.noindex/Paperloft.build/Debug/PaperloftApp.build/Paperloft\ Receipts-project-headers.hmap

WriteAuxiliaryFile /Users/builder/Factory/paperloft/evidence/checkouts/p3-7cd0f79/build/DerivedData/Build/Intermediates.noindex/Paperloft.build/Debug/PaperloftApp.build/Paperloft\ Receipts-own-target-headers.hmap (in target 'PaperloftApp' from project 'Paperloft')
    cd /Users/builder/Factory/paperloft/evidence/checkouts/p3-7cd0f79
    write-file /Users/builder/Factory/paperloft/evidence/checkouts/p3-7cd0f79/build/DerivedData/Build/Intermediates.noindex/Paperloft.build/Debug/PaperloftApp.build/Paperloft\ Receipts-own-target-headers.hmap

WriteAuxiliaryFile /Users/builder/Factory/paperloft/evidence/checkouts/p3-7cd0f79/build/DerivedData/Build/Intermediates.noindex/Paperloft.build/Debug/PaperloftApp.build/Paperloft\ Receipts-generated-files.hmap (in target 'PaperloftApp' from project 'Paperloft')
    cd /Users/builder/Factory/paperloft/evidence/checkouts/p3-7cd0f79
    write-file /Users/builder/Factory/paperloft/evidence/checkouts/p3-7cd0f79/build/DerivedData/Build/Intermediates.noindex/Paperloft.build/Debug/PaperloftApp.build/Paperloft\ Receipts-generated-files.hmap

WriteAuxiliaryFile /Users/builder/Factory/paperloft/evidence/checkouts/p3-7cd0f79/build/DerivedData/Build/Intermediates.noindex/Paperloft.build/Debug/PaperloftApp.build/Paperloft\ Receipts-all-target-headers.hmap (in target 'PaperloftApp' from project 'Paperloft')
    cd /Users/builder/Factory/paperloft/evidence/checkouts/p3-7cd0f79
    write-file /Users/builder/Factory/paperloft/evidence/checkouts/p3-7cd0f79/build/DerivedData/Build/Intermediates.noindex/Paperloft.build/Debug/PaperloftApp.build/Paperloft\ Receipts-all-target-headers.hmap

WriteAuxiliaryFile /Users/builder/Factory/paperloft/evidence/checkouts/p3-7cd0f79/build/DerivedData/Build/Intermediates.noindex/Paperloft.build/Debug/PaperloftApp.build/Paperloft\ Receipts-all-non-framework-target-headers.hmap (in target 'PaperloftApp' from project 'Paperloft')
    cd /Users/builder/Factory/paperloft/evidence/checkouts/p3-7cd0f79
    write-file /Users/builder/Factory/paperloft/evidence/checkouts/p3-7cd0f79/build/DerivedData/Build/Intermediates.noindex/Paperloft.build/Debug/PaperloftApp.build/Paperloft\ Receipts-all-non-framework-target-headers.hmap

WriteAuxiliaryFile /Users/builder/Factory/paperloft/evidence/checkouts/p3-7cd0f79/build/DerivedData/Build/Intermediates.noindex/Paperloft.build/Debug/PaperloftApp.build/Paperloft\ Receipts-DebugDylibPath-normal-arm64.txt (in target 'PaperloftApp' from project 'Paperloft')
    cd /Users/builder/Factory/paperloft/evidence/checkouts/p3-7cd0f79
    write-file /Users/builder/Factory/paperloft/evidence/checkouts/p3-7cd0f79/build/DerivedData/Build/Intermediates.noindex/Paperloft.build/Debug/PaperloftApp.build/Paperloft\ Receipts-DebugDylibPath-normal-arm64.txt

WriteAuxiliaryFile /Users/builder/Factory/paperloft/evidence/checkouts/p3-7cd0f79/build/DerivedData/Build/Intermediates.noindex/Paperloft.build/Debug/PaperloftApp.build/Paperloft\ Receipts-DebugDylibInstallName-normal-arm64.txt (in target 'PaperloftApp' from project 'Paperloft')
    cd /Users/builder/Factory/paperloft/evidence/checkouts/p3-7cd0f79
    write-file /Users/builder/Factory/paperloft/evidence/checkouts/p3-7cd0f79/build/DerivedData/Build/Intermediates.noindex/Paperloft.build/Debug/PaperloftApp.build/Paperloft\ Receipts-DebugDylibInstallName-normal-arm64.txt

WriteAuxiliaryFile /Users/builder/Factory/paperloft/evidence/checkouts/p3-7cd0f79/build/DerivedData/Build/Intermediates.noindex/Paperloft.build/Debug/PaperloftApp.build/Objects-normal/arm64/Paperloft\ Receipts.SwiftFileList (in target 'PaperloftApp' from project 'Paperloft')
    cd /Users/builder/Factory/paperloft/evidence/checkouts/p3-7cd0f79
    write-file /Users/builder/Factory/paperloft/evidence/checkouts/p3-7cd0f79/build/DerivedData/Build/Intermediates.noindex/Paperloft.build/Debug/PaperloftApp.build/Objects-normal/arm64/Paperloft\ Receipts.SwiftFileList

WriteAuxiliaryFile /Users/builder/Factory/paperloft/evidence/checkouts/p3-7cd0f79/build/DerivedData/Build/Intermediates.noindex/Paperloft.build/Debug/PaperloftApp.build/Objects-normal/arm64/PaperloftApp_const_extract_protocols.json (in target 'PaperloftApp' from project 'Paperloft')
    cd /Users/builder/Factory/paperloft/evidence/checkouts/p3-7cd0f79
    write-file /Users/builder/Factory/paperloft/evidence/checkouts/p3-7cd0f79/build/DerivedData/Build/Intermediates.noindex/Paperloft.build/Debug/PaperloftApp.build/Objects-normal/arm64/PaperloftApp_const_extract_protocols.json

WriteAuxiliaryFile /Users/builder/Factory/paperloft/evidence/checkouts/p3-7cd0f79/build/DerivedData/Build/Intermediates.noindex/Paperloft.build/Debug/PaperloftApp.build/Objects-normal/arm64/Paperloft\ Receipts.SwiftConstValuesFileList (in target 'PaperloftApp' from project 'Paperloft')
    cd /Users/builder/Factory/paperloft/evidence/checkouts/p3-7cd0f79
    write-file /Users/builder/Factory/paperloft/evidence/checkouts/p3-7cd0f79/build/DerivedData/Build/Intermediates.noindex/Paperloft.build/Debug/PaperloftApp.build/Objects-normal/arm64/Paperloft\ Receipts.SwiftConstValuesFileList

WriteAuxiliaryFile /Users/builder/Factory/paperloft/evidence/checkouts/p3-7cd0f79/build/DerivedData/Build/Intermediates.noindex/Paperloft.build/Debug/PaperloftApp.build/Objects-normal/arm64/PaperloftApp-OutputFileMap.json (in target 'PaperloftApp' from project 'Paperloft')
    cd /Users/builder/Factory/paperloft/evidence/checkouts/p3-7cd0f79
    write-file /Users/builder/Factory/paperloft/evidence/checkouts/p3-7cd0f79/build/DerivedData/Build/Intermediates.noindex/Paperloft.build/Debug/PaperloftApp.build/Objects-normal/arm64/PaperloftApp-OutputFileMap.json

WriteAuxiliaryFile /Users/builder/Factory/paperloft/evidence/checkouts/p3-7cd0f79/build/DerivedData/Build/Intermediates.noindex/Paperloft.build/Debug/PaperloftApp.build/Objects-normal/arm64/Paperloft\ Receipts.LinkFileList (in target 'PaperloftApp' from project 'Paperloft')
    cd /Users/builder/Factory/paperloft/evidence/checkouts/p3-7cd0f79
    write-file /Users/builder/Factory/paperloft/evidence/checkouts/p3-7cd0f79/build/DerivedData/Build/Intermediates.noindex/Paperloft.build/Debug/PaperloftApp.build/Objects-normal/arm64/Paperloft\ Receipts.LinkFileList

MkDir /Users/builder/Factory/paperloft/evidence/checkouts/p3-7cd0f79/build/DerivedData/Build/Products/Debug/PaperloftShare.appex/Contents (in target 'PaperloftShare' from project 'Paperloft')
    cd /Users/builder/Factory/paperloft/evidence/checkouts/p3-7cd0f79
    /bin/mkdir -p /Users/builder/Factory/paperloft/evidence/checkouts/p3-7cd0f79/build/DerivedData/Build/Products/Debug/PaperloftShare.appex/Contents

WriteAuxiliaryFile /Users/builder/Factory/paperloft/evidence/checkouts/p3-7cd0f79/build/DerivedData/Build/Intermediates.noindex/Paperloft.build/Debug/PaperloftApp.build/DerivedSources/Entitlements.plist (in target 'PaperloftApp' from project 'Paperloft')
    cd /Users/builder/Factory/paperloft/evidence/checkouts/p3-7cd0f79
    write-file /Users/builder/Factory/paperloft/evidence/checkouts/p3-7cd0f79/build/DerivedData/Build/Intermediates.noindex/Paperloft.build/Debug/PaperloftApp.build/DerivedSources/Entitlements.plist

MkDir /Users/builder/Factory/paperloft/evidence/checkouts/p3-7cd0f79/build/DerivedData/Build/Products/Debug/PaperloftShare.appex/Contents/Resources (in target 'PaperloftShare' from project 'Paperloft')
    cd /Users/builder/Factory/paperloft/evidence/checkouts/p3-7cd0f79
    /bin/mkdir -p /Users/builder/Factory/paperloft/evidence/checkouts/p3-7cd0f79/build/DerivedData/Build/Products/Debug/PaperloftShare.appex/Contents/Resources

MkDir /Users/builder/Factory/paperloft/evidence/checkouts/p3-7cd0f79/build/DerivedData/Build/Products/Debug/PaperloftShare.appex/Contents/MacOS (in target 'PaperloftShare' from project 'Paperloft')
    cd /Users/builder/Factory/paperloft/evidence/checkouts/p3-7cd0f79
    /bin/mkdir -p /Users/builder/Factory/paperloft/evidence/checkouts/p3-7cd0f79/build/DerivedData/Build/Products/Debug/PaperloftShare.appex/Contents/MacOS

MkDir /Users/builder/Factory/paperloft/evidence/checkouts/p3-7cd0f79/build/DerivedData/Build/Products/Debug/PaperloftShare.appex (in target 'PaperloftShare' from project 'Paperloft')
    cd /Users/builder/Factory/paperloft/evidence/checkouts/p3-7cd0f79
    /bin/mkdir -p /Users/builder/Factory/paperloft/evidence/checkouts/p3-7cd0f79/build/DerivedData/Build/Products/Debug/PaperloftShare.appex

MkDir /Users/builder/Factory/paperloft/evidence/checkouts/p3-7cd0f79/build/DerivedData/Build/Products/Debug/Paperloft\ Receipts.app/Contents/Resources (in target 'PaperloftApp' from project 'Paperloft')
    cd /Users/builder/Factory/paperloft/evidence/checkouts/p3-7cd0f79
    /bin/mkdir -p /Users/builder/Factory/paperloft/evidence/checkouts/p3-7cd0f79/build/DerivedData/Build/Products/Debug/Paperloft\ Receipts.app/Contents/Resources

MkDir /Users/builder/Factory/paperloft/evidence/checkouts/p3-7cd0f79/build/DerivedData/Build/Products/Debug/Paperloft\ Receipts.app/Contents/PlugIns (in target 'PaperloftApp' from project 'Paperloft')
    cd /Users/builder/Factory/paperloft/evidence/checkouts/p3-7cd0f79
    /bin/mkdir -p /Users/builder/Factory/paperloft/evidence/checkouts/p3-7cd0f79/build/DerivedData/Build/Products/Debug/Paperloft\ Receipts.app/Contents/PlugIns

MkDir /Users/builder/Factory/paperloft/evidence/checkouts/p3-7cd0f79/build/DerivedData/Build/Products/Debug/Paperloft\ Receipts.app/Contents/MacOS (in target 'PaperloftApp' from project 'Paperloft')
    cd /Users/builder/Factory/paperloft/evidence/checkouts/p3-7cd0f79
    /bin/mkdir -p /Users/builder/Factory/paperloft/evidence/checkouts/p3-7cd0f79/build/DerivedData/Build/Products/Debug/Paperloft\ Receipts.app/Contents/MacOS

MkDir /Users/builder/Factory/paperloft/evidence/checkouts/p3-7cd0f79/build/DerivedData/Build/Products/Debug/Paperloft\ Receipts.app (in target 'PaperloftApp' from project 'Paperloft')
    cd /Users/builder/Factory/paperloft/evidence/checkouts/p3-7cd0f79
    /bin/mkdir -p /Users/builder/Factory/paperloft/evidence/checkouts/p3-7cd0f79/build/DerivedData/Build/Products/Debug/Paperloft\ Receipts.app

MkDir /Users/builder/Factory/paperloft/evidence/checkouts/p3-7cd0f79/build/DerivedData/Build/Products/Debug/Paperloft\ Receipts.app/Contents (in target 'PaperloftApp' from project 'Paperloft')
    cd /Users/builder/Factory/paperloft/evidence/checkouts/p3-7cd0f79
    /bin/mkdir -p /Users/builder/Factory/paperloft/evidence/checkouts/p3-7cd0f79/build/DerivedData/Build/Products/Debug/Paperloft\ Receipts.app/Contents

SwiftDriver PaperloftKit normal arm64 com.apple.xcode.tools.swift.compiler (in target 'PaperloftKit' from project 'PaperloftKit')
    cd /Users/builder/Factory/paperloft/evidence/checkouts/p3-7cd0f79/Paperloft.xcodeproj
    builtin-SwiftDriver -- /Applications/Xcode.app/Contents/Developer/Toolchains/XcodeDefault.xctoolchain/usr/bin/swiftc -parse-as-library -module-name PaperloftKit -Onone @/Users/builder/Factory/paperloft/evidence/checkouts/p3-7cd0f79/build/DerivedData/Build/Intermediates.noindex/PaperloftKit.build/Debug/PaperloftKit-t.build/Objects-normal/arm64/PaperloftKit.SwiftFileList -DSWIFT_PACKAGE -DDEBUG -DSWIFT_MODULE_RESOURCE_BUNDLE_UNAVAILABLE -DXcode -plugin-path /Applications/Xcode.app/Contents/Developer/Toolchains/XcodeDefault.xctoolchain/usr/lib/swift/host/plugins/testing -enable-experimental-feature DebugDescriptionMacro -sdk /Applications/Xcode.app/Contents/Developer/Platforms/MacOSX.platform/Developer/SDKs/MacOSX27.0.sdk -target arm64-apple-macos27.0 -g -module-cache-path /Users/builder/Factory/paperloft/evidence/checkouts/p3-7cd0f79/build/DerivedData/ModuleCache.noindex -Xfrontend -serialize-debugging-options -profile-coverage-mapping -profile-generate -enable-testing -warnings-as-errors -index-store-path /Users/builder/Factory/paperloft/evidence/checkouts/p3-7cd0f79/build/DerivedData/Index.noindex/DataStore -Xcc -D_LIBCPP_HARDENING_MODE\=_LIBCPP_HARDENING_MODE_DEBUG -swift-version 6 -I /Users/builder/Factory/paperloft/evidence/checkouts/p3-7cd0f79/build/DerivedData/Build/Products/Debug -Isystem /Applications/Xcode.app/Contents/Developer/Platforms/MacOSX.platform/Developer/usr/lib -F /Users/builder/Factory/paperloft/evidence/checkouts/p3-7cd0f79/build/DerivedData/Build/Products/Debug -F /Applications/Xcode.app/Contents/Developer/Platforms/MacOSX.platform/Developer/Library/Frameworks -c -j10 -enable-batch-mode -incremental -Xcc -ivfsstatcache -Xcc /Users/builder/Factory/paperloft/evidence/checkouts/p3-7cd0f79/build/DerivedData/SDKStatCaches.noindex/macosx27.0-26A425-7231f6df4def33e022ae2eb8f782df1a.sdkstatcache -output-file-map /Users/builder/Factory/paperloft/evidence/checkouts/p3-7cd0f79/build/DerivedData/Build/Intermediates.noindex/PaperloftKit.build/Debug/PaperloftKit-t.build/Objects-normal/arm64/PaperloftKit-OutputFileMap.json -save-temps -no-color-diagnostics -explicit-module-build -module-cache-path /Users/builder/Factory/paperloft/evidence/checkouts/p3-7cd0f79/build/DerivedData/Build/Intermediates.noindex/SwiftExplicitPrecompiledModules -clang-scanner-module-cache-path /Users/builder/Factory/paperloft/evidence/checkouts/p3-7cd0f79/build/DerivedData/ModuleCache.noindex -sdk-module-cache-path /Users/builder/Factory/paperloft/evidence/checkouts/p3-7cd0f79/build/DerivedData/SDKExplicitPrecompiledModules -emit-dependencies -emit-module -emit-module-path /Users/builder/Factory/paperloft/evidence/checkouts/p3-7cd0f79/build/DerivedData/Build/Intermediates.noindex/PaperloftKit.build/Debug/PaperloftKit-t.build/Objects-normal/arm64/PaperloftKit.swiftmodule -serialize-diagnostics -dependency-scan-serialize-diagnostics-path /Users/builder/Factory/paperloft/evidence/checkouts/p3-7cd0f79/build/DerivedData/Build/Intermediates.noindex/PaperloftKit.build/Debug/PaperloftKit-t.build/Objects-normal/arm64/PaperloftKit-dependency-scan.dia -validate-clang-modules-once -clang-build-session-file /Users/builder/Factory/paperloft/evidence/checkouts/p3-7cd0f79/build/DerivedData/ModuleCache.noindex/Session.modulevalidation -Xcc -fmodules-prune-interval\=86400 -Xcc -fmodules-prune-after\=345600 -package-name paperloftkit -emit-const-values -const-gather-protocols-list /Users/builder/Factory/paperloft/evidence/checkouts/p3-7cd0f79/build/DerivedData/Build/Intermediates.noindex/PaperloftKit.build/Debug/PaperloftKit-t.build/Objects-normal/arm64/PaperloftKit_const_extract_protocols.json -Xcc -I/Users/builder/Factory/paperloft/evidence/checkouts/p3-7cd0f79/build/DerivedData/Build/Products/Debug/include -Xcc -I/Users/builder/Factory/paperloft/evidence/checkouts/p3-7cd0f79/build/DerivedData/Build/Intermediates.noindex/PaperloftKit.build/Debug/PaperloftKit-t.build/DerivedSources-normal/arm64 -Xcc -I/Users/builder/Factory/paperloft/evidence/checkouts/p3-7cd0f79/build/DerivedData/Build/Intermediates.noindex/PaperloftKit.build/Debug/PaperloftKit-t.build/DerivedSources/arm64 -Xcc -I/Users/builder/Factory/paperloft/evidence/checkouts/p3-7cd0f79/build/DerivedData/Build/Intermediates.noindex/PaperloftKit.build/Debug/PaperloftKit-t.build/DerivedSources -Xcc -DSWIFT_PACKAGE -Xcc -DDEBUG\=1 -emit-objc-header -emit-objc-header-path /Users/builder/Factory/paperloft/evidence/checkouts/p3-7cd0f79/build/DerivedData/Build/Intermediates.noindex/PaperloftKit.build/Debug/PaperloftKit-t.build/Objects-normal/arm64/PaperloftKit-Swift.h -working-directory /Users/builder/Factory/paperloft/evidence/checkouts/p3-7cd0f79/Paperloft.xcodeproj -experimental-emit-module-separately -disable-cmo

SwiftDriver PaperloftHandoff normal arm64 com.apple.xcode.tools.swift.compiler (in target 'PaperloftHandoff' from project 'PaperloftHandoff')
    cd /Users/builder/Factory/paperloft/evidence/checkouts/p3-7cd0f79/Paperloft.xcodeproj
    builtin-SwiftDriver -- /Applications/Xcode.app/Contents/Developer/Toolchains/XcodeDefault.xctoolchain/usr/bin/swiftc -parse-as-library -module-name PaperloftHandoff -Onone @/Users/builder/Factory/paperloft/evidence/checkouts/p3-7cd0f79/build/DerivedData/Build/Intermediates.noindex/PaperloftHandoff.build/Debug/PaperloftHandoff-t.build/Objects-normal/arm64/PaperloftHandoff.SwiftFileList -DSWIFT_PACKAGE -DDEBUG -DSWIFT_MODULE_RESOURCE_BUNDLE_UNAVAILABLE -DXcode -plugin-path /Applications/Xcode.app/Contents/Developer/Toolchains/XcodeDefault.xctoolchain/usr/lib/swift/host/plugins/testing -enable-experimental-feature DebugDescriptionMacro -sdk /Applications/Xcode.app/Contents/Developer/Platforms/MacOSX.platform/Developer/SDKs/MacOSX27.0.sdk -target arm64-apple-macos13.0 -g -module-cache-path /Users/builder/Factory/paperloft/evidence/checkouts/p3-7cd0f79/build/DerivedData/ModuleCache.noindex -Xfrontend -serialize-debugging-options -profile-coverage-mapping -profile-generate -enable-testing -warnings-as-errors -index-store-path /Users/builder/Factory/paperloft/evidence/checkouts/p3-7cd0f79/build/DerivedData/Index.noindex/DataStore -Xcc -D_LIBCPP_HARDENING_MODE\=_LIBCPP_HARDENING_MODE_DEBUG -swift-version 6 -I /Users/builder/Factory/paperloft/evidence/checkouts/p3-7cd0f79/build/DerivedData/Build/Products/Debug -Isystem /Applications/Xcode.app/Contents/Developer/Platforms/MacOSX.platform/Developer/usr/lib -F /Users/builder/Factory/paperloft/evidence/checkouts/p3-7cd0f79/build/DerivedData/Build/Products/Debug -F /Applications/Xcode.app/Contents/Developer/Platforms/MacOSX.platform/Developer/Library/Frameworks -c -j10 -enable-batch-mode -incremental -Xcc -ivfsstatcache -Xcc /Users/builder/Factory/paperloft/evidence/checkouts/p3-7cd0f79/build/DerivedData/SDKStatCaches.noindex/macosx27.0-26A425-7231f6df4def33e022ae2eb8f782df1a.sdkstatcache -output-file-map /Users/builder/Factory/paperloft/evidence/checkouts/p3-7cd0f79/build/DerivedData/Build/Intermediates.noindex/PaperloftHandoff.build/Debug/PaperloftHandoff-t.build/Objects-normal/arm64/PaperloftHandoff-OutputFileMap.json -save-temps -no-color-diagnostics -explicit-module-build -module-cache-path /Users/builder/Factory/paperloft/evidence/checkouts/p3-7cd0f79/build/DerivedData/Build/Intermediates.noindex/SwiftExplicitPrecompiledModules -clang-scanner-module-cache-path /Users/builder/Factory/paperloft/evidence/checkouts/p3-7cd0f79/build/DerivedData/ModuleCache.noindex -sdk-module-cache-path /Users/builder/Factory/paperloft/evidence/checkouts/p3-7cd0f79/build/DerivedData/SDKExplicitPrecompiledModules -emit-dependencies -emit-module -emit-module-path /Users/builder/Factory/paperloft/evidence/checkouts/p3-7cd0f79/build/DerivedData/Build/Intermediates.noindex/PaperloftHandoff.build/Debug/PaperloftHandoff-t.build/Objects-normal/arm64/PaperloftHandoff.swiftmodule -serialize-diagnostics -dependency-scan-serialize-diagnostics-path /Users/builder/Factory/paperloft/evidence/checkouts/p3-7cd0f79/build/DerivedData/Build/Intermediates.noindex/PaperloftHandoff.build/Debug/PaperloftHandoff-t.build/Objects-normal/arm64/PaperloftHandoff-dependency-scan.dia -validate-clang-modules-once -clang-build-session-file /Users/builder/Factory/paperloft/evidence/checkouts/p3-7cd0f79/build/DerivedData/ModuleCache.noindex/Session.modulevalidation -Xcc -fmodules-prune-interval\=86400 -Xcc -fmodules-prune-after\=345600 -package-name paperlofthandoff -emit-const-values -const-gather-protocols-list /Users/builder/Factory/paperloft/evidence/checkouts/p3-7cd0f79/build/DerivedData/Build/Intermediates.noindex/PaperloftHandoff.build/Debug/PaperloftHandoff-t.build/Objects-normal/arm64/PaperloftHandoff_const_extract_protocols.json -Xcc -I/Users/builder/Factory/paperloft/evidence/checkouts/p3-7cd0f79/build/DerivedData/Build/Products/Debug/include -Xcc -I/Users/builder/Factory/paperloft/evidence/checkouts/p3-7cd0f79/build/DerivedData/Build/Intermediates.noindex/PaperloftHandoff.build/Debug/PaperloftHandoff-t.build/DerivedSources-normal/arm64 -Xcc -I/Users/builder/Factory/paperloft/evidence/checkouts/p3-7cd0f79/build/DerivedData/Build/Intermediates.noindex/PaperloftHandoff.build/Debug/PaperloftHandoff-t.build/DerivedSources/arm64 -Xcc -I/Users/builder/Factory/paperloft/evidence/checkouts/p3-7cd0f79/build/DerivedData/Build/Intermediates.noindex/PaperloftHandoff.build/Debug/PaperloftHandoff-t.build/DerivedSources -Xcc -DSWIFT_PACKAGE -Xcc -DDEBUG\=1 -emit-objc-header -emit-objc-header-path /Users/builder/Factory/paperloft/evidence/checkouts/p3-7cd0f79/build/DerivedData/Build/Intermediates.noindex/PaperloftHandoff.build/Debug/PaperloftHandoff-t.build/Objects-normal/arm64/PaperloftHandoff-Swift.h -working-directory /Users/builder/Factory/paperloft/evidence/checkouts/p3-7cd0f79/Paperloft.xcodeproj -experimental-emit-module-separately -disable-cmo

SwiftExplicitDependencyGeneratePcm arm64 /Users/builder/Factory/paperloft/evidence/checkouts/p3-7cd0f79/build/DerivedData/SDKExplicitPrecompiledModules/_SwiftConcurrencyShims-22IFPGE7XERR15B2VLRQLHUQ.pcm

SwiftExplicitDependencyGeneratePcm arm64 /Users/builder/Factory/paperloft/evidence/checkouts/p3-7cd0f79/build/DerivedData/SDKExplicitPrecompiledModules/_Builtin_float-1XFDC8D4ZY32FHU8PLG9VOD8Z.pcm

SwiftExplicitDependencyGeneratePcm arm64 /Users/builder/Factory/paperloft/evidence/checkouts/p3-7cd0f79/build/DerivedData/SDKExplicitPrecompiledModules/_AvailabilityInternal-EJH3Q7NLWOMQX9ELFPQL35VCS.pcm

SwiftExplicitDependencyGeneratePcm arm64 /Users/builder/Factory/paperloft/evidence/checkouts/p3-7cd0f79/build/DerivedData/SDKExplicitPrecompiledModules/_Builtin_stdbool-BTBXN5OXHDNZS48IFYWCHTX19.pcm

SwiftExplicitDependencyGeneratePcm arm64 /Users/builder/Factory/paperloft/evidence/checkouts/p3-7cd0f79/build/DerivedData/SDKExplicitPrecompiledModules/ptrcheck-7ICYEW6OQ1X07UFA1N4CLI94W.pcm

SwiftExplicitDependencyGeneratePcm arm64 /Users/builder/Factory/paperloft/evidence/checkouts/p3-7cd0f79/build/DerivedData/SDKExplicitPrecompiledModules/ptrauth-2QA7BKY09S3XY37XZ1SW6FDMX.pcm

SwiftExplicitDependencyGeneratePcm arm64 /Users/builder/Factory/paperloft/evidence/checkouts/p3-7cd0f79/build/DerivedData/SDKExplicitPrecompiledModules/_Builtin_stdarg-4LJNNV86I0H4J0HZYBZSAZYWB.pcm

SwiftExplicitDependencyGeneratePcm arm64 /Users/builder/Factory/paperloft/evidence/checkouts/p3-7cd0f79/build/DerivedData/SDKExplicitPrecompiledModules/SwiftShims-F220AZ1XWZ1PQLXD6XGNQMRRI.pcm

SwiftExplicitDependencyGeneratePcm arm64 /Users/builder/Factory/paperloft/evidence/checkouts/p3-7cd0f79/build/DerivedData/SDKExplicitPrecompiledModules/_Builtin_stddef-1H49ZYCMK571M2TK3EM3L4VLF.pcm

SwiftExplicitDependencyGeneratePcm arm64 /Users/builder/Factory/paperloft/evidence/checkouts/p3-7cd0f79/build/DerivedData/SDKExplicitPrecompiledModules/_DarwinFoundation1-56248HYNUB00JJPZOFQPM91WF.pcm

SwiftExplicitDependencyGeneratePcm arm64 /Users/builder/Factory/paperloft/evidence/checkouts/p3-7cd0f79/build/DerivedData/SDKExplicitPrecompiledModules/_Builtin_limits-DRA9MGEP4J9JFGIW24VYKFQRG.pcm

SwiftExplicitDependencyGeneratePcm arm64 /Users/builder/Factory/paperloft/evidence/checkouts/p3-7cd0f79/build/DerivedData/SDKExplicitPrecompiledModules/_DarwinFoundation2-2WFGFG6EOIQWNZLKZDYDF9ITZ.pcm

SwiftExplicitDependencyGeneratePcm arm64 /Users/builder/Factory/paperloft/evidence/checkouts/p3-7cd0f79/build/DerivedData/SDKExplicitPrecompiledModules/_Builtin_stdint-F2DYOVEZP98F9HOT9W8O3XFSF.pcm

SwiftExplicitDependencyGeneratePcm arm64 /Users/builder/Factory/paperloft/evidence/checkouts/p3-7cd0f79/build/DerivedData/SDKExplicitPrecompiledModules/string_h-48WYQ4VV3TIICHNDWLLXTB4XP.pcm

SwiftExplicitDependencyGeneratePcm arm64 /Users/builder/Factory/paperloft/evidence/checkouts/p3-7cd0f79/build/DerivedData/SDKExplicitPrecompiledModules/sys_types-CWHSR0DFLH6UOZPYV6ICLMKNZ.pcm

SwiftExplicitDependencyGeneratePcm arm64 /Users/builder/Factory/paperloft/evidence/checkouts/p3-7cd0f79/build/DerivedData/SDKExplicitPrecompiledModules/DeveloperToolsSupport-RLPJ3O2UYOMXPSYCN926RMKY.pcm

SwiftExplicitDependencyGeneratePcm arm64 /Users/builder/Factory/paperloft/evidence/checkouts/p3-7cd0f79/build/DerivedData/SDKExplicitPrecompiledModules/_DarwinFoundation2-2WFGFG6EOIQWNZLKZDYDF9ITZ.pcm

SwiftExplicitDependencyGeneratePcm arm64 /Users/builder/Factory/paperloft/evidence/checkouts/p3-7cd0f79/build/DerivedData/SDKExplicitPrecompiledModules/_DarwinFoundation3-DHTCM9ZB8YLS6LZDAFXY5KVK3.pcm

SwiftExplicitDependencyGeneratePcm arm64 /Users/builder/Factory/paperloft/evidence/checkouts/p3-7cd0f79/build/DerivedData/SDKExplicitPrecompiledModules/libDER-1LZ927NONBCJBN4APQRS4IHVN.pcm

SwiftExplicitDependencyGeneratePcm arm64 /Users/builder/Factory/paperloft/evidence/checkouts/p3-7cd0f79/build/DerivedData/SDKExplicitPrecompiledModules/string_h-48WYQ4VV3TIICHNDWLLXTB4XP.pcm

SwiftExplicitDependencyGeneratePcm arm64 /Users/builder/Factory/paperloft/evidence/checkouts/p3-7cd0f79/build/DerivedData/SDKExplicitPrecompiledModules/_Builtin_tgmath-9RFDI25YOJK8UIMH00FDW599U.pcm

SwiftExplicitDependencyGeneratePcm arm64 /Users/builder/Factory/paperloft/evidence/checkouts/p3-7cd0f79/build/DerivedData/SDKExplicitPrecompiledModules/_Builtin_stdint-F2DYOVEZP98F9HOT9W8O3XFSF.pcm

SwiftExplicitDependencyGeneratePcm arm64 /Users/builder/Factory/paperloft/evidence/checkouts/p3-7cd0f79/build/DerivedData/SDKExplicitPrecompiledModules/sys_types-CWHSR0DFLH6UOZPYV6ICLMKNZ.pcm

SwiftExplicitDependencyGeneratePcm arm64 /Users/builder/Factory/paperloft/evidence/checkouts/p3-7cd0f79/build/DerivedData/SDKExplicitPrecompiledModules/_Builtin_inttypes-3QJ77K161JUR5STV4BS8POST.pcm

SwiftExplicitDependencyGeneratePcm arm64 /Users/builder/Factory/paperloft/evidence/checkouts/p3-7cd0f79/build/DerivedData/SDKExplicitPrecompiledModules/_Builtin_stdatomic-D5VHI6KOBE20RLCSGR0G9C9QM.pcm

SwiftExplicitDependencyGeneratePcm arm64 /Users/builder/Factory/paperloft/evidence/checkouts/p3-7cd0f79/build/DerivedData/SDKExplicitPrecompiledModules/_Builtin_intrinsics-2IW5CUX2MZU6AOJ1AVZLESOGL.pcm

SwiftExplicitDependencyGeneratePcm arm64 /Users/builder/Factory/paperloft/evidence/checkouts/p3-7cd0f79/build/DerivedData/SDKExplicitPrecompiledModules/_DarwinFoundation3-DHTCM9ZB8YLS6LZDAFXY5KVK3.pcm

SwiftExplicitDependencyGeneratePcm arm64 /Users/builder/Factory/paperloft/evidence/checkouts/p3-7cd0f79/build/DerivedData/SDKExplicitPrecompiledModules/libDER-1LZ927NONBCJBN4APQRS4IHVN.pcm

SwiftExplicitDependencyGeneratePcm arm64 /Users/builder/Factory/paperloft/evidence/checkouts/p3-7cd0f79/build/DerivedData/SDKExplicitPrecompiledModules/Darwin-80UM25XSAQDNW088DB96N7ENH.pcm

SwiftExplicitDependencyGeneratePcm arm64 /Users/builder/Factory/paperloft/evidence/checkouts/p3-7cd0f79/build/DerivedData/SDKExplicitPrecompiledModules/_Builtin_inttypes-3QJ77K161JUR5STV4BS8POST.pcm

SwiftExplicitDependencyGeneratePcm arm64 /Users/builder/Factory/paperloft/evidence/checkouts/p3-7cd0f79/build/DerivedData/SDKExplicitPrecompiledModules/Darwin-80UM25XSAQDNW088DB96N7ENH.pcm

SwiftExplicitDependencyGeneratePcm arm64 /Users/builder/Factory/paperloft/evidence/checkouts/p3-7cd0f79/build/DerivedData/SDKExplicitPrecompiledModules/simd-36RESXOSKB8T84OK5363VONC4.pcm

SwiftExplicitDependencyGeneratePcm arm64 /Users/builder/Factory/paperloft/evidence/checkouts/p3-7cd0f79/build/DerivedData/SDKExplicitPrecompiledModules/libkern-36TFARS1WUZA1TYI898YBUXHP.pcm

SwiftExplicitDependencyGeneratePcm arm64 /Users/builder/Factory/paperloft/evidence/checkouts/p3-7cd0f79/build/DerivedData/SDKExplicitPrecompiledModules/launch-4D0T6HSF8K5YDLZKR3CYEDNVT.pcm

SwiftExplicitDependencyGeneratePcm arm64 /Users/builder/Factory/paperloft/evidence/checkouts/p3-7cd0f79/build/DerivedData/SDKExplicitPrecompiledModules/MachO-3GMBDNMUONH1Z2MWPQ0DMN0YR.pcm

SwiftExplicitDependencyGeneratePcm arm64 /Users/builder/Factory/paperloft/evidence/checkouts/p3-7cd0f79/build/DerivedData/SDKExplicitPrecompiledModules/ObjectiveC-4HSL2R76SBC1D8WZU60ECXNK6.pcm

SwiftExplicitDependencyGeneratePcm arm64 /Users/builder/Factory/paperloft/evidence/checkouts/p3-7cd0f79/build/DerivedData/SDKExplicitPrecompiledModules/CUPS-BGHO6FW4FEKJ1D8I7BWLUNFVD.pcm

SwiftExplicitDependencyGeneratePcm arm64 /Users/builder/Factory/paperloft/evidence/checkouts/p3-7cd0f79/build/DerivedData/SDKExplicitPrecompiledModules/launch-4D0T6HSF8K5YDLZKR3CYEDNVT.pcm

SwiftExplicitDependencyGeneratePcm arm64 /Users/builder/Factory/paperloft/evidence/checkouts/p3-7cd0f79/build/DerivedData/SDKExplicitPrecompiledModules/Compression-4OEAG0ACZF934GLOZX5H5IFFW.pcm

SwiftExplicitDependencyGeneratePcm arm64 /Users/builder/Factory/paperloft/evidence/checkouts/p3-7cd0f79/build/DerivedData/SDKExplicitPrecompiledModules/libkern-36TFARS1WUZA1TYI898YBUXHP.pcm

SwiftExplicitDependencyGeneratePcm arm64 /Users/builder/Factory/paperloft/evidence/checkouts/p3-7cd0f79/build/DerivedData/SDKExplicitPrecompiledModules/MachO-3GMBDNMUONH1Z2MWPQ0DMN0YR.pcm

SwiftExplicitDependencyGeneratePcm arm64 /Users/builder/Factory/paperloft/evidence/checkouts/p3-7cd0f79/build/DerivedData/SDKExplicitPrecompiledModules/os_object-ABFLWU3VRDTSU06JGB52GUZ4Y.pcm

SwiftExplicitDependencyGeneratePcm arm64 /Users/builder/Factory/paperloft/evidence/checkouts/p3-7cd0f79/build/DerivedData/SDKExplicitPrecompiledModules/os_workgroup-424PCQW8IWY01R079LBRNOVQL.pcm

SwiftExplicitDependencyGeneratePcm arm64 /Users/builder/Factory/paperloft/evidence/checkouts/p3-7cd0f79/build/DerivedData/SDKExplicitPrecompiledModules/ObjectiveC-4HSL2R76SBC1D8WZU60ECXNK6.pcm

SwiftExplicitDependencyGeneratePcm arm64 /Users/builder/Factory/paperloft/evidence/checkouts/p3-7cd0f79/build/DerivedData/SDKExplicitPrecompiledModules/Spatial-2UP3QV138596LK5IP33UYVH8A.pcm

SwiftExplicitDependencyGeneratePcm arm64 /Users/builder/Factory/paperloft/evidence/checkouts/p3-7cd0f79/build/DerivedData/SDKExplicitPrecompiledModules/Dispatch-ANQ924G433UFWD17KJE1MA0IB.pcm

SwiftExplicitDependencyGeneratePcm arm64 /Users/builder/Factory/paperloft/evidence/checkouts/p3-7cd0f79/build/DerivedData/SDKExplicitPrecompiledModules/os_object-ABFLWU3VRDTSU06JGB52GUZ4Y.pcm

SwiftExplicitDependencyGeneratePcm arm64 /Users/builder/Factory/paperloft/evidence/checkouts/p3-7cd0f79/build/DerivedData/SDKExplicitPrecompiledModules/CoreFoundation-E8G6ZJOIGIRUDL4LT9FDQEN4J.pcm

SwiftExplicitDependencyGeneratePcm arm64 /Users/builder/Factory/paperloft/evidence/checkouts/p3-7cd0f79/build/DerivedData/SDKExplicitPrecompiledModules/XPC-8MVLNCCP5SRR6FA4KZ1YAX1NY.pcm

SwiftExplicitDependencyGeneratePcm arm64 /Users/builder/Factory/paperloft/evidence/checkouts/p3-7cd0f79/build/DerivedData/SDKExplicitPrecompiledModules/os_workgroup-424PCQW8IWY01R079LBRNOVQL.pcm

SwiftExplicitDependencyGeneratePcm arm64 /Users/builder/Factory/paperloft/evidence/checkouts/p3-7cd0f79/build/DerivedData/SDKExplicitPrecompiledModules/Dispatch-ANQ924G433UFWD17KJE1MA0IB.pcm

SwiftExplicitDependencyGeneratePcm arm64 /Users/builder/Factory/paperloft/evidence/checkouts/p3-7cd0f79/build/DerivedData/SDKExplicitPrecompiledModules/CFNetwork-1O7BDO7NTWK7E0GHG2RO7FBZW.pcm

SwiftExplicitDependencyGeneratePcm arm64 /Users/builder/Factory/paperloft/evidence/checkouts/p3-7cd0f79/build/DerivedData/SDKExplicitPrecompiledModules/Security-43QFAV3MP3CB51VJZIFDFZ7TI.pcm

SwiftExplicitDependencyGeneratePcm arm64 /Users/builder/Factory/paperloft/evidence/checkouts/p3-7cd0f79/build/DerivedData/SDKExplicitPrecompiledModules/IOKit-D7ODG1BXL716BCJOL9K5WN3KY.pcm

SwiftExplicitDependencyGeneratePcm arm64 /Users/builder/Factory/paperloft/evidence/checkouts/p3-7cd0f79/build/DerivedData/SDKExplicitPrecompiledModules/CoreFoundation-E8G6ZJOIGIRUDL4LT9FDQEN4J.pcm

SwiftExplicitDependencyGeneratePcm arm64 /Users/builder/Factory/paperloft/evidence/checkouts/p3-7cd0f79/build/DerivedData/SDKExplicitPrecompiledModules/XPC-8MVLNCCP5SRR6FA4KZ1YAX1NY.pcm

SwiftExplicitDependencyGeneratePcm arm64 /Users/builder/Factory/paperloft/evidence/checkouts/p3-7cd0f79/build/DerivedData/SDKExplicitPrecompiledModules/os-5E1JIGTDDNO7AZ8VSP33HKBCO.pcm

SwiftExplicitDependencyGeneratePcm arm64 /Users/builder/Factory/paperloft/evidence/checkouts/p3-7cd0f79/build/DerivedData/SDKExplicitPrecompiledModules/IOKit-D7ODG1BXL716BCJOL9K5WN3KY.pcm

SwiftExplicitDependencyGeneratePcm arm64 /Users/builder/Factory/paperloft/evidence/checkouts/p3-7cd0f79/build/DerivedData/SDKExplicitPrecompiledModules/ColorSync-DNQ8DKHNHP4A4E91DGH379ILP.pcm

SwiftExplicitDependencyGeneratePcm arm64 /Users/builder/Factory/paperloft/evidence/checkouts/p3-7cd0f79/build/DerivedData/SDKExplicitPrecompiledModules/CFNetwork-1O7BDO7NTWK7E0GHG2RO7FBZW.pcm

SwiftExplicitDependencyGeneratePcm arm64 /Users/builder/Factory/paperloft/evidence/checkouts/p3-7cd0f79/build/DerivedData/SDKExplicitPrecompiledModules/CoreAudioTypes-AFO2MCHDRVYE4238C4IPMWCFK.pcm

SwiftExplicitDependencyGeneratePcm arm64 /Users/builder/Factory/paperloft/evidence/checkouts/p3-7cd0f79/build/DerivedData/SDKExplicitPrecompiledModules/Security-43QFAV3MP3CB51VJZIFDFZ7TI.pcm

SwiftExplicitDependencyGeneratePcm arm64 /Users/builder/Factory/paperloft/evidence/checkouts/p3-7cd0f79/build/DerivedData/SDKExplicitPrecompiledModules/DiskArbitration-E48DX3QQAE7WRGKWYZIHFA7PZ.pcm

SwiftExplicitDependencyGeneratePcm arm64 /Users/builder/Factory/paperloft/evidence/checkouts/p3-7cd0f79/build/DerivedData/SDKExplicitPrecompiledModules/CoreServices-EGD8YX472IHEHXCJ97KX3NCI8.pcm

SwiftExplicitDependencyGeneratePcm arm64 /Users/builder/Factory/paperloft/evidence/checkouts/p3-7cd0f79/build/DerivedData/SDKExplicitPrecompiledModules/CoreGraphics-2PJVJ9N3DXGIKI10FEI3PCCYJ.pcm

SwiftExplicitDependencyGeneratePcm arm64 /Users/builder/Factory/paperloft/evidence/checkouts/p3-7cd0f79/build/DerivedData/SDKExplicitPrecompiledModules/DiskArbitration-E48DX3QQAE7WRGKWYZIHFA7PZ.pcm

SwiftExplicitDependencyGeneratePcm arm64 /Users/builder/Factory/paperloft/evidence/checkouts/p3-7cd0f79/build/DerivedData/SDKExplicitPrecompiledModules/CoreServices-EGD8YX472IHEHXCJ97KX3NCI8.pcm

SwiftExplicitDependencyGeneratePcm arm64 /Users/builder/Factory/paperloft/evidence/checkouts/p3-7cd0f79/build/DerivedData/SDKExplicitPrecompiledModules/ImageIO-DP89N3E7129BXAXRMXR0WAAPO.pcm

SwiftExplicitDependencyGeneratePcm arm64 /Users/builder/Factory/paperloft/evidence/checkouts/p3-7cd0f79/build/DerivedData/SDKExplicitPrecompiledModules/CoreText-E67RG66097FO6VZ5CXR8UE9YV.pcm

SwiftExplicitDependencyGeneratePcm arm64 /Users/builder/Factory/paperloft/evidence/checkouts/p3-7cd0f79/build/DerivedData/SDKExplicitPrecompiledModules/Foundation-ECPPV3HMH3EGN655RS3P4G3UC.pcm

SwiftExplicitDependencyGeneratePcm arm64 /Users/builder/Factory/paperloft/evidence/checkouts/p3-7cd0f79/build/DerivedData/SDKExplicitPrecompiledModules/Foundation-ECPPV3HMH3EGN655RS3P4G3UC.pcm

SwiftCompile normal arm64 Compiling\ HandoffFileCopy.swift /Users/builder/Factory/paperloft/evidence/checkouts/p3-7cd0f79/Packages/PaperloftHandoff/Sources/PaperloftHandoff/HandoffFileCopy.swift (in target 'PaperloftHandoff' from project 'PaperloftHandoff')

SwiftCompile normal arm64 /Users/builder/Factory/paperloft/evidence/checkouts/p3-7cd0f79/Packages/PaperloftHandoff/Sources/PaperloftHandoff/HandoffFileCopy.swift (in target 'PaperloftHandoff' from project 'PaperloftHandoff')
    cd /Users/builder/Factory/paperloft/evidence/checkouts/p3-7cd0f79/Paperloft.xcodeproj
    builtin-SwiftPerFileCompile HandoffFileCopy.swift

SwiftEmitModule normal arm64 Emitting\ module\ for\ PaperloftHandoff (in target 'PaperloftHandoff' from project 'PaperloftHandoff')

SwiftCompile normal arm64 (in target 'PaperloftHandoff' from project 'PaperloftHandoff')
    cd /Users/builder/Factory/paperloft/evidence/checkouts/p3-7cd0f79/Paperloft.xcodeproj
    

SwiftCompile normal arm64 Compiling\ HandoffStore.swift /Users/builder/Factory/paperloft/evidence/checkouts/p3-7cd0f79/Packages/PaperloftHandoff/Sources/PaperloftHandoff/HandoffStore.swift (in target 'PaperloftHandoff' from project 'PaperloftHandoff')

SwiftCompile normal arm64 /Users/builder/Factory/paperloft/evidence/checkouts/p3-7cd0f79/Packages/PaperloftHandoff/Sources/PaperloftHandoff/HandoffStore.swift (in target 'PaperloftHandoff' from project 'PaperloftHandoff')
    cd /Users/builder/Factory/paperloft/evidence/checkouts/p3-7cd0f79/Paperloft.xcodeproj
    builtin-SwiftPerFileCompile HandoffStore.swift

SwiftCompile normal arm64 Compiling\ HandoffConsumerLease.swift /Users/builder/Factory/paperloft/evidence/checkouts/p3-7cd0f79/Packages/PaperloftHandoff/Sources/PaperloftHandoff/HandoffConsumerLease.swift (in target 'PaperloftHandoff' from project 'PaperloftHandoff')

SwiftCompile normal arm64 /Users/builder/Factory/paperloft/evidence/checkouts/p3-7cd0f79/Packages/PaperloftHandoff/Sources/PaperloftHandoff/HandoffConsumerLease.swift (in target 'PaperloftHandoff' from project 'PaperloftHandoff')
    cd /Users/builder/Factory/paperloft/evidence/checkouts/p3-7cd0f79/Paperloft.xcodeproj
    builtin-SwiftPerFileCompile HandoffConsumerLease.swift

SwiftDriverJobDiscovery normal arm64 Emitting module for PaperloftHandoff (in target 'PaperloftHandoff' from project 'PaperloftHandoff')

SwiftDriver\ Compilation\ Requirements PaperloftHandoff normal arm64 com.apple.xcode.tools.swift.compiler (in target 'PaperloftHandoff' from project 'PaperloftHandoff')
    cd /Users/builder/Factory/paperloft/evidence/checkouts/p3-7cd0f79/Paperloft.xcodeproj
    builtin-Swift-Compilation-Requirements -- /Applications/Xcode.app/Contents/Developer/Toolchains/XcodeDefault.xctoolchain/usr/bin/swiftc -parse-as-library -module-name PaperloftHandoff -Onone @/Users/builder/Factory/paperloft/evidence/checkouts/p3-7cd0f79/build/DerivedData/Build/Intermediates.noindex/PaperloftHandoff.build/Debug/PaperloftHandoff-t.build/Objects-normal/arm64/PaperloftHandoff.SwiftFileList -DSWIFT_PACKAGE -DDEBUG -DSWIFT_MODULE_RESOURCE_BUNDLE_UNAVAILABLE -DXcode -plugin-path /Applications/Xcode.app/Contents/Developer/Toolchains/XcodeDefault.xctoolchain/usr/lib/swift/host/plugins/testing -enable-experimental-feature DebugDescriptionMacro -sdk /Applications/Xcode.app/Contents/Developer/Platforms/MacOSX.platform/Developer/SDKs/MacOSX27.0.sdk -target arm64-apple-macos13.0 -g -module-cache-path /Users/builder/Factory/paperloft/evidence/checkouts/p3-7cd0f79/build/DerivedData/ModuleCache.noindex -Xfrontend -serialize-debugging-options -profile-coverage-mapping -profile-generate -enable-testing -warnings-as-errors -index-store-path /Users/builder/Factory/paperloft/evidence/checkouts/p3-7cd0f79/build/DerivedData/Index.noindex/DataStore -Xcc -D_LIBCPP_HARDENING_MODE\=_LIBCPP_HARDENING_MODE_DEBUG -swift-version 6 -I /Users/builder/Factory/paperloft/evidence/checkouts/p3-7cd0f79/build/DerivedData/Build/Products/Debug -Isystem /Applications/Xcode.app/Contents/Developer/Platforms/MacOSX.platform/Developer/usr/lib -F /Users/builder/Factory/paperloft/evidence/checkouts/p3-7cd0f79/build/DerivedData/Build/Products/Debug -F /Applications/Xcode.app/Contents/Developer/Platforms/MacOSX.platform/Developer/Library/Frameworks -c -j10 -enable-batch-mode -incremental -Xcc -ivfsstatcache -Xcc /Users/builder/Factory/paperloft/evidence/checkouts/p3-7cd0f79/build/DerivedData/SDKStatCaches.noindex/macosx27.0-26A425-7231f6df4def33e022ae2eb8f782df1a.sdkstatcache -output-file-map /Users/builder/Factory/paperloft/evidence/checkouts/p3-7cd0f79/build/DerivedData/Build/Intermediates.noindex/PaperloftHandoff.build/Debug/PaperloftHandoff-t.build/Objects-normal/arm64/PaperloftHandoff-OutputFileMap.json -save-temps -no-color-diagnostics -explicit-module-build -module-cache-path /Users/builder/Factory/paperloft/evidence/checkouts/p3-7cd0f79/build/DerivedData/Build/Intermediates.noindex/SwiftExplicitPrecompiledModules -clang-scanner-module-cache-path /Users/builder/Factory/paperloft/evidence/checkouts/p3-7cd0f79/build/DerivedData/ModuleCache.noindex -sdk-module-cache-path /Users/builder/Factory/paperloft/evidence/checkouts/p3-7cd0f79/build/DerivedData/SDKExplicitPrecompiledModules -emit-dependencies -emit-module -emit-module-path /Users/builder/Factory/paperloft/evidence/checkouts/p3-7cd0f79/build/DerivedData/Build/Intermediates.noindex/PaperloftHandoff.build/Debug/PaperloftHandoff-t.build/Objects-normal/arm64/PaperloftHandoff.swiftmodule -serialize-diagnostics -dependency-scan-serialize-diagnostics-path /Users/builder/Factory/paperloft/evidence/checkouts/p3-7cd0f79/build/DerivedData/Build/Intermediates.noindex/PaperloftHandoff.build/Debug/PaperloftHandoff-t.build/Objects-normal/arm64/PaperloftHandoff-dependency-scan.dia -validate-clang-modules-once -clang-build-session-file /Users/builder/Factory/paperloft/evidence/checkouts/p3-7cd0f79/build/DerivedData/ModuleCache.noindex/Session.modulevalidation -Xcc -fmodules-prune-interval\=86400 -Xcc -fmodules-prune-after\=345600 -package-name paperlofthandoff -emit-const-values -const-gather-protocols-list /Users/builder/Factory/paperloft/evidence/checkouts/p3-7cd0f79/build/DerivedData/Build/Intermediates.noindex/PaperloftHandoff.build/Debug/PaperloftHandoff-t.build/Objects-normal/arm64/PaperloftHandoff_const_extract_protocols.json -Xcc -I/Users/builder/Factory/paperloft/evidence/checkouts/p3-7cd0f79/build/DerivedData/Build/Products/Debug/include -Xcc -I/Users/builder/Factory/paperloft/evidence/checkouts/p3-7cd0f79/build/DerivedData/Build/Intermediates.noindex/PaperloftHandoff.build/Debug/PaperloftHandoff-t.build/DerivedSources-normal/arm64 -Xcc -I/Users/builder/Factory/paperloft/evidence/checkouts/p3-7cd0f79/build/DerivedData/Build/Intermediates.noindex/PaperloftHandoff.build/Debug/PaperloftHandoff-t.build/DerivedSources/arm64 -Xcc -I/Users/builder/Factory/paperloft/evidence/checkouts/p3-7cd0f79/build/DerivedData/Build/Intermediates.noindex/PaperloftHandoff.build/Debug/PaperloftHandoff-t.build/DerivedSources -Xcc -DSWIFT_PACKAGE -Xcc -DDEBUG\=1 -emit-objc-header -emit-objc-header-path /Users/builder/Factory/paperloft/evidence/checkouts/p3-7cd0f79/build/DerivedData/Build/Intermediates.noindex/PaperloftHandoff.build/Debug/PaperloftHandoff-t.build/Objects-normal/arm64/PaperloftHandoff-Swift.h -working-directory /Users/builder/Factory/paperloft/evidence/checkouts/p3-7cd0f79/Paperloft.xcodeproj -experimental-emit-module-separately -disable-cmo

SwiftMergeGeneratedHeaders /Users/builder/Factory/paperloft/evidence/checkouts/p3-7cd0f79/build/DerivedData/Build/Intermediates.noindex/GeneratedModuleMaps/PaperloftHandoff-Swift.h /Users/builder/Factory/paperloft/evidence/checkouts/p3-7cd0f79/build/DerivedData/Build/Intermediates.noindex/PaperloftHandoff.build/Debug/PaperloftHandoff-t.build/Objects-normal/arm64/PaperloftHandoff-Swift.h (in target 'PaperloftHandoff' from project 'PaperloftHandoff')
    cd /Users/builder/Factory/paperloft/evidence/checkouts/p3-7cd0f79/Packages/PaperloftHandoff
    builtin-swiftHeaderTool -arch arm64 /Users/builder/Factory/paperloft/evidence/checkouts/p3-7cd0f79/build/DerivedData/Build/Intermediates.noindex/PaperloftHandoff.build/Debug/PaperloftHandoff-t.build/Objects-normal/arm64/PaperloftHandoff-Swift.h -o /Users/builder/Factory/paperloft/evidence/checkouts/p3-7cd0f79/build/DerivedData/Build/Intermediates.noindex/GeneratedModuleMaps/PaperloftHandoff-Swift.h

Copy /Users/builder/Factory/paperloft/evidence/checkouts/p3-7cd0f79/build/DerivedData/Build/Products/Debug/PaperloftHandoff.swiftmodule/arm64-apple-macos.abi.json /Users/builder/Factory/paperloft/evidence/checkouts/p3-7cd0f79/build/DerivedData/Build/Intermediates.noindex/PaperloftHandoff.build/Debug/PaperloftHandoff-t.build/Objects-normal/arm64/PaperloftHandoff.abi.json (in target 'PaperloftHandoff' from project 'PaperloftHandoff')
    cd /Users/builder/Factory/paperloft/evidence/checkouts/p3-7cd0f79/Packages/PaperloftHandoff
    builtin-copy -exclude .DS_Store -exclude CVS -exclude .svn -exclude .git -exclude .hg -resolve-src-symlinks -rename /Users/builder/Factory/paperloft/evidence/checkouts/p3-7cd0f79/build/DerivedData/Build/Intermediates.noindex/PaperloftHandoff.build/Debug/PaperloftHandoff-t.build/Objects-normal/arm64/PaperloftHandoff.abi.json /Users/builder/Factory/paperloft/evidence/checkouts/p3-7cd0f79/build/DerivedData/Build/Products/Debug/PaperloftHandoff.swiftmodule/arm64-apple-macos.abi.json

Copy /Users/builder/Factory/paperloft/evidence/checkouts/p3-7cd0f79/build/DerivedData/Build/Products/Debug/PaperloftHandoff.swiftmodule/arm64-apple-macos.swiftdoc /Users/builder/Factory/paperloft/evidence/checkouts/p3-7cd0f79/build/DerivedData/Build/Intermediates.noindex/PaperloftHandoff.build/Debug/PaperloftHandoff-t.build/Objects-normal/arm64/PaperloftHandoff.swiftdoc (in target 'PaperloftHandoff' from project 'PaperloftHandoff')
    cd /Users/builder/Factory/paperloft/evidence/checkouts/p3-7cd0f79/Packages/PaperloftHandoff
    builtin-copy -exclude .DS_Store -exclude CVS -exclude .svn -exclude .git -exclude .hg -resolve-src-symlinks -rename /Users/builder/Factory/paperloft/evidence/checkouts/p3-7cd0f79/build/DerivedData/Build/Intermediates.noindex/PaperloftHandoff.build/Debug/PaperloftHandoff-t.build/Objects-normal/arm64/PaperloftHandoff.swiftdoc /Users/builder/Factory/paperloft/evidence/checkouts/p3-7cd0f79/build/DerivedData/Build/Products/Debug/PaperloftHandoff.swiftmodule/arm64-apple-macos.swiftdoc

Copy /Users/builder/Factory/paperloft/evidence/checkouts/p3-7cd0f79/build/DerivedData/Build/Products/Debug/PaperloftHandoff.swiftmodule/arm64-apple-macos.swiftmodule /Users/builder/Factory/paperloft/evidence/checkouts/p3-7cd0f79/build/DerivedData/Build/Intermediates.noindex/PaperloftHandoff.build/Debug/PaperloftHandoff-t.build/Objects-normal/arm64/PaperloftHandoff.swiftmodule (in target 'PaperloftHandoff' from project 'PaperloftHandoff')
    cd /Users/builder/Factory/paperloft/evidence/checkouts/p3-7cd0f79/Packages/PaperloftHandoff
    builtin-copy -exclude .DS_Store -exclude CVS -exclude .svn -exclude .git -exclude .hg -resolve-src-symlinks -rename /Users/builder/Factory/paperloft/evidence/checkouts/p3-7cd0f79/build/DerivedData/Build/Intermediates.noindex/PaperloftHandoff.build/Debug/PaperloftHandoff-t.build/Objects-normal/arm64/PaperloftHandoff.swiftmodule /Users/builder/Factory/paperloft/evidence/checkouts/p3-7cd0f79/build/DerivedData/Build/Products/Debug/PaperloftHandoff.swiftmodule/arm64-apple-macos.swiftmodule

Copy /Users/builder/Factory/paperloft/evidence/checkouts/p3-7cd0f79/build/DerivedData/Build/Products/Debug/PaperloftHandoff.swiftmodule/Project/arm64-apple-macos.swiftsourceinfo /Users/builder/Factory/paperloft/evidence/checkouts/p3-7cd0f79/build/DerivedData/Build/Intermediates.noindex/PaperloftHandoff.build/Debug/PaperloftHandoff-t.build/Objects-normal/arm64/PaperloftHandoff.swiftsourceinfo (in target 'PaperloftHandoff' from project 'PaperloftHandoff')
    cd /Users/builder/Factory/paperloft/evidence/checkouts/p3-7cd0f79/Packages/PaperloftHandoff
    builtin-copy -exclude .DS_Store -exclude CVS -exclude .svn -exclude .git -exclude .hg -resolve-src-symlinks -rename /Users/builder/Factory/paperloft/evidence/checkouts/p3-7cd0f79/build/DerivedData/Build/Intermediates.noindex/PaperloftHandoff.build/Debug/PaperloftHandoff-t.build/Objects-normal/arm64/PaperloftHandoff.swiftsourceinfo /Users/builder/Factory/paperloft/evidence/checkouts/p3-7cd0f79/build/DerivedData/Build/Products/Debug/PaperloftHandoff.swiftmodule/Project/arm64-apple-macos.swiftsourceinfo

ProcessProductPackaging /Users/builder/Factory/paperloft/evidence/checkouts/p3-7cd0f79/Apps/PaperloftShare/PaperloftShare.entitlements /Users/builder/Factory/paperloft/evidence/checkouts/p3-7cd0f79/build/DerivedData/Build/Intermediates.noindex/Paperloft.build/Debug/PaperloftShare.build/PaperloftShare.appex.xcent (in target 'PaperloftShare' from project 'Paperloft')
    cd /Users/builder/Factory/paperloft/evidence/checkouts/p3-7cd0f79
    
    Entitlements:
    
    {
    "com.apple.security.app-sandbox" = 1;
    "com.apple.security.get-task-allow" = 1;
}
    
    builtin-productPackagingUtility /Users/builder/Factory/paperloft/evidence/checkouts/p3-7cd0f79/Apps/PaperloftShare/PaperloftShare.entitlements -entitlements -format xml -o /Users/builder/Factory/paperloft/evidence/checkouts/p3-7cd0f79/build/DerivedData/Build/Intermediates.noindex/Paperloft.build/Debug/PaperloftShare.build/PaperloftShare.appex.xcent

SwiftExplicitDependencyGeneratePcm arm64 /Users/builder/Factory/paperloft/evidence/checkouts/p3-7cd0f79/build/DerivedData/SDKExplicitPrecompiledModules/DataDetection-3HNEAPNTILHVT2DJZ6FZQT637.pcm

SwiftExplicitDependencyGeneratePcm arm64 /Users/builder/Factory/paperloft/evidence/checkouts/p3-7cd0f79/build/DerivedData/SDKExplicitPrecompiledModules/IOSurface-AO6KFX5JNW1PDZ9BDRV9KCT6P.pcm

SwiftExplicitDependencyGeneratePcm arm64 /Users/builder/Factory/paperloft/evidence/checkouts/p3-7cd0f79/build/DerivedData/SDKExplicitPrecompiledModules/CoreAudio-1YVB9I58NMASI70KU2LWJG7VI.pcm

SwiftExplicitDependencyGeneratePcm arm64 /Users/builder/Factory/paperloft/evidence/checkouts/p3-7cd0f79/build/DerivedData/SDKExplicitPrecompiledModules/Accessibility-776CVQJBAYCJ521OA1SQSKV22.pcm

SwiftExplicitDependencyGeneratePcm arm64 /Users/builder/Factory/paperloft/evidence/checkouts/p3-7cd0f79/build/DerivedData/SDKExplicitPrecompiledModules/UniformTypeIdentifiers-9YYU6VR6J8BF514QX8Q3QF95G.pcm

SwiftExplicitDependencyGeneratePcm arm64 /Users/builder/Factory/paperloft/evidence/checkouts/p3-7cd0f79/build/DerivedData/SDKExplicitPrecompiledModules/CoreData-2YF5M5VAHJC1XMY7A25094P8E.pcm

SwiftExplicitDependencyGeneratePcm arm64 /Users/builder/Factory/paperloft/evidence/checkouts/p3-7cd0f79/build/DerivedData/SDKExplicitPrecompiledModules/CoreMIDI-E25ZO422DTBGWYA29YXV3FRXY.pcm

SwiftExplicitDependencyGeneratePcm arm64 /Users/builder/Factory/paperloft/evidence/checkouts/p3-7cd0f79/build/DerivedData/SDKExplicitPrecompiledModules/Symbols-1UQ9BFJYQX8JRJI5IWOWLFLDZ.pcm

SwiftExplicitDependencyGeneratePcm arm64 /Users/builder/Factory/paperloft/evidence/checkouts/p3-7cd0f79/build/DerivedData/SDKExplicitPrecompiledModules/OSLog-3JLV9JV4YYMVEG9K4A1LE7PRS.pcm

SwiftExplicitDependencyGeneratePcm arm64 /Users/builder/Factory/paperloft/evidence/checkouts/p3-7cd0f79/build/DerivedData/SDKExplicitPrecompiledModules/ApplicationServices-4HBSAQRBOXJXLXQ3TJ2AUBXDY.pcm

SwiftExplicitDependencyGeneratePcm arm64 /Users/builder/Factory/paperloft/evidence/checkouts/p3-7cd0f79/build/DerivedData/SDKExplicitPrecompiledModules/CoreTransferable-H5GRKXW88Y8RGVPAQXGK7YWF.pcm

SwiftExplicitDependencyGeneratePcm arm64 /Users/builder/Factory/paperloft/evidence/checkouts/p3-7cd0f79/build/DerivedData/SDKExplicitPrecompiledModules/LocalAuthentication-6J0ZMXZYR23Z47R0HAG26BUU4.pcm

ProcessProductPackagingDER /Users/builder/Factory/paperloft/evidence/checkouts/p3-7cd0f79/build/DerivedData/Build/Intermediates.noindex/Paperloft.build/Debug/PaperloftShare.build/PaperloftShare.appex.xcent /Users/builder/Factory/paperloft/evidence/checkouts/p3-7cd0f79/build/DerivedData/Build/Intermediates.noindex/Paperloft.build/Debug/PaperloftShare.build/PaperloftShare.appex.xcent.der (in target 'PaperloftShare' from project 'Paperloft')
    cd /Users/builder/Factory/paperloft/evidence/checkouts/p3-7cd0f79
    /usr/bin/derq query -f xml -i /Users/builder/Factory/paperloft/evidence/checkouts/p3-7cd0f79/build/DerivedData/Build/Intermediates.noindex/Paperloft.build/Debug/PaperloftShare.build/PaperloftShare.appex.xcent -o /Users/builder/Factory/paperloft/evidence/checkouts/p3-7cd0f79/build/DerivedData/Build/Intermediates.noindex/Paperloft.build/Debug/PaperloftShare.build/PaperloftShare.appex.xcent.der --raw

SwiftExplicitDependencyGeneratePcm arm64 /Users/builder/Factory/paperloft/evidence/checkouts/p3-7cd0f79/build/DerivedData/SDKExplicitPrecompiledModules/Metal-E4HWJCWD1ABUI6FKIS20K4G7G.pcm

SwiftExplicitDependencyGeneratePcm arm64 /Users/builder/Factory/paperloft/evidence/checkouts/p3-7cd0f79/build/DerivedData/SDKExplicitPrecompiledModules/OpenGL-4U1H5WA3X7Z402XG4GUWGOD1C.pcm

SwiftDriver PaperloftShare normal arm64 com.apple.xcode.tools.swift.compiler (in target 'PaperloftShare' from project 'Paperloft')
    cd /Users/builder/Factory/paperloft/evidence/checkouts/p3-7cd0f79
    builtin-SwiftDriver -- /Applications/Xcode.app/Contents/Developer/Toolchains/XcodeDefault.xctoolchain/usr/bin/swiftc -module-name PaperloftShare -Onone @/Users/builder/Factory/paperloft/evidence/checkouts/p3-7cd0f79/build/DerivedData/Build/Intermediates.noindex/Paperloft.build/Debug/PaperloftShare.build/Objects-normal/arm64/PaperloftShare.SwiftFileList -DDEBUG -enable-experimental-feature DebugDescriptionMacro -sdk /Applications/Xcode.app/Contents/Developer/Platforms/MacOSX.platform/Developer/SDKs/MacOSX27.0.sdk -target arm64-apple-macos27.0 -g -module-cache-path /Users/builder/Factory/paperloft/evidence/checkouts/p3-7cd0f79/build/DerivedData/ModuleCache.noindex -Xfrontend -serialize-debugging-options -application-extension -profile-coverage-mapping -profile-generate -enable-testing -warnings-as-errors -index-store-path /Users/builder/Factory/paperloft/evidence/checkouts/p3-7cd0f79/build/DerivedData/Index.noindex/DataStore -swift-version 6 -I /Users/builder/Factory/paperloft/evidence/checkouts/p3-7cd0f79/build/DerivedData/Build/Products/Debug -F /Users/builder/Factory/paperloft/evidence/checkouts/p3-7cd0f79/build/DerivedData/Build/Products/Debug/PackageFrameworks -F /Users/builder/Factory/paperloft/evidence/checkouts/p3-7cd0f79/build/DerivedData/Build/Products/Debug -parse-as-library -c -j10 -enable-batch-mode -incremental -Xcc -ivfsstatcache -Xcc /Users/builder/Factory/paperloft/evidence/checkouts/p3-7cd0f79/build/DerivedData/SDKStatCaches.noindex/macosx27.0-26A425-7231f6df4def33e022ae2eb8f782df1a.sdkstatcache -output-file-map /Users/builder/Factory/paperloft/evidence/checkouts/p3-7cd0f79/build/DerivedData/Build/Intermediates.noindex/Paperloft.build/Debug/PaperloftShare.build/Objects-normal/arm64/PaperloftShare-OutputFileMap.json -save-temps -no-color-diagnostics -explicit-module-build -module-cache-path /Users/builder/Factory/paperloft/evidence/checkouts/p3-7cd0f79/build/DerivedData/Build/Intermediates.noindex/SwiftExplicitPrecompiledModules -clang-scanner-module-cache-path /Users/builder/Factory/paperloft/evidence/checkouts/p3-7cd0f79/build/DerivedData/ModuleCache.noindex -sdk-module-cache-path /Users/builder/Factory/paperloft/evidence/checkouts/p3-7cd0f79/build/DerivedData/SDKExplicitPrecompiledModules -emit-dependencies -emit-module -emit-module-path /Users/builder/Factory/paperloft/evidence/checkouts/p3-7cd0f79/build/DerivedData/Build/Intermediates.noindex/Paperloft.build/Debug/PaperloftShare.build/Objects-normal/arm64/PaperloftShare.swiftmodule -serialize-diagnostics -dependency-scan-serialize-diagnostics-path /Users/builder/Factory/paperloft/evidence/checkouts/p3-7cd0f79/build/DerivedData/Build/Intermediates.noindex/Paperloft.build/Debug/PaperloftShare.build/Objects-normal/arm64/PaperloftShare-dependency-scan.dia -validate-clang-modules-once -clang-build-session-file /Users/builder/Factory/paperloft/evidence/checkouts/p3-7cd0f79/build/DerivedData/ModuleCache.noindex/Session.modulevalidation -Xcc -fmodules-prune-interval\=86400 -Xcc -fmodules-prune-after\=345600 -emit-const-values -const-gather-protocols-list /Users/builder/Factory/paperloft/evidence/checkouts/p3-7cd0f79/build/DerivedData/Build/Intermediates.noindex/Paperloft.build/Debug/PaperloftShare.build/Objects-normal/arm64/PaperloftShare_const_extract_protocols.json -Xcc -iquote -Xcc /Users/builder/Factory/paperloft/evidence/checkouts/p3-7cd0f79/build/DerivedData/Build/Intermediates.noindex/Paperloft.build/Debug/PaperloftShare.build/PaperloftShare-generated-files.hmap -Xcc -I/Users/builder/Factory/paperloft/evidence/checkouts/p3-7cd0f79/build/DerivedData/Build/Intermediates.noindex/Paperloft.build/Debug/PaperloftShare.build/PaperloftShare-own-target-headers.hmap -Xcc -I/Users/builder/Factory/paperloft/evidence/checkouts/p3-7cd0f79/build/DerivedData/Build/Intermediates.noindex/Paperloft.build/Debug/PaperloftShare.build/PaperloftShare-all-non-framework-target-headers.hmap -Xcc -ivfsoverlay -Xcc /Users/builder/Factory/paperloft/evidence/checkouts/p3-7cd0f79/build/DerivedData/Build/Intermediates.noindex/Paperloft.build/Debug/Paperloft-b93ddc6bcd4d234a5473ab01ad3589c4-VFS/all-product-headers.yaml -Xcc -iquote -Xcc /Users/builder/Factory/paperloft/evidence/checkouts/p3-7cd0f79/build/DerivedData/Build/Intermediates.noindex/Paperloft.build/Debug/PaperloftShare.build/PaperloftShare-project-headers.hmap -Xcc -I/Users/builder/Factory/paperloft/evidence/checkouts/p3-7cd0f79/build/DerivedData/Build/Products/Debug/include -Xcc -I/Users/builder/Factory/paperloft/evidence/checkouts/p3-7cd0f79/build/DerivedData/Build/Intermediates.noindex/Paperloft.build/Debug/PaperloftShare.build/DerivedSources-normal/arm64 -Xcc -I/Users/builder/Factory/paperloft/evidence/checkouts/p3-7cd0f79/build/DerivedData/Build/Intermediates.noindex/Paperloft.build/Debug/PaperloftShare.build/DerivedSources/arm64 -Xcc -I/Users/builder/Factory/paperloft/evidence/checkouts/p3-7cd0f79/build/DerivedData/Build/Intermediates.noindex/Paperloft.build/Debug/PaperloftShare.build/DerivedSources -emit-objc-header -emit-objc-header-path /Users/builder/Factory/paperloft/evidence/checkouts/p3-7cd0f79/build/DerivedData/Build/Intermediates.noindex/Paperloft.build/Debug/PaperloftShare.build/Objects-normal/arm64/PaperloftShare-Swift.h -working-directory /Users/builder/Factory/paperloft/evidence/checkouts/p3-7cd0f79 -experimental-emit-module-separately -disable-cmo

SwiftExplicitDependencyGeneratePcm arm64 /Users/builder/Factory/paperloft/evidence/checkouts/p3-7cd0f79/build/DerivedData/SDKExplicitPrecompiledModules/Carbon-12749OLJU1AEWRVNXUXF2I1A9.pcm

SwiftExplicitDependencyGeneratePcm arm64 /Users/builder/Factory/paperloft/evidence/checkouts/p3-7cd0f79/build/DerivedData/SDKExplicitPrecompiledModules/CoreVideo-747NKY8AINW7O5T36PACG6DEB.pcm

SwiftExplicitDependencyGeneratePcm arm64 /Users/builder/Factory/paperloft/evidence/checkouts/p3-7cd0f79/build/DerivedData/SDKExplicitPrecompiledModules/CoreML-COA3FN2SCW50XNWP3JC0MNS5Z.pcm

SwiftExplicitDependencyGeneratePcm arm64 /Users/builder/Factory/paperloft/evidence/checkouts/p3-7cd0f79/build/DerivedData/SDKExplicitPrecompiledModules/CoreImage-5IIZ03BPR6DYJVLCWLBR7VCM1.pcm

SwiftExplicitDependencyGeneratePcm arm64 /Users/builder/Factory/paperloft/evidence/checkouts/p3-7cd0f79/build/DerivedData/SDKExplicitPrecompiledModules/QuartzCore-9NSFF4HQTL2D4L4DSVB8GCMNK.pcm

SwiftExplicitDependencyGeneratePcm arm64 /Users/builder/Factory/paperloft/evidence/checkouts/p3-7cd0f79/build/DerivedData/SDKExplicitPrecompiledModules/Accelerate-EC300YE4VFABRR9TM1RLGA2G6.pcm

SwiftExplicitDependencyGeneratePcm arm64 /Users/builder/Factory/paperloft/evidence/checkouts/p3-7cd0f79/build/DerivedData/SDKExplicitPrecompiledModules/CoreMedia-37FEM6BVGVAFOAO19V4QBCPHK.pcm

SwiftExplicitDependencyGeneratePcm arm64 /Users/builder/Factory/paperloft/evidence/checkouts/p3-7cd0f79/build/DerivedData/SDKExplicitPrecompiledModules/AudioToolbox-D8UB31J0PS0IDXPMOTWBOCJ53.pcm

SwiftExplicitDependencyGeneratePcm arm64 /Users/builder/Factory/paperloft/evidence/checkouts/p3-7cd0f79/build/DerivedData/SDKExplicitPrecompiledModules/SwiftUICore-A9X1AP7NJ61YGRBQLVMQWJ3QQ.pcm

SwiftExplicitDependencyGeneratePcm arm64 /Users/builder/Factory/paperloft/evidence/checkouts/p3-7cd0f79/build/DerivedData/SDKExplicitPrecompiledModules/AppKit-6ND6LVGCZ7KICDT4KLP3P9RZ6.pcm

SwiftExplicitDependencyGeneratePcm arm64 /Users/builder/Factory/paperloft/evidence/checkouts/p3-7cd0f79/build/DerivedData/SDKExplicitPrecompiledModules/VideoToolbox-3IS6OJNJAUGM0EYKE88VD3OG4.pcm

SwiftExplicitDependencyGeneratePcm arm64 /Users/builder/Factory/paperloft/evidence/checkouts/p3-7cd0f79/build/DerivedData/SDKExplicitPrecompiledModules/Vision-1L79I64TS3022D53NWQCLN94M.pcm

SwiftExplicitDependencyGeneratePcm arm64 /Users/builder/Factory/paperloft/evidence/checkouts/p3-7cd0f79/build/DerivedData/SDKExplicitPrecompiledModules/DeveloperToolsSupport-AAJRISYNU8F9OLR8Y52W5ABKB.pcm

SwiftExplicitDependencyGeneratePcm arm64 /Users/builder/Factory/paperloft/evidence/checkouts/p3-7cd0f79/build/DerivedData/SDKExplicitPrecompiledModules/_Builtin_stdarg-904AV8HZCSMEDL7GXVPJ9OJIB.pcm

SwiftExplicitDependencyGeneratePcm arm64 /Users/builder/Factory/paperloft/evidence/checkouts/p3-7cd0f79/build/DerivedData/SDKExplicitPrecompiledModules/ptrcheck-89HZHW1HV4Y5CKGI6V9WT076.pcm

SwiftExplicitDependencyGeneratePcm arm64 /Users/builder/Factory/paperloft/evidence/checkouts/p3-7cd0f79/build/DerivedData/SDKExplicitPrecompiledModules/MediaToolbox-5Z5UDSM6KR3ZRGOA3EMD28KTF.pcm

SwiftExplicitDependencyGeneratePcm arm64 /Users/builder/Factory/paperloft/evidence/checkouts/p3-7cd0f79/build/DerivedData/SDKExplicitPrecompiledModules/AVFAudio-AADQ5SPCH2BD7D77NQFUQS1JC.pcm

SwiftExplicitDependencyGeneratePcm arm64 /Users/builder/Factory/paperloft/evidence/checkouts/p3-7cd0f79/build/DerivedData/SDKExplicitPrecompiledModules/_Builtin_stdbool-D1L6KWSZ1DW1NPD96T98FL2M7.pcm

SwiftExplicitDependencyGeneratePcm arm64 /Users/builder/Factory/paperloft/evidence/checkouts/p3-7cd0f79/build/DerivedData/SDKExplicitPrecompiledModules/_Builtin_stddef-3XT2VIUDLYYLXF5HM95GXW4QN.pcm

SwiftExplicitDependencyGeneratePcm arm64 /Users/builder/Factory/paperloft/evidence/checkouts/p3-7cd0f79/build/DerivedData/SDKExplicitPrecompiledModules/_Builtin_float-A0T1OBD8M2GOK64JYHDJQHZQ0.pcm

SwiftExplicitDependencyGeneratePcm arm64 /Users/builder/Factory/paperloft/evidence/checkouts/p3-7cd0f79/build/DerivedData/SDKExplicitPrecompiledModules/_AvailabilityInternal-4E5KNY3F0YKD50WF8WT3M5A4H.pcm

SwiftExplicitDependencyGeneratePcm arm64 /Users/builder/Factory/paperloft/evidence/checkouts/p3-7cd0f79/build/DerivedData/SDKExplicitPrecompiledModules/SwiftShims-BPCJEOK22BJ3X6P6IJYRLN7E7.pcm

SwiftExplicitDependencyGeneratePcm arm64 /Users/builder/Factory/paperloft/evidence/checkouts/p3-7cd0f79/build/DerivedData/SDKExplicitPrecompiledModules/ptrauth-5RAQQAY1F1DIQYY1U9HCPFFN1.pcm

SwiftExplicitDependencyGeneratePcm arm64 /Users/builder/Factory/paperloft/evidence/checkouts/p3-7cd0f79/build/DerivedData/SDKExplicitPrecompiledModules/_SwiftConcurrencyShims-4I91GZWVIUFDLW8MO10191VR4.pcm

SwiftExplicitDependencyGeneratePcm arm64 /Users/builder/Factory/paperloft/evidence/checkouts/p3-7cd0f79/build/DerivedData/SDKExplicitPrecompiledModules/_DarwinFoundation1-EPOP99GRYXSA1K55XDUI1N0G9.pcm

SwiftExplicitDependencyGeneratePcm arm64 /Users/builder/Factory/paperloft/evidence/checkouts/p3-7cd0f79/build/DerivedData/SDKExplicitPrecompiledModules/AVFoundation-4PHLUWR5PYYK0S6FOH1A3V92I.pcm

SwiftExplicitDependencyGeneratePcm arm64 /Users/builder/Factory/paperloft/evidence/checkouts/p3-7cd0f79/build/DerivedData/SDKExplicitPrecompiledModules/_DarwinFoundation2-CA6TK16XUV2QN3IAAFW1KV5EZ.pcm

SwiftExplicitDependencyGeneratePcm arm64 /Users/builder/Factory/paperloft/evidence/checkouts/p3-7cd0f79/build/DerivedData/SDKExplicitPrecompiledModules/_Builtin_limits-9Y18RXHA0U03VAWKBGGKO58H.pcm

SwiftExplicitDependencyGeneratePcm arm64 /Users/builder/Factory/paperloft/evidence/checkouts/p3-7cd0f79/build/DerivedData/SDKExplicitPrecompiledModules/_Builtin_stdint-F0KLB6IKFV8DCH1VTYWV0PPHZ.pcm

SwiftExplicitDependencyGeneratePcm arm64 /Users/builder/Factory/paperloft/evidence/checkouts/p3-7cd0f79/build/DerivedData/SDKExplicitPrecompiledModules/sys_types-DCT4VZYG5D8SE5O3K5M4O1JL6.pcm

SwiftExplicitDependencyGeneratePcm arm64 /Users/builder/Factory/paperloft/evidence/checkouts/p3-7cd0f79/build/DerivedData/SDKExplicitPrecompiledModules/string_h-1RXROKJUUZ59YBQ0XOMG0731L.pcm

SwiftExplicitDependencyGeneratePcm arm64 /Users/builder/Factory/paperloft/evidence/checkouts/p3-7cd0f79/build/DerivedData/SDKExplicitPrecompiledModules/_Builtin_tgmath-72MAQQACEIA0QX2GE6B839Y2J.pcm

SwiftExplicitDependencyGeneratePcm arm64 /Users/builder/Factory/paperloft/evidence/checkouts/p3-7cd0f79/build/DerivedData/SDKExplicitPrecompiledModules/_Builtin_intrinsics-5TDBQRQALVC5OU2BYPS405EIW.pcm

SwiftExplicitDependencyGeneratePcm arm64 /Users/builder/Factory/paperloft/evidence/checkouts/p3-7cd0f79/build/DerivedData/SDKExplicitPrecompiledModules/libDER-CSKYKLUYT4JHSV4MAGG8HKTJN.pcm

SwiftExplicitDependencyGeneratePcm arm64 /Users/builder/Factory/paperloft/evidence/checkouts/p3-7cd0f79/build/DerivedData/SDKExplicitPrecompiledModules/_DarwinFoundation3-480LBCSMGKQOO8I3THDYYTPFD.pcm

SwiftExplicitDependencyGeneratePcm arm64 /Users/builder/Factory/paperloft/evidence/checkouts/p3-7cd0f79/build/DerivedData/SDKExplicitPrecompiledModules/_Builtin_stdatomic-EGY520C7KGO9WQA4ZPEA75QMC.pcm

SwiftExplicitDependencyGeneratePcm arm64 /Users/builder/Factory/paperloft/evidence/checkouts/p3-7cd0f79/build/DerivedData/SDKExplicitPrecompiledModules/_Builtin_inttypes-GV92C8SN1BEYRVO8WN6S5L2F.pcm

SwiftExplicitDependencyGeneratePcm arm64 /Users/builder/Factory/paperloft/evidence/checkouts/p3-7cd0f79/build/DerivedData/SDKExplicitPrecompiledModules/Cocoa-6986GE0TY5OOMGPMCHZZWG5W2.pcm

SwiftExplicitDependencyGeneratePcm arm64 /Users/builder/Factory/paperloft/evidence/checkouts/p3-7cd0f79/build/DerivedData/SDKExplicitPrecompiledModules/Darwin-7K58FO32VRCUFCO3P56XO1YEB.pcm

SwiftExplicitDependencyGeneratePcm arm64 /Users/builder/Factory/paperloft/evidence/checkouts/p3-7cd0f79/build/DerivedData/SDKExplicitPrecompiledModules/simd-44JGLPNA0TRJ1ZMQGW8UPN29.pcm

SwiftExplicitDependencyGeneratePcm arm64 /Users/builder/Factory/paperloft/evidence/checkouts/p3-7cd0f79/build/DerivedData/SDKExplicitPrecompiledModules/PDFKit-71CZ6ONQVXF1V40ARBGKZ6B7V.pcm

SwiftEmitModule normal arm64 Emitting\ module\ for\ PaperloftKit (in target 'PaperloftKit' from project 'PaperloftKit')

SwiftCompile normal arm64 (in target 'PaperloftKit' from project 'PaperloftKit')
    cd /Users/builder/Factory/paperloft/evidence/checkouts/p3-7cd0f79/Paperloft.xcodeproj
    

SwiftCompile normal arm64 Compiling\ Recognize.swift,\ ScanImport.swift /Users/builder/Factory/paperloft/evidence/checkouts/p3-7cd0f79/Packages/PaperloftKit/Sources/PaperloftKit/Recognize.swift /Users/builder/Factory/paperloft/evidence/checkouts/p3-7cd0f79/Packages/PaperloftKit/Sources/PaperloftKit/ScanImport.swift (in target 'PaperloftKit' from project 'PaperloftKit')

SwiftCompile normal arm64 /Users/builder/Factory/paperloft/evidence/checkouts/p3-7cd0f79/Packages/PaperloftKit/Sources/PaperloftKit/Recognize.swift (in target 'PaperloftKit' from project 'PaperloftKit')
    cd /Users/builder/Factory/paperloft/evidence/checkouts/p3-7cd0f79/Paperloft.xcodeproj
    builtin-SwiftPerFileCompile Recognize.swift

SwiftCompile normal arm64 /Users/builder/Factory/paperloft/evidence/checkouts/p3-7cd0f79/Packages/PaperloftKit/Sources/PaperloftKit/ScanImport.swift (in target 'PaperloftKit' from project 'PaperloftKit')
    cd /Users/builder/Factory/paperloft/evidence/checkouts/p3-7cd0f79/Paperloft.xcodeproj
    builtin-SwiftPerFileCompile ScanImport.swift

SwiftCompile normal arm64 Compiling\ ReceiptIndex.swift,\ ReceiptNameTemplate.swift /Users/builder/Factory/paperloft/evidence/checkouts/p3-7cd0f79/Packages/PaperloftKit/Sources/PaperloftKit/ReceiptIndex.swift /Users/builder/Factory/paperloft/evidence/checkouts/p3-7cd0f79/Packages/PaperloftKit/Sources/PaperloftKit/ReceiptNameTemplate.swift (in target 'PaperloftKit' from project 'PaperloftKit')

SwiftCompile normal arm64 /Users/builder/Factory/paperloft/evidence/checkouts/p3-7cd0f79/Packages/PaperloftKit/Sources/PaperloftKit/ReceiptIndex.swift (in target 'PaperloftKit' from project 'PaperloftKit')
    cd /Users/builder/Factory/paperloft/evidence/checkouts/p3-7cd0f79/Paperloft.xcodeproj
    builtin-SwiftPerFileCompile ReceiptIndex.swift

SwiftCompile normal arm64 /Users/builder/Factory/paperloft/evidence/checkouts/p3-7cd0f79/Packages/PaperloftKit/Sources/PaperloftKit/ReceiptNameTemplate.swift (in target 'PaperloftKit' from project 'PaperloftKit')
    cd /Users/builder/Factory/paperloft/evidence/checkouts/p3-7cd0f79/Paperloft.xcodeproj
    builtin-SwiftPerFileCompile ReceiptNameTemplate.swift

SwiftCompile normal arm64 Compiling\ LibraryStore.swift,\ MailAttachmentSupport.swift,\ MailCandidateSelection.swift /Users/builder/Factory/paperloft/evidence/checkouts/p3-7cd0f79/Packages/PaperloftKit/Sources/PaperloftKit/LibraryStore.swift /Users/builder/Factory/paperloft/evidence/checkouts/p3-7cd0f79/Packages/PaperloftKit/Sources/PaperloftKit/MailAttachmentSupport.swift /Users/builder/Factory/paperloft/evidence/checkouts/p3-7cd0f79/Packages/PaperloftKit/Sources/PaperloftKit/MailCandidateSelection.swift (in target 'PaperloftKit' from project 'PaperloftKit')

SwiftCompile normal arm64 /Users/builder/Factory/paperloft/evidence/checkouts/p3-7cd0f79/Packages/PaperloftKit/Sources/PaperloftKit/LibraryStore.swift (in target 'PaperloftKit' from project 'PaperloftKit')
    cd /Users/builder/Factory/paperloft/evidence/checkouts/p3-7cd0f79/Paperloft.xcodeproj
    builtin-SwiftPerFileCompile LibraryStore.swift

SwiftCompile normal arm64 /Users/builder/Factory/paperloft/evidence/checkouts/p3-7cd0f79/Packages/PaperloftKit/Sources/PaperloftKit/MailAttachmentSupport.swift (in target 'PaperloftKit' from project 'PaperloftKit')
    cd /Users/builder/Factory/paperloft/evidence/checkouts/p3-7cd0f79/Paperloft.xcodeproj
    builtin-SwiftPerFileCompile MailAttachmentSupport.swift

SwiftCompile normal arm64 /Users/builder/Factory/paperloft/evidence/checkouts/p3-7cd0f79/Packages/PaperloftKit/Sources/PaperloftKit/MailCandidateSelection.swift (in target 'PaperloftKit' from project 'PaperloftKit')
    cd /Users/builder/Factory/paperloft/evidence/checkouts/p3-7cd0f79/Paperloft.xcodeproj
    builtin-SwiftPerFileCompile MailCandidateSelection.swift

SwiftCompile normal arm64 Compiling\ MailDeliveryLedger.swift,\ MailDocument.swift,\ MailEnvelope.swift /Users/builder/Factory/paperloft/evidence/checkouts/p3-7cd0f79/Packages/PaperloftKit/Sources/PaperloftKit/MailDeliveryLedger.swift /Users/builder/Factory/paperloft/evidence/checkouts/p3-7cd0f79/Packages/PaperloftKit/Sources/PaperloftKit/MailDocument.swift /Users/builder/Factory/paperloft/evidence/checkouts/p3-7cd0f79/Packages/PaperloftKit/Sources/PaperloftKit/MailEnvelope.swift (in target 'PaperloftKit' from project 'PaperloftKit')

SwiftCompile normal arm64 /Users/builder/Factory/paperloft/evidence/checkouts/p3-7cd0f79/Packages/PaperloftKit/Sources/PaperloftKit/MailDeliveryLedger.swift (in target 'PaperloftKit' from project 'PaperloftKit')
    cd /Users/builder/Factory/paperloft/evidence/checkouts/p3-7cd0f79/Paperloft.xcodeproj
    builtin-SwiftPerFileCompile MailDeliveryLedger.swift

SwiftCompile normal arm64 /Users/builder/Factory/paperloft/evidence/checkouts/p3-7cd0f79/Packages/PaperloftKit/Sources/PaperloftKit/MailDocument.swift (in target 'PaperloftKit' from project 'PaperloftKit')
    cd /Users/builder/Factory/paperloft/evidence/checkouts/p3-7cd0f79/Paperloft.xcodeproj
    builtin-SwiftPerFileCompile MailDocument.swift

SwiftCompile normal arm64 /Users/builder/Factory/paperloft/evidence/checkouts/p3-7cd0f79/Packages/PaperloftKit/Sources/PaperloftKit/MailEnvelope.swift (in target 'PaperloftKit' from project 'PaperloftKit')
    cd /Users/builder/Factory/paperloft/evidence/checkouts/p3-7cd0f79/Paperloft.xcodeproj
    builtin-SwiftPerFileCompile MailEnvelope.swift

SwiftCompile normal arm64 Compiling\ MailFieldHints.swift,\ MailImport.swift,\ Money.swift /Users/builder/Factory/paperloft/evidence/checkouts/p3-7cd0f79/Packages/PaperloftKit/Sources/PaperloftKit/MailFieldHints.swift /Users/builder/Factory/paperloft/evidence/checkouts/p3-7cd0f79/Packages/PaperloftKit/Sources/PaperloftKit/MailImport.swift /Users/builder/Factory/paperloft/evidence/checkouts/p3-7cd0f79/Packages/PaperloftKit/Sources/PaperloftKit/Money.swift (in target 'PaperloftKit' from project 'PaperloftKit')

SwiftCompile normal arm64 /Users/builder/Factory/paperloft/evidence/checkouts/p3-7cd0f79/Packages/PaperloftKit/Sources/PaperloftKit/MailFieldHints.swift (in target 'PaperloftKit' from project 'PaperloftKit')
    cd /Users/builder/Factory/paperloft/evidence/checkouts/p3-7cd0f79/Paperloft.xcodeproj
    builtin-SwiftPerFileCompile MailFieldHints.swift

SwiftCompile normal arm64 /Users/builder/Factory/paperloft/evidence/checkouts/p3-7cd0f79/Packages/PaperloftKit/Sources/PaperloftKit/MailImport.swift (in target 'PaperloftKit' from project 'PaperloftKit')
    cd /Users/builder/Factory/paperloft/evidence/checkouts/p3-7cd0f79/Paperloft.xcodeproj
    builtin-SwiftPerFileCompile MailImport.swift

SwiftCompile normal arm64 /Users/builder/Factory/paperloft/evidence/checkouts/p3-7cd0f79/Packages/PaperloftKit/Sources/PaperloftKit/Money.swift (in target 'PaperloftKit' from project 'PaperloftKit')
    cd /Users/builder/Factory/paperloft/evidence/checkouts/p3-7cd0f79/Paperloft.xcodeproj
    builtin-SwiftPerFileCompile Money.swift

SwiftDriverJobDiscovery normal arm64 Compiling HandoffConsumerLease.swift (in target 'PaperloftHandoff' from project 'PaperloftHandoff')

SwiftCompile normal arm64 Compiling\ Receipt.swift,\ ReceiptEngine.swift /Users/builder/Factory/paperloft/evidence/checkouts/p3-7cd0f79/Packages/PaperloftKit/Sources/PaperloftKit/Receipt.swift /Users/builder/Factory/paperloft/evidence/checkouts/p3-7cd0f79/Packages/PaperloftKit/Sources/PaperloftKit/ReceiptEngine.swift (in target 'PaperloftKit' from project 'PaperloftKit')

SwiftCompile normal arm64 /Users/builder/Factory/paperloft/evidence/checkouts/p3-7cd0f79/Packages/PaperloftKit/Sources/PaperloftKit/Receipt.swift (in target 'PaperloftKit' from project 'PaperloftKit')
    cd /Users/builder/Factory/paperloft/evidence/checkouts/p3-7cd0f79/Paperloft.xcodeproj
    builtin-SwiftPerFileCompile Receipt.swift

SwiftCompile normal arm64 /Users/builder/Factory/paperloft/evidence/checkouts/p3-7cd0f79/Packages/PaperloftKit/Sources/PaperloftKit/ReceiptEngine.swift (in target 'PaperloftKit' from project 'PaperloftKit')
    cd /Users/builder/Factory/paperloft/evidence/checkouts/p3-7cd0f79/Paperloft.xcodeproj
    builtin-SwiftPerFileCompile ReceiptEngine.swift

SwiftDriverJobDiscovery normal arm64 Compiling HandoffFileCopy.swift (in target 'PaperloftHandoff' from project 'PaperloftHandoff')

SwiftCompile normal arm64 Compiling\ IntakeQueue.swift,\ LibraryAccess.swift,\ LibraryFiles.swift /Users/builder/Factory/paperloft/evidence/checkouts/p3-7cd0f79/Packages/PaperloftKit/Sources/PaperloftKit/IntakeQueue.swift /Users/builder/Factory/paperloft/evidence/checkouts/p3-7cd0f79/Packages/PaperloftKit/Sources/PaperloftKit/LibraryAccess.swift /Users/builder/Factory/paperloft/evidence/checkouts/p3-7cd0f79/Packages/PaperloftKit/Sources/PaperloftKit/LibraryFiles.swift (in target 'PaperloftKit' from project 'PaperloftKit')

SwiftCompile normal arm64 /Users/builder/Factory/paperloft/evidence/checkouts/p3-7cd0f79/Packages/PaperloftKit/Sources/PaperloftKit/IntakeQueue.swift (in target 'PaperloftKit' from project 'PaperloftKit')
    cd /Users/builder/Factory/paperloft/evidence/checkouts/p3-7cd0f79/Paperloft.xcodeproj
    builtin-SwiftPerFileCompile IntakeQueue.swift

SwiftCompile normal arm64 /Users/builder/Factory/paperloft/evidence/checkouts/p3-7cd0f79/Packages/PaperloftKit/Sources/PaperloftKit/LibraryAccess.swift (in target 'PaperloftKit' from project 'PaperloftKit')
    cd /Users/builder/Factory/paperloft/evidence/checkouts/p3-7cd0f79/Paperloft.xcodeproj
    builtin-SwiftPerFileCompile LibraryAccess.swift

SwiftCompile normal arm64 /Users/builder/Factory/paperloft/evidence/checkouts/p3-7cd0f79/Packages/PaperloftKit/Sources/PaperloftKit/LibraryFiles.swift (in target 'PaperloftKit' from project 'PaperloftKit')
    cd /Users/builder/Factory/paperloft/evidence/checkouts/p3-7cd0f79/Paperloft.xcodeproj
    builtin-SwiftPerFileCompile LibraryFiles.swift

SwiftExplicitDependencyGeneratePcm arm64 /Users/builder/Factory/paperloft/evidence/checkouts/p3-7cd0f79/build/DerivedData/SDKExplicitPrecompiledModules/CUPS-DBIC9XRU2DKC4JWSD5ZBUTB7N.pcm

SwiftDriverJobDiscovery normal arm64 Compiling HandoffStore.swift (in target 'PaperloftHandoff' from project 'PaperloftHandoff')

SwiftExplicitDependencyGeneratePcm arm64 /Users/builder/Factory/paperloft/evidence/checkouts/p3-7cd0f79/build/DerivedData/SDKExplicitPrecompiledModules/libkern-DAXFW0OLI6LLO0BNTIECOFHKH.pcm

SwiftExplicitDependencyGeneratePcm arm64 /Users/builder/Factory/paperloft/evidence/checkouts/p3-7cd0f79/build/DerivedData/SDKExplicitPrecompiledModules/MachO-708JAWM4PO4YLVJ63WJ91R2RR.pcm

SwiftExplicitDependencyGeneratePcm arm64 /Users/builder/Factory/paperloft/evidence/checkouts/p3-7cd0f79/build/DerivedData/SDKExplicitPrecompiledModules/launch-7APPJCJNIKHBOG4QR0QPP8ZCD.pcm

SwiftExplicitDependencyGeneratePcm arm64 /Users/builder/Factory/paperloft/evidence/checkouts/p3-7cd0f79/build/DerivedData/SDKExplicitPrecompiledModules/Spatial-7OD9JRMGKI3MTJAZSYU1HG07C.pcm

SwiftExplicitDependencyGeneratePcm arm64 /Users/builder/Factory/paperloft/evidence/checkouts/p3-7cd0f79/build/DerivedData/SDKExplicitPrecompiledModules/ObjectiveC-5WJVJ0LV3T4YKQQKLVZOHXW4N.pcm

SwiftCompile normal arm64 Compiling\ TaxSourceEvidence.swift,\ TextLayout.swift /Users/builder/Factory/paperloft/evidence/checkouts/p3-7cd0f79/Packages/PaperloftKit/Sources/PaperloftKit/TaxSourceEvidence.swift /Users/builder/Factory/paperloft/evidence/checkouts/p3-7cd0f79/Packages/PaperloftKit/Sources/PaperloftKit/TextLayout.swift (in target 'PaperloftKit' from project 'PaperloftKit')

SwiftCompile normal arm64 /Users/builder/Factory/paperloft/evidence/checkouts/p3-7cd0f79/Packages/PaperloftKit/Sources/PaperloftKit/TaxSourceEvidence.swift (in target 'PaperloftKit' from project 'PaperloftKit')
    cd /Users/builder/Factory/paperloft/evidence/checkouts/p3-7cd0f79/Paperloft.xcodeproj
    builtin-SwiftPerFileCompile TaxSourceEvidence.swift

SwiftCompile normal arm64 /Users/builder/Factory/paperloft/evidence/checkouts/p3-7cd0f79/Packages/PaperloftKit/Sources/PaperloftKit/TextLayout.swift (in target 'PaperloftKit' from project 'PaperloftKit')
    cd /Users/builder/Factory/paperloft/evidence/checkouts/p3-7cd0f79/Paperloft.xcodeproj
    builtin-SwiftPerFileCompile TextLayout.swift

SwiftExplicitDependencyGeneratePcm arm64 /Users/builder/Factory/paperloft/evidence/checkouts/p3-7cd0f79/build/DerivedData/SDKExplicitPrecompiledModules/os_object-CSCGGFUSRP5K5Z68X8RXKXXQD.pcm

SwiftCompile normal arm64 Compiling\ AccountantPack.swift,\ Assessment.swift,\ Extraction.swift /Users/builder/Factory/paperloft/evidence/checkouts/p3-7cd0f79/Packages/PaperloftKit/Sources/PaperloftKit/AccountantPack.swift /Users/builder/Factory/paperloft/evidence/checkouts/p3-7cd0f79/Packages/PaperloftKit/Sources/PaperloftKit/Assessment.swift /Users/builder/Factory/paperloft/evidence/checkouts/p3-7cd0f79/Packages/PaperloftKit/Sources/PaperloftKit/Extraction.swift (in target 'PaperloftKit' from project 'PaperloftKit')

SwiftCompile normal arm64 /Users/builder/Factory/paperloft/evidence/checkouts/p3-7cd0f79/Packages/PaperloftKit/Sources/PaperloftKit/AccountantPack.swift (in target 'PaperloftKit' from project 'PaperloftKit')
    cd /Users/builder/Factory/paperloft/evidence/checkouts/p3-7cd0f79/Paperloft.xcodeproj
    builtin-SwiftPerFileCompile AccountantPack.swift

SwiftCompile normal arm64 /Users/builder/Factory/paperloft/evidence/checkouts/p3-7cd0f79/Packages/PaperloftKit/Sources/PaperloftKit/Assessment.swift (in target 'PaperloftKit' from project 'PaperloftKit')
    cd /Users/builder/Factory/paperloft/evidence/checkouts/p3-7cd0f79/Paperloft.xcodeproj
    builtin-SwiftPerFileCompile Assessment.swift

SwiftCompile normal arm64 /Users/builder/Factory/paperloft/evidence/checkouts/p3-7cd0f79/Packages/PaperloftKit/Sources/PaperloftKit/Extraction.swift (in target 'PaperloftKit' from project 'PaperloftKit')
    cd /Users/builder/Factory/paperloft/evidence/checkouts/p3-7cd0f79/Paperloft.xcodeproj
    builtin-SwiftPerFileCompile Extraction.swift

SwiftDriverJobDiscovery normal arm64 Compiling ReceiptIndex.swift, ReceiptNameTemplate.swift (in target 'PaperloftKit' from project 'PaperloftKit')

SwiftCompile normal arm64 Compiling\ UnderstandingQuota.swift,\ WatchedFolderScanner.swift /Users/builder/Factory/paperloft/evidence/checkouts/p3-7cd0f79/Packages/PaperloftKit/Sources/PaperloftKit/UnderstandingQuota.swift /Users/builder/Factory/paperloft/evidence/checkouts/p3-7cd0f79/Packages/PaperloftKit/Sources/PaperloftKit/WatchedFolderScanner.swift (in target 'PaperloftKit' from project 'PaperloftKit')

SwiftCompile normal arm64 /Users/builder/Factory/paperloft/evidence/checkouts/p3-7cd0f79/Packages/PaperloftKit/Sources/PaperloftKit/UnderstandingQuota.swift (in target 'PaperloftKit' from project 'PaperloftKit')
    cd /Users/builder/Factory/paperloft/evidence/checkouts/p3-7cd0f79/Paperloft.xcodeproj
    builtin-SwiftPerFileCompile UnderstandingQuota.swift

SwiftCompile normal arm64 /Users/builder/Factory/paperloft/evidence/checkouts/p3-7cd0f79/Packages/PaperloftKit/Sources/PaperloftKit/WatchedFolderScanner.swift (in target 'PaperloftKit' from project 'PaperloftKit')
    cd /Users/builder/Factory/paperloft/evidence/checkouts/p3-7cd0f79/Paperloft.xcodeproj
    builtin-SwiftPerFileCompile WatchedFolderScanner.swift

SwiftDriverJobDiscovery normal arm64 Emitting module for PaperloftKit (in target 'PaperloftKit' from project 'PaperloftKit')

SwiftDriver\ Compilation\ Requirements PaperloftKit normal arm64 com.apple.xcode.tools.swift.compiler (in target 'PaperloftKit' from project 'PaperloftKit')
    cd /Users/builder/Factory/paperloft/evidence/checkouts/p3-7cd0f79/Paperloft.xcodeproj
    builtin-Swift-Compilation-Requirements -- /Applications/Xcode.app/Contents/Developer/Toolchains/XcodeDefault.xctoolchain/usr/bin/swiftc -parse-as-library -module-name PaperloftKit -Onone @/Users/builder/Factory/paperloft/evidence/checkouts/p3-7cd0f79/build/DerivedData/Build/Intermediates.noindex/PaperloftKit.build/Debug/PaperloftKit-t.build/Objects-normal/arm64/PaperloftKit.SwiftFileList -DSWIFT_PACKAGE -DDEBUG -DSWIFT_MODULE_RESOURCE_BUNDLE_UNAVAILABLE -DXcode -plugin-path /Applications/Xcode.app/Contents/Developer/Toolchains/XcodeDefault.xctoolchain/usr/lib/swift/host/plugins/testing -enable-experimental-feature DebugDescriptionMacro -sdk /Applications/Xcode.app/Contents/Developer/Platforms/MacOSX.platform/Developer/SDKs/MacOSX27.0.sdk -target arm64-apple-macos27.0 -g -module-cache-path /Users/builder/Factory/paperloft/evidence/checkouts/p3-7cd0f79/build/DerivedData/ModuleCache.noindex -Xfrontend -serialize-debugging-options -profile-coverage-mapping -profile-generate -enable-testing -warnings-as-errors -index-store-path /Users/builder/Factory/paperloft/evidence/checkouts/p3-7cd0f79/build/DerivedData/Index.noindex/DataStore -Xcc -D_LIBCPP_HARDENING_MODE\=_LIBCPP_HARDENING_MODE_DEBUG -swift-version 6 -I /Users/builder/Factory/paperloft/evidence/checkouts/p3-7cd0f79/build/DerivedData/Build/Products/Debug -Isystem /Applications/Xcode.app/Contents/Developer/Platforms/MacOSX.platform/Developer/usr/lib -F /Users/builder/Factory/paperloft/evidence/checkouts/p3-7cd0f79/build/DerivedData/Build/Products/Debug -F /Applications/Xcode.app/Contents/Developer/Platforms/MacOSX.platform/Developer/Library/Frameworks -c -j10 -enable-batch-mode -incremental -Xcc -ivfsstatcache -Xcc /Users/builder/Factory/paperloft/evidence/checkouts/p3-7cd0f79/build/DerivedData/SDKStatCaches.noindex/macosx27.0-26A425-7231f6df4def33e022ae2eb8f782df1a.sdkstatcache -output-file-map /Users/builder/Factory/paperloft/evidence/checkouts/p3-7cd0f79/build/DerivedData/Build/Intermediates.noindex/PaperloftKit.build/Debug/PaperloftKit-t.build/Objects-normal/arm64/PaperloftKit-OutputFileMap.json -save-temps -no-color-diagnostics -explicit-module-build -module-cache-path /Users/builder/Factory/paperloft/evidence/checkouts/p3-7cd0f79/build/DerivedData/Build/Intermediates.noindex/SwiftExplicitPrecompiledModules -clang-scanner-module-cache-path /Users/builder/Factory/paperloft/evidence/checkouts/p3-7cd0f79/build/DerivedData/ModuleCache.noindex -sdk-module-cache-path /Users/builder/Factory/paperloft/evidence/checkouts/p3-7cd0f79/build/DerivedData/SDKExplicitPrecompiledModules -emit-dependencies -emit-module -emit-module-path /Users/builder/Factory/paperloft/evidence/checkouts/p3-7cd0f79/build/DerivedData/Build/Intermediates.noindex/PaperloftKit.build/Debug/PaperloftKit-t.build/Objects-normal/arm64/PaperloftKit.swiftmodule -serialize-diagnostics -dependency-scan-serialize-diagnostics-path /Users/builder/Factory/paperloft/evidence/checkouts/p3-7cd0f79/build/DerivedData/Build/Intermediates.noindex/PaperloftKit.build/Debug/PaperloftKit-t.build/Objects-normal/arm64/PaperloftKit-dependency-scan.dia -validate-clang-modules-once -clang-build-session-file /Users/builder/Factory/paperloft/evidence/checkouts/p3-7cd0f79/build/DerivedData/ModuleCache.noindex/Session.modulevalidation -Xcc -fmodules-prune-interval\=86400 -Xcc -fmodules-prune-after\=345600 -package-name paperloftkit -emit-const-values -const-gather-protocols-list /Users/builder/Factory/paperloft/evidence/checkouts/p3-7cd0f79/build/DerivedData/Build/Intermediates.noindex/PaperloftKit.build/Debug/PaperloftKit-t.build/Objects-normal/arm64/PaperloftKit_const_extract_protocols.json -Xcc -I/Users/builder/Factory/paperloft/evidence/checkouts/p3-7cd0f79/build/DerivedData/Build/Products/Debug/include -Xcc -I/Users/builder/Factory/paperloft/evidence/checkouts/p3-7cd0f79/build/DerivedData/Build/Intermediates.noindex/PaperloftKit.build/Debug/PaperloftKit-t.build/DerivedSources-normal/arm64 -Xcc -I/Users/builder/Factory/paperloft/evidence/checkouts/p3-7cd0f79/build/DerivedData/Build/Intermediates.noindex/PaperloftKit.build/Debug/PaperloftKit-t.build/DerivedSources/arm64 -Xcc -I/Users/builder/Factory/paperloft/evidence/checkouts/p3-7cd0f79/build/DerivedData/Build/Intermediates.noindex/PaperloftKit.build/Debug/PaperloftKit-t.build/DerivedSources -Xcc -DSWIFT_PACKAGE -Xcc -DDEBUG\=1 -emit-objc-header -emit-objc-header-path /Users/builder/Factory/paperloft/evidence/checkouts/p3-7cd0f79/build/DerivedData/Build/Intermediates.noindex/PaperloftKit.build/Debug/PaperloftKit-t.build/Objects-normal/arm64/PaperloftKit-Swift.h -working-directory /Users/builder/Factory/paperloft/evidence/checkouts/p3-7cd0f79/Paperloft.xcodeproj -experimental-emit-module-separately -disable-cmo

SwiftDriverJobDiscovery normal arm64 Compiling Receipt.swift, ReceiptEngine.swift (in target 'PaperloftKit' from project 'PaperloftKit')

SwiftDriver\ Compilation PaperloftHandoff normal arm64 com.apple.xcode.tools.swift.compiler (in target 'PaperloftHandoff' from project 'PaperloftHandoff')
    cd /Users/builder/Factory/paperloft/evidence/checkouts/p3-7cd0f79/Paperloft.xcodeproj
    builtin-Swift-Compilation -- /Applications/Xcode.app/Contents/Developer/Toolchains/XcodeDefault.xctoolchain/usr/bin/swiftc -parse-as-library -module-name PaperloftHandoff -Onone @/Users/builder/Factory/paperloft/evidence/checkouts/p3-7cd0f79/build/DerivedData/Build/Intermediates.noindex/PaperloftHandoff.build/Debug/PaperloftHandoff-t.build/Objects-normal/arm64/PaperloftHandoff.SwiftFileList -DSWIFT_PACKAGE -DDEBUG -DSWIFT_MODULE_RESOURCE_BUNDLE_UNAVAILABLE -DXcode -plugin-path /Applications/Xcode.app/Contents/Developer/Toolchains/XcodeDefault.xctoolchain/usr/lib/swift/host/plugins/testing -enable-experimental-feature DebugDescriptionMacro -sdk /Applications/Xcode.app/Contents/Developer/Platforms/MacOSX.platform/Developer/SDKs/MacOSX27.0.sdk -target arm64-apple-macos13.0 -g -module-cache-path /Users/builder/Factory/paperloft/evidence/checkouts/p3-7cd0f79/build/DerivedData/ModuleCache.noindex -Xfrontend -serialize-debugging-options -profile-coverage-mapping -profile-generate -enable-testing -warnings-as-errors -index-store-path /Users/builder/Factory/paperloft/evidence/checkouts/p3-7cd0f79/build/DerivedData/Index.noindex/DataStore -Xcc -D_LIBCPP_HARDENING_MODE\=_LIBCPP_HARDENING_MODE_DEBUG -swift-version 6 -I /Users/builder/Factory/paperloft/evidence/checkouts/p3-7cd0f79/build/DerivedData/Build/Products/Debug -Isystem /Applications/Xcode.app/Contents/Developer/Platforms/MacOSX.platform/Developer/usr/lib -F /Users/builder/Factory/paperloft/evidence/checkouts/p3-7cd0f79/build/DerivedData/Build/Products/Debug -F /Applications/Xcode.app/Contents/Developer/Platforms/MacOSX.platform/Developer/Library/Frameworks -c -j10 -enable-batch-mode -incremental -Xcc -ivfsstatcache -Xcc /Users/builder/Factory/paperloft/evidence/checkouts/p3-7cd0f79/build/DerivedData/SDKStatCaches.noindex/macosx27.0-26A425-7231f6df4def33e022ae2eb8f782df1a.sdkstatcache -output-file-map /Users/builder/Factory/paperloft/evidence/checkouts/p3-7cd0f79/build/DerivedData/Build/Intermediates.noindex/PaperloftHandoff.build/Debug/PaperloftHandoff-t.build/Objects-normal/arm64/PaperloftHandoff-OutputFileMap.json -save-temps -no-color-diagnostics -explicit-module-build -module-cache-path /Users/builder/Factory/paperloft/evidence/checkouts/p3-7cd0f79/build/DerivedData/Build/Intermediates.noindex/SwiftExplicitPrecompiledModules -clang-scanner-module-cache-path /Users/builder/Factory/paperloft/evidence/checkouts/p3-7cd0f79/build/DerivedData/ModuleCache.noindex -sdk-module-cache-path /Users/builder/Factory/paperloft/evidence/checkouts/p3-7cd0f79/build/DerivedData/SDKExplicitPrecompiledModules -emit-dependencies -emit-module -emit-module-path /Users/builder/Factory/paperloft/evidence/checkouts/p3-7cd0f79/build/DerivedData/Build/Intermediates.noindex/PaperloftHandoff.build/Debug/PaperloftHandoff-t.build/Objects-normal/arm64/PaperloftHandoff.swiftmodule -serialize-diagnostics -dependency-scan-serialize-diagnostics-path /Users/builder/Factory/paperloft/evidence/checkouts/p3-7cd0f79/build/DerivedData/Build/Intermediates.noindex/PaperloftHandoff.build/Debug/PaperloftHandoff-t.build/Objects-normal/arm64/PaperloftHandoff-dependency-scan.dia -validate-clang-modules-once -clang-build-session-file /Users/builder/Factory/paperloft/evidence/checkouts/p3-7cd0f79/build/DerivedData/ModuleCache.noindex/Session.modulevalidation -Xcc -fmodules-prune-interval\=86400 -Xcc -fmodules-prune-after\=345600 -package-name paperlofthandoff -emit-const-values -const-gather-protocols-list /Users/builder/Factory/paperloft/evidence/checkouts/p3-7cd0f79/build/DerivedData/Build/Intermediates.noindex/PaperloftHandoff.build/Debug/PaperloftHandoff-t.build/Objects-normal/arm64/PaperloftHandoff_const_extract_protocols.json -Xcc -I/Users/builder/Factory/paperloft/evidence/checkouts/p3-7cd0f79/build/DerivedData/Build/Products/Debug/include -Xcc -I/Users/builder/Factory/paperloft/evidence/checkouts/p3-7cd0f79/build/DerivedData/Build/Intermediates.noindex/PaperloftHandoff.build/Debug/PaperloftHandoff-t.build/DerivedSources-normal/arm64 -Xcc -I/Users/builder/Factory/paperloft/evidence/checkouts/p3-7cd0f79/build/DerivedData/Build/Intermediates.noindex/PaperloftHandoff.build/Debug/PaperloftHandoff-t.build/DerivedSources/arm64 -Xcc -I/Users/builder/Factory/paperloft/evidence/checkouts/p3-7cd0f79/build/DerivedData/Build/Intermediates.noindex/PaperloftHandoff.build/Debug/PaperloftHandoff-t.build/DerivedSources -Xcc -DSWIFT_PACKAGE -Xcc -DDEBUG\=1 -emit-objc-header -emit-objc-header-path /Users/builder/Factory/paperloft/evidence/checkouts/p3-7cd0f79/build/DerivedData/Build/Intermediates.noindex/PaperloftHandoff.build/Debug/PaperloftHandoff-t.build/Objects-normal/arm64/PaperloftHandoff-Swift.h -working-directory /Users/builder/Factory/paperloft/evidence/checkouts/p3-7cd0f79/Paperloft.xcodeproj -experimental-emit-module-separately -disable-cmo

SwiftMergeGeneratedHeaders /Users/builder/Factory/paperloft/evidence/checkouts/p3-7cd0f79/build/DerivedData/Build/Intermediates.noindex/GeneratedModuleMaps/PaperloftKit-Swift.h /Users/builder/Factory/paperloft/evidence/checkouts/p3-7cd0f79/build/DerivedData/Build/Intermediates.noindex/PaperloftKit.build/Debug/PaperloftKit-t.build/Objects-normal/arm64/PaperloftKit-Swift.h (in target 'PaperloftKit' from project 'PaperloftKit')
    cd /Users/builder/Factory/paperloft/evidence/checkouts/p3-7cd0f79/Packages/PaperloftKit
    builtin-swiftHeaderTool -arch arm64 /Users/builder/Factory/paperloft/evidence/checkouts/p3-7cd0f79/build/DerivedData/Build/Intermediates.noindex/PaperloftKit.build/Debug/PaperloftKit-t.build/Objects-normal/arm64/PaperloftKit-Swift.h -o /Users/builder/Factory/paperloft/evidence/checkouts/p3-7cd0f79/build/DerivedData/Build/Intermediates.noindex/GeneratedModuleMaps/PaperloftKit-Swift.h

Copy /Users/builder/Factory/paperloft/evidence/checkouts/p3-7cd0f79/build/DerivedData/Build/Products/Debug/PaperloftKit.swiftmodule/arm64-apple-macos.swiftmodule /Users/builder/Factory/paperloft/evidence/checkouts/p3-7cd0f79/build/DerivedData/Build/Intermediates.noindex/PaperloftKit.build/Debug/PaperloftKit-t.build/Objects-normal/arm64/PaperloftKit.swiftmodule (in target 'PaperloftKit' from project 'PaperloftKit')
    cd /Users/builder/Factory/paperloft/evidence/checkouts/p3-7cd0f79/Packages/PaperloftKit
    builtin-copy -exclude .DS_Store -exclude CVS -exclude .svn -exclude .git -exclude .hg -resolve-src-symlinks -rename /Users/builder/Factory/paperloft/evidence/checkouts/p3-7cd0f79/build/DerivedData/Build/Intermediates.noindex/PaperloftKit.build/Debug/PaperloftKit-t.build/Objects-normal/arm64/PaperloftKit.swiftmodule /Users/builder/Factory/paperloft/evidence/checkouts/p3-7cd0f79/build/DerivedData/Build/Products/Debug/PaperloftKit.swiftmodule/arm64-apple-macos.swiftmodule

Copy /Users/builder/Factory/paperloft/evidence/checkouts/p3-7cd0f79/build/DerivedData/Build/Products/Debug/PaperloftKit.swiftmodule/arm64-apple-macos.swiftdoc /Users/builder/Factory/paperloft/evidence/checkouts/p3-7cd0f79/build/DerivedData/Build/Intermediates.noindex/PaperloftKit.build/Debug/PaperloftKit-t.build/Objects-normal/arm64/PaperloftKit.swiftdoc (in target 'PaperloftKit' from project 'PaperloftKit')
    cd /Users/builder/Factory/paperloft/evidence/checkouts/p3-7cd0f79/Packages/PaperloftKit
    builtin-copy -exclude .DS_Store -exclude CVS -exclude .svn -exclude .git -exclude .hg -resolve-src-symlinks -rename /Users/builder/Factory/paperloft/evidence/checkouts/p3-7cd0f79/build/DerivedData/Build/Intermediates.noindex/PaperloftKit.build/Debug/PaperloftKit-t.build/Objects-normal/arm64/PaperloftKit.swiftdoc /Users/builder/Factory/paperloft/evidence/checkouts/p3-7cd0f79/build/DerivedData/Build/Products/Debug/PaperloftKit.swiftmodule/arm64-apple-macos.swiftdoc

Copy /Users/builder/Factory/paperloft/evidence/checkouts/p3-7cd0f79/build/DerivedData/Build/Products/Debug/PaperloftKit.swiftmodule/arm64-apple-macos.abi.json /Users/builder/Factory/paperloft/evidence/checkouts/p3-7cd0f79/build/DerivedData/Build/Intermediates.noindex/PaperloftKit.build/Debug/PaperloftKit-t.build/Objects-normal/arm64/PaperloftKit.abi.json (in target 'PaperloftKit' from project 'PaperloftKit')
    cd /Users/builder/Factory/paperloft/evidence/checkouts/p3-7cd0f79/Packages/PaperloftKit
    builtin-copy -exclude .DS_Store -exclude CVS -exclude .svn -exclude .git -exclude .hg -resolve-src-symlinks -rename /Users/builder/Factory/paperloft/evidence/checkouts/p3-7cd0f79/build/DerivedData/Build/Intermediates.noindex/PaperloftKit.build/Debug/PaperloftKit-t.build/Objects-normal/arm64/PaperloftKit.abi.json /Users/builder/Factory/paperloft/evidence/checkouts/p3-7cd0f79/build/DerivedData/Build/Products/Debug/PaperloftKit.swiftmodule/arm64-apple-macos.abi.json

Copy /Users/builder/Factory/paperloft/evidence/checkouts/p3-7cd0f79/build/DerivedData/Build/Products/Debug/PaperloftKit.swiftmodule/Project/arm64-apple-macos.swiftsourceinfo /Users/builder/Factory/paperloft/evidence/checkouts/p3-7cd0f79/build/DerivedData/Build/Intermediates.noindex/PaperloftKit.build/Debug/PaperloftKit-t.build/Objects-normal/arm64/PaperloftKit.swiftsourceinfo (in target 'PaperloftKit' from project 'PaperloftKit')
    cd /Users/builder/Factory/paperloft/evidence/checkouts/p3-7cd0f79/Packages/PaperloftKit
    builtin-copy -exclude .DS_Store -exclude CVS -exclude .svn -exclude .git -exclude .hg -resolve-src-symlinks -rename /Users/builder/Factory/paperloft/evidence/checkouts/p3-7cd0f79/build/DerivedData/Build/Intermediates.noindex/PaperloftKit.build/Debug/PaperloftKit-t.build/Objects-normal/arm64/PaperloftKit.swiftsourceinfo /Users/builder/Factory/paperloft/evidence/checkouts/p3-7cd0f79/build/DerivedData/Build/Products/Debug/PaperloftKit.swiftmodule/Project/arm64-apple-macos.swiftsourceinfo

Ld /Users/builder/Factory/paperloft/evidence/checkouts/p3-7cd0f79/build/DerivedData/Build/Products/Debug/PaperloftHandoff.o normal (in target 'PaperloftHandoff' from project 'PaperloftHandoff')
    cd /Users/builder/Factory/paperloft/evidence/checkouts/p3-7cd0f79/Packages/PaperloftHandoff
    /Applications/Xcode.app/Contents/Developer/Toolchains/XcodeDefault.xctoolchain/usr/bin/clang -Xlinker -reproducible -target arm64-apple-macos13.0 -r -isysroot /Applications/Xcode.app/Contents/Developer/Platforms/MacOSX.platform/Developer/SDKs/MacOSX27.0.sdk -O0 -Xlinker -no_warn_duplicate_libraries -F/Users/builder/Factory/paperloft/evidence/checkouts/p3-7cd0f79/build/DerivedData/Build/Intermediates.noindex/EagerLinkingTBDs/Debug -F/Users/builder/Factory/paperloft/evidence/checkouts/p3-7cd0f79/build/DerivedData/Build/Products/Debug -iframework /Applications/Xcode.app/Contents/Developer/Platforms/MacOSX.platform/Developer/Library/Frameworks -filelist /Users/builder/Factory/paperloft/evidence/checkouts/p3-7cd0f79/build/DerivedData/Build/Intermediates.noindex/PaperloftHandoff.build/Debug/PaperloftHandoff-t.build/Objects-normal/arm64/PaperloftHandoff.LinkFileList -nostdlib -Xlinker -object_path_lto -Xlinker /Users/builder/Factory/paperloft/evidence/checkouts/p3-7cd0f79/build/DerivedData/Build/Intermediates.noindex/PaperloftHandoff.build/Debug/PaperloftHandoff-t.build/Objects-normal/arm64/PaperloftHandoff_lto.o -Xlinker -no_deduplicate -Xlinker -debug_variant -Xlinker -dependency_info -Xlinker /Users/builder/Factory/paperloft/evidence/checkouts/p3-7cd0f79/build/DerivedData/Build/Intermediates.noindex/PaperloftHandoff.build/Debug/PaperloftHandoff-t.build/Objects-normal/arm64/PaperloftHandoff_dependency_info.dat -fobjc-link-runtime -L/Applications/Xcode.app/Contents/Developer/Toolchains/XcodeDefault.xctoolchain/usr/lib/swift/macosx -L/usr/lib/swift -Xlinker -add_ast_path -Xlinker /Users/builder/Factory/paperloft/evidence/checkouts/p3-7cd0f79/build/DerivedData/Build/Intermediates.noindex/PaperloftHandoff.build/Debug/PaperloftHandoff-t.build/Objects-normal/arm64/PaperloftHandoff.swiftmodule -o /Users/builder/Factory/paperloft/evidence/checkouts/p3-7cd0f79/build/DerivedData/Build/Products/Debug/PaperloftHandoff.o

SwiftExplicitDependencyGeneratePcm arm64 /Users/builder/Factory/paperloft/evidence/checkouts/p3-7cd0f79/build/DerivedData/SDKExplicitPrecompiledModules/os_workgroup-BQHPJAC318WA8LB9JX5VL17XR.pcm

ExtractAppIntentsMetadata (in target 'PaperloftHandoff' from project 'PaperloftHandoff')
    cd /Users/builder/Factory/paperloft/evidence/checkouts/p3-7cd0f79/Packages/PaperloftHandoff
    /Applications/Xcode.app/Contents/Developer/Toolchains/XcodeDefault.xctoolchain/usr/bin/appintentsmetadataprocessor --toolchain-dir /Applications/Xcode.app/Contents/Developer/Toolchains/XcodeDefault.xctoolchain --module-name PaperloftHandoff --sdk-root /Applications/Xcode.app/Contents/Developer/Platforms/MacOSX.platform/Developer/SDKs/MacOSX27.0.sdk --xcode-version 27A266a --platform-family macOS --deployment-target 13.0 --bundle-identifier paperlofthandoff.PaperloftHandoff --output /Users/builder/Factory/paperloft/evidence/checkouts/p3-7cd0f79/build/DerivedData/Build/Products/Debug/PaperloftHandoff.appintents --target-triple arm64-apple-macos13.0 --binary-file /Users/builder/Factory/paperloft/evidence/checkouts/p3-7cd0f79/build/DerivedData/Build/Products/Debug/PaperloftHandoff.o --dependency-file /Users/builder/Factory/paperloft/evidence/checkouts/p3-7cd0f79/build/DerivedData/Build/Intermediates.noindex/PaperloftHandoff.build/Debug/PaperloftHandoff-t.build/Objects-normal/arm64/PaperloftHandoff_dependency_info.dat --stringsdata-file /Users/builder/Factory/paperloft/evidence/checkouts/p3-7cd0f79/build/DerivedData/Build/Intermediates.noindex/PaperloftHandoff.build/Debug/PaperloftHandoff-t.build/Objects-normal/arm64/ExtractedAppShortcutsMetadata.stringsdata --source-file-list /Users/builder/Factory/paperloft/evidence/checkouts/p3-7cd0f79/build/DerivedData/Build/Intermediates.noindex/PaperloftHandoff.build/Debug/PaperloftHandoff-t.build/Objects-normal/arm64/PaperloftHandoff.SwiftFileList --metadata-file-list /Users/builder/Factory/paperloft/evidence/checkouts/p3-7cd0f79/build/DerivedData/Build/Intermediates.noindex/PaperloftHandoff.build/Debug/PaperloftHandoff-t.build/PaperloftHandoff.DependencyMetadataFileList --static-metadata-file-list /Users/builder/Factory/paperloft/evidence/checkouts/p3-7cd0f79/build/DerivedData/Build/Intermediates.noindex/PaperloftHandoff.build/Debug/PaperloftHandoff-t.build/PaperloftHandoff.DependencyStaticMetadataFileList --swift-const-vals-list /Users/builder/Factory/paperloft/evidence/checkouts/p3-7cd0f79/build/DerivedData/Build/Intermediates.noindex/PaperloftHandoff.build/Debug/PaperloftHandoff-t.build/Objects-normal/arm64/PaperloftHandoff.SwiftConstValuesFileList --force --compile-time-extraction --deployment-aware-processing --no-app-shortcuts-localization
2026-10-01 21:48:36.370 appintentsmetadataprocessor[28796:6773404] Starting appintentsmetadataprocessor export
2026-10-01 21:48:36.458 appintentsmetadataprocessor[28796:6773404] Extracted no relevant App Intents symbols, skipping writing output

SwiftExplicitDependencyGeneratePcm arm64 /Users/builder/Factory/paperloft/evidence/checkouts/p3-7cd0f79/build/DerivedData/SDKExplicitPrecompiledModules/Dispatch-73TLUIGA9FRW8Y5HBBO4PZRSZ.pcm

ProcessInfoPlistFile /Users/builder/Factory/paperloft/evidence/checkouts/p3-7cd0f79/build/DerivedData/Build/Products/Debug/PaperloftShare.appex/Contents/Info.plist /Users/builder/Factory/paperloft/evidence/checkouts/p3-7cd0f79/Configuration/Share-Info.plist (in target 'PaperloftShare' from project 'Paperloft')
    cd /Users/builder/Factory/paperloft/evidence/checkouts/p3-7cd0f79
    builtin-infoPlistUtility /Users/builder/Factory/paperloft/evidence/checkouts/p3-7cd0f79/Configuration/Share-Info.plist -producttype com.apple.product-type.app-extension -expandbuildsettings -platform macosx -o /Users/builder/Factory/paperloft/evidence/checkouts/p3-7cd0f79/build/DerivedData/Build/Products/Debug/PaperloftShare.appex/Contents/Info.plist

Ld /Users/builder/Factory/paperloft/evidence/checkouts/p3-7cd0f79/build/DerivedData/Build/Products/Debug/PaperloftShare.appex/Contents/MacOS/__preview.dylib normal (in target 'PaperloftShare' from project 'Paperloft')
    cd /Users/builder/Factory/paperloft/evidence/checkouts/p3-7cd0f79
    /Applications/Xcode.app/Contents/Developer/Toolchains/XcodeDefault.xctoolchain/usr/bin/clang -Xlinker -reproducible -target arm64-apple-macos27.0 -dynamiclib -isysroot /Applications/Xcode.app/Contents/Developer/Platforms/MacOSX.platform/Developer/SDKs/MacOSX27.0.sdk -Os -Xlinker -no_warn_duplicate_libraries -L/Users/builder/Factory/paperloft/evidence/checkouts/p3-7cd0f79/build/DerivedData/Build/Products/Debug -F/Users/builder/Factory/paperloft/evidence/checkouts/p3-7cd0f79/build/DerivedData/Build/Products/Debug/PackageFrameworks -F/Users/builder/Factory/paperloft/evidence/checkouts/p3-7cd0f79/build/DerivedData/Build/Products/Debug -install_name @rpath/PaperloftShare.debug.dylib -rdynamic -Xlinker -debug_variant -Xlinker -dependency_info -Xlinker /Users/builder/Factory/paperloft/evidence/checkouts/p3-7cd0f79/build/DerivedData/Build/Intermediates.noindex/Paperloft.build/Debug/PaperloftShare.build/Objects-normal/arm64/PaperloftShare_dependency_info.dat -Xlinker -no_adhoc_codesign -o /Users/builder/Factory/paperloft/evidence/checkouts/p3-7cd0f79/build/DerivedData/Build/Products/Debug/PaperloftShare.appex/Contents/MacOS/__preview.dylib

SwiftExplicitDependencyGeneratePcm arm64 /Users/builder/Factory/paperloft/evidence/checkouts/p3-7cd0f79/build/DerivedData/SDKExplicitPrecompiledModules/CoreFoundation-1SL9D5TSYPRV5LW7VDSZO7W9W.pcm

SwiftExplicitDependencyGeneratePcm arm64 /Users/builder/Factory/paperloft/evidence/checkouts/p3-7cd0f79/build/DerivedData/SDKExplicitPrecompiledModules/XPC-2IK31RBKINU91297ZJDZ5CGL9.pcm

SwiftDriverJobDiscovery normal arm64 Compiling TaxSourceEvidence.swift, TextLayout.swift (in target 'PaperloftKit' from project 'PaperloftKit')

CpResource /Users/builder/Factory/paperloft/evidence/checkouts/p3-7cd0f79/build/DerivedData/Build/Products/Debug/PaperloftShare.appex/Contents/Resources/PrivacyInfo.xcprivacy /Users/builder/Factory/paperloft/evidence/checkouts/p3-7cd0f79/Apps/PaperloftShare/PrivacyInfo.xcprivacy (in target 'PaperloftShare' from project 'Paperloft')
    cd /Users/builder/Factory/paperloft/evidence/checkouts/p3-7cd0f79
    builtin-copy -exclude .DS_Store -exclude CVS -exclude .svn -exclude .git -exclude .hg -strip-unsigned-binaries -strip-deterministic -strip-tool /Applications/Xcode.app/Contents/Developer/Toolchains/XcodeDefault.xctoolchain/usr/bin/strip -resolve-src-symlinks /Users/builder/Factory/paperloft/evidence/checkouts/p3-7cd0f79/Apps/PaperloftShare/PrivacyInfo.xcprivacy /Users/builder/Factory/paperloft/evidence/checkouts/p3-7cd0f79/build/DerivedData/Build/Products/Debug/PaperloftShare.appex/Contents/Resources

SwiftExplicitDependencyGeneratePcm arm64 /Users/builder/Factory/paperloft/evidence/checkouts/p3-7cd0f79/build/DerivedData/SDKExplicitPrecompiledModules/os-S1LNQOPEOG4T7GJMSCCHYLH.pcm

SwiftExplicitDependencyGeneratePcm arm64 /Users/builder/Factory/paperloft/evidence/checkouts/p3-7cd0f79/build/DerivedData/SDKExplicitPrecompiledModules/Security-ZW5PXXZ486OS1RESCSWAV7BF.pcm

SwiftExplicitDependencyGeneratePcm arm64 /Users/builder/Factory/paperloft/evidence/checkouts/p3-7cd0f79/build/DerivedData/SDKExplicitPrecompiledModules/CFNetwork-DSJW75RTYPVX6K93UHZE78JH5.pcm

SwiftExplicitDependencyGeneratePcm arm64 /Users/builder/Factory/paperloft/evidence/checkouts/p3-7cd0f79/build/DerivedData/SDKExplicitPrecompiledModules/CoreAudioTypes-AS7PV8NUW0ZHLLJR8FVCQ1W8Q.pcm

SwiftExplicitDependencyGeneratePcm arm64 /Users/builder/Factory/paperloft/evidence/checkouts/p3-7cd0f79/build/DerivedData/SDKExplicitPrecompiledModules/IOKit-BA2C2W3CIJ255BLCEM7FUVTZV.pcm

SwiftExplicitDependencyGeneratePcm arm64 /Users/builder/Factory/paperloft/evidence/checkouts/p3-7cd0f79/build/DerivedData/SDKExplicitPrecompiledModules/ColorSync-C7A8V9RXK4FUVZ389IHP6YXQX.pcm

SwiftDriverJobDiscovery normal arm64 Compiling LibraryStore.swift, MailAttachmentSupport.swift, MailCandidateSelection.swift (in target 'PaperloftKit' from project 'PaperloftKit')

SwiftDriverJobDiscovery normal arm64 Compiling MailDeliveryLedger.swift, MailDocument.swift, MailEnvelope.swift (in target 'PaperloftKit' from project 'PaperloftKit')

SwiftExplicitDependencyGeneratePcm arm64 /Users/builder/Factory/paperloft/evidence/checkouts/p3-7cd0f79/build/DerivedData/SDKExplicitPrecompiledModules/CoreGraphics-2W44PSZBBSKNHT1EJ0SZVNFD8.pcm

SwiftExplicitDependencyGeneratePcm arm64 /Users/builder/Factory/paperloft/evidence/checkouts/p3-7cd0f79/build/DerivedData/SDKExplicitPrecompiledModules/DiskArbitration-8QKCRVJF5B19DUPE22E0GCBNY.pcm

SwiftDriverJobDiscovery normal arm64 Compiling IntakeQueue.swift, LibraryAccess.swift, LibraryFiles.swift (in target 'PaperloftKit' from project 'PaperloftKit')

SwiftExplicitDependencyGeneratePcm arm64 /Users/builder/Factory/paperloft/evidence/checkouts/p3-7cd0f79/build/DerivedData/SDKExplicitPrecompiledModules/CoreServices-137VO6H6LCJE7OPMT8T388Q8L.pcm

SwiftExplicitDependencyGeneratePcm arm64 /Users/builder/Factory/paperloft/evidence/checkouts/p3-7cd0f79/build/DerivedData/SDKExplicitPrecompiledModules/CoreText-5FJ5NSPSCGOC4LOB4D05K4DYS.pcm

SwiftExplicitDependencyGeneratePcm arm64 /Users/builder/Factory/paperloft/evidence/checkouts/p3-7cd0f79/build/DerivedData/SDKExplicitPrecompiledModules/ImageIO-8JUSAASRDY5KSFS2B8YA7FOAX.pcm

SwiftExplicitDependencyGeneratePcm arm64 /Users/builder/Factory/paperloft/evidence/checkouts/p3-7cd0f79/build/DerivedData/SDKExplicitPrecompiledModules/Foundation-7VJBBA594BDJ1JD2SG2YGMPXS.pcm

SwiftDriverJobDiscovery normal arm64 Compiling MailFieldHints.swift, MailImport.swift, Money.swift (in target 'PaperloftKit' from project 'PaperloftKit')

SwiftDriverJobDiscovery normal arm64 Compiling Recognize.swift, ScanImport.swift (in target 'PaperloftKit' from project 'PaperloftKit')

SwiftDriverJobDiscovery normal arm64 Compiling AccountantPack.swift, Assessment.swift, Extraction.swift (in target 'PaperloftKit' from project 'PaperloftKit')

SwiftExplicitDependencyGeneratePcm arm64 /Users/builder/Factory/paperloft/evidence/checkouts/p3-7cd0f79/build/DerivedData/SDKExplicitPrecompiledModules/CoreTransferable-2OWWVXJYBPHUQZ14ASMH0P42W.pcm

SwiftExplicitDependencyGeneratePcm arm64 /Users/builder/Factory/paperloft/evidence/checkouts/p3-7cd0f79/build/DerivedData/SDKExplicitPrecompiledModules/Accessibility-2FYU57EILAIO4EY4CGOREX9N1.pcm

SwiftExplicitDependencyGeneratePcm arm64 /Users/builder/Factory/paperloft/evidence/checkouts/p3-7cd0f79/build/DerivedData/SDKExplicitPrecompiledModules/IOSurface-B32N0UL1V43NKK6LXWV8G7F9B.pcm

SwiftExplicitDependencyGeneratePcm arm64 /Users/builder/Factory/paperloft/evidence/checkouts/p3-7cd0f79/build/DerivedData/SDKExplicitPrecompiledModules/DataDetection-6YGSEQABOOQQSUMDLZLY67TQA.pcm

SwiftExplicitDependencyGeneratePcm arm64 /Users/builder/Factory/paperloft/evidence/checkouts/p3-7cd0f79/build/DerivedData/SDKExplicitPrecompiledModules/CoreAudio-9TDOP59EUQA0YG8R5FG0ZMPPA.pcm

SwiftExplicitDependencyGeneratePcm arm64 /Users/builder/Factory/paperloft/evidence/checkouts/p3-7cd0f79/build/DerivedData/SDKExplicitPrecompiledModules/OSLog-3E9P2NTY3YI21GSX8RKEKOBZ5.pcm

SwiftExplicitDependencyGeneratePcm arm64 /Users/builder/Factory/paperloft/evidence/checkouts/p3-7cd0f79/build/DerivedData/SDKExplicitPrecompiledModules/CoreData-387XBVKXGTAW6TTN3O0LXGPR7.pcm

SwiftExplicitDependencyGeneratePcm arm64 /Users/builder/Factory/paperloft/evidence/checkouts/p3-7cd0f79/build/DerivedData/SDKExplicitPrecompiledModules/ApplicationServices-AYRHGEX4W5WMYHD8V7D7VU6DP.pcm

SwiftExplicitDependencyGeneratePcm arm64 /Users/builder/Factory/paperloft/evidence/checkouts/p3-7cd0f79/build/DerivedData/SDKExplicitPrecompiledModules/Symbols-7HB47E6RT79YWT2YP7VHL7M4F.pcm

SwiftExplicitDependencyGeneratePcm arm64 /Users/builder/Factory/paperloft/evidence/checkouts/p3-7cd0f79/build/DerivedData/SDKExplicitPrecompiledModules/UniformTypeIdentifiers-BGFROKY6GMWZH2K8J69EBFJ22.pcm

SwiftExplicitDependencyGeneratePcm arm64 /Users/builder/Factory/paperloft/evidence/checkouts/p3-7cd0f79/build/DerivedData/SDKExplicitPrecompiledModules/OpenGL-EYZWN2PSOYOO5OZWNGGRLAVRS.pcm

SwiftExplicitDependencyGeneratePcm arm64 /Users/builder/Factory/paperloft/evidence/checkouts/p3-7cd0f79/build/DerivedData/SDKExplicitPrecompiledModules/Metal-6QOLBX7H47QGEBB9BBN59X0MH.pcm

SwiftExplicitDependencyGeneratePcm arm64 /Users/builder/Factory/paperloft/evidence/checkouts/p3-7cd0f79/build/DerivedData/SDKExplicitPrecompiledModules/CoreVideo-6MCMHEI57B477CF2XSIZV0XJ4.pcm

SwiftExplicitDependencyGeneratePcm arm64 /Users/builder/Factory/paperloft/evidence/checkouts/p3-7cd0f79/build/DerivedData/SDKExplicitPrecompiledModules/CoreImage-80QLGMJCIOYB42J6G6POI1GMD.pcm

SwiftExplicitDependencyGeneratePcm arm64 /Users/builder/Factory/paperloft/evidence/checkouts/p3-7cd0f79/build/DerivedData/SDKExplicitPrecompiledModules/CoreMedia-5JNV6CWLBBUV7OTWGQEIROB9E.pcm

SwiftExplicitDependencyGeneratePcm arm64 /Users/builder/Factory/paperloft/evidence/checkouts/p3-7cd0f79/build/DerivedData/SDKExplicitPrecompiledModules/QuartzCore-A8AG84BAFQGZKUCY6SZXWIO8R.pcm

SwiftExplicitDependencyGeneratePcm arm64 /Users/builder/Factory/paperloft/evidence/checkouts/p3-7cd0f79/build/DerivedData/SDKExplicitPrecompiledModules/SwiftUICore-297VY7KT1FM21XKBCFEQW5UF1.pcm

SwiftExplicitDependencyGeneratePcm arm64 /Users/builder/Factory/paperloft/evidence/checkouts/p3-7cd0f79/build/DerivedData/SDKExplicitPrecompiledModules/AppKit-7BK3Z7082YW4FOV8CW939N2KW.pcm

SwiftDriverJobDiscovery normal arm64 Compiling UnderstandingQuota.swift, WatchedFolderScanner.swift (in target 'PaperloftKit' from project 'PaperloftKit')

SwiftDriver\ Compilation PaperloftKit normal arm64 com.apple.xcode.tools.swift.compiler (in target 'PaperloftKit' from project 'PaperloftKit')
    cd /Users/builder/Factory/paperloft/evidence/checkouts/p3-7cd0f79/Paperloft.xcodeproj
    builtin-Swift-Compilation -- /Applications/Xcode.app/Contents/Developer/Toolchains/XcodeDefault.xctoolchain/usr/bin/swiftc -parse-as-library -module-name PaperloftKit -Onone @/Users/builder/Factory/paperloft/evidence/checkouts/p3-7cd0f79/build/DerivedData/Build/Intermediates.noindex/PaperloftKit.build/Debug/PaperloftKit-t.build/Objects-normal/arm64/PaperloftKit.SwiftFileList -DSWIFT_PACKAGE -DDEBUG -DSWIFT_MODULE_RESOURCE_BUNDLE_UNAVAILABLE -DXcode -plugin-path /Applications/Xcode.app/Contents/Developer/Toolchains/XcodeDefault.xctoolchain/usr/lib/swift/host/plugins/testing -enable-experimental-feature DebugDescriptionMacro -sdk /Applications/Xcode.app/Contents/Developer/Platforms/MacOSX.platform/Developer/SDKs/MacOSX27.0.sdk -target arm64-apple-macos27.0 -g -module-cache-path /Users/builder/Factory/paperloft/evidence/checkouts/p3-7cd0f79/build/DerivedData/ModuleCache.noindex -Xfrontend -serialize-debugging-options -profile-coverage-mapping -profile-generate -enable-testing -warnings-as-errors -index-store-path /Users/builder/Factory/paperloft/evidence/checkouts/p3-7cd0f79/build/DerivedData/Index.noindex/DataStore -Xcc -D_LIBCPP_HARDENING_MODE\=_LIBCPP_HARDENING_MODE_DEBUG -swift-version 6 -I /Users/builder/Factory/paperloft/evidence/checkouts/p3-7cd0f79/build/DerivedData/Build/Products/Debug -Isystem /Applications/Xcode.app/Contents/Developer/Platforms/MacOSX.platform/Developer/usr/lib -F /Users/builder/Factory/paperloft/evidence/checkouts/p3-7cd0f79/build/DerivedData/Build/Products/Debug -F /Applications/Xcode.app/Contents/Developer/Platforms/MacOSX.platform/Developer/Library/Frameworks -c -j10 -enable-batch-mode -incremental -Xcc -ivfsstatcache -Xcc /Users/builder/Factory/paperloft/evidence/checkouts/p3-7cd0f79/build/DerivedData/SDKStatCaches.noindex/macosx27.0-26A425-7231f6df4def33e022ae2eb8f782df1a.sdkstatcache -output-file-map /Users/builder/Factory/paperloft/evidence/checkouts/p3-7cd0f79/build/DerivedData/Build/Intermediates.noindex/PaperloftKit.build/Debug/PaperloftKit-t.build/Objects-normal/arm64/PaperloftKit-OutputFileMap.json -save-temps -no-color-diagnostics -explicit-module-build -module-cache-path /Users/builder/Factory/paperloft/evidence/checkouts/p3-7cd0f79/build/DerivedData/Build/Intermediates.noindex/SwiftExplicitPrecompiledModules -clang-scanner-module-cache-path /Users/builder/Factory/paperloft/evidence/checkouts/p3-7cd0f79/build/DerivedData/ModuleCache.noindex -sdk-module-cache-path /Users/builder/Factory/paperloft/evidence/checkouts/p3-7cd0f79/build/DerivedData/SDKExplicitPrecompiledModules -emit-dependencies -emit-module -emit-module-path /Users/builder/Factory/paperloft/evidence/checkouts/p3-7cd0f79/build/DerivedData/Build/Intermediates.noindex/PaperloftKit.build/Debug/PaperloftKit-t.build/Objects-normal/arm64/PaperloftKit.swiftmodule -serialize-diagnostics -dependency-scan-serialize-diagnostics-path /Users/builder/Factory/paperloft/evidence/checkouts/p3-7cd0f79/build/DerivedData/Build/Intermediates.noindex/PaperloftKit.build/Debug/PaperloftKit-t.build/Objects-normal/arm64/PaperloftKit-dependency-scan.dia -validate-clang-modules-once -clang-build-session-file /Users/builder/Factory/paperloft/evidence/checkouts/p3-7cd0f79/build/DerivedData/ModuleCache.noindex/Session.modulevalidation -Xcc -fmodules-prune-interval\=86400 -Xcc -fmodules-prune-after\=345600 -package-name paperloftkit -emit-const-values -const-gather-protocols-list /Users/builder/Factory/paperloft/evidence/checkouts/p3-7cd0f79/build/DerivedData/Build/Intermediates.noindex/PaperloftKit.build/Debug/PaperloftKit-t.build/Objects-normal/arm64/PaperloftKit_const_extract_protocols.json -Xcc -I/Users/builder/Factory/paperloft/evidence/checkouts/p3-7cd0f79/build/DerivedData/Build/Products/Debug/include -Xcc -I/Users/builder/Factory/paperloft/evidence/checkouts/p3-7cd0f79/build/DerivedData/Build/Intermediates.noindex/PaperloftKit.build/Debug/PaperloftKit-t.build/DerivedSources-normal/arm64 -Xcc -I/Users/builder/Factory/paperloft/evidence/checkouts/p3-7cd0f79/build/DerivedData/Build/Intermediates.noindex/PaperloftKit.build/Debug/PaperloftKit-t.build/DerivedSources/arm64 -Xcc -I/Users/builder/Factory/paperloft/evidence/checkouts/p3-7cd0f79/build/DerivedData/Build/Intermediates.noindex/PaperloftKit.build/Debug/PaperloftKit-t.build/DerivedSources -Xcc -DSWIFT_PACKAGE -Xcc -DDEBUG\=1 -emit-objc-header -emit-objc-header-path /Users/builder/Factory/paperloft/evidence/checkouts/p3-7cd0f79/build/DerivedData/Build/Intermediates.noindex/PaperloftKit.build/Debug/PaperloftKit-t.build/Objects-normal/arm64/PaperloftKit-Swift.h -working-directory /Users/builder/Factory/paperloft/evidence/checkouts/p3-7cd0f79/Paperloft.xcodeproj -experimental-emit-module-separately -disable-cmo

Ld /Users/builder/Factory/paperloft/evidence/checkouts/p3-7cd0f79/build/DerivedData/Build/Products/Debug/PaperloftKit.o normal (in target 'PaperloftKit' from project 'PaperloftKit')
    cd /Users/builder/Factory/paperloft/evidence/checkouts/p3-7cd0f79/Packages/PaperloftKit
    /Applications/Xcode.app/Contents/Developer/Toolchains/XcodeDefault.xctoolchain/usr/bin/clang -Xlinker -reproducible -target arm64-apple-macos27.0 -r -isysroot /Applications/Xcode.app/Contents/Developer/Platforms/MacOSX.platform/Developer/SDKs/MacOSX27.0.sdk -O0 -Xlinker -no_warn_duplicate_libraries -F/Users/builder/Factory/paperloft/evidence/checkouts/p3-7cd0f79/build/DerivedData/Build/Intermediates.noindex/EagerLinkingTBDs/Debug -F/Users/builder/Factory/paperloft/evidence/checkouts/p3-7cd0f79/build/DerivedData/Build/Products/Debug -iframework /Applications/Xcode.app/Contents/Developer/Platforms/MacOSX.platform/Developer/Library/Frameworks -filelist /Users/builder/Factory/paperloft/evidence/checkouts/p3-7cd0f79/build/DerivedData/Build/Intermediates.noindex/PaperloftKit.build/Debug/PaperloftKit-t.build/Objects-normal/arm64/PaperloftKit.LinkFileList -nostdlib -Xlinker -object_path_lto -Xlinker /Users/builder/Factory/paperloft/evidence/checkouts/p3-7cd0f79/build/DerivedData/Build/Intermediates.noindex/PaperloftKit.build/Debug/PaperloftKit-t.build/Objects-normal/arm64/PaperloftKit_lto.o -Xlinker -no_deduplicate -Xlinker -debug_variant -Xlinker -dependency_info -Xlinker /Users/builder/Factory/paperloft/evidence/checkouts/p3-7cd0f79/build/DerivedData/Build/Intermediates.noindex/PaperloftKit.build/Debug/PaperloftKit-t.build/Objects-normal/arm64/PaperloftKit_dependency_info.dat -fobjc-link-runtime -L/Applications/Xcode.app/Contents/Developer/Toolchains/XcodeDefault.xctoolchain/usr/lib/swift/macosx -L/usr/lib/swift -Xlinker -add_ast_path -Xlinker /Users/builder/Factory/paperloft/evidence/checkouts/p3-7cd0f79/build/DerivedData/Build/Intermediates.noindex/PaperloftKit.build/Debug/PaperloftKit-t.build/Objects-normal/arm64/PaperloftKit.swiftmodule -o /Users/builder/Factory/paperloft/evidence/checkouts/p3-7cd0f79/build/DerivedData/Build/Products/Debug/PaperloftKit.o

ExtractAppIntentsMetadata (in target 'PaperloftKit' from project 'PaperloftKit')
    cd /Users/builder/Factory/paperloft/evidence/checkouts/p3-7cd0f79/Packages/PaperloftKit
    /Applications/Xcode.app/Contents/Developer/Toolchains/XcodeDefault.xctoolchain/usr/bin/appintentsmetadataprocessor --toolchain-dir /Applications/Xcode.app/Contents/Developer/Toolchains/XcodeDefault.xctoolchain --module-name PaperloftKit --sdk-root /Applications/Xcode.app/Contents/Developer/Platforms/MacOSX.platform/Developer/SDKs/MacOSX27.0.sdk --xcode-version 27A266a --platform-family macOS --deployment-target 27.0 --bundle-identifier paperloftkit.PaperloftKit --output /Users/builder/Factory/paperloft/evidence/checkouts/p3-7cd0f79/build/DerivedData/Build/Products/Debug/PaperloftKit.appintents --target-triple arm64-apple-macos27.0 --binary-file /Users/builder/Factory/paperloft/evidence/checkouts/p3-7cd0f79/build/DerivedData/Build/Products/Debug/PaperloftKit.o --dependency-file /Users/builder/Factory/paperloft/evidence/checkouts/p3-7cd0f79/build/DerivedData/Build/Intermediates.noindex/PaperloftKit.build/Debug/PaperloftKit-t.build/Objects-normal/arm64/PaperloftKit_dependency_info.dat --stringsdata-file /Users/builder/Factory/paperloft/evidence/checkouts/p3-7cd0f79/build/DerivedData/Build/Intermediates.noindex/PaperloftKit.build/Debug/PaperloftKit-t.build/Objects-normal/arm64/ExtractedAppShortcutsMetadata.stringsdata --source-file-list /Users/builder/Factory/paperloft/evidence/checkouts/p3-7cd0f79/build/DerivedData/Build/Intermediates.noindex/PaperloftKit.build/Debug/PaperloftKit-t.build/Objects-normal/arm64/PaperloftKit.SwiftFileList --metadata-file-list /Users/builder/Factory/paperloft/evidence/checkouts/p3-7cd0f79/build/DerivedData/Build/Intermediates.noindex/PaperloftKit.build/Debug/PaperloftKit-t.build/PaperloftKit.DependencyMetadataFileList --static-metadata-file-list /Users/builder/Factory/paperloft/evidence/checkouts/p3-7cd0f79/build/DerivedData/Build/Intermediates.noindex/PaperloftKit.build/Debug/PaperloftKit-t.build/PaperloftKit.DependencyStaticMetadataFileList --swift-const-vals-list /Users/builder/Factory/paperloft/evidence/checkouts/p3-7cd0f79/build/DerivedData/Build/Intermediates.noindex/PaperloftKit.build/Debug/PaperloftKit-t.build/Objects-normal/arm64/PaperloftKit.SwiftConstValuesFileList --force --compile-time-extraction --deployment-aware-processing --no-app-shortcuts-localization
2026-10-01 21:48:38.300 appintentsmetadataprocessor[28847:6773600] Starting appintentsmetadataprocessor export
2026-10-01 21:48:38.356 appintentsmetadataprocessor[28847:6773600] Extracted no relevant App Intents symbols, skipping writing output

SwiftExplicitDependencyGeneratePcm arm64 /Users/builder/Factory/paperloft/evidence/checkouts/p3-7cd0f79/build/DerivedData/SDKExplicitPrecompiledModules/SwiftUI-9OKACKNFM92VE3MDJUUIBVQKJ.pcm

SwiftEmitModule normal arm64 Emitting\ module\ for\ PaperloftShare (in target 'PaperloftShare' from project 'Paperloft')

SwiftCompile normal arm64 (in target 'PaperloftShare' from project 'Paperloft')
    cd /Users/builder/Factory/paperloft/evidence/checkouts/p3-7cd0f79
    

SwiftCompile normal arm64 Compiling\ ShareViewController.swift /Users/builder/Factory/paperloft/evidence/checkouts/p3-7cd0f79/Apps/PaperloftShare/ShareViewController.swift (in target 'PaperloftShare' from project 'Paperloft')

SwiftCompile normal arm64 /Users/builder/Factory/paperloft/evidence/checkouts/p3-7cd0f79/Apps/PaperloftShare/ShareViewController.swift (in target 'PaperloftShare' from project 'Paperloft')
    cd /Users/builder/Factory/paperloft/evidence/checkouts/p3-7cd0f79
    builtin-SwiftPerFileCompile ShareViewController.swift

SwiftDriverJobDiscovery normal arm64 Emitting module for PaperloftShare (in target 'PaperloftShare' from project 'Paperloft')

SwiftDriver\ Compilation\ Requirements PaperloftShare normal arm64 com.apple.xcode.tools.swift.compiler (in target 'PaperloftShare' from project 'Paperloft')
    cd /Users/builder/Factory/paperloft/evidence/checkouts/p3-7cd0f79
    builtin-Swift-Compilation-Requirements -- /Applications/Xcode.app/Contents/Developer/Toolchains/XcodeDefault.xctoolchain/usr/bin/swiftc -module-name PaperloftShare -Onone @/Users/builder/Factory/paperloft/evidence/checkouts/p3-7cd0f79/build/DerivedData/Build/Intermediates.noindex/Paperloft.build/Debug/PaperloftShare.build/Objects-normal/arm64/PaperloftShare.SwiftFileList -DDEBUG -enable-experimental-feature DebugDescriptionMacro -sdk /Applications/Xcode.app/Contents/Developer/Platforms/MacOSX.platform/Developer/SDKs/MacOSX27.0.sdk -target arm64-apple-macos27.0 -g -module-cache-path /Users/builder/Factory/paperloft/evidence/checkouts/p3-7cd0f79/build/DerivedData/ModuleCache.noindex -Xfrontend -serialize-debugging-options -application-extension -profile-coverage-mapping -profile-generate -enable-testing -warnings-as-errors -index-store-path /Users/builder/Factory/paperloft/evidence/checkouts/p3-7cd0f79/build/DerivedData/Index.noindex/DataStore -swift-version 6 -I /Users/builder/Factory/paperloft/evidence/checkouts/p3-7cd0f79/build/DerivedData/Build/Products/Debug -F /Users/builder/Factory/paperloft/evidence/checkouts/p3-7cd0f79/build/DerivedData/Build/Products/Debug/PackageFrameworks -F /Users/builder/Factory/paperloft/evidence/checkouts/p3-7cd0f79/build/DerivedData/Build/Products/Debug -parse-as-library -c -j10 -enable-batch-mode -incremental -Xcc -ivfsstatcache -Xcc /Users/builder/Factory/paperloft/evidence/checkouts/p3-7cd0f79/build/DerivedData/SDKStatCaches.noindex/macosx27.0-26A425-7231f6df4def33e022ae2eb8f782df1a.sdkstatcache -output-file-map /Users/builder/Factory/paperloft/evidence/checkouts/p3-7cd0f79/build/DerivedData/Build/Intermediates.noindex/Paperloft.build/Debug/PaperloftShare.build/Objects-normal/arm64/PaperloftShare-OutputFileMap.json -save-temps -no-color-diagnostics -explicit-module-build -module-cache-path /Users/builder/Factory/paperloft/evidence/checkouts/p3-7cd0f79/build/DerivedData/Build/Intermediates.noindex/SwiftExplicitPrecompiledModules -clang-scanner-module-cache-path /Users/builder/Factory/paperloft/evidence/checkouts/p3-7cd0f79/build/DerivedData/ModuleCache.noindex -sdk-module-cache-path /Users/builder/Factory/paperloft/evidence/checkouts/p3-7cd0f79/build/DerivedData/SDKExplicitPrecompiledModules -emit-dependencies -emit-module -emit-module-path /Users/builder/Factory/paperloft/evidence/checkouts/p3-7cd0f79/build/DerivedData/Build/Intermediates.noindex/Paperloft.build/Debug/PaperloftShare.build/Objects-normal/arm64/PaperloftShare.swiftmodule -serialize-diagnostics -dependency-scan-serialize-diagnostics-path /Users/builder/Factory/paperloft/evidence/checkouts/p3-7cd0f79/build/DerivedData/Build/Intermediates.noindex/Paperloft.build/Debug/PaperloftShare.build/Objects-normal/arm64/PaperloftShare-dependency-scan.dia -validate-clang-modules-once -clang-build-session-file /Users/builder/Factory/paperloft/evidence/checkouts/p3-7cd0f79/build/DerivedData/ModuleCache.noindex/Session.modulevalidation -Xcc -fmodules-prune-interval\=86400 -Xcc -fmodules-prune-after\=345600 -emit-const-values -const-gather-protocols-list /Users/builder/Factory/paperloft/evidence/checkouts/p3-7cd0f79/build/DerivedData/Build/Intermediates.noindex/Paperloft.build/Debug/PaperloftShare.build/Objects-normal/arm64/PaperloftShare_const_extract_protocols.json -Xcc -iquote -Xcc /Users/builder/Factory/paperloft/evidence/checkouts/p3-7cd0f79/build/DerivedData/Build/Intermediates.noindex/Paperloft.build/Debug/PaperloftShare.build/PaperloftShare-generated-files.hmap -Xcc -I/Users/builder/Factory/paperloft/evidence/checkouts/p3-7cd0f79/build/DerivedData/Build/Intermediates.noindex/Paperloft.build/Debug/PaperloftShare.build/PaperloftShare-own-target-headers.hmap -Xcc -I/Users/builder/Factory/paperloft/evidence/checkouts/p3-7cd0f79/build/DerivedData/Build/Intermediates.noindex/Paperloft.build/Debug/PaperloftShare.build/PaperloftShare-all-non-framework-target-headers.hmap -Xcc -ivfsoverlay -Xcc /Users/builder/Factory/paperloft/evidence/checkouts/p3-7cd0f79/build/DerivedData/Build/Intermediates.noindex/Paperloft.build/Debug/Paperloft-b93ddc6bcd4d234a5473ab01ad3589c4-VFS/all-product-headers.yaml -Xcc -iquote -Xcc /Users/builder/Factory/paperloft/evidence/checkouts/p3-7cd0f79/build/DerivedData/Build/Intermediates.noindex/Paperloft.build/Debug/PaperloftShare.build/PaperloftShare-project-headers.hmap -Xcc -I/Users/builder/Factory/paperloft/evidence/checkouts/p3-7cd0f79/build/DerivedData/Build/Products/Debug/include -Xcc -I/Users/builder/Factory/paperloft/evidence/checkouts/p3-7cd0f79/build/DerivedData/Build/Intermediates.noindex/Paperloft.build/Debug/PaperloftShare.build/DerivedSources-normal/arm64 -Xcc -I/Users/builder/Factory/paperloft/evidence/checkouts/p3-7cd0f79/build/DerivedData/Build/Intermediates.noindex/Paperloft.build/Debug/PaperloftShare.build/DerivedSources/arm64 -Xcc -I/Users/builder/Factory/paperloft/evidence/checkouts/p3-7cd0f79/build/DerivedData/Build/Intermediates.noindex/Paperloft.build/Debug/PaperloftShare.build/DerivedSources -emit-objc-header -emit-objc-header-path /Users/builder/Factory/paperloft/evidence/checkouts/p3-7cd0f79/build/DerivedData/Build/Intermediates.noindex/Paperloft.build/Debug/PaperloftShare.build/Objects-normal/arm64/PaperloftShare-Swift.h -working-directory /Users/builder/Factory/paperloft/evidence/checkouts/p3-7cd0f79 -experimental-emit-module-separately -disable-cmo

SwiftMergeGeneratedHeaders /Users/builder/Factory/paperloft/evidence/checkouts/p3-7cd0f79/build/DerivedData/Build/Intermediates.noindex/Paperloft.build/Debug/PaperloftShare.build/DerivedSources/PaperloftShare-Swift.h /Users/builder/Factory/paperloft/evidence/checkouts/p3-7cd0f79/build/DerivedData/Build/Intermediates.noindex/Paperloft.build/Debug/PaperloftShare.build/Objects-normal/arm64/PaperloftShare-Swift.h (in target 'PaperloftShare' from project 'Paperloft')
    cd /Users/builder/Factory/paperloft/evidence/checkouts/p3-7cd0f79
    builtin-swiftHeaderTool -arch arm64 /Users/builder/Factory/paperloft/evidence/checkouts/p3-7cd0f79/build/DerivedData/Build/Intermediates.noindex/Paperloft.build/Debug/PaperloftShare.build/Objects-normal/arm64/PaperloftShare-Swift.h -o /Users/builder/Factory/paperloft/evidence/checkouts/p3-7cd0f79/build/DerivedData/Build/Intermediates.noindex/Paperloft.build/Debug/PaperloftShare.build/DerivedSources/PaperloftShare-Swift.h

Copy /Users/builder/Factory/paperloft/evidence/checkouts/p3-7cd0f79/build/DerivedData/Build/Products/Debug/PaperloftShare.swiftmodule/arm64-apple-macos.abi.json /Users/builder/Factory/paperloft/evidence/checkouts/p3-7cd0f79/build/DerivedData/Build/Intermediates.noindex/Paperloft.build/Debug/PaperloftShare.build/Objects-normal/arm64/PaperloftShare.abi.json (in target 'PaperloftShare' from project 'Paperloft')
    cd /Users/builder/Factory/paperloft/evidence/checkouts/p3-7cd0f79
    builtin-copy -exclude .DS_Store -exclude CVS -exclude .svn -exclude .git -exclude .hg -strip-unsigned-binaries -strip-deterministic -strip-tool /Applications/Xcode.app/Contents/Developer/Toolchains/XcodeDefault.xctoolchain/usr/bin/strip -resolve-src-symlinks -rename /Users/builder/Factory/paperloft/evidence/checkouts/p3-7cd0f79/build/DerivedData/Build/Intermediates.noindex/Paperloft.build/Debug/PaperloftShare.build/Objects-normal/arm64/PaperloftShare.abi.json /Users/builder/Factory/paperloft/evidence/checkouts/p3-7cd0f79/build/DerivedData/Build/Products/Debug/PaperloftShare.swiftmodule/arm64-apple-macos.abi.json

Copy /Users/builder/Factory/paperloft/evidence/checkouts/p3-7cd0f79/build/DerivedData/Build/Products/Debug/PaperloftShare.swiftmodule/arm64-apple-macos.swiftdoc /Users/builder/Factory/paperloft/evidence/checkouts/p3-7cd0f79/build/DerivedData/Build/Intermediates.noindex/Paperloft.build/Debug/PaperloftShare.build/Objects-normal/arm64/PaperloftShare.swiftdoc (in target 'PaperloftShare' from project 'Paperloft')
    cd /Users/builder/Factory/paperloft/evidence/checkouts/p3-7cd0f79
    builtin-copy -exclude .DS_Store -exclude CVS -exclude .svn -exclude .git -exclude .hg -strip-unsigned-binaries -strip-deterministic -strip-tool /Applications/Xcode.app/Contents/Developer/Toolchains/XcodeDefault.xctoolchain/usr/bin/strip -resolve-src-symlinks -rename /Users/builder/Factory/paperloft/evidence/checkouts/p3-7cd0f79/build/DerivedData/Build/Intermediates.noindex/Paperloft.build/Debug/PaperloftShare.build/Objects-normal/arm64/PaperloftShare.swiftdoc /Users/builder/Factory/paperloft/evidence/checkouts/p3-7cd0f79/build/DerivedData/Build/Products/Debug/PaperloftShare.swiftmodule/arm64-apple-macos.swiftdoc

Copy /Users/builder/Factory/paperloft/evidence/checkouts/p3-7cd0f79/build/DerivedData/Build/Products/Debug/PaperloftShare.swiftmodule/arm64-apple-macos.swiftmodule /Users/builder/Factory/paperloft/evidence/checkouts/p3-7cd0f79/build/DerivedData/Build/Intermediates.noindex/Paperloft.build/Debug/PaperloftShare.build/Objects-normal/arm64/PaperloftShare.swiftmodule (in target 'PaperloftShare' from project 'Paperloft')
    cd /Users/builder/Factory/paperloft/evidence/checkouts/p3-7cd0f79
    builtin-copy -exclude .DS_Store -exclude CVS -exclude .svn -exclude .git -exclude .hg -strip-unsigned-binaries -strip-deterministic -strip-tool /Applications/Xcode.app/Contents/Developer/Toolchains/XcodeDefault.xctoolchain/usr/bin/strip -resolve-src-symlinks -rename /Users/builder/Factory/paperloft/evidence/checkouts/p3-7cd0f79/build/DerivedData/Build/Intermediates.noindex/Paperloft.build/Debug/PaperloftShare.build/Objects-normal/arm64/PaperloftShare.swiftmodule /Users/builder/Factory/paperloft/evidence/checkouts/p3-7cd0f79/build/DerivedData/Build/Products/Debug/PaperloftShare.swiftmodule/arm64-apple-macos.swiftmodule

Copy /Users/builder/Factory/paperloft/evidence/checkouts/p3-7cd0f79/build/DerivedData/Build/Products/Debug/PaperloftShare.swiftmodule/Project/arm64-apple-macos.swiftsourceinfo /Users/builder/Factory/paperloft/evidence/checkouts/p3-7cd0f79/build/DerivedData/Build/Intermediates.noindex/Paperloft.build/Debug/PaperloftShare.build/Objects-normal/arm64/PaperloftShare.swiftsourceinfo (in target 'PaperloftShare' from project 'Paperloft')
    cd /Users/builder/Factory/paperloft/evidence/checkouts/p3-7cd0f79
    builtin-copy -exclude .DS_Store -exclude CVS -exclude .svn -exclude .git -exclude .hg -strip-unsigned-binaries -strip-deterministic -strip-tool /Applications/Xcode.app/Contents/Developer/Toolchains/XcodeDefault.xctoolchain/usr/bin/strip -resolve-src-symlinks -rename /Users/builder/Factory/paperloft/evidence/checkouts/p3-7cd0f79/build/DerivedData/Build/Intermediates.noindex/Paperloft.build/Debug/PaperloftShare.build/Objects-normal/arm64/PaperloftShare.swiftsourceinfo /Users/builder/Factory/paperloft/evidence/checkouts/p3-7cd0f79/build/DerivedData/Build/Products/Debug/PaperloftShare.swiftmodule/Project/arm64-apple-macos.swiftsourceinfo

ProcessProductPackaging /Users/builder/Factory/paperloft/evidence/checkouts/p3-7cd0f79/Apps/PaperloftApp/Paperloft.entitlements /Users/builder/Factory/paperloft/evidence/checkouts/p3-7cd0f79/build/DerivedData/Build/Intermediates.noindex/Paperloft.build/Debug/PaperloftApp.build/Paperloft\ Receipts.app.xcent (in target 'PaperloftApp' from project 'Paperloft')
    cd /Users/builder/Factory/paperloft/evidence/checkouts/p3-7cd0f79
    
    Entitlements:
    
    {
    "com.apple.security.app-sandbox" = 1;
    "com.apple.security.files.bookmarks.app-scope" = 1;
    "com.apple.security.files.user-selected.read-write" = 1;
    "com.apple.security.get-task-allow" = 1;
}
    
    builtin-productPackagingUtility /Users/builder/Factory/paperloft/evidence/checkouts/p3-7cd0f79/Apps/PaperloftApp/Paperloft.entitlements -entitlements -format xml -o /Users/builder/Factory/paperloft/evidence/checkouts/p3-7cd0f79/build/DerivedData/Build/Intermediates.noindex/Paperloft.build/Debug/PaperloftApp.build/Paperloft\ Receipts.app.xcent

ProcessProductPackagingDER /Users/builder/Factory/paperloft/evidence/checkouts/p3-7cd0f79/build/DerivedData/Build/Intermediates.noindex/Paperloft.build/Debug/PaperloftApp.build/Paperloft\ Receipts.app.xcent /Users/builder/Factory/paperloft/evidence/checkouts/p3-7cd0f79/build/DerivedData/Build/Intermediates.noindex/Paperloft.build/Debug/PaperloftApp.build/Paperloft\ Receipts.app.xcent.der (in target 'PaperloftApp' from project 'Paperloft')
    cd /Users/builder/Factory/paperloft/evidence/checkouts/p3-7cd0f79
    /usr/bin/derq query -f xml -i /Users/builder/Factory/paperloft/evidence/checkouts/p3-7cd0f79/build/DerivedData/Build/Intermediates.noindex/Paperloft.build/Debug/PaperloftApp.build/Paperloft\ Receipts.app.xcent -o /Users/builder/Factory/paperloft/evidence/checkouts/p3-7cd0f79/build/DerivedData/Build/Intermediates.noindex/Paperloft.build/Debug/PaperloftApp.build/Paperloft\ Receipts.app.xcent.der --raw

GenerateAssetSymbols /Users/builder/Factory/paperloft/evidence/checkouts/p3-7cd0f79/Apps/PaperloftApp/Resources/Assets.xcassets /Users/builder/Factory/paperloft/evidence/checkouts/p3-7cd0f79/Apps/PaperloftApp/AppIcon.icon (in target 'PaperloftApp' from project 'Paperloft')
    cd /Users/builder/Factory/paperloft/evidence/checkouts/p3-7cd0f79
    /Applications/Xcode.app/Contents/Developer/usr/bin/actool /Users/builder/Factory/paperloft/evidence/checkouts/p3-7cd0f79/Apps/PaperloftApp/Resources/Assets.xcassets /Users/builder/Factory/paperloft/evidence/checkouts/p3-7cd0f79/Apps/PaperloftApp/AppIcon.icon --compile /Users/builder/Factory/paperloft/evidence/checkouts/p3-7cd0f79/build/DerivedData/Build/Products/Debug/Paperloft\ Receipts.app/Contents/Resources --output-format human-readable-text --notices --warnings --export-dependency-info /Users/builder/Factory/paperloft/evidence/checkouts/p3-7cd0f79/build/DerivedData/Build/Intermediates.noindex/Paperloft.build/Debug/PaperloftApp.build/assetcatalog_dependencies --output-partial-info-plist /Users/builder/Factory/paperloft/evidence/checkouts/p3-7cd0f79/build/DerivedData/Build/Intermediates.noindex/Paperloft.build/Debug/PaperloftApp.build/assetcatalog_generated_info.plist --app-icon AppIcon --accent-color AccentColor --enable-on-demand-resources NO --development-region en --target-device mac --minimum-deployment-target 27.0 --platform macosx --bundle-identifier app.paperloft.receipts --generate-swift-asset-symbol-extensions NO --generate-swift-asset-symbols /Users/builder/Factory/paperloft/evidence/checkouts/p3-7cd0f79/build/DerivedData/Build/Intermediates.noindex/Paperloft.build/Debug/PaperloftApp.build/DerivedSources/GeneratedAssetSymbols.swift --generate-objc-asset-symbols /Users/builder/Factory/paperloft/evidence/checkouts/p3-7cd0f79/build/DerivedData/Build/Intermediates.noindex/Paperloft.build/Debug/PaperloftApp.build/DerivedSources/GeneratedAssetSymbols.h --generate-asset-symbol-index /Users/builder/Factory/paperloft/evidence/checkouts/p3-7cd0f79/build/DerivedData/Build/Intermediates.noindex/Paperloft.build/Debug/PaperloftApp.build/DerivedSources/GeneratedAssetSymbols-Index.plist
/* com.apple.actool.compilation-results */
/Users/builder/Factory/paperloft/evidence/checkouts/p3-7cd0f79/build/DerivedData/Build/Intermediates.noindex/Paperloft.build/Debug/PaperloftApp.build/DerivedSources/GeneratedAssetSymbols-Index.plist
/Users/builder/Factory/paperloft/evidence/checkouts/p3-7cd0f79/build/DerivedData/Build/Intermediates.noindex/Paperloft.build/Debug/PaperloftApp.build/DerivedSources/GeneratedAssetSymbols.h
/Users/builder/Factory/paperloft/evidence/checkouts/p3-7cd0f79/build/DerivedData/Build/Intermediates.noindex/Paperloft.build/Debug/PaperloftApp.build/DerivedSources/GeneratedAssetSymbols.swift


MkDir /Users/builder/Factory/paperloft/evidence/checkouts/p3-7cd0f79/build/DerivedData/Build/Intermediates.noindex/Paperloft.build/Debug/PaperloftApp.build/assetcatalog_output/unthinned (in target 'PaperloftApp' from project 'Paperloft')
    cd /Users/builder/Factory/paperloft/evidence/checkouts/p3-7cd0f79
    /bin/mkdir -p /Users/builder/Factory/paperloft/evidence/checkouts/p3-7cd0f79/build/DerivedData/Build/Intermediates.noindex/Paperloft.build/Debug/PaperloftApp.build/assetcatalog_output/unthinned

MkDir /Users/builder/Factory/paperloft/evidence/checkouts/p3-7cd0f79/build/DerivedData/Build/Intermediates.noindex/Paperloft.build/Debug/PaperloftApp.build/assetcatalog_output/thinned (in target 'PaperloftApp' from project 'Paperloft')
    cd /Users/builder/Factory/paperloft/evidence/checkouts/p3-7cd0f79
    /bin/mkdir -p /Users/builder/Factory/paperloft/evidence/checkouts/p3-7cd0f79/build/DerivedData/Build/Intermediates.noindex/Paperloft.build/Debug/PaperloftApp.build/assetcatalog_output/thinned

CompileAssetCatalogVariant thinned /Users/builder/Factory/paperloft/evidence/checkouts/p3-7cd0f79/build/DerivedData/Build/Products/Debug/Paperloft\ Receipts.app/Contents/Resources /Users/builder/Factory/paperloft/evidence/checkouts/p3-7cd0f79/Apps/PaperloftApp/Resources/Assets.xcassets /Users/builder/Factory/paperloft/evidence/checkouts/p3-7cd0f79/Apps/PaperloftApp/AppIcon.icon (in target 'PaperloftApp' from project 'Paperloft')
    cd /Users/builder/Factory/paperloft/evidence/checkouts/p3-7cd0f79
    /Applications/Xcode.app/Contents/Developer/usr/bin/actool /Users/builder/Factory/paperloft/evidence/checkouts/p3-7cd0f79/Apps/PaperloftApp/Resources/Assets.xcassets /Users/builder/Factory/paperloft/evidence/checkouts/p3-7cd0f79/Apps/PaperloftApp/AppIcon.icon --compile /Users/builder/Factory/paperloft/evidence/checkouts/p3-7cd0f79/build/DerivedData/Build/Intermediates.noindex/Paperloft.build/Debug/PaperloftApp.build/assetcatalog_output/thinned --output-format human-readable-text --notices --warnings --export-dependency-info /Users/builder/Factory/paperloft/evidence/checkouts/p3-7cd0f79/build/DerivedData/Build/Intermediates.noindex/Paperloft.build/Debug/PaperloftApp.build/assetcatalog_dependencies_thinned --output-partial-info-plist /Users/builder/Factory/paperloft/evidence/checkouts/p3-7cd0f79/build/DerivedData/Build/Intermediates.noindex/Paperloft.build/Debug/PaperloftApp.build/assetcatalog_generated_info.plist_thinned --app-icon AppIcon --accent-color AccentColor --enable-on-demand-resources NO --development-region en --target-device mac --minimum-deployment-target 27.0 --platform macosx
/* com.apple.actool.compilation-results */
/Users/builder/Factory/paperloft/evidence/checkouts/p3-7cd0f79/build/DerivedData/Build/Intermediates.noindex/Paperloft.build/Debug/PaperloftApp.build/assetcatalog_generated_info.plist_thinned
/Users/builder/Factory/paperloft/evidence/checkouts/p3-7cd0f79/build/DerivedData/Build/Intermediates.noindex/Paperloft.build/Debug/PaperloftApp.build/assetcatalog_output/thinned/AppIcon.icns
/Users/builder/Factory/paperloft/evidence/checkouts/p3-7cd0f79/build/DerivedData/Build/Intermediates.noindex/Paperloft.build/Debug/PaperloftApp.build/assetcatalog_output/thinned/Assets.car


SwiftDriver PaperloftApp normal arm64 com.apple.xcode.tools.swift.compiler (in target 'PaperloftApp' from project 'Paperloft')
    cd /Users/builder/Factory/paperloft/evidence/checkouts/p3-7cd0f79
    builtin-SwiftDriver -- /Applications/Xcode.app/Contents/Developer/Toolchains/XcodeDefault.xctoolchain/usr/bin/swiftc -module-name Paperloft_Receipts -Onone @/Users/builder/Factory/paperloft/evidence/checkouts/p3-7cd0f79/build/DerivedData/Build/Intermediates.noindex/Paperloft.build/Debug/PaperloftApp.build/Objects-normal/arm64/Paperloft\ Receipts.SwiftFileList -DDEBUG -enable-experimental-feature DebugDescriptionMacro -sdk /Applications/Xcode.app/Contents/Developer/Platforms/MacOSX.platform/Developer/SDKs/MacOSX27.0.sdk -target arm64-apple-macos27.0 -g -module-cache-path /Users/builder/Factory/paperloft/evidence/checkouts/p3-7cd0f79/build/DerivedData/ModuleCache.noindex -Xfrontend -serialize-debugging-options -profile-coverage-mapping -profile-generate -enable-testing -warnings-as-errors -index-store-path /Users/builder/Factory/paperloft/evidence/checkouts/p3-7cd0f79/build/DerivedData/Index.noindex/DataStore -swift-version 6 -I /Users/builder/Factory/paperloft/evidence/checkouts/p3-7cd0f79/build/DerivedData/Build/Products/Debug -F /Users/builder/Factory/paperloft/evidence/checkouts/p3-7cd0f79/build/DerivedData/Build/Products/Debug/PackageFrameworks -F /Users/builder/Factory/paperloft/evidence/checkouts/p3-7cd0f79/build/DerivedData/Build/Products/Debug -c -j10 -enable-batch-mode -incremental -Xcc -ivfsstatcache -Xcc /Users/builder/Factory/paperloft/evidence/checkouts/p3-7cd0f79/build/DerivedData/SDKStatCaches.noindex/macosx27.0-26A425-7231f6df4def33e022ae2eb8f782df1a.sdkstatcache -output-file-map /Users/builder/Factory/paperloft/evidence/checkouts/p3-7cd0f79/build/DerivedData/Build/Intermediates.noindex/Paperloft.build/Debug/PaperloftApp.build/Objects-normal/arm64/PaperloftApp-OutputFileMap.json -save-temps -no-color-diagnostics -explicit-module-build -module-cache-path /Users/builder/Factory/paperloft/evidence/checkouts/p3-7cd0f79/build/DerivedData/Build/Intermediates.noindex/SwiftExplicitPrecompiledModules -clang-scanner-module-cache-path /Users/builder/Factory/paperloft/evidence/checkouts/p3-7cd0f79/build/DerivedData/ModuleCache.noindex -sdk-module-cache-path /Users/builder/Factory/paperloft/evidence/checkouts/p3-7cd0f79/build/DerivedData/SDKExplicitPrecompiledModules -emit-dependencies -emit-module -emit-module-path /Users/builder/Factory/paperloft/evidence/checkouts/p3-7cd0f79/build/DerivedData/Build/Intermediates.noindex/Paperloft.build/Debug/PaperloftApp.build/Objects-normal/arm64/Paperloft_Receipts.swiftmodule -serialize-diagnostics -dependency-scan-serialize-diagnostics-path /Users/builder/Factory/paperloft/evidence/checkouts/p3-7cd0f79/build/DerivedData/Build/Intermediates.noindex/Paperloft.build/Debug/PaperloftApp.build/Objects-normal/arm64/Paperloft_Receipts-dependency-scan.dia -validate-clang-modules-once -clang-build-session-file /Users/builder/Factory/paperloft/evidence/checkouts/p3-7cd0f79/build/DerivedData/ModuleCache.noindex/Session.modulevalidation -Xcc -fmodules-prune-interval\=86400 -Xcc -fmodules-prune-after\=345600 -emit-const-values -const-gather-protocols-list /Users/builder/Factory/paperloft/evidence/checkouts/p3-7cd0f79/build/DerivedData/Build/Intermediates.noindex/Paperloft.build/Debug/PaperloftApp.build/Objects-normal/arm64/PaperloftApp_const_extract_protocols.json -Xcc -iquote -Xcc /Users/builder/Factory/paperloft/evidence/checkouts/p3-7cd0f79/build/DerivedData/Build/Intermediates.noindex/Paperloft.build/Debug/PaperloftApp.build/Paperloft\ Receipts-generated-files.hmap -Xcc -I/Users/builder/Factory/paperloft/evidence/checkouts/p3-7cd0f79/build/DerivedData/Build/Intermediates.noindex/Paperloft.build/Debug/PaperloftApp.build/Paperloft\ Receipts-own-target-headers.hmap -Xcc -I/Users/builder/Factory/paperloft/evidence/checkouts/p3-7cd0f79/build/DerivedData/Build/Intermediates.noindex/Paperloft.build/Debug/PaperloftApp.build/Paperloft\ Receipts-all-non-framework-target-headers.hmap -Xcc -ivfsoverlay -Xcc /Users/builder/Factory/paperloft/evidence/checkouts/p3-7cd0f79/build/DerivedData/Build/Intermediates.noindex/Paperloft.build/Debug/Paperloft-b93ddc6bcd4d234a5473ab01ad3589c4-VFS/all-product-headers.yaml -Xcc -iquote -Xcc /Users/builder/Factory/paperloft/evidence/checkouts/p3-7cd0f79/build/DerivedData/Build/Intermediates.noindex/Paperloft.build/Debug/PaperloftApp.build/Paperloft\ Receipts-project-headers.hmap -Xcc -I/Users/builder/Factory/paperloft/evidence/checkouts/p3-7cd0f79/build/DerivedData/Build/Products/Debug/include -Xcc -I/Users/builder/Factory/paperloft/evidence/checkouts/p3-7cd0f79/build/DerivedData/Build/Intermediates.noindex/Paperloft.build/Debug/PaperloftApp.build/DerivedSources-normal/arm64 -Xcc -I/Users/builder/Factory/paperloft/evidence/checkouts/p3-7cd0f79/build/DerivedData/Build/Intermediates.noindex/Paperloft.build/Debug/PaperloftApp.build/DerivedSources/arm64 -Xcc -I/Users/builder/Factory/paperloft/evidence/checkouts/p3-7cd0f79/build/DerivedData/Build/Intermediates.noindex/Paperloft.build/Debug/PaperloftApp.build/DerivedSources -emit-objc-header -emit-objc-header-path /Users/builder/Factory/paperloft/evidence/checkouts/p3-7cd0f79/build/DerivedData/Build/Intermediates.noindex/Paperloft.build/Debug/PaperloftApp.build/Objects-normal/arm64/Paperloft_Receipts-Swift.h -working-directory /Users/builder/Factory/paperloft/evidence/checkouts/p3-7cd0f79 -experimental-emit-module-separately -disable-cmo

SwiftExplicitDependencyGeneratePcm arm64 /Users/builder/Factory/paperloft/evidence/checkouts/p3-7cd0f79/build/DerivedData/SDKExplicitPrecompiledModules/ptrauth-981WTLF9JVR4H9K2BPJZ3A77X.pcm

SwiftExplicitDependencyGeneratePcm arm64 /Users/builder/Factory/paperloft/evidence/checkouts/p3-7cd0f79/build/DerivedData/SDKExplicitPrecompiledModules/_AvailabilityInternal-UCIQY9DRBFPHE8L63XP48L3E.pcm

SwiftExplicitDependencyGeneratePcm arm64 /Users/builder/Factory/paperloft/evidence/checkouts/p3-7cd0f79/build/DerivedData/SDKExplicitPrecompiledModules/DeveloperToolsSupport-95YEFQ96R3IBJWR1C59PH2K02.pcm

SwiftExplicitDependencyGeneratePcm arm64 /Users/builder/Factory/paperloft/evidence/checkouts/p3-7cd0f79/build/DerivedData/SDKExplicitPrecompiledModules/_SwiftConcurrencyShims-HPSW9I2Q1FP7K7SJ158R52VH.pcm

SwiftExplicitDependencyGeneratePcm arm64 /Users/builder/Factory/paperloft/evidence/checkouts/p3-7cd0f79/build/DerivedData/SDKExplicitPrecompiledModules/ptrcheck-AXCTJ3SHVXP090O6WOSRIZL49.pcm

SwiftExplicitDependencyGeneratePcm arm64 /Users/builder/Factory/paperloft/evidence/checkouts/p3-7cd0f79/build/DerivedData/SDKExplicitPrecompiledModules/_Builtin_stdarg-5NKMU615NYLAQ0VC56N399MTY.pcm

SwiftExplicitDependencyGeneratePcm arm64 /Users/builder/Factory/paperloft/evidence/checkouts/p3-7cd0f79/build/DerivedData/SDKExplicitPrecompiledModules/_Builtin_stdbool-3CYJXP29G7HL9IGN9NGW4GUWS.pcm

SwiftExplicitDependencyGeneratePcm arm64 /Users/builder/Factory/paperloft/evidence/checkouts/p3-7cd0f79/build/DerivedData/SDKExplicitPrecompiledModules/SwiftShims-6SQBZ6FW6UWXR7JJEIB7W5RRV.pcm

SwiftExplicitDependencyGeneratePcm arm64 /Users/builder/Factory/paperloft/evidence/checkouts/p3-7cd0f79/build/DerivedData/SDKExplicitPrecompiledModules/_Builtin_stddef-EPW0W5FDMSLG3GC09107MWX0Y.pcm

SwiftExplicitDependencyGeneratePcm arm64 /Users/builder/Factory/paperloft/evidence/checkouts/p3-7cd0f79/build/DerivedData/SDKExplicitPrecompiledModules/_Builtin_float-8W3GK99SKF5M6NM43EG7MW525.pcm

SwiftExplicitDependencyGeneratePcm arm64 /Users/builder/Factory/paperloft/evidence/checkouts/p3-7cd0f79/build/DerivedData/SDKExplicitPrecompiledModules/_DarwinFoundation1-2V64J2YNDLV4XSFHQ13GBZGQP.pcm

SwiftExplicitDependencyGeneratePcm arm64 /Users/builder/Factory/paperloft/evidence/checkouts/p3-7cd0f79/build/DerivedData/SDKExplicitPrecompiledModules/ExtensionFoundation-8QNVRPA8A7POGVEDXSME72JJH.pcm

SwiftExplicitDependencyGeneratePcm arm64 /Users/builder/Factory/paperloft/evidence/checkouts/p3-7cd0f79/build/DerivedData/SDKExplicitPrecompiledModules/_Builtin_limits-4X0Q4FBMMVUYSNR6TVJ3N7YSC.pcm

SwiftExplicitDependencyGeneratePcm arm64 /Users/builder/Factory/paperloft/evidence/checkouts/p3-7cd0f79/build/DerivedData/SDKExplicitPrecompiledModules/_DarwinFoundation2-9BLV1E7MHG1KKE8LNXJC3GYWO.pcm

SwiftExplicitDependencyGeneratePcm arm64 /Users/builder/Factory/paperloft/evidence/checkouts/p3-7cd0f79/build/DerivedData/SDKExplicitPrecompiledModules/_Builtin_tgmath-9UKHCZ69TU5DLN1P9CLKUC9MW.pcm

SwiftExplicitDependencyGeneratePcm arm64 /Users/builder/Factory/paperloft/evidence/checkouts/p3-7cd0f79/build/DerivedData/SDKExplicitPrecompiledModules/string_h-K3KGHHPQ8KF9KGAVCF838B92.pcm

SwiftExplicitDependencyGeneratePcm arm64 /Users/builder/Factory/paperloft/evidence/checkouts/p3-7cd0f79/build/DerivedData/SDKExplicitPrecompiledModules/_Builtin_stdint-AYGKBH07YMF4DXN7F3Z61TKV0.pcm

SwiftExplicitDependencyGeneratePcm arm64 /Users/builder/Factory/paperloft/evidence/checkouts/p3-7cd0f79/build/DerivedData/SDKExplicitPrecompiledModules/sys_types-7LMXR0XO7IQ5CFI62R45FDKYA.pcm

SwiftExplicitDependencyGeneratePcm arm64 /Users/builder/Factory/paperloft/evidence/checkouts/p3-7cd0f79/build/DerivedData/SDKExplicitPrecompiledModules/_Builtin_intrinsics-APZEYZSBAET2V4HV6JA18D80.pcm

SwiftExplicitDependencyGeneratePcm arm64 /Users/builder/Factory/paperloft/evidence/checkouts/p3-7cd0f79/build/DerivedData/SDKExplicitPrecompiledModules/libDER-888I69GOXRFPXXFHE60H8FHHM.pcm

SwiftExplicitDependencyGeneratePcm arm64 /Users/builder/Factory/paperloft/evidence/checkouts/p3-7cd0f79/build/DerivedData/SDKExplicitPrecompiledModules/_Builtin_stdatomic-8BX7XY1VLXCNWJZP1J5AUBIWQ.pcm

SwiftExplicitDependencyGeneratePcm arm64 /Users/builder/Factory/paperloft/evidence/checkouts/p3-7cd0f79/build/DerivedData/SDKExplicitPrecompiledModules/_DarwinFoundation3-26F7ICH1DYS59G64RBQRMFCM8.pcm

SwiftExplicitDependencyGeneratePcm arm64 /Users/builder/Factory/paperloft/evidence/checkouts/p3-7cd0f79/build/DerivedData/SDKExplicitPrecompiledModules/_Builtin_inttypes-9WZHA2HRSXSS3FBOFXK8LTMGR.pcm

SwiftExplicitDependencyGeneratePcm arm64 /Users/builder/Factory/paperloft/evidence/checkouts/p3-7cd0f79/build/DerivedData/SDKExplicitPrecompiledModules/Darwin-AIYHJUVJF07PXKKROQ578M2GA.pcm

SwiftExplicitDependencyGeneratePcm arm64 /Users/builder/Factory/paperloft/evidence/checkouts/p3-7cd0f79/build/DerivedData/SDKExplicitPrecompiledModules/simd-C9WQ2N9LRY5A63ATQNHT8OX05.pcm

SwiftExplicitDependencyGeneratePcm arm64 /Users/builder/Factory/paperloft/evidence/checkouts/p3-7cd0f79/build/DerivedData/SDKExplicitPrecompiledModules/Compression-32KR69X3EWHXJAY6GXB197325.pcm

SwiftExplicitDependencyGeneratePcm arm64 /Users/builder/Factory/paperloft/evidence/checkouts/p3-7cd0f79/build/DerivedData/SDKExplicitPrecompiledModules/MachO-A05XTTM2OVXTVEB15GTSLE3ZK.pcm

SwiftExplicitDependencyGeneratePcm arm64 /Users/builder/Factory/paperloft/evidence/checkouts/p3-7cd0f79/build/DerivedData/SDKExplicitPrecompiledModules/libkern-7F4HHZ9ZALMV48Q8TZGDKI27P.pcm

SwiftExplicitDependencyGeneratePcm arm64 /Users/builder/Factory/paperloft/evidence/checkouts/p3-7cd0f79/build/DerivedData/SDKExplicitPrecompiledModules/launch-EK162WMCR5DDFT7MYJDWSCSXJ.pcm

SwiftExplicitDependencyGeneratePcm arm64 /Users/builder/Factory/paperloft/evidence/checkouts/p3-7cd0f79/build/DerivedData/SDKExplicitPrecompiledModules/CUPS-2J2HB4TT73IODSY5H306X9WM9.pcm

SwiftDriverJobDiscovery normal arm64 Compiling ShareViewController.swift (in target 'PaperloftShare' from project 'Paperloft')

SwiftDriver\ Compilation PaperloftShare normal arm64 com.apple.xcode.tools.swift.compiler (in target 'PaperloftShare' from project 'Paperloft')
    cd /Users/builder/Factory/paperloft/evidence/checkouts/p3-7cd0f79
    builtin-Swift-Compilation -- /Applications/Xcode.app/Contents/Developer/Toolchains/XcodeDefault.xctoolchain/usr/bin/swiftc -module-name PaperloftShare -Onone @/Users/builder/Factory/paperloft/evidence/checkouts/p3-7cd0f79/build/DerivedData/Build/Intermediates.noindex/Paperloft.build/Debug/PaperloftShare.build/Objects-normal/arm64/PaperloftShare.SwiftFileList -DDEBUG -enable-experimental-feature DebugDescriptionMacro -sdk /Applications/Xcode.app/Contents/Developer/Platforms/MacOSX.platform/Developer/SDKs/MacOSX27.0.sdk -target arm64-apple-macos27.0 -g -module-cache-path /Users/builder/Factory/paperloft/evidence/checkouts/p3-7cd0f79/build/DerivedData/ModuleCache.noindex -Xfrontend -serialize-debugging-options -application-extension -profile-coverage-mapping -profile-generate -enable-testing -warnings-as-errors -index-store-path /Users/builder/Factory/paperloft/evidence/checkouts/p3-7cd0f79/build/DerivedData/Index.noindex/DataStore -swift-version 6 -I /Users/builder/Factory/paperloft/evidence/checkouts/p3-7cd0f79/build/DerivedData/Build/Products/Debug -F /Users/builder/Factory/paperloft/evidence/checkouts/p3-7cd0f79/build/DerivedData/Build/Products/Debug/PackageFrameworks -F /Users/builder/Factory/paperloft/evidence/checkouts/p3-7cd0f79/build/DerivedData/Build/Products/Debug -parse-as-library -c -j10 -enable-batch-mode -incremental -Xcc -ivfsstatcache -Xcc /Users/builder/Factory/paperloft/evidence/checkouts/p3-7cd0f79/build/DerivedData/SDKStatCaches.noindex/macosx27.0-26A425-7231f6df4def33e022ae2eb8f782df1a.sdkstatcache -output-file-map /Users/builder/Factory/paperloft/evidence/checkouts/p3-7cd0f79/build/DerivedData/Build/Intermediates.noindex/Paperloft.build/Debug/PaperloftShare.build/Objects-normal/arm64/PaperloftShare-OutputFileMap.json -save-temps -no-color-diagnostics -explicit-module-build -module-cache-path /Users/builder/Factory/paperloft/evidence/checkouts/p3-7cd0f79/build/DerivedData/Build/Intermediates.noindex/SwiftExplicitPrecompiledModules -clang-scanner-module-cache-path /Users/builder/Factory/paperloft/evidence/checkouts/p3-7cd0f79/build/DerivedData/ModuleCache.noindex -sdk-module-cache-path /Users/builder/Factory/paperloft/evidence/checkouts/p3-7cd0f79/build/DerivedData/SDKExplicitPrecompiledModules -emit-dependencies -emit-module -emit-module-path /Users/builder/Factory/paperloft/evidence/checkouts/p3-7cd0f79/build/DerivedData/Build/Intermediates.noindex/Paperloft.build/Debug/PaperloftShare.build/Objects-normal/arm64/PaperloftShare.swiftmodule -serialize-diagnostics -dependency-scan-serialize-diagnostics-path /Users/builder/Factory/paperloft/evidence/checkouts/p3-7cd0f79/build/DerivedData/Build/Intermediates.noindex/Paperloft.build/Debug/PaperloftShare.build/Objects-normal/arm64/PaperloftShare-dependency-scan.dia -validate-clang-modules-once -clang-build-session-file /Users/builder/Factory/paperloft/evidence/checkouts/p3-7cd0f79/build/DerivedData/ModuleCache.noindex/Session.modulevalidation -Xcc -fmodules-prune-interval\=86400 -Xcc -fmodules-prune-after\=345600 -emit-const-values -const-gather-protocols-list /Users/builder/Factory/paperloft/evidence/checkouts/p3-7cd0f79/build/DerivedData/Build/Intermediates.noindex/Paperloft.build/Debug/PaperloftShare.build/Objects-normal/arm64/PaperloftShare_const_extract_protocols.json -Xcc -iquote -Xcc /Users/builder/Factory/paperloft/evidence/checkouts/p3-7cd0f79/build/DerivedData/Build/Intermediates.noindex/Paperloft.build/Debug/PaperloftShare.build/PaperloftShare-generated-files.hmap -Xcc -I/Users/builder/Factory/paperloft/evidence/checkouts/p3-7cd0f79/build/DerivedData/Build/Intermediates.noindex/Paperloft.build/Debug/PaperloftShare.build/PaperloftShare-own-target-headers.hmap -Xcc -I/Users/builder/Factory/paperloft/evidence/checkouts/p3-7cd0f79/build/DerivedData/Build/Intermediates.noindex/Paperloft.build/Debug/PaperloftShare.build/PaperloftShare-all-non-framework-target-headers.hmap -Xcc -ivfsoverlay -Xcc /Users/builder/Factory/paperloft/evidence/checkouts/p3-7cd0f79/build/DerivedData/Build/Intermediates.noindex/Paperloft.build/Debug/Paperloft-b93ddc6bcd4d234a5473ab01ad3589c4-VFS/all-product-headers.yaml -Xcc -iquote -Xcc /Users/builder/Factory/paperloft/evidence/checkouts/p3-7cd0f79/build/DerivedData/Build/Intermediates.noindex/Paperloft.build/Debug/PaperloftShare.build/PaperloftShare-project-headers.hmap -Xcc -I/Users/builder/Factory/paperloft/evidence/checkouts/p3-7cd0f79/build/DerivedData/Build/Products/Debug/include -Xcc -I/Users/builder/Factory/paperloft/evidence/checkouts/p3-7cd0f79/build/DerivedData/Build/Intermediates.noindex/Paperloft.build/Debug/PaperloftShare.build/DerivedSources-normal/arm64 -Xcc -I/Users/builder/Factory/paperloft/evidence/checkouts/p3-7cd0f79/build/DerivedData/Build/Intermediates.noindex/Paperloft.build/Debug/PaperloftShare.build/DerivedSources/arm64 -Xcc -I/Users/builder/Factory/paperloft/evidence/checkouts/p3-7cd0f79/build/DerivedData/Build/Intermediates.noindex/Paperloft.build/Debug/PaperloftShare.build/DerivedSources -emit-objc-header -emit-objc-header-path /Users/builder/Factory/paperloft/evidence/checkouts/p3-7cd0f79/build/DerivedData/Build/Intermediates.noindex/Paperloft.build/Debug/PaperloftShare.build/Objects-normal/arm64/PaperloftShare-Swift.h -working-directory /Users/builder/Factory/paperloft/evidence/checkouts/p3-7cd0f79 -experimental-emit-module-separately -disable-cmo

Ld /Users/builder/Factory/paperloft/evidence/checkouts/p3-7cd0f79/build/DerivedData/Build/Products/Debug/PaperloftShare.appex/Contents/MacOS/PaperloftShare.debug.dylib normal (in target 'PaperloftShare' from project 'Paperloft')
    cd /Users/builder/Factory/paperloft/evidence/checkouts/p3-7cd0f79
    /Applications/Xcode.app/Contents/Developer/Toolchains/XcodeDefault.xctoolchain/usr/bin/clang -Xlinker -reproducible -target arm64-apple-macos27.0 -dynamiclib -isysroot /Applications/Xcode.app/Contents/Developer/Platforms/MacOSX.platform/Developer/SDKs/MacOSX27.0.sdk -Os -Xlinker -no_warn_duplicate_libraries -L/Users/builder/Factory/paperloft/evidence/checkouts/p3-7cd0f79/build/DerivedData/Build/Intermediates.noindex/EagerLinkingTBDs/Debug -L/Users/builder/Factory/paperloft/evidence/checkouts/p3-7cd0f79/build/DerivedData/Build/Products/Debug -F/Users/builder/Factory/paperloft/evidence/checkouts/p3-7cd0f79/build/DerivedData/Build/Intermediates.noindex/EagerLinkingTBDs/Debug -F/Users/builder/Factory/paperloft/evidence/checkouts/p3-7cd0f79/build/DerivedData/Build/Products/Debug/PackageFrameworks -F/Users/builder/Factory/paperloft/evidence/checkouts/p3-7cd0f79/build/DerivedData/Build/Products/Debug -filelist /Users/builder/Factory/paperloft/evidence/checkouts/p3-7cd0f79/build/DerivedData/Build/Intermediates.noindex/Paperloft.build/Debug/PaperloftShare.build/Objects-normal/arm64/PaperloftShare.LinkFileList -install_name @rpath/PaperloftShare.debug.dylib -Xlinker -rpath -Xlinker @loader_path -Xlinker -rpath -Xlinker /Users/builder/Factory/paperloft/evidence/checkouts/p3-7cd0f79/build/DerivedData/Build/Products/Debug/PackageFrameworks -Xlinker -rpath -Xlinker @executable_path/../Frameworks -Xlinker -rpath -Xlinker @executable_path/../../../../Frameworks -Xlinker -object_path_lto -Xlinker /Users/builder/Factory/paperloft/evidence/checkouts/p3-7cd0f79/build/DerivedData/Build/Intermediates.noindex/Paperloft.build/Debug/PaperloftShare.build/Objects-normal/arm64/PaperloftShare_lto.o -rdynamic -Xlinker -debug_variant -Xlinker -dependency_info -Xlinker /Users/builder/Factory/paperloft/evidence/checkouts/p3-7cd0f79/build/DerivedData/Build/Intermediates.noindex/Paperloft.build/Debug/PaperloftShare.build/Objects-normal/arm64/PaperloftShare_dependency_info.dat -fapplication-extension -fobjc-link-runtime -fprofile-instr-generate -L/Applications/Xcode.app/Contents/Developer/Toolchains/XcodeDefault.xctoolchain/usr/lib/swift/macosx -L/usr/lib/swift -Xlinker -add_ast_path -Xlinker /Users/builder/Factory/paperloft/evidence/checkouts/p3-7cd0f79/build/DerivedData/Build/Intermediates.noindex/Paperloft.build/Debug/PaperloftShare.build/Objects-normal/arm64/PaperloftShare.swiftmodule -Xlinker -alias -Xlinker _NSExtensionMain -Xlinker ___debug_main_executable_dylib_entry_point -Xlinker -no_adhoc_codesign -o /Users/builder/Factory/paperloft/evidence/checkouts/p3-7cd0f79/build/DerivedData/Build/Products/Debug/PaperloftShare.appex/Contents/MacOS/PaperloftShare.debug.dylib

SwiftExplicitDependencyGeneratePcm arm64 /Users/builder/Factory/paperloft/evidence/checkouts/p3-7cd0f79/build/DerivedData/SDKExplicitPrecompiledModules/ObjectiveC-A2I4T38T2NSJQ6LSD5J2RB2TD.pcm

SwiftExplicitDependencyGeneratePcm arm64 /Users/builder/Factory/paperloft/evidence/checkouts/p3-7cd0f79/build/DerivedData/SDKExplicitPrecompiledModules/Spatial-6G7H9CDW36ZU1QF5G3T19OHBM.pcm

SwiftExplicitDependencyGeneratePcm arm64 /Users/builder/Factory/paperloft/evidence/checkouts/p3-7cd0f79/build/DerivedData/SDKExplicitPrecompiledModules/os_object-4J0B94HFKQGQAV9H1MBV01SZY.pcm

SwiftExplicitDependencyGeneratePcm arm64 /Users/builder/Factory/paperloft/evidence/checkouts/p3-7cd0f79/build/DerivedData/SDKExplicitPrecompiledModules/os_workgroup-2A4K0N6KG3D11E4MSE04KKWZT.pcm

SwiftExplicitDependencyGeneratePcm arm64 /Users/builder/Factory/paperloft/evidence/checkouts/p3-7cd0f79/build/DerivedData/SDKExplicitPrecompiledModules/Dispatch-7KXPXHT3IO6NBL322X6QA0137.pcm

SwiftExplicitDependencyGeneratePcm arm64 /Users/builder/Factory/paperloft/evidence/checkouts/p3-7cd0f79/build/DerivedData/SDKExplicitPrecompiledModules/XPC-3YG4IM79LL84JCBGM3086P1K6.pcm

SwiftExplicitDependencyGeneratePcm arm64 /Users/builder/Factory/paperloft/evidence/checkouts/p3-7cd0f79/build/DerivedData/SDKExplicitPrecompiledModules/CoreFoundation-34YWXC3170751SD639505BHYK.pcm

SwiftExplicitDependencyGeneratePcm arm64 /Users/builder/Factory/paperloft/evidence/checkouts/p3-7cd0f79/build/DerivedData/SDKExplicitPrecompiledModules/dnssd-CQQ473E4B9KHZXBZS4GHWT4PI.pcm

ConstructStubExecutorLinkFileList /Users/builder/Factory/paperloft/evidence/checkouts/p3-7cd0f79/build/DerivedData/Build/Intermediates.noindex/Paperloft.build/Debug/PaperloftShare.build/PaperloftShare-ExecutorLinkFileList-normal-arm64.txt (in target 'PaperloftShare' from project 'Paperloft')
    cd /Users/builder/Factory/paperloft/evidence/checkouts/p3-7cd0f79
    construct-stub-executor-link-file-list /Users/builder/Factory/paperloft/evidence/checkouts/p3-7cd0f79/build/DerivedData/Build/Products/Debug/PaperloftShare.appex/Contents/MacOS/PaperloftShare.debug.dylib /Applications/Xcode.app/Contents/Developer/Platforms/MacOSX.platform/Developer/usr/lib/libPreviewsJITStubExecutor_no_swift_entry_point.a /Applications/Xcode.app/Contents/Developer/Platforms/MacOSX.platform/Developer/usr/lib/libPreviewsJITStubExecutor.a --output /Users/builder/Factory/paperloft/evidence/checkouts/p3-7cd0f79/build/DerivedData/Build/Intermediates.noindex/Paperloft.build/Debug/PaperloftShare.build/PaperloftShare-ExecutorLinkFileList-normal-arm64.txt
note: Using stub executor library without Swift entry point. (in target 'PaperloftShare' from project 'Paperloft')

Ld /Users/builder/Factory/paperloft/evidence/checkouts/p3-7cd0f79/build/DerivedData/Build/Products/Debug/PaperloftShare.appex/Contents/MacOS/PaperloftShare normal (in target 'PaperloftShare' from project 'Paperloft')
    cd /Users/builder/Factory/paperloft/evidence/checkouts/p3-7cd0f79
    /Applications/Xcode.app/Contents/Developer/Toolchains/XcodeDefault.xctoolchain/usr/bin/clang -Xlinker -reproducible -target arm64-apple-macos27.0 -isysroot /Applications/Xcode.app/Contents/Developer/Platforms/MacOSX.platform/Developer/SDKs/MacOSX27.0.sdk -Os -Xlinker -no_warn_duplicate_libraries -L/Users/builder/Factory/paperloft/evidence/checkouts/p3-7cd0f79/build/DerivedData/Build/Products/Debug -F/Users/builder/Factory/paperloft/evidence/checkouts/p3-7cd0f79/build/DerivedData/Build/Products/Debug/PackageFrameworks -F/Users/builder/Factory/paperloft/evidence/checkouts/p3-7cd0f79/build/DerivedData/Build/Products/Debug -Xlinker -rpath -Xlinker @executable_path -Xlinker -rpath -Xlinker @loader_path -Xlinker -rpath -Xlinker /Users/builder/Factory/paperloft/evidence/checkouts/p3-7cd0f79/build/DerivedData/Build/Products/Debug/PackageFrameworks -Xlinker -rpath -Xlinker @executable_path/../Frameworks -Xlinker -rpath -Xlinker @executable_path/../../../../Frameworks -rdynamic -Xlinker -debug_variant -e ___debug_blank_executor_main -Xlinker -sectcreate -Xlinker __TEXT -Xlinker __debug_dylib -Xlinker /Users/builder/Factory/paperloft/evidence/checkouts/p3-7cd0f79/build/DerivedData/Build/Intermediates.noindex/Paperloft.build/Debug/PaperloftShare.build/PaperloftShare-DebugDylibPath-normal-arm64.txt -Xlinker -sectcreate -Xlinker __TEXT -Xlinker __debug_entry -Xlinker /Users/builder/Factory/paperloft/evidence/checkouts/p3-7cd0f79/build/DerivedData/Build/Intermediates.noindex/Paperloft.build/Debug/PaperloftShare.build/PaperloftShare-DebugEntryPoint-normal-arm64.txt -Xlinker -sectcreate -Xlinker __TEXT -Xlinker __debug_instlnm -Xlinker /Users/builder/Factory/paperloft/evidence/checkouts/p3-7cd0f79/build/DerivedData/Build/Intermediates.noindex/Paperloft.build/Debug/PaperloftShare.build/PaperloftShare-DebugDylibInstallName-normal-arm64.txt -Xlinker -filelist -Xlinker /Users/builder/Factory/paperloft/evidence/checkouts/p3-7cd0f79/build/DerivedData/Build/Intermediates.noindex/Paperloft.build/Debug/PaperloftShare.build/PaperloftShare-ExecutorLinkFileList-normal-arm64.txt /Users/builder/Factory/paperloft/evidence/checkouts/p3-7cd0f79/build/DerivedData/Build/Products/Debug/PaperloftShare.appex/Contents/MacOS/PaperloftShare.debug.dylib -Xlinker -no_adhoc_codesign -o /Users/builder/Factory/paperloft/evidence/checkouts/p3-7cd0f79/build/DerivedData/Build/Products/Debug/PaperloftShare.appex/Contents/MacOS/PaperloftShare

CodeSign /Users/builder/Factory/paperloft/evidence/checkouts/p3-7cd0f79/build/DerivedData/Build/Products/Debug/PaperloftShare.appex/Contents/MacOS/PaperloftShare.debug.dylib (in target 'PaperloftShare' from project 'Paperloft')
    cd /Users/builder/Factory/paperloft/evidence/checkouts/p3-7cd0f79
    
    Signing Identity:     "Sign to Run Locally"
    
    /usr/bin/codesign --force --sign - --timestamp\=none --generate-entitlement-der /Users/builder/Factory/paperloft/evidence/checkouts/p3-7cd0f79/build/DerivedData/Build/Products/Debug/PaperloftShare.appex/Contents/MacOS/PaperloftShare.debug.dylib

SwiftExplicitDependencyGeneratePcm arm64 /Users/builder/Factory/paperloft/evidence/checkouts/p3-7cd0f79/build/DerivedData/SDKExplicitPrecompiledModules/os-8NH68SIWF01DU1D7BSK6W3IBB.pcm

CodeSign /Users/builder/Factory/paperloft/evidence/checkouts/p3-7cd0f79/build/DerivedData/Build/Products/Debug/PaperloftShare.appex/Contents/MacOS/__preview.dylib (in target 'PaperloftShare' from project 'Paperloft')
    cd /Users/builder/Factory/paperloft/evidence/checkouts/p3-7cd0f79
    
    Signing Identity:     "Sign to Run Locally"
    
    /usr/bin/codesign --force --sign - --timestamp\=none --generate-entitlement-der /Users/builder/Factory/paperloft/evidence/checkouts/p3-7cd0f79/build/DerivedData/Build/Products/Debug/PaperloftShare.appex/Contents/MacOS/__preview.dylib

CodeSign /Users/builder/Factory/paperloft/evidence/checkouts/p3-7cd0f79/build/DerivedData/Build/Products/Debug/PaperloftShare.appex (in target 'PaperloftShare' from project 'Paperloft')
    cd /Users/builder/Factory/paperloft/evidence/checkouts/p3-7cd0f79
    
    Signing Identity:     "Sign to Run Locally"
    
    /usr/bin/codesign --force --sign - --entitlements /Users/builder/Factory/paperloft/evidence/checkouts/p3-7cd0f79/build/DerivedData/Build/Intermediates.noindex/Paperloft.build/Debug/PaperloftShare.build/PaperloftShare.appex.xcent --timestamp\=none --generate-entitlement-der /Users/builder/Factory/paperloft/evidence/checkouts/p3-7cd0f79/build/DerivedData/Build/Products/Debug/PaperloftShare.appex

SwiftExplicitDependencyGeneratePcm arm64 /Users/builder/Factory/paperloft/evidence/checkouts/p3-7cd0f79/build/DerivedData/SDKExplicitPrecompiledModules/CoreAudioTypes-D9WSRRX91KZARUDU46P9ESW59.pcm

SwiftExplicitDependencyGeneratePcm arm64 /Users/builder/Factory/paperloft/evidence/checkouts/p3-7cd0f79/build/DerivedData/SDKExplicitPrecompiledModules/IOKit-41D2C3FOR9785I45V1VC7PVSG.pcm

SwiftExplicitDependencyGeneratePcm arm64 /Users/builder/Factory/paperloft/evidence/checkouts/p3-7cd0f79/build/DerivedData/SDKExplicitPrecompiledModules/ColorSync-F0BYGH5LR1ELOQLYZ4ZO38U7W.pcm

SwiftExplicitDependencyGeneratePcm arm64 /Users/builder/Factory/paperloft/evidence/checkouts/p3-7cd0f79/build/DerivedData/SDKExplicitPrecompiledModules/CFNetwork-4WVQWNEOJEV4EGX7VGUMWF13E.pcm

SwiftExplicitDependencyGeneratePcm arm64 /Users/builder/Factory/paperloft/evidence/checkouts/p3-7cd0f79/build/DerivedData/SDKExplicitPrecompiledModules/Security-1Y5XJ18K4UI7NV9NHSD0T0OZJ.pcm

RegisterExecutionPolicyException /Users/builder/Factory/paperloft/evidence/checkouts/p3-7cd0f79/build/DerivedData/Build/Products/Debug/PaperloftShare.appex (in target 'PaperloftShare' from project 'Paperloft')
    cd /Users/builder/Factory/paperloft/evidence/checkouts/p3-7cd0f79
    builtin-RegisterExecutionPolicyException /Users/builder/Factory/paperloft/evidence/checkouts/p3-7cd0f79/build/DerivedData/Build/Products/Debug/PaperloftShare.appex

Touch /Users/builder/Factory/paperloft/evidence/checkouts/p3-7cd0f79/build/DerivedData/Build/Products/Debug/PaperloftShare.appex (in target 'PaperloftShare' from project 'Paperloft')
    cd /Users/builder/Factory/paperloft/evidence/checkouts/p3-7cd0f79
    /usr/bin/touch -c /Users/builder/Factory/paperloft/evidence/checkouts/p3-7cd0f79/build/DerivedData/Build/Products/Debug/PaperloftShare.appex

Ld /Users/builder/Factory/paperloft/evidence/checkouts/p3-7cd0f79/build/DerivedData/Build/Products/Debug/Paperloft\ Receipts.app/Contents/MacOS/__preview.dylib normal (in target 'PaperloftApp' from project 'Paperloft')
    cd /Users/builder/Factory/paperloft/evidence/checkouts/p3-7cd0f79
    /Applications/Xcode.app/Contents/Developer/Toolchains/XcodeDefault.xctoolchain/usr/bin/clang -Xlinker -reproducible -target arm64-apple-macos27.0 -dynamiclib -isysroot /Applications/Xcode.app/Contents/Developer/Platforms/MacOSX.platform/Developer/SDKs/MacOSX27.0.sdk -Os -Xlinker -no_warn_duplicate_libraries -L/Users/builder/Factory/paperloft/evidence/checkouts/p3-7cd0f79/build/DerivedData/Build/Products/Debug -F/Users/builder/Factory/paperloft/evidence/checkouts/p3-7cd0f79/build/DerivedData/Build/Products/Debug/PackageFrameworks -F/Users/builder/Factory/paperloft/evidence/checkouts/p3-7cd0f79/build/DerivedData/Build/Products/Debug -install_name @rpath/Paperloft\ Receipts.debug.dylib -rdynamic -Xlinker -debug_variant -Xlinker -dependency_info -Xlinker /Users/builder/Factory/paperloft/evidence/checkouts/p3-7cd0f79/build/DerivedData/Build/Intermediates.noindex/Paperloft.build/Debug/PaperloftApp.build/Objects-normal/arm64/Paperloft\ Receipts_dependency_info.dat -Xlinker -no_adhoc_codesign -o /Users/builder/Factory/paperloft/evidence/checkouts/p3-7cd0f79/build/DerivedData/Build/Products/Debug/Paperloft\ Receipts.app/Contents/MacOS/__preview.dylib

CpResource /Users/builder/Factory/paperloft/evidence/checkouts/p3-7cd0f79/build/DerivedData/Build/Products/Debug/Paperloft\ Receipts.app/Contents/Resources/04-software.pdf /Users/builder/Factory/paperloft/evidence/checkouts/p3-7cd0f79/Apps/PaperloftApp/Resources/Samples/04-software.pdf (in target 'PaperloftApp' from project 'Paperloft')
    cd /Users/builder/Factory/paperloft/evidence/checkouts/p3-7cd0f79
    builtin-copy -exclude .DS_Store -exclude CVS -exclude .svn -exclude .git -exclude .hg -resolve-src-symlinks /Users/builder/Factory/paperloft/evidence/checkouts/p3-7cd0f79/Apps/PaperloftApp/Resources/Samples/04-software.pdf /Users/builder/Factory/paperloft/evidence/checkouts/p3-7cd0f79/build/DerivedData/Build/Products/Debug/Paperloft\ Receipts.app/Contents/Resources

CpResource /Users/builder/Factory/paperloft/evidence/checkouts/p3-7cd0f79/build/DerivedData/Build/Products/Debug/Paperloft\ Receipts.app/Contents/Resources/05-utilities.pdf /Users/builder/Factory/paperloft/evidence/checkouts/p3-7cd0f79/Apps/PaperloftApp/Resources/Samples/05-utilities.pdf (in target 'PaperloftApp' from project 'Paperloft')
    cd /Users/builder/Factory/paperloft/evidence/checkouts/p3-7cd0f79
    builtin-copy -exclude .DS_Store -exclude CVS -exclude .svn -exclude .git -exclude .hg -resolve-src-symlinks /Users/builder/Factory/paperloft/evidence/checkouts/p3-7cd0f79/Apps/PaperloftApp/Resources/Samples/05-utilities.pdf /Users/builder/Factory/paperloft/evidence/checkouts/p3-7cd0f79/build/DerivedData/Build/Products/Debug/Paperloft\ Receipts.app/Contents/Resources

CpResource /Users/builder/Factory/paperloft/evidence/checkouts/p3-7cd0f79/build/DerivedData/Build/Products/Debug/Paperloft\ Receipts.app/Contents/Resources/PrivacyInfo.xcprivacy /Users/builder/Factory/paperloft/evidence/checkouts/p3-7cd0f79/Apps/PaperloftApp/PrivacyInfo.xcprivacy (in target 'PaperloftApp' from project 'Paperloft')
    cd /Users/builder/Factory/paperloft/evidence/checkouts/p3-7cd0f79
    builtin-copy -exclude .DS_Store -exclude CVS -exclude .svn -exclude .git -exclude .hg -resolve-src-symlinks /Users/builder/Factory/paperloft/evidence/checkouts/p3-7cd0f79/Apps/PaperloftApp/PrivacyInfo.xcprivacy /Users/builder/Factory/paperloft/evidence/checkouts/p3-7cd0f79/build/DerivedData/Build/Products/Debug/Paperloft\ Receipts.app/Contents/Resources

CpResource /Users/builder/Factory/paperloft/evidence/checkouts/p3-7cd0f79/build/DerivedData/Build/Products/Debug/Paperloft\ Receipts.app/Contents/Resources/03-travel.pdf /Users/builder/Factory/paperloft/evidence/checkouts/p3-7cd0f79/Apps/PaperloftApp/Resources/Samples/03-travel.pdf (in target 'PaperloftApp' from project 'Paperloft')
    cd /Users/builder/Factory/paperloft/evidence/checkouts/p3-7cd0f79
    builtin-copy -exclude .DS_Store -exclude CVS -exclude .svn -exclude .git -exclude .hg -resolve-src-symlinks /Users/builder/Factory/paperloft/evidence/checkouts/p3-7cd0f79/Apps/PaperloftApp/Resources/Samples/03-travel.pdf /Users/builder/Factory/paperloft/evidence/checkouts/p3-7cd0f79/build/DerivedData/Build/Products/Debug/Paperloft\ Receipts.app/Contents/Resources

CpResource /Users/builder/Factory/paperloft/evidence/checkouts/p3-7cd0f79/build/DerivedData/Build/Products/Debug/Paperloft\ Receipts.app/Contents/Resources/02-meal.pdf /Users/builder/Factory/paperloft/evidence/checkouts/p3-7cd0f79/Apps/PaperloftApp/Resources/Samples/02-meal.pdf (in target 'PaperloftApp' from project 'Paperloft')
    cd /Users/builder/Factory/paperloft/evidence/checkouts/p3-7cd0f79
    builtin-copy -exclude .DS_Store -exclude CVS -exclude .svn -exclude .git -exclude .hg -resolve-src-symlinks /Users/builder/Factory/paperloft/evidence/checkouts/p3-7cd0f79/Apps/PaperloftApp/Resources/Samples/02-meal.pdf /Users/builder/Factory/paperloft/evidence/checkouts/p3-7cd0f79/build/DerivedData/Build/Products/Debug/Paperloft\ Receipts.app/Contents/Resources

CpResource /Users/builder/Factory/paperloft/evidence/checkouts/p3-7cd0f79/build/DerivedData/Build/Products/Debug/Paperloft\ Receipts.app/Contents/Resources/01-office.pdf /Users/builder/Factory/paperloft/evidence/checkouts/p3-7cd0f79/Apps/PaperloftApp/Resources/Samples/01-office.pdf (in target 'PaperloftApp' from project 'Paperloft')
    cd /Users/builder/Factory/paperloft/evidence/checkouts/p3-7cd0f79
    builtin-copy -exclude .DS_Store -exclude CVS -exclude .svn -exclude .git -exclude .hg -resolve-src-symlinks /Users/builder/Factory/paperloft/evidence/checkouts/p3-7cd0f79/Apps/PaperloftApp/Resources/Samples/01-office.pdf /Users/builder/Factory/paperloft/evidence/checkouts/p3-7cd0f79/build/DerivedData/Build/Products/Debug/Paperloft\ Receipts.app/Contents/Resources

SwiftExplicitDependencyGeneratePcm arm64 /Users/builder/Factory/paperloft/evidence/checkouts/p3-7cd0f79/build/DerivedData/SDKExplicitPrecompiledModules/DiskArbitration-CPCTML3AHNTC93SRRHAXY459X.pcm

SwiftExplicitDependencyGeneratePcm arm64 /Users/builder/Factory/paperloft/evidence/checkouts/p3-7cd0f79/build/DerivedData/SDKExplicitPrecompiledModules/CoreGraphics-2XMNKZA5L5MVYR4CLFTF4E9MN.pcm

SwiftExplicitDependencyGeneratePcm arm64 /Users/builder/Factory/paperloft/evidence/checkouts/p3-7cd0f79/build/DerivedData/SDKExplicitPrecompiledModules/CoreServices-CNR0G5647GKGE6T7HPNOT7QOO.pcm

SwiftExplicitDependencyGeneratePcm arm64 /Users/builder/Factory/paperloft/evidence/checkouts/p3-7cd0f79/build/DerivedData/SDKExplicitPrecompiledModules/CoreText-5M577C80OL5PED6K2Q7QROQU1.pcm

SwiftExplicitDependencyGeneratePcm arm64 /Users/builder/Factory/paperloft/evidence/checkouts/p3-7cd0f79/build/DerivedData/SDKExplicitPrecompiledModules/ImageIO-EUY7IR75SL0QNX9FQX0FNN073.pcm

SwiftExplicitDependencyGeneratePcm arm64 /Users/builder/Factory/paperloft/evidence/checkouts/p3-7cd0f79/build/DerivedData/SDKExplicitPrecompiledModules/Foundation-AMLOOXMOEUFD0HMWURQCYLZGU.pcm

LinkAssetCatalog /Users/builder/Factory/paperloft/evidence/checkouts/p3-7cd0f79/Apps/PaperloftApp/Resources/Assets.xcassets /Users/builder/Factory/paperloft/evidence/checkouts/p3-7cd0f79/Apps/PaperloftApp/AppIcon.icon (in target 'PaperloftApp' from project 'Paperloft')
    cd /Users/builder/Factory/paperloft/evidence/checkouts/p3-7cd0f79
    builtin-linkAssetCatalog --thinned /Users/builder/Factory/paperloft/evidence/checkouts/p3-7cd0f79/build/DerivedData/Build/Intermediates.noindex/Paperloft.build/Debug/PaperloftApp.build/assetcatalog_output/thinned --thinned-dependencies /Users/builder/Factory/paperloft/evidence/checkouts/p3-7cd0f79/build/DerivedData/Build/Intermediates.noindex/Paperloft.build/Debug/PaperloftApp.build/assetcatalog_dependencies_thinned --thinned-info-plist-content /Users/builder/Factory/paperloft/evidence/checkouts/p3-7cd0f79/build/DerivedData/Build/Intermediates.noindex/Paperloft.build/Debug/PaperloftApp.build/assetcatalog_generated_info.plist_thinned --unthinned /Users/builder/Factory/paperloft/evidence/checkouts/p3-7cd0f79/build/DerivedData/Build/Intermediates.noindex/Paperloft.build/Debug/PaperloftApp.build/assetcatalog_output/unthinned --unthinned-dependencies /Users/builder/Factory/paperloft/evidence/checkouts/p3-7cd0f79/build/DerivedData/Build/Intermediates.noindex/Paperloft.build/Debug/PaperloftApp.build/assetcatalog_dependencies_unthinned --unthinned-info-plist-content /Users/builder/Factory/paperloft/evidence/checkouts/p3-7cd0f79/build/DerivedData/Build/Intermediates.noindex/Paperloft.build/Debug/PaperloftApp.build/assetcatalog_generated_info.plist_unthinned --output /Users/builder/Factory/paperloft/evidence/checkouts/p3-7cd0f79/build/DerivedData/Build/Products/Debug/Paperloft\ Receipts.app/Contents/Resources --plist-output /Users/builder/Factory/paperloft/evidence/checkouts/p3-7cd0f79/build/DerivedData/Build/Intermediates.noindex/Paperloft.build/Debug/PaperloftApp.build/assetcatalog_generated_info.plist
note: Emplaced /Users/builder/Factory/paperloft/evidence/checkouts/p3-7cd0f79/build/DerivedData/Build/Products/Debug/Paperloft Receipts.app/Contents/Resources/AppIcon.icns (in target 'PaperloftApp' from project 'Paperloft')
note: Emplaced /Users/builder/Factory/paperloft/evidence/checkouts/p3-7cd0f79/build/DerivedData/Build/Products/Debug/Paperloft Receipts.app/Contents/Resources/Assets.car (in target 'PaperloftApp' from project 'Paperloft')

SwiftExplicitDependencyGeneratePcm arm64 /Users/builder/Factory/paperloft/evidence/checkouts/p3-7cd0f79/build/DerivedData/SDKExplicitPrecompiledModules/UniformTypeIdentifiers-DSW5JBYUROQZVTR9D00ELHTQ4.pcm

SwiftExplicitDependencyGeneratePcm arm64 /Users/builder/Factory/paperloft/evidence/checkouts/p3-7cd0f79/build/DerivedData/SDKExplicitPrecompiledModules/ApplicationServices-3GKXEILTXSJFCI4QFWL8P0XPE.pcm

SwiftExplicitDependencyGeneratePcm arm64 /Users/builder/Factory/paperloft/evidence/checkouts/p3-7cd0f79/build/DerivedData/SDKExplicitPrecompiledModules/Network-7CLHRRETIZ8TY3HJHTSIM0OAH.pcm

SwiftExplicitDependencyGeneratePcm arm64 /Users/builder/Factory/paperloft/evidence/checkouts/p3-7cd0f79/build/DerivedData/SDKExplicitPrecompiledModules/AppIntentsTypeSupport-1337DV8TX7VOQOZSEVXHMS27N.pcm

SwiftExplicitDependencyGeneratePcm arm64 /Users/builder/Factory/paperloft/evidence/checkouts/p3-7cd0f79/build/DerivedData/SDKExplicitPrecompiledModules/CoreMIDI-7MKMNPJOIUJP74E3EJ7M684X3.pcm

SwiftExplicitDependencyGeneratePcm arm64 /Users/builder/Factory/paperloft/evidence/checkouts/p3-7cd0f79/build/DerivedData/SDKExplicitPrecompiledModules/IOSurface-CNFSY6D9GZFA1XAV4SR23EYUG.pcm

SwiftExplicitDependencyGeneratePcm arm64 /Users/builder/Factory/paperloft/evidence/checkouts/p3-7cd0f79/build/DerivedData/SDKExplicitPrecompiledModules/_LocationEssentials-65I50JLJXK04072NAZMIQPN9Z.pcm

SwiftExplicitDependencyGeneratePcm arm64 /Users/builder/Factory/paperloft/evidence/checkouts/p3-7cd0f79/build/DerivedData/SDKExplicitPrecompiledModules/RelevanceKit-C74JF2JU8PTISP3RMVMYE7YJM.pcm

SwiftExplicitDependencyGeneratePcm arm64 /Users/builder/Factory/paperloft/evidence/checkouts/p3-7cd0f79/build/DerivedData/SDKExplicitPrecompiledModules/Accessibility-4LPKROXXMC9W3LT6TS1R5M5J3.pcm

SwiftExplicitDependencyGeneratePcm arm64 /Users/builder/Factory/paperloft/evidence/checkouts/p3-7cd0f79/build/DerivedData/SDKExplicitPrecompiledModules/JavaScriptCore-7XI00YJ0666DMELI4RU59I0TC.pcm

SwiftExplicitDependencyGeneratePcm arm64 /Users/builder/Factory/paperloft/evidence/checkouts/p3-7cd0f79/build/DerivedData/SDKExplicitPrecompiledModules/CoreData-BSAY0RDF06Z621GACV8GIMADR.pcm

SwiftExplicitDependencyGeneratePcm arm64 /Users/builder/Factory/paperloft/evidence/checkouts/p3-7cd0f79/build/DerivedData/SDKExplicitPrecompiledModules/CoreTransferable-3RF6PK02F854POMU6AEUMQK2D.pcm

SwiftExplicitDependencyGeneratePcm arm64 /Users/builder/Factory/paperloft/evidence/checkouts/p3-7cd0f79/build/DerivedData/SDKExplicitPrecompiledModules/BackgroundAssets-A0C9LCPG63BA4FAGB3M3GTV55.pcm

SwiftExplicitDependencyGeneratePcm arm64 /Users/builder/Factory/paperloft/evidence/checkouts/p3-7cd0f79/build/DerivedData/SDKExplicitPrecompiledModules/LocalAuthentication-846A5DUWCH1K9JO2CFF62JOKH.pcm

SwiftExplicitDependencyGeneratePcm arm64 /Users/builder/Factory/paperloft/evidence/checkouts/p3-7cd0f79/build/DerivedData/SDKExplicitPrecompiledModules/CoreSpotlight-3BSASHKOMSQGG96WDF0LOKUNI.pcm

SwiftExplicitDependencyGeneratePcm arm64 /Users/builder/Factory/paperloft/evidence/checkouts/p3-7cd0f79/build/DerivedData/SDKExplicitPrecompiledModules/DataDetection-D23HJ3V7PO7TIKYV4FF5YFTIY.pcm

SwiftExplicitDependencyGeneratePcm arm64 /Users/builder/Factory/paperloft/evidence/checkouts/p3-7cd0f79/build/DerivedData/SDKExplicitPrecompiledModules/OSLog-9WB3E3YFVLYG3VV1J12WSP2XR.pcm

SwiftExplicitDependencyGeneratePcm arm64 /Users/builder/Factory/paperloft/evidence/checkouts/p3-7cd0f79/build/DerivedData/SDKExplicitPrecompiledModules/OpenGL-BEFMHTI5X2C9OXZTYY4X96OJ.pcm

SwiftExplicitDependencyGeneratePcm arm64 /Users/builder/Factory/paperloft/evidence/checkouts/p3-7cd0f79/build/DerivedData/SDKExplicitPrecompiledModules/Metal-B77GY4E2UV3DUPVFOY6MK5381.pcm

SwiftExplicitDependencyGeneratePcm arm64 /Users/builder/Factory/paperloft/evidence/checkouts/p3-7cd0f79/build/DerivedData/SDKExplicitPrecompiledModules/CoreAudio-745RU61SI4ED9JFJJ9PJFNT1A.pcm

SwiftExplicitDependencyGeneratePcm arm64 /Users/builder/Factory/paperloft/evidence/checkouts/p3-7cd0f79/build/DerivedData/SDKExplicitPrecompiledModules/Symbols-8D1KI111YFUC4WWBB1KVGMWXR.pcm

SwiftExplicitDependencyGeneratePcm arm64 /Users/builder/Factory/paperloft/evidence/checkouts/p3-7cd0f79/build/DerivedData/SDKExplicitPrecompiledModules/CoreLocation-9EABHB3C02QGOUIXMAKOSTFC4.pcm

SwiftExplicitDependencyGeneratePcm arm64 /Users/builder/Factory/paperloft/evidence/checkouts/p3-7cd0f79/build/DerivedData/SDKExplicitPrecompiledModules/AppIntents-4MA9UGV7AOM9H65CY8VJWRJXS.pcm

SwiftExplicitDependencyGeneratePcm arm64 /Users/builder/Factory/paperloft/evidence/checkouts/p3-7cd0f79/build/DerivedData/SDKExplicitPrecompiledModules/Carbon-91WB8CHV3PJ5KOCRTRFWNQONB.pcm

SwiftExplicitDependencyGeneratePcm arm64 /Users/builder/Factory/paperloft/evidence/checkouts/p3-7cd0f79/build/DerivedData/SDKExplicitPrecompiledModules/QuickLook-4Y3NQS989VRSPD0Z9TKZMAXZJ.pcm

SwiftExplicitDependencyGeneratePcm arm64 /Users/builder/Factory/paperloft/evidence/checkouts/p3-7cd0f79/build/DerivedData/SDKExplicitPrecompiledModules/CoreVideo-EGEBJEI9FT6JRHEAXKI18E34Y.pcm

SwiftExplicitDependencyGeneratePcm arm64 /Users/builder/Factory/paperloft/evidence/checkouts/p3-7cd0f79/build/DerivedData/SDKExplicitPrecompiledModules/AudioToolbox-CVX4U5YP5Q5MA2OZ3PR763FEY.pcm

SwiftExplicitDependencyGeneratePcm arm64 /Users/builder/Factory/paperloft/evidence/checkouts/p3-7cd0f79/build/DerivedData/SDKExplicitPrecompiledModules/QuartzCore-2CDBYMN8DMIBV4W30B0E8S5BS.pcm

SwiftExplicitDependencyGeneratePcm arm64 /Users/builder/Factory/paperloft/evidence/checkouts/p3-7cd0f79/build/DerivedData/SDKExplicitPrecompiledModules/Accelerate-AHVGX54QYMGVS6QYVDCVMOSWZ.pcm

SwiftExplicitDependencyGeneratePcm arm64 /Users/builder/Factory/paperloft/evidence/checkouts/p3-7cd0f79/build/DerivedData/SDKExplicitPrecompiledModules/CoreMedia-4TKMB05GVN2R9PJE6XO46MS9Z.pcm

SwiftExplicitDependencyGeneratePcm arm64 /Users/builder/Factory/paperloft/evidence/checkouts/p3-7cd0f79/build/DerivedData/SDKExplicitPrecompiledModules/CoreML-V0RFP093EJVBLPXP97CBW71G.pcm

SwiftExplicitDependencyGeneratePcm arm64 /Users/builder/Factory/paperloft/evidence/checkouts/p3-7cd0f79/build/DerivedData/SDKExplicitPrecompiledModules/CoreImage-77YHF976JXVLYEDT9N8IEWONP.pcm

SwiftExplicitDependencyGeneratePcm arm64 /Users/builder/Factory/paperloft/evidence/checkouts/p3-7cd0f79/build/DerivedData/SDKExplicitPrecompiledModules/SwiftUICore-A79UJ0ZTN429SVC89S69I1824.pcm

SwiftExplicitDependencyGeneratePcm arm64 /Users/builder/Factory/paperloft/evidence/checkouts/p3-7cd0f79/build/DerivedData/SDKExplicitPrecompiledModules/Vision-EWNLA3K9IPBQG1T4EQ8PZQST7.pcm

SwiftExplicitDependencyGeneratePcm arm64 /Users/builder/Factory/paperloft/evidence/checkouts/p3-7cd0f79/build/DerivedData/SDKExplicitPrecompiledModules/VideoToolbox-E7GAKEOG6947E9ADWROMHEDPW.pcm

SwiftExplicitDependencyGeneratePcm arm64 /Users/builder/Factory/paperloft/evidence/checkouts/p3-7cd0f79/build/DerivedData/SDKExplicitPrecompiledModules/AVFAudio-ESDUQO4OCC2BG4ITY627F92S.pcm

SwiftExplicitDependencyGeneratePcm arm64 /Users/builder/Factory/paperloft/evidence/checkouts/p3-7cd0f79/build/DerivedData/SDKExplicitPrecompiledModules/MediaToolbox-E4WU3TH5JMR5CB16SVLKW0MHY.pcm

SwiftExplicitDependencyGeneratePcm arm64 /Users/builder/Factory/paperloft/evidence/checkouts/p3-7cd0f79/build/DerivedData/SDKExplicitPrecompiledModules/AppKit-B1SA99PLKK52OIMXMH1W9ZA34.pcm

SwiftExplicitDependencyGeneratePcm arm64 /Users/builder/Factory/paperloft/evidence/checkouts/p3-7cd0f79/build/DerivedData/SDKExplicitPrecompiledModules/AVFoundation-9RVRHVPV3PQICFQKMEAW14AIJ.pcm

SwiftExplicitDependencyGeneratePcm arm64 /Users/builder/Factory/paperloft/evidence/checkouts/p3-7cd0f79/build/DerivedData/SDKExplicitPrecompiledModules/SwiftUI-14TKSOAQ45FD4WVFTX5U5RJ8M.pcm

SwiftExplicitDependencyGeneratePcm arm64 /Users/builder/Factory/paperloft/evidence/checkouts/p3-7cd0f79/build/DerivedData/SDKExplicitPrecompiledModules/WebKit-CSE9VZ857JEEKO456UZPCMLKJ.pcm

SwiftExplicitDependencyGeneratePcm arm64 /Users/builder/Factory/paperloft/evidence/checkouts/p3-7cd0f79/build/DerivedData/SDKExplicitPrecompiledModules/Cocoa-PT5ROYCHMROL74SF2Q7VKPZI.pcm

SwiftExplicitDependencyGeneratePcm arm64 /Users/builder/Factory/paperloft/evidence/checkouts/p3-7cd0f79/build/DerivedData/SDKExplicitPrecompiledModules/StoreKit-9MFK81M0XL1K9J3NHLRQA8EH0.pcm

SwiftExplicitDependencyGeneratePcm arm64 /Users/builder/Factory/paperloft/evidence/checkouts/p3-7cd0f79/build/DerivedData/SDKExplicitPrecompiledModules/ImageCaptureCore-24929UUO68YMQ1SKPXEUQ98GL.pcm

SwiftExplicitDependencyGeneratePcm arm64 /Users/builder/Factory/paperloft/evidence/checkouts/p3-7cd0f79/build/DerivedData/SDKExplicitPrecompiledModules/PDFKit-780YLXBGQXTG1PQ46WA91ENU3.pcm

SwiftExplicitDependencyGeneratePcm arm64 /Users/builder/Factory/paperloft/evidence/checkouts/p3-7cd0f79/build/DerivedData/SDKExplicitPrecompiledModules/QuickLookUI-C8CAS86SORV5EZFLZTHTCTB8C.pcm

SwiftExplicitDependencyGeneratePcm arm64 /Users/builder/Factory/paperloft/evidence/checkouts/p3-7cd0f79/build/DerivedData/SDKExplicitPrecompiledModules/Quartz-9OIFEUPI7HN7DSFLY2R37VDDR.pcm

SwiftEmitModule normal arm64 Emitting\ module\ for\ Paperloft_Receipts (in target 'PaperloftApp' from project 'Paperloft')

SwiftCompile normal arm64 (in target 'PaperloftApp' from project 'Paperloft')
    cd /Users/builder/Factory/paperloft/evidence/checkouts/p3-7cd0f79
    

SwiftCompile normal arm64 Compiling\ WindowAccessibility.swift /Users/builder/Factory/paperloft/evidence/checkouts/p3-7cd0f79/Apps/PaperloftApp/WindowAccessibility.swift (in target 'PaperloftApp' from project 'Paperloft')

SwiftCompile normal arm64 /Users/builder/Factory/paperloft/evidence/checkouts/p3-7cd0f79/Apps/PaperloftApp/WindowAccessibility.swift (in target 'PaperloftApp' from project 'Paperloft')
    cd /Users/builder/Factory/paperloft/evidence/checkouts/p3-7cd0f79
    builtin-SwiftPerFileCompile WindowAccessibility.swift

SwiftCompile normal arm64 Compiling\ GeneratedAssetSymbols.swift /Users/builder/Factory/paperloft/evidence/checkouts/p3-7cd0f79/build/DerivedData/Build/Intermediates.noindex/Paperloft.build/Debug/PaperloftApp.build/DerivedSources/GeneratedAssetSymbols.swift (in target 'PaperloftApp' from project 'Paperloft')

SwiftCompile normal arm64 /Users/builder/Factory/paperloft/evidence/checkouts/p3-7cd0f79/build/DerivedData/Build/Intermediates.noindex/Paperloft.build/Debug/PaperloftApp.build/DerivedSources/GeneratedAssetSymbols.swift (in target 'PaperloftApp' from project 'Paperloft')
    cd /Users/builder/Factory/paperloft/evidence/checkouts/p3-7cd0f79
    builtin-SwiftPerFileCompile GeneratedAssetSymbols.swift

SwiftCompile normal arm64 Compiling\ PaperloftIntents.swift /Users/builder/Factory/paperloft/evidence/checkouts/p3-7cd0f79/Apps/PaperloftApp/PaperloftIntents.swift (in target 'PaperloftApp' from project 'Paperloft')

SwiftCompile normal arm64 /Users/builder/Factory/paperloft/evidence/checkouts/p3-7cd0f79/Apps/PaperloftApp/PaperloftIntents.swift (in target 'PaperloftApp' from project 'Paperloft')
    cd /Users/builder/Factory/paperloft/evidence/checkouts/p3-7cd0f79
    builtin-SwiftPerFileCompile PaperloftIntents.swift

SwiftCompile normal arm64 Compiling\ PaywallView.swift /Users/builder/Factory/paperloft/evidence/checkouts/p3-7cd0f79/Apps/PaperloftApp/PaywallView.swift (in target 'PaperloftApp' from project 'Paperloft')

SwiftCompile normal arm64 /Users/builder/Factory/paperloft/evidence/checkouts/p3-7cd0f79/Apps/PaperloftApp/PaywallView.swift (in target 'PaperloftApp' from project 'Paperloft')
    cd /Users/builder/Factory/paperloft/evidence/checkouts/p3-7cd0f79
    builtin-SwiftPerFileCompile PaywallView.swift

SwiftCompile normal arm64 Compiling\ StoreController.swift /Users/builder/Factory/paperloft/evidence/checkouts/p3-7cd0f79/Apps/PaperloftApp/StoreController.swift (in target 'PaperloftApp' from project 'Paperloft')

SwiftCompile normal arm64 /Users/builder/Factory/paperloft/evidence/checkouts/p3-7cd0f79/Apps/PaperloftApp/StoreController.swift (in target 'PaperloftApp' from project 'Paperloft')
    cd /Users/builder/Factory/paperloft/evidence/checkouts/p3-7cd0f79
    builtin-SwiftPerFileCompile StoreController.swift

SwiftCompile normal arm64 Compiling\ ExportView.swift,\ HelpView.swift /Users/builder/Factory/paperloft/evidence/checkouts/p3-7cd0f79/Apps/PaperloftApp/ExportView.swift /Users/builder/Factory/paperloft/evidence/checkouts/p3-7cd0f79/Apps/PaperloftApp/HelpView.swift (in target 'PaperloftApp' from project 'Paperloft')

SwiftCompile normal arm64 /Users/builder/Factory/paperloft/evidence/checkouts/p3-7cd0f79/Apps/PaperloftApp/ExportView.swift (in target 'PaperloftApp' from project 'Paperloft')
    cd /Users/builder/Factory/paperloft/evidence/checkouts/p3-7cd0f79
    builtin-SwiftPerFileCompile ExportView.swift

SwiftCompile normal arm64 /Users/builder/Factory/paperloft/evidence/checkouts/p3-7cd0f79/Apps/PaperloftApp/HelpView.swift (in target 'PaperloftApp' from project 'Paperloft')
    cd /Users/builder/Factory/paperloft/evidence/checkouts/p3-7cd0f79
    builtin-SwiftPerFileCompile HelpView.swift

SwiftCompile normal arm64 Compiling\ AccessiblePicker.swift,\ AppModel.swift /Users/builder/Factory/paperloft/evidence/checkouts/p3-7cd0f79/Apps/PaperloftApp/AccessiblePicker.swift /Users/builder/Factory/paperloft/evidence/checkouts/p3-7cd0f79/Apps/PaperloftApp/AppModel.swift (in target 'PaperloftApp' from project 'Paperloft')

SwiftCompile normal arm64 /Users/builder/Factory/paperloft/evidence/checkouts/p3-7cd0f79/Apps/PaperloftApp/AccessiblePicker.swift (in target 'PaperloftApp' from project 'Paperloft')
    cd /Users/builder/Factory/paperloft/evidence/checkouts/p3-7cd0f79
    builtin-SwiftPerFileCompile AccessiblePicker.swift

SwiftCompile normal arm64 /Users/builder/Factory/paperloft/evidence/checkouts/p3-7cd0f79/Apps/PaperloftApp/AppModel.swift (in target 'PaperloftApp' from project 'Paperloft')
    cd /Users/builder/Factory/paperloft/evidence/checkouts/p3-7cd0f79
    builtin-SwiftPerFileCompile AppModel.swift

SwiftCompile normal arm64 Compiling\ DeviceImport.swift,\ EmailBodyRenderer.swift /Users/builder/Factory/paperloft/evidence/checkouts/p3-7cd0f79/Apps/PaperloftApp/DeviceImport.swift /Users/builder/Factory/paperloft/evidence/checkouts/p3-7cd0f79/Apps/PaperloftApp/EmailBodyRenderer.swift (in target 'PaperloftApp' from project 'Paperloft')

SwiftCompile normal arm64 /Users/builder/Factory/paperloft/evidence/checkouts/p3-7cd0f79/Apps/PaperloftApp/DeviceImport.swift (in target 'PaperloftApp' from project 'Paperloft')
    cd /Users/builder/Factory/paperloft/evidence/checkouts/p3-7cd0f79
    builtin-SwiftPerFileCompile DeviceImport.swift

SwiftCompile normal arm64 /Users/builder/Factory/paperloft/evidence/checkouts/p3-7cd0f79/Apps/PaperloftApp/EmailBodyRenderer.swift (in target 'PaperloftApp' from project 'Paperloft')
    cd /Users/builder/Factory/paperloft/evidence/checkouts/p3-7cd0f79
    builtin-SwiftPerFileCompile EmailBodyRenderer.swift

SwiftCompile normal arm64 Compiling\ PaperloftApp.swift /Users/builder/Factory/paperloft/evidence/checkouts/p3-7cd0f79/Apps/PaperloftApp/PaperloftApp.swift (in target 'PaperloftApp' from project 'Paperloft')

SwiftCompile normal arm64 /Users/builder/Factory/paperloft/evidence/checkouts/p3-7cd0f79/Apps/PaperloftApp/PaperloftApp.swift (in target 'PaperloftApp' from project 'Paperloft')
    cd /Users/builder/Factory/paperloft/evidence/checkouts/p3-7cd0f79
    builtin-SwiftPerFileCompile PaperloftApp.swift

SwiftCompile normal arm64 Compiling\ LibraryView.swift,\ MailReviewPreparation.swift /Users/builder/Factory/paperloft/evidence/checkouts/p3-7cd0f79/Apps/PaperloftApp/LibraryView.swift /Users/builder/Factory/paperloft/evidence/checkouts/p3-7cd0f79/Apps/PaperloftApp/MailReviewPreparation.swift (in target 'PaperloftApp' from project 'Paperloft')

SwiftCompile normal arm64 /Users/builder/Factory/paperloft/evidence/checkouts/p3-7cd0f79/Apps/PaperloftApp/LibraryView.swift (in target 'PaperloftApp' from project 'Paperloft')
    cd /Users/builder/Factory/paperloft/evidence/checkouts/p3-7cd0f79
    builtin-SwiftPerFileCompile LibraryView.swift

SwiftCompile normal arm64 /Users/builder/Factory/paperloft/evidence/checkouts/p3-7cd0f79/Apps/PaperloftApp/MailReviewPreparation.swift (in target 'PaperloftApp' from project 'Paperloft')
    cd /Users/builder/Factory/paperloft/evidence/checkouts/p3-7cd0f79
    builtin-SwiftPerFileCompile MailReviewPreparation.swift

SwiftDriverJobDiscovery normal arm64 Compiling GeneratedAssetSymbols.swift (in target 'PaperloftApp' from project 'Paperloft')

SwiftDriverJobDiscovery normal arm64 Compiling WindowAccessibility.swift (in target 'PaperloftApp' from project 'Paperloft')

SwiftDriverJobDiscovery normal arm64 Compiling PaperloftIntents.swift (in target 'PaperloftApp' from project 'Paperloft')

SwiftDriverJobDiscovery normal arm64 Compiling PaywallView.swift (in target 'PaperloftApp' from project 'Paperloft')

SwiftDriverJobDiscovery normal arm64 Compiling StoreController.swift (in target 'PaperloftApp' from project 'Paperloft')

SwiftDriverJobDiscovery normal arm64 Compiling PaperloftApp.swift (in target 'PaperloftApp' from project 'Paperloft')

SwiftDriverJobDiscovery normal arm64 Compiling DeviceImport.swift, EmailBodyRenderer.swift (in target 'PaperloftApp' from project 'Paperloft')

SwiftDriverJobDiscovery normal arm64 Compiling ExportView.swift, HelpView.swift (in target 'PaperloftApp' from project 'Paperloft')

SwiftDriverJobDiscovery normal arm64 Emitting module for Paperloft_Receipts (in target 'PaperloftApp' from project 'Paperloft')

SwiftDriver\ Compilation\ Requirements PaperloftApp normal arm64 com.apple.xcode.tools.swift.compiler (in target 'PaperloftApp' from project 'Paperloft')
    cd /Users/builder/Factory/paperloft/evidence/checkouts/p3-7cd0f79
    builtin-Swift-Compilation-Requirements -- /Applications/Xcode.app/Contents/Developer/Toolchains/XcodeDefault.xctoolchain/usr/bin/swiftc -module-name Paperloft_Receipts -Onone @/Users/builder/Factory/paperloft/evidence/checkouts/p3-7cd0f79/build/DerivedData/Build/Intermediates.noindex/Paperloft.build/Debug/PaperloftApp.build/Objects-normal/arm64/Paperloft\ Receipts.SwiftFileList -DDEBUG -enable-experimental-feature DebugDescriptionMacro -sdk /Applications/Xcode.app/Contents/Developer/Platforms/MacOSX.platform/Developer/SDKs/MacOSX27.0.sdk -target arm64-apple-macos27.0 -g -module-cache-path /Users/builder/Factory/paperloft/evidence/checkouts/p3-7cd0f79/build/DerivedData/ModuleCache.noindex -Xfrontend -serialize-debugging-options -profile-coverage-mapping -profile-generate -enable-testing -warnings-as-errors -index-store-path /Users/builder/Factory/paperloft/evidence/checkouts/p3-7cd0f79/build/DerivedData/Index.noindex/DataStore -swift-version 6 -I /Users/builder/Factory/paperloft/evidence/checkouts/p3-7cd0f79/build/DerivedData/Build/Products/Debug -F /Users/builder/Factory/paperloft/evidence/checkouts/p3-7cd0f79/build/DerivedData/Build/Products/Debug/PackageFrameworks -F /Users/builder/Factory/paperloft/evidence/checkouts/p3-7cd0f79/build/DerivedData/Build/Products/Debug -c -j10 -enable-batch-mode -incremental -Xcc -ivfsstatcache -Xcc /Users/builder/Factory/paperloft/evidence/checkouts/p3-7cd0f79/build/DerivedData/SDKStatCaches.noindex/macosx27.0-26A425-7231f6df4def33e022ae2eb8f782df1a.sdkstatcache -output-file-map /Users/builder/Factory/paperloft/evidence/checkouts/p3-7cd0f79/build/DerivedData/Build/Intermediates.noindex/Paperloft.build/Debug/PaperloftApp.build/Objects-normal/arm64/PaperloftApp-OutputFileMap.json -save-temps -no-color-diagnostics -explicit-module-build -module-cache-path /Users/builder/Factory/paperloft/evidence/checkouts/p3-7cd0f79/build/DerivedData/Build/Intermediates.noindex/SwiftExplicitPrecompiledModules -clang-scanner-module-cache-path /Users/builder/Factory/paperloft/evidence/checkouts/p3-7cd0f79/build/DerivedData/ModuleCache.noindex -sdk-module-cache-path /Users/builder/Factory/paperloft/evidence/checkouts/p3-7cd0f79/build/DerivedData/SDKExplicitPrecompiledModules -emit-dependencies -emit-module -emit-module-path /Users/builder/Factory/paperloft/evidence/checkouts/p3-7cd0f79/build/DerivedData/Build/Intermediates.noindex/Paperloft.build/Debug/PaperloftApp.build/Objects-normal/arm64/Paperloft_Receipts.swiftmodule -serialize-diagnostics -dependency-scan-serialize-diagnostics-path /Users/builder/Factory/paperloft/evidence/checkouts/p3-7cd0f79/build/DerivedData/Build/Intermediates.noindex/Paperloft.build/Debug/PaperloftApp.build/Objects-normal/arm64/Paperloft_Receipts-dependency-scan.dia -validate-clang-modules-once -clang-build-session-file /Users/builder/Factory/paperloft/evidence/checkouts/p3-7cd0f79/build/DerivedData/ModuleCache.noindex/Session.modulevalidation -Xcc -fmodules-prune-interval\=86400 -Xcc -fmodules-prune-after\=345600 -emit-const-values -const-gather-protocols-list /Users/builder/Factory/paperloft/evidence/checkouts/p3-7cd0f79/build/DerivedData/Build/Intermediates.noindex/Paperloft.build/Debug/PaperloftApp.build/Objects-normal/arm64/PaperloftApp_const_extract_protocols.json -Xcc -iquote -Xcc /Users/builder/Factory/paperloft/evidence/checkouts/p3-7cd0f79/build/DerivedData/Build/Intermediates.noindex/Paperloft.build/Debug/PaperloftApp.build/Paperloft\ Receipts-generated-files.hmap -Xcc -I/Users/builder/Factory/paperloft/evidence/checkouts/p3-7cd0f79/build/DerivedData/Build/Intermediates.noindex/Paperloft.build/Debug/PaperloftApp.build/Paperloft\ Receipts-own-target-headers.hmap -Xcc -I/Users/builder/Factory/paperloft/evidence/checkouts/p3-7cd0f79/build/DerivedData/Build/Intermediates.noindex/Paperloft.build/Debug/PaperloftApp.build/Paperloft\ Receipts-all-non-framework-target-headers.hmap -Xcc -ivfsoverlay -Xcc /Users/builder/Factory/paperloft/evidence/checkouts/p3-7cd0f79/build/DerivedData/Build/Intermediates.noindex/Paperloft.build/Debug/Paperloft-b93ddc6bcd4d234a5473ab01ad3589c4-VFS/all-product-headers.yaml -Xcc -iquote -Xcc /Users/builder/Factory/paperloft/evidence/checkouts/p3-7cd0f79/build/DerivedData/Build/Intermediates.noindex/Paperloft.build/Debug/PaperloftApp.build/Paperloft\ Receipts-project-headers.hmap -Xcc -I/Users/builder/Factory/paperloft/evidence/checkouts/p3-7cd0f79/build/DerivedData/Build/Products/Debug/include -Xcc -I/Users/builder/Factory/paperloft/evidence/checkouts/p3-7cd0f79/build/DerivedData/Build/Intermediates.noindex/Paperloft.build/Debug/PaperloftApp.build/DerivedSources-normal/arm64 -Xcc -I/Users/builder/Factory/paperloft/evidence/checkouts/p3-7cd0f79/build/DerivedData/Build/Intermediates.noindex/Paperloft.build/Debug/PaperloftApp.build/DerivedSources/arm64 -Xcc -I/Users/builder/Factory/paperloft/evidence/checkouts/p3-7cd0f79/build/DerivedData/Build/Intermediates.noindex/Paperloft.build/Debug/PaperloftApp.build/DerivedSources -emit-objc-header -emit-objc-header-path /Users/builder/Factory/paperloft/evidence/checkouts/p3-7cd0f79/build/DerivedData/Build/Intermediates.noindex/Paperloft.build/Debug/PaperloftApp.build/Objects-normal/arm64/Paperloft_Receipts-Swift.h -working-directory /Users/builder/Factory/paperloft/evidence/checkouts/p3-7cd0f79 -experimental-emit-module-separately -disable-cmo

SwiftMergeGeneratedHeaders /Users/builder/Factory/paperloft/evidence/checkouts/p3-7cd0f79/build/DerivedData/Build/Intermediates.noindex/Paperloft.build/Debug/PaperloftApp.build/DerivedSources/Paperloft_Receipts-Swift.h /Users/builder/Factory/paperloft/evidence/checkouts/p3-7cd0f79/build/DerivedData/Build/Intermediates.noindex/Paperloft.build/Debug/PaperloftApp.build/Objects-normal/arm64/Paperloft_Receipts-Swift.h (in target 'PaperloftApp' from project 'Paperloft')
    cd /Users/builder/Factory/paperloft/evidence/checkouts/p3-7cd0f79
    builtin-swiftHeaderTool -arch arm64 /Users/builder/Factory/paperloft/evidence/checkouts/p3-7cd0f79/build/DerivedData/Build/Intermediates.noindex/Paperloft.build/Debug/PaperloftApp.build/Objects-normal/arm64/Paperloft_Receipts-Swift.h -o /Users/builder/Factory/paperloft/evidence/checkouts/p3-7cd0f79/build/DerivedData/Build/Intermediates.noindex/Paperloft.build/Debug/PaperloftApp.build/DerivedSources/Paperloft_Receipts-Swift.h

Copy /Users/builder/Factory/paperloft/evidence/checkouts/p3-7cd0f79/build/DerivedData/Build/Products/Debug/Paperloft_Receipts.swiftmodule/arm64-apple-macos.swiftmodule /Users/builder/Factory/paperloft/evidence/checkouts/p3-7cd0f79/build/DerivedData/Build/Intermediates.noindex/Paperloft.build/Debug/PaperloftApp.build/Objects-normal/arm64/Paperloft_Receipts.swiftmodule (in target 'PaperloftApp' from project 'Paperloft')
    cd /Users/builder/Factory/paperloft/evidence/checkouts/p3-7cd0f79
    builtin-copy -exclude .DS_Store -exclude CVS -exclude .svn -exclude .git -exclude .hg -resolve-src-symlinks -rename /Users/builder/Factory/paperloft/evidence/checkouts/p3-7cd0f79/build/DerivedData/Build/Intermediates.noindex/Paperloft.build/Debug/PaperloftApp.build/Objects-normal/arm64/Paperloft_Receipts.swiftmodule /Users/builder/Factory/paperloft/evidence/checkouts/p3-7cd0f79/build/DerivedData/Build/Products/Debug/Paperloft_Receipts.swiftmodule/arm64-apple-macos.swiftmodule

Copy /Users/builder/Factory/paperloft/evidence/checkouts/p3-7cd0f79/build/DerivedData/Build/Products/Debug/Paperloft_Receipts.swiftmodule/arm64-apple-macos.swiftdoc /Users/builder/Factory/paperloft/evidence/checkouts/p3-7cd0f79/build/DerivedData/Build/Intermediates.noindex/Paperloft.build/Debug/PaperloftApp.build/Objects-normal/arm64/Paperloft_Receipts.swiftdoc (in target 'PaperloftApp' from project 'Paperloft')
    cd /Users/builder/Factory/paperloft/evidence/checkouts/p3-7cd0f79
    builtin-copy -exclude .DS_Store -exclude CVS -exclude .svn -exclude .git -exclude .hg -resolve-src-symlinks -rename /Users/builder/Factory/paperloft/evidence/checkouts/p3-7cd0f79/build/DerivedData/Build/Intermediates.noindex/Paperloft.build/Debug/PaperloftApp.build/Objects-normal/arm64/Paperloft_Receipts.swiftdoc /Users/builder/Factory/paperloft/evidence/checkouts/p3-7cd0f79/build/DerivedData/Build/Products/Debug/Paperloft_Receipts.swiftmodule/arm64-apple-macos.swiftdoc

Copy /Users/builder/Factory/paperloft/evidence/checkouts/p3-7cd0f79/build/DerivedData/Build/Products/Debug/Paperloft_Receipts.swiftmodule/arm64-apple-macos.abi.json /Users/builder/Factory/paperloft/evidence/checkouts/p3-7cd0f79/build/DerivedData/Build/Intermediates.noindex/Paperloft.build/Debug/PaperloftApp.build/Objects-normal/arm64/Paperloft_Receipts.abi.json (in target 'PaperloftApp' from project 'Paperloft')
    cd /Users/builder/Factory/paperloft/evidence/checkouts/p3-7cd0f79
    builtin-copy -exclude .DS_Store -exclude CVS -exclude .svn -exclude .git -exclude .hg -resolve-src-symlinks -rename /Users/builder/Factory/paperloft/evidence/checkouts/p3-7cd0f79/build/DerivedData/Build/Intermediates.noindex/Paperloft.build/Debug/PaperloftApp.build/Objects-normal/arm64/Paperloft_Receipts.abi.json /Users/builder/Factory/paperloft/evidence/checkouts/p3-7cd0f79/build/DerivedData/Build/Products/Debug/Paperloft_Receipts.swiftmodule/arm64-apple-macos.abi.json

Copy /Users/builder/Factory/paperloft/evidence/checkouts/p3-7cd0f79/build/DerivedData/Build/Products/Debug/Paperloft_Receipts.swiftmodule/Project/arm64-apple-macos.swiftsourceinfo /Users/builder/Factory/paperloft/evidence/checkouts/p3-7cd0f79/build/DerivedData/Build/Intermediates.noindex/Paperloft.build/Debug/PaperloftApp.build/Objects-normal/arm64/Paperloft_Receipts.swiftsourceinfo (in target 'PaperloftApp' from project 'Paperloft')
    cd /Users/builder/Factory/paperloft/evidence/checkouts/p3-7cd0f79
    builtin-copy -exclude .DS_Store -exclude CVS -exclude .svn -exclude .git -exclude .hg -resolve-src-symlinks -rename /Users/builder/Factory/paperloft/evidence/checkouts/p3-7cd0f79/build/DerivedData/Build/Intermediates.noindex/Paperloft.build/Debug/PaperloftApp.build/Objects-normal/arm64/Paperloft_Receipts.swiftsourceinfo /Users/builder/Factory/paperloft/evidence/checkouts/p3-7cd0f79/build/DerivedData/Build/Products/Debug/Paperloft_Receipts.swiftmodule/Project/arm64-apple-macos.swiftsourceinfo

SwiftDriverJobDiscovery normal arm64 Compiling AccessiblePicker.swift, AppModel.swift (in target 'PaperloftApp' from project 'Paperloft')

SwiftDriverJobDiscovery normal arm64 Compiling LibraryView.swift, MailReviewPreparation.swift (in target 'PaperloftApp' from project 'Paperloft')

SwiftDriver\ Compilation PaperloftApp normal arm64 com.apple.xcode.tools.swift.compiler (in target 'PaperloftApp' from project 'Paperloft')
    cd /Users/builder/Factory/paperloft/evidence/checkouts/p3-7cd0f79
    builtin-Swift-Compilation -- /Applications/Xcode.app/Contents/Developer/Toolchains/XcodeDefault.xctoolchain/usr/bin/swiftc -module-name Paperloft_Receipts -Onone @/Users/builder/Factory/paperloft/evidence/checkouts/p3-7cd0f79/build/DerivedData/Build/Intermediates.noindex/Paperloft.build/Debug/PaperloftApp.build/Objects-normal/arm64/Paperloft\ Receipts.SwiftFileList -DDEBUG -enable-experimental-feature DebugDescriptionMacro -sdk /Applications/Xcode.app/Contents/Developer/Platforms/MacOSX.platform/Developer/SDKs/MacOSX27.0.sdk -target arm64-apple-macos27.0 -g -module-cache-path /Users/builder/Factory/paperloft/evidence/checkouts/p3-7cd0f79/build/DerivedData/ModuleCache.noindex -Xfrontend -serialize-debugging-options -profile-coverage-mapping -profile-generate -enable-testing -warnings-as-errors -index-store-path /Users/builder/Factory/paperloft/evidence/checkouts/p3-7cd0f79/build/DerivedData/Index.noindex/DataStore -swift-version 6 -I /Users/builder/Factory/paperloft/evidence/checkouts/p3-7cd0f79/build/DerivedData/Build/Products/Debug -F /Users/builder/Factory/paperloft/evidence/checkouts/p3-7cd0f79/build/DerivedData/Build/Products/Debug/PackageFrameworks -F /Users/builder/Factory/paperloft/evidence/checkouts/p3-7cd0f79/build/DerivedData/Build/Products/Debug -c -j10 -enable-batch-mode -incremental -Xcc -ivfsstatcache -Xcc /Users/builder/Factory/paperloft/evidence/checkouts/p3-7cd0f79/build/DerivedData/SDKStatCaches.noindex/macosx27.0-26A425-7231f6df4def33e022ae2eb8f782df1a.sdkstatcache -output-file-map /Users/builder/Factory/paperloft/evidence/checkouts/p3-7cd0f79/build/DerivedData/Build/Intermediates.noindex/Paperloft.build/Debug/PaperloftApp.build/Objects-normal/arm64/PaperloftApp-OutputFileMap.json -save-temps -no-color-diagnostics -explicit-module-build -module-cache-path /Users/builder/Factory/paperloft/evidence/checkouts/p3-7cd0f79/build/DerivedData/Build/Intermediates.noindex/SwiftExplicitPrecompiledModules -clang-scanner-module-cache-path /Users/builder/Factory/paperloft/evidence/checkouts/p3-7cd0f79/build/DerivedData/ModuleCache.noindex -sdk-module-cache-path /Users/builder/Factory/paperloft/evidence/checkouts/p3-7cd0f79/build/DerivedData/SDKExplicitPrecompiledModules -emit-dependencies -emit-module -emit-module-path /Users/builder/Factory/paperloft/evidence/checkouts/p3-7cd0f79/build/DerivedData/Build/Intermediates.noindex/Paperloft.build/Debug/PaperloftApp.build/Objects-normal/arm64/Paperloft_Receipts.swiftmodule -serialize-diagnostics -dependency-scan-serialize-diagnostics-path /Users/builder/Factory/paperloft/evidence/checkouts/p3-7cd0f79/build/DerivedData/Build/Intermediates.noindex/Paperloft.build/Debug/PaperloftApp.build/Objects-normal/arm64/Paperloft_Receipts-dependency-scan.dia -validate-clang-modules-once -clang-build-session-file /Users/builder/Factory/paperloft/evidence/checkouts/p3-7cd0f79/build/DerivedData/ModuleCache.noindex/Session.modulevalidation -Xcc -fmodules-prune-interval\=86400 -Xcc -fmodules-prune-after\=345600 -emit-const-values -const-gather-protocols-list /Users/builder/Factory/paperloft/evidence/checkouts/p3-7cd0f79/build/DerivedData/Build/Intermediates.noindex/Paperloft.build/Debug/PaperloftApp.build/Objects-normal/arm64/PaperloftApp_const_extract_protocols.json -Xcc -iquote -Xcc /Users/builder/Factory/paperloft/evidence/checkouts/p3-7cd0f79/build/DerivedData/Build/Intermediates.noindex/Paperloft.build/Debug/PaperloftApp.build/Paperloft\ Receipts-generated-files.hmap -Xcc -I/Users/builder/Factory/paperloft/evidence/checkouts/p3-7cd0f79/build/DerivedData/Build/Intermediates.noindex/Paperloft.build/Debug/PaperloftApp.build/Paperloft\ Receipts-own-target-headers.hmap -Xcc -I/Users/builder/Factory/paperloft/evidence/checkouts/p3-7cd0f79/build/DerivedData/Build/Intermediates.noindex/Paperloft.build/Debug/PaperloftApp.build/Paperloft\ Receipts-all-non-framework-target-headers.hmap -Xcc -ivfsoverlay -Xcc /Users/builder/Factory/paperloft/evidence/checkouts/p3-7cd0f79/build/DerivedData/Build/Intermediates.noindex/Paperloft.build/Debug/Paperloft-b93ddc6bcd4d234a5473ab01ad3589c4-VFS/all-product-headers.yaml -Xcc -iquote -Xcc /Users/builder/Factory/paperloft/evidence/checkouts/p3-7cd0f79/build/DerivedData/Build/Intermediates.noindex/Paperloft.build/Debug/PaperloftApp.build/Paperloft\ Receipts-project-headers.hmap -Xcc -I/Users/builder/Factory/paperloft/evidence/checkouts/p3-7cd0f79/build/DerivedData/Build/Products/Debug/include -Xcc -I/Users/builder/Factory/paperloft/evidence/checkouts/p3-7cd0f79/build/DerivedData/Build/Intermediates.noindex/Paperloft.build/Debug/PaperloftApp.build/DerivedSources-normal/arm64 -Xcc -I/Users/builder/Factory/paperloft/evidence/checkouts/p3-7cd0f79/build/DerivedData/Build/Intermediates.noindex/Paperloft.build/Debug/PaperloftApp.build/DerivedSources/arm64 -Xcc -I/Users/builder/Factory/paperloft/evidence/checkouts/p3-7cd0f79/build/DerivedData/Build/Intermediates.noindex/Paperloft.build/Debug/PaperloftApp.build/DerivedSources -emit-objc-header -emit-objc-header-path /Users/builder/Factory/paperloft/evidence/checkouts/p3-7cd0f79/build/DerivedData/Build/Intermediates.noindex/Paperloft.build/Debug/PaperloftApp.build/Objects-normal/arm64/Paperloft_Receipts-Swift.h -working-directory /Users/builder/Factory/paperloft/evidence/checkouts/p3-7cd0f79 -experimental-emit-module-separately -disable-cmo

Ld /Users/builder/Factory/paperloft/evidence/checkouts/p3-7cd0f79/build/DerivedData/Build/Products/Debug/Paperloft\ Receipts.app/Contents/MacOS/Paperloft\ Receipts.debug.dylib normal (in target 'PaperloftApp' from project 'Paperloft')
    cd /Users/builder/Factory/paperloft/evidence/checkouts/p3-7cd0f79
    /Applications/Xcode.app/Contents/Developer/Toolchains/XcodeDefault.xctoolchain/usr/bin/clang -Xlinker -reproducible -target arm64-apple-macos27.0 -dynamiclib -isysroot /Applications/Xcode.app/Contents/Developer/Platforms/MacOSX.platform/Developer/SDKs/MacOSX27.0.sdk -Os -Xlinker -no_warn_duplicate_libraries -L/Users/builder/Factory/paperloft/evidence/checkouts/p3-7cd0f79/build/DerivedData/Build/Intermediates.noindex/EagerLinkingTBDs/Debug -L/Users/builder/Factory/paperloft/evidence/checkouts/p3-7cd0f79/build/DerivedData/Build/Products/Debug -F/Users/builder/Factory/paperloft/evidence/checkouts/p3-7cd0f79/build/DerivedData/Build/Intermediates.noindex/EagerLinkingTBDs/Debug -F/Users/builder/Factory/paperloft/evidence/checkouts/p3-7cd0f79/build/DerivedData/Build/Products/Debug/PackageFrameworks -F/Users/builder/Factory/paperloft/evidence/checkouts/p3-7cd0f79/build/DerivedData/Build/Products/Debug -filelist /Users/builder/Factory/paperloft/evidence/checkouts/p3-7cd0f79/build/DerivedData/Build/Intermediates.noindex/Paperloft.build/Debug/PaperloftApp.build/Objects-normal/arm64/Paperloft\ Receipts.LinkFileList -install_name @rpath/Paperloft\ Receipts.debug.dylib -Xlinker -rpath -Xlinker @loader_path -Xlinker -rpath -Xlinker /Users/builder/Factory/paperloft/evidence/checkouts/p3-7cd0f79/build/DerivedData/Build/Products/Debug/PackageFrameworks -Xlinker -object_path_lto -Xlinker /Users/builder/Factory/paperloft/evidence/checkouts/p3-7cd0f79/build/DerivedData/Build/Intermediates.noindex/Paperloft.build/Debug/PaperloftApp.build/Objects-normal/arm64/Paperloft\ Receipts_lto.o -rdynamic -Xlinker -debug_variant -Xlinker -dependency_info -Xlinker /Users/builder/Factory/paperloft/evidence/checkouts/p3-7cd0f79/build/DerivedData/Build/Intermediates.noindex/Paperloft.build/Debug/PaperloftApp.build/Objects-normal/arm64/Paperloft\ Receipts_dependency_info.dat -fobjc-link-runtime -fprofile-instr-generate -L/Applications/Xcode.app/Contents/Developer/Toolchains/XcodeDefault.xctoolchain/usr/lib/swift/macosx -L/usr/lib/swift -Xlinker -add_ast_path -Xlinker /Users/builder/Factory/paperloft/evidence/checkouts/p3-7cd0f79/build/DerivedData/Build/Intermediates.noindex/Paperloft.build/Debug/PaperloftApp.build/Objects-normal/arm64/Paperloft_Receipts.swiftmodule -Xlinker -alias -Xlinker _main -Xlinker ___debug_main_executable_dylib_entry_point -Xlinker -no_adhoc_codesign -o /Users/builder/Factory/paperloft/evidence/checkouts/p3-7cd0f79/build/DerivedData/Build/Products/Debug/Paperloft\ Receipts.app/Contents/MacOS/Paperloft\ Receipts.debug.dylib

ConstructStubExecutorLinkFileList /Users/builder/Factory/paperloft/evidence/checkouts/p3-7cd0f79/build/DerivedData/Build/Intermediates.noindex/Paperloft.build/Debug/PaperloftApp.build/Paperloft\ Receipts-ExecutorLinkFileList-normal-arm64.txt (in target 'PaperloftApp' from project 'Paperloft')
    cd /Users/builder/Factory/paperloft/evidence/checkouts/p3-7cd0f79
    construct-stub-executor-link-file-list /Users/builder/Factory/paperloft/evidence/checkouts/p3-7cd0f79/build/DerivedData/Build/Products/Debug/Paperloft\ Receipts.app/Contents/MacOS/Paperloft\ Receipts.debug.dylib /Applications/Xcode.app/Contents/Developer/Platforms/MacOSX.platform/Developer/usr/lib/libPreviewsJITStubExecutor_no_swift_entry_point.a /Applications/Xcode.app/Contents/Developer/Platforms/MacOSX.platform/Developer/usr/lib/libPreviewsJITStubExecutor.a --output /Users/builder/Factory/paperloft/evidence/checkouts/p3-7cd0f79/build/DerivedData/Build/Intermediates.noindex/Paperloft.build/Debug/PaperloftApp.build/Paperloft\ Receipts-ExecutorLinkFileList-normal-arm64.txt
note: Using stub executor library with Swift entry point. (in target 'PaperloftApp' from project 'Paperloft')

Ld /Users/builder/Factory/paperloft/evidence/checkouts/p3-7cd0f79/build/DerivedData/Build/Products/Debug/Paperloft\ Receipts.app/Contents/MacOS/Paperloft\ Receipts normal (in target 'PaperloftApp' from project 'Paperloft')
    cd /Users/builder/Factory/paperloft/evidence/checkouts/p3-7cd0f79
    /Applications/Xcode.app/Contents/Developer/Toolchains/XcodeDefault.xctoolchain/usr/bin/clang -Xlinker -reproducible -target arm64-apple-macos27.0 -isysroot /Applications/Xcode.app/Contents/Developer/Platforms/MacOSX.platform/Developer/SDKs/MacOSX27.0.sdk -Os -Xlinker -no_warn_duplicate_libraries -L/Users/builder/Factory/paperloft/evidence/checkouts/p3-7cd0f79/build/DerivedData/Build/Products/Debug -F/Users/builder/Factory/paperloft/evidence/checkouts/p3-7cd0f79/build/DerivedData/Build/Products/Debug/PackageFrameworks -F/Users/builder/Factory/paperloft/evidence/checkouts/p3-7cd0f79/build/DerivedData/Build/Products/Debug -Xlinker -rpath -Xlinker @executable_path -Xlinker -rpath -Xlinker @loader_path -Xlinker -rpath -Xlinker /Users/builder/Factory/paperloft/evidence/checkouts/p3-7cd0f79/build/DerivedData/Build/Products/Debug/PackageFrameworks -rdynamic -Xlinker -debug_variant -e ___debug_blank_executor_main -Xlinker -sectcreate -Xlinker __TEXT -Xlinker __debug_dylib -Xlinker /Users/builder/Factory/paperloft/evidence/checkouts/p3-7cd0f79/build/DerivedData/Build/Intermediates.noindex/Paperloft.build/Debug/PaperloftApp.build/Paperloft\ Receipts-DebugDylibPath-normal-arm64.txt -Xlinker -sectcreate -Xlinker __TEXT -Xlinker __debug_instlnm -Xlinker /Users/builder/Factory/paperloft/evidence/checkouts/p3-7cd0f79/build/DerivedData/Build/Intermediates.noindex/Paperloft.build/Debug/PaperloftApp.build/Paperloft\ Receipts-DebugDylibInstallName-normal-arm64.txt -Xlinker -filelist -Xlinker /Users/builder/Factory/paperloft/evidence/checkouts/p3-7cd0f79/build/DerivedData/Build/Intermediates.noindex/Paperloft.build/Debug/PaperloftApp.build/Paperloft\ Receipts-ExecutorLinkFileList-normal-arm64.txt /Users/builder/Factory/paperloft/evidence/checkouts/p3-7cd0f79/build/DerivedData/Build/Products/Debug/Paperloft\ Receipts.app/Contents/MacOS/Paperloft\ Receipts.debug.dylib -Xlinker -no_adhoc_codesign -o /Users/builder/Factory/paperloft/evidence/checkouts/p3-7cd0f79/build/DerivedData/Build/Products/Debug/Paperloft\ Receipts.app/Contents/MacOS/Paperloft\ Receipts

Copy /Users/builder/Factory/paperloft/evidence/checkouts/p3-7cd0f79/build/DerivedData/Build/Products/Debug/Paperloft\ Receipts.app/Contents/PlugIns/PaperloftShare.appex /Users/builder/Factory/paperloft/evidence/checkouts/p3-7cd0f79/build/DerivedData/Build/Products/Debug/PaperloftShare.appex (in target 'PaperloftApp' from project 'Paperloft')
    cd /Users/builder/Factory/paperloft/evidence/checkouts/p3-7cd0f79
    builtin-copy -exclude .DS_Store -exclude CVS -exclude .svn -exclude .git -exclude .hg -exclude Headers -exclude PrivateHeaders -exclude Modules -exclude \*.tbd -resolve-src-symlinks -remove-static-executable /Users/builder/Factory/paperloft/evidence/checkouts/p3-7cd0f79/build/DerivedData/Build/Products/Debug/PaperloftShare.appex /Users/builder/Factory/paperloft/evidence/checkouts/p3-7cd0f79/build/DerivedData/Build/Products/Debug/Paperloft\ Receipts.app/Contents/PlugIns

ProcessInfoPlistFile /Users/builder/Factory/paperloft/evidence/checkouts/p3-7cd0f79/build/DerivedData/Build/Products/Debug/Paperloft\ Receipts.app/Contents/Info.plist /Users/builder/Factory/paperloft/evidence/checkouts/p3-7cd0f79/Configuration/Info.plist (in target 'PaperloftApp' from project 'Paperloft')
    cd /Users/builder/Factory/paperloft/evidence/checkouts/p3-7cd0f79
    builtin-infoPlistUtility /Users/builder/Factory/paperloft/evidence/checkouts/p3-7cd0f79/Configuration/Info.plist -producttype com.apple.product-type.application -genpkginfo /Users/builder/Factory/paperloft/evidence/checkouts/p3-7cd0f79/build/DerivedData/Build/Products/Debug/Paperloft\ Receipts.app/Contents/PkgInfo -expandbuildsettings -platform macosx -additionalcontentfile /Users/builder/Factory/paperloft/evidence/checkouts/p3-7cd0f79/build/DerivedData/Build/Intermediates.noindex/Paperloft.build/Debug/PaperloftApp.build/assetcatalog_generated_info.plist -scanforprivacyfile /Users/builder/Factory/paperloft/evidence/checkouts/p3-7cd0f79/build/DerivedData/Build/Products/Debug/Paperloft\ Receipts.app/Contents/PlugIns/PaperloftShare.appex -o /Users/builder/Factory/paperloft/evidence/checkouts/p3-7cd0f79/build/DerivedData/Build/Products/Debug/Paperloft\ Receipts.app/Contents/Info.plist

CopySwiftLibs /Users/builder/Factory/paperloft/evidence/checkouts/p3-7cd0f79/build/DerivedData/Build/Products/Debug/Paperloft\ Receipts.app (in target 'PaperloftApp' from project 'Paperloft')
    cd /Users/builder/Factory/paperloft/evidence/checkouts/p3-7cd0f79
    builtin-swiftStdLibTool --copy --verbose --sign - --scan-executable /Users/builder/Factory/paperloft/evidence/checkouts/p3-7cd0f79/build/DerivedData/Build/Products/Debug/Paperloft\ Receipts.app/Contents/MacOS/Paperloft\ Receipts.debug.dylib --scan-folder /Users/builder/Factory/paperloft/evidence/checkouts/p3-7cd0f79/build/DerivedData/Build/Products/Debug/Paperloft\ Receipts.app/Contents/Frameworks --scan-folder /Users/builder/Factory/paperloft/evidence/checkouts/p3-7cd0f79/build/DerivedData/Build/Products/Debug/Paperloft\ Receipts.app/Contents/PlugIns --scan-folder /Users/builder/Factory/paperloft/evidence/checkouts/p3-7cd0f79/build/DerivedData/Build/Products/Debug/Paperloft\ Receipts.app/Contents/Library/SystemExtensions --scan-folder /Users/builder/Factory/paperloft/evidence/checkouts/p3-7cd0f79/build/DerivedData/Build/Products/Debug/Paperloft\ Receipts.app/Contents/Extensions --platform macosx --toolchain /Applications/Xcode.app/Contents/Developer/Toolchains/XcodeDefault.xctoolchain --destination /Users/builder/Factory/paperloft/evidence/checkouts/p3-7cd0f79/build/DerivedData/Build/Products/Debug/Paperloft\ Receipts.app/Contents/Frameworks --strip-bitcode --strip-bitcode-tool /Applications/Xcode.app/Contents/Developer/Toolchains/XcodeDefault.xctoolchain/usr/bin/bitcode_strip --emit-dependency-info /Users/builder/Factory/paperloft/evidence/checkouts/p3-7cd0f79/build/DerivedData/Build/Intermediates.noindex/Paperloft.build/Debug/PaperloftApp.build/SwiftStdLibToolInputDependencies.dep --filter-for-swift-os

ExtractAppIntentsMetadata (in target 'PaperloftApp' from project 'Paperloft')
    cd /Users/builder/Factory/paperloft/evidence/checkouts/p3-7cd0f79
    /Applications/Xcode.app/Contents/Developer/Toolchains/XcodeDefault.xctoolchain/usr/bin/appintentsmetadataprocessor --toolchain-dir /Applications/Xcode.app/Contents/Developer/Toolchains/XcodeDefault.xctoolchain --module-name Paperloft_Receipts --sdk-root /Applications/Xcode.app/Contents/Developer/Platforms/MacOSX.platform/Developer/SDKs/MacOSX27.0.sdk --xcode-version 27A266a --platform-family macOS --deployment-target 27.0 --bundle-identifier app.paperloft.receipts --output /Users/builder/Factory/paperloft/evidence/checkouts/p3-7cd0f79/build/DerivedData/Build/Products/Debug/Paperloft\ Receipts.app/Contents/Resources --target-triple arm64-apple-macos27.0 --binary-file /Users/builder/Factory/paperloft/evidence/checkouts/p3-7cd0f79/build/DerivedData/Build/Products/Debug/Paperloft\ Receipts.app/Contents/MacOS/Paperloft\ Receipts --dependency-file /Users/builder/Factory/paperloft/evidence/checkouts/p3-7cd0f79/build/DerivedData/Build/Intermediates.noindex/Paperloft.build/Debug/PaperloftApp.build/Objects-normal/arm64/Paperloft\ Receipts_dependency_info.dat --stringsdata-file /Users/builder/Factory/paperloft/evidence/checkouts/p3-7cd0f79/build/DerivedData/Build/Intermediates.noindex/Paperloft.build/Debug/PaperloftApp.build/Objects-normal/arm64/ExtractedAppShortcutsMetadata.stringsdata --source-file-list /Users/builder/Factory/paperloft/evidence/checkouts/p3-7cd0f79/build/DerivedData/Build/Intermediates.noindex/Paperloft.build/Debug/PaperloftApp.build/Objects-normal/arm64/Paperloft\ Receipts.SwiftFileList --metadata-file-list /Users/builder/Factory/paperloft/evidence/checkouts/p3-7cd0f79/build/DerivedData/Build/Intermediates.noindex/Paperloft.build/Debug/PaperloftApp.build/Paperloft\ Receipts.DependencyMetadataFileList --static-metadata-file-list /Users/builder/Factory/paperloft/evidence/checkouts/p3-7cd0f79/build/DerivedData/Build/Intermediates.noindex/Paperloft.build/Debug/PaperloftApp.build/Paperloft\ Receipts.DependencyStaticMetadataFileList --swift-const-vals-list /Users/builder/Factory/paperloft/evidence/checkouts/p3-7cd0f79/build/DerivedData/Build/Intermediates.noindex/Paperloft.build/Debug/PaperloftApp.build/Objects-normal/arm64/Paperloft\ Receipts.SwiftConstValuesFileList --compile-time-extraction --deployment-aware-processing --no-app-shortcuts-localization
2026-10-01 21:48:51.389 appintentsmetadataprocessor[29054:6774521] Starting appintentsmetadataprocessor export
2026-10-01 21:48:51.451 appintentsmetadataprocessor[29054:6774521] Writing Metadata.appintents
2026-10-01 21:48:51.451 appintentsmetadataprocessor[29054:6774521] Metadata root: /Users/builder/Factory/paperloft/evidence/checkouts/p3-7cd0f79/build/DerivedData/Build/Products/Debug/Paperloft Receipts.app/Contents/Resources/Metadata.appintents

CodeSign /Users/builder/Factory/paperloft/evidence/checkouts/p3-7cd0f79/build/DerivedData/Build/Products/Debug/Paperloft\ Receipts.app/Contents/MacOS/Paperloft\ Receipts.debug.dylib (in target 'PaperloftApp' from project 'Paperloft')
    cd /Users/builder/Factory/paperloft/evidence/checkouts/p3-7cd0f79
    
    Signing Identity:     "Sign to Run Locally"
    
    /usr/bin/codesign --force --sign - --timestamp\=none --generate-entitlement-der /Users/builder/Factory/paperloft/evidence/checkouts/p3-7cd0f79/build/DerivedData/Build/Products/Debug/Paperloft\ Receipts.app/Contents/MacOS/Paperloft\ Receipts.debug.dylib

CodeSign /Users/builder/Factory/paperloft/evidence/checkouts/p3-7cd0f79/build/DerivedData/Build/Products/Debug/Paperloft\ Receipts.app/Contents/MacOS/__preview.dylib (in target 'PaperloftApp' from project 'Paperloft')
    cd /Users/builder/Factory/paperloft/evidence/checkouts/p3-7cd0f79
    
    Signing Identity:     "Sign to Run Locally"
    
    /usr/bin/codesign --force --sign - --timestamp\=none --generate-entitlement-der /Users/builder/Factory/paperloft/evidence/checkouts/p3-7cd0f79/build/DerivedData/Build/Products/Debug/Paperloft\ Receipts.app/Contents/MacOS/__preview.dylib

CodeSign /Users/builder/Factory/paperloft/evidence/checkouts/p3-7cd0f79/build/DerivedData/Build/Products/Debug/Paperloft\ Receipts.app (in target 'PaperloftApp' from project 'Paperloft')
    cd /Users/builder/Factory/paperloft/evidence/checkouts/p3-7cd0f79
    
    Signing Identity:     "Sign to Run Locally"
    
    /usr/bin/codesign --force --sign - --entitlements /Users/builder/Factory/paperloft/evidence/checkouts/p3-7cd0f79/build/DerivedData/Build/Intermediates.noindex/Paperloft.build/Debug/PaperloftApp.build/Paperloft\ Receipts.app.xcent --timestamp\=none --generate-entitlement-der /Users/builder/Factory/paperloft/evidence/checkouts/p3-7cd0f79/build/DerivedData/Build/Products/Debug/Paperloft\ Receipts.app

ValidateEmbeddedBinary /Users/builder/Factory/paperloft/evidence/checkouts/p3-7cd0f79/build/DerivedData/Build/Products/Debug/Paperloft\ Receipts.app/Contents/PlugIns/PaperloftShare.appex (in target 'PaperloftApp' from project 'Paperloft')
    cd /Users/builder/Factory/paperloft/evidence/checkouts/p3-7cd0f79
    /Applications/Xcode.app/Contents/Developer/usr/bin/embeddedBinaryValidationUtility /Users/builder/Factory/paperloft/evidence/checkouts/p3-7cd0f79/build/DerivedData/Build/Products/Debug/Paperloft\ Receipts.app/Contents/PlugIns/PaperloftShare.appex -signing-cert - -info-plist-path /Users/builder/Factory/paperloft/evidence/checkouts/p3-7cd0f79/build/DerivedData/Build/Products/Debug/Paperloft\ Receipts.app/Contents/Info.plist

RegisterExecutionPolicyException /Users/builder/Factory/paperloft/evidence/checkouts/p3-7cd0f79/build/DerivedData/Build/Products/Debug/Paperloft\ Receipts.app (in target 'PaperloftApp' from project 'Paperloft')
    cd /Users/builder/Factory/paperloft/evidence/checkouts/p3-7cd0f79
    builtin-RegisterExecutionPolicyException /Users/builder/Factory/paperloft/evidence/checkouts/p3-7cd0f79/build/DerivedData/Build/Products/Debug/Paperloft\ Receipts.app

Validate /Users/builder/Factory/paperloft/evidence/checkouts/p3-7cd0f79/build/DerivedData/Build/Products/Debug/Paperloft\ Receipts.app (in target 'PaperloftApp' from project 'Paperloft')
    cd /Users/builder/Factory/paperloft/evidence/checkouts/p3-7cd0f79
    builtin-validationUtility /Users/builder/Factory/paperloft/evidence/checkouts/p3-7cd0f79/build/DerivedData/Build/Products/Debug/Paperloft\ Receipts.app -no-validate-extension -infoplist-subpath Contents/Info.plist

Touch /Users/builder/Factory/paperloft/evidence/checkouts/p3-7cd0f79/build/DerivedData/Build/Products/Debug/Paperloft\ Receipts.app (in target 'PaperloftApp' from project 'Paperloft')
    cd /Users/builder/Factory/paperloft/evidence/checkouts/p3-7cd0f79
    /usr/bin/touch -c /Users/builder/Factory/paperloft/evidence/checkouts/p3-7cd0f79/build/DerivedData/Build/Products/Debug/Paperloft\ Receipts.app

RegisterWithLaunchServices /Users/builder/Factory/paperloft/evidence/checkouts/p3-7cd0f79/build/DerivedData/Build/Products/Debug/Paperloft\ Receipts.app (in target 'PaperloftApp' from project 'Paperloft')
    cd /Users/builder/Factory/paperloft/evidence/checkouts/p3-7cd0f79
    builtin-lsregisterurl --record-path /Users/builder/Factory/paperloft/evidence/checkouts/p3-7cd0f79/build/DerivedData/Build/Intermediates.noindex/XCBuildData/registered-launchservices.txt -- /System/Library/Frameworks/CoreServices.framework/Versions/Current/Frameworks/LaunchServices.framework/Versions/Current/Support/lsregister -f -R -trusted /Users/builder/Factory/paperloft/evidence/checkouts/p3-7cd0f79/build/DerivedData/Build/Products/Debug/Paperloft\ Receipts.app

PruneExplicitPrecompiledModules /Users/builder/Factory/paperloft/evidence/checkouts/p3-7cd0f79/build/DerivedData/Build/Intermediates.noindex/SwiftExplicitPrecompiledModules

PruneExplicitPrecompiledModules /Users/builder/Factory/paperloft/evidence/checkouts/p3-7cd0f79/build/DerivedData/Build/Intermediates.noindex/ExplicitPrecompiledModules

PruneExplicitPrecompiledModules /Users/builder/Factory/paperloft/evidence/checkouts/p3-7cd0f79/build/DerivedData/SDKExplicitPrecompiledModules

** BUILD SUCCEEDED **

