Command line invocation:
    /Applications/Xcode.app/Contents/Developer/usr/bin/xcodebuild -project Paperloft.xcodeproj -scheme PaperloftApp -configuration Release -derivedDataPath build/DerivedData SWIFT_TREAT_WARNINGS_AS_ERRORS=YES clean build

Build settings from command line:
    SWIFT_TREAT_WARNINGS_AS_ERRORS = YES

Resolve Package Graph


Resolved source packages:
  PaperloftHandoff: /Users/builder/Factory/paperloft/evidence/checkouts/p3-7cd0f79/Packages/PaperloftHandoff @ local
  PaperloftKit: /Users/builder/Factory/paperloft/evidence/checkouts/p3-7cd0f79/Packages/PaperloftKit @ local

--- xcodebuild: WARNING: Using the first of multiple matching destinations:
{ platform:macOS, arch:arm64, id:00006000-000458260AFA401E, name:My Mac }
{ platform:macOS, name:Any Mac }
CreateBuildRequest

SendProjectDescription

CreateBuildOperation

** CLEAN SUCCEEDED **

--- xcodebuild: WARNING: Using the first of multiple matching destinations:
{ platform:macOS, arch:arm64, id:00006000-000458260AFA401E, name:My Mac }
{ platform:macOS, name:Any Mac }
ComputePackagePrebuildTargetDependencyGraph

Prepare packages

CreateBuildRequest

SendProjectDescription

CreateBuildOperation

ComputeTargetDependencyGraph
note: Building targets in dependency order
note: Target dependency graph (6 targets)
    Target 'PaperloftApp' in project 'Paperloft'
        ➜ Explicit dependency on target 'PaperloftShare' in project 'Paperloft'
        ➜ Explicit dependency on target 'PaperloftKit-product' in project 'PaperloftKit'
        ➜ Explicit dependency on target 'PaperloftHandoff-product' in project 'PaperloftHandoff'
    Target 'PaperloftKit-product' in project 'PaperloftKit'
        ➜ Explicit dependency on target 'PaperloftKit' in project 'PaperloftKit'
    Target 'PaperloftKit' in project 'PaperloftKit' (no dependencies)
    Target 'PaperloftShare' in project 'Paperloft'
        ➜ Explicit dependency on target 'PaperloftHandoff-product' in project 'PaperloftHandoff'
    Target 'PaperloftHandoff-product' in project 'PaperloftHandoff'
        ➜ Explicit dependency on target 'PaperloftHandoff' in project 'PaperloftHandoff'
    Target 'PaperloftHandoff' in project 'PaperloftHandoff' (no dependencies)

GatherProvisioningInputs

CreateBuildDescription

ExecuteExternalTool /Applications/Xcode.app/Contents/Developer/Toolchains/XcodeDefault.xctoolchain/usr/bin/swiftc --version

ExecuteExternalTool /Applications/Xcode.app/Contents/Developer/Toolchains/XcodeDefault.xctoolchain/usr/bin/clang -v -E -dM -isysroot /Applications/Xcode.app/Contents/Developer/Platforms/MacOSX.platform/Developer/SDKs/MacOSX27.0.sdk -x c -c /dev/null

ExecuteExternalTool /Applications/Xcode.app/Contents/Developer/usr/bin/actool --version --output-format xml1

ExecuteExternalTool /Applications/Xcode.app/Contents/Developer/Toolchains/XcodeDefault.xctoolchain/usr/bin/ld -version_details

Build description signature: f66c42199ccf29a64d8d79e612e1f202
Build description path: /Users/builder/Factory/paperloft/evidence/checkouts/p3-7cd0f79/build/DerivedData/Build/Intermediates.noindex/XCBuildData/f66c42199ccf29a64d8d79e612e1f202.xcbuilddata
CreateBuildDirectory /Users/builder/Factory/paperloft/evidence/checkouts/p3-7cd0f79/build/DerivedData/SDKExplicitPrecompiledModules
    cd /Users/builder/Factory/paperloft/evidence/checkouts/p3-7cd0f79/Paperloft.xcodeproj
    builtin-create-build-directory /Users/builder/Factory/paperloft/evidence/checkouts/p3-7cd0f79/build/DerivedData/SDKExplicitPrecompiledModules

CreateBuildDirectory /Users/builder/Factory/paperloft/evidence/checkouts/p3-7cd0f79/build/DerivedData/ModuleCache.noindex
    cd /Users/builder/Factory/paperloft/evidence/checkouts/p3-7cd0f79/Paperloft.xcodeproj
    builtin-create-build-directory /Users/builder/Factory/paperloft/evidence/checkouts/p3-7cd0f79/build/DerivedData/ModuleCache.noindex

CreateBuildDirectory /Users/builder/Factory/paperloft/evidence/checkouts/p3-7cd0f79/build/DerivedData/CompilationCache.noindex
    cd /Users/builder/Factory/paperloft/evidence/checkouts/p3-7cd0f79/Paperloft.xcodeproj
    builtin-create-build-directory /Users/builder/Factory/paperloft/evidence/checkouts/p3-7cd0f79/build/DerivedData/CompilationCache.noindex

ClangStatCache /Applications/Xcode.app/Contents/Developer/Toolchains/XcodeDefault.xctoolchain/usr/bin/clang-stat-cache /Applications/Xcode.app/Contents/Developer/Platforms/MacOSX.platform/Developer/SDKs/MacOSX27.0.sdk /Users/builder/Factory/paperloft/evidence/checkouts/p3-7cd0f79/build/DerivedData/SDKStatCaches.noindex/macosx27.0-26A425-7231f6df4def33e022ae2eb8f782df1a.sdkstatcache
    cd /Users/builder/Factory/paperloft/evidence/checkouts/p3-7cd0f79/Paperloft.xcodeproj
    /Applications/Xcode.app/Contents/Developer/Toolchains/XcodeDefault.xctoolchain/usr/bin/clang-stat-cache /Applications/Xcode.app/Contents/Developer/Platforms/MacOSX.platform/Developer/SDKs/MacOSX27.0.sdk -o /Users/builder/Factory/paperloft/evidence/checkouts/p3-7cd0f79/build/DerivedData/SDKStatCaches.noindex/macosx27.0-26A425-7231f6df4def33e022ae2eb8f782df1a.sdkstatcache

CreateBuildDirectory /Users/builder/Factory/paperloft/evidence/checkouts/p3-7cd0f79/build/DerivedData/Build/Intermediates.noindex
    cd /Users/builder/Factory/paperloft/evidence/checkouts/p3-7cd0f79/Paperloft.xcodeproj
    builtin-create-build-directory /Users/builder/Factory/paperloft/evidence/checkouts/p3-7cd0f79/build/DerivedData/Build/Intermediates.noindex

CreateBuildDirectory /Users/builder/Factory/paperloft/evidence/checkouts/p3-7cd0f79/build/DerivedData/Build/Products
    cd /Users/builder/Factory/paperloft/evidence/checkouts/p3-7cd0f79/Paperloft.xcodeproj
    builtin-create-build-directory /Users/builder/Factory/paperloft/evidence/checkouts/p3-7cd0f79/build/DerivedData/Build/Products

CreateBuildDirectory /Users/builder/Factory/paperloft/evidence/checkouts/p3-7cd0f79/build/DerivedData/Build/Intermediates.noindex/SwiftExplicitPrecompiledModules
    cd /Users/builder/Factory/paperloft/evidence/checkouts/p3-7cd0f79/Paperloft.xcodeproj
    builtin-create-build-directory /Users/builder/Factory/paperloft/evidence/checkouts/p3-7cd0f79/build/DerivedData/Build/Intermediates.noindex/SwiftExplicitPrecompiledModules

CreateBuildDirectory /Users/builder/Factory/paperloft/evidence/checkouts/p3-7cd0f79/build/DerivedData/Build/Intermediates.noindex/PrecompiledHeaders
    cd /Users/builder/Factory/paperloft/evidence/checkouts/p3-7cd0f79/Paperloft.xcodeproj
    builtin-create-build-directory /Users/builder/Factory/paperloft/evidence/checkouts/p3-7cd0f79/build/DerivedData/Build/Intermediates.noindex/PrecompiledHeaders

CreateBuildDirectory /Users/builder/Factory/paperloft/evidence/checkouts/p3-7cd0f79/build/DerivedData/Build/Intermediates.noindex/ExplicitPrecompiledModules
    cd /Users/builder/Factory/paperloft/evidence/checkouts/p3-7cd0f79/Paperloft.xcodeproj
    builtin-create-build-directory /Users/builder/Factory/paperloft/evidence/checkouts/p3-7cd0f79/build/DerivedData/Build/Intermediates.noindex/ExplicitPrecompiledModules

CreateBuildDirectory /Users/builder/Factory/paperloft/evidence/checkouts/p3-7cd0f79/build/DerivedData/Build/Intermediates.noindex/EagerLinkingTBDs/Release
    cd /Users/builder/Factory/paperloft/evidence/checkouts/p3-7cd0f79/Paperloft.xcodeproj
    builtin-create-build-directory /Users/builder/Factory/paperloft/evidence/checkouts/p3-7cd0f79/build/DerivedData/Build/Intermediates.noindex/EagerLinkingTBDs/Release

WriteAuxiliaryFile /Users/builder/Factory/paperloft/evidence/checkouts/p3-7cd0f79/build/DerivedData/Build/Intermediates.noindex/Paperloft.build/Release/Paperloft-b93ddc6bcd4d234a5473ab01ad3589c4-VFS/all-product-headers.yaml
    cd /Users/builder/Factory/paperloft/evidence/checkouts/p3-7cd0f79/Paperloft.xcodeproj
    write-file /Users/builder/Factory/paperloft/evidence/checkouts/p3-7cd0f79/build/DerivedData/Build/Intermediates.noindex/Paperloft.build/Release/Paperloft-b93ddc6bcd4d234a5473ab01ad3589c4-VFS/all-product-headers.yaml

CreateBuildDirectory /Users/builder/Factory/paperloft/evidence/checkouts/p3-7cd0f79/build/DerivedData/Build/Products/Release
    cd /Users/builder/Factory/paperloft/evidence/checkouts/p3-7cd0f79/Paperloft.xcodeproj
    builtin-create-build-directory /Users/builder/Factory/paperloft/evidence/checkouts/p3-7cd0f79/build/DerivedData/Build/Products/Release

CreateBuildDirectory /Users/builder/Factory/paperloft/evidence/checkouts/p3-7cd0f79/build/DerivedData/Build/Products/Release/PackageFrameworks
    cd /Users/builder/Factory/paperloft/evidence/checkouts/p3-7cd0f79/Paperloft.xcodeproj
    builtin-create-build-directory /Users/builder/Factory/paperloft/evidence/checkouts/p3-7cd0f79/build/DerivedData/Build/Products/Release/PackageFrameworks

WriteAuxiliaryFile /Users/builder/Factory/paperloft/evidence/checkouts/p3-7cd0f79/build/DerivedData/Build/Intermediates.noindex/Paperloft.build/Release/PaperloftShare.build/PaperloftShare-project-headers.hmap (in target 'PaperloftShare' from project 'Paperloft')
    cd /Users/builder/Factory/paperloft/evidence/checkouts/p3-7cd0f79
    write-file /Users/builder/Factory/paperloft/evidence/checkouts/p3-7cd0f79/build/DerivedData/Build/Intermediates.noindex/Paperloft.build/Release/PaperloftShare.build/PaperloftShare-project-headers.hmap

WriteAuxiliaryFile /Users/builder/Factory/paperloft/evidence/checkouts/p3-7cd0f79/build/DerivedData/Build/Intermediates.noindex/Paperloft.build/Release/PaperloftShare.build/PaperloftShare-own-target-headers.hmap (in target 'PaperloftShare' from project 'Paperloft')
    cd /Users/builder/Factory/paperloft/evidence/checkouts/p3-7cd0f79
    write-file /Users/builder/Factory/paperloft/evidence/checkouts/p3-7cd0f79/build/DerivedData/Build/Intermediates.noindex/Paperloft.build/Release/PaperloftShare.build/PaperloftShare-own-target-headers.hmap

WriteAuxiliaryFile /Users/builder/Factory/paperloft/evidence/checkouts/p3-7cd0f79/build/DerivedData/Build/Intermediates.noindex/Paperloft.build/Release/PaperloftShare.build/PaperloftShare-generated-files.hmap (in target 'PaperloftShare' from project 'Paperloft')
    cd /Users/builder/Factory/paperloft/evidence/checkouts/p3-7cd0f79
    write-file /Users/builder/Factory/paperloft/evidence/checkouts/p3-7cd0f79/build/DerivedData/Build/Intermediates.noindex/Paperloft.build/Release/PaperloftShare.build/PaperloftShare-generated-files.hmap

WriteAuxiliaryFile /Users/builder/Factory/paperloft/evidence/checkouts/p3-7cd0f79/build/DerivedData/Build/Intermediates.noindex/Paperloft.build/Release/PaperloftShare.build/PaperloftShare.hmap (in target 'PaperloftShare' from project 'Paperloft')
    cd /Users/builder/Factory/paperloft/evidence/checkouts/p3-7cd0f79
    write-file /Users/builder/Factory/paperloft/evidence/checkouts/p3-7cd0f79/build/DerivedData/Build/Intermediates.noindex/Paperloft.build/Release/PaperloftShare.build/PaperloftShare.hmap

WriteAuxiliaryFile /Users/builder/Factory/paperloft/evidence/checkouts/p3-7cd0f79/build/DerivedData/Build/Intermediates.noindex/Paperloft.build/Release/PaperloftShare.build/PaperloftShare-all-target-headers.hmap (in target 'PaperloftShare' from project 'Paperloft')
    cd /Users/builder/Factory/paperloft/evidence/checkouts/p3-7cd0f79
    write-file /Users/builder/Factory/paperloft/evidence/checkouts/p3-7cd0f79/build/DerivedData/Build/Intermediates.noindex/Paperloft.build/Release/PaperloftShare.build/PaperloftShare-all-target-headers.hmap

WriteAuxiliaryFile /Users/builder/Factory/paperloft/evidence/checkouts/p3-7cd0f79/build/DerivedData/Build/Intermediates.noindex/Paperloft.build/Release/PaperloftShare.build/PaperloftShare-all-non-framework-target-headers.hmap (in target 'PaperloftShare' from project 'Paperloft')
    cd /Users/builder/Factory/paperloft/evidence/checkouts/p3-7cd0f79
    write-file /Users/builder/Factory/paperloft/evidence/checkouts/p3-7cd0f79/build/DerivedData/Build/Intermediates.noindex/Paperloft.build/Release/PaperloftShare.build/PaperloftShare-all-non-framework-target-headers.hmap

WriteAuxiliaryFile /Users/builder/Factory/paperloft/evidence/checkouts/p3-7cd0f79/build/DerivedData/Build/Intermediates.noindex/Paperloft.build/Release/PaperloftShare.build/Objects-normal/arm64/PaperloftShare.SwiftFileList (in target 'PaperloftShare' from project 'Paperloft')
    cd /Users/builder/Factory/paperloft/evidence/checkouts/p3-7cd0f79
    write-file /Users/builder/Factory/paperloft/evidence/checkouts/p3-7cd0f79/build/DerivedData/Build/Intermediates.noindex/Paperloft.build/Release/PaperloftShare.build/Objects-normal/arm64/PaperloftShare.SwiftFileList

WriteAuxiliaryFile /Users/builder/Factory/paperloft/evidence/checkouts/p3-7cd0f79/build/DerivedData/Build/Intermediates.noindex/Paperloft.build/Release/PaperloftShare.build/Objects-normal/arm64/PaperloftShare_const_extract_protocols.json (in target 'PaperloftShare' from project 'Paperloft')
    cd /Users/builder/Factory/paperloft/evidence/checkouts/p3-7cd0f79
    write-file /Users/builder/Factory/paperloft/evidence/checkouts/p3-7cd0f79/build/DerivedData/Build/Intermediates.noindex/Paperloft.build/Release/PaperloftShare.build/Objects-normal/arm64/PaperloftShare_const_extract_protocols.json

WriteAuxiliaryFile /Users/builder/Factory/paperloft/evidence/checkouts/p3-7cd0f79/build/DerivedData/Build/Intermediates.noindex/Paperloft.build/Release/PaperloftShare.build/Objects-normal/arm64/PaperloftShare.LinkFileList (in target 'PaperloftShare' from project 'Paperloft')
    cd /Users/builder/Factory/paperloft/evidence/checkouts/p3-7cd0f79
    write-file /Users/builder/Factory/paperloft/evidence/checkouts/p3-7cd0f79/build/DerivedData/Build/Intermediates.noindex/Paperloft.build/Release/PaperloftShare.build/Objects-normal/arm64/PaperloftShare.LinkFileList

WriteAuxiliaryFile /Users/builder/Factory/paperloft/evidence/checkouts/p3-7cd0f79/build/DerivedData/Build/Intermediates.noindex/Paperloft.build/Release/PaperloftShare.build/Objects-normal/arm64/PaperloftShare-OutputFileMap.json (in target 'PaperloftShare' from project 'Paperloft')
    cd /Users/builder/Factory/paperloft/evidence/checkouts/p3-7cd0f79
    write-file /Users/builder/Factory/paperloft/evidence/checkouts/p3-7cd0f79/build/DerivedData/Build/Intermediates.noindex/Paperloft.build/Release/PaperloftShare.build/Objects-normal/arm64/PaperloftShare-OutputFileMap.json

WriteAuxiliaryFile /Users/builder/Factory/paperloft/evidence/checkouts/p3-7cd0f79/build/DerivedData/Build/Intermediates.noindex/Paperloft.build/Release/PaperloftShare.build/DerivedSources/Entitlements.plist (in target 'PaperloftShare' from project 'Paperloft')
    cd /Users/builder/Factory/paperloft/evidence/checkouts/p3-7cd0f79
    write-file /Users/builder/Factory/paperloft/evidence/checkouts/p3-7cd0f79/build/DerivedData/Build/Intermediates.noindex/Paperloft.build/Release/PaperloftShare.build/DerivedSources/Entitlements.plist

WriteAuxiliaryFile /Users/builder/Factory/paperloft/evidence/checkouts/p3-7cd0f79/build/DerivedData/Build/Intermediates.noindex/PaperloftKit.build/Release/PaperloftKit-t.build/PaperloftKit.DependencyStaticMetadataFileList (in target 'PaperloftKit' from project 'PaperloftKit')
    cd /Users/builder/Factory/paperloft/evidence/checkouts/p3-7cd0f79/Packages/PaperloftKit
    write-file /Users/builder/Factory/paperloft/evidence/checkouts/p3-7cd0f79/build/DerivedData/Build/Intermediates.noindex/PaperloftKit.build/Release/PaperloftKit-t.build/PaperloftKit.DependencyStaticMetadataFileList

WriteAuxiliaryFile /Users/builder/Factory/paperloft/evidence/checkouts/p3-7cd0f79/build/DerivedData/Build/Intermediates.noindex/PaperloftKit.build/Release/PaperloftKit-t.build/PaperloftKit.DependencyMetadataFileList (in target 'PaperloftKit' from project 'PaperloftKit')
    cd /Users/builder/Factory/paperloft/evidence/checkouts/p3-7cd0f79/Packages/PaperloftKit
    write-file /Users/builder/Factory/paperloft/evidence/checkouts/p3-7cd0f79/build/DerivedData/Build/Intermediates.noindex/PaperloftKit.build/Release/PaperloftKit-t.build/PaperloftKit.DependencyMetadataFileList

WriteAuxiliaryFile /Users/builder/Factory/paperloft/evidence/checkouts/p3-7cd0f79/build/DerivedData/Build/Intermediates.noindex/PaperloftKit.build/Release/PaperloftKit-t.build/PaperloftKit.modulemap (in target 'PaperloftKit' from project 'PaperloftKit')
    cd /Users/builder/Factory/paperloft/evidence/checkouts/p3-7cd0f79/Packages/PaperloftKit
    write-file /Users/builder/Factory/paperloft/evidence/checkouts/p3-7cd0f79/build/DerivedData/Build/Intermediates.noindex/PaperloftKit.build/Release/PaperloftKit-t.build/PaperloftKit.modulemap

WriteAuxiliaryFile /Users/builder/Factory/paperloft/evidence/checkouts/p3-7cd0f79/build/DerivedData/Build/Intermediates.noindex/PaperloftKit.build/Release/PaperloftKit-t.build/Objects-normal/arm64/PaperloftKit_const_extract_protocols.json (in target 'PaperloftKit' from project 'PaperloftKit')
    cd /Users/builder/Factory/paperloft/evidence/checkouts/p3-7cd0f79/Packages/PaperloftKit
    write-file /Users/builder/Factory/paperloft/evidence/checkouts/p3-7cd0f79/build/DerivedData/Build/Intermediates.noindex/PaperloftKit.build/Release/PaperloftKit-t.build/Objects-normal/arm64/PaperloftKit_const_extract_protocols.json

WriteAuxiliaryFile /Users/builder/Factory/paperloft/evidence/checkouts/p3-7cd0f79/build/DerivedData/Build/Intermediates.noindex/PaperloftKit.build/Release/PaperloftKit-t.build/Objects-normal/arm64/PaperloftKit.SwiftConstValuesFileList (in target 'PaperloftKit' from project 'PaperloftKit')
    cd /Users/builder/Factory/paperloft/evidence/checkouts/p3-7cd0f79/Packages/PaperloftKit
    write-file /Users/builder/Factory/paperloft/evidence/checkouts/p3-7cd0f79/build/DerivedData/Build/Intermediates.noindex/PaperloftKit.build/Release/PaperloftKit-t.build/Objects-normal/arm64/PaperloftKit.SwiftConstValuesFileList

WriteAuxiliaryFile /Users/builder/Factory/paperloft/evidence/checkouts/p3-7cd0f79/build/DerivedData/Build/Intermediates.noindex/PaperloftKit.build/Release/PaperloftKit-t.build/Objects-normal/arm64/PaperloftKit.SwiftFileList (in target 'PaperloftKit' from project 'PaperloftKit')
    cd /Users/builder/Factory/paperloft/evidence/checkouts/p3-7cd0f79/Packages/PaperloftKit
    write-file /Users/builder/Factory/paperloft/evidence/checkouts/p3-7cd0f79/build/DerivedData/Build/Intermediates.noindex/PaperloftKit.build/Release/PaperloftKit-t.build/Objects-normal/arm64/PaperloftKit.SwiftFileList

WriteAuxiliaryFile /Users/builder/Factory/paperloft/evidence/checkouts/p3-7cd0f79/build/DerivedData/Build/Intermediates.noindex/PaperloftKit.build/Release/PaperloftKit-t.build/Objects-normal/arm64/PaperloftKit.LinkFileList (in target 'PaperloftKit' from project 'PaperloftKit')
    cd /Users/builder/Factory/paperloft/evidence/checkouts/p3-7cd0f79/Packages/PaperloftKit
    write-file /Users/builder/Factory/paperloft/evidence/checkouts/p3-7cd0f79/build/DerivedData/Build/Intermediates.noindex/PaperloftKit.build/Release/PaperloftKit-t.build/Objects-normal/arm64/PaperloftKit.LinkFileList

WriteAuxiliaryFile /Users/builder/Factory/paperloft/evidence/checkouts/p3-7cd0f79/build/DerivedData/Build/Intermediates.noindex/PaperloftKit.build/Release/PaperloftKit-t.build/Objects-normal/arm64/PaperloftKit-OutputFileMap.json (in target 'PaperloftKit' from project 'PaperloftKit')
    cd /Users/builder/Factory/paperloft/evidence/checkouts/p3-7cd0f79/Packages/PaperloftKit
    write-file /Users/builder/Factory/paperloft/evidence/checkouts/p3-7cd0f79/build/DerivedData/Build/Intermediates.noindex/PaperloftKit.build/Release/PaperloftKit-t.build/Objects-normal/arm64/PaperloftKit-OutputFileMap.json

WriteAuxiliaryFile /Users/builder/Factory/paperloft/evidence/checkouts/p3-7cd0f79/build/DerivedData/Build/Intermediates.noindex/PaperloftHandoff.build/Release/PaperloftHandoff-t.build/PaperloftHandoff.DependencyStaticMetadataFileList (in target 'PaperloftHandoff' from project 'PaperloftHandoff')
    cd /Users/builder/Factory/paperloft/evidence/checkouts/p3-7cd0f79/Packages/PaperloftHandoff
    write-file /Users/builder/Factory/paperloft/evidence/checkouts/p3-7cd0f79/build/DerivedData/Build/Intermediates.noindex/PaperloftHandoff.build/Release/PaperloftHandoff-t.build/PaperloftHandoff.DependencyStaticMetadataFileList

WriteAuxiliaryFile /Users/builder/Factory/paperloft/evidence/checkouts/p3-7cd0f79/build/DerivedData/Build/Intermediates.noindex/PaperloftHandoff.build/Release/PaperloftHandoff-t.build/PaperloftHandoff.DependencyMetadataFileList (in target 'PaperloftHandoff' from project 'PaperloftHandoff')
    cd /Users/builder/Factory/paperloft/evidence/checkouts/p3-7cd0f79/Packages/PaperloftHandoff
    write-file /Users/builder/Factory/paperloft/evidence/checkouts/p3-7cd0f79/build/DerivedData/Build/Intermediates.noindex/PaperloftHandoff.build/Release/PaperloftHandoff-t.build/PaperloftHandoff.DependencyMetadataFileList

WriteAuxiliaryFile /Users/builder/Factory/paperloft/evidence/checkouts/p3-7cd0f79/build/DerivedData/Build/Intermediates.noindex/PaperloftHandoff.build/Release/PaperloftHandoff-t.build/PaperloftHandoff.modulemap (in target 'PaperloftHandoff' from project 'PaperloftHandoff')
    cd /Users/builder/Factory/paperloft/evidence/checkouts/p3-7cd0f79/Packages/PaperloftHandoff
    write-file /Users/builder/Factory/paperloft/evidence/checkouts/p3-7cd0f79/build/DerivedData/Build/Intermediates.noindex/PaperloftHandoff.build/Release/PaperloftHandoff-t.build/PaperloftHandoff.modulemap

Copy /Users/builder/Factory/paperloft/evidence/checkouts/p3-7cd0f79/build/DerivedData/Build/Intermediates.noindex/GeneratedModuleMaps/PaperloftKit.modulemap /Users/builder/Factory/paperloft/evidence/checkouts/p3-7cd0f79/build/DerivedData/Build/Intermediates.noindex/PaperloftKit.build/Release/PaperloftKit-t.build/PaperloftKit.modulemap (in target 'PaperloftKit' from project 'PaperloftKit')
    cd /Users/builder/Factory/paperloft/evidence/checkouts/p3-7cd0f79/Packages/PaperloftKit
    builtin-copy -exclude .DS_Store -exclude CVS -exclude .svn -exclude .git -exclude .hg -strip-unsigned-binaries -strip-deterministic -strip-tool /Applications/Xcode.app/Contents/Developer/Toolchains/XcodeDefault.xctoolchain/usr/bin/strip -resolve-src-symlinks /Users/builder/Factory/paperloft/evidence/checkouts/p3-7cd0f79/build/DerivedData/Build/Intermediates.noindex/PaperloftKit.build/Release/PaperloftKit-t.build/PaperloftKit.modulemap /Users/builder/Factory/paperloft/evidence/checkouts/p3-7cd0f79/build/DerivedData/Build/Intermediates.noindex/GeneratedModuleMaps

WriteAuxiliaryFile /Users/builder/Factory/paperloft/evidence/checkouts/p3-7cd0f79/build/DerivedData/Build/Intermediates.noindex/PaperloftHandoff.build/Release/PaperloftHandoff-t.build/Objects-normal/x86_64/PaperloftHandoff_const_extract_protocols.json (in target 'PaperloftHandoff' from project 'PaperloftHandoff')
    cd /Users/builder/Factory/paperloft/evidence/checkouts/p3-7cd0f79/Packages/PaperloftHandoff
    write-file /Users/builder/Factory/paperloft/evidence/checkouts/p3-7cd0f79/build/DerivedData/Build/Intermediates.noindex/PaperloftHandoff.build/Release/PaperloftHandoff-t.build/Objects-normal/x86_64/PaperloftHandoff_const_extract_protocols.json

WriteAuxiliaryFile /Users/builder/Factory/paperloft/evidence/checkouts/p3-7cd0f79/build/DerivedData/Build/Intermediates.noindex/PaperloftHandoff.build/Release/PaperloftHandoff-t.build/Objects-normal/x86_64/PaperloftHandoff.SwiftFileList (in target 'PaperloftHandoff' from project 'PaperloftHandoff')
    cd /Users/builder/Factory/paperloft/evidence/checkouts/p3-7cd0f79/Packages/PaperloftHandoff
    write-file /Users/builder/Factory/paperloft/evidence/checkouts/p3-7cd0f79/build/DerivedData/Build/Intermediates.noindex/PaperloftHandoff.build/Release/PaperloftHandoff-t.build/Objects-normal/x86_64/PaperloftHandoff.SwiftFileList

WriteAuxiliaryFile /Users/builder/Factory/paperloft/evidence/checkouts/p3-7cd0f79/build/DerivedData/Build/Intermediates.noindex/PaperloftHandoff.build/Release/PaperloftHandoff-t.build/Objects-normal/x86_64/PaperloftHandoff.SwiftConstValuesFileList (in target 'PaperloftHandoff' from project 'PaperloftHandoff')
    cd /Users/builder/Factory/paperloft/evidence/checkouts/p3-7cd0f79/Packages/PaperloftHandoff
    write-file /Users/builder/Factory/paperloft/evidence/checkouts/p3-7cd0f79/build/DerivedData/Build/Intermediates.noindex/PaperloftHandoff.build/Release/PaperloftHandoff-t.build/Objects-normal/x86_64/PaperloftHandoff.SwiftConstValuesFileList

WriteAuxiliaryFile /Users/builder/Factory/paperloft/evidence/checkouts/p3-7cd0f79/build/DerivedData/Build/Intermediates.noindex/PaperloftHandoff.build/Release/PaperloftHandoff-t.build/Objects-normal/x86_64/PaperloftHandoff.LinkFileList (in target 'PaperloftHandoff' from project 'PaperloftHandoff')
    cd /Users/builder/Factory/paperloft/evidence/checkouts/p3-7cd0f79/Packages/PaperloftHandoff
    write-file /Users/builder/Factory/paperloft/evidence/checkouts/p3-7cd0f79/build/DerivedData/Build/Intermediates.noindex/PaperloftHandoff.build/Release/PaperloftHandoff-t.build/Objects-normal/x86_64/PaperloftHandoff.LinkFileList

WriteAuxiliaryFile /Users/builder/Factory/paperloft/evidence/checkouts/p3-7cd0f79/build/DerivedData/Build/Intermediates.noindex/PaperloftHandoff.build/Release/PaperloftHandoff-t.build/Objects-normal/x86_64/PaperloftHandoff-OutputFileMap.json (in target 'PaperloftHandoff' from project 'PaperloftHandoff')
    cd /Users/builder/Factory/paperloft/evidence/checkouts/p3-7cd0f79/Packages/PaperloftHandoff
    write-file /Users/builder/Factory/paperloft/evidence/checkouts/p3-7cd0f79/build/DerivedData/Build/Intermediates.noindex/PaperloftHandoff.build/Release/PaperloftHandoff-t.build/Objects-normal/x86_64/PaperloftHandoff-OutputFileMap.json

WriteAuxiliaryFile /Users/builder/Factory/paperloft/evidence/checkouts/p3-7cd0f79/build/DerivedData/Build/Intermediates.noindex/PaperloftHandoff.build/Release/PaperloftHandoff-t.build/Objects-normal/arm64/PaperloftHandoff.SwiftFileList (in target 'PaperloftHandoff' from project 'PaperloftHandoff')
    cd /Users/builder/Factory/paperloft/evidence/checkouts/p3-7cd0f79/Packages/PaperloftHandoff
    write-file /Users/builder/Factory/paperloft/evidence/checkouts/p3-7cd0f79/build/DerivedData/Build/Intermediates.noindex/PaperloftHandoff.build/Release/PaperloftHandoff-t.build/Objects-normal/arm64/PaperloftHandoff.SwiftFileList

WriteAuxiliaryFile /Users/builder/Factory/paperloft/evidence/checkouts/p3-7cd0f79/build/DerivedData/Build/Intermediates.noindex/PaperloftHandoff.build/Release/PaperloftHandoff-t.build/Objects-normal/arm64/PaperloftHandoff_const_extract_protocols.json (in target 'PaperloftHandoff' from project 'PaperloftHandoff')
    cd /Users/builder/Factory/paperloft/evidence/checkouts/p3-7cd0f79/Packages/PaperloftHandoff
    write-file /Users/builder/Factory/paperloft/evidence/checkouts/p3-7cd0f79/build/DerivedData/Build/Intermediates.noindex/PaperloftHandoff.build/Release/PaperloftHandoff-t.build/Objects-normal/arm64/PaperloftHandoff_const_extract_protocols.json

WriteAuxiliaryFile /Users/builder/Factory/paperloft/evidence/checkouts/p3-7cd0f79/build/DerivedData/Build/Intermediates.noindex/PaperloftHandoff.build/Release/PaperloftHandoff-t.build/Objects-normal/arm64/PaperloftHandoff.SwiftConstValuesFileList (in target 'PaperloftHandoff' from project 'PaperloftHandoff')
    cd /Users/builder/Factory/paperloft/evidence/checkouts/p3-7cd0f79/Packages/PaperloftHandoff
    write-file /Users/builder/Factory/paperloft/evidence/checkouts/p3-7cd0f79/build/DerivedData/Build/Intermediates.noindex/PaperloftHandoff.build/Release/PaperloftHandoff-t.build/Objects-normal/arm64/PaperloftHandoff.SwiftConstValuesFileList

WriteAuxiliaryFile /Users/builder/Factory/paperloft/evidence/checkouts/p3-7cd0f79/build/DerivedData/Build/Intermediates.noindex/PaperloftHandoff.build/Release/PaperloftHandoff-t.build/Objects-normal/arm64/PaperloftHandoff.LinkFileList (in target 'PaperloftHandoff' from project 'PaperloftHandoff')
    cd /Users/builder/Factory/paperloft/evidence/checkouts/p3-7cd0f79/Packages/PaperloftHandoff
    write-file /Users/builder/Factory/paperloft/evidence/checkouts/p3-7cd0f79/build/DerivedData/Build/Intermediates.noindex/PaperloftHandoff.build/Release/PaperloftHandoff-t.build/Objects-normal/arm64/PaperloftHandoff.LinkFileList

WriteAuxiliaryFile /Users/builder/Factory/paperloft/evidence/checkouts/p3-7cd0f79/build/DerivedData/Build/Intermediates.noindex/PaperloftHandoff.build/Release/PaperloftHandoff-t.build/Objects-normal/arm64/PaperloftHandoff-OutputFileMap.json (in target 'PaperloftHandoff' from project 'PaperloftHandoff')
    cd /Users/builder/Factory/paperloft/evidence/checkouts/p3-7cd0f79/Packages/PaperloftHandoff
    write-file /Users/builder/Factory/paperloft/evidence/checkouts/p3-7cd0f79/build/DerivedData/Build/Intermediates.noindex/PaperloftHandoff.build/Release/PaperloftHandoff-t.build/Objects-normal/arm64/PaperloftHandoff-OutputFileMap.json

Copy /Users/builder/Factory/paperloft/evidence/checkouts/p3-7cd0f79/build/DerivedData/Build/Intermediates.noindex/GeneratedModuleMaps/PaperloftHandoff.modulemap /Users/builder/Factory/paperloft/evidence/checkouts/p3-7cd0f79/build/DerivedData/Build/Intermediates.noindex/PaperloftHandoff.build/Release/PaperloftHandoff-t.build/PaperloftHandoff.modulemap (in target 'PaperloftHandoff' from project 'PaperloftHandoff')
    cd /Users/builder/Factory/paperloft/evidence/checkouts/p3-7cd0f79/Packages/PaperloftHandoff
    builtin-copy -exclude .DS_Store -exclude CVS -exclude .svn -exclude .git -exclude .hg -strip-unsigned-binaries -strip-deterministic -strip-tool /Applications/Xcode.app/Contents/Developer/Toolchains/XcodeDefault.xctoolchain/usr/bin/strip -resolve-src-symlinks /Users/builder/Factory/paperloft/evidence/checkouts/p3-7cd0f79/build/DerivedData/Build/Intermediates.noindex/PaperloftHandoff.build/Release/PaperloftHandoff-t.build/PaperloftHandoff.modulemap /Users/builder/Factory/paperloft/evidence/checkouts/p3-7cd0f79/build/DerivedData/Build/Intermediates.noindex/GeneratedModuleMaps

WriteAuxiliaryFile /Users/builder/Factory/paperloft/evidence/checkouts/p3-7cd0f79/build/DerivedData/Build/Intermediates.noindex/Paperloft.build/Release/PaperloftApp.build/Paperloft\ Receipts.hmap (in target 'PaperloftApp' from project 'Paperloft')
    cd /Users/builder/Factory/paperloft/evidence/checkouts/p3-7cd0f79
    write-file /Users/builder/Factory/paperloft/evidence/checkouts/p3-7cd0f79/build/DerivedData/Build/Intermediates.noindex/Paperloft.build/Release/PaperloftApp.build/Paperloft\ Receipts.hmap

WriteAuxiliaryFile /Users/builder/Factory/paperloft/evidence/checkouts/p3-7cd0f79/build/DerivedData/Build/Intermediates.noindex/Paperloft.build/Release/PaperloftApp.build/Paperloft\ Receipts.DependencyStaticMetadataFileList (in target 'PaperloftApp' from project 'Paperloft')
    cd /Users/builder/Factory/paperloft/evidence/checkouts/p3-7cd0f79
    write-file /Users/builder/Factory/paperloft/evidence/checkouts/p3-7cd0f79/build/DerivedData/Build/Intermediates.noindex/Paperloft.build/Release/PaperloftApp.build/Paperloft\ Receipts.DependencyStaticMetadataFileList

WriteAuxiliaryFile /Users/builder/Factory/paperloft/evidence/checkouts/p3-7cd0f79/build/DerivedData/Build/Intermediates.noindex/Paperloft.build/Release/PaperloftApp.build/Paperloft\ Receipts.DependencyMetadataFileList (in target 'PaperloftApp' from project 'Paperloft')
    cd /Users/builder/Factory/paperloft/evidence/checkouts/p3-7cd0f79
    write-file /Users/builder/Factory/paperloft/evidence/checkouts/p3-7cd0f79/build/DerivedData/Build/Intermediates.noindex/Paperloft.build/Release/PaperloftApp.build/Paperloft\ Receipts.DependencyMetadataFileList

WriteAuxiliaryFile /Users/builder/Factory/paperloft/evidence/checkouts/p3-7cd0f79/build/DerivedData/Build/Intermediates.noindex/Paperloft.build/Release/PaperloftApp.build/Paperloft\ Receipts-project-headers.hmap (in target 'PaperloftApp' from project 'Paperloft')
    cd /Users/builder/Factory/paperloft/evidence/checkouts/p3-7cd0f79
    write-file /Users/builder/Factory/paperloft/evidence/checkouts/p3-7cd0f79/build/DerivedData/Build/Intermediates.noindex/Paperloft.build/Release/PaperloftApp.build/Paperloft\ Receipts-project-headers.hmap

WriteAuxiliaryFile /Users/builder/Factory/paperloft/evidence/checkouts/p3-7cd0f79/build/DerivedData/Build/Intermediates.noindex/Paperloft.build/Release/PaperloftApp.build/Paperloft\ Receipts-own-target-headers.hmap (in target 'PaperloftApp' from project 'Paperloft')
    cd /Users/builder/Factory/paperloft/evidence/checkouts/p3-7cd0f79
    write-file /Users/builder/Factory/paperloft/evidence/checkouts/p3-7cd0f79/build/DerivedData/Build/Intermediates.noindex/Paperloft.build/Release/PaperloftApp.build/Paperloft\ Receipts-own-target-headers.hmap

WriteAuxiliaryFile /Users/builder/Factory/paperloft/evidence/checkouts/p3-7cd0f79/build/DerivedData/Build/Intermediates.noindex/Paperloft.build/Release/PaperloftApp.build/Paperloft\ Receipts-generated-files.hmap (in target 'PaperloftApp' from project 'Paperloft')
    cd /Users/builder/Factory/paperloft/evidence/checkouts/p3-7cd0f79
    write-file /Users/builder/Factory/paperloft/evidence/checkouts/p3-7cd0f79/build/DerivedData/Build/Intermediates.noindex/Paperloft.build/Release/PaperloftApp.build/Paperloft\ Receipts-generated-files.hmap

WriteAuxiliaryFile /Users/builder/Factory/paperloft/evidence/checkouts/p3-7cd0f79/build/DerivedData/Build/Intermediates.noindex/Paperloft.build/Release/PaperloftApp.build/Paperloft\ Receipts-all-target-headers.hmap (in target 'PaperloftApp' from project 'Paperloft')
    cd /Users/builder/Factory/paperloft/evidence/checkouts/p3-7cd0f79
    write-file /Users/builder/Factory/paperloft/evidence/checkouts/p3-7cd0f79/build/DerivedData/Build/Intermediates.noindex/Paperloft.build/Release/PaperloftApp.build/Paperloft\ Receipts-all-target-headers.hmap

WriteAuxiliaryFile /Users/builder/Factory/paperloft/evidence/checkouts/p3-7cd0f79/build/DerivedData/Build/Intermediates.noindex/Paperloft.build/Release/PaperloftApp.build/Paperloft\ Receipts-all-non-framework-target-headers.hmap (in target 'PaperloftApp' from project 'Paperloft')
    cd /Users/builder/Factory/paperloft/evidence/checkouts/p3-7cd0f79
    write-file /Users/builder/Factory/paperloft/evidence/checkouts/p3-7cd0f79/build/DerivedData/Build/Intermediates.noindex/Paperloft.build/Release/PaperloftApp.build/Paperloft\ Receipts-all-non-framework-target-headers.hmap

WriteAuxiliaryFile /Users/builder/Factory/paperloft/evidence/checkouts/p3-7cd0f79/build/DerivedData/Build/Intermediates.noindex/Paperloft.build/Release/PaperloftApp.build/Objects-normal/arm64/Paperloft\ Receipts.SwiftFileList (in target 'PaperloftApp' from project 'Paperloft')
    cd /Users/builder/Factory/paperloft/evidence/checkouts/p3-7cd0f79
    write-file /Users/builder/Factory/paperloft/evidence/checkouts/p3-7cd0f79/build/DerivedData/Build/Intermediates.noindex/Paperloft.build/Release/PaperloftApp.build/Objects-normal/arm64/Paperloft\ Receipts.SwiftFileList

WriteAuxiliaryFile /Users/builder/Factory/paperloft/evidence/checkouts/p3-7cd0f79/build/DerivedData/Build/Intermediates.noindex/Paperloft.build/Release/PaperloftApp.build/Objects-normal/arm64/PaperloftApp_const_extract_protocols.json (in target 'PaperloftApp' from project 'Paperloft')
    cd /Users/builder/Factory/paperloft/evidence/checkouts/p3-7cd0f79
    write-file /Users/builder/Factory/paperloft/evidence/checkouts/p3-7cd0f79/build/DerivedData/Build/Intermediates.noindex/Paperloft.build/Release/PaperloftApp.build/Objects-normal/arm64/PaperloftApp_const_extract_protocols.json

WriteAuxiliaryFile /Users/builder/Factory/paperloft/evidence/checkouts/p3-7cd0f79/build/DerivedData/Build/Intermediates.noindex/Paperloft.build/Release/PaperloftApp.build/Objects-normal/arm64/PaperloftApp-OutputFileMap.json (in target 'PaperloftApp' from project 'Paperloft')
    cd /Users/builder/Factory/paperloft/evidence/checkouts/p3-7cd0f79
    write-file /Users/builder/Factory/paperloft/evidence/checkouts/p3-7cd0f79/build/DerivedData/Build/Intermediates.noindex/Paperloft.build/Release/PaperloftApp.build/Objects-normal/arm64/PaperloftApp-OutputFileMap.json

WriteAuxiliaryFile /Users/builder/Factory/paperloft/evidence/checkouts/p3-7cd0f79/build/DerivedData/Build/Intermediates.noindex/Paperloft.build/Release/PaperloftApp.build/Objects-normal/arm64/Paperloft\ Receipts.SwiftConstValuesFileList (in target 'PaperloftApp' from project 'Paperloft')
    cd /Users/builder/Factory/paperloft/evidence/checkouts/p3-7cd0f79
    write-file /Users/builder/Factory/paperloft/evidence/checkouts/p3-7cd0f79/build/DerivedData/Build/Intermediates.noindex/Paperloft.build/Release/PaperloftApp.build/Objects-normal/arm64/Paperloft\ Receipts.SwiftConstValuesFileList

WriteAuxiliaryFile /Users/builder/Factory/paperloft/evidence/checkouts/p3-7cd0f79/build/DerivedData/Build/Intermediates.noindex/Paperloft.build/Release/PaperloftApp.build/Objects-normal/arm64/Paperloft\ Receipts.LinkFileList (in target 'PaperloftApp' from project 'Paperloft')
    cd /Users/builder/Factory/paperloft/evidence/checkouts/p3-7cd0f79
    write-file /Users/builder/Factory/paperloft/evidence/checkouts/p3-7cd0f79/build/DerivedData/Build/Intermediates.noindex/Paperloft.build/Release/PaperloftApp.build/Objects-normal/arm64/Paperloft\ Receipts.LinkFileList

WriteAuxiliaryFile /Users/builder/Factory/paperloft/evidence/checkouts/p3-7cd0f79/build/DerivedData/Build/Intermediates.noindex/Paperloft.build/Release/PaperloftApp.build/DerivedSources/Entitlements.plist (in target 'PaperloftApp' from project 'Paperloft')
    cd /Users/builder/Factory/paperloft/evidence/checkouts/p3-7cd0f79
    write-file /Users/builder/Factory/paperloft/evidence/checkouts/p3-7cd0f79/build/DerivedData/Build/Intermediates.noindex/Paperloft.build/Release/PaperloftApp.build/DerivedSources/Entitlements.plist

MkDir /Users/builder/Factory/paperloft/evidence/checkouts/p3-7cd0f79/build/DerivedData/Build/Products/Release/PaperloftShare.appex/Contents/MacOS (in target 'PaperloftShare' from project 'Paperloft')
    cd /Users/builder/Factory/paperloft/evidence/checkouts/p3-7cd0f79
    /bin/mkdir -p /Users/builder/Factory/paperloft/evidence/checkouts/p3-7cd0f79/build/DerivedData/Build/Products/Release/PaperloftShare.appex/Contents/MacOS

MkDir /Users/builder/Factory/paperloft/evidence/checkouts/p3-7cd0f79/build/DerivedData/Build/Products/Release/PaperloftShare.appex/Contents/Resources (in target 'PaperloftShare' from project 'Paperloft')
    cd /Users/builder/Factory/paperloft/evidence/checkouts/p3-7cd0f79
    /bin/mkdir -p /Users/builder/Factory/paperloft/evidence/checkouts/p3-7cd0f79/build/DerivedData/Build/Products/Release/PaperloftShare.appex/Contents/Resources

MkDir /Users/builder/Factory/paperloft/evidence/checkouts/p3-7cd0f79/build/DerivedData/Build/Products/Release/PaperloftShare.appex/Contents (in target 'PaperloftShare' from project 'Paperloft')
    cd /Users/builder/Factory/paperloft/evidence/checkouts/p3-7cd0f79
    /bin/mkdir -p /Users/builder/Factory/paperloft/evidence/checkouts/p3-7cd0f79/build/DerivedData/Build/Products/Release/PaperloftShare.appex/Contents

MkDir /Users/builder/Factory/paperloft/evidence/checkouts/p3-7cd0f79/build/DerivedData/Build/Products/Release/PaperloftShare.appex (in target 'PaperloftShare' from project 'Paperloft')
    cd /Users/builder/Factory/paperloft/evidence/checkouts/p3-7cd0f79
    /bin/mkdir -p /Users/builder/Factory/paperloft/evidence/checkouts/p3-7cd0f79/build/DerivedData/Build/Products/Release/PaperloftShare.appex

MkDir /Users/builder/Factory/paperloft/evidence/checkouts/p3-7cd0f79/build/DerivedData/Build/Products/Release/Paperloft\ Receipts.app/Contents/MacOS (in target 'PaperloftApp' from project 'Paperloft')
    cd /Users/builder/Factory/paperloft/evidence/checkouts/p3-7cd0f79
    /bin/mkdir -p /Users/builder/Factory/paperloft/evidence/checkouts/p3-7cd0f79/build/DerivedData/Build/Products/Release/Paperloft\ Receipts.app/Contents/MacOS

MkDir /Users/builder/Factory/paperloft/evidence/checkouts/p3-7cd0f79/build/DerivedData/Build/Products/Release/Paperloft\ Receipts.app/Contents/Resources (in target 'PaperloftApp' from project 'Paperloft')
    cd /Users/builder/Factory/paperloft/evidence/checkouts/p3-7cd0f79
    /bin/mkdir -p /Users/builder/Factory/paperloft/evidence/checkouts/p3-7cd0f79/build/DerivedData/Build/Products/Release/Paperloft\ Receipts.app/Contents/Resources

MkDir /Users/builder/Factory/paperloft/evidence/checkouts/p3-7cd0f79/build/DerivedData/Build/Products/Release/Paperloft\ Receipts.app/Contents/PlugIns (in target 'PaperloftApp' from project 'Paperloft')
    cd /Users/builder/Factory/paperloft/evidence/checkouts/p3-7cd0f79
    /bin/mkdir -p /Users/builder/Factory/paperloft/evidence/checkouts/p3-7cd0f79/build/DerivedData/Build/Products/Release/Paperloft\ Receipts.app/Contents/PlugIns

MkDir /Users/builder/Factory/paperloft/evidence/checkouts/p3-7cd0f79/build/DerivedData/Build/Products/Release/Paperloft\ Receipts.app/Contents (in target 'PaperloftApp' from project 'Paperloft')
    cd /Users/builder/Factory/paperloft/evidence/checkouts/p3-7cd0f79
    /bin/mkdir -p /Users/builder/Factory/paperloft/evidence/checkouts/p3-7cd0f79/build/DerivedData/Build/Products/Release/Paperloft\ Receipts.app/Contents

MkDir /Users/builder/Factory/paperloft/evidence/checkouts/p3-7cd0f79/build/DerivedData/Build/Products/Release/Paperloft\ Receipts.app (in target 'PaperloftApp' from project 'Paperloft')
    cd /Users/builder/Factory/paperloft/evidence/checkouts/p3-7cd0f79
    /bin/mkdir -p /Users/builder/Factory/paperloft/evidence/checkouts/p3-7cd0f79/build/DerivedData/Build/Products/Release/Paperloft\ Receipts.app

SwiftDriver PaperloftKit normal arm64 com.apple.xcode.tools.swift.compiler (in target 'PaperloftKit' from project 'PaperloftKit')
    cd /Users/builder/Factory/paperloft/evidence/checkouts/p3-7cd0f79/Paperloft.xcodeproj
    builtin-SwiftDriver -- /Applications/Xcode.app/Contents/Developer/Toolchains/XcodeDefault.xctoolchain/usr/bin/swiftc -parse-as-library -module-name PaperloftKit -O -whole-module-optimization @/Users/builder/Factory/paperloft/evidence/checkouts/p3-7cd0f79/build/DerivedData/Build/Intermediates.noindex/PaperloftKit.build/Release/PaperloftKit-t.build/Objects-normal/arm64/PaperloftKit.SwiftFileList -DSWIFT_PACKAGE -DSWIFT_MODULE_RESOURCE_BUNDLE_UNAVAILABLE -DXcode -plugin-path /Applications/Xcode.app/Contents/Developer/Toolchains/XcodeDefault.xctoolchain/usr/lib/swift/host/plugins/testing -enable-experimental-feature DebugDescriptionMacro -sdk /Applications/Xcode.app/Contents/Developer/Platforms/MacOSX.platform/Developer/SDKs/MacOSX27.0.sdk -target arm64-apple-macos27.0 -g -module-cache-path /Users/builder/Factory/paperloft/evidence/checkouts/p3-7cd0f79/build/DerivedData/ModuleCache.noindex -Xfrontend -serialize-debugging-options -profile-coverage-mapping -profile-generate -warnings-as-errors -swift-version 6 -I /Users/builder/Factory/paperloft/evidence/checkouts/p3-7cd0f79/build/DerivedData/Build/Products/Release -Isystem /Applications/Xcode.app/Contents/Developer/Platforms/MacOSX.platform/Developer/usr/lib -F /Users/builder/Factory/paperloft/evidence/checkouts/p3-7cd0f79/build/DerivedData/Build/Products/Release -F /Applications/Xcode.app/Contents/Developer/Platforms/MacOSX.platform/Developer/Library/Frameworks -c -num-threads 10 -Xcc -ivfsstatcache -Xcc /Users/builder/Factory/paperloft/evidence/checkouts/p3-7cd0f79/build/DerivedData/SDKStatCaches.noindex/macosx27.0-26A425-7231f6df4def33e022ae2eb8f782df1a.sdkstatcache -output-file-map /Users/builder/Factory/paperloft/evidence/checkouts/p3-7cd0f79/build/DerivedData/Build/Intermediates.noindex/PaperloftKit.build/Release/PaperloftKit-t.build/Objects-normal/arm64/PaperloftKit-OutputFileMap.json -save-temps -no-color-diagnostics -explicit-module-build -module-cache-path /Users/builder/Factory/paperloft/evidence/checkouts/p3-7cd0f79/build/DerivedData/Build/Intermediates.noindex/SwiftExplicitPrecompiledModules -clang-scanner-module-cache-path /Users/builder/Factory/paperloft/evidence/checkouts/p3-7cd0f79/build/DerivedData/ModuleCache.noindex -sdk-module-cache-path /Users/builder/Factory/paperloft/evidence/checkouts/p3-7cd0f79/build/DerivedData/SDKExplicitPrecompiledModules -emit-dependencies -emit-module -emit-module-path /Users/builder/Factory/paperloft/evidence/checkouts/p3-7cd0f79/build/DerivedData/Build/Intermediates.noindex/PaperloftKit.build/Release/PaperloftKit-t.build/Objects-normal/arm64/PaperloftKit.swiftmodule -serialize-diagnostics -dependency-scan-serialize-diagnostics-path /Users/builder/Factory/paperloft/evidence/checkouts/p3-7cd0f79/build/DerivedData/Build/Intermediates.noindex/PaperloftKit.build/Release/PaperloftKit-t.build/Objects-normal/arm64/PaperloftKit-dependency-scan.dia -validate-clang-modules-once -clang-build-session-file /Users/builder/Factory/paperloft/evidence/checkouts/p3-7cd0f79/build/DerivedData/ModuleCache.noindex/Session.modulevalidation -Xcc -fmodules-prune-interval\=86400 -Xcc -fmodules-prune-after\=345600 -package-name paperloftkit -emit-const-values -const-gather-protocols-list /Users/builder/Factory/paperloft/evidence/checkouts/p3-7cd0f79/build/DerivedData/Build/Intermediates.noindex/PaperloftKit.build/Release/PaperloftKit-t.build/Objects-normal/arm64/PaperloftKit_const_extract_protocols.json -Xcc -I/Users/builder/Factory/paperloft/evidence/checkouts/p3-7cd0f79/build/DerivedData/Build/Products/Release/include -Xcc -I/Users/builder/Factory/paperloft/evidence/checkouts/p3-7cd0f79/build/DerivedData/Build/Intermediates.noindex/PaperloftKit.build/Release/PaperloftKit-t.build/DerivedSources-normal/arm64 -Xcc -I/Users/builder/Factory/paperloft/evidence/checkouts/p3-7cd0f79/build/DerivedData/Build/Intermediates.noindex/PaperloftKit.build/Release/PaperloftKit-t.build/DerivedSources/arm64 -Xcc -I/Users/builder/Factory/paperloft/evidence/checkouts/p3-7cd0f79/build/DerivedData/Build/Intermediates.noindex/PaperloftKit.build/Release/PaperloftKit-t.build/DerivedSources -Xcc -DSWIFT_PACKAGE -emit-objc-header -emit-objc-header-path /Users/builder/Factory/paperloft/evidence/checkouts/p3-7cd0f79/build/DerivedData/Build/Intermediates.noindex/PaperloftKit.build/Release/PaperloftKit-t.build/Objects-normal/arm64/PaperloftKit-Swift.h -working-directory /Users/builder/Factory/paperloft/evidence/checkouts/p3-7cd0f79/Paperloft.xcodeproj -no-emit-module-separately-wmo

SwiftDriver PaperloftHandoff normal arm64 com.apple.xcode.tools.swift.compiler (in target 'PaperloftHandoff' from project 'PaperloftHandoff')
    cd /Users/builder/Factory/paperloft/evidence/checkouts/p3-7cd0f79/Paperloft.xcodeproj
    builtin-SwiftDriver -- /Applications/Xcode.app/Contents/Developer/Toolchains/XcodeDefault.xctoolchain/usr/bin/swiftc -parse-as-library -module-name PaperloftHandoff -O -whole-module-optimization @/Users/builder/Factory/paperloft/evidence/checkouts/p3-7cd0f79/build/DerivedData/Build/Intermediates.noindex/PaperloftHandoff.build/Release/PaperloftHandoff-t.build/Objects-normal/arm64/PaperloftHandoff.SwiftFileList -DSWIFT_PACKAGE -DSWIFT_MODULE_RESOURCE_BUNDLE_UNAVAILABLE -DXcode -plugin-path /Applications/Xcode.app/Contents/Developer/Toolchains/XcodeDefault.xctoolchain/usr/lib/swift/host/plugins/testing -enable-experimental-feature DebugDescriptionMacro -sdk /Applications/Xcode.app/Contents/Developer/Platforms/MacOSX.platform/Developer/SDKs/MacOSX27.0.sdk -target arm64-apple-macos13.0 -g -module-cache-path /Users/builder/Factory/paperloft/evidence/checkouts/p3-7cd0f79/build/DerivedData/ModuleCache.noindex -Xfrontend -serialize-debugging-options -profile-coverage-mapping -profile-generate -warnings-as-errors -swift-version 6 -I /Users/builder/Factory/paperloft/evidence/checkouts/p3-7cd0f79/build/DerivedData/Build/Products/Release -Isystem /Applications/Xcode.app/Contents/Developer/Platforms/MacOSX.platform/Developer/usr/lib -F /Users/builder/Factory/paperloft/evidence/checkouts/p3-7cd0f79/build/DerivedData/Build/Products/Release -F /Applications/Xcode.app/Contents/Developer/Platforms/MacOSX.platform/Developer/Library/Frameworks -c -num-threads 10 -Xcc -ivfsstatcache -Xcc /Users/builder/Factory/paperloft/evidence/checkouts/p3-7cd0f79/build/DerivedData/SDKStatCaches.noindex/macosx27.0-26A425-7231f6df4def33e022ae2eb8f782df1a.sdkstatcache -output-file-map /Users/builder/Factory/paperloft/evidence/checkouts/p3-7cd0f79/build/DerivedData/Build/Intermediates.noindex/PaperloftHandoff.build/Release/PaperloftHandoff-t.build/Objects-normal/arm64/PaperloftHandoff-OutputFileMap.json -save-temps -no-color-diagnostics -explicit-module-build -module-cache-path /Users/builder/Factory/paperloft/evidence/checkouts/p3-7cd0f79/build/DerivedData/Build/Intermediates.noindex/SwiftExplicitPrecompiledModules -clang-scanner-module-cache-path /Users/builder/Factory/paperloft/evidence/checkouts/p3-7cd0f79/build/DerivedData/ModuleCache.noindex -sdk-module-cache-path /Users/builder/Factory/paperloft/evidence/checkouts/p3-7cd0f79/build/DerivedData/SDKExplicitPrecompiledModules -emit-dependencies -emit-module -emit-module-path /Users/builder/Factory/paperloft/evidence/checkouts/p3-7cd0f79/build/DerivedData/Build/Intermediates.noindex/PaperloftHandoff.build/Release/PaperloftHandoff-t.build/Objects-normal/arm64/PaperloftHandoff.swiftmodule -serialize-diagnostics -dependency-scan-serialize-diagnostics-path /Users/builder/Factory/paperloft/evidence/checkouts/p3-7cd0f79/build/DerivedData/Build/Intermediates.noindex/PaperloftHandoff.build/Release/PaperloftHandoff-t.build/Objects-normal/arm64/PaperloftHandoff-dependency-scan.dia -validate-clang-modules-once -clang-build-session-file /Users/builder/Factory/paperloft/evidence/checkouts/p3-7cd0f79/build/DerivedData/ModuleCache.noindex/Session.modulevalidation -Xcc -fmodules-prune-interval\=86400 -Xcc -fmodules-prune-after\=345600 -package-name paperlofthandoff -emit-const-values -const-gather-protocols-list /Users/builder/Factory/paperloft/evidence/checkouts/p3-7cd0f79/build/DerivedData/Build/Intermediates.noindex/PaperloftHandoff.build/Release/PaperloftHandoff-t.build/Objects-normal/arm64/PaperloftHandoff_const_extract_protocols.json -Xcc -I/Users/builder/Factory/paperloft/evidence/checkouts/p3-7cd0f79/build/DerivedData/Build/Products/Release/include -Xcc -I/Users/builder/Factory/paperloft/evidence/checkouts/p3-7cd0f79/build/DerivedData/Build/Intermediates.noindex/PaperloftHandoff.build/Release/PaperloftHandoff-t.build/DerivedSources-normal/arm64 -Xcc -I/Users/builder/Factory/paperloft/evidence/checkouts/p3-7cd0f79/build/DerivedData/Build/Intermediates.noindex/PaperloftHandoff.build/Release/PaperloftHandoff-t.build/DerivedSources/arm64 -Xcc -I/Users/builder/Factory/paperloft/evidence/checkouts/p3-7cd0f79/build/DerivedData/Build/Intermediates.noindex/PaperloftHandoff.build/Release/PaperloftHandoff-t.build/DerivedSources -Xcc -DSWIFT_PACKAGE -emit-objc-header -emit-objc-header-path /Users/builder/Factory/paperloft/evidence/checkouts/p3-7cd0f79/build/DerivedData/Build/Intermediates.noindex/PaperloftHandoff.build/Release/PaperloftHandoff-t.build/Objects-normal/arm64/PaperloftHandoff-Swift.h -working-directory /Users/builder/Factory/paperloft/evidence/checkouts/p3-7cd0f79/Paperloft.xcodeproj -no-emit-module-separately-wmo

SwiftDriver PaperloftHandoff normal x86_64 com.apple.xcode.tools.swift.compiler (in target 'PaperloftHandoff' from project 'PaperloftHandoff')
    cd /Users/builder/Factory/paperloft/evidence/checkouts/p3-7cd0f79/Paperloft.xcodeproj
    builtin-SwiftDriver -- /Applications/Xcode.app/Contents/Developer/Toolchains/XcodeDefault.xctoolchain/usr/bin/swiftc -parse-as-library -module-name PaperloftHandoff -O -whole-module-optimization @/Users/builder/Factory/paperloft/evidence/checkouts/p3-7cd0f79/build/DerivedData/Build/Intermediates.noindex/PaperloftHandoff.build/Release/PaperloftHandoff-t.build/Objects-normal/x86_64/PaperloftHandoff.SwiftFileList -DSWIFT_PACKAGE -DSWIFT_MODULE_RESOURCE_BUNDLE_UNAVAILABLE -DXcode -plugin-path /Applications/Xcode.app/Contents/Developer/Toolchains/XcodeDefault.xctoolchain/usr/lib/swift/host/plugins/testing -enable-experimental-feature DebugDescriptionMacro -sdk /Applications/Xcode.app/Contents/Developer/Platforms/MacOSX.platform/Developer/SDKs/MacOSX27.0.sdk -target x86_64-apple-macos13.0 -g -module-cache-path /Users/builder/Factory/paperloft/evidence/checkouts/p3-7cd0f79/build/DerivedData/ModuleCache.noindex -Xfrontend -serialize-debugging-options -profile-coverage-mapping -profile-generate -warnings-as-errors -swift-version 6 -I /Users/builder/Factory/paperloft/evidence/checkouts/p3-7cd0f79/build/DerivedData/Build/Products/Release -Isystem /Applications/Xcode.app/Contents/Developer/Platforms/MacOSX.platform/Developer/usr/lib -F /Users/builder/Factory/paperloft/evidence/checkouts/p3-7cd0f79/build/DerivedData/Build/Products/Release -F /Applications/Xcode.app/Contents/Developer/Platforms/MacOSX.platform/Developer/Library/Frameworks -c -num-threads 10 -Xcc -ivfsstatcache -Xcc /Users/builder/Factory/paperloft/evidence/checkouts/p3-7cd0f79/build/DerivedData/SDKStatCaches.noindex/macosx27.0-26A425-7231f6df4def33e022ae2eb8f782df1a.sdkstatcache -output-file-map /Users/builder/Factory/paperloft/evidence/checkouts/p3-7cd0f79/build/DerivedData/Build/Intermediates.noindex/PaperloftHandoff.build/Release/PaperloftHandoff-t.build/Objects-normal/x86_64/PaperloftHandoff-OutputFileMap.json -save-temps -no-color-diagnostics -explicit-module-build -module-cache-path /Users/builder/Factory/paperloft/evidence/checkouts/p3-7cd0f79/build/DerivedData/Build/Intermediates.noindex/SwiftExplicitPrecompiledModules -clang-scanner-module-cache-path /Users/builder/Factory/paperloft/evidence/checkouts/p3-7cd0f79/build/DerivedData/ModuleCache.noindex -sdk-module-cache-path /Users/builder/Factory/paperloft/evidence/checkouts/p3-7cd0f79/build/DerivedData/SDKExplicitPrecompiledModules -emit-dependencies -emit-module -emit-module-path /Users/builder/Factory/paperloft/evidence/checkouts/p3-7cd0f79/build/DerivedData/Build/Intermediates.noindex/PaperloftHandoff.build/Release/PaperloftHandoff-t.build/Objects-normal/x86_64/PaperloftHandoff.swiftmodule -serialize-diagnostics -dependency-scan-serialize-diagnostics-path /Users/builder/Factory/paperloft/evidence/checkouts/p3-7cd0f79/build/DerivedData/Build/Intermediates.noindex/PaperloftHandoff.build/Release/PaperloftHandoff-t.build/Objects-normal/x86_64/PaperloftHandoff-dependency-scan.dia -validate-clang-modules-once -clang-build-session-file /Users/builder/Factory/paperloft/evidence/checkouts/p3-7cd0f79/build/DerivedData/ModuleCache.noindex/Session.modulevalidation -Xcc -fmodules-prune-interval\=86400 -Xcc -fmodules-prune-after\=345600 -package-name paperlofthandoff -emit-const-values -const-gather-protocols-list /Users/builder/Factory/paperloft/evidence/checkouts/p3-7cd0f79/build/DerivedData/Build/Intermediates.noindex/PaperloftHandoff.build/Release/PaperloftHandoff-t.build/Objects-normal/x86_64/PaperloftHandoff_const_extract_protocols.json -Xcc -I/Users/builder/Factory/paperloft/evidence/checkouts/p3-7cd0f79/build/DerivedData/Build/Products/Release/include -Xcc -I/Users/builder/Factory/paperloft/evidence/checkouts/p3-7cd0f79/build/DerivedData/Build/Intermediates.noindex/PaperloftHandoff.build/Release/PaperloftHandoff-t.build/DerivedSources-normal/x86_64 -Xcc -I/Users/builder/Factory/paperloft/evidence/checkouts/p3-7cd0f79/build/DerivedData/Build/Intermediates.noindex/PaperloftHandoff.build/Release/PaperloftHandoff-t.build/DerivedSources/x86_64 -Xcc -I/Users/builder/Factory/paperloft/evidence/checkouts/p3-7cd0f79/build/DerivedData/Build/Intermediates.noindex/PaperloftHandoff.build/Release/PaperloftHandoff-t.build/DerivedSources -Xcc -DSWIFT_PACKAGE -emit-objc-header -emit-objc-header-path /Users/builder/Factory/paperloft/evidence/checkouts/p3-7cd0f79/build/DerivedData/Build/Intermediates.noindex/PaperloftHandoff.build/Release/PaperloftHandoff-t.build/Objects-normal/x86_64/PaperloftHandoff-Swift.h -working-directory /Users/builder/Factory/paperloft/evidence/checkouts/p3-7cd0f79/Paperloft.xcodeproj -no-emit-module-separately-wmo

SwiftDriver\ Compilation PaperloftHandoff normal arm64 com.apple.xcode.tools.swift.compiler (in target 'PaperloftHandoff' from project 'PaperloftHandoff')
    cd /Users/builder/Factory/paperloft/evidence/checkouts/p3-7cd0f79/Paperloft.xcodeproj
    builtin-Swift-Compilation -- /Applications/Xcode.app/Contents/Developer/Toolchains/XcodeDefault.xctoolchain/usr/bin/swiftc -parse-as-library -module-name PaperloftHandoff -O -whole-module-optimization @/Users/builder/Factory/paperloft/evidence/checkouts/p3-7cd0f79/build/DerivedData/Build/Intermediates.noindex/PaperloftHandoff.build/Release/PaperloftHandoff-t.build/Objects-normal/arm64/PaperloftHandoff.SwiftFileList -DSWIFT_PACKAGE -DSWIFT_MODULE_RESOURCE_BUNDLE_UNAVAILABLE -DXcode -plugin-path /Applications/Xcode.app/Contents/Developer/Toolchains/XcodeDefault.xctoolchain/usr/lib/swift/host/plugins/testing -enable-experimental-feature DebugDescriptionMacro -sdk /Applications/Xcode.app/Contents/Developer/Platforms/MacOSX.platform/Developer/SDKs/MacOSX27.0.sdk -target arm64-apple-macos13.0 -g -module-cache-path /Users/builder/Factory/paperloft/evidence/checkouts/p3-7cd0f79/build/DerivedData/ModuleCache.noindex -Xfrontend -serialize-debugging-options -profile-coverage-mapping -profile-generate -warnings-as-errors -swift-version 6 -I /Users/builder/Factory/paperloft/evidence/checkouts/p3-7cd0f79/build/DerivedData/Build/Products/Release -Isystem /Applications/Xcode.app/Contents/Developer/Platforms/MacOSX.platform/Developer/usr/lib -F /Users/builder/Factory/paperloft/evidence/checkouts/p3-7cd0f79/build/DerivedData/Build/Products/Release -F /Applications/Xcode.app/Contents/Developer/Platforms/MacOSX.platform/Developer/Library/Frameworks -c -num-threads 10 -Xcc -ivfsstatcache -Xcc /Users/builder/Factory/paperloft/evidence/checkouts/p3-7cd0f79/build/DerivedData/SDKStatCaches.noindex/macosx27.0-26A425-7231f6df4def33e022ae2eb8f782df1a.sdkstatcache -output-file-map /Users/builder/Factory/paperloft/evidence/checkouts/p3-7cd0f79/build/DerivedData/Build/Intermediates.noindex/PaperloftHandoff.build/Release/PaperloftHandoff-t.build/Objects-normal/arm64/PaperloftHandoff-OutputFileMap.json -save-temps -no-color-diagnostics -explicit-module-build -module-cache-path /Users/builder/Factory/paperloft/evidence/checkouts/p3-7cd0f79/build/DerivedData/Build/Intermediates.noindex/SwiftExplicitPrecompiledModules -clang-scanner-module-cache-path /Users/builder/Factory/paperloft/evidence/checkouts/p3-7cd0f79/build/DerivedData/ModuleCache.noindex -sdk-module-cache-path /Users/builder/Factory/paperloft/evidence/checkouts/p3-7cd0f79/build/DerivedData/SDKExplicitPrecompiledModules -emit-dependencies -emit-module -emit-module-path /Users/builder/Factory/paperloft/evidence/checkouts/p3-7cd0f79/build/DerivedData/Build/Intermediates.noindex/PaperloftHandoff.build/Release/PaperloftHandoff-t.build/Objects-normal/arm64/PaperloftHandoff.swiftmodule -serialize-diagnostics -dependency-scan-serialize-diagnostics-path /Users/builder/Factory/paperloft/evidence/checkouts/p3-7cd0f79/build/DerivedData/Build/Intermediates.noindex/PaperloftHandoff.build/Release/PaperloftHandoff-t.build/Objects-normal/arm64/PaperloftHandoff-dependency-scan.dia -validate-clang-modules-once -clang-build-session-file /Users/builder/Factory/paperloft/evidence/checkouts/p3-7cd0f79/build/DerivedData/ModuleCache.noindex/Session.modulevalidation -Xcc -fmodules-prune-interval\=86400 -Xcc -fmodules-prune-after\=345600 -package-name paperlofthandoff -emit-const-values -const-gather-protocols-list /Users/builder/Factory/paperloft/evidence/checkouts/p3-7cd0f79/build/DerivedData/Build/Intermediates.noindex/PaperloftHandoff.build/Release/PaperloftHandoff-t.build/Objects-normal/arm64/PaperloftHandoff_const_extract_protocols.json -Xcc -I/Users/builder/Factory/paperloft/evidence/checkouts/p3-7cd0f79/build/DerivedData/Build/Products/Release/include -Xcc -I/Users/builder/Factory/paperloft/evidence/checkouts/p3-7cd0f79/build/DerivedData/Build/Intermediates.noindex/PaperloftHandoff.build/Release/PaperloftHandoff-t.build/DerivedSources-normal/arm64 -Xcc -I/Users/builder/Factory/paperloft/evidence/checkouts/p3-7cd0f79/build/DerivedData/Build/Intermediates.noindex/PaperloftHandoff.build/Release/PaperloftHandoff-t.build/DerivedSources/arm64 -Xcc -I/Users/builder/Factory/paperloft/evidence/checkouts/p3-7cd0f79/build/DerivedData/Build/Intermediates.noindex/PaperloftHandoff.build/Release/PaperloftHandoff-t.build/DerivedSources -Xcc -DSWIFT_PACKAGE -emit-objc-header -emit-objc-header-path /Users/builder/Factory/paperloft/evidence/checkouts/p3-7cd0f79/build/DerivedData/Build/Intermediates.noindex/PaperloftHandoff.build/Release/PaperloftHandoff-t.build/Objects-normal/arm64/PaperloftHandoff-Swift.h -working-directory /Users/builder/Factory/paperloft/evidence/checkouts/p3-7cd0f79/Paperloft.xcodeproj -no-emit-module-separately-wmo

SwiftExplicitDependencyGeneratePcm arm64 /Users/builder/Factory/paperloft/evidence/checkouts/p3-7cd0f79/build/DerivedData/SDKExplicitPrecompiledModules/_SwiftConcurrencyShims-1PL4X6DOC5LJ2HU22L9Z6GV6O.pcm

SwiftExplicitDependencyGeneratePcm arm64 /Users/builder/Factory/paperloft/evidence/checkouts/p3-7cd0f79/build/DerivedData/SDKExplicitPrecompiledModules/_Builtin_stddef-E9MD5XWNI9OQNCNIUPLF5TB1V.pcm

SwiftExplicitDependencyGeneratePcm arm64 /Users/builder/Factory/paperloft/evidence/checkouts/p3-7cd0f79/build/DerivedData/SDKExplicitPrecompiledModules/_Builtin_stdbool-E43Z7799EBWB55A86TCQ393UA.pcm

SwiftExplicitDependencyGeneratePcm arm64 /Users/builder/Factory/paperloft/evidence/checkouts/p3-7cd0f79/build/DerivedData/SDKExplicitPrecompiledModules/_Builtin_stdarg-1X8M6A41F8BSU98GTCD750ZPS.pcm

SwiftExplicitDependencyGeneratePcm arm64 /Users/builder/Factory/paperloft/evidence/checkouts/p3-7cd0f79/build/DerivedData/SDKExplicitPrecompiledModules/ptrcheck-W58GPGO90IVY5GYZ74TCEAZV.pcm

SwiftExplicitDependencyGeneratePcm arm64 /Users/builder/Factory/paperloft/evidence/checkouts/p3-7cd0f79/build/DerivedData/SDKExplicitPrecompiledModules/SwiftShims-7FYRK3ANTH1WDANEMLEWR94XR.pcm

SwiftExplicitDependencyGeneratePcm arm64 /Users/builder/Factory/paperloft/evidence/checkouts/p3-7cd0f79/build/DerivedData/SDKExplicitPrecompiledModules/_Builtin_float-46OVO7DL0SNQPCG9H1VVA3NAH.pcm

SwiftExplicitDependencyGeneratePcm arm64 /Users/builder/Factory/paperloft/evidence/checkouts/p3-7cd0f79/build/DerivedData/SDKExplicitPrecompiledModules/ptrauth-TC8FMDYRTX5WUYP8MSDS48BJ.pcm

SwiftExplicitDependencyGeneratePcm arm64 /Users/builder/Factory/paperloft/evidence/checkouts/p3-7cd0f79/build/DerivedData/SDKExplicitPrecompiledModules/_AvailabilityInternal-EM6JRE38Y8D6J8PV71I5GD7SF.pcm

SwiftExplicitDependencyGeneratePcm x86_64 /Users/builder/Factory/paperloft/evidence/checkouts/p3-7cd0f79/build/DerivedData/SDKExplicitPrecompiledModules/_Builtin_stddef-CK1S8HCPM2OY9O7RZU3IHLEL5.pcm

SwiftExplicitDependencyGeneratePcm x86_64 /Users/builder/Factory/paperloft/evidence/checkouts/p3-7cd0f79/build/DerivedData/SDKExplicitPrecompiledModules/_AvailabilityInternal-B2T11VUQONBM0HZJG96IBNAB5.pcm

SwiftExplicitDependencyGeneratePcm x86_64 /Users/builder/Factory/paperloft/evidence/checkouts/p3-7cd0f79/build/DerivedData/SDKExplicitPrecompiledModules/_Builtin_stdbool-1CORQDW57M1ZBNKNW3D90Y0G2.pcm

SwiftExplicitDependencyGeneratePcm x86_64 /Users/builder/Factory/paperloft/evidence/checkouts/p3-7cd0f79/build/DerivedData/SDKExplicitPrecompiledModules/SwiftShims-ACV69481P4PETJ9WEOHEDED7Q.pcm

SwiftExplicitDependencyGeneratePcm x86_64 /Users/builder/Factory/paperloft/evidence/checkouts/p3-7cd0f79/build/DerivedData/SDKExplicitPrecompiledModules/_SwiftConcurrencyShims-3RD6S1FEQOEUHLNXQ7YHN9RB1.pcm

SwiftExplicitDependencyGeneratePcm x86_64 /Users/builder/Factory/paperloft/evidence/checkouts/p3-7cd0f79/build/DerivedData/SDKExplicitPrecompiledModules/_Builtin_float-BUV0WY75DI1ZNRFCLZXZOFYQ6.pcm

SwiftExplicitDependencyGeneratePcm x86_64 /Users/builder/Factory/paperloft/evidence/checkouts/p3-7cd0f79/build/DerivedData/SDKExplicitPrecompiledModules/ptrauth-8ZFMNEK197HYVUN9J8EDCP69.pcm

SwiftExplicitDependencyGeneratePcm x86_64 /Users/builder/Factory/paperloft/evidence/checkouts/p3-7cd0f79/build/DerivedData/SDKExplicitPrecompiledModules/_Builtin_stdarg-EJ31QCGU23SPN30XORE99YM59.pcm

SwiftExplicitDependencyGeneratePcm x86_64 /Users/builder/Factory/paperloft/evidence/checkouts/p3-7cd0f79/build/DerivedData/SDKExplicitPrecompiledModules/ptrcheck-5ILZSFS5T9IKE2Q9ST0Q2B5S9.pcm

SwiftExplicitDependencyGeneratePcm arm64 /Users/builder/Factory/paperloft/evidence/checkouts/p3-7cd0f79/build/DerivedData/SDKExplicitPrecompiledModules/_DarwinFoundation1-C39F8WMCASWUI5ANL2CHHR12X.pcm

SwiftDriver\ Compilation PaperloftHandoff normal x86_64 com.apple.xcode.tools.swift.compiler (in target 'PaperloftHandoff' from project 'PaperloftHandoff')
    cd /Users/builder/Factory/paperloft/evidence/checkouts/p3-7cd0f79/Paperloft.xcodeproj
    builtin-Swift-Compilation -- /Applications/Xcode.app/Contents/Developer/Toolchains/XcodeDefault.xctoolchain/usr/bin/swiftc -parse-as-library -module-name PaperloftHandoff -O -whole-module-optimization @/Users/builder/Factory/paperloft/evidence/checkouts/p3-7cd0f79/build/DerivedData/Build/Intermediates.noindex/PaperloftHandoff.build/Release/PaperloftHandoff-t.build/Objects-normal/x86_64/PaperloftHandoff.SwiftFileList -DSWIFT_PACKAGE -DSWIFT_MODULE_RESOURCE_BUNDLE_UNAVAILABLE -DXcode -plugin-path /Applications/Xcode.app/Contents/Developer/Toolchains/XcodeDefault.xctoolchain/usr/lib/swift/host/plugins/testing -enable-experimental-feature DebugDescriptionMacro -sdk /Applications/Xcode.app/Contents/Developer/Platforms/MacOSX.platform/Developer/SDKs/MacOSX27.0.sdk -target x86_64-apple-macos13.0 -g -module-cache-path /Users/builder/Factory/paperloft/evidence/checkouts/p3-7cd0f79/build/DerivedData/ModuleCache.noindex -Xfrontend -serialize-debugging-options -profile-coverage-mapping -profile-generate -warnings-as-errors -swift-version 6 -I /Users/builder/Factory/paperloft/evidence/checkouts/p3-7cd0f79/build/DerivedData/Build/Products/Release -Isystem /Applications/Xcode.app/Contents/Developer/Platforms/MacOSX.platform/Developer/usr/lib -F /Users/builder/Factory/paperloft/evidence/checkouts/p3-7cd0f79/build/DerivedData/Build/Products/Release -F /Applications/Xcode.app/Contents/Developer/Platforms/MacOSX.platform/Developer/Library/Frameworks -c -num-threads 10 -Xcc -ivfsstatcache -Xcc /Users/builder/Factory/paperloft/evidence/checkouts/p3-7cd0f79/build/DerivedData/SDKStatCaches.noindex/macosx27.0-26A425-7231f6df4def33e022ae2eb8f782df1a.sdkstatcache -output-file-map /Users/builder/Factory/paperloft/evidence/checkouts/p3-7cd0f79/build/DerivedData/Build/Intermediates.noindex/PaperloftHandoff.build/Release/PaperloftHandoff-t.build/Objects-normal/x86_64/PaperloftHandoff-OutputFileMap.json -save-temps -no-color-diagnostics -explicit-module-build -module-cache-path /Users/builder/Factory/paperloft/evidence/checkouts/p3-7cd0f79/build/DerivedData/Build/Intermediates.noindex/SwiftExplicitPrecompiledModules -clang-scanner-module-cache-path /Users/builder/Factory/paperloft/evidence/checkouts/p3-7cd0f79/build/DerivedData/ModuleCache.noindex -sdk-module-cache-path /Users/builder/Factory/paperloft/evidence/checkouts/p3-7cd0f79/build/DerivedData/SDKExplicitPrecompiledModules -emit-dependencies -emit-module -emit-module-path /Users/builder/Factory/paperloft/evidence/checkouts/p3-7cd0f79/build/DerivedData/Build/Intermediates.noindex/PaperloftHandoff.build/Release/PaperloftHandoff-t.build/Objects-normal/x86_64/PaperloftHandoff.swiftmodule -serialize-diagnostics -dependency-scan-serialize-diagnostics-path /Users/builder/Factory/paperloft/evidence/checkouts/p3-7cd0f79/build/DerivedData/Build/Intermediates.noindex/PaperloftHandoff.build/Release/PaperloftHandoff-t.build/Objects-normal/x86_64/PaperloftHandoff-dependency-scan.dia -validate-clang-modules-once -clang-build-session-file /Users/builder/Factory/paperloft/evidence/checkouts/p3-7cd0f79/build/DerivedData/ModuleCache.noindex/Session.modulevalidation -Xcc -fmodules-prune-interval\=86400 -Xcc -fmodules-prune-after\=345600 -package-name paperlofthandoff -emit-const-values -const-gather-protocols-list /Users/builder/Factory/paperloft/evidence/checkouts/p3-7cd0f79/build/DerivedData/Build/Intermediates.noindex/PaperloftHandoff.build/Release/PaperloftHandoff-t.build/Objects-normal/x86_64/PaperloftHandoff_const_extract_protocols.json -Xcc -I/Users/builder/Factory/paperloft/evidence/checkouts/p3-7cd0f79/build/DerivedData/Build/Products/Release/include -Xcc -I/Users/builder/Factory/paperloft/evidence/checkouts/p3-7cd0f79/build/DerivedData/Build/Intermediates.noindex/PaperloftHandoff.build/Release/PaperloftHandoff-t.build/DerivedSources-normal/x86_64 -Xcc -I/Users/builder/Factory/paperloft/evidence/checkouts/p3-7cd0f79/build/DerivedData/Build/Intermediates.noindex/PaperloftHandoff.build/Release/PaperloftHandoff-t.build/DerivedSources/x86_64 -Xcc -I/Users/builder/Factory/paperloft/evidence/checkouts/p3-7cd0f79/build/DerivedData/Build/Intermediates.noindex/PaperloftHandoff.build/Release/PaperloftHandoff-t.build/DerivedSources -Xcc -DSWIFT_PACKAGE -emit-objc-header -emit-objc-header-path /Users/builder/Factory/paperloft/evidence/checkouts/p3-7cd0f79/build/DerivedData/Build/Intermediates.noindex/PaperloftHandoff.build/Release/PaperloftHandoff-t.build/Objects-normal/x86_64/PaperloftHandoff-Swift.h -working-directory /Users/builder/Factory/paperloft/evidence/checkouts/p3-7cd0f79/Paperloft.xcodeproj -no-emit-module-separately-wmo

SwiftExplicitDependencyGeneratePcm x86_64 /Users/builder/Factory/paperloft/evidence/checkouts/p3-7cd0f79/build/DerivedData/SDKExplicitPrecompiledModules/_DarwinFoundation1-4M8O1CVZJLSARGROTQSZE0R6D.pcm

SwiftExplicitDependencyGeneratePcm arm64 /Users/builder/Factory/paperloft/evidence/checkouts/p3-7cd0f79/build/DerivedData/SDKExplicitPrecompiledModules/_DarwinFoundation2-KTKR3A4NUDPV5KUWJZXPQBCZ.pcm

SwiftExplicitDependencyGeneratePcm arm64 /Users/builder/Factory/paperloft/evidence/checkouts/p3-7cd0f79/build/DerivedData/SDKExplicitPrecompiledModules/_Builtin_limits-XDZC08PMQG9CU6K8ZV5X4L05.pcm

SwiftDriver\ Compilation PaperloftKit normal arm64 com.apple.xcode.tools.swift.compiler (in target 'PaperloftKit' from project 'PaperloftKit')
    cd /Users/builder/Factory/paperloft/evidence/checkouts/p3-7cd0f79/Paperloft.xcodeproj
    builtin-Swift-Compilation -- /Applications/Xcode.app/Contents/Developer/Toolchains/XcodeDefault.xctoolchain/usr/bin/swiftc -parse-as-library -module-name PaperloftKit -O -whole-module-optimization @/Users/builder/Factory/paperloft/evidence/checkouts/p3-7cd0f79/build/DerivedData/Build/Intermediates.noindex/PaperloftKit.build/Release/PaperloftKit-t.build/Objects-normal/arm64/PaperloftKit.SwiftFileList -DSWIFT_PACKAGE -DSWIFT_MODULE_RESOURCE_BUNDLE_UNAVAILABLE -DXcode -plugin-path /Applications/Xcode.app/Contents/Developer/Toolchains/XcodeDefault.xctoolchain/usr/lib/swift/host/plugins/testing -enable-experimental-feature DebugDescriptionMacro -sdk /Applications/Xcode.app/Contents/Developer/Platforms/MacOSX.platform/Developer/SDKs/MacOSX27.0.sdk -target arm64-apple-macos27.0 -g -module-cache-path /Users/builder/Factory/paperloft/evidence/checkouts/p3-7cd0f79/build/DerivedData/ModuleCache.noindex -Xfrontend -serialize-debugging-options -profile-coverage-mapping -profile-generate -warnings-as-errors -swift-version 6 -I /Users/builder/Factory/paperloft/evidence/checkouts/p3-7cd0f79/build/DerivedData/Build/Products/Release -Isystem /Applications/Xcode.app/Contents/Developer/Platforms/MacOSX.platform/Developer/usr/lib -F /Users/builder/Factory/paperloft/evidence/checkouts/p3-7cd0f79/build/DerivedData/Build/Products/Release -F /Applications/Xcode.app/Contents/Developer/Platforms/MacOSX.platform/Developer/Library/Frameworks -c -num-threads 10 -Xcc -ivfsstatcache -Xcc /Users/builder/Factory/paperloft/evidence/checkouts/p3-7cd0f79/build/DerivedData/SDKStatCaches.noindex/macosx27.0-26A425-7231f6df4def33e022ae2eb8f782df1a.sdkstatcache -output-file-map /Users/builder/Factory/paperloft/evidence/checkouts/p3-7cd0f79/build/DerivedData/Build/Intermediates.noindex/PaperloftKit.build/Release/PaperloftKit-t.build/Objects-normal/arm64/PaperloftKit-OutputFileMap.json -save-temps -no-color-diagnostics -explicit-module-build -module-cache-path /Users/builder/Factory/paperloft/evidence/checkouts/p3-7cd0f79/build/DerivedData/Build/Intermediates.noindex/SwiftExplicitPrecompiledModules -clang-scanner-module-cache-path /Users/builder/Factory/paperloft/evidence/checkouts/p3-7cd0f79/build/DerivedData/ModuleCache.noindex -sdk-module-cache-path /Users/builder/Factory/paperloft/evidence/checkouts/p3-7cd0f79/build/DerivedData/SDKExplicitPrecompiledModules -emit-dependencies -emit-module -emit-module-path /Users/builder/Factory/paperloft/evidence/checkouts/p3-7cd0f79/build/DerivedData/Build/Intermediates.noindex/PaperloftKit.build/Release/PaperloftKit-t.build/Objects-normal/arm64/PaperloftKit.swiftmodule -serialize-diagnostics -dependency-scan-serialize-diagnostics-path /Users/builder/Factory/paperloft/evidence/checkouts/p3-7cd0f79/build/DerivedData/Build/Intermediates.noindex/PaperloftKit.build/Release/PaperloftKit-t.build/Objects-normal/arm64/PaperloftKit-dependency-scan.dia -validate-clang-modules-once -clang-build-session-file /Users/builder/Factory/paperloft/evidence/checkouts/p3-7cd0f79/build/DerivedData/ModuleCache.noindex/Session.modulevalidation -Xcc -fmodules-prune-interval\=86400 -Xcc -fmodules-prune-after\=345600 -package-name paperloftkit -emit-const-values -const-gather-protocols-list /Users/builder/Factory/paperloft/evidence/checkouts/p3-7cd0f79/build/DerivedData/Build/Intermediates.noindex/PaperloftKit.build/Release/PaperloftKit-t.build/Objects-normal/arm64/PaperloftKit_const_extract_protocols.json -Xcc -I/Users/builder/Factory/paperloft/evidence/checkouts/p3-7cd0f79/build/DerivedData/Build/Products/Release/include -Xcc -I/Users/builder/Factory/paperloft/evidence/checkouts/p3-7cd0f79/build/DerivedData/Build/Intermediates.noindex/PaperloftKit.build/Release/PaperloftKit-t.build/DerivedSources-normal/arm64 -Xcc -I/Users/builder/Factory/paperloft/evidence/checkouts/p3-7cd0f79/build/DerivedData/Build/Intermediates.noindex/PaperloftKit.build/Release/PaperloftKit-t.build/DerivedSources/arm64 -Xcc -I/Users/builder/Factory/paperloft/evidence/checkouts/p3-7cd0f79/build/DerivedData/Build/Intermediates.noindex/PaperloftKit.build/Release/PaperloftKit-t.build/DerivedSources -Xcc -DSWIFT_PACKAGE -emit-objc-header -emit-objc-header-path /Users/builder/Factory/paperloft/evidence/checkouts/p3-7cd0f79/build/DerivedData/Build/Intermediates.noindex/PaperloftKit.build/Release/PaperloftKit-t.build/Objects-normal/arm64/PaperloftKit-Swift.h -working-directory /Users/builder/Factory/paperloft/evidence/checkouts/p3-7cd0f79/Paperloft.xcodeproj -no-emit-module-separately-wmo

SwiftExplicitDependencyGeneratePcm arm64 /Users/builder/Factory/paperloft/evidence/checkouts/p3-7cd0f79/build/DerivedData/SDKExplicitPrecompiledModules/_DarwinFoundation1-C39F8WMCASWUI5ANL2CHHR12X.pcm

SwiftExplicitDependencyGeneratePcm arm64 /Users/builder/Factory/paperloft/evidence/checkouts/p3-7cd0f79/build/DerivedData/SDKExplicitPrecompiledModules/DeveloperToolsSupport-5BWU0KD39LFJD9438JNWHF98K.pcm

SwiftExplicitDependencyGeneratePcm x86_64 /Users/builder/Factory/paperloft/evidence/checkouts/p3-7cd0f79/build/DerivedData/SDKExplicitPrecompiledModules/_Builtin_limits-7WRVYTFYKJSPZ95N0GWWE763A.pcm

SwiftExplicitDependencyGeneratePcm x86_64 /Users/builder/Factory/paperloft/evidence/checkouts/p3-7cd0f79/build/DerivedData/SDKExplicitPrecompiledModules/_DarwinFoundation2-AH6NW9RD3JRP8FN0LTEET5TUX.pcm

SwiftExplicitDependencyGeneratePcm arm64 /Users/builder/Factory/paperloft/evidence/checkouts/p3-7cd0f79/build/DerivedData/SDKExplicitPrecompiledModules/sys_types-5T482SP9F0VK38I92B0F9B1VT.pcm

SwiftExplicitDependencyGeneratePcm arm64 /Users/builder/Factory/paperloft/evidence/checkouts/p3-7cd0f79/build/DerivedData/SDKExplicitPrecompiledModules/string_h-7PKFP45U7QV5WYT1QCQLN60TG.pcm

SwiftExplicitDependencyGeneratePcm arm64 /Users/builder/Factory/paperloft/evidence/checkouts/p3-7cd0f79/build/DerivedData/SDKExplicitPrecompiledModules/_Builtin_stdint-GLAE7UC45VRWATRRVRK08ICW.pcm

SwiftExplicitDependencyGeneratePcm arm64 /Users/builder/Factory/paperloft/evidence/checkouts/p3-7cd0f79/build/DerivedData/SDKExplicitPrecompiledModules/_DarwinFoundation2-KTKR3A4NUDPV5KUWJZXPQBCZ.pcm

SwiftExplicitDependencyGeneratePcm arm64 /Users/builder/Factory/paperloft/evidence/checkouts/p3-7cd0f79/build/DerivedData/SDKExplicitPrecompiledModules/_Builtin_limits-XDZC08PMQG9CU6K8ZV5X4L05.pcm

SwiftExplicitDependencyGeneratePcm x86_64 /Users/builder/Factory/paperloft/evidence/checkouts/p3-7cd0f79/build/DerivedData/SDKExplicitPrecompiledModules/string_h-DHWL50XWYSKUP5NVW6BJN820S.pcm

SwiftExplicitDependencyGeneratePcm x86_64 /Users/builder/Factory/paperloft/evidence/checkouts/p3-7cd0f79/build/DerivedData/SDKExplicitPrecompiledModules/_Builtin_stdint-3T2XDF201MO2V92AQ341N3L1Q.pcm

SwiftExplicitDependencyGeneratePcm x86_64 /Users/builder/Factory/paperloft/evidence/checkouts/p3-7cd0f79/build/DerivedData/SDKExplicitPrecompiledModules/sys_types-B9AE3M0VR667VFM28OYVABGUB.pcm

SwiftExplicitDependencyGeneratePcm arm64 /Users/builder/Factory/paperloft/evidence/checkouts/p3-7cd0f79/build/DerivedData/SDKExplicitPrecompiledModules/_DarwinFoundation3-27V40J2IMNVMQWZGJT1XUEYLE.pcm

SwiftExplicitDependencyGeneratePcm arm64 /Users/builder/Factory/paperloft/evidence/checkouts/p3-7cd0f79/build/DerivedData/SDKExplicitPrecompiledModules/libDER-EZLD272ZHUGKNST1Z6HRGEYLC.pcm

SwiftExplicitDependencyGeneratePcm x86_64 /Users/builder/Factory/paperloft/evidence/checkouts/p3-7cd0f79/build/DerivedData/SDKExplicitPrecompiledModules/_DarwinFoundation3-PRZ7ZXLZGWD68D9OVHKMRBMP.pcm

SwiftExplicitDependencyGeneratePcm x86_64 /Users/builder/Factory/paperloft/evidence/checkouts/p3-7cd0f79/build/DerivedData/SDKExplicitPrecompiledModules/libDER-C5S18S69YU1S5NUD0RYOUKJB9.pcm

SwiftExplicitDependencyGeneratePcm arm64 /Users/builder/Factory/paperloft/evidence/checkouts/p3-7cd0f79/build/DerivedData/SDKExplicitPrecompiledModules/sys_types-5T482SP9F0VK38I92B0F9B1VT.pcm

SwiftExplicitDependencyGeneratePcm arm64 /Users/builder/Factory/paperloft/evidence/checkouts/p3-7cd0f79/build/DerivedData/SDKExplicitPrecompiledModules/string_h-7PKFP45U7QV5WYT1QCQLN60TG.pcm

SwiftExplicitDependencyGeneratePcm arm64 /Users/builder/Factory/paperloft/evidence/checkouts/p3-7cd0f79/build/DerivedData/SDKExplicitPrecompiledModules/_Builtin_tgmath-4VU3T31K3IR57BAKFV3RWELXA.pcm

SwiftExplicitDependencyGeneratePcm arm64 /Users/builder/Factory/paperloft/evidence/checkouts/p3-7cd0f79/build/DerivedData/SDKExplicitPrecompiledModules/_Builtin_stdint-GLAE7UC45VRWATRRVRK08ICW.pcm

SwiftExplicitDependencyGeneratePcm arm64 /Users/builder/Factory/paperloft/evidence/checkouts/p3-7cd0f79/build/DerivedData/SDKExplicitPrecompiledModules/_Builtin_inttypes-C035V0AYXMVPIHGOK7BFTOYH0.pcm

SwiftExplicitDependencyGeneratePcm arm64 /Users/builder/Factory/paperloft/evidence/checkouts/p3-7cd0f79/build/DerivedData/SDKExplicitPrecompiledModules/_Builtin_intrinsics-34M9786JQ8ZXSSMOC9H2Z6U8Q.pcm

SwiftExplicitDependencyGeneratePcm arm64 /Users/builder/Factory/paperloft/evidence/checkouts/p3-7cd0f79/build/DerivedData/SDKExplicitPrecompiledModules/libDER-EZLD272ZHUGKNST1Z6HRGEYLC.pcm

SwiftExplicitDependencyGeneratePcm arm64 /Users/builder/Factory/paperloft/evidence/checkouts/p3-7cd0f79/build/DerivedData/SDKExplicitPrecompiledModules/_DarwinFoundation3-27V40J2IMNVMQWZGJT1XUEYLE.pcm

SwiftExplicitDependencyGeneratePcm arm64 /Users/builder/Factory/paperloft/evidence/checkouts/p3-7cd0f79/build/DerivedData/SDKExplicitPrecompiledModules/_Builtin_stdatomic-C5G6W0NUWBVABX8NO5S026L7M.pcm

SwiftExplicitDependencyGeneratePcm x86_64 /Users/builder/Factory/paperloft/evidence/checkouts/p3-7cd0f79/build/DerivedData/SDKExplicitPrecompiledModules/_Builtin_inttypes-825U6T4OY7M0XWFP9F81GHS7T.pcm

SwiftExplicitDependencyGeneratePcm x86_64 /Users/builder/Factory/paperloft/evidence/checkouts/p3-7cd0f79/build/DerivedData/SDKExplicitPrecompiledModules/_Builtin_intrinsics-1KRIQOBT03ZNEFU5JNF8WN6QC.pcm

SwiftExplicitDependencyGeneratePcm arm64 /Users/builder/Factory/paperloft/evidence/checkouts/p3-7cd0f79/build/DerivedData/SDKExplicitPrecompiledModules/Darwin-CO0FBKRRIZ4Y0R4PAB69O7QFS.pcm

SwiftExplicitDependencyGeneratePcm x86_64 /Users/builder/Factory/paperloft/evidence/checkouts/p3-7cd0f79/build/DerivedData/SDKExplicitPrecompiledModules/Darwin-C9J68J5QWYWC340Z2KEDXEDR4.pcm

SwiftExplicitDependencyGeneratePcm arm64 /Users/builder/Factory/paperloft/evidence/checkouts/p3-7cd0f79/build/DerivedData/SDKExplicitPrecompiledModules/_Builtin_inttypes-C035V0AYXMVPIHGOK7BFTOYH0.pcm

SwiftExplicitDependencyGeneratePcm arm64 /Users/builder/Factory/paperloft/evidence/checkouts/p3-7cd0f79/build/DerivedData/SDKExplicitPrecompiledModules/Darwin-CO0FBKRRIZ4Y0R4PAB69O7QFS.pcm

SwiftExplicitDependencyGeneratePcm arm64 /Users/builder/Factory/paperloft/evidence/checkouts/p3-7cd0f79/build/DerivedData/SDKExplicitPrecompiledModules/simd-EHO3NVAJDVTOJA9K3KUDOALQU.pcm

SwiftExplicitDependencyGeneratePcm arm64 /Users/builder/Factory/paperloft/evidence/checkouts/p3-7cd0f79/build/DerivedData/SDKExplicitPrecompiledModules/launch-F5E5J9Z1IJXHKWI3BCQ29QIYJ.pcm

SwiftExplicitDependencyGeneratePcm arm64 /Users/builder/Factory/paperloft/evidence/checkouts/p3-7cd0f79/build/DerivedData/SDKExplicitPrecompiledModules/MachO-9PQ6D9E5DM2JT6YQLY3YPCFHT.pcm

SwiftExplicitDependencyGeneratePcm arm64 /Users/builder/Factory/paperloft/evidence/checkouts/p3-7cd0f79/build/DerivedData/SDKExplicitPrecompiledModules/libkern-263SX4OMRUI5PWCK6N01KJXS6.pcm

SwiftExplicitDependencyGeneratePcm x86_64 /Users/builder/Factory/paperloft/evidence/checkouts/p3-7cd0f79/build/DerivedData/SDKExplicitPrecompiledModules/MachO-23WJPCH43VBFHJI5ILREG0PS4.pcm

SwiftExplicitDependencyGeneratePcm x86_64 /Users/builder/Factory/paperloft/evidence/checkouts/p3-7cd0f79/build/DerivedData/SDKExplicitPrecompiledModules/launch-E9WG6GC4DOC3JV8LFTKJOR34N.pcm

SwiftExplicitDependencyGeneratePcm x86_64 /Users/builder/Factory/paperloft/evidence/checkouts/p3-7cd0f79/build/DerivedData/SDKExplicitPrecompiledModules/libkern-4K4DC5ZG0QZLINLPJX10F4JT5.pcm

SwiftExplicitDependencyGeneratePcm arm64 /Users/builder/Factory/paperloft/evidence/checkouts/p3-7cd0f79/build/DerivedData/SDKExplicitPrecompiledModules/ObjectiveC-4E4I0GWZKM88HQ2Z94XN7VXQM.pcm

SwiftExplicitDependencyGeneratePcm x86_64 /Users/builder/Factory/paperloft/evidence/checkouts/p3-7cd0f79/build/DerivedData/SDKExplicitPrecompiledModules/ObjectiveC-61VNO7D14ZVNACPK9K89MSJLJ.pcm

SwiftExplicitDependencyGeneratePcm arm64 /Users/builder/Factory/paperloft/evidence/checkouts/p3-7cd0f79/build/DerivedData/SDKExplicitPrecompiledModules/Compression-6KPWYDJ1W6M5XYTVZ3SGGUIQZ.pcm

SwiftExplicitDependencyGeneratePcm arm64 /Users/builder/Factory/paperloft/evidence/checkouts/p3-7cd0f79/build/DerivedData/SDKExplicitPrecompiledModules/MachO-9PQ6D9E5DM2JT6YQLY3YPCFHT.pcm

SwiftExplicitDependencyGeneratePcm arm64 /Users/builder/Factory/paperloft/evidence/checkouts/p3-7cd0f79/build/DerivedData/SDKExplicitPrecompiledModules/CUPS-88Q8H3VKFTI9XPGFLJ98UGDRG.pcm

SwiftExplicitDependencyGeneratePcm arm64 /Users/builder/Factory/paperloft/evidence/checkouts/p3-7cd0f79/build/DerivedData/SDKExplicitPrecompiledModules/libkern-263SX4OMRUI5PWCK6N01KJXS6.pcm

SwiftExplicitDependencyGeneratePcm arm64 /Users/builder/Factory/paperloft/evidence/checkouts/p3-7cd0f79/build/DerivedData/SDKExplicitPrecompiledModules/launch-F5E5J9Z1IJXHKWI3BCQ29QIYJ.pcm

SwiftExplicitDependencyGeneratePcm arm64 /Users/builder/Factory/paperloft/evidence/checkouts/p3-7cd0f79/build/DerivedData/SDKExplicitPrecompiledModules/os_object-3V6AAAO65TGJBON3HSOY718LQ.pcm

SwiftExplicitDependencyGeneratePcm x86_64 /Users/builder/Factory/paperloft/evidence/checkouts/p3-7cd0f79/build/DerivedData/SDKExplicitPrecompiledModules/os_object-1H9IZ2I2BOBCC4YPLZ949PUWH.pcm

SwiftExplicitDependencyGeneratePcm arm64 /Users/builder/Factory/paperloft/evidence/checkouts/p3-7cd0f79/build/DerivedData/SDKExplicitPrecompiledModules/ObjectiveC-4E4I0GWZKM88HQ2Z94XN7VXQM.pcm

SwiftExplicitDependencyGeneratePcm arm64 /Users/builder/Factory/paperloft/evidence/checkouts/p3-7cd0f79/build/DerivedData/SDKExplicitPrecompiledModules/Spatial-7UTHBOA4AXIHO5DOMYVMPTPZL.pcm

SwiftExplicitDependencyGeneratePcm x86_64 /Users/builder/Factory/paperloft/evidence/checkouts/p3-7cd0f79/build/DerivedData/SDKExplicitPrecompiledModules/os_workgroup-F1A5ZQUHQ5GWG06EHCOYI7IQF.pcm

SwiftExplicitDependencyGeneratePcm arm64 /Users/builder/Factory/paperloft/evidence/checkouts/p3-7cd0f79/build/DerivedData/SDKExplicitPrecompiledModules/os_workgroup-5QNVP1QXVI450UE81QHHH3PHT.pcm

SwiftExplicitDependencyGeneratePcm arm64 /Users/builder/Factory/paperloft/evidence/checkouts/p3-7cd0f79/build/DerivedData/SDKExplicitPrecompiledModules/os_object-3V6AAAO65TGJBON3HSOY718LQ.pcm

SwiftExplicitDependencyGeneratePcm x86_64 /Users/builder/Factory/paperloft/evidence/checkouts/p3-7cd0f79/build/DerivedData/SDKExplicitPrecompiledModules/Dispatch-9JIPGHNRGW9RQ8VE7ASJ1C3XM.pcm

SwiftExplicitDependencyGeneratePcm arm64 /Users/builder/Factory/paperloft/evidence/checkouts/p3-7cd0f79/build/DerivedData/SDKExplicitPrecompiledModules/Dispatch-A42WU5GIRT9BBQPVGR715U71T.pcm

SwiftExplicitDependencyGeneratePcm arm64 /Users/builder/Factory/paperloft/evidence/checkouts/p3-7cd0f79/build/DerivedData/SDKExplicitPrecompiledModules/os_workgroup-5QNVP1QXVI450UE81QHHH3PHT.pcm

SwiftExplicitDependencyGeneratePcm x86_64 /Users/builder/Factory/paperloft/evidence/checkouts/p3-7cd0f79/build/DerivedData/SDKExplicitPrecompiledModules/XPC-3F66T9JUM17D26NEFH8BMY9ZF.pcm

SwiftExplicitDependencyGeneratePcm x86_64 /Users/builder/Factory/paperloft/evidence/checkouts/p3-7cd0f79/build/DerivedData/SDKExplicitPrecompiledModules/CoreFoundation-GVBL7KSIACN15XTRQOD5FTFA.pcm

SwiftExplicitDependencyGeneratePcm arm64 /Users/builder/Factory/paperloft/evidence/checkouts/p3-7cd0f79/build/DerivedData/SDKExplicitPrecompiledModules/XPC-BRLMKD7P1CJIQ29JAQYCWXCZO.pcm

SwiftExplicitDependencyGeneratePcm arm64 /Users/builder/Factory/paperloft/evidence/checkouts/p3-7cd0f79/build/DerivedData/SDKExplicitPrecompiledModules/CoreFoundation-DGP1D61Y3ODBFTGNWA64SY5DY.pcm

SwiftExplicitDependencyGeneratePcm arm64 /Users/builder/Factory/paperloft/evidence/checkouts/p3-7cd0f79/build/DerivedData/SDKExplicitPrecompiledModules/Dispatch-A42WU5GIRT9BBQPVGR715U71T.pcm

SwiftExplicitDependencyGeneratePcm arm64 /Users/builder/Factory/paperloft/evidence/checkouts/p3-7cd0f79/build/DerivedData/SDKExplicitPrecompiledModules/CoreFoundation-DGP1D61Y3ODBFTGNWA64SY5DY.pcm

SwiftExplicitDependencyGeneratePcm arm64 /Users/builder/Factory/paperloft/evidence/checkouts/p3-7cd0f79/build/DerivedData/SDKExplicitPrecompiledModules/XPC-BRLMKD7P1CJIQ29JAQYCWXCZO.pcm

SwiftExplicitDependencyGeneratePcm x86_64 /Users/builder/Factory/paperloft/evidence/checkouts/p3-7cd0f79/build/DerivedData/SDKExplicitPrecompiledModules/IOKit-5MD7IR4OEXM12IFJZ9SCL7306.pcm

SwiftExplicitDependencyGeneratePcm x86_64 /Users/builder/Factory/paperloft/evidence/checkouts/p3-7cd0f79/build/DerivedData/SDKExplicitPrecompiledModules/Security-64V97M051NKVLIFAL5X3ZH8FI.pcm

SwiftExplicitDependencyGeneratePcm x86_64 /Users/builder/Factory/paperloft/evidence/checkouts/p3-7cd0f79/build/DerivedData/SDKExplicitPrecompiledModules/CFNetwork-36X3751DAZ3FRMH6KSOXO2R5B.pcm

SwiftExplicitDependencyGeneratePcm arm64 /Users/builder/Factory/paperloft/evidence/checkouts/p3-7cd0f79/build/DerivedData/SDKExplicitPrecompiledModules/CFNetwork-JP9JIKADEB30WHCLFDY9W1CA.pcm

SwiftExplicitDependencyGeneratePcm arm64 /Users/builder/Factory/paperloft/evidence/checkouts/p3-7cd0f79/build/DerivedData/SDKExplicitPrecompiledModules/IOKit-A5GVCJG248HG6D1Q8SI1N1DTM.pcm

SwiftExplicitDependencyGeneratePcm arm64 /Users/builder/Factory/paperloft/evidence/checkouts/p3-7cd0f79/build/DerivedData/SDKExplicitPrecompiledModules/Security-1IZQ76UG1PGUIU06W3O3QIFXX.pcm

SwiftExplicitDependencyGeneratePcm arm64 /Users/builder/Factory/paperloft/evidence/checkouts/p3-7cd0f79/build/DerivedData/SDKExplicitPrecompiledModules/os-D1EZEVOPXNHLKA5HPX6OLMCA.pcm

SwiftExplicitDependencyGeneratePcm arm64 /Users/builder/Factory/paperloft/evidence/checkouts/p3-7cd0f79/build/DerivedData/SDKExplicitPrecompiledModules/IOKit-A5GVCJG248HG6D1Q8SI1N1DTM.pcm

SwiftExplicitDependencyGeneratePcm arm64 /Users/builder/Factory/paperloft/evidence/checkouts/p3-7cd0f79/build/DerivedData/SDKExplicitPrecompiledModules/CoreAudioTypes-EVW34QF5BIO9TMBE9FCXCEVXO.pcm

SwiftExplicitDependencyGeneratePcm arm64 /Users/builder/Factory/paperloft/evidence/checkouts/p3-7cd0f79/build/DerivedData/SDKExplicitPrecompiledModules/CFNetwork-JP9JIKADEB30WHCLFDY9W1CA.pcm

SwiftExplicitDependencyGeneratePcm arm64 /Users/builder/Factory/paperloft/evidence/checkouts/p3-7cd0f79/build/DerivedData/SDKExplicitPrecompiledModules/ColorSync-AHP4LTR2CXKYDLUN95UXOE6RO.pcm

SwiftExplicitDependencyGeneratePcm arm64 /Users/builder/Factory/paperloft/evidence/checkouts/p3-7cd0f79/build/DerivedData/SDKExplicitPrecompiledModules/Security-1IZQ76UG1PGUIU06W3O3QIFXX.pcm

SwiftExplicitDependencyGeneratePcm x86_64 /Users/builder/Factory/paperloft/evidence/checkouts/p3-7cd0f79/build/DerivedData/SDKExplicitPrecompiledModules/DiskArbitration-12HO3JRSZHGHGT4GQKUTLJPW3.pcm

SwiftExplicitDependencyGeneratePcm arm64 /Users/builder/Factory/paperloft/evidence/checkouts/p3-7cd0f79/build/DerivedData/SDKExplicitPrecompiledModules/DiskArbitration-2I5TNAGSKYCE266TCRCZDAOVH.pcm

SwiftExplicitDependencyGeneratePcm x86_64 /Users/builder/Factory/paperloft/evidence/checkouts/p3-7cd0f79/build/DerivedData/SDKExplicitPrecompiledModules/CoreServices-EDE3AEBVSW7ABOURPTBJ2Z2YT.pcm

SwiftExplicitDependencyGeneratePcm arm64 /Users/builder/Factory/paperloft/evidence/checkouts/p3-7cd0f79/build/DerivedData/SDKExplicitPrecompiledModules/CoreServices-E0BDR76WBFYT78YQQ45UEL63B.pcm

SwiftExplicitDependencyGeneratePcm arm64 /Users/builder/Factory/paperloft/evidence/checkouts/p3-7cd0f79/build/DerivedData/SDKExplicitPrecompiledModules/DiskArbitration-2I5TNAGSKYCE266TCRCZDAOVH.pcm

SwiftExplicitDependencyGeneratePcm arm64 /Users/builder/Factory/paperloft/evidence/checkouts/p3-7cd0f79/build/DerivedData/SDKExplicitPrecompiledModules/CoreGraphics-7WTLZESMFI3J2Q3RPEQXHEZKV.pcm

SwiftExplicitDependencyGeneratePcm arm64 /Users/builder/Factory/paperloft/evidence/checkouts/p3-7cd0f79/build/DerivedData/SDKExplicitPrecompiledModules/CoreServices-E0BDR76WBFYT78YQQ45UEL63B.pcm

SwiftExplicitDependencyGeneratePcm arm64 /Users/builder/Factory/paperloft/evidence/checkouts/p3-7cd0f79/build/DerivedData/SDKExplicitPrecompiledModules/ImageIO-6YBRHBT6HMAFLILNUWMV2TZ0L.pcm

SwiftExplicitDependencyGeneratePcm arm64 /Users/builder/Factory/paperloft/evidence/checkouts/p3-7cd0f79/build/DerivedData/SDKExplicitPrecompiledModules/CoreText-EYLA3Q8TVZ49SVO4JYZQUW50C.pcm

SwiftExplicitDependencyGeneratePcm x86_64 /Users/builder/Factory/paperloft/evidence/checkouts/p3-7cd0f79/build/DerivedData/SDKExplicitPrecompiledModules/Foundation-CO643CYL19S97QV1VHNTEA19T.pcm

SwiftExplicitDependencyGeneratePcm arm64 /Users/builder/Factory/paperloft/evidence/checkouts/p3-7cd0f79/build/DerivedData/SDKExplicitPrecompiledModules/Foundation-4NYNIYYCXFZMIML4JEQG2Q8IP.pcm

SwiftExplicitDependencyGeneratePcm arm64 /Users/builder/Factory/paperloft/evidence/checkouts/p3-7cd0f79/build/DerivedData/SDKExplicitPrecompiledModules/Foundation-4NYNIYYCXFZMIML4JEQG2Q8IP.pcm

SwiftCompile normal x86_64 Compiling\ HandoffConsumerLease.swift,\ HandoffFileCopy.swift,\ HandoffStore.swift /Users/builder/Factory/paperloft/evidence/checkouts/p3-7cd0f79/Packages/PaperloftHandoff/Sources/PaperloftHandoff/HandoffConsumerLease.swift /Users/builder/Factory/paperloft/evidence/checkouts/p3-7cd0f79/Packages/PaperloftHandoff/Sources/PaperloftHandoff/HandoffFileCopy.swift /Users/builder/Factory/paperloft/evidence/checkouts/p3-7cd0f79/Packages/PaperloftHandoff/Sources/PaperloftHandoff/HandoffStore.swift /Applications/Xcode.app/Contents/Developer/Toolchains/XcodeDefault.xctoolchain/usr/lib/swift/macosx/prebuilt-modules/27.0/Observation.swiftmodule/x86_64-apple-macos.swiftmodule /Applications/Xcode.app/Contents/Developer/Toolchains/XcodeDefault.xctoolchain/usr/lib/swift/macosx/prebuilt-modules/27.0/ObjectiveC.swiftmodule/x86_64-apple-macos.swiftmodule /Applications/Xcode.app/Contents/Developer/Toolchains/XcodeDefault.xctoolchain/usr/lib/swift/macosx/prebuilt-modules/27.0/System.swiftmodule/x86_64-apple-macos.swiftmodule /Applications/Xcode.app/Contents/Developer/Toolchains/XcodeDefault.xctoolchain/usr/lib/swift/macosx/prebuilt-modules/27.0/CoreFoundation.swiftmodule/x86_64-apple-macos.swiftmodule /Applications/Xcode.app/Contents/Developer/Toolchains/XcodeDefault.xctoolchain/usr/lib/swift/macosx/prebuilt-modules/27.0/Foundation.swiftmodule/x86_64-apple-macos.swiftmodule /Applications/Xcode.app/Contents/Developer/Toolchains/XcodeDefault.xctoolchain/usr/lib/swift/macosx/prebuilt-modules/27.0/Darwin.swiftmodule/x86_64-apple-macos.swiftmodule /Applications/Xcode.app/Contents/Developer/Toolchains/XcodeDefault.xctoolchain/usr/lib/swift/macosx/prebuilt-modules/27.0/_Concurrency.swiftmodule/x86_64-apple-macos.swiftmodule /Applications/Xcode.app/Contents/Developer/Toolchains/XcodeDefault.xctoolchain/usr/lib/swift/macosx/prebuilt-modules/27.0/_DarwinFoundation2.swiftmodule/x86_64-apple-macos.swiftmodule /Applications/Xcode.app/Contents/Developer/Toolchains/XcodeDefault.xctoolchain/usr/lib/swift/macosx/prebuilt-modules/27.0/_DarwinFoundation1.swiftmodule/x86_64-apple-macos.swiftmodule /Applications/Xcode.app/Contents/Developer/Toolchains/XcodeDefault.xctoolchain/usr/lib/swift/macosx/prebuilt-modules/27.0/_Builtin_float.swiftmodule/x86_64-apple-macos.swiftmodule /Applications/Xcode.app/Contents/Developer/Toolchains/XcodeDefault.xctoolchain/usr/lib/swift/macosx/prebuilt-modules/27.0/Swift.swiftmodule/x86_64-apple-macos.swiftmodule /Applications/Xcode.app/Contents/Developer/Toolchains/XcodeDefault.xctoolchain/usr/lib/swift/macosx/prebuilt-modules/27.0/IOKit.swiftmodule/x86_64-apple-macos.swiftmodule /Applications/Xcode.app/Contents/Developer/Toolchains/XcodeDefault.xctoolchain/usr/lib/swift/macosx/prebuilt-modules/27.0/_StringProcessing.swiftmodule/x86_64-apple-macos.swiftmodule /Applications/Xcode.app/Contents/Developer/Toolchains/XcodeDefault.xctoolchain/usr/lib/swift/macosx/prebuilt-modules/27.0/Combine.swiftmodule/x86_64-apple-macos.swiftmodule /Applications/Xcode.app/Contents/Developer/Toolchains/XcodeDefault.xctoolchain/usr/lib/swift/macosx/prebuilt-modules/27.0/XPC.swiftmodule/x86_64-apple-macos.swiftmodule /Applications/Xcode.app/Contents/Developer/Toolchains/XcodeDefault.xctoolchain/usr/lib/swift/macosx/prebuilt-modules/27.0/Dispatch.swiftmodule/x86_64-apple-macos.swiftmodule /Applications/Xcode.app/Contents/Developer/Toolchains/XcodeDefault.xctoolchain/usr/lib/swift/macosx/prebuilt-modules/27.0/_DarwinFoundation3.swiftmodule/x86_64-apple-macos.swiftmodule /Users/builder/Factory/paperloft/evidence/checkouts/p3-7cd0f79/build/DerivedData/SDKExplicitPrecompiledModules/Foundation-CO643CYL19S97QV1VHNTEA19T.pcm /Users/builder/Factory/paperloft/evidence/checkouts/p3-7cd0f79/build/DerivedData/SDKExplicitPrecompiledModules/os_workgroup-F1A5ZQUHQ5GWG06EHCOYI7IQF.pcm /Users/builder/Factory/paperloft/evidence/checkouts/p3-7cd0f79/build/DerivedData/SDKExplicitPrecompiledModules/_SwiftConcurrencyShims-3RD6S1FEQOEUHLNXQ7YHN9RB1.pcm /Users/builder/Factory/paperloft/evidence/checkouts/p3-7cd0f79/build/DerivedData/SDKExplicitPrecompiledModules/_Builtin_float-BUV0WY75DI1ZNRFCLZXZOFYQ6.pcm /Users/builder/Factory/paperloft/evidence/checkouts/p3-7cd0f79/build/DerivedData/SDKExplicitPrecompiledModules/_DarwinFoundation2-AH6NW9RD3JRP8FN0LTEET5TUX.pcm /Users/builder/Factory/paperloft/evidence/checkouts/p3-7cd0f79/build/DerivedData/SDKExplicitPrecompiledModules/_Builtin_intrinsics-1KRIQOBT03ZNEFU5JNF8WN6QC.pcm /Users/builder/Factory/paperloft/evidence/checkouts/p3-7cd0f79/build/DerivedData/SDKExplicitPrecompiledModules/Security-64V97M051NKVLIFAL5X3ZH8FI.pcm /Users/builder/Factory/paperloft/evidence/checkouts/p3-7cd0f79/build/DerivedData/SDKExplicitPrecompiledModules/CoreServices-EDE3AEBVSW7ABOURPTBJ2Z2YT.pcm /Users/builder/Factory/paperloft/evidence/checkouts/p3-7cd0f79/build/DerivedData/SDKExplicitPrecompiledModules/_Builtin_stdbool-1CORQDW57M1ZBNKNW3D90Y0G2.pcm /Users/builder/Factory/paperloft/evidence/checkouts/p3-7cd0f79/build/DerivedData/SDKExplicitPrecompiledModules/Dispatch-9JIPGHNRGW9RQ8VE7ASJ1C3XM.pcm /Users/builder/Factory/paperloft/evidence/checkouts/p3-7cd0f79/build/DerivedData/SDKExplicitPrecompiledModules/MachO-23WJPCH43VBFHJI5ILREG0PS4.pcm /Users/builder/Factory/paperloft/evidence/checkouts/p3-7cd0f79/build/DerivedData/SDKExplicitPrecompiledModules/ptrcheck-5ILZSFS5T9IKE2Q9ST0Q2B5S9.pcm /Users/builder/Factory/paperloft/evidence/checkouts/p3-7cd0f79/build/DerivedData/SDKExplicitPrecompiledModules/Darwin-C9J68J5QWYWC340Z2KEDXEDR4.pcm /Users/builder/Factory/paperloft/evidence/checkouts/p3-7cd0f79/build/DerivedData/SDKExplicitPrecompiledModules/libkern-4K4DC5ZG0QZLINLPJX10F4JT5.pcm /Users/builder/Factory/paperloft/evidence/checkouts/p3-7cd0f79/build/DerivedData/SDKExplicitPrecompiledModules/_DarwinFoundation1-4M8O1CVZJLSARGROTQSZE0R6D.pcm /Users/builder/Factory/paperloft/evidence/checkouts/p3-7cd0f79/build/DerivedData/SDKExplicitPrecompiledModules/DiskArbitration-12HO3JRSZHGHGT4GQKUTLJPW3.pcm /Users/builder/Factory/paperloft/evidence/checkouts/p3-7cd0f79/build/DerivedData/SDKExplicitPrecompiledModules/_Builtin_stdint-3T2XDF201MO2V92AQ341N3L1Q.pcm /Users/builder/Factory/paperloft/evidence/checkouts/p3-7cd0f79/build/DerivedData/SDKExplicitPrecompiledModules/_Builtin_stddef-CK1S8HCPM2OY9O7RZU3IHLEL5.pcm /Users/builder/Factory/paperloft/evidence/checkouts/p3-7cd0f79/build/DerivedData/SDKExplicitPrecompiledModules/_AvailabilityInternal-B2T11VUQONBM0HZJG96IBNAB5.pcm /Users/builder/Factory/paperloft/evidence/checkouts/p3-7cd0f79/build/DerivedData/SDKExplicitPrecompiledModules/IOKit-5MD7IR4OEXM12IFJZ9SCL7306.pcm /Users/builder/Factory/paperloft/evidence/checkouts/p3-7cd0f79/build/DerivedData/SDKExplicitPrecompiledModules/libDER-C5S18S69YU1S5NUD0RYOUKJB9.pcm /Users/builder/Factory/paperloft/evidence/checkouts/p3-7cd0f79/build/DerivedData/SDKExplicitPrecompiledModules/ObjectiveC-61VNO7D14ZVNACPK9K89MSJLJ.pcm /Users/builder/Factory/paperloft/evidence/checkouts/p3-7cd0f79/build/DerivedData/SDKExplicitPrecompiledModules/_DarwinFoundation3-PRZ7ZXLZGWD68D9OVHKMRBMP.pcm /Users/builder/Factory/paperloft/evidence/checkouts/p3-7cd0f79/build/DerivedData/SDKExplicitPrecompiledModules/CoreFoundation-GVBL7KSIACN15XTRQOD5FTFA.pcm /Users/builder/Factory/paperloft/evidence/checkouts/p3-7cd0f79/build/DerivedData/SDKExplicitPrecompiledModules/sys_types-B9AE3M0VR667VFM28OYVABGUB.pcm /Users/builder/Factory/paperloft/evidence/checkouts/p3-7cd0f79/build/DerivedData/SDKExplicitPrecompiledModules/_Builtin_stdarg-EJ31QCGU23SPN30XORE99YM59.pcm /Users/builder/Factory/paperloft/evidence/checkouts/p3-7cd0f79/build/DerivedData/SDKExplicitPrecompiledModules/SwiftShims-ACV69481P4PETJ9WEOHEDED7Q.pcm /Users/builder/Factory/paperloft/evidence/checkouts/p3-7cd0f79/build/DerivedData/SDKExplicitPrecompiledModules/XPC-3F66T9JUM17D26NEFH8BMY9ZF.pcm /Users/builder/Factory/paperloft/evidence/checkouts/p3-7cd0f79/build/DerivedData/SDKExplicitPrecompiledModules/_Builtin_inttypes-825U6T4OY7M0XWFP9F81GHS7T.pcm /Users/builder/Factory/paperloft/evidence/checkouts/p3-7cd0f79/build/DerivedData/SDKExplicitPrecompiledModules/string_h-DHWL50XWYSKUP5NVW6BJN820S.pcm /Users/builder/Factory/paperloft/evidence/checkouts/p3-7cd0f79/build/DerivedData/SDKExplicitPrecompiledModules/CFNetwork-36X3751DAZ3FRMH6KSOXO2R5B.pcm /Users/builder/Factory/paperloft/evidence/checkouts/p3-7cd0f79/build/DerivedData/SDKExplicitPrecompiledModules/os_object-1H9IZ2I2BOBCC4YPLZ949PUWH.pcm /Users/builder/Factory/paperloft/evidence/checkouts/p3-7cd0f79/build/DerivedData/SDKExplicitPrecompiledModules/ptrauth-8ZFMNEK197HYVUN9J8EDCP69.pcm /Users/builder/Factory/paperloft/evidence/checkouts/p3-7cd0f79/build/DerivedData/SDKExplicitPrecompiledModules/_Builtin_limits-7WRVYTFYKJSPZ95N0GWWE763A.pcm /Users/builder/Factory/paperloft/evidence/checkouts/p3-7cd0f79/build/DerivedData/SDKExplicitPrecompiledModules/launch-E9WG6GC4DOC3JV8LFTKJOR34N.pcm /Users/builder/Factory/paperloft/evidence/checkouts/p3-7cd0f79/build/DerivedData/Build/Intermediates.noindex/PaperloftHandoff.build/Release/PaperloftHandoff-t.build/Objects-normal/x86_64/PaperloftHandoff-dependencies-2.json (in target 'PaperloftHandoff' from project 'PaperloftHandoff')

SwiftCompile normal x86_64 (in target 'PaperloftHandoff' from project 'PaperloftHandoff')
    cd /Users/builder/Factory/paperloft/evidence/checkouts/p3-7cd0f79/Paperloft.xcodeproj
    

SwiftCompile normal arm64 Compiling\ HandoffConsumerLease.swift,\ HandoffFileCopy.swift,\ HandoffStore.swift /Users/builder/Factory/paperloft/evidence/checkouts/p3-7cd0f79/Packages/PaperloftHandoff/Sources/PaperloftHandoff/HandoffConsumerLease.swift /Users/builder/Factory/paperloft/evidence/checkouts/p3-7cd0f79/Packages/PaperloftHandoff/Sources/PaperloftHandoff/HandoffFileCopy.swift /Users/builder/Factory/paperloft/evidence/checkouts/p3-7cd0f79/Packages/PaperloftHandoff/Sources/PaperloftHandoff/HandoffStore.swift /Applications/Xcode.app/Contents/Developer/Toolchains/XcodeDefault.xctoolchain/usr/lib/swift/macosx/prebuilt-modules/27.0/ObjectiveC.swiftmodule/arm64e-apple-macos.swiftmodule /Applications/Xcode.app/Contents/Developer/Toolchains/XcodeDefault.xctoolchain/usr/lib/swift/macosx/prebuilt-modules/27.0/_DarwinFoundation3.swiftmodule/arm64e-apple-macos.swiftmodule /Applications/Xcode.app/Contents/Developer/Toolchains/XcodeDefault.xctoolchain/usr/lib/swift/macosx/prebuilt-modules/27.0/Darwin.swiftmodule/arm64e-apple-macos.swiftmodule /Applications/Xcode.app/Contents/Developer/Toolchains/XcodeDefault.xctoolchain/usr/lib/swift/macosx/prebuilt-modules/27.0/Dispatch.swiftmodule/arm64e-apple-macos.swiftmodule /Applications/Xcode.app/Contents/Developer/Toolchains/XcodeDefault.xctoolchain/usr/lib/swift/macosx/prebuilt-modules/27.0/_DarwinFoundation1.swiftmodule/arm64e-apple-macos.swiftmodule /Applications/Xcode.app/Contents/Developer/Toolchains/XcodeDefault.xctoolchain/usr/lib/swift/macosx/prebuilt-modules/27.0/IOKit.swiftmodule/arm64e-apple-macos.swiftmodule /Applications/Xcode.app/Contents/Developer/Toolchains/XcodeDefault.xctoolchain/usr/lib/swift/macosx/prebuilt-modules/27.0/_Concurrency.swiftmodule/arm64e-apple-macos.swiftmodule /Applications/Xcode.app/Contents/Developer/Toolchains/XcodeDefault.xctoolchain/usr/lib/swift/macosx/prebuilt-modules/27.0/Combine.swiftmodule/arm64e-apple-macos.swiftmodule /Applications/Xcode.app/Contents/Developer/Toolchains/XcodeDefault.xctoolchain/usr/lib/swift/macosx/prebuilt-modules/27.0/Swift.swiftmodule/arm64e-apple-macos.swiftmodule /Applications/Xcode.app/Contents/Developer/Toolchains/XcodeDefault.xctoolchain/usr/lib/swift/macosx/prebuilt-modules/27.0/Foundation.swiftmodule/arm64e-apple-macos.swiftmodule /Applications/Xcode.app/Contents/Developer/Toolchains/XcodeDefault.xctoolchain/usr/lib/swift/macosx/prebuilt-modules/27.0/_StringProcessing.swiftmodule/arm64e-apple-macos.swiftmodule /Applications/Xcode.app/Contents/Developer/Toolchains/XcodeDefault.xctoolchain/usr/lib/swift/macosx/prebuilt-modules/27.0/System.swiftmodule/arm64e-apple-macos.swiftmodule /Applications/Xcode.app/Contents/Developer/Toolchains/XcodeDefault.xctoolchain/usr/lib/swift/macosx/prebuilt-modules/27.0/XPC.swiftmodule/arm64e-apple-macos.swiftmodule /Applications/Xcode.app/Contents/Developer/Toolchains/XcodeDefault.xctoolchain/usr/lib/swift/macosx/prebuilt-modules/27.0/CoreFoundation.swiftmodule/arm64e-apple-macos.swiftmodule /Applications/Xcode.app/Contents/Developer/Toolchains/XcodeDefault.xctoolchain/usr/lib/swift/macosx/prebuilt-modules/27.0/_DarwinFoundation2.swiftmodule/arm64e-apple-macos.swiftmodule /Applications/Xcode.app/Contents/Developer/Toolchains/XcodeDefault.xctoolchain/usr/lib/swift/macosx/prebuilt-modules/27.0/Observation.swiftmodule/arm64e-apple-macos.swiftmodule /Applications/Xcode.app/Contents/Developer/Toolchains/XcodeDefault.xctoolchain/usr/lib/swift/macosx/prebuilt-modules/27.0/_Builtin_float.swiftmodule/arm64e-apple-macos.swiftmodule /Users/builder/Factory/paperloft/evidence/checkouts/p3-7cd0f79/build/DerivedData/SDKExplicitPrecompiledModules/Darwin-CO0FBKRRIZ4Y0R4PAB69O7QFS.pcm /Users/builder/Factory/paperloft/evidence/checkouts/p3-7cd0f79/build/DerivedData/SDKExplicitPrecompiledModules/_Builtin_stdbool-E43Z7799EBWB55A86TCQ393UA.pcm /Users/builder/Factory/paperloft/evidence/checkouts/p3-7cd0f79/build/DerivedData/SDKExplicitPrecompiledModules/IOKit-A5GVCJG248HG6D1Q8SI1N1DTM.pcm /Users/builder/Factory/paperloft/evidence/checkouts/p3-7cd0f79/build/DerivedData/SDKExplicitPrecompiledModules/SwiftShims-7FYRK3ANTH1WDANEMLEWR94XR.pcm /Users/builder/Factory/paperloft/evidence/checkouts/p3-7cd0f79/build/DerivedData/SDKExplicitPrecompiledModules/_SwiftConcurrencyShims-1PL4X6DOC5LJ2HU22L9Z6GV6O.pcm /Users/builder/Factory/paperloft/evidence/checkouts/p3-7cd0f79/build/DerivedData/SDKExplicitPrecompiledModules/Security-1IZQ76UG1PGUIU06W3O3QIFXX.pcm /Users/builder/Factory/paperloft/evidence/checkouts/p3-7cd0f79/build/DerivedData/SDKExplicitPrecompiledModules/ptrauth-TC8FMDYRTX5WUYP8MSDS48BJ.pcm /Users/builder/Factory/paperloft/evidence/checkouts/p3-7cd0f79/build/DerivedData/SDKExplicitPrecompiledModules/XPC-BRLMKD7P1CJIQ29JAQYCWXCZO.pcm /Users/builder/Factory/paperloft/evidence/checkouts/p3-7cd0f79/build/DerivedData/SDKExplicitPrecompiledModules/_Builtin_stdint-GLAE7UC45VRWATRRVRK08ICW.pcm /Users/builder/Factory/paperloft/evidence/checkouts/p3-7cd0f79/build/DerivedData/SDKExplicitPrecompiledModules/_Builtin_float-46OVO7DL0SNQPCG9H1VVA3NAH.pcm /Users/builder/Factory/paperloft/evidence/checkouts/p3-7cd0f79/build/DerivedData/SDKExplicitPrecompiledModules/sys_types-5T482SP9F0VK38I92B0F9B1VT.pcm /Users/builder/Factory/paperloft/evidence/checkouts/p3-7cd0f79/build/DerivedData/SDKExplicitPrecompiledModules/_DarwinFoundation3-27V40J2IMNVMQWZGJT1XUEYLE.pcm /Users/builder/Factory/paperloft/evidence/checkouts/p3-7cd0f79/build/DerivedData/SDKExplicitPrecompiledModules/MachO-9PQ6D9E5DM2JT6YQLY3YPCFHT.pcm /Users/builder/Factory/paperloft/evidence/checkouts/p3-7cd0f79/build/DerivedData/SDKExplicitPrecompiledModules/ObjectiveC-4E4I0GWZKM88HQ2Z94XN7VXQM.pcm /Users/builder/Factory/paperloft/evidence/checkouts/p3-7cd0f79/build/DerivedData/SDKExplicitPrecompiledModules/os_workgroup-5QNVP1QXVI450UE81QHHH3PHT.pcm /Users/builder/Factory/paperloft/evidence/checkouts/p3-7cd0f79/build/DerivedData/SDKExplicitPrecompiledModules/os_object-3V6AAAO65TGJBON3HSOY718LQ.pcm /Users/builder/Factory/paperloft/evidence/checkouts/p3-7cd0f79/build/DerivedData/SDKExplicitPrecompiledModules/_Builtin_limits-XDZC08PMQG9CU6K8ZV5X4L05.pcm /Users/builder/Factory/paperloft/evidence/checkouts/p3-7cd0f79/build/DerivedData/SDKExplicitPrecompiledModules/Foundation-4NYNIYYCXFZMIML4JEQG2Q8IP.pcm /Users/builder/Factory/paperloft/evidence/checkouts/p3-7cd0f79/build/DerivedData/SDKExplicitPrecompiledModules/string_h-7PKFP45U7QV5WYT1QCQLN60TG.pcm /Users/builder/Factory/paperloft/evidence/checkouts/p3-7cd0f79/build/DerivedData/SDKExplicitPrecompiledModules/DiskArbitration-2I5TNAGSKYCE266TCRCZDAOVH.pcm /Users/builder/Factory/paperloft/evidence/checkouts/p3-7cd0f79/build/DerivedData/SDKExplicitPrecompiledModules/launch-F5E5J9Z1IJXHKWI3BCQ29QIYJ.pcm /Users/builder/Factory/paperloft/evidence/checkouts/p3-7cd0f79/build/DerivedData/SDKExplicitPrecompiledModules/Dispatch-A42WU5GIRT9BBQPVGR715U71T.pcm /Users/builder/Factory/paperloft/evidence/checkouts/p3-7cd0f79/build/DerivedData/SDKExplicitPrecompiledModules/_Builtin_stdarg-1X8M6A41F8BSU98GTCD750ZPS.pcm /Users/builder/Factory/paperloft/evidence/checkouts/p3-7cd0f79/build/DerivedData/SDKExplicitPrecompiledModules/ptrcheck-W58GPGO90IVY5GYZ74TCEAZV.pcm /Users/builder/Factory/paperloft/evidence/checkouts/p3-7cd0f79/build/DerivedData/SDKExplicitPrecompiledModules/_AvailabilityInternal-EM6JRE38Y8D6J8PV71I5GD7SF.pcm /Users/builder/Factory/paperloft/evidence/checkouts/p3-7cd0f79/build/DerivedData/SDKExplicitPrecompiledModules/libDER-EZLD272ZHUGKNST1Z6HRGEYLC.pcm /Users/builder/Factory/paperloft/evidence/checkouts/p3-7cd0f79/build/DerivedData/SDKExplicitPrecompiledModules/_DarwinFoundation2-KTKR3A4NUDPV5KUWJZXPQBCZ.pcm /Users/builder/Factory/paperloft/evidence/checkouts/p3-7cd0f79/build/DerivedData/SDKExplicitPrecompiledModules/_Builtin_inttypes-C035V0AYXMVPIHGOK7BFTOYH0.pcm /Users/builder/Factory/paperloft/evidence/checkouts/p3-7cd0f79/build/DerivedData/SDKExplicitPrecompiledModules/libkern-263SX4OMRUI5PWCK6N01KJXS6.pcm /Users/builder/Factory/paperloft/evidence/checkouts/p3-7cd0f79/build/DerivedData/SDKExplicitPrecompiledModules/CFNetwork-JP9JIKADEB30WHCLFDY9W1CA.pcm /Users/builder/Factory/paperloft/evidence/checkouts/p3-7cd0f79/build/DerivedData/SDKExplicitPrecompiledModules/CoreFoundation-DGP1D61Y3ODBFTGNWA64SY5DY.pcm /Users/builder/Factory/paperloft/evidence/checkouts/p3-7cd0f79/build/DerivedData/SDKExplicitPrecompiledModules/_Builtin_stddef-E9MD5XWNI9OQNCNIUPLF5TB1V.pcm /Users/builder/Factory/paperloft/evidence/checkouts/p3-7cd0f79/build/DerivedData/SDKExplicitPrecompiledModules/CoreServices-E0BDR76WBFYT78YQQ45UEL63B.pcm /Users/builder/Factory/paperloft/evidence/checkouts/p3-7cd0f79/build/DerivedData/SDKExplicitPrecompiledModules/_DarwinFoundation1-C39F8WMCASWUI5ANL2CHHR12X.pcm /Users/builder/Factory/paperloft/evidence/checkouts/p3-7cd0f79/build/DerivedData/Build/Intermediates.noindex/PaperloftHandoff.build/Release/PaperloftHandoff-t.build/Objects-normal/arm64/PaperloftHandoff-dependencies-1.json (in target 'PaperloftHandoff' from project 'PaperloftHandoff')

SwiftCompile normal arm64 (in target 'PaperloftHandoff' from project 'PaperloftHandoff')
    cd /Users/builder/Factory/paperloft/evidence/checkouts/p3-7cd0f79/Paperloft.xcodeproj
    

SwiftExplicitDependencyGeneratePcm arm64 /Users/builder/Factory/paperloft/evidence/checkouts/p3-7cd0f79/build/DerivedData/SDKExplicitPrecompiledModules/CoreAudio-9BAZL0C6XR45QCAO3DPIG8FMX.pcm

SwiftExplicitDependencyGeneratePcm arm64 /Users/builder/Factory/paperloft/evidence/checkouts/p3-7cd0f79/build/DerivedData/SDKExplicitPrecompiledModules/Symbols-10BCM1JWF0FMNVQZBJE36GXCA.pcm

SwiftExplicitDependencyGeneratePcm arm64 /Users/builder/Factory/paperloft/evidence/checkouts/p3-7cd0f79/build/DerivedData/SDKExplicitPrecompiledModules/ApplicationServices-9GFGNC6AZYD44ZREUSO4PCNXV.pcm

SwiftExplicitDependencyGeneratePcm arm64 /Users/builder/Factory/paperloft/evidence/checkouts/p3-7cd0f79/build/DerivedData/SDKExplicitPrecompiledModules/UniformTypeIdentifiers-E1VQHJ1MMVXHT96NYCZRR9HC6.pcm

SwiftExplicitDependencyGeneratePcm arm64 /Users/builder/Factory/paperloft/evidence/checkouts/p3-7cd0f79/build/DerivedData/SDKExplicitPrecompiledModules/OSLog-7JY9OF5NK409PYR86S339BQEE.pcm

SwiftExplicitDependencyGeneratePcm arm64 /Users/builder/Factory/paperloft/evidence/checkouts/p3-7cd0f79/build/DerivedData/SDKExplicitPrecompiledModules/LocalAuthentication-3URBTTCWJKKKY7P6T2FDRCJW0.pcm

SwiftExplicitDependencyGeneratePcm arm64 /Users/builder/Factory/paperloft/evidence/checkouts/p3-7cd0f79/build/DerivedData/SDKExplicitPrecompiledModules/DataDetection-D8N2AVOS49JX968S4PAP20THJ.pcm

SwiftExplicitDependencyGeneratePcm arm64 /Users/builder/Factory/paperloft/evidence/checkouts/p3-7cd0f79/build/DerivedData/SDKExplicitPrecompiledModules/IOSurface-31QJ1163ELHYJHUL7IEQK171S.pcm

SwiftExplicitDependencyGeneratePcm arm64 /Users/builder/Factory/paperloft/evidence/checkouts/p3-7cd0f79/build/DerivedData/SDKExplicitPrecompiledModules/CoreMIDI-70T65U0AB4B5B1VO24AYNH8RB.pcm

SwiftExplicitDependencyGeneratePcm arm64 /Users/builder/Factory/paperloft/evidence/checkouts/p3-7cd0f79/build/DerivedData/SDKExplicitPrecompiledModules/CoreData-4EPIMRNEIAFUPXTWRRKVRYOZ5.pcm

SwiftExplicitDependencyGeneratePcm arm64 /Users/builder/Factory/paperloft/evidence/checkouts/p3-7cd0f79/build/DerivedData/SDKExplicitPrecompiledModules/Metal-18CLLOVOXYW7LT9TU28ENGMA3.pcm

SwiftExplicitDependencyGeneratePcm arm64 /Users/builder/Factory/paperloft/evidence/checkouts/p3-7cd0f79/build/DerivedData/SDKExplicitPrecompiledModules/CoreTransferable-3WV1JMKP459CT23PVJ79GEMTJ.pcm

SwiftExplicitDependencyGeneratePcm arm64 /Users/builder/Factory/paperloft/evidence/checkouts/p3-7cd0f79/build/DerivedData/SDKExplicitPrecompiledModules/Accessibility-ABU57VYI8684Z8QB2HIABU7IP.pcm

SwiftExplicitDependencyGeneratePcm arm64 /Users/builder/Factory/paperloft/evidence/checkouts/p3-7cd0f79/build/DerivedData/SDKExplicitPrecompiledModules/OpenGL-4V6T87HNOLD4UELG01OBMJ0MW.pcm

SwiftExplicitDependencyGeneratePcm arm64 /Users/builder/Factory/paperloft/evidence/checkouts/p3-7cd0f79/build/DerivedData/SDKExplicitPrecompiledModules/Carbon-7W0ESAWU7JWNF9VV3MV2ZECV6.pcm

SwiftExplicitDependencyGeneratePcm arm64 /Users/builder/Factory/paperloft/evidence/checkouts/p3-7cd0f79/build/DerivedData/SDKExplicitPrecompiledModules/CoreVideo-6S9APYLINREXJH9D3QM4VMLWB.pcm

SwiftExplicitDependencyGeneratePcm arm64 /Users/builder/Factory/paperloft/evidence/checkouts/p3-7cd0f79/build/DerivedData/SDKExplicitPrecompiledModules/AudioToolbox-BOMTK8FJ36GW8ADNINOSP0E56.pcm

SwiftExplicitDependencyGeneratePcm arm64 /Users/builder/Factory/paperloft/evidence/checkouts/p3-7cd0f79/build/DerivedData/SDKExplicitPrecompiledModules/QuartzCore-8WPC98YKHT088N4ZY7YJUM4ZJ.pcm

SwiftExplicitDependencyGeneratePcm arm64 /Users/builder/Factory/paperloft/evidence/checkouts/p3-7cd0f79/build/DerivedData/SDKExplicitPrecompiledModules/CoreMedia-8Q05G1V5J0N789P1D4FWZYM1B.pcm

SwiftExplicitDependencyGeneratePcm arm64 /Users/builder/Factory/paperloft/evidence/checkouts/p3-7cd0f79/build/DerivedData/SDKExplicitPrecompiledModules/Accelerate-1HYUGJ64GA2EVTFLKLJDJFIKF.pcm

SwiftExplicitDependencyGeneratePcm arm64 /Users/builder/Factory/paperloft/evidence/checkouts/p3-7cd0f79/build/DerivedData/SDKExplicitPrecompiledModules/CoreML-7HASWBWX7YS2EY2OZPJ1N4BFN.pcm

SwiftExplicitDependencyGeneratePcm arm64 /Users/builder/Factory/paperloft/evidence/checkouts/p3-7cd0f79/build/DerivedData/SDKExplicitPrecompiledModules/CoreImage-9CB8DK1052E5BZ6D118VE8EF9.pcm

SwiftExplicitDependencyGeneratePcm arm64 /Users/builder/Factory/paperloft/evidence/checkouts/p3-7cd0f79/build/DerivedData/SDKExplicitPrecompiledModules/SwiftUICore-EF68YEM65T0FHMFY3WX9RKYWG.pcm

SwiftExplicitDependencyGeneratePcm arm64 /Users/builder/Factory/paperloft/evidence/checkouts/p3-7cd0f79/build/DerivedData/SDKExplicitPrecompiledModules/VideoToolbox-D7137VLUDIWXJ7SQE3L4INKHF.pcm

SwiftExplicitDependencyGeneratePcm arm64 /Users/builder/Factory/paperloft/evidence/checkouts/p3-7cd0f79/build/DerivedData/SDKExplicitPrecompiledModules/MediaToolbox-F479MH3TZC9QWYVOMGL2WEI2V.pcm

SwiftExplicitDependencyGeneratePcm arm64 /Users/builder/Factory/paperloft/evidence/checkouts/p3-7cd0f79/build/DerivedData/SDKExplicitPrecompiledModules/Vision-4BEHF67I6POXXPAOKKXSRZLHL.pcm

SwiftExplicitDependencyGeneratePcm arm64 /Users/builder/Factory/paperloft/evidence/checkouts/p3-7cd0f79/build/DerivedData/SDKExplicitPrecompiledModules/AVFAudio-1DFG6B0GHJ8H1HVUDD4BV4MDK.pcm

SwiftExplicitDependencyGeneratePcm arm64 /Users/builder/Factory/paperloft/evidence/checkouts/p3-7cd0f79/build/DerivedData/SDKExplicitPrecompiledModules/AppKit-652C01BS6HJTDJLXH0SN5MIJ1.pcm

SwiftExplicitDependencyGeneratePcm arm64 /Users/builder/Factory/paperloft/evidence/checkouts/p3-7cd0f79/build/DerivedData/SDKExplicitPrecompiledModules/AVFoundation-7KPXOR2ZLNHH99JM9U6Q1X737.pcm

SwiftExplicitDependencyGeneratePcm arm64 /Users/builder/Factory/paperloft/evidence/checkouts/p3-7cd0f79/build/DerivedData/SDKExplicitPrecompiledModules/Cocoa-YJ20U5JVL0DAZUIXCY2MO2MO.pcm

SwiftExplicitDependencyGeneratePcm arm64 /Users/builder/Factory/paperloft/evidence/checkouts/p3-7cd0f79/build/DerivedData/SDKExplicitPrecompiledModules/PDFKit-B0AVWEB694XWFGKLUFAR34IJC.pcm

SwiftDriverJobDiscovery normal x86_64 Compiling HandoffConsumerLease.swift, HandoffFileCopy.swift, HandoffStore.swift (in target 'PaperloftHandoff' from project 'PaperloftHandoff')

SwiftDriver\ Compilation\ Requirements PaperloftHandoff normal x86_64 com.apple.xcode.tools.swift.compiler (in target 'PaperloftHandoff' from project 'PaperloftHandoff')
    cd /Users/builder/Factory/paperloft/evidence/checkouts/p3-7cd0f79/Paperloft.xcodeproj
    builtin-Swift-Compilation-Requirements -- /Applications/Xcode.app/Contents/Developer/Toolchains/XcodeDefault.xctoolchain/usr/bin/swiftc -parse-as-library -module-name PaperloftHandoff -O -whole-module-optimization @/Users/builder/Factory/paperloft/evidence/checkouts/p3-7cd0f79/build/DerivedData/Build/Intermediates.noindex/PaperloftHandoff.build/Release/PaperloftHandoff-t.build/Objects-normal/x86_64/PaperloftHandoff.SwiftFileList -DSWIFT_PACKAGE -DSWIFT_MODULE_RESOURCE_BUNDLE_UNAVAILABLE -DXcode -plugin-path /Applications/Xcode.app/Contents/Developer/Toolchains/XcodeDefault.xctoolchain/usr/lib/swift/host/plugins/testing -enable-experimental-feature DebugDescriptionMacro -sdk /Applications/Xcode.app/Contents/Developer/Platforms/MacOSX.platform/Developer/SDKs/MacOSX27.0.sdk -target x86_64-apple-macos13.0 -g -module-cache-path /Users/builder/Factory/paperloft/evidence/checkouts/p3-7cd0f79/build/DerivedData/ModuleCache.noindex -Xfrontend -serialize-debugging-options -profile-coverage-mapping -profile-generate -warnings-as-errors -swift-version 6 -I /Users/builder/Factory/paperloft/evidence/checkouts/p3-7cd0f79/build/DerivedData/Build/Products/Release -Isystem /Applications/Xcode.app/Contents/Developer/Platforms/MacOSX.platform/Developer/usr/lib -F /Users/builder/Factory/paperloft/evidence/checkouts/p3-7cd0f79/build/DerivedData/Build/Products/Release -F /Applications/Xcode.app/Contents/Developer/Platforms/MacOSX.platform/Developer/Library/Frameworks -c -num-threads 10 -Xcc -ivfsstatcache -Xcc /Users/builder/Factory/paperloft/evidence/checkouts/p3-7cd0f79/build/DerivedData/SDKStatCaches.noindex/macosx27.0-26A425-7231f6df4def33e022ae2eb8f782df1a.sdkstatcache -output-file-map /Users/builder/Factory/paperloft/evidence/checkouts/p3-7cd0f79/build/DerivedData/Build/Intermediates.noindex/PaperloftHandoff.build/Release/PaperloftHandoff-t.build/Objects-normal/x86_64/PaperloftHandoff-OutputFileMap.json -save-temps -no-color-diagnostics -explicit-module-build -module-cache-path /Users/builder/Factory/paperloft/evidence/checkouts/p3-7cd0f79/build/DerivedData/Build/Intermediates.noindex/SwiftExplicitPrecompiledModules -clang-scanner-module-cache-path /Users/builder/Factory/paperloft/evidence/checkouts/p3-7cd0f79/build/DerivedData/ModuleCache.noindex -sdk-module-cache-path /Users/builder/Factory/paperloft/evidence/checkouts/p3-7cd0f79/build/DerivedData/SDKExplicitPrecompiledModules -emit-dependencies -emit-module -emit-module-path /Users/builder/Factory/paperloft/evidence/checkouts/p3-7cd0f79/build/DerivedData/Build/Intermediates.noindex/PaperloftHandoff.build/Release/PaperloftHandoff-t.build/Objects-normal/x86_64/PaperloftHandoff.swiftmodule -serialize-diagnostics -dependency-scan-serialize-diagnostics-path /Users/builder/Factory/paperloft/evidence/checkouts/p3-7cd0f79/build/DerivedData/Build/Intermediates.noindex/PaperloftHandoff.build/Release/PaperloftHandoff-t.build/Objects-normal/x86_64/PaperloftHandoff-dependency-scan.dia -validate-clang-modules-once -clang-build-session-file /Users/builder/Factory/paperloft/evidence/checkouts/p3-7cd0f79/build/DerivedData/ModuleCache.noindex/Session.modulevalidation -Xcc -fmodules-prune-interval\=86400 -Xcc -fmodules-prune-after\=345600 -package-name paperlofthandoff -emit-const-values -const-gather-protocols-list /Users/builder/Factory/paperloft/evidence/checkouts/p3-7cd0f79/build/DerivedData/Build/Intermediates.noindex/PaperloftHandoff.build/Release/PaperloftHandoff-t.build/Objects-normal/x86_64/PaperloftHandoff_const_extract_protocols.json -Xcc -I/Users/builder/Factory/paperloft/evidence/checkouts/p3-7cd0f79/build/DerivedData/Build/Products/Release/include -Xcc -I/Users/builder/Factory/paperloft/evidence/checkouts/p3-7cd0f79/build/DerivedData/Build/Intermediates.noindex/PaperloftHandoff.build/Release/PaperloftHandoff-t.build/DerivedSources-normal/x86_64 -Xcc -I/Users/builder/Factory/paperloft/evidence/checkouts/p3-7cd0f79/build/DerivedData/Build/Intermediates.noindex/PaperloftHandoff.build/Release/PaperloftHandoff-t.build/DerivedSources/x86_64 -Xcc -I/Users/builder/Factory/paperloft/evidence/checkouts/p3-7cd0f79/build/DerivedData/Build/Intermediates.noindex/PaperloftHandoff.build/Release/PaperloftHandoff-t.build/DerivedSources -Xcc -DSWIFT_PACKAGE -emit-objc-header -emit-objc-header-path /Users/builder/Factory/paperloft/evidence/checkouts/p3-7cd0f79/build/DerivedData/Build/Intermediates.noindex/PaperloftHandoff.build/Release/PaperloftHandoff-t.build/Objects-normal/x86_64/PaperloftHandoff-Swift.h -working-directory /Users/builder/Factory/paperloft/evidence/checkouts/p3-7cd0f79/Paperloft.xcodeproj -no-emit-module-separately-wmo

Copy /Users/builder/Factory/paperloft/evidence/checkouts/p3-7cd0f79/build/DerivedData/Build/Products/Release/PaperloftHandoff.swiftmodule/x86_64-apple-macos.abi.json /Users/builder/Factory/paperloft/evidence/checkouts/p3-7cd0f79/build/DerivedData/Build/Intermediates.noindex/PaperloftHandoff.build/Release/PaperloftHandoff-t.build/Objects-normal/x86_64/PaperloftHandoff.abi.json (in target 'PaperloftHandoff' from project 'PaperloftHandoff')
    cd /Users/builder/Factory/paperloft/evidence/checkouts/p3-7cd0f79/Packages/PaperloftHandoff
    builtin-copy -exclude .DS_Store -exclude CVS -exclude .svn -exclude .git -exclude .hg -strip-unsigned-binaries -strip-deterministic -strip-tool /Applications/Xcode.app/Contents/Developer/Toolchains/XcodeDefault.xctoolchain/usr/bin/strip -resolve-src-symlinks -rename /Users/builder/Factory/paperloft/evidence/checkouts/p3-7cd0f79/build/DerivedData/Build/Intermediates.noindex/PaperloftHandoff.build/Release/PaperloftHandoff-t.build/Objects-normal/x86_64/PaperloftHandoff.abi.json /Users/builder/Factory/paperloft/evidence/checkouts/p3-7cd0f79/build/DerivedData/Build/Products/Release/PaperloftHandoff.swiftmodule/x86_64-apple-macos.abi.json

Copy /Users/builder/Factory/paperloft/evidence/checkouts/p3-7cd0f79/build/DerivedData/Build/Products/Release/PaperloftHandoff.swiftmodule/x86_64-apple-macos.swiftmodule /Users/builder/Factory/paperloft/evidence/checkouts/p3-7cd0f79/build/DerivedData/Build/Intermediates.noindex/PaperloftHandoff.build/Release/PaperloftHandoff-t.build/Objects-normal/x86_64/PaperloftHandoff.swiftmodule (in target 'PaperloftHandoff' from project 'PaperloftHandoff')
    cd /Users/builder/Factory/paperloft/evidence/checkouts/p3-7cd0f79/Packages/PaperloftHandoff
    builtin-copy -exclude .DS_Store -exclude CVS -exclude .svn -exclude .git -exclude .hg -strip-unsigned-binaries -strip-deterministic -strip-tool /Applications/Xcode.app/Contents/Developer/Toolchains/XcodeDefault.xctoolchain/usr/bin/strip -resolve-src-symlinks -rename /Users/builder/Factory/paperloft/evidence/checkouts/p3-7cd0f79/build/DerivedData/Build/Intermediates.noindex/PaperloftHandoff.build/Release/PaperloftHandoff-t.build/Objects-normal/x86_64/PaperloftHandoff.swiftmodule /Users/builder/Factory/paperloft/evidence/checkouts/p3-7cd0f79/build/DerivedData/Build/Products/Release/PaperloftHandoff.swiftmodule/x86_64-apple-macos.swiftmodule

Copy /Users/builder/Factory/paperloft/evidence/checkouts/p3-7cd0f79/build/DerivedData/Build/Products/Release/PaperloftHandoff.swiftmodule/x86_64-apple-macos.swiftdoc /Users/builder/Factory/paperloft/evidence/checkouts/p3-7cd0f79/build/DerivedData/Build/Intermediates.noindex/PaperloftHandoff.build/Release/PaperloftHandoff-t.build/Objects-normal/x86_64/PaperloftHandoff.swiftdoc (in target 'PaperloftHandoff' from project 'PaperloftHandoff')
    cd /Users/builder/Factory/paperloft/evidence/checkouts/p3-7cd0f79/Packages/PaperloftHandoff
    builtin-copy -exclude .DS_Store -exclude CVS -exclude .svn -exclude .git -exclude .hg -strip-unsigned-binaries -strip-deterministic -strip-tool /Applications/Xcode.app/Contents/Developer/Toolchains/XcodeDefault.xctoolchain/usr/bin/strip -resolve-src-symlinks -rename /Users/builder/Factory/paperloft/evidence/checkouts/p3-7cd0f79/build/DerivedData/Build/Intermediates.noindex/PaperloftHandoff.build/Release/PaperloftHandoff-t.build/Objects-normal/x86_64/PaperloftHandoff.swiftdoc /Users/builder/Factory/paperloft/evidence/checkouts/p3-7cd0f79/build/DerivedData/Build/Products/Release/PaperloftHandoff.swiftmodule/x86_64-apple-macos.swiftdoc

SwiftCompile normal arm64 Compiling\ AccountantPack.swift,\ Assessment.swift,\ Extraction.swift,\ IntakeQueue.swift,\ LibraryAccess.swift,\ LibraryFiles.swift,\ LibraryStore.swift,\ MailAttachmentSupport.swift,\ MailCandidateSelection.swift,\ MailDeliveryLedger.swift,\ MailDocument.swift,\ MailEnvelope.swift,\ MailFieldHints.swift,\ MailImport.swift,\ Money.swift,\ Receipt.swift,\ ReceiptEngine.swift,\ ReceiptIndex.swift,\ ReceiptNameTemplate.swift,\ Recognize.swift,\ ScanImport.swift,\ TaxSourceEvidence.swift,\ TextLayout.swift,\ UnderstandingQuota.swift,\ WatchedFolderScanner.swift /Users/builder/Factory/paperloft/evidence/checkouts/p3-7cd0f79/Packages/PaperloftKit/Sources/PaperloftKit/AccountantPack.swift /Users/builder/Factory/paperloft/evidence/checkouts/p3-7cd0f79/Packages/PaperloftKit/Sources/PaperloftKit/Assessment.swift /Users/builder/Factory/paperloft/evidence/checkouts/p3-7cd0f79/Packages/PaperloftKit/Sources/PaperloftKit/Extraction.swift /Users/builder/Factory/paperloft/evidence/checkouts/p3-7cd0f79/Packages/PaperloftKit/Sources/PaperloftKit/IntakeQueue.swift /Users/builder/Factory/paperloft/evidence/checkouts/p3-7cd0f79/Packages/PaperloftKit/Sources/PaperloftKit/LibraryAccess.swift /Users/builder/Factory/paperloft/evidence/checkouts/p3-7cd0f79/Packages/PaperloftKit/Sources/PaperloftKit/LibraryFiles.swift /Users/builder/Factory/paperloft/evidence/checkouts/p3-7cd0f79/Packages/PaperloftKit/Sources/PaperloftKit/LibraryStore.swift /Users/builder/Factory/paperloft/evidence/checkouts/p3-7cd0f79/Packages/PaperloftKit/Sources/PaperloftKit/MailAttachmentSupport.swift /Users/builder/Factory/paperloft/evidence/checkouts/p3-7cd0f79/Packages/PaperloftKit/Sources/PaperloftKit/MailCandidateSelection.swift /Users/builder/Factory/paperloft/evidence/checkouts/p3-7cd0f79/Packages/PaperloftKit/Sources/PaperloftKit/MailDeliveryLedger.swift /Users/builder/Factory/paperloft/evidence/checkouts/p3-7cd0f79/Packages/PaperloftKit/Sources/PaperloftKit/MailDocument.swift /Users/builder/Factory/paperloft/evidence/checkouts/p3-7cd0f79/Packages/PaperloftKit/Sources/PaperloftKit/MailEnvelope.swift /Users/builder/Factory/paperloft/evidence/checkouts/p3-7cd0f79/Packages/PaperloftKit/Sources/PaperloftKit/MailFieldHints.swift /Users/builder/Factory/paperloft/evidence/checkouts/p3-7cd0f79/Packages/PaperloftKit/Sources/PaperloftKit/MailImport.swift /Users/builder/Factory/paperloft/evidence/checkouts/p3-7cd0f79/Packages/PaperloftKit/Sources/PaperloftKit/Money.swift /Users/builder/Factory/paperloft/evidence/checkouts/p3-7cd0f79/Packages/PaperloftKit/Sources/PaperloftKit/Receipt.swift /Users/builder/Factory/paperloft/evidence/checkouts/p3-7cd0f79/Packages/PaperloftKit/Sources/PaperloftKit/ReceiptEngine.swift /Users/builder/Factory/paperloft/evidence/checkouts/p3-7cd0f79/Packages/PaperloftKit/Sources/PaperloftKit/ReceiptIndex.swift /Users/builder/Factory/paperloft/evidence/checkouts/p3-7cd0f79/Packages/PaperloftKit/Sources/PaperloftKit/ReceiptNameTemplate.swift /Users/builder/Factory/paperloft/evidence/checkouts/p3-7cd0f79/Packages/PaperloftKit/Sources/PaperloftKit/Recognize.swift /Users/builder/Factory/paperloft/evidence/checkouts/p3-7cd0f79/Packages/PaperloftKit/Sources/PaperloftKit/ScanImport.swift /Users/builder/Factory/paperloft/evidence/checkouts/p3-7cd0f79/Packages/PaperloftKit/Sources/PaperloftKit/TaxSourceEvidence.swift /Users/builder/Factory/paperloft/evidence/checkouts/p3-7cd0f79/Packages/PaperloftKit/Sources/PaperloftKit/TextLayout.swift /Users/builder/Factory/paperloft/evidence/checkouts/p3-7cd0f79/Packages/PaperloftKit/Sources/PaperloftKit/UnderstandingQuota.swift /Users/builder/Factory/paperloft/evidence/checkouts/p3-7cd0f79/Packages/PaperloftKit/Sources/PaperloftKit/WatchedFolderScanner.swift /Applications/Xcode.app/Contents/Developer/Toolchains/XcodeDefault.xctoolchain/usr/lib/swift/macosx/prebuilt-modules/27.0/CoreML.swiftmodule/arm64e-apple-macos.swiftmodule /Applications/Xcode.app/Contents/Developer/Toolchains/XcodeDefault.xctoolchain/usr/lib/swift/macosx/prebuilt-modules/27.0/CoreGraphics.swiftmodule/arm64e-apple-macos.swiftmodule /Applications/Xcode.app/Contents/Developer/Toolchains/XcodeDefault.xctoolchain/usr/lib/swift/macosx/prebuilt-modules/27.0/_DarwinFoundation3.swiftmodule/arm64e-apple-macos.swiftmodule /Applications/Xcode.app/Contents/Developer/Toolchains/XcodeDefault.xctoolchain/usr/lib/swift/macosx/prebuilt-modules/27.0/Combine.swiftmodule/arm64e-apple-macos.swiftmodule /Applications/Xcode.app/Contents/Developer/Toolchains/XcodeDefault.xctoolchain/usr/lib/swift/macosx/prebuilt-modules/27.0/MediaToolbox.swiftmodule/arm64e-apple-macos.swiftmodule /Applications/Xcode.app/Contents/Developer/Toolchains/XcodeDefault.xctoolchain/usr/lib/swift/macosx/prebuilt-modules/27.0/PDFKit.swiftmodule/arm64e-apple-macos.swiftmodule /Applications/Xcode.app/Contents/Developer/Toolchains/XcodeDefault.xctoolchain/usr/lib/swift/macosx/prebuilt-modules/27.0/_Builtin_float.swiftmodule/arm64e-apple-macos.swiftmodule /Applications/Xcode.app/Contents/Developer/Toolchains/XcodeDefault.xctoolchain/usr/lib/swift/macosx/prebuilt-modules/27.0/_Concurrency.swiftmodule/arm64e-apple-macos.swiftmodule /Applications/Xcode.app/Contents/Developer/Toolchains/XcodeDefault.xctoolchain/usr/lib/swift/macosx/prebuilt-modules/27.0/Swift.swiftmodule/arm64e-apple-macos.swiftmodule /Applications/Xcode.app/Contents/Developer/Toolchains/XcodeDefault.xctoolchain/usr/lib/swift/macosx/prebuilt-modules/27.0/ObjectiveC.swiftmodule/arm64e-apple-macos.swiftmodule /Applications/Xcode.app/Contents/Developer/Toolchains/XcodeDefault.xctoolchain/usr/lib/swift/macosx/prebuilt-modules/27.0/ImageIO.swiftmodule/arm64e-apple-macos.swiftmodule /Applications/Xcode.app/Contents/Developer/Toolchains/XcodeDefault.xctoolchain/usr/lib/swift/macosx/prebuilt-modules/27.0/Darwin.swiftmodule/arm64e-apple-macos.swiftmodule /Applications/Xcode.app/Contents/Developer/Toolchains/XcodeDefault.xctoolchain/usr/lib/swift/macosx/prebuilt-modules/27.0/AVFAudio.swiftmodule/arm64e-apple-macos.swiftmodule /Applications/Xcode.app/Contents/Developer/Toolchains/XcodeDefault.xctoolchain/usr/lib/swift/macosx/prebuilt-modules/27.0/SwiftData.swiftmodule/arm64e-apple-macos.swiftmodule /Applications/Xcode.app/Contents/Developer/Toolchains/XcodeDefault.xctoolchain/usr/lib/swift/macosx/prebuilt-modules/27.0/IOKit.swiftmodule/arm64e-apple-macos.swiftmodule /Applications/Xcode.app/Contents/Developer/Toolchains/XcodeDefault.xctoolchain/usr/lib/swift/macosx/prebuilt-modules/27.0/Foundation.swiftmodule/arm64e-apple-macos.swiftmodule /Applications/Xcode.app/Contents/Developer/Toolchains/XcodeDefault.xctoolchain/usr/lib/swift/macosx/prebuilt-modules/27.0/ColorSync.swiftmodule/arm64e-apple-macos.swiftmodule /Applications/Xcode.app/Contents/Developer/Toolchains/XcodeDefault.xctoolchain/usr/lib/swift/macosx/prebuilt-modules/27.0/DataDetection.swiftmodule/arm64e-apple-macos.swiftmodule /Applications/Xcode.app/Contents/Developer/Toolchains/XcodeDefault.xctoolchain/usr/lib/swift/macosx/prebuilt-modules/27.0/CoreText.swiftmodule/arm64e-apple-macos.swiftmodule /Applications/Xcode.app/Contents/Developer/Toolchains/XcodeDefault.xctoolchain/usr/lib/swift/macosx/prebuilt-modules/27.0/Dispatch.swiftmodule/arm64e-apple-macos.swiftmodule /Applications/Xcode.app/Contents/Developer/Toolchains/XcodeDefault.xctoolchain/usr/lib/swift/macosx/prebuilt-modules/27.0/Spatial.swiftmodule/arm64e-apple-macos.swiftmodule /Applications/Xcode.app/Contents/Developer/Toolchains/XcodeDefault.xctoolchain/usr/lib/swift/macosx/prebuilt-modules/27.0/XPC.swiftmodule/arm64e-apple-macos.swiftmodule /Applications/Xcode.app/Contents/Developer/Toolchains/XcodeDefault.xctoolchain/usr/lib/swift/macosx/prebuilt-modules/27.0/CryptoKit.swiftmodule/arm64e-apple-macos.swiftmodule /Applications/Xcode.app/Contents/Developer/Toolchains/XcodeDefault.xctoolchain/usr/lib/swift/macosx/prebuilt-modules/27.0/System.swiftmodule/arm64e-apple-macos.swiftmodule /Applications/Xcode.app/Contents/Developer/Toolchains/XcodeDefault.xctoolchain/usr/lib/swift/macosx/prebuilt-modules/27.0/DeveloperToolsSupport.swiftmodule/arm64e-apple-macos.swiftmodule /Applications/Xcode.app/Contents/Developer/Toolchains/XcodeDefault.xctoolchain/usr/lib/swift/macosx/prebuilt-modules/27.0/Symbols.swiftmodule/arm64e-apple-macos.swiftmodule /Applications/Xcode.app/Contents/Developer/Toolchains/XcodeDefault.xctoolchain/usr/lib/swift/macosx/prebuilt-modules/27.0/AVFoundation.swiftmodule/arm64e-apple-macos.swiftmodule /Applications/Xcode.app/Contents/Developer/Toolchains/XcodeDefault.xctoolchain/usr/lib/swift/macosx/prebuilt-modules/27.0/Metal.swiftmodule/arm64e-apple-macos.swiftmodule /Applications/Xcode.app/Contents/Developer/Toolchains/XcodeDefault.xctoolchain/usr/lib/swift/macosx/prebuilt-modules/27.0/FoundationModels.swiftmodule/arm64e-apple-macos.swiftmodule /Applications/Xcode.app/Contents/Developer/Toolchains/XcodeDefault.xctoolchain/usr/lib/swift/macosx/prebuilt-modules/27.0/_DarwinFoundation2.swiftmodule/arm64e-apple-macos.swiftmodule /Applications/Xcode.app/Contents/Developer/Toolchains/XcodeDefault.xctoolchain/usr/lib/swift/macosx/prebuilt-modules/27.0/LocalAuthentication.swiftmodule/arm64e-apple-macos.swiftmodule /Applications/Xcode.app/Contents/Developer/Toolchains/XcodeDefault.xctoolchain/usr/lib/swift/macosx/prebuilt-modules/27.0/Vision.swiftmodule/arm64e-apple-macos.swiftmodule /Applications/Xcode.app/Contents/Developer/Toolchains/XcodeDefault.xctoolchain/usr/lib/swift/macosx/prebuilt-modules/27.0/OSLog.swiftmodule/arm64e-apple-macos.swiftmodule /Applications/Xcode.app/Contents/Developer/Toolchains/XcodeDefault.xctoolchain/usr/lib/swift/macosx/prebuilt-modules/27.0/UniformTypeIdentifiers.swiftmodule/arm64e-apple-macos.swiftmodule /Applications/Xcode.app/Contents/Developer/Toolchains/XcodeDefault.xctoolchain/usr/lib/swift/macosx/prebuilt-modules/27.0/AppKit.swiftmodule/arm64e-apple-macos.swiftmodule /Applications/Xcode.app/Contents/Developer/Toolchains/XcodeDefault.xctoolchain/usr/lib/swift/macosx/prebuilt-modules/27.0/AudioToolbox.swiftmodule/arm64e-apple-macos.swiftmodule /Applications/Xcode.app/Contents/Developer/Toolchains/XcodeDefault.xctoolchain/usr/lib/swift/macosx/prebuilt-modules/27.0/SwiftUICore.swiftmodule/arm64e-apple-macos.swiftmodule /Applications/Xcode.app/Contents/Developer/Toolchains/XcodeDefault.xctoolchain/usr/lib/swift/macosx/prebuilt-modules/27.0/CoreMIDI.swiftmodule/arm64e-apple-macos.swiftmodule /Applications/Xcode.app/Contents/Developer/Toolchains/XcodeDefault.xctoolchain/usr/lib/swift/macosx/prebuilt-modules/27.0/_DarwinFoundation1.swiftmodule/arm64e-apple-macos.swiftmodule /Applications/Xcode.app/Contents/Developer/Toolchains/XcodeDefault.xctoolchain/usr/lib/swift/macosx/prebuilt-modules/27.0/Accessibility.swiftmodule/arm64e-apple-macos.swiftmodule /Applications/Xcode.app/Contents/Developer/Toolchains/XcodeDefault.xctoolchain/usr/lib/swift/macosx/prebuilt-modules/27.0/QuartzCore.swiftmodule/arm64e-apple-macos.swiftmodule /Applications/Xcode.app/Contents/Developer/Toolchains/XcodeDefault.xctoolchain/usr/lib/swift/macosx/prebuilt-modules/27.0/VideoToolbox.swiftmodule/arm64e-apple-macos.swiftmodule /Applications/Xcode.app/Contents/Developer/Toolchains/XcodeDefault.xctoolchain/usr/lib/swift/macosx/prebuilt-modules/27.0/CoreFoundation.swiftmodule/arm64e-apple-macos.swiftmodule /Applications/Xcode.app/Contents/Developer/Toolchains/XcodeDefault.xctoolchain/usr/lib/swift/macosx/prebuilt-modules/27.0/Synchronization.swiftmodule/arm64e-apple-macos.swiftmodule /Applications/Xcode.app/Contents/Developer/Toolchains/XcodeDefault.xctoolchain/usr/lib/swift/macosx/prebuilt-modules/27.0/CoreTransferable.swiftmodule/arm64e-apple-macos.swiftmodule /Applications/Xcode.app/Contents/Developer/Toolchains/XcodeDefault.xctoolchain/usr/lib/swift/macosx/prebuilt-modules/27.0/Compression.swiftmodule/arm64e-apple-macos.swiftmodule /Applications/Xcode.app/Contents/Developer/Toolchains/XcodeDefault.xctoolchain/usr/lib/swift/macosx/prebuilt-modules/27.0/Accelerate.swiftmodule/arm64e-apple-macos.swiftmodule /Applications/Xcode.app/Contents/Developer/Toolchains/XcodeDefault.xctoolchain/usr/lib/swift/macosx/prebuilt-modules/27.0/os.swiftmodule/arm64e-apple-macos.swiftmodule /Applications/Xcode.app/Contents/Developer/Toolchains/XcodeDefault.xctoolchain/usr/lib/swift/macosx/prebuilt-modules/27.0/_StringProcessing.swiftmodule/arm64e-apple-macos.swiftmodule /Applications/Xcode.app/Contents/Developer/Toolchains/XcodeDefault.xctoolchain/usr/lib/swift/macosx/prebuilt-modules/27.0/simd.swiftmodule/arm64e-apple-macos.swiftmodule /Applications/Xcode.app/Contents/Developer/Toolchains/XcodeDefault.xctoolchain/usr/lib/swift/macosx/prebuilt-modules/27.0/CoreMedia.swiftmodule/arm64e-apple-macos.swiftmodule /Applications/Xcode.app/Contents/Developer/Toolchains/XcodeDefault.xctoolchain/usr/lib/swift/macosx/prebuilt-modules/27.0/CoreImage.swiftmodule/arm64e-apple-macos.swiftmodule /Applications/Xcode.app/Contents/Developer/Toolchains/XcodeDefault.xctoolchain/usr/lib/swift/macosx/prebuilt-modules/27.0/CoreData.swiftmodule/arm64e-apple-macos.swiftmodule /Applications/Xcode.app/Contents/Developer/Toolchains/XcodeDefault.xctoolchain/usr/lib/swift/macosx/prebuilt-modules/27.0/CoreAudio.swiftmodule/arm64e-apple-macos.swiftmodule /Applications/Xcode.app/Contents/Developer/Toolchains/XcodeDefault.xctoolchain/usr/lib/swift/macosx/prebuilt-modules/27.0/Observation.swiftmodule/arm64e-apple-macos.swiftmodule /Applications/Xcode.app/Contents/Developer/Toolchains/XcodeDefault.xctoolchain/usr/lib/swift/macosx/prebuilt-modules/27.0/CoreVideo.swiftmodule/arm64e-apple-macos.swiftmodule /Users/builder/Factory/paperloft/evidence/checkouts/p3-7cd0f79/build/DerivedData/SDKExplicitPrecompiledModules/Security-1IZQ76UG1PGUIU06W3O3QIFXX.pcm /Users/builder/Factory/paperloft/evidence/checkouts/p3-7cd0f79/build/DerivedData/SDKExplicitPrecompiledModules/_DarwinFoundation2-KTKR3A4NUDPV5KUWJZXPQBCZ.pcm /Users/builder/Factory/paperloft/evidence/checkouts/p3-7cd0f79/build/DerivedData/SDKExplicitPrecompiledModules/CoreImage-9CB8DK1052E5BZ6D118VE8EF9.pcm /Users/builder/Factory/paperloft/evidence/checkouts/p3-7cd0f79/build/DerivedData/SDKExplicitPrecompiledModules/DiskArbitration-2I5TNAGSKYCE266TCRCZDAOVH.pcm /Users/builder/Factory/paperloft/evidence/checkouts/p3-7cd0f79/build/DerivedData/SDKExplicitPrecompiledModules/Vision-4BEHF67I6POXXPAOKKXSRZLHL.pcm /Users/builder/Factory/paperloft/evidence/checkouts/p3-7cd0f79/build/DerivedData/SDKExplicitPrecompiledModules/Carbon-7W0ESAWU7JWNF9VV3MV2ZECV6.pcm /Users/builder/Factory/paperloft/evidence/checkouts/p3-7cd0f79/build/DerivedData/SDKExplicitPrecompiledModules/libkern-263SX4OMRUI5PWCK6N01KJXS6.pcm /Users/builder/Factory/paperloft/evidence/checkouts/p3-7cd0f79/build/DerivedData/SDKExplicitPrecompiledModules/Cocoa-YJ20U5JVL0DAZUIXCY2MO2MO.pcm /Users/builder/Factory/paperloft/evidence/checkouts/p3-7cd0f79/build/DerivedData/SDKExplicitPrecompiledModules/ObjectiveC-4E4I0GWZKM88HQ2Z94XN7VXQM.pcm /Users/builder/Factory/paperloft/evidence/checkouts/p3-7cd0f79/build/DerivedData/SDKExplicitPrecompiledModules/PDFKit-B0AVWEB694XWFGKLUFAR34IJC.pcm /Users/builder/Factory/paperloft/evidence/checkouts/p3-7cd0f79/build/DerivedData/SDKExplicitPrecompiledModules/_Builtin_intrinsics-34M9786JQ8ZXSSMOC9H2Z6U8Q.pcm /Users/builder/Factory/paperloft/evidence/checkouts/p3-7cd0f79/build/DerivedData/SDKExplicitPrecompiledModules/_Builtin_limits-XDZC08PMQG9CU6K8ZV5X4L05.pcm /Users/builder/Factory/paperloft/evidence/checkouts/p3-7cd0f79/build/DerivedData/SDKExplicitPrecompiledModules/AppKit-652C01BS6HJTDJLXH0SN5MIJ1.pcm /Users/builder/Factory/paperloft/evidence/checkouts/p3-7cd0f79/build/DerivedData/SDKExplicitPrecompiledModules/Accessibility-ABU57VYI8684Z8QB2HIABU7IP.pcm /Users/builder/Factory/paperloft/evidence/checkouts/p3-7cd0f79/build/DerivedData/SDKExplicitPrecompiledModules/XPC-BRLMKD7P1CJIQ29JAQYCWXCZO.pcm /Users/builder/Factory/paperloft/evidence/checkouts/p3-7cd0f79/build/DerivedData/SDKExplicitPrecompiledModules/CoreAudio-9BAZL0C6XR45QCAO3DPIG8FMX.pcm /Users/builder/Factory/paperloft/evidence/checkouts/p3-7cd0f79/build/DerivedData/SDKExplicitPrecompiledModules/_Builtin_stdbool-E43Z7799EBWB55A86TCQ393UA.pcm /Users/builder/Factory/paperloft/evidence/checkouts/p3-7cd0f79/build/DerivedData/SDKExplicitPrecompiledModules/Dispatch-A42WU5GIRT9BBQPVGR715U71T.pcm /Users/builder/Factory/paperloft/evidence/checkouts/p3-7cd0f79/build/DerivedData/SDKExplicitPrecompiledModules/ptrauth-TC8FMDYRTX5WUYP8MSDS48BJ.pcm /Users/builder/Factory/paperloft/evidence/checkouts/p3-7cd0f79/build/DerivedData/SDKExplicitPrecompiledModules/UniformTypeIdentifiers-E1VQHJ1MMVXHT96NYCZRR9HC6.pcm /Users/builder/Factory/paperloft/evidence/checkouts/p3-7cd0f79/build/DerivedData/SDKExplicitPrecompiledModules/IOKit-A5GVCJG248HG6D1Q8SI1N1DTM.pcm /Users/builder/Factory/paperloft/evidence/checkouts/p3-7cd0f79/build/DerivedData/SDKExplicitPrecompiledModules/os-D1EZEVOPXNHLKA5HPX6OLMCA.pcm /Users/builder/Factory/paperloft/evidence/checkouts/p3-7cd0f79/build/DerivedData/SDKExplicitPrecompiledModules/ColorSync-AHP4LTR2CXKYDLUN95UXOE6RO.pcm /Users/builder/Factory/paperloft/evidence/checkouts/p3-7cd0f79/build/DerivedData/SDKExplicitPrecompiledModules/simd-EHO3NVAJDVTOJA9K3KUDOALQU.pcm /Users/builder/Factory/paperloft/evidence/checkouts/p3-7cd0f79/build/DerivedData/SDKExplicitPrecompiledModules/AVFAudio-1DFG6B0GHJ8H1HVUDD4BV4MDK.pcm /Users/builder/Factory/paperloft/evidence/checkouts/p3-7cd0f79/build/DerivedData/SDKExplicitPrecompiledModules/CoreVideo-6S9APYLINREXJH9D3QM4VMLWB.pcm /Users/builder/Factory/paperloft/evidence/checkouts/p3-7cd0f79/build/DerivedData/SDKExplicitPrecompiledModules/_AvailabilityInternal-EM6JRE38Y8D6J8PV71I5GD7SF.pcm /Users/builder/Factory/paperloft/evidence/checkouts/p3-7cd0f79/build/DerivedData/SDKExplicitPrecompiledModules/MachO-9PQ6D9E5DM2JT6YQLY3YPCFHT.pcm /Users/builder/Factory/paperloft/evidence/checkouts/p3-7cd0f79/build/DerivedData/SDKExplicitPrecompiledModules/ptrcheck-W58GPGO90IVY5GYZ74TCEAZV.pcm /Users/builder/Factory/paperloft/evidence/checkouts/p3-7cd0f79/build/DerivedData/SDKExplicitPrecompiledModules/SwiftUICore-EF68YEM65T0FHMFY3WX9RKYWG.pcm /Users/builder/Factory/paperloft/evidence/checkouts/p3-7cd0f79/build/DerivedData/SDKExplicitPrecompiledModules/VideoToolbox-D7137VLUDIWXJ7SQE3L4INKHF.pcm /Users/builder/Factory/paperloft/evidence/checkouts/p3-7cd0f79/build/DerivedData/SDKExplicitPrecompiledModules/LocalAuthentication-3URBTTCWJKKKY7P6T2FDRCJW0.pcm /Users/builder/Factory/paperloft/evidence/checkouts/p3-7cd0f79/build/DerivedData/SDKExplicitPrecompiledModules/MediaToolbox-F479MH3TZC9QWYVOMGL2WEI2V.pcm /Users/builder/Factory/paperloft/evidence/checkouts/p3-7cd0f79/build/DerivedData/SDKExplicitPrecompiledModules/CoreTransferable-3WV1JMKP459CT23PVJ79GEMTJ.pcm /Users/builder/Factory/paperloft/evidence/checkouts/p3-7cd0f79/build/DerivedData/SDKExplicitPrecompiledModules/QuartzCore-8WPC98YKHT088N4ZY7YJUM4ZJ.pcm /Users/builder/Factory/paperloft/evidence/checkouts/p3-7cd0f79/build/DerivedData/SDKExplicitPrecompiledModules/_Builtin_tgmath-4VU3T31K3IR57BAKFV3RWELXA.pcm /Users/builder/Factory/paperloft/evidence/checkouts/p3-7cd0f79/build/DerivedData/SDKExplicitPrecompiledModules/_SwiftConcurrencyShims-1PL4X6DOC5LJ2HU22L9Z6GV6O.pcm /Users/builder/Factory/paperloft/evidence/checkouts/p3-7cd0f79/build/DerivedData/SDKExplicitPrecompiledModules/os_object-3V6AAAO65TGJBON3HSOY718LQ.pcm /Users/builder/Factory/paperloft/evidence/checkouts/p3-7cd0f79/build/DerivedData/SDKExplicitPrecompiledModules/CoreText-EYLA3Q8TVZ49SVO4JYZQUW50C.pcm /Users/builder/Factory/paperloft/evidence/checkouts/p3-7cd0f79/build/DerivedData/SDKExplicitPrecompiledModules/libDER-EZLD272ZHUGKNST1Z6HRGEYLC.pcm /Users/builder/Factory/paperloft/evidence/checkouts/p3-7cd0f79/build/DerivedData/SDKExplicitPrecompiledModules/CoreData-4EPIMRNEIAFUPXTWRRKVRYOZ5.pcm /Users/builder/Factory/paperloft/evidence/checkouts/p3-7cd0f79/build/DerivedData/SDKExplicitPrecompiledModules/_Builtin_stdint-GLAE7UC45VRWATRRVRK08ICW.pcm /Users/builder/Factory/paperloft/evidence/checkouts/p3-7cd0f79/build/DerivedData/SDKExplicitPrecompiledModules/ImageIO-6YBRHBT6HMAFLILNUWMV2TZ0L.pcm /Users/builder/Factory/paperloft/evidence/checkouts/p3-7cd0f79/build/DerivedData/SDKExplicitPrecompiledModules/sys_types-5T482SP9F0VK38I92B0F9B1VT.pcm /Users/builder/Factory/paperloft/evidence/checkouts/p3-7cd0f79/build/DerivedData/SDKExplicitPrecompiledModules/CFNetwork-JP9JIKADEB30WHCLFDY9W1CA.pcm /Users/builder/Factory/paperloft/evidence/checkouts/p3-7cd0f79/build/DerivedData/SDKExplicitPrecompiledModules/CoreFoundation-DGP1D61Y3ODBFTGNWA64SY5DY.pcm /Users/builder/Factory/paperloft/evidence/checkouts/p3-7cd0f79/build/DerivedData/SDKExplicitPrecompiledModules/Accelerate-1HYUGJ64GA2EVTFLKLJDJFIKF.pcm /Users/builder/Factory/paperloft/evidence/checkouts/p3-7cd0f79/build/DerivedData/SDKExplicitPrecompiledModules/AudioToolbox-BOMTK8FJ36GW8ADNINOSP0E56.pcm /Users/builder/Factory/paperloft/evidence/checkouts/p3-7cd0f79/build/DerivedData/SDKExplicitPrecompiledModules/Compression-6KPWYDJ1W6M5XYTVZ3SGGUIQZ.pcm /Users/builder/Factory/paperloft/evidence/checkouts/p3-7cd0f79/build/DerivedData/SDKExplicitPrecompiledModules/_Builtin_float-46OVO7DL0SNQPCG9H1VVA3NAH.pcm /Users/builder/Factory/paperloft/evidence/checkouts/p3-7cd0f79/build/DerivedData/SDKExplicitPrecompiledModules/IOSurface-31QJ1163ELHYJHUL7IEQK171S.pcm /Users/builder/Factory/paperloft/evidence/checkouts/p3-7cd0f79/build/DerivedData/SDKExplicitPrecompiledModules/Spatial-7UTHBOA4AXIHO5DOMYVMPTPZL.pcm /Users/builder/Factory/paperloft/evidence/checkouts/p3-7cd0f79/build/DerivedData/SDKExplicitPrecompiledModules/DeveloperToolsSupport-5BWU0KD39LFJD9438JNWHF98K.pcm /Users/builder/Factory/paperloft/evidence/checkouts/p3-7cd0f79/build/DerivedData/SDKExplicitPrecompiledModules/_Builtin_inttypes-C035V0AYXMVPIHGOK7BFTOYH0.pcm /Users/builder/Factory/paperloft/evidence/checkouts/p3-7cd0f79/build/DerivedData/SDKExplicitPrecompiledModules/_Builtin_stdatomic-C5G6W0NUWBVABX8NO5S026L7M.pcm /Users/builder/Factory/paperloft/evidence/checkouts/p3-7cd0f79/build/DerivedData/SDKExplicitPrecompiledModules/Symbols-10BCM1JWF0FMNVQZBJE36GXCA.pcm /Users/builder/Factory/paperloft/evidence/checkouts/p3-7cd0f79/build/DerivedData/SDKExplicitPrecompiledModules/_DarwinFoundation3-27V40J2IMNVMQWZGJT1XUEYLE.pcm /Users/builder/Factory/paperloft/evidence/checkouts/p3-7cd0f79/build/DerivedData/SDKExplicitPrecompiledModules/_DarwinFoundation1-C39F8WMCASWUI5ANL2CHHR12X.pcm /Users/builder/Factory/paperloft/evidence/checkouts/p3-7cd0f79/build/DerivedData/SDKExplicitPrecompiledModules/_Builtin_stdarg-1X8M6A41F8BSU98GTCD750ZPS.pcm /Users/builder/Factory/paperloft/evidence/checkouts/p3-7cd0f79/build/DerivedData/SDKExplicitPrecompiledModules/CoreMIDI-70T65U0AB4B5B1VO24AYNH8RB.pcm /Users/builder/Factory/paperloft/evidence/checkouts/p3-7cd0f79/build/DerivedData/SDKExplicitPrecompiledModules/DataDetection-D8N2AVOS49JX968S4PAP20THJ.pcm /Users/builder/Factory/paperloft/evidence/checkouts/p3-7cd0f79/build/DerivedData/SDKExplicitPrecompiledModules/Darwin-CO0FBKRRIZ4Y0R4PAB69O7QFS.pcm /Users/builder/Factory/paperloft/evidence/checkouts/p3-7cd0f79/build/DerivedData/SDKExplicitPrecompiledModules/CoreMedia-8Q05G1V5J0N789P1D4FWZYM1B.pcm /Users/builder/Factory/paperloft/evidence/checkouts/p3-7cd0f79/build/DerivedData/SDKExplicitPrecompiledModules/OpenGL-4V6T87HNOLD4UELG01OBMJ0MW.pcm /Users/builder/Factory/paperloft/evidence/checkouts/p3-7cd0f79/build/DerivedData/SDKExplicitPrecompiledModules/Foundation-4NYNIYYCXFZMIML4JEQG2Q8IP.pcm /Users/builder/Factory/paperloft/evidence/checkouts/p3-7cd0f79/build/DerivedData/SDKExplicitPrecompiledModules/launch-F5E5J9Z1IJXHKWI3BCQ29QIYJ.pcm /Users/builder/Factory/paperloft/evidence/checkouts/p3-7cd0f79/build/DerivedData/SDKExplicitPrecompiledModules/SwiftShims-7FYRK3ANTH1WDANEMLEWR94XR.pcm /Users/builder/Factory/paperloft/evidence/checkouts/p3-7cd0f79/build/DerivedData/SDKExplicitPrecompiledModules/CoreAudioTypes-EVW34QF5BIO9TMBE9FCXCEVXO.pcm /Users/builder/Factory/paperloft/evidence/checkouts/p3-7cd0f79/build/DerivedData/SDKExplicitPrecompiledModules/CoreGraphics-7WTLZESMFI3J2Q3RPEQXHEZKV.pcm /Users/builder/Factory/paperloft/evidence/checkouts/p3-7cd0f79/build/DerivedData/SDKExplicitPrecompiledModules/string_h-7PKFP45U7QV5WYT1QCQLN60TG.pcm /Users/builder/Factory/paperloft/evidence/checkouts/p3-7cd0f79/build/DerivedData/SDKExplicitPrecompiledModules/CUPS-88Q8H3VKFTI9XPGFLJ98UGDRG.pcm /Users/builder/Factory/paperloft/evidence/checkouts/p3-7cd0f79/build/DerivedData/SDKExplicitPrecompiledModules/CoreServices-E0BDR76WBFYT78YQQ45UEL63B.pcm /Users/builder/Factory/paperloft/evidence/checkouts/p3-7cd0f79/build/DerivedData/SDKExplicitPrecompiledModules/AVFoundation-7KPXOR2ZLNHH99JM9U6Q1X737.pcm /Users/builder/Factory/paperloft/evidence/checkouts/p3-7cd0f79/build/DerivedData/SDKExplicitPrecompiledModules/_Builtin_stddef-E9MD5XWNI9OQNCNIUPLF5TB1V.pcm /Users/builder/Factory/paperloft/evidence/checkouts/p3-7cd0f79/build/DerivedData/SDKExplicitPrecompiledModules/OSLog-7JY9OF5NK409PYR86S339BQEE.pcm /Users/builder/Factory/paperloft/evidence/checkouts/p3-7cd0f79/build/DerivedData/SDKExplicitPrecompiledModules/Metal-18CLLOVOXYW7LT9TU28ENGMA3.pcm /Users/builder/Factory/paperloft/evidence/checkouts/p3-7cd0f79/build/DerivedData/SDKExplicitPrecompiledModules/CoreML-7HASWBWX7YS2EY2OZPJ1N4BFN.pcm /Users/builder/Factory/paperloft/evidence/checkouts/p3-7cd0f79/build/DerivedData/SDKExplicitPrecompiledModules/ApplicationServices-9GFGNC6AZYD44ZREUSO4PCNXV.pcm /Users/builder/Factory/paperloft/evidence/checkouts/p3-7cd0f79/build/DerivedData/SDKExplicitPrecompiledModules/os_workgroup-5QNVP1QXVI450UE81QHHH3PHT.pcm /Users/builder/Factory/paperloft/evidence/checkouts/p3-7cd0f79/build/DerivedData/Build/Intermediates.noindex/PaperloftKit.build/Release/PaperloftKit-t.build/Objects-normal/arm64/PaperloftKit-dependencies-1.json (in target 'PaperloftKit' from project 'PaperloftKit')

SwiftCompile normal arm64 (in target 'PaperloftKit' from project 'PaperloftKit')
    cd /Users/builder/Factory/paperloft/evidence/checkouts/p3-7cd0f79/Paperloft.xcodeproj
    

SwiftDriverJobDiscovery normal arm64 Compiling HandoffConsumerLease.swift, HandoffFileCopy.swift, HandoffStore.swift (in target 'PaperloftHandoff' from project 'PaperloftHandoff')

SwiftDriver\ Compilation\ Requirements PaperloftHandoff normal arm64 com.apple.xcode.tools.swift.compiler (in target 'PaperloftHandoff' from project 'PaperloftHandoff')
    cd /Users/builder/Factory/paperloft/evidence/checkouts/p3-7cd0f79/Paperloft.xcodeproj
    builtin-Swift-Compilation-Requirements -- /Applications/Xcode.app/Contents/Developer/Toolchains/XcodeDefault.xctoolchain/usr/bin/swiftc -parse-as-library -module-name PaperloftHandoff -O -whole-module-optimization @/Users/builder/Factory/paperloft/evidence/checkouts/p3-7cd0f79/build/DerivedData/Build/Intermediates.noindex/PaperloftHandoff.build/Release/PaperloftHandoff-t.build/Objects-normal/arm64/PaperloftHandoff.SwiftFileList -DSWIFT_PACKAGE -DSWIFT_MODULE_RESOURCE_BUNDLE_UNAVAILABLE -DXcode -plugin-path /Applications/Xcode.app/Contents/Developer/Toolchains/XcodeDefault.xctoolchain/usr/lib/swift/host/plugins/testing -enable-experimental-feature DebugDescriptionMacro -sdk /Applications/Xcode.app/Contents/Developer/Platforms/MacOSX.platform/Developer/SDKs/MacOSX27.0.sdk -target arm64-apple-macos13.0 -g -module-cache-path /Users/builder/Factory/paperloft/evidence/checkouts/p3-7cd0f79/build/DerivedData/ModuleCache.noindex -Xfrontend -serialize-debugging-options -profile-coverage-mapping -profile-generate -warnings-as-errors -swift-version 6 -I /Users/builder/Factory/paperloft/evidence/checkouts/p3-7cd0f79/build/DerivedData/Build/Products/Release -Isystem /Applications/Xcode.app/Contents/Developer/Platforms/MacOSX.platform/Developer/usr/lib -F /Users/builder/Factory/paperloft/evidence/checkouts/p3-7cd0f79/build/DerivedData/Build/Products/Release -F /Applications/Xcode.app/Contents/Developer/Platforms/MacOSX.platform/Developer/Library/Frameworks -c -num-threads 10 -Xcc -ivfsstatcache -Xcc /Users/builder/Factory/paperloft/evidence/checkouts/p3-7cd0f79/build/DerivedData/SDKStatCaches.noindex/macosx27.0-26A425-7231f6df4def33e022ae2eb8f782df1a.sdkstatcache -output-file-map /Users/builder/Factory/paperloft/evidence/checkouts/p3-7cd0f79/build/DerivedData/Build/Intermediates.noindex/PaperloftHandoff.build/Release/PaperloftHandoff-t.build/Objects-normal/arm64/PaperloftHandoff-OutputFileMap.json -save-temps -no-color-diagnostics -explicit-module-build -module-cache-path /Users/builder/Factory/paperloft/evidence/checkouts/p3-7cd0f79/build/DerivedData/Build/Intermediates.noindex/SwiftExplicitPrecompiledModules -clang-scanner-module-cache-path /Users/builder/Factory/paperloft/evidence/checkouts/p3-7cd0f79/build/DerivedData/ModuleCache.noindex -sdk-module-cache-path /Users/builder/Factory/paperloft/evidence/checkouts/p3-7cd0f79/build/DerivedData/SDKExplicitPrecompiledModules -emit-dependencies -emit-module -emit-module-path /Users/builder/Factory/paperloft/evidence/checkouts/p3-7cd0f79/build/DerivedData/Build/Intermediates.noindex/PaperloftHandoff.build/Release/PaperloftHandoff-t.build/Objects-normal/arm64/PaperloftHandoff.swiftmodule -serialize-diagnostics -dependency-scan-serialize-diagnostics-path /Users/builder/Factory/paperloft/evidence/checkouts/p3-7cd0f79/build/DerivedData/Build/Intermediates.noindex/PaperloftHandoff.build/Release/PaperloftHandoff-t.build/Objects-normal/arm64/PaperloftHandoff-dependency-scan.dia -validate-clang-modules-once -clang-build-session-file /Users/builder/Factory/paperloft/evidence/checkouts/p3-7cd0f79/build/DerivedData/ModuleCache.noindex/Session.modulevalidation -Xcc -fmodules-prune-interval\=86400 -Xcc -fmodules-prune-after\=345600 -package-name paperlofthandoff -emit-const-values -const-gather-protocols-list /Users/builder/Factory/paperloft/evidence/checkouts/p3-7cd0f79/build/DerivedData/Build/Intermediates.noindex/PaperloftHandoff.build/Release/PaperloftHandoff-t.build/Objects-normal/arm64/PaperloftHandoff_const_extract_protocols.json -Xcc -I/Users/builder/Factory/paperloft/evidence/checkouts/p3-7cd0f79/build/DerivedData/Build/Products/Release/include -Xcc -I/Users/builder/Factory/paperloft/evidence/checkouts/p3-7cd0f79/build/DerivedData/Build/Intermediates.noindex/PaperloftHandoff.build/Release/PaperloftHandoff-t.build/DerivedSources-normal/arm64 -Xcc -I/Users/builder/Factory/paperloft/evidence/checkouts/p3-7cd0f79/build/DerivedData/Build/Intermediates.noindex/PaperloftHandoff.build/Release/PaperloftHandoff-t.build/DerivedSources/arm64 -Xcc -I/Users/builder/Factory/paperloft/evidence/checkouts/p3-7cd0f79/build/DerivedData/Build/Intermediates.noindex/PaperloftHandoff.build/Release/PaperloftHandoff-t.build/DerivedSources -Xcc -DSWIFT_PACKAGE -emit-objc-header -emit-objc-header-path /Users/builder/Factory/paperloft/evidence/checkouts/p3-7cd0f79/build/DerivedData/Build/Intermediates.noindex/PaperloftHandoff.build/Release/PaperloftHandoff-t.build/Objects-normal/arm64/PaperloftHandoff-Swift.h -working-directory /Users/builder/Factory/paperloft/evidence/checkouts/p3-7cd0f79/Paperloft.xcodeproj -no-emit-module-separately-wmo

SwiftMergeGeneratedHeaders /Users/builder/Factory/paperloft/evidence/checkouts/p3-7cd0f79/build/DerivedData/Build/Intermediates.noindex/GeneratedModuleMaps/PaperloftHandoff-Swift.h /Users/builder/Factory/paperloft/evidence/checkouts/p3-7cd0f79/build/DerivedData/Build/Intermediates.noindex/PaperloftHandoff.build/Release/PaperloftHandoff-t.build/Objects-normal/arm64/PaperloftHandoff-Swift.h /Users/builder/Factory/paperloft/evidence/checkouts/p3-7cd0f79/build/DerivedData/Build/Intermediates.noindex/PaperloftHandoff.build/Release/PaperloftHandoff-t.build/Objects-normal/x86_64/PaperloftHandoff-Swift.h (in target 'PaperloftHandoff' from project 'PaperloftHandoff')
    cd /Users/builder/Factory/paperloft/evidence/checkouts/p3-7cd0f79/Packages/PaperloftHandoff
    builtin-swiftHeaderTool -arch arm64 /Users/builder/Factory/paperloft/evidence/checkouts/p3-7cd0f79/build/DerivedData/Build/Intermediates.noindex/PaperloftHandoff.build/Release/PaperloftHandoff-t.build/Objects-normal/arm64/PaperloftHandoff-Swift.h -arch x86_64 /Users/builder/Factory/paperloft/evidence/checkouts/p3-7cd0f79/build/DerivedData/Build/Intermediates.noindex/PaperloftHandoff.build/Release/PaperloftHandoff-t.build/Objects-normal/x86_64/PaperloftHandoff-Swift.h -o /Users/builder/Factory/paperloft/evidence/checkouts/p3-7cd0f79/build/DerivedData/Build/Intermediates.noindex/GeneratedModuleMaps/PaperloftHandoff-Swift.h

Copy /Users/builder/Factory/paperloft/evidence/checkouts/p3-7cd0f79/build/DerivedData/Build/Products/Release/PaperloftHandoff.swiftmodule/arm64-apple-macos.swiftmodule /Users/builder/Factory/paperloft/evidence/checkouts/p3-7cd0f79/build/DerivedData/Build/Intermediates.noindex/PaperloftHandoff.build/Release/PaperloftHandoff-t.build/Objects-normal/arm64/PaperloftHandoff.swiftmodule (in target 'PaperloftHandoff' from project 'PaperloftHandoff')
    cd /Users/builder/Factory/paperloft/evidence/checkouts/p3-7cd0f79/Packages/PaperloftHandoff
    builtin-copy -exclude .DS_Store -exclude CVS -exclude .svn -exclude .git -exclude .hg -strip-unsigned-binaries -strip-deterministic -strip-tool /Applications/Xcode.app/Contents/Developer/Toolchains/XcodeDefault.xctoolchain/usr/bin/strip -resolve-src-symlinks -rename /Users/builder/Factory/paperloft/evidence/checkouts/p3-7cd0f79/build/DerivedData/Build/Intermediates.noindex/PaperloftHandoff.build/Release/PaperloftHandoff-t.build/Objects-normal/arm64/PaperloftHandoff.swiftmodule /Users/builder/Factory/paperloft/evidence/checkouts/p3-7cd0f79/build/DerivedData/Build/Products/Release/PaperloftHandoff.swiftmodule/arm64-apple-macos.swiftmodule

Copy /Users/builder/Factory/paperloft/evidence/checkouts/p3-7cd0f79/build/DerivedData/Build/Products/Release/PaperloftHandoff.swiftmodule/arm64-apple-macos.abi.json /Users/builder/Factory/paperloft/evidence/checkouts/p3-7cd0f79/build/DerivedData/Build/Intermediates.noindex/PaperloftHandoff.build/Release/PaperloftHandoff-t.build/Objects-normal/arm64/PaperloftHandoff.abi.json (in target 'PaperloftHandoff' from project 'PaperloftHandoff')
    cd /Users/builder/Factory/paperloft/evidence/checkouts/p3-7cd0f79/Packages/PaperloftHandoff
    builtin-copy -exclude .DS_Store -exclude CVS -exclude .svn -exclude .git -exclude .hg -strip-unsigned-binaries -strip-deterministic -strip-tool /Applications/Xcode.app/Contents/Developer/Toolchains/XcodeDefault.xctoolchain/usr/bin/strip -resolve-src-symlinks -rename /Users/builder/Factory/paperloft/evidence/checkouts/p3-7cd0f79/build/DerivedData/Build/Intermediates.noindex/PaperloftHandoff.build/Release/PaperloftHandoff-t.build/Objects-normal/arm64/PaperloftHandoff.abi.json /Users/builder/Factory/paperloft/evidence/checkouts/p3-7cd0f79/build/DerivedData/Build/Products/Release/PaperloftHandoff.swiftmodule/arm64-apple-macos.abi.json

Copy /Users/builder/Factory/paperloft/evidence/checkouts/p3-7cd0f79/build/DerivedData/Build/Products/Release/PaperloftHandoff.swiftmodule/arm64-apple-macos.swiftdoc /Users/builder/Factory/paperloft/evidence/checkouts/p3-7cd0f79/build/DerivedData/Build/Intermediates.noindex/PaperloftHandoff.build/Release/PaperloftHandoff-t.build/Objects-normal/arm64/PaperloftHandoff.swiftdoc (in target 'PaperloftHandoff' from project 'PaperloftHandoff')
    cd /Users/builder/Factory/paperloft/evidence/checkouts/p3-7cd0f79/Packages/PaperloftHandoff
    builtin-copy -exclude .DS_Store -exclude CVS -exclude .svn -exclude .git -exclude .hg -strip-unsigned-binaries -strip-deterministic -strip-tool /Applications/Xcode.app/Contents/Developer/Toolchains/XcodeDefault.xctoolchain/usr/bin/strip -resolve-src-symlinks -rename /Users/builder/Factory/paperloft/evidence/checkouts/p3-7cd0f79/build/DerivedData/Build/Intermediates.noindex/PaperloftHandoff.build/Release/PaperloftHandoff-t.build/Objects-normal/arm64/PaperloftHandoff.swiftdoc /Users/builder/Factory/paperloft/evidence/checkouts/p3-7cd0f79/build/DerivedData/Build/Products/Release/PaperloftHandoff.swiftmodule/arm64-apple-macos.swiftdoc

Ld /Users/builder/Factory/paperloft/evidence/checkouts/p3-7cd0f79/build/DerivedData/Build/Intermediates.noindex/PaperloftHandoff.build/Release/PaperloftHandoff-t.build/Objects-normal/arm64/Binary/PaperloftHandoff.o normal arm64 (in target 'PaperloftHandoff' from project 'PaperloftHandoff')
    cd /Users/builder/Factory/paperloft/evidence/checkouts/p3-7cd0f79/Packages/PaperloftHandoff
    /Applications/Xcode.app/Contents/Developer/Toolchains/XcodeDefault.xctoolchain/usr/bin/clang -Xlinker -reproducible -target arm64-apple-macos13.0 -r -isysroot /Applications/Xcode.app/Contents/Developer/Platforms/MacOSX.platform/Developer/SDKs/MacOSX27.0.sdk -Os -Xlinker -no_warn_duplicate_libraries -F/Users/builder/Factory/paperloft/evidence/checkouts/p3-7cd0f79/build/DerivedData/Build/Intermediates.noindex/EagerLinkingTBDs/Release -F/Users/builder/Factory/paperloft/evidence/checkouts/p3-7cd0f79/build/DerivedData/Build/Products/Release -iframework /Applications/Xcode.app/Contents/Developer/Platforms/MacOSX.platform/Developer/Library/Frameworks -filelist /Users/builder/Factory/paperloft/evidence/checkouts/p3-7cd0f79/build/DerivedData/Build/Intermediates.noindex/PaperloftHandoff.build/Release/PaperloftHandoff-t.build/Objects-normal/arm64/PaperloftHandoff.LinkFileList -nostdlib -Xlinker -object_path_lto -Xlinker /Users/builder/Factory/paperloft/evidence/checkouts/p3-7cd0f79/build/DerivedData/Build/Intermediates.noindex/PaperloftHandoff.build/Release/PaperloftHandoff-t.build/Objects-normal/arm64/PaperloftHandoff_lto.o -Xlinker -debug_variant -Xlinker -dependency_info -Xlinker /Users/builder/Factory/paperloft/evidence/checkouts/p3-7cd0f79/build/DerivedData/Build/Intermediates.noindex/PaperloftHandoff.build/Release/PaperloftHandoff-t.build/Objects-normal/arm64/PaperloftHandoff_dependency_info.dat -fobjc-link-runtime -L/Applications/Xcode.app/Contents/Developer/Toolchains/XcodeDefault.xctoolchain/usr/lib/swift/macosx -L/usr/lib/swift -Xlinker -add_ast_path -Xlinker /Users/builder/Factory/paperloft/evidence/checkouts/p3-7cd0f79/build/DerivedData/Build/Intermediates.noindex/PaperloftHandoff.build/Release/PaperloftHandoff-t.build/Objects-normal/arm64/PaperloftHandoff.swiftmodule -o /Users/builder/Factory/paperloft/evidence/checkouts/p3-7cd0f79/build/DerivedData/Build/Intermediates.noindex/PaperloftHandoff.build/Release/PaperloftHandoff-t.build/Objects-normal/arm64/Binary/PaperloftHandoff.o

Ld /Users/builder/Factory/paperloft/evidence/checkouts/p3-7cd0f79/build/DerivedData/Build/Intermediates.noindex/PaperloftHandoff.build/Release/PaperloftHandoff-t.build/Objects-normal/x86_64/Binary/PaperloftHandoff.o normal x86_64 (in target 'PaperloftHandoff' from project 'PaperloftHandoff')
    cd /Users/builder/Factory/paperloft/evidence/checkouts/p3-7cd0f79/Packages/PaperloftHandoff
    /Applications/Xcode.app/Contents/Developer/Toolchains/XcodeDefault.xctoolchain/usr/bin/clang -Xlinker -reproducible -target x86_64-apple-macos13.0 -r -isysroot /Applications/Xcode.app/Contents/Developer/Platforms/MacOSX.platform/Developer/SDKs/MacOSX27.0.sdk -Os -Xlinker -no_warn_duplicate_libraries -F/Users/builder/Factory/paperloft/evidence/checkouts/p3-7cd0f79/build/DerivedData/Build/Intermediates.noindex/EagerLinkingTBDs/Release -F/Users/builder/Factory/paperloft/evidence/checkouts/p3-7cd0f79/build/DerivedData/Build/Products/Release -iframework /Applications/Xcode.app/Contents/Developer/Platforms/MacOSX.platform/Developer/Library/Frameworks -filelist /Users/builder/Factory/paperloft/evidence/checkouts/p3-7cd0f79/build/DerivedData/Build/Intermediates.noindex/PaperloftHandoff.build/Release/PaperloftHandoff-t.build/Objects-normal/x86_64/PaperloftHandoff.LinkFileList -nostdlib -Xlinker -object_path_lto -Xlinker /Users/builder/Factory/paperloft/evidence/checkouts/p3-7cd0f79/build/DerivedData/Build/Intermediates.noindex/PaperloftHandoff.build/Release/PaperloftHandoff-t.build/Objects-normal/x86_64/PaperloftHandoff_lto.o -Xlinker -debug_variant -Xlinker -dependency_info -Xlinker /Users/builder/Factory/paperloft/evidence/checkouts/p3-7cd0f79/build/DerivedData/Build/Intermediates.noindex/PaperloftHandoff.build/Release/PaperloftHandoff-t.build/Objects-normal/x86_64/PaperloftHandoff_dependency_info.dat -fobjc-link-runtime -L/Applications/Xcode.app/Contents/Developer/Toolchains/XcodeDefault.xctoolchain/usr/lib/swift/macosx -L/usr/lib/swift -Xlinker -add_ast_path -Xlinker /Users/builder/Factory/paperloft/evidence/checkouts/p3-7cd0f79/build/DerivedData/Build/Intermediates.noindex/PaperloftHandoff.build/Release/PaperloftHandoff-t.build/Objects-normal/x86_64/PaperloftHandoff.swiftmodule -o /Users/builder/Factory/paperloft/evidence/checkouts/p3-7cd0f79/build/DerivedData/Build/Intermediates.noindex/PaperloftHandoff.build/Release/PaperloftHandoff-t.build/Objects-normal/x86_64/Binary/PaperloftHandoff.o

ProcessProductPackaging /Users/builder/Factory/paperloft/evidence/checkouts/p3-7cd0f79/Apps/PaperloftShare/PaperloftShare.entitlements /Users/builder/Factory/paperloft/evidence/checkouts/p3-7cd0f79/build/DerivedData/Build/Intermediates.noindex/Paperloft.build/Release/PaperloftShare.build/PaperloftShare.appex.xcent (in target 'PaperloftShare' from project 'Paperloft')
    cd /Users/builder/Factory/paperloft/evidence/checkouts/p3-7cd0f79
    
    Entitlements:
    
    {
    "com.apple.security.app-sandbox" = 1;
    "com.apple.security.get-task-allow" = 1;
}
    
    builtin-productPackagingUtility /Users/builder/Factory/paperloft/evidence/checkouts/p3-7cd0f79/Apps/PaperloftShare/PaperloftShare.entitlements -entitlements -format xml -o /Users/builder/Factory/paperloft/evidence/checkouts/p3-7cd0f79/build/DerivedData/Build/Intermediates.noindex/Paperloft.build/Release/PaperloftShare.build/PaperloftShare.appex.xcent

ProcessProductPackagingDER /Users/builder/Factory/paperloft/evidence/checkouts/p3-7cd0f79/build/DerivedData/Build/Intermediates.noindex/Paperloft.build/Release/PaperloftShare.build/PaperloftShare.appex.xcent /Users/builder/Factory/paperloft/evidence/checkouts/p3-7cd0f79/build/DerivedData/Build/Intermediates.noindex/Paperloft.build/Release/PaperloftShare.build/PaperloftShare.appex.xcent.der (in target 'PaperloftShare' from project 'Paperloft')
    cd /Users/builder/Factory/paperloft/evidence/checkouts/p3-7cd0f79
    /usr/bin/derq query -f xml -i /Users/builder/Factory/paperloft/evidence/checkouts/p3-7cd0f79/build/DerivedData/Build/Intermediates.noindex/Paperloft.build/Release/PaperloftShare.build/PaperloftShare.appex.xcent -o /Users/builder/Factory/paperloft/evidence/checkouts/p3-7cd0f79/build/DerivedData/Build/Intermediates.noindex/Paperloft.build/Release/PaperloftShare.build/PaperloftShare.appex.xcent.der --raw

SwiftDriver PaperloftShare normal arm64 com.apple.xcode.tools.swift.compiler (in target 'PaperloftShare' from project 'Paperloft')
    cd /Users/builder/Factory/paperloft/evidence/checkouts/p3-7cd0f79
    builtin-SwiftDriver -- /Applications/Xcode.app/Contents/Developer/Toolchains/XcodeDefault.xctoolchain/usr/bin/swiftc -module-name PaperloftShare -O @/Users/builder/Factory/paperloft/evidence/checkouts/p3-7cd0f79/build/DerivedData/Build/Intermediates.noindex/Paperloft.build/Release/PaperloftShare.build/Objects-normal/arm64/PaperloftShare.SwiftFileList -enable-experimental-feature DebugDescriptionMacro -sdk /Applications/Xcode.app/Contents/Developer/Platforms/MacOSX.platform/Developer/SDKs/MacOSX27.0.sdk -target arm64-apple-macos27.0 -g -module-cache-path /Users/builder/Factory/paperloft/evidence/checkouts/p3-7cd0f79/build/DerivedData/ModuleCache.noindex -Xfrontend -serialize-debugging-options -application-extension -profile-coverage-mapping -profile-generate -warnings-as-errors -swift-version 6 -I /Users/builder/Factory/paperloft/evidence/checkouts/p3-7cd0f79/build/DerivedData/Build/Products/Release -F /Users/builder/Factory/paperloft/evidence/checkouts/p3-7cd0f79/build/DerivedData/Build/Products/Release/PackageFrameworks -F /Users/builder/Factory/paperloft/evidence/checkouts/p3-7cd0f79/build/DerivedData/Build/Products/Release -parse-as-library -c -j10 -enable-batch-mode -incremental -Xcc -ivfsstatcache -Xcc /Users/builder/Factory/paperloft/evidence/checkouts/p3-7cd0f79/build/DerivedData/SDKStatCaches.noindex/macosx27.0-26A425-7231f6df4def33e022ae2eb8f782df1a.sdkstatcache -output-file-map /Users/builder/Factory/paperloft/evidence/checkouts/p3-7cd0f79/build/DerivedData/Build/Intermediates.noindex/Paperloft.build/Release/PaperloftShare.build/Objects-normal/arm64/PaperloftShare-OutputFileMap.json -save-temps -no-color-diagnostics -explicit-module-build -module-cache-path /Users/builder/Factory/paperloft/evidence/checkouts/p3-7cd0f79/build/DerivedData/Build/Intermediates.noindex/SwiftExplicitPrecompiledModules -clang-scanner-module-cache-path /Users/builder/Factory/paperloft/evidence/checkouts/p3-7cd0f79/build/DerivedData/ModuleCache.noindex -sdk-module-cache-path /Users/builder/Factory/paperloft/evidence/checkouts/p3-7cd0f79/build/DerivedData/SDKExplicitPrecompiledModules -emit-dependencies -emit-module -emit-module-path /Users/builder/Factory/paperloft/evidence/checkouts/p3-7cd0f79/build/DerivedData/Build/Intermediates.noindex/Paperloft.build/Release/PaperloftShare.build/Objects-normal/arm64/PaperloftShare.swiftmodule -serialize-diagnostics -dependency-scan-serialize-diagnostics-path /Users/builder/Factory/paperloft/evidence/checkouts/p3-7cd0f79/build/DerivedData/Build/Intermediates.noindex/Paperloft.build/Release/PaperloftShare.build/Objects-normal/arm64/PaperloftShare-dependency-scan.dia -validate-clang-modules-once -clang-build-session-file /Users/builder/Factory/paperloft/evidence/checkouts/p3-7cd0f79/build/DerivedData/ModuleCache.noindex/Session.modulevalidation -Xcc -fmodules-prune-interval\=86400 -Xcc -fmodules-prune-after\=345600 -emit-const-values -const-gather-protocols-list /Users/builder/Factory/paperloft/evidence/checkouts/p3-7cd0f79/build/DerivedData/Build/Intermediates.noindex/Paperloft.build/Release/PaperloftShare.build/Objects-normal/arm64/PaperloftShare_const_extract_protocols.json -Xcc -iquote -Xcc /Users/builder/Factory/paperloft/evidence/checkouts/p3-7cd0f79/build/DerivedData/Build/Intermediates.noindex/Paperloft.build/Release/PaperloftShare.build/PaperloftShare-generated-files.hmap -Xcc -I/Users/builder/Factory/paperloft/evidence/checkouts/p3-7cd0f79/build/DerivedData/Build/Intermediates.noindex/Paperloft.build/Release/PaperloftShare.build/PaperloftShare-own-target-headers.hmap -Xcc -I/Users/builder/Factory/paperloft/evidence/checkouts/p3-7cd0f79/build/DerivedData/Build/Intermediates.noindex/Paperloft.build/Release/PaperloftShare.build/PaperloftShare-all-non-framework-target-headers.hmap -Xcc -ivfsoverlay -Xcc /Users/builder/Factory/paperloft/evidence/checkouts/p3-7cd0f79/build/DerivedData/Build/Intermediates.noindex/Paperloft.build/Release/Paperloft-b93ddc6bcd4d234a5473ab01ad3589c4-VFS/all-product-headers.yaml -Xcc -iquote -Xcc /Users/builder/Factory/paperloft/evidence/checkouts/p3-7cd0f79/build/DerivedData/Build/Intermediates.noindex/Paperloft.build/Release/PaperloftShare.build/PaperloftShare-project-headers.hmap -Xcc -I/Users/builder/Factory/paperloft/evidence/checkouts/p3-7cd0f79/build/DerivedData/Build/Products/Release/include -Xcc -I/Users/builder/Factory/paperloft/evidence/checkouts/p3-7cd0f79/build/DerivedData/Build/Intermediates.noindex/Paperloft.build/Release/PaperloftShare.build/DerivedSources-normal/arm64 -Xcc -I/Users/builder/Factory/paperloft/evidence/checkouts/p3-7cd0f79/build/DerivedData/Build/Intermediates.noindex/Paperloft.build/Release/PaperloftShare.build/DerivedSources/arm64 -Xcc -I/Users/builder/Factory/paperloft/evidence/checkouts/p3-7cd0f79/build/DerivedData/Build/Intermediates.noindex/Paperloft.build/Release/PaperloftShare.build/DerivedSources -emit-objc-header -emit-objc-header-path /Users/builder/Factory/paperloft/evidence/checkouts/p3-7cd0f79/build/DerivedData/Build/Intermediates.noindex/Paperloft.build/Release/PaperloftShare.build/Objects-normal/arm64/PaperloftShare-Swift.h -working-directory /Users/builder/Factory/paperloft/evidence/checkouts/p3-7cd0f79 -experimental-emit-module-separately -disable-cmo

CreateUniversalBinary /Users/builder/Factory/paperloft/evidence/checkouts/p3-7cd0f79/build/DerivedData/Build/Products/Release/PaperloftHandoff.o normal arm64\ x86_64 (in target 'PaperloftHandoff' from project 'PaperloftHandoff')
    cd /Users/builder/Factory/paperloft/evidence/checkouts/p3-7cd0f79/Packages/PaperloftHandoff
    /Applications/Xcode.app/Contents/Developer/Toolchains/XcodeDefault.xctoolchain/usr/bin/lipo -create /Users/builder/Factory/paperloft/evidence/checkouts/p3-7cd0f79/build/DerivedData/Build/Intermediates.noindex/PaperloftHandoff.build/Release/PaperloftHandoff-t.build/Objects-normal/arm64/Binary/PaperloftHandoff.o /Users/builder/Factory/paperloft/evidence/checkouts/p3-7cd0f79/build/DerivedData/Build/Intermediates.noindex/PaperloftHandoff.build/Release/PaperloftHandoff-t.build/Objects-normal/x86_64/Binary/PaperloftHandoff.o -output /Users/builder/Factory/paperloft/evidence/checkouts/p3-7cd0f79/build/DerivedData/Build/Products/Release/PaperloftHandoff.o

ExtractAppIntentsMetadata (in target 'PaperloftHandoff' from project 'PaperloftHandoff')
    cd /Users/builder/Factory/paperloft/evidence/checkouts/p3-7cd0f79/Packages/PaperloftHandoff
    /Applications/Xcode.app/Contents/Developer/Toolchains/XcodeDefault.xctoolchain/usr/bin/appintentsmetadataprocessor --toolchain-dir /Applications/Xcode.app/Contents/Developer/Toolchains/XcodeDefault.xctoolchain --module-name PaperloftHandoff --sdk-root /Applications/Xcode.app/Contents/Developer/Platforms/MacOSX.platform/Developer/SDKs/MacOSX27.0.sdk --xcode-version 27A266a --platform-family macOS --deployment-target 13.0 --bundle-identifier paperlofthandoff.PaperloftHandoff --output /Users/builder/Factory/paperloft/evidence/checkouts/p3-7cd0f79/build/DerivedData/Build/Products/Release/PaperloftHandoff.appintents --target-triple arm64-apple-macos13.0 --target-triple x86_64-apple-macos13.0 --binary-file /Users/builder/Factory/paperloft/evidence/checkouts/p3-7cd0f79/build/DerivedData/Build/Products/Release/PaperloftHandoff.o --dependency-file /Users/builder/Factory/paperloft/evidence/checkouts/p3-7cd0f79/build/DerivedData/Build/Intermediates.noindex/PaperloftHandoff.build/Release/PaperloftHandoff-t.build/Objects-normal/arm64/PaperloftHandoff_dependency_info.dat --dependency-file /Users/builder/Factory/paperloft/evidence/checkouts/p3-7cd0f79/build/DerivedData/Build/Intermediates.noindex/PaperloftHandoff.build/Release/PaperloftHandoff-t.build/Objects-normal/x86_64/PaperloftHandoff_dependency_info.dat --stringsdata-file /Users/builder/Factory/paperloft/evidence/checkouts/p3-7cd0f79/build/DerivedData/Build/Intermediates.noindex/PaperloftHandoff.build/Release/PaperloftHandoff-t.build/Objects-normal/arm64/ExtractedAppShortcutsMetadata.stringsdata --stringsdata-file /Users/builder/Factory/paperloft/evidence/checkouts/p3-7cd0f79/build/DerivedData/Build/Intermediates.noindex/PaperloftHandoff.build/Release/PaperloftHandoff-t.build/Objects-normal/x86_64/ExtractedAppShortcutsMetadata.stringsdata --source-file-list /Users/builder/Factory/paperloft/evidence/checkouts/p3-7cd0f79/build/DerivedData/Build/Intermediates.noindex/PaperloftHandoff.build/Release/PaperloftHandoff-t.build/Objects-normal/arm64/PaperloftHandoff.SwiftFileList --source-file-list /Users/builder/Factory/paperloft/evidence/checkouts/p3-7cd0f79/build/DerivedData/Build/Intermediates.noindex/PaperloftHandoff.build/Release/PaperloftHandoff-t.build/Objects-normal/x86_64/PaperloftHandoff.SwiftFileList --metadata-file-list /Users/builder/Factory/paperloft/evidence/checkouts/p3-7cd0f79/build/DerivedData/Build/Intermediates.noindex/PaperloftHandoff.build/Release/PaperloftHandoff-t.build/PaperloftHandoff.DependencyMetadataFileList --static-metadata-file-list /Users/builder/Factory/paperloft/evidence/checkouts/p3-7cd0f79/build/DerivedData/Build/Intermediates.noindex/PaperloftHandoff.build/Release/PaperloftHandoff-t.build/PaperloftHandoff.DependencyStaticMetadataFileList --swift-const-vals-list /Users/builder/Factory/paperloft/evidence/checkouts/p3-7cd0f79/build/DerivedData/Build/Intermediates.noindex/PaperloftHandoff.build/Release/PaperloftHandoff-t.build/Objects-normal/arm64/PaperloftHandoff.SwiftConstValuesFileList --swift-const-vals-list /Users/builder/Factory/paperloft/evidence/checkouts/p3-7cd0f79/build/DerivedData/Build/Intermediates.noindex/PaperloftHandoff.build/Release/PaperloftHandoff-t.build/Objects-normal/x86_64/PaperloftHandoff.SwiftConstValuesFileList --force --compile-time-extraction --deployment-aware-processing --no-app-shortcuts-localization
2026-10-01 21:48:58.169 appintentsmetadataprocessor[29257:6775491] Starting appintentsmetadataprocessor export
2026-10-01 21:48:58.237 appintentsmetadataprocessor[29257:6775491] Extracted no relevant App Intents symbols, skipping writing output

ProcessInfoPlistFile /Users/builder/Factory/paperloft/evidence/checkouts/p3-7cd0f79/build/DerivedData/Build/Products/Release/PaperloftShare.appex/Contents/Info.plist /Users/builder/Factory/paperloft/evidence/checkouts/p3-7cd0f79/Configuration/Share-Info.plist (in target 'PaperloftShare' from project 'Paperloft')
    cd /Users/builder/Factory/paperloft/evidence/checkouts/p3-7cd0f79
    builtin-infoPlistUtility /Users/builder/Factory/paperloft/evidence/checkouts/p3-7cd0f79/Configuration/Share-Info.plist -producttype com.apple.product-type.app-extension -expandbuildsettings -platform macosx -o /Users/builder/Factory/paperloft/evidence/checkouts/p3-7cd0f79/build/DerivedData/Build/Products/Release/PaperloftShare.appex/Contents/Info.plist

CpResource /Users/builder/Factory/paperloft/evidence/checkouts/p3-7cd0f79/build/DerivedData/Build/Products/Release/PaperloftShare.appex/Contents/Resources/PrivacyInfo.xcprivacy /Users/builder/Factory/paperloft/evidence/checkouts/p3-7cd0f79/Apps/PaperloftShare/PrivacyInfo.xcprivacy (in target 'PaperloftShare' from project 'Paperloft')
    cd /Users/builder/Factory/paperloft/evidence/checkouts/p3-7cd0f79
    builtin-copy -exclude .DS_Store -exclude CVS -exclude .svn -exclude .git -exclude .hg -strip-unsigned-binaries -strip-deterministic -strip-tool /Applications/Xcode.app/Contents/Developer/Toolchains/XcodeDefault.xctoolchain/usr/bin/strip -resolve-src-symlinks /Users/builder/Factory/paperloft/evidence/checkouts/p3-7cd0f79/Apps/PaperloftShare/PrivacyInfo.xcprivacy /Users/builder/Factory/paperloft/evidence/checkouts/p3-7cd0f79/build/DerivedData/Build/Products/Release/PaperloftShare.appex/Contents/Resources

SwiftExplicitDependencyGeneratePcm arm64 /Users/builder/Factory/paperloft/evidence/checkouts/p3-7cd0f79/build/DerivedData/SDKExplicitPrecompiledModules/DeveloperToolsSupport-3T74S9NAR30D8MS9IOC7HQF0A.pcm

SwiftExplicitDependencyGeneratePcm arm64 /Users/builder/Factory/paperloft/evidence/checkouts/p3-7cd0f79/build/DerivedData/SDKExplicitPrecompiledModules/ptrcheck-5V3ISQ2E1VKYLQTOWM2UM1TK1.pcm

SwiftExplicitDependencyGeneratePcm arm64 /Users/builder/Factory/paperloft/evidence/checkouts/p3-7cd0f79/build/DerivedData/SDKExplicitPrecompiledModules/_SwiftConcurrencyShims-26FZ9R5IKH74KXHE93VY7P1LQ.pcm

SwiftExplicitDependencyGeneratePcm arm64 /Users/builder/Factory/paperloft/evidence/checkouts/p3-7cd0f79/build/DerivedData/SDKExplicitPrecompiledModules/_Builtin_stdbool-3FYVGMAUOBKVBSN3L7SV5WAZH.pcm

SwiftExplicitDependencyGeneratePcm arm64 /Users/builder/Factory/paperloft/evidence/checkouts/p3-7cd0f79/build/DerivedData/SDKExplicitPrecompiledModules/_Builtin_stdarg-1SQHOHXW7V0M2KB94YSSBG7AH.pcm

SwiftExplicitDependencyGeneratePcm arm64 /Users/builder/Factory/paperloft/evidence/checkouts/p3-7cd0f79/build/DerivedData/SDKExplicitPrecompiledModules/_Builtin_stddef-E1RJWTLBSGF61EQXI475HJ70S.pcm

SwiftExplicitDependencyGeneratePcm arm64 /Users/builder/Factory/paperloft/evidence/checkouts/p3-7cd0f79/build/DerivedData/SDKExplicitPrecompiledModules/ptrauth-E3EGJLKKWY0K0ZAN2A77J8QUD.pcm

SwiftExplicitDependencyGeneratePcm arm64 /Users/builder/Factory/paperloft/evidence/checkouts/p3-7cd0f79/build/DerivedData/SDKExplicitPrecompiledModules/_AvailabilityInternal-APVH40TTGZYQZV9PSNOSJV9ZB.pcm

SwiftExplicitDependencyGeneratePcm arm64 /Users/builder/Factory/paperloft/evidence/checkouts/p3-7cd0f79/build/DerivedData/SDKExplicitPrecompiledModules/SwiftShims-F3LND2Y69IFV8K3QPB06ECQG3.pcm

SwiftExplicitDependencyGeneratePcm arm64 /Users/builder/Factory/paperloft/evidence/checkouts/p3-7cd0f79/build/DerivedData/SDKExplicitPrecompiledModules/_Builtin_float-5LP66T2AL6M8X7YFW0R9SLLTD.pcm

SwiftExplicitDependencyGeneratePcm arm64 /Users/builder/Factory/paperloft/evidence/checkouts/p3-7cd0f79/build/DerivedData/SDKExplicitPrecompiledModules/_DarwinFoundation1-47IBU6OR9P56WN6EELXTAPXJK.pcm

SwiftExplicitDependencyGeneratePcm arm64 /Users/builder/Factory/paperloft/evidence/checkouts/p3-7cd0f79/build/DerivedData/SDKExplicitPrecompiledModules/_DarwinFoundation2-73LXU04G70NW8LQEVVTGBEYA9.pcm

SwiftExplicitDependencyGeneratePcm arm64 /Users/builder/Factory/paperloft/evidence/checkouts/p3-7cd0f79/build/DerivedData/SDKExplicitPrecompiledModules/_Builtin_limits-8MZP8ATNMLXH7IS0RX49EBTZF.pcm

SwiftExplicitDependencyGeneratePcm arm64 /Users/builder/Factory/paperloft/evidence/checkouts/p3-7cd0f79/build/DerivedData/SDKExplicitPrecompiledModules/string_h-BOWU8J2ONNX19MU5LTVR98OBO.pcm

SwiftExplicitDependencyGeneratePcm arm64 /Users/builder/Factory/paperloft/evidence/checkouts/p3-7cd0f79/build/DerivedData/SDKExplicitPrecompiledModules/_Builtin_tgmath-5Q8HXPPJV4U0LIFNLN0QH5F0P.pcm

SwiftExplicitDependencyGeneratePcm arm64 /Users/builder/Factory/paperloft/evidence/checkouts/p3-7cd0f79/build/DerivedData/SDKExplicitPrecompiledModules/sys_types-CYQJ3Q0YF14D5AP2NUI0N8361.pcm

SwiftExplicitDependencyGeneratePcm arm64 /Users/builder/Factory/paperloft/evidence/checkouts/p3-7cd0f79/build/DerivedData/SDKExplicitPrecompiledModules/_Builtin_stdint-72YZLVMZ7OTBYQERZI5BH7WEL.pcm

SwiftExplicitDependencyGeneratePcm arm64 /Users/builder/Factory/paperloft/evidence/checkouts/p3-7cd0f79/build/DerivedData/SDKExplicitPrecompiledModules/_Builtin_stdatomic-A0XHKL94PRSVQDISXD295KW1I.pcm

SwiftExplicitDependencyGeneratePcm arm64 /Users/builder/Factory/paperloft/evidence/checkouts/p3-7cd0f79/build/DerivedData/SDKExplicitPrecompiledModules/_Builtin_intrinsics-C5C0JRLHN4ZS3O8T1HEEMLCA5.pcm

SwiftExplicitDependencyGeneratePcm arm64 /Users/builder/Factory/paperloft/evidence/checkouts/p3-7cd0f79/build/DerivedData/SDKExplicitPrecompiledModules/libDER-32OARLB2ON79Z9AQLGNPK3Y4G.pcm

SwiftExplicitDependencyGeneratePcm arm64 /Users/builder/Factory/paperloft/evidence/checkouts/p3-7cd0f79/build/DerivedData/SDKExplicitPrecompiledModules/_DarwinFoundation3-AS4XL2UWCWXGBXE9MRW8OX44V.pcm

SwiftExplicitDependencyGeneratePcm arm64 /Users/builder/Factory/paperloft/evidence/checkouts/p3-7cd0f79/build/DerivedData/SDKExplicitPrecompiledModules/_Builtin_inttypes-6ZUGGVZCSNIZI7D2OJETSSYD8.pcm

SwiftExplicitDependencyGeneratePcm arm64 /Users/builder/Factory/paperloft/evidence/checkouts/p3-7cd0f79/build/DerivedData/SDKExplicitPrecompiledModules/Darwin-8OHER1JRYERU83KD6DUGQD4XA.pcm

SwiftExplicitDependencyGeneratePcm arm64 /Users/builder/Factory/paperloft/evidence/checkouts/p3-7cd0f79/build/DerivedData/SDKExplicitPrecompiledModules/simd-6UMYBXZ8X92X02OIXDEL6Q7FN.pcm

SwiftExplicitDependencyGeneratePcm arm64 /Users/builder/Factory/paperloft/evidence/checkouts/p3-7cd0f79/build/DerivedData/SDKExplicitPrecompiledModules/MachO-54Y1PA5J16QQKU21U76SBEGWE.pcm

SwiftExplicitDependencyGeneratePcm arm64 /Users/builder/Factory/paperloft/evidence/checkouts/p3-7cd0f79/build/DerivedData/SDKExplicitPrecompiledModules/CUPS-9SNFSP1PSJ13T9MP71WVPMMI8.pcm

SwiftExplicitDependencyGeneratePcm arm64 /Users/builder/Factory/paperloft/evidence/checkouts/p3-7cd0f79/build/DerivedData/SDKExplicitPrecompiledModules/launch-2YCMFV1WY9MMVR25ILO26LATH.pcm

SwiftExplicitDependencyGeneratePcm arm64 /Users/builder/Factory/paperloft/evidence/checkouts/p3-7cd0f79/build/DerivedData/SDKExplicitPrecompiledModules/libkern-C49ZBAVGR4GQ4KYTBB7EE11M8.pcm

SwiftExplicitDependencyGeneratePcm arm64 /Users/builder/Factory/paperloft/evidence/checkouts/p3-7cd0f79/build/DerivedData/SDKExplicitPrecompiledModules/ObjectiveC-NCPQCXZ54ETED79RA96WS9MN.pcm

SwiftExplicitDependencyGeneratePcm arm64 /Users/builder/Factory/paperloft/evidence/checkouts/p3-7cd0f79/build/DerivedData/SDKExplicitPrecompiledModules/Spatial-7EMP1VU6HGOIW9X9X42OW8O3X.pcm

SwiftExplicitDependencyGeneratePcm arm64 /Users/builder/Factory/paperloft/evidence/checkouts/p3-7cd0f79/build/DerivedData/SDKExplicitPrecompiledModules/os_object-7ZY6BM99XD5D7R7XJ7OKVTHXX.pcm

SwiftExplicitDependencyGeneratePcm arm64 /Users/builder/Factory/paperloft/evidence/checkouts/p3-7cd0f79/build/DerivedData/SDKExplicitPrecompiledModules/os_workgroup-476XDQWYYI1VRVWASUQBJZO8T.pcm

SwiftExplicitDependencyGeneratePcm arm64 /Users/builder/Factory/paperloft/evidence/checkouts/p3-7cd0f79/build/DerivedData/SDKExplicitPrecompiledModules/Dispatch-6E4VIR7MBIAAMH097PAX9N36J.pcm

SwiftExplicitDependencyGeneratePcm arm64 /Users/builder/Factory/paperloft/evidence/checkouts/p3-7cd0f79/build/DerivedData/SDKExplicitPrecompiledModules/XPC-41V9AR9ABKUIAFITNQQPMUTR2.pcm

SwiftExplicitDependencyGeneratePcm arm64 /Users/builder/Factory/paperloft/evidence/checkouts/p3-7cd0f79/build/DerivedData/SDKExplicitPrecompiledModules/CoreFoundation-COBD0FTKOYPTXJNZJYUM94OU7.pcm

SwiftExplicitDependencyGeneratePcm arm64 /Users/builder/Factory/paperloft/evidence/checkouts/p3-7cd0f79/build/DerivedData/SDKExplicitPrecompiledModules/os-1MK0QA9E9BG9C9ZWAY0PKOMRM.pcm

SwiftExplicitDependencyGeneratePcm arm64 /Users/builder/Factory/paperloft/evidence/checkouts/p3-7cd0f79/build/DerivedData/SDKExplicitPrecompiledModules/CoreAudioTypes-FJS087JBFYOHTPBBD2IOHVK.pcm

SwiftExplicitDependencyGeneratePcm arm64 /Users/builder/Factory/paperloft/evidence/checkouts/p3-7cd0f79/build/DerivedData/SDKExplicitPrecompiledModules/CFNetwork-AFIE7XSHL42XO0Z4UMUH0307C.pcm

SwiftExplicitDependencyGeneratePcm arm64 /Users/builder/Factory/paperloft/evidence/checkouts/p3-7cd0f79/build/DerivedData/SDKExplicitPrecompiledModules/IOKit-8WY48CLTUIEUKF2ZO5495AO0.pcm

SwiftExplicitDependencyGeneratePcm arm64 /Users/builder/Factory/paperloft/evidence/checkouts/p3-7cd0f79/build/DerivedData/SDKExplicitPrecompiledModules/Security-DVTKGWNPRV698KO1M4YB6609Q.pcm

SwiftExplicitDependencyGeneratePcm arm64 /Users/builder/Factory/paperloft/evidence/checkouts/p3-7cd0f79/build/DerivedData/SDKExplicitPrecompiledModules/ColorSync-CBMN68U6VX2K0KR0XALNHOU3P.pcm

SwiftExplicitDependencyGeneratePcm arm64 /Users/builder/Factory/paperloft/evidence/checkouts/p3-7cd0f79/build/DerivedData/SDKExplicitPrecompiledModules/CoreGraphics-31WIKT1YM31EB5T2NCS6GTUNN.pcm

SwiftExplicitDependencyGeneratePcm arm64 /Users/builder/Factory/paperloft/evidence/checkouts/p3-7cd0f79/build/DerivedData/SDKExplicitPrecompiledModules/DiskArbitration-37QDB2S860G1MX1LKYN7A1165.pcm

SwiftExplicitDependencyGeneratePcm arm64 /Users/builder/Factory/paperloft/evidence/checkouts/p3-7cd0f79/build/DerivedData/SDKExplicitPrecompiledModules/CoreServices-3D0T2DYU8V5GV66RSIAMYZRL3.pcm

SwiftExplicitDependencyGeneratePcm arm64 /Users/builder/Factory/paperloft/evidence/checkouts/p3-7cd0f79/build/DerivedData/SDKExplicitPrecompiledModules/ImageIO-EFYHYKBG7R32EHPMZ0DSNKQ5J.pcm

SwiftExplicitDependencyGeneratePcm arm64 /Users/builder/Factory/paperloft/evidence/checkouts/p3-7cd0f79/build/DerivedData/SDKExplicitPrecompiledModules/CoreText-3H6JUND0BQT6WHAIME5W8DTCG.pcm

SwiftExplicitDependencyGeneratePcm arm64 /Users/builder/Factory/paperloft/evidence/checkouts/p3-7cd0f79/build/DerivedData/SDKExplicitPrecompiledModules/Foundation-6WSRELRZ6HMNAX3DJMAL2MGIT.pcm

SwiftExplicitDependencyGeneratePcm arm64 /Users/builder/Factory/paperloft/evidence/checkouts/p3-7cd0f79/build/DerivedData/SDKExplicitPrecompiledModules/UniformTypeIdentifiers-3TH55LSJOGNIZNDRW6SWPK3OM.pcm

SwiftExplicitDependencyGeneratePcm arm64 /Users/builder/Factory/paperloft/evidence/checkouts/p3-7cd0f79/build/DerivedData/SDKExplicitPrecompiledModules/CoreData-1YTONHP7NNJ69ZM02C1C12PXU.pcm

SwiftExplicitDependencyGeneratePcm arm64 /Users/builder/Factory/paperloft/evidence/checkouts/p3-7cd0f79/build/DerivedData/SDKExplicitPrecompiledModules/CoreAudio-5NABPYXWCBAY67FI7VN5CP2AG.pcm

SwiftExplicitDependencyGeneratePcm arm64 /Users/builder/Factory/paperloft/evidence/checkouts/p3-7cd0f79/build/DerivedData/SDKExplicitPrecompiledModules/CoreTransferable-926BLF9897QGC46Z2SOFMGBIB.pcm

SwiftExplicitDependencyGeneratePcm arm64 /Users/builder/Factory/paperloft/evidence/checkouts/p3-7cd0f79/build/DerivedData/SDKExplicitPrecompiledModules/IOSurface-6DFMZEJH5E567H32XVA2PUJCX.pcm

SwiftExplicitDependencyGeneratePcm arm64 /Users/builder/Factory/paperloft/evidence/checkouts/p3-7cd0f79/build/DerivedData/SDKExplicitPrecompiledModules/ApplicationServices-9XWW2IT3VFEHOD9TCFHEPKW5V.pcm

SwiftExplicitDependencyGeneratePcm arm64 /Users/builder/Factory/paperloft/evidence/checkouts/p3-7cd0f79/build/DerivedData/SDKExplicitPrecompiledModules/Symbols-SKY65QH0YGP665RAOBEHV4FW.pcm

SwiftExplicitDependencyGeneratePcm arm64 /Users/builder/Factory/paperloft/evidence/checkouts/p3-7cd0f79/build/DerivedData/SDKExplicitPrecompiledModules/DataDetection-DH766BEZCWHYCIYISQDZ8KR11.pcm

SwiftExplicitDependencyGeneratePcm arm64 /Users/builder/Factory/paperloft/evidence/checkouts/p3-7cd0f79/build/DerivedData/SDKExplicitPrecompiledModules/OSLog-22RLAF9341BUYMAVZ5339NVLT.pcm

SwiftExplicitDependencyGeneratePcm arm64 /Users/builder/Factory/paperloft/evidence/checkouts/p3-7cd0f79/build/DerivedData/SDKExplicitPrecompiledModules/Accessibility-ENK7W0QTEM9ZSK5S09A409ZI7.pcm

SwiftExplicitDependencyGeneratePcm arm64 /Users/builder/Factory/paperloft/evidence/checkouts/p3-7cd0f79/build/DerivedData/SDKExplicitPrecompiledModules/OpenGL-C9D7JMBOZRDNQC50P1WE4X2WH.pcm

SwiftExplicitDependencyGeneratePcm arm64 /Users/builder/Factory/paperloft/evidence/checkouts/p3-7cd0f79/build/DerivedData/SDKExplicitPrecompiledModules/Metal-1Z3C1YDIIOM4YV0OIYSSYI9XL.pcm

SwiftExplicitDependencyGeneratePcm arm64 /Users/builder/Factory/paperloft/evidence/checkouts/p3-7cd0f79/build/DerivedData/SDKExplicitPrecompiledModules/CoreVideo-5LLVK6E6X3CTAUDX1IB383HXV.pcm

SwiftExplicitDependencyGeneratePcm arm64 /Users/builder/Factory/paperloft/evidence/checkouts/p3-7cd0f79/build/DerivedData/SDKExplicitPrecompiledModules/CoreImage-9DZ2J5C3JTHOFM0XXE0J10836.pcm

SwiftExplicitDependencyGeneratePcm arm64 /Users/builder/Factory/paperloft/evidence/checkouts/p3-7cd0f79/build/DerivedData/SDKExplicitPrecompiledModules/CoreMedia-ZJHQYKPO7DC69D5ZSKGEQOWI.pcm

SwiftExplicitDependencyGeneratePcm arm64 /Users/builder/Factory/paperloft/evidence/checkouts/p3-7cd0f79/build/DerivedData/SDKExplicitPrecompiledModules/QuartzCore-41SMAK0IBNU2HF1974GYIW4UQ.pcm

SwiftExplicitDependencyGeneratePcm arm64 /Users/builder/Factory/paperloft/evidence/checkouts/p3-7cd0f79/build/DerivedData/SDKExplicitPrecompiledModules/SwiftUICore-518T3WBKP7VMDZS92F6VUCFBZ.pcm

SwiftExplicitDependencyGeneratePcm arm64 /Users/builder/Factory/paperloft/evidence/checkouts/p3-7cd0f79/build/DerivedData/SDKExplicitPrecompiledModules/AppKit-9YPM89J0ENWMD1U8B6YD0JQXG.pcm

SwiftExplicitDependencyGeneratePcm arm64 /Users/builder/Factory/paperloft/evidence/checkouts/p3-7cd0f79/build/DerivedData/SDKExplicitPrecompiledModules/SwiftUI-52A2TDZB1M7JFLLRVF3QFPUYD.pcm

SwiftCompile normal arm64 Compiling\ ShareViewController.swift /Users/builder/Factory/paperloft/evidence/checkouts/p3-7cd0f79/Apps/PaperloftShare/ShareViewController.swift (in target 'PaperloftShare' from project 'Paperloft')

SwiftCompile normal arm64 /Users/builder/Factory/paperloft/evidence/checkouts/p3-7cd0f79/Apps/PaperloftShare/ShareViewController.swift (in target 'PaperloftShare' from project 'Paperloft')
    cd /Users/builder/Factory/paperloft/evidence/checkouts/p3-7cd0f79
    builtin-SwiftPerFileCompile ShareViewController.swift

SwiftEmitModule normal arm64 Emitting\ module\ for\ PaperloftShare (in target 'PaperloftShare' from project 'Paperloft')

SwiftCompile normal arm64 (in target 'PaperloftShare' from project 'Paperloft')
    cd /Users/builder/Factory/paperloft/evidence/checkouts/p3-7cd0f79
    

SwiftDriverJobDiscovery normal arm64 Emitting module for PaperloftShare (in target 'PaperloftShare' from project 'Paperloft')

SwiftDriver\ Compilation\ Requirements PaperloftShare normal arm64 com.apple.xcode.tools.swift.compiler (in target 'PaperloftShare' from project 'Paperloft')
    cd /Users/builder/Factory/paperloft/evidence/checkouts/p3-7cd0f79
    builtin-Swift-Compilation-Requirements -- /Applications/Xcode.app/Contents/Developer/Toolchains/XcodeDefault.xctoolchain/usr/bin/swiftc -module-name PaperloftShare -O @/Users/builder/Factory/paperloft/evidence/checkouts/p3-7cd0f79/build/DerivedData/Build/Intermediates.noindex/Paperloft.build/Release/PaperloftShare.build/Objects-normal/arm64/PaperloftShare.SwiftFileList -enable-experimental-feature DebugDescriptionMacro -sdk /Applications/Xcode.app/Contents/Developer/Platforms/MacOSX.platform/Developer/SDKs/MacOSX27.0.sdk -target arm64-apple-macos27.0 -g -module-cache-path /Users/builder/Factory/paperloft/evidence/checkouts/p3-7cd0f79/build/DerivedData/ModuleCache.noindex -Xfrontend -serialize-debugging-options -application-extension -profile-coverage-mapping -profile-generate -warnings-as-errors -swift-version 6 -I /Users/builder/Factory/paperloft/evidence/checkouts/p3-7cd0f79/build/DerivedData/Build/Products/Release -F /Users/builder/Factory/paperloft/evidence/checkouts/p3-7cd0f79/build/DerivedData/Build/Products/Release/PackageFrameworks -F /Users/builder/Factory/paperloft/evidence/checkouts/p3-7cd0f79/build/DerivedData/Build/Products/Release -parse-as-library -c -j10 -enable-batch-mode -incremental -Xcc -ivfsstatcache -Xcc /Users/builder/Factory/paperloft/evidence/checkouts/p3-7cd0f79/build/DerivedData/SDKStatCaches.noindex/macosx27.0-26A425-7231f6df4def33e022ae2eb8f782df1a.sdkstatcache -output-file-map /Users/builder/Factory/paperloft/evidence/checkouts/p3-7cd0f79/build/DerivedData/Build/Intermediates.noindex/Paperloft.build/Release/PaperloftShare.build/Objects-normal/arm64/PaperloftShare-OutputFileMap.json -save-temps -no-color-diagnostics -explicit-module-build -module-cache-path /Users/builder/Factory/paperloft/evidence/checkouts/p3-7cd0f79/build/DerivedData/Build/Intermediates.noindex/SwiftExplicitPrecompiledModules -clang-scanner-module-cache-path /Users/builder/Factory/paperloft/evidence/checkouts/p3-7cd0f79/build/DerivedData/ModuleCache.noindex -sdk-module-cache-path /Users/builder/Factory/paperloft/evidence/checkouts/p3-7cd0f79/build/DerivedData/SDKExplicitPrecompiledModules -emit-dependencies -emit-module -emit-module-path /Users/builder/Factory/paperloft/evidence/checkouts/p3-7cd0f79/build/DerivedData/Build/Intermediates.noindex/Paperloft.build/Release/PaperloftShare.build/Objects-normal/arm64/PaperloftShare.swiftmodule -serialize-diagnostics -dependency-scan-serialize-diagnostics-path /Users/builder/Factory/paperloft/evidence/checkouts/p3-7cd0f79/build/DerivedData/Build/Intermediates.noindex/Paperloft.build/Release/PaperloftShare.build/Objects-normal/arm64/PaperloftShare-dependency-scan.dia -validate-clang-modules-once -clang-build-session-file /Users/builder/Factory/paperloft/evidence/checkouts/p3-7cd0f79/build/DerivedData/ModuleCache.noindex/Session.modulevalidation -Xcc -fmodules-prune-interval\=86400 -Xcc -fmodules-prune-after\=345600 -emit-const-values -const-gather-protocols-list /Users/builder/Factory/paperloft/evidence/checkouts/p3-7cd0f79/build/DerivedData/Build/Intermediates.noindex/Paperloft.build/Release/PaperloftShare.build/Objects-normal/arm64/PaperloftShare_const_extract_protocols.json -Xcc -iquote -Xcc /Users/builder/Factory/paperloft/evidence/checkouts/p3-7cd0f79/build/DerivedData/Build/Intermediates.noindex/Paperloft.build/Release/PaperloftShare.build/PaperloftShare-generated-files.hmap -Xcc -I/Users/builder/Factory/paperloft/evidence/checkouts/p3-7cd0f79/build/DerivedData/Build/Intermediates.noindex/Paperloft.build/Release/PaperloftShare.build/PaperloftShare-own-target-headers.hmap -Xcc -I/Users/builder/Factory/paperloft/evidence/checkouts/p3-7cd0f79/build/DerivedData/Build/Intermediates.noindex/Paperloft.build/Release/PaperloftShare.build/PaperloftShare-all-non-framework-target-headers.hmap -Xcc -ivfsoverlay -Xcc /Users/builder/Factory/paperloft/evidence/checkouts/p3-7cd0f79/build/DerivedData/Build/Intermediates.noindex/Paperloft.build/Release/Paperloft-b93ddc6bcd4d234a5473ab01ad3589c4-VFS/all-product-headers.yaml -Xcc -iquote -Xcc /Users/builder/Factory/paperloft/evidence/checkouts/p3-7cd0f79/build/DerivedData/Build/Intermediates.noindex/Paperloft.build/Release/PaperloftShare.build/PaperloftShare-project-headers.hmap -Xcc -I/Users/builder/Factory/paperloft/evidence/checkouts/p3-7cd0f79/build/DerivedData/Build/Products/Release/include -Xcc -I/Users/builder/Factory/paperloft/evidence/checkouts/p3-7cd0f79/build/DerivedData/Build/Intermediates.noindex/Paperloft.build/Release/PaperloftShare.build/DerivedSources-normal/arm64 -Xcc -I/Users/builder/Factory/paperloft/evidence/checkouts/p3-7cd0f79/build/DerivedData/Build/Intermediates.noindex/Paperloft.build/Release/PaperloftShare.build/DerivedSources/arm64 -Xcc -I/Users/builder/Factory/paperloft/evidence/checkouts/p3-7cd0f79/build/DerivedData/Build/Intermediates.noindex/Paperloft.build/Release/PaperloftShare.build/DerivedSources -emit-objc-header -emit-objc-header-path /Users/builder/Factory/paperloft/evidence/checkouts/p3-7cd0f79/build/DerivedData/Build/Intermediates.noindex/Paperloft.build/Release/PaperloftShare.build/Objects-normal/arm64/PaperloftShare-Swift.h -working-directory /Users/builder/Factory/paperloft/evidence/checkouts/p3-7cd0f79 -experimental-emit-module-separately -disable-cmo

SwiftMergeGeneratedHeaders /Users/builder/Factory/paperloft/evidence/checkouts/p3-7cd0f79/build/DerivedData/Build/Intermediates.noindex/Paperloft.build/Release/PaperloftShare.build/DerivedSources/PaperloftShare-Swift.h /Users/builder/Factory/paperloft/evidence/checkouts/p3-7cd0f79/build/DerivedData/Build/Intermediates.noindex/Paperloft.build/Release/PaperloftShare.build/Objects-normal/arm64/PaperloftShare-Swift.h (in target 'PaperloftShare' from project 'Paperloft')
    cd /Users/builder/Factory/paperloft/evidence/checkouts/p3-7cd0f79
    builtin-swiftHeaderTool -arch arm64 /Users/builder/Factory/paperloft/evidence/checkouts/p3-7cd0f79/build/DerivedData/Build/Intermediates.noindex/Paperloft.build/Release/PaperloftShare.build/Objects-normal/arm64/PaperloftShare-Swift.h -o /Users/builder/Factory/paperloft/evidence/checkouts/p3-7cd0f79/build/DerivedData/Build/Intermediates.noindex/Paperloft.build/Release/PaperloftShare.build/DerivedSources/PaperloftShare-Swift.h

Copy /Users/builder/Factory/paperloft/evidence/checkouts/p3-7cd0f79/build/DerivedData/Build/Products/Release/PaperloftShare.swiftmodule/arm64-apple-macos.swiftdoc /Users/builder/Factory/paperloft/evidence/checkouts/p3-7cd0f79/build/DerivedData/Build/Intermediates.noindex/Paperloft.build/Release/PaperloftShare.build/Objects-normal/arm64/PaperloftShare.swiftdoc (in target 'PaperloftShare' from project 'Paperloft')
    cd /Users/builder/Factory/paperloft/evidence/checkouts/p3-7cd0f79
    builtin-copy -exclude .DS_Store -exclude CVS -exclude .svn -exclude .git -exclude .hg -strip-unsigned-binaries -strip-deterministic -strip-tool /Applications/Xcode.app/Contents/Developer/Toolchains/XcodeDefault.xctoolchain/usr/bin/strip -resolve-src-symlinks -rename /Users/builder/Factory/paperloft/evidence/checkouts/p3-7cd0f79/build/DerivedData/Build/Intermediates.noindex/Paperloft.build/Release/PaperloftShare.build/Objects-normal/arm64/PaperloftShare.swiftdoc /Users/builder/Factory/paperloft/evidence/checkouts/p3-7cd0f79/build/DerivedData/Build/Products/Release/PaperloftShare.swiftmodule/arm64-apple-macos.swiftdoc

Copy /Users/builder/Factory/paperloft/evidence/checkouts/p3-7cd0f79/build/DerivedData/Build/Products/Release/PaperloftShare.swiftmodule/arm64-apple-macos.abi.json /Users/builder/Factory/paperloft/evidence/checkouts/p3-7cd0f79/build/DerivedData/Build/Intermediates.noindex/Paperloft.build/Release/PaperloftShare.build/Objects-normal/arm64/PaperloftShare.abi.json (in target 'PaperloftShare' from project 'Paperloft')
    cd /Users/builder/Factory/paperloft/evidence/checkouts/p3-7cd0f79
    builtin-copy -exclude .DS_Store -exclude CVS -exclude .svn -exclude .git -exclude .hg -strip-unsigned-binaries -strip-deterministic -strip-tool /Applications/Xcode.app/Contents/Developer/Toolchains/XcodeDefault.xctoolchain/usr/bin/strip -resolve-src-symlinks -rename /Users/builder/Factory/paperloft/evidence/checkouts/p3-7cd0f79/build/DerivedData/Build/Intermediates.noindex/Paperloft.build/Release/PaperloftShare.build/Objects-normal/arm64/PaperloftShare.abi.json /Users/builder/Factory/paperloft/evidence/checkouts/p3-7cd0f79/build/DerivedData/Build/Products/Release/PaperloftShare.swiftmodule/arm64-apple-macos.abi.json

Copy /Users/builder/Factory/paperloft/evidence/checkouts/p3-7cd0f79/build/DerivedData/Build/Products/Release/PaperloftShare.swiftmodule/arm64-apple-macos.swiftmodule /Users/builder/Factory/paperloft/evidence/checkouts/p3-7cd0f79/build/DerivedData/Build/Intermediates.noindex/Paperloft.build/Release/PaperloftShare.build/Objects-normal/arm64/PaperloftShare.swiftmodule (in target 'PaperloftShare' from project 'Paperloft')
    cd /Users/builder/Factory/paperloft/evidence/checkouts/p3-7cd0f79
    builtin-copy -exclude .DS_Store -exclude CVS -exclude .svn -exclude .git -exclude .hg -strip-unsigned-binaries -strip-deterministic -strip-tool /Applications/Xcode.app/Contents/Developer/Toolchains/XcodeDefault.xctoolchain/usr/bin/strip -resolve-src-symlinks -rename /Users/builder/Factory/paperloft/evidence/checkouts/p3-7cd0f79/build/DerivedData/Build/Intermediates.noindex/Paperloft.build/Release/PaperloftShare.build/Objects-normal/arm64/PaperloftShare.swiftmodule /Users/builder/Factory/paperloft/evidence/checkouts/p3-7cd0f79/build/DerivedData/Build/Products/Release/PaperloftShare.swiftmodule/arm64-apple-macos.swiftmodule

Copy /Users/builder/Factory/paperloft/evidence/checkouts/p3-7cd0f79/build/DerivedData/Build/Products/Release/PaperloftShare.swiftmodule/Project/arm64-apple-macos.swiftsourceinfo /Users/builder/Factory/paperloft/evidence/checkouts/p3-7cd0f79/build/DerivedData/Build/Intermediates.noindex/Paperloft.build/Release/PaperloftShare.build/Objects-normal/arm64/PaperloftShare.swiftsourceinfo (in target 'PaperloftShare' from project 'Paperloft')
    cd /Users/builder/Factory/paperloft/evidence/checkouts/p3-7cd0f79
    builtin-copy -exclude .DS_Store -exclude CVS -exclude .svn -exclude .git -exclude .hg -strip-unsigned-binaries -strip-deterministic -strip-tool /Applications/Xcode.app/Contents/Developer/Toolchains/XcodeDefault.xctoolchain/usr/bin/strip -resolve-src-symlinks -rename /Users/builder/Factory/paperloft/evidence/checkouts/p3-7cd0f79/build/DerivedData/Build/Intermediates.noindex/Paperloft.build/Release/PaperloftShare.build/Objects-normal/arm64/PaperloftShare.swiftsourceinfo /Users/builder/Factory/paperloft/evidence/checkouts/p3-7cd0f79/build/DerivedData/Build/Products/Release/PaperloftShare.swiftmodule/Project/arm64-apple-macos.swiftsourceinfo

SwiftDriverJobDiscovery normal arm64 Compiling ShareViewController.swift (in target 'PaperloftShare' from project 'Paperloft')

SwiftDriver\ Compilation PaperloftShare normal arm64 com.apple.xcode.tools.swift.compiler (in target 'PaperloftShare' from project 'Paperloft')
    cd /Users/builder/Factory/paperloft/evidence/checkouts/p3-7cd0f79
    builtin-Swift-Compilation -- /Applications/Xcode.app/Contents/Developer/Toolchains/XcodeDefault.xctoolchain/usr/bin/swiftc -module-name PaperloftShare -O @/Users/builder/Factory/paperloft/evidence/checkouts/p3-7cd0f79/build/DerivedData/Build/Intermediates.noindex/Paperloft.build/Release/PaperloftShare.build/Objects-normal/arm64/PaperloftShare.SwiftFileList -enable-experimental-feature DebugDescriptionMacro -sdk /Applications/Xcode.app/Contents/Developer/Platforms/MacOSX.platform/Developer/SDKs/MacOSX27.0.sdk -target arm64-apple-macos27.0 -g -module-cache-path /Users/builder/Factory/paperloft/evidence/checkouts/p3-7cd0f79/build/DerivedData/ModuleCache.noindex -Xfrontend -serialize-debugging-options -application-extension -profile-coverage-mapping -profile-generate -warnings-as-errors -swift-version 6 -I /Users/builder/Factory/paperloft/evidence/checkouts/p3-7cd0f79/build/DerivedData/Build/Products/Release -F /Users/builder/Factory/paperloft/evidence/checkouts/p3-7cd0f79/build/DerivedData/Build/Products/Release/PackageFrameworks -F /Users/builder/Factory/paperloft/evidence/checkouts/p3-7cd0f79/build/DerivedData/Build/Products/Release -parse-as-library -c -j10 -enable-batch-mode -incremental -Xcc -ivfsstatcache -Xcc /Users/builder/Factory/paperloft/evidence/checkouts/p3-7cd0f79/build/DerivedData/SDKStatCaches.noindex/macosx27.0-26A425-7231f6df4def33e022ae2eb8f782df1a.sdkstatcache -output-file-map /Users/builder/Factory/paperloft/evidence/checkouts/p3-7cd0f79/build/DerivedData/Build/Intermediates.noindex/Paperloft.build/Release/PaperloftShare.build/Objects-normal/arm64/PaperloftShare-OutputFileMap.json -save-temps -no-color-diagnostics -explicit-module-build -module-cache-path /Users/builder/Factory/paperloft/evidence/checkouts/p3-7cd0f79/build/DerivedData/Build/Intermediates.noindex/SwiftExplicitPrecompiledModules -clang-scanner-module-cache-path /Users/builder/Factory/paperloft/evidence/checkouts/p3-7cd0f79/build/DerivedData/ModuleCache.noindex -sdk-module-cache-path /Users/builder/Factory/paperloft/evidence/checkouts/p3-7cd0f79/build/DerivedData/SDKExplicitPrecompiledModules -emit-dependencies -emit-module -emit-module-path /Users/builder/Factory/paperloft/evidence/checkouts/p3-7cd0f79/build/DerivedData/Build/Intermediates.noindex/Paperloft.build/Release/PaperloftShare.build/Objects-normal/arm64/PaperloftShare.swiftmodule -serialize-diagnostics -dependency-scan-serialize-diagnostics-path /Users/builder/Factory/paperloft/evidence/checkouts/p3-7cd0f79/build/DerivedData/Build/Intermediates.noindex/Paperloft.build/Release/PaperloftShare.build/Objects-normal/arm64/PaperloftShare-dependency-scan.dia -validate-clang-modules-once -clang-build-session-file /Users/builder/Factory/paperloft/evidence/checkouts/p3-7cd0f79/build/DerivedData/ModuleCache.noindex/Session.modulevalidation -Xcc -fmodules-prune-interval\=86400 -Xcc -fmodules-prune-after\=345600 -emit-const-values -const-gather-protocols-list /Users/builder/Factory/paperloft/evidence/checkouts/p3-7cd0f79/build/DerivedData/Build/Intermediates.noindex/Paperloft.build/Release/PaperloftShare.build/Objects-normal/arm64/PaperloftShare_const_extract_protocols.json -Xcc -iquote -Xcc /Users/builder/Factory/paperloft/evidence/checkouts/p3-7cd0f79/build/DerivedData/Build/Intermediates.noindex/Paperloft.build/Release/PaperloftShare.build/PaperloftShare-generated-files.hmap -Xcc -I/Users/builder/Factory/paperloft/evidence/checkouts/p3-7cd0f79/build/DerivedData/Build/Intermediates.noindex/Paperloft.build/Release/PaperloftShare.build/PaperloftShare-own-target-headers.hmap -Xcc -I/Users/builder/Factory/paperloft/evidence/checkouts/p3-7cd0f79/build/DerivedData/Build/Intermediates.noindex/Paperloft.build/Release/PaperloftShare.build/PaperloftShare-all-non-framework-target-headers.hmap -Xcc -ivfsoverlay -Xcc /Users/builder/Factory/paperloft/evidence/checkouts/p3-7cd0f79/build/DerivedData/Build/Intermediates.noindex/Paperloft.build/Release/Paperloft-b93ddc6bcd4d234a5473ab01ad3589c4-VFS/all-product-headers.yaml -Xcc -iquote -Xcc /Users/builder/Factory/paperloft/evidence/checkouts/p3-7cd0f79/build/DerivedData/Build/Intermediates.noindex/Paperloft.build/Release/PaperloftShare.build/PaperloftShare-project-headers.hmap -Xcc -I/Users/builder/Factory/paperloft/evidence/checkouts/p3-7cd0f79/build/DerivedData/Build/Products/Release/include -Xcc -I/Users/builder/Factory/paperloft/evidence/checkouts/p3-7cd0f79/build/DerivedData/Build/Intermediates.noindex/Paperloft.build/Release/PaperloftShare.build/DerivedSources-normal/arm64 -Xcc -I/Users/builder/Factory/paperloft/evidence/checkouts/p3-7cd0f79/build/DerivedData/Build/Intermediates.noindex/Paperloft.build/Release/PaperloftShare.build/DerivedSources/arm64 -Xcc -I/Users/builder/Factory/paperloft/evidence/checkouts/p3-7cd0f79/build/DerivedData/Build/Intermediates.noindex/Paperloft.build/Release/PaperloftShare.build/DerivedSources -emit-objc-header -emit-objc-header-path /Users/builder/Factory/paperloft/evidence/checkouts/p3-7cd0f79/build/DerivedData/Build/Intermediates.noindex/Paperloft.build/Release/PaperloftShare.build/Objects-normal/arm64/PaperloftShare-Swift.h -working-directory /Users/builder/Factory/paperloft/evidence/checkouts/p3-7cd0f79 -experimental-emit-module-separately -disable-cmo

Ld /Users/builder/Factory/paperloft/evidence/checkouts/p3-7cd0f79/build/DerivedData/Build/Products/Release/PaperloftShare.appex/Contents/MacOS/PaperloftShare normal (in target 'PaperloftShare' from project 'Paperloft')
    cd /Users/builder/Factory/paperloft/evidence/checkouts/p3-7cd0f79
    /Applications/Xcode.app/Contents/Developer/Toolchains/XcodeDefault.xctoolchain/usr/bin/clang -Xlinker -reproducible -target arm64-apple-macos27.0 -isysroot /Applications/Xcode.app/Contents/Developer/Platforms/MacOSX.platform/Developer/SDKs/MacOSX27.0.sdk -Os -Xlinker -no_warn_duplicate_libraries -L/Users/builder/Factory/paperloft/evidence/checkouts/p3-7cd0f79/build/DerivedData/Build/Intermediates.noindex/EagerLinkingTBDs/Release -L/Users/builder/Factory/paperloft/evidence/checkouts/p3-7cd0f79/build/DerivedData/Build/Products/Release -F/Users/builder/Factory/paperloft/evidence/checkouts/p3-7cd0f79/build/DerivedData/Build/Intermediates.noindex/EagerLinkingTBDs/Release -F/Users/builder/Factory/paperloft/evidence/checkouts/p3-7cd0f79/build/DerivedData/Build/Products/Release/PackageFrameworks -F/Users/builder/Factory/paperloft/evidence/checkouts/p3-7cd0f79/build/DerivedData/Build/Products/Release -filelist /Users/builder/Factory/paperloft/evidence/checkouts/p3-7cd0f79/build/DerivedData/Build/Intermediates.noindex/Paperloft.build/Release/PaperloftShare.build/Objects-normal/arm64/PaperloftShare.LinkFileList -Xlinker -rpath -Xlinker @executable_path/../Frameworks -Xlinker -rpath -Xlinker @executable_path/../../../../Frameworks -Xlinker -object_path_lto -Xlinker /Users/builder/Factory/paperloft/evidence/checkouts/p3-7cd0f79/build/DerivedData/Build/Intermediates.noindex/Paperloft.build/Release/PaperloftShare.build/Objects-normal/arm64/PaperloftShare_lto.o -Xlinker -debug_variant -Xlinker -dependency_info -Xlinker /Users/builder/Factory/paperloft/evidence/checkouts/p3-7cd0f79/build/DerivedData/Build/Intermediates.noindex/Paperloft.build/Release/PaperloftShare.build/Objects-normal/arm64/PaperloftShare_dependency_info.dat -e _NSExtensionMain -fapplication-extension -fobjc-link-runtime -fprofile-instr-generate -L/Applications/Xcode.app/Contents/Developer/Toolchains/XcodeDefault.xctoolchain/usr/lib/swift/macosx -L/usr/lib/swift -Xlinker -add_ast_path -Xlinker /Users/builder/Factory/paperloft/evidence/checkouts/p3-7cd0f79/build/DerivedData/Build/Intermediates.noindex/Paperloft.build/Release/PaperloftShare.build/Objects-normal/arm64/PaperloftShare.swiftmodule -Xlinker -no_adhoc_codesign -o /Users/builder/Factory/paperloft/evidence/checkouts/p3-7cd0f79/build/DerivedData/Build/Products/Release/PaperloftShare.appex/Contents/MacOS/PaperloftShare

CodeSign /Users/builder/Factory/paperloft/evidence/checkouts/p3-7cd0f79/build/DerivedData/Build/Products/Release/PaperloftShare.appex (in target 'PaperloftShare' from project 'Paperloft')
    cd /Users/builder/Factory/paperloft/evidence/checkouts/p3-7cd0f79
    
    Signing Identity:     "Sign to Run Locally"
    
    /usr/bin/codesign --force --sign - --entitlements /Users/builder/Factory/paperloft/evidence/checkouts/p3-7cd0f79/build/DerivedData/Build/Intermediates.noindex/Paperloft.build/Release/PaperloftShare.build/PaperloftShare.appex.xcent --timestamp\=none --generate-entitlement-der /Users/builder/Factory/paperloft/evidence/checkouts/p3-7cd0f79/build/DerivedData/Build/Products/Release/PaperloftShare.appex

RegisterExecutionPolicyException /Users/builder/Factory/paperloft/evidence/checkouts/p3-7cd0f79/build/DerivedData/Build/Products/Release/PaperloftShare.appex (in target 'PaperloftShare' from project 'Paperloft')
    cd /Users/builder/Factory/paperloft/evidence/checkouts/p3-7cd0f79
    builtin-RegisterExecutionPolicyException /Users/builder/Factory/paperloft/evidence/checkouts/p3-7cd0f79/build/DerivedData/Build/Products/Release/PaperloftShare.appex

Touch /Users/builder/Factory/paperloft/evidence/checkouts/p3-7cd0f79/build/DerivedData/Build/Products/Release/PaperloftShare.appex (in target 'PaperloftShare' from project 'Paperloft')
    cd /Users/builder/Factory/paperloft/evidence/checkouts/p3-7cd0f79
    /usr/bin/touch -c /Users/builder/Factory/paperloft/evidence/checkouts/p3-7cd0f79/build/DerivedData/Build/Products/Release/PaperloftShare.appex

SwiftDriverJobDiscovery normal arm64 Compiling AccountantPack.swift, Assessment.swift, Extraction.swift, IntakeQueue.swift, LibraryAccess.swift, LibraryFiles.swift, LibraryStore.swift, MailAttachmentSupport.swift, MailCandidateSelection.swift, MailDeliveryLedger.swift, MailDocument.swift, MailEnvelope.swift, MailFieldHints.swift, MailImport.swift, Money.swift, Receipt.swift, ReceiptEngine.swift, ReceiptIndex.swift, ReceiptNameTemplate.swift, Recognize.swift, ScanImport.swift, TaxSourceEvidence.swift, TextLayout.swift, UnderstandingQuota.swift, WatchedFolderScanner.swift (in target 'PaperloftKit' from project 'PaperloftKit')

SwiftDriver\ Compilation\ Requirements PaperloftKit normal arm64 com.apple.xcode.tools.swift.compiler (in target 'PaperloftKit' from project 'PaperloftKit')
    cd /Users/builder/Factory/paperloft/evidence/checkouts/p3-7cd0f79/Paperloft.xcodeproj
    builtin-Swift-Compilation-Requirements -- /Applications/Xcode.app/Contents/Developer/Toolchains/XcodeDefault.xctoolchain/usr/bin/swiftc -parse-as-library -module-name PaperloftKit -O -whole-module-optimization @/Users/builder/Factory/paperloft/evidence/checkouts/p3-7cd0f79/build/DerivedData/Build/Intermediates.noindex/PaperloftKit.build/Release/PaperloftKit-t.build/Objects-normal/arm64/PaperloftKit.SwiftFileList -DSWIFT_PACKAGE -DSWIFT_MODULE_RESOURCE_BUNDLE_UNAVAILABLE -DXcode -plugin-path /Applications/Xcode.app/Contents/Developer/Toolchains/XcodeDefault.xctoolchain/usr/lib/swift/host/plugins/testing -enable-experimental-feature DebugDescriptionMacro -sdk /Applications/Xcode.app/Contents/Developer/Platforms/MacOSX.platform/Developer/SDKs/MacOSX27.0.sdk -target arm64-apple-macos27.0 -g -module-cache-path /Users/builder/Factory/paperloft/evidence/checkouts/p3-7cd0f79/build/DerivedData/ModuleCache.noindex -Xfrontend -serialize-debugging-options -profile-coverage-mapping -profile-generate -warnings-as-errors -swift-version 6 -I /Users/builder/Factory/paperloft/evidence/checkouts/p3-7cd0f79/build/DerivedData/Build/Products/Release -Isystem /Applications/Xcode.app/Contents/Developer/Platforms/MacOSX.platform/Developer/usr/lib -F /Users/builder/Factory/paperloft/evidence/checkouts/p3-7cd0f79/build/DerivedData/Build/Products/Release -F /Applications/Xcode.app/Contents/Developer/Platforms/MacOSX.platform/Developer/Library/Frameworks -c -num-threads 10 -Xcc -ivfsstatcache -Xcc /Users/builder/Factory/paperloft/evidence/checkouts/p3-7cd0f79/build/DerivedData/SDKStatCaches.noindex/macosx27.0-26A425-7231f6df4def33e022ae2eb8f782df1a.sdkstatcache -output-file-map /Users/builder/Factory/paperloft/evidence/checkouts/p3-7cd0f79/build/DerivedData/Build/Intermediates.noindex/PaperloftKit.build/Release/PaperloftKit-t.build/Objects-normal/arm64/PaperloftKit-OutputFileMap.json -save-temps -no-color-diagnostics -explicit-module-build -module-cache-path /Users/builder/Factory/paperloft/evidence/checkouts/p3-7cd0f79/build/DerivedData/Build/Intermediates.noindex/SwiftExplicitPrecompiledModules -clang-scanner-module-cache-path /Users/builder/Factory/paperloft/evidence/checkouts/p3-7cd0f79/build/DerivedData/ModuleCache.noindex -sdk-module-cache-path /Users/builder/Factory/paperloft/evidence/checkouts/p3-7cd0f79/build/DerivedData/SDKExplicitPrecompiledModules -emit-dependencies -emit-module -emit-module-path /Users/builder/Factory/paperloft/evidence/checkouts/p3-7cd0f79/build/DerivedData/Build/Intermediates.noindex/PaperloftKit.build/Release/PaperloftKit-t.build/Objects-normal/arm64/PaperloftKit.swiftmodule -serialize-diagnostics -dependency-scan-serialize-diagnostics-path /Users/builder/Factory/paperloft/evidence/checkouts/p3-7cd0f79/build/DerivedData/Build/Intermediates.noindex/PaperloftKit.build/Release/PaperloftKit-t.build/Objects-normal/arm64/PaperloftKit-dependency-scan.dia -validate-clang-modules-once -clang-build-session-file /Users/builder/Factory/paperloft/evidence/checkouts/p3-7cd0f79/build/DerivedData/ModuleCache.noindex/Session.modulevalidation -Xcc -fmodules-prune-interval\=86400 -Xcc -fmodules-prune-after\=345600 -package-name paperloftkit -emit-const-values -const-gather-protocols-list /Users/builder/Factory/paperloft/evidence/checkouts/p3-7cd0f79/build/DerivedData/Build/Intermediates.noindex/PaperloftKit.build/Release/PaperloftKit-t.build/Objects-normal/arm64/PaperloftKit_const_extract_protocols.json -Xcc -I/Users/builder/Factory/paperloft/evidence/checkouts/p3-7cd0f79/build/DerivedData/Build/Products/Release/include -Xcc -I/Users/builder/Factory/paperloft/evidence/checkouts/p3-7cd0f79/build/DerivedData/Build/Intermediates.noindex/PaperloftKit.build/Release/PaperloftKit-t.build/DerivedSources-normal/arm64 -Xcc -I/Users/builder/Factory/paperloft/evidence/checkouts/p3-7cd0f79/build/DerivedData/Build/Intermediates.noindex/PaperloftKit.build/Release/PaperloftKit-t.build/DerivedSources/arm64 -Xcc -I/Users/builder/Factory/paperloft/evidence/checkouts/p3-7cd0f79/build/DerivedData/Build/Intermediates.noindex/PaperloftKit.build/Release/PaperloftKit-t.build/DerivedSources -Xcc -DSWIFT_PACKAGE -emit-objc-header -emit-objc-header-path /Users/builder/Factory/paperloft/evidence/checkouts/p3-7cd0f79/build/DerivedData/Build/Intermediates.noindex/PaperloftKit.build/Release/PaperloftKit-t.build/Objects-normal/arm64/PaperloftKit-Swift.h -working-directory /Users/builder/Factory/paperloft/evidence/checkouts/p3-7cd0f79/Paperloft.xcodeproj -no-emit-module-separately-wmo

SwiftMergeGeneratedHeaders /Users/builder/Factory/paperloft/evidence/checkouts/p3-7cd0f79/build/DerivedData/Build/Intermediates.noindex/GeneratedModuleMaps/PaperloftKit-Swift.h /Users/builder/Factory/paperloft/evidence/checkouts/p3-7cd0f79/build/DerivedData/Build/Intermediates.noindex/PaperloftKit.build/Release/PaperloftKit-t.build/Objects-normal/arm64/PaperloftKit-Swift.h (in target 'PaperloftKit' from project 'PaperloftKit')
    cd /Users/builder/Factory/paperloft/evidence/checkouts/p3-7cd0f79/Packages/PaperloftKit
    builtin-swiftHeaderTool -arch arm64 /Users/builder/Factory/paperloft/evidence/checkouts/p3-7cd0f79/build/DerivedData/Build/Intermediates.noindex/PaperloftKit.build/Release/PaperloftKit-t.build/Objects-normal/arm64/PaperloftKit-Swift.h -o /Users/builder/Factory/paperloft/evidence/checkouts/p3-7cd0f79/build/DerivedData/Build/Intermediates.noindex/GeneratedModuleMaps/PaperloftKit-Swift.h

Copy /Users/builder/Factory/paperloft/evidence/checkouts/p3-7cd0f79/build/DerivedData/Build/Products/Release/PaperloftKit.swiftmodule/arm64-apple-macos.swiftdoc /Users/builder/Factory/paperloft/evidence/checkouts/p3-7cd0f79/build/DerivedData/Build/Intermediates.noindex/PaperloftKit.build/Release/PaperloftKit-t.build/Objects-normal/arm64/PaperloftKit.swiftdoc (in target 'PaperloftKit' from project 'PaperloftKit')
    cd /Users/builder/Factory/paperloft/evidence/checkouts/p3-7cd0f79/Packages/PaperloftKit
    builtin-copy -exclude .DS_Store -exclude CVS -exclude .svn -exclude .git -exclude .hg -strip-unsigned-binaries -strip-deterministic -strip-tool /Applications/Xcode.app/Contents/Developer/Toolchains/XcodeDefault.xctoolchain/usr/bin/strip -resolve-src-symlinks -rename /Users/builder/Factory/paperloft/evidence/checkouts/p3-7cd0f79/build/DerivedData/Build/Intermediates.noindex/PaperloftKit.build/Release/PaperloftKit-t.build/Objects-normal/arm64/PaperloftKit.swiftdoc /Users/builder/Factory/paperloft/evidence/checkouts/p3-7cd0f79/build/DerivedData/Build/Products/Release/PaperloftKit.swiftmodule/arm64-apple-macos.swiftdoc

Copy /Users/builder/Factory/paperloft/evidence/checkouts/p3-7cd0f79/build/DerivedData/Build/Products/Release/PaperloftKit.swiftmodule/arm64-apple-macos.abi.json /Users/builder/Factory/paperloft/evidence/checkouts/p3-7cd0f79/build/DerivedData/Build/Intermediates.noindex/PaperloftKit.build/Release/PaperloftKit-t.build/Objects-normal/arm64/PaperloftKit.abi.json (in target 'PaperloftKit' from project 'PaperloftKit')
    cd /Users/builder/Factory/paperloft/evidence/checkouts/p3-7cd0f79/Packages/PaperloftKit
    builtin-copy -exclude .DS_Store -exclude CVS -exclude .svn -exclude .git -exclude .hg -strip-unsigned-binaries -strip-deterministic -strip-tool /Applications/Xcode.app/Contents/Developer/Toolchains/XcodeDefault.xctoolchain/usr/bin/strip -resolve-src-symlinks -rename /Users/builder/Factory/paperloft/evidence/checkouts/p3-7cd0f79/build/DerivedData/Build/Intermediates.noindex/PaperloftKit.build/Release/PaperloftKit-t.build/Objects-normal/arm64/PaperloftKit.abi.json /Users/builder/Factory/paperloft/evidence/checkouts/p3-7cd0f79/build/DerivedData/Build/Products/Release/PaperloftKit.swiftmodule/arm64-apple-macos.abi.json

Copy /Users/builder/Factory/paperloft/evidence/checkouts/p3-7cd0f79/build/DerivedData/Build/Products/Release/PaperloftKit.swiftmodule/arm64-apple-macos.swiftmodule /Users/builder/Factory/paperloft/evidence/checkouts/p3-7cd0f79/build/DerivedData/Build/Intermediates.noindex/PaperloftKit.build/Release/PaperloftKit-t.build/Objects-normal/arm64/PaperloftKit.swiftmodule (in target 'PaperloftKit' from project 'PaperloftKit')
    cd /Users/builder/Factory/paperloft/evidence/checkouts/p3-7cd0f79/Packages/PaperloftKit
    builtin-copy -exclude .DS_Store -exclude CVS -exclude .svn -exclude .git -exclude .hg -strip-unsigned-binaries -strip-deterministic -strip-tool /Applications/Xcode.app/Contents/Developer/Toolchains/XcodeDefault.xctoolchain/usr/bin/strip -resolve-src-symlinks -rename /Users/builder/Factory/paperloft/evidence/checkouts/p3-7cd0f79/build/DerivedData/Build/Intermediates.noindex/PaperloftKit.build/Release/PaperloftKit-t.build/Objects-normal/arm64/PaperloftKit.swiftmodule /Users/builder/Factory/paperloft/evidence/checkouts/p3-7cd0f79/build/DerivedData/Build/Products/Release/PaperloftKit.swiftmodule/arm64-apple-macos.swiftmodule

Ld /Users/builder/Factory/paperloft/evidence/checkouts/p3-7cd0f79/build/DerivedData/Build/Products/Release/PaperloftKit.o normal (in target 'PaperloftKit' from project 'PaperloftKit')
    cd /Users/builder/Factory/paperloft/evidence/checkouts/p3-7cd0f79/Packages/PaperloftKit
    /Applications/Xcode.app/Contents/Developer/Toolchains/XcodeDefault.xctoolchain/usr/bin/clang -Xlinker -reproducible -target arm64-apple-macos27.0 -r -isysroot /Applications/Xcode.app/Contents/Developer/Platforms/MacOSX.platform/Developer/SDKs/MacOSX27.0.sdk -Os -Xlinker -no_warn_duplicate_libraries -F/Users/builder/Factory/paperloft/evidence/checkouts/p3-7cd0f79/build/DerivedData/Build/Intermediates.noindex/EagerLinkingTBDs/Release -F/Users/builder/Factory/paperloft/evidence/checkouts/p3-7cd0f79/build/DerivedData/Build/Products/Release -iframework /Applications/Xcode.app/Contents/Developer/Platforms/MacOSX.platform/Developer/Library/Frameworks -filelist /Users/builder/Factory/paperloft/evidence/checkouts/p3-7cd0f79/build/DerivedData/Build/Intermediates.noindex/PaperloftKit.build/Release/PaperloftKit-t.build/Objects-normal/arm64/PaperloftKit.LinkFileList -nostdlib -Xlinker -object_path_lto -Xlinker /Users/builder/Factory/paperloft/evidence/checkouts/p3-7cd0f79/build/DerivedData/Build/Intermediates.noindex/PaperloftKit.build/Release/PaperloftKit-t.build/Objects-normal/arm64/PaperloftKit_lto.o -Xlinker -debug_variant -Xlinker -dependency_info -Xlinker /Users/builder/Factory/paperloft/evidence/checkouts/p3-7cd0f79/build/DerivedData/Build/Intermediates.noindex/PaperloftKit.build/Release/PaperloftKit-t.build/Objects-normal/arm64/PaperloftKit_dependency_info.dat -fobjc-link-runtime -L/Applications/Xcode.app/Contents/Developer/Toolchains/XcodeDefault.xctoolchain/usr/lib/swift/macosx -L/usr/lib/swift -Xlinker -add_ast_path -Xlinker /Users/builder/Factory/paperloft/evidence/checkouts/p3-7cd0f79/build/DerivedData/Build/Intermediates.noindex/PaperloftKit.build/Release/PaperloftKit-t.build/Objects-normal/arm64/PaperloftKit.swiftmodule -o /Users/builder/Factory/paperloft/evidence/checkouts/p3-7cd0f79/build/DerivedData/Build/Products/Release/PaperloftKit.o

ProcessProductPackaging /Users/builder/Factory/paperloft/evidence/checkouts/p3-7cd0f79/Apps/PaperloftApp/Paperloft.entitlements /Users/builder/Factory/paperloft/evidence/checkouts/p3-7cd0f79/build/DerivedData/Build/Intermediates.noindex/Paperloft.build/Release/PaperloftApp.build/Paperloft\ Receipts.app.xcent (in target 'PaperloftApp' from project 'Paperloft')
    cd /Users/builder/Factory/paperloft/evidence/checkouts/p3-7cd0f79
    
    Entitlements:
    
    {
    "com.apple.security.app-sandbox" = 1;
    "com.apple.security.files.bookmarks.app-scope" = 1;
    "com.apple.security.files.user-selected.read-write" = 1;
    "com.apple.security.get-task-allow" = 1;
}
    
    builtin-productPackagingUtility /Users/builder/Factory/paperloft/evidence/checkouts/p3-7cd0f79/Apps/PaperloftApp/Paperloft.entitlements -entitlements -format xml -o /Users/builder/Factory/paperloft/evidence/checkouts/p3-7cd0f79/build/DerivedData/Build/Intermediates.noindex/Paperloft.build/Release/PaperloftApp.build/Paperloft\ Receipts.app.xcent

ProcessProductPackagingDER /Users/builder/Factory/paperloft/evidence/checkouts/p3-7cd0f79/build/DerivedData/Build/Intermediates.noindex/Paperloft.build/Release/PaperloftApp.build/Paperloft\ Receipts.app.xcent /Users/builder/Factory/paperloft/evidence/checkouts/p3-7cd0f79/build/DerivedData/Build/Intermediates.noindex/Paperloft.build/Release/PaperloftApp.build/Paperloft\ Receipts.app.xcent.der (in target 'PaperloftApp' from project 'Paperloft')
    cd /Users/builder/Factory/paperloft/evidence/checkouts/p3-7cd0f79
    /usr/bin/derq query -f xml -i /Users/builder/Factory/paperloft/evidence/checkouts/p3-7cd0f79/build/DerivedData/Build/Intermediates.noindex/Paperloft.build/Release/PaperloftApp.build/Paperloft\ Receipts.app.xcent -o /Users/builder/Factory/paperloft/evidence/checkouts/p3-7cd0f79/build/DerivedData/Build/Intermediates.noindex/Paperloft.build/Release/PaperloftApp.build/Paperloft\ Receipts.app.xcent.der --raw

GenerateAssetSymbols /Users/builder/Factory/paperloft/evidence/checkouts/p3-7cd0f79/Apps/PaperloftApp/Resources/Assets.xcassets /Users/builder/Factory/paperloft/evidence/checkouts/p3-7cd0f79/Apps/PaperloftApp/AppIcon.icon (in target 'PaperloftApp' from project 'Paperloft')
    cd /Users/builder/Factory/paperloft/evidence/checkouts/p3-7cd0f79
    /Applications/Xcode.app/Contents/Developer/usr/bin/actool /Users/builder/Factory/paperloft/evidence/checkouts/p3-7cd0f79/Apps/PaperloftApp/Resources/Assets.xcassets /Users/builder/Factory/paperloft/evidence/checkouts/p3-7cd0f79/Apps/PaperloftApp/AppIcon.icon --compile /Users/builder/Factory/paperloft/evidence/checkouts/p3-7cd0f79/build/DerivedData/Build/Products/Release/Paperloft\ Receipts.app/Contents/Resources --output-format human-readable-text --notices --warnings --export-dependency-info /Users/builder/Factory/paperloft/evidence/checkouts/p3-7cd0f79/build/DerivedData/Build/Intermediates.noindex/Paperloft.build/Release/PaperloftApp.build/assetcatalog_dependencies --output-partial-info-plist /Users/builder/Factory/paperloft/evidence/checkouts/p3-7cd0f79/build/DerivedData/Build/Intermediates.noindex/Paperloft.build/Release/PaperloftApp.build/assetcatalog_generated_info.plist --app-icon AppIcon --accent-color AccentColor --enable-on-demand-resources NO --development-region en --target-device mac --minimum-deployment-target 27.0 --platform macosx --bundle-identifier app.paperloft.receipts --generate-swift-asset-symbol-extensions NO --generate-swift-asset-symbols /Users/builder/Factory/paperloft/evidence/checkouts/p3-7cd0f79/build/DerivedData/Build/Intermediates.noindex/Paperloft.build/Release/PaperloftApp.build/DerivedSources/GeneratedAssetSymbols.swift --generate-objc-asset-symbols /Users/builder/Factory/paperloft/evidence/checkouts/p3-7cd0f79/build/DerivedData/Build/Intermediates.noindex/Paperloft.build/Release/PaperloftApp.build/DerivedSources/GeneratedAssetSymbols.h --generate-asset-symbol-index /Users/builder/Factory/paperloft/evidence/checkouts/p3-7cd0f79/build/DerivedData/Build/Intermediates.noindex/Paperloft.build/Release/PaperloftApp.build/DerivedSources/GeneratedAssetSymbols-Index.plist
/* com.apple.actool.compilation-results */
/Users/builder/Factory/paperloft/evidence/checkouts/p3-7cd0f79/build/DerivedData/Build/Intermediates.noindex/Paperloft.build/Release/PaperloftApp.build/DerivedSources/GeneratedAssetSymbols-Index.plist
/Users/builder/Factory/paperloft/evidence/checkouts/p3-7cd0f79/build/DerivedData/Build/Intermediates.noindex/Paperloft.build/Release/PaperloftApp.build/DerivedSources/GeneratedAssetSymbols.h
/Users/builder/Factory/paperloft/evidence/checkouts/p3-7cd0f79/build/DerivedData/Build/Intermediates.noindex/Paperloft.build/Release/PaperloftApp.build/DerivedSources/GeneratedAssetSymbols.swift


MkDir /Users/builder/Factory/paperloft/evidence/checkouts/p3-7cd0f79/build/DerivedData/Build/Intermediates.noindex/Paperloft.build/Release/PaperloftApp.build/assetcatalog_output/thinned (in target 'PaperloftApp' from project 'Paperloft')
    cd /Users/builder/Factory/paperloft/evidence/checkouts/p3-7cd0f79
    /bin/mkdir -p /Users/builder/Factory/paperloft/evidence/checkouts/p3-7cd0f79/build/DerivedData/Build/Intermediates.noindex/Paperloft.build/Release/PaperloftApp.build/assetcatalog_output/thinned

MkDir /Users/builder/Factory/paperloft/evidence/checkouts/p3-7cd0f79/build/DerivedData/Build/Intermediates.noindex/Paperloft.build/Release/PaperloftApp.build/assetcatalog_output/unthinned (in target 'PaperloftApp' from project 'Paperloft')
    cd /Users/builder/Factory/paperloft/evidence/checkouts/p3-7cd0f79
    /bin/mkdir -p /Users/builder/Factory/paperloft/evidence/checkouts/p3-7cd0f79/build/DerivedData/Build/Intermediates.noindex/Paperloft.build/Release/PaperloftApp.build/assetcatalog_output/unthinned

CompileAssetCatalogVariant thinned /Users/builder/Factory/paperloft/evidence/checkouts/p3-7cd0f79/build/DerivedData/Build/Products/Release/Paperloft\ Receipts.app/Contents/Resources /Users/builder/Factory/paperloft/evidence/checkouts/p3-7cd0f79/Apps/PaperloftApp/Resources/Assets.xcassets /Users/builder/Factory/paperloft/evidence/checkouts/p3-7cd0f79/Apps/PaperloftApp/AppIcon.icon (in target 'PaperloftApp' from project 'Paperloft')
    cd /Users/builder/Factory/paperloft/evidence/checkouts/p3-7cd0f79
    /Applications/Xcode.app/Contents/Developer/usr/bin/actool /Users/builder/Factory/paperloft/evidence/checkouts/p3-7cd0f79/Apps/PaperloftApp/Resources/Assets.xcassets /Users/builder/Factory/paperloft/evidence/checkouts/p3-7cd0f79/Apps/PaperloftApp/AppIcon.icon --compile /Users/builder/Factory/paperloft/evidence/checkouts/p3-7cd0f79/build/DerivedData/Build/Intermediates.noindex/Paperloft.build/Release/PaperloftApp.build/assetcatalog_output/thinned --output-format human-readable-text --notices --warnings --export-dependency-info /Users/builder/Factory/paperloft/evidence/checkouts/p3-7cd0f79/build/DerivedData/Build/Intermediates.noindex/Paperloft.build/Release/PaperloftApp.build/assetcatalog_dependencies_thinned --output-partial-info-plist /Users/builder/Factory/paperloft/evidence/checkouts/p3-7cd0f79/build/DerivedData/Build/Intermediates.noindex/Paperloft.build/Release/PaperloftApp.build/assetcatalog_generated_info.plist_thinned --app-icon AppIcon --accent-color AccentColor --enable-on-demand-resources NO --development-region en --target-device mac --minimum-deployment-target 27.0 --platform macosx
/* com.apple.actool.compilation-results */
/Users/builder/Factory/paperloft/evidence/checkouts/p3-7cd0f79/build/DerivedData/Build/Intermediates.noindex/Paperloft.build/Release/PaperloftApp.build/assetcatalog_generated_info.plist_thinned
/Users/builder/Factory/paperloft/evidence/checkouts/p3-7cd0f79/build/DerivedData/Build/Intermediates.noindex/Paperloft.build/Release/PaperloftApp.build/assetcatalog_output/thinned/AppIcon.icns
/Users/builder/Factory/paperloft/evidence/checkouts/p3-7cd0f79/build/DerivedData/Build/Intermediates.noindex/Paperloft.build/Release/PaperloftApp.build/assetcatalog_output/thinned/Assets.car


SwiftDriver PaperloftApp normal arm64 com.apple.xcode.tools.swift.compiler (in target 'PaperloftApp' from project 'Paperloft')
    cd /Users/builder/Factory/paperloft/evidence/checkouts/p3-7cd0f79
    builtin-SwiftDriver -- /Applications/Xcode.app/Contents/Developer/Toolchains/XcodeDefault.xctoolchain/usr/bin/swiftc -module-name Paperloft_Receipts -O @/Users/builder/Factory/paperloft/evidence/checkouts/p3-7cd0f79/build/DerivedData/Build/Intermediates.noindex/Paperloft.build/Release/PaperloftApp.build/Objects-normal/arm64/Paperloft\ Receipts.SwiftFileList -enable-experimental-feature DebugDescriptionMacro -sdk /Applications/Xcode.app/Contents/Developer/Platforms/MacOSX.platform/Developer/SDKs/MacOSX27.0.sdk -target arm64-apple-macos27.0 -g -module-cache-path /Users/builder/Factory/paperloft/evidence/checkouts/p3-7cd0f79/build/DerivedData/ModuleCache.noindex -Xfrontend -serialize-debugging-options -profile-coverage-mapping -profile-generate -warnings-as-errors -swift-version 6 -I /Users/builder/Factory/paperloft/evidence/checkouts/p3-7cd0f79/build/DerivedData/Build/Products/Release -F /Users/builder/Factory/paperloft/evidence/checkouts/p3-7cd0f79/build/DerivedData/Build/Products/Release/PackageFrameworks -F /Users/builder/Factory/paperloft/evidence/checkouts/p3-7cd0f79/build/DerivedData/Build/Products/Release -c -j10 -enable-batch-mode -incremental -Xcc -ivfsstatcache -Xcc /Users/builder/Factory/paperloft/evidence/checkouts/p3-7cd0f79/build/DerivedData/SDKStatCaches.noindex/macosx27.0-26A425-7231f6df4def33e022ae2eb8f782df1a.sdkstatcache -output-file-map /Users/builder/Factory/paperloft/evidence/checkouts/p3-7cd0f79/build/DerivedData/Build/Intermediates.noindex/Paperloft.build/Release/PaperloftApp.build/Objects-normal/arm64/PaperloftApp-OutputFileMap.json -save-temps -no-color-diagnostics -explicit-module-build -module-cache-path /Users/builder/Factory/paperloft/evidence/checkouts/p3-7cd0f79/build/DerivedData/Build/Intermediates.noindex/SwiftExplicitPrecompiledModules -clang-scanner-module-cache-path /Users/builder/Factory/paperloft/evidence/checkouts/p3-7cd0f79/build/DerivedData/ModuleCache.noindex -sdk-module-cache-path /Users/builder/Factory/paperloft/evidence/checkouts/p3-7cd0f79/build/DerivedData/SDKExplicitPrecompiledModules -emit-dependencies -emit-module -emit-module-path /Users/builder/Factory/paperloft/evidence/checkouts/p3-7cd0f79/build/DerivedData/Build/Intermediates.noindex/Paperloft.build/Release/PaperloftApp.build/Objects-normal/arm64/Paperloft_Receipts.swiftmodule -serialize-diagnostics -dependency-scan-serialize-diagnostics-path /Users/builder/Factory/paperloft/evidence/checkouts/p3-7cd0f79/build/DerivedData/Build/Intermediates.noindex/Paperloft.build/Release/PaperloftApp.build/Objects-normal/arm64/Paperloft_Receipts-dependency-scan.dia -validate-clang-modules-once -clang-build-session-file /Users/builder/Factory/paperloft/evidence/checkouts/p3-7cd0f79/build/DerivedData/ModuleCache.noindex/Session.modulevalidation -Xcc -fmodules-prune-interval\=86400 -Xcc -fmodules-prune-after\=345600 -emit-const-values -const-gather-protocols-list /Users/builder/Factory/paperloft/evidence/checkouts/p3-7cd0f79/build/DerivedData/Build/Intermediates.noindex/Paperloft.build/Release/PaperloftApp.build/Objects-normal/arm64/PaperloftApp_const_extract_protocols.json -Xcc -iquote -Xcc /Users/builder/Factory/paperloft/evidence/checkouts/p3-7cd0f79/build/DerivedData/Build/Intermediates.noindex/Paperloft.build/Release/PaperloftApp.build/Paperloft\ Receipts-generated-files.hmap -Xcc -I/Users/builder/Factory/paperloft/evidence/checkouts/p3-7cd0f79/build/DerivedData/Build/Intermediates.noindex/Paperloft.build/Release/PaperloftApp.build/Paperloft\ Receipts-own-target-headers.hmap -Xcc -I/Users/builder/Factory/paperloft/evidence/checkouts/p3-7cd0f79/build/DerivedData/Build/Intermediates.noindex/Paperloft.build/Release/PaperloftApp.build/Paperloft\ Receipts-all-non-framework-target-headers.hmap -Xcc -ivfsoverlay -Xcc /Users/builder/Factory/paperloft/evidence/checkouts/p3-7cd0f79/build/DerivedData/Build/Intermediates.noindex/Paperloft.build/Release/Paperloft-b93ddc6bcd4d234a5473ab01ad3589c4-VFS/all-product-headers.yaml -Xcc -iquote -Xcc /Users/builder/Factory/paperloft/evidence/checkouts/p3-7cd0f79/build/DerivedData/Build/Intermediates.noindex/Paperloft.build/Release/PaperloftApp.build/Paperloft\ Receipts-project-headers.hmap -Xcc -I/Users/builder/Factory/paperloft/evidence/checkouts/p3-7cd0f79/build/DerivedData/Build/Products/Release/include -Xcc -I/Users/builder/Factory/paperloft/evidence/checkouts/p3-7cd0f79/build/DerivedData/Build/Intermediates.noindex/Paperloft.build/Release/PaperloftApp.build/DerivedSources-normal/arm64 -Xcc -I/Users/builder/Factory/paperloft/evidence/checkouts/p3-7cd0f79/build/DerivedData/Build/Intermediates.noindex/Paperloft.build/Release/PaperloftApp.build/DerivedSources/arm64 -Xcc -I/Users/builder/Factory/paperloft/evidence/checkouts/p3-7cd0f79/build/DerivedData/Build/Intermediates.noindex/Paperloft.build/Release/PaperloftApp.build/DerivedSources -emit-objc-header -emit-objc-header-path /Users/builder/Factory/paperloft/evidence/checkouts/p3-7cd0f79/build/DerivedData/Build/Intermediates.noindex/Paperloft.build/Release/PaperloftApp.build/Objects-normal/arm64/Paperloft_Receipts-Swift.h -working-directory /Users/builder/Factory/paperloft/evidence/checkouts/p3-7cd0f79 -experimental-emit-module-separately -disable-cmo

ExtractAppIntentsMetadata (in target 'PaperloftKit' from project 'PaperloftKit')
    cd /Users/builder/Factory/paperloft/evidence/checkouts/p3-7cd0f79/Packages/PaperloftKit
    /Applications/Xcode.app/Contents/Developer/Toolchains/XcodeDefault.xctoolchain/usr/bin/appintentsmetadataprocessor --toolchain-dir /Applications/Xcode.app/Contents/Developer/Toolchains/XcodeDefault.xctoolchain --module-name PaperloftKit --sdk-root /Applications/Xcode.app/Contents/Developer/Platforms/MacOSX.platform/Developer/SDKs/MacOSX27.0.sdk --xcode-version 27A266a --platform-family macOS --deployment-target 27.0 --bundle-identifier paperloftkit.PaperloftKit --output /Users/builder/Factory/paperloft/evidence/checkouts/p3-7cd0f79/build/DerivedData/Build/Products/Release/PaperloftKit.appintents --target-triple arm64-apple-macos27.0 --binary-file /Users/builder/Factory/paperloft/evidence/checkouts/p3-7cd0f79/build/DerivedData/Build/Products/Release/PaperloftKit.o --dependency-file /Users/builder/Factory/paperloft/evidence/checkouts/p3-7cd0f79/build/DerivedData/Build/Intermediates.noindex/PaperloftKit.build/Release/PaperloftKit-t.build/Objects-normal/arm64/PaperloftKit_dependency_info.dat --stringsdata-file /Users/builder/Factory/paperloft/evidence/checkouts/p3-7cd0f79/build/DerivedData/Build/Intermediates.noindex/PaperloftKit.build/Release/PaperloftKit-t.build/Objects-normal/arm64/ExtractedAppShortcutsMetadata.stringsdata --source-file-list /Users/builder/Factory/paperloft/evidence/checkouts/p3-7cd0f79/build/DerivedData/Build/Intermediates.noindex/PaperloftKit.build/Release/PaperloftKit-t.build/Objects-normal/arm64/PaperloftKit.SwiftFileList --metadata-file-list /Users/builder/Factory/paperloft/evidence/checkouts/p3-7cd0f79/build/DerivedData/Build/Intermediates.noindex/PaperloftKit.build/Release/PaperloftKit-t.build/PaperloftKit.DependencyMetadataFileList --static-metadata-file-list /Users/builder/Factory/paperloft/evidence/checkouts/p3-7cd0f79/build/DerivedData/Build/Intermediates.noindex/PaperloftKit.build/Release/PaperloftKit-t.build/PaperloftKit.DependencyStaticMetadataFileList --swift-const-vals-list /Users/builder/Factory/paperloft/evidence/checkouts/p3-7cd0f79/build/DerivedData/Build/Intermediates.noindex/PaperloftKit.build/Release/PaperloftKit-t.build/Objects-normal/arm64/PaperloftKit.SwiftConstValuesFileList --force --compile-time-extraction --deployment-aware-processing --no-app-shortcuts-localization
2026-10-01 21:49:10.872 appintentsmetadataprocessor[29425:6776320] Starting appintentsmetadataprocessor export
2026-10-01 21:49:10.934 appintentsmetadataprocessor[29425:6776320] Extracted no relevant App Intents symbols, skipping writing output

CpResource /Users/builder/Factory/paperloft/evidence/checkouts/p3-7cd0f79/build/DerivedData/Build/Products/Release/Paperloft\ Receipts.app/Contents/Resources/04-software.pdf /Users/builder/Factory/paperloft/evidence/checkouts/p3-7cd0f79/Apps/PaperloftApp/Resources/Samples/04-software.pdf (in target 'PaperloftApp' from project 'Paperloft')
    cd /Users/builder/Factory/paperloft/evidence/checkouts/p3-7cd0f79
    builtin-copy -exclude .DS_Store -exclude CVS -exclude .svn -exclude .git -exclude .hg -resolve-src-symlinks /Users/builder/Factory/paperloft/evidence/checkouts/p3-7cd0f79/Apps/PaperloftApp/Resources/Samples/04-software.pdf /Users/builder/Factory/paperloft/evidence/checkouts/p3-7cd0f79/build/DerivedData/Build/Products/Release/Paperloft\ Receipts.app/Contents/Resources

CpResource /Users/builder/Factory/paperloft/evidence/checkouts/p3-7cd0f79/build/DerivedData/Build/Products/Release/Paperloft\ Receipts.app/Contents/Resources/PrivacyInfo.xcprivacy /Users/builder/Factory/paperloft/evidence/checkouts/p3-7cd0f79/Apps/PaperloftApp/PrivacyInfo.xcprivacy (in target 'PaperloftApp' from project 'Paperloft')
    cd /Users/builder/Factory/paperloft/evidence/checkouts/p3-7cd0f79
    builtin-copy -exclude .DS_Store -exclude CVS -exclude .svn -exclude .git -exclude .hg -resolve-src-symlinks /Users/builder/Factory/paperloft/evidence/checkouts/p3-7cd0f79/Apps/PaperloftApp/PrivacyInfo.xcprivacy /Users/builder/Factory/paperloft/evidence/checkouts/p3-7cd0f79/build/DerivedData/Build/Products/Release/Paperloft\ Receipts.app/Contents/Resources

CpResource /Users/builder/Factory/paperloft/evidence/checkouts/p3-7cd0f79/build/DerivedData/Build/Products/Release/Paperloft\ Receipts.app/Contents/Resources/05-utilities.pdf /Users/builder/Factory/paperloft/evidence/checkouts/p3-7cd0f79/Apps/PaperloftApp/Resources/Samples/05-utilities.pdf (in target 'PaperloftApp' from project 'Paperloft')
    cd /Users/builder/Factory/paperloft/evidence/checkouts/p3-7cd0f79
    builtin-copy -exclude .DS_Store -exclude CVS -exclude .svn -exclude .git -exclude .hg -resolve-src-symlinks /Users/builder/Factory/paperloft/evidence/checkouts/p3-7cd0f79/Apps/PaperloftApp/Resources/Samples/05-utilities.pdf /Users/builder/Factory/paperloft/evidence/checkouts/p3-7cd0f79/build/DerivedData/Build/Products/Release/Paperloft\ Receipts.app/Contents/Resources

CpResource /Users/builder/Factory/paperloft/evidence/checkouts/p3-7cd0f79/build/DerivedData/Build/Products/Release/Paperloft\ Receipts.app/Contents/Resources/03-travel.pdf /Users/builder/Factory/paperloft/evidence/checkouts/p3-7cd0f79/Apps/PaperloftApp/Resources/Samples/03-travel.pdf (in target 'PaperloftApp' from project 'Paperloft')
    cd /Users/builder/Factory/paperloft/evidence/checkouts/p3-7cd0f79
    builtin-copy -exclude .DS_Store -exclude CVS -exclude .svn -exclude .git -exclude .hg -resolve-src-symlinks /Users/builder/Factory/paperloft/evidence/checkouts/p3-7cd0f79/Apps/PaperloftApp/Resources/Samples/03-travel.pdf /Users/builder/Factory/paperloft/evidence/checkouts/p3-7cd0f79/build/DerivedData/Build/Products/Release/Paperloft\ Receipts.app/Contents/Resources

CpResource /Users/builder/Factory/paperloft/evidence/checkouts/p3-7cd0f79/build/DerivedData/Build/Products/Release/Paperloft\ Receipts.app/Contents/Resources/01-office.pdf /Users/builder/Factory/paperloft/evidence/checkouts/p3-7cd0f79/Apps/PaperloftApp/Resources/Samples/01-office.pdf (in target 'PaperloftApp' from project 'Paperloft')
    cd /Users/builder/Factory/paperloft/evidence/checkouts/p3-7cd0f79
    builtin-copy -exclude .DS_Store -exclude CVS -exclude .svn -exclude .git -exclude .hg -resolve-src-symlinks /Users/builder/Factory/paperloft/evidence/checkouts/p3-7cd0f79/Apps/PaperloftApp/Resources/Samples/01-office.pdf /Users/builder/Factory/paperloft/evidence/checkouts/p3-7cd0f79/build/DerivedData/Build/Products/Release/Paperloft\ Receipts.app/Contents/Resources

CpResource /Users/builder/Factory/paperloft/evidence/checkouts/p3-7cd0f79/build/DerivedData/Build/Products/Release/Paperloft\ Receipts.app/Contents/Resources/02-meal.pdf /Users/builder/Factory/paperloft/evidence/checkouts/p3-7cd0f79/Apps/PaperloftApp/Resources/Samples/02-meal.pdf (in target 'PaperloftApp' from project 'Paperloft')
    cd /Users/builder/Factory/paperloft/evidence/checkouts/p3-7cd0f79
    builtin-copy -exclude .DS_Store -exclude CVS -exclude .svn -exclude .git -exclude .hg -resolve-src-symlinks /Users/builder/Factory/paperloft/evidence/checkouts/p3-7cd0f79/Apps/PaperloftApp/Resources/Samples/02-meal.pdf /Users/builder/Factory/paperloft/evidence/checkouts/p3-7cd0f79/build/DerivedData/Build/Products/Release/Paperloft\ Receipts.app/Contents/Resources

SwiftExplicitDependencyGeneratePcm arm64 /Users/builder/Factory/paperloft/evidence/checkouts/p3-7cd0f79/build/DerivedData/SDKExplicitPrecompiledModules/ptrauth-7ZUYQ7B0WGVAROROS7RQ8S1QF.pcm

SwiftExplicitDependencyGeneratePcm arm64 /Users/builder/Factory/paperloft/evidence/checkouts/p3-7cd0f79/build/DerivedData/SDKExplicitPrecompiledModules/_Builtin_float-DBGQVJ4PL2PK78Q91GAW64YK4.pcm

SwiftExplicitDependencyGeneratePcm arm64 /Users/builder/Factory/paperloft/evidence/checkouts/p3-7cd0f79/build/DerivedData/SDKExplicitPrecompiledModules/DeveloperToolsSupport-ERS7IWPORRHFJNWXCFAV51UTQ.pcm

SwiftExplicitDependencyGeneratePcm arm64 /Users/builder/Factory/paperloft/evidence/checkouts/p3-7cd0f79/build/DerivedData/SDKExplicitPrecompiledModules/_AvailabilityInternal-5JA6KYG2IP9H1WV3MZG468CRA.pcm

SwiftExplicitDependencyGeneratePcm arm64 /Users/builder/Factory/paperloft/evidence/checkouts/p3-7cd0f79/build/DerivedData/SDKExplicitPrecompiledModules/_Builtin_stdarg-2UZD6WUI1P9J5GLMYI6CAHAOR.pcm

SwiftExplicitDependencyGeneratePcm arm64 /Users/builder/Factory/paperloft/evidence/checkouts/p3-7cd0f79/build/DerivedData/SDKExplicitPrecompiledModules/SwiftShims-77PECYEPY724G701ZC01Z33J4.pcm

SwiftExplicitDependencyGeneratePcm arm64 /Users/builder/Factory/paperloft/evidence/checkouts/p3-7cd0f79/build/DerivedData/SDKExplicitPrecompiledModules/ptrcheck-1972H3B8CTZ26QOE6RZTPNH62.pcm

SwiftExplicitDependencyGeneratePcm arm64 /Users/builder/Factory/paperloft/evidence/checkouts/p3-7cd0f79/build/DerivedData/SDKExplicitPrecompiledModules/_SwiftConcurrencyShims-F1IDRI5057BDQXGTNNNJQJ1QD.pcm

SwiftExplicitDependencyGeneratePcm arm64 /Users/builder/Factory/paperloft/evidence/checkouts/p3-7cd0f79/build/DerivedData/SDKExplicitPrecompiledModules/_Builtin_stddef-8NA1FSQHEK1DG8P8ADGCOA77N.pcm

SwiftExplicitDependencyGeneratePcm arm64 /Users/builder/Factory/paperloft/evidence/checkouts/p3-7cd0f79/build/DerivedData/SDKExplicitPrecompiledModules/_Builtin_stdbool-9YJINZC3E98BBVKW0AP9KQHN6.pcm

SwiftExplicitDependencyGeneratePcm arm64 /Users/builder/Factory/paperloft/evidence/checkouts/p3-7cd0f79/build/DerivedData/SDKExplicitPrecompiledModules/_DarwinFoundation1-A94ETI4LZU52J9VR6MFZS0LQO.pcm

SwiftExplicitDependencyGeneratePcm arm64 /Users/builder/Factory/paperloft/evidence/checkouts/p3-7cd0f79/build/DerivedData/SDKExplicitPrecompiledModules/_Builtin_limits-8JTDQDJT5CR0J03KZO9O1GDXR.pcm

SwiftExplicitDependencyGeneratePcm arm64 /Users/builder/Factory/paperloft/evidence/checkouts/p3-7cd0f79/build/DerivedData/SDKExplicitPrecompiledModules/ExtensionFoundation-8V0PR0XEO8FW0IP2ITKZFN9DQ.pcm

SwiftExplicitDependencyGeneratePcm arm64 /Users/builder/Factory/paperloft/evidence/checkouts/p3-7cd0f79/build/DerivedData/SDKExplicitPrecompiledModules/_DarwinFoundation2-6576F63D994LCFW7USFBNIE3D.pcm

SwiftExplicitDependencyGeneratePcm arm64 /Users/builder/Factory/paperloft/evidence/checkouts/p3-7cd0f79/build/DerivedData/SDKExplicitPrecompiledModules/_Builtin_stdint-12OV1IA6SGCN95BTH1XHWEHBF.pcm

SwiftExplicitDependencyGeneratePcm arm64 /Users/builder/Factory/paperloft/evidence/checkouts/p3-7cd0f79/build/DerivedData/SDKExplicitPrecompiledModules/_Builtin_tgmath-1TIK75JTXC1CX395C0F1F3CCP.pcm

SwiftExplicitDependencyGeneratePcm arm64 /Users/builder/Factory/paperloft/evidence/checkouts/p3-7cd0f79/build/DerivedData/SDKExplicitPrecompiledModules/sys_types-DQ9FC79Y2T200DN6NM8IAKVQ6.pcm

SwiftExplicitDependencyGeneratePcm arm64 /Users/builder/Factory/paperloft/evidence/checkouts/p3-7cd0f79/build/DerivedData/SDKExplicitPrecompiledModules/string_h-6M4WT2CQ78IEQPOYIIL6VMXZ0.pcm

SwiftExplicitDependencyGeneratePcm arm64 /Users/builder/Factory/paperloft/evidence/checkouts/p3-7cd0f79/build/DerivedData/SDKExplicitPrecompiledModules/_DarwinFoundation3-DWMFEP2GIN05OZC81WAF7MHDQ.pcm

SwiftExplicitDependencyGeneratePcm arm64 /Users/builder/Factory/paperloft/evidence/checkouts/p3-7cd0f79/build/DerivedData/SDKExplicitPrecompiledModules/libDER-BJ3NFRMZ0H1DDXWSX3UR4OR48.pcm

SwiftExplicitDependencyGeneratePcm arm64 /Users/builder/Factory/paperloft/evidence/checkouts/p3-7cd0f79/build/DerivedData/SDKExplicitPrecompiledModules/_Builtin_stdatomic-AA0O1XUSN88PZQSO0GNJEBUPY.pcm

SwiftExplicitDependencyGeneratePcm arm64 /Users/builder/Factory/paperloft/evidence/checkouts/p3-7cd0f79/build/DerivedData/SDKExplicitPrecompiledModules/_Builtin_intrinsics-7Y0A7J6IWUO636SEA6US1ZW5K.pcm

SwiftExplicitDependencyGeneratePcm arm64 /Users/builder/Factory/paperloft/evidence/checkouts/p3-7cd0f79/build/DerivedData/SDKExplicitPrecompiledModules/_Builtin_inttypes-EEBQFG6NY0XB27W1C9SCQLTSB.pcm

SwiftExplicitDependencyGeneratePcm arm64 /Users/builder/Factory/paperloft/evidence/checkouts/p3-7cd0f79/build/DerivedData/SDKExplicitPrecompiledModules/Darwin-7DHNOCP6NVMKYJEJ03SHANSQJ.pcm

SwiftExplicitDependencyGeneratePcm arm64 /Users/builder/Factory/paperloft/evidence/checkouts/p3-7cd0f79/build/DerivedData/SDKExplicitPrecompiledModules/simd-7D5I0F0NUKJMHY9QIT39S2FDE.pcm

LinkAssetCatalog /Users/builder/Factory/paperloft/evidence/checkouts/p3-7cd0f79/Apps/PaperloftApp/Resources/Assets.xcassets /Users/builder/Factory/paperloft/evidence/checkouts/p3-7cd0f79/Apps/PaperloftApp/AppIcon.icon (in target 'PaperloftApp' from project 'Paperloft')
    cd /Users/builder/Factory/paperloft/evidence/checkouts/p3-7cd0f79
    builtin-linkAssetCatalog --thinned /Users/builder/Factory/paperloft/evidence/checkouts/p3-7cd0f79/build/DerivedData/Build/Intermediates.noindex/Paperloft.build/Release/PaperloftApp.build/assetcatalog_output/thinned --thinned-dependencies /Users/builder/Factory/paperloft/evidence/checkouts/p3-7cd0f79/build/DerivedData/Build/Intermediates.noindex/Paperloft.build/Release/PaperloftApp.build/assetcatalog_dependencies_thinned --thinned-info-plist-content /Users/builder/Factory/paperloft/evidence/checkouts/p3-7cd0f79/build/DerivedData/Build/Intermediates.noindex/Paperloft.build/Release/PaperloftApp.build/assetcatalog_generated_info.plist_thinned --unthinned /Users/builder/Factory/paperloft/evidence/checkouts/p3-7cd0f79/build/DerivedData/Build/Intermediates.noindex/Paperloft.build/Release/PaperloftApp.build/assetcatalog_output/unthinned --unthinned-dependencies /Users/builder/Factory/paperloft/evidence/checkouts/p3-7cd0f79/build/DerivedData/Build/Intermediates.noindex/Paperloft.build/Release/PaperloftApp.build/assetcatalog_dependencies_unthinned --unthinned-info-plist-content /Users/builder/Factory/paperloft/evidence/checkouts/p3-7cd0f79/build/DerivedData/Build/Intermediates.noindex/Paperloft.build/Release/PaperloftApp.build/assetcatalog_generated_info.plist_unthinned --output /Users/builder/Factory/paperloft/evidence/checkouts/p3-7cd0f79/build/DerivedData/Build/Products/Release/Paperloft\ Receipts.app/Contents/Resources --plist-output /Users/builder/Factory/paperloft/evidence/checkouts/p3-7cd0f79/build/DerivedData/Build/Intermediates.noindex/Paperloft.build/Release/PaperloftApp.build/assetcatalog_generated_info.plist
note: Emplaced /Users/builder/Factory/paperloft/evidence/checkouts/p3-7cd0f79/build/DerivedData/Build/Products/Release/Paperloft Receipts.app/Contents/Resources/AppIcon.icns (in target 'PaperloftApp' from project 'Paperloft')
note: Emplaced /Users/builder/Factory/paperloft/evidence/checkouts/p3-7cd0f79/build/DerivedData/Build/Products/Release/Paperloft Receipts.app/Contents/Resources/Assets.car (in target 'PaperloftApp' from project 'Paperloft')

SwiftExplicitDependencyGeneratePcm arm64 /Users/builder/Factory/paperloft/evidence/checkouts/p3-7cd0f79/build/DerivedData/SDKExplicitPrecompiledModules/CUPS-76SOCNKWRJOBGYLKKK9GIPJAR.pcm

SwiftExplicitDependencyGeneratePcm arm64 /Users/builder/Factory/paperloft/evidence/checkouts/p3-7cd0f79/build/DerivedData/SDKExplicitPrecompiledModules/launch-D2VG06QMNHPQWGHBQN4ON4X31.pcm

SwiftExplicitDependencyGeneratePcm arm64 /Users/builder/Factory/paperloft/evidence/checkouts/p3-7cd0f79/build/DerivedData/SDKExplicitPrecompiledModules/MachO-C062JZUSKTBFLPKYVGU3YXB3G.pcm

SwiftExplicitDependencyGeneratePcm arm64 /Users/builder/Factory/paperloft/evidence/checkouts/p3-7cd0f79/build/DerivedData/SDKExplicitPrecompiledModules/libkern-A727LKTDWN9BNKUV4XNDK254Q.pcm

SwiftExplicitDependencyGeneratePcm arm64 /Users/builder/Factory/paperloft/evidence/checkouts/p3-7cd0f79/build/DerivedData/SDKExplicitPrecompiledModules/Compression-7MTUIYSVEF5HES2VYJ07OUHKP.pcm

SwiftExplicitDependencyGeneratePcm arm64 /Users/builder/Factory/paperloft/evidence/checkouts/p3-7cd0f79/build/DerivedData/SDKExplicitPrecompiledModules/ObjectiveC-B67MQML503PGLZZA4DREXEMI6.pcm

SwiftExplicitDependencyGeneratePcm arm64 /Users/builder/Factory/paperloft/evidence/checkouts/p3-7cd0f79/build/DerivedData/SDKExplicitPrecompiledModules/Spatial-CVY23PUMCT0LVC2LDFAG5ZSQ2.pcm

SwiftExplicitDependencyGeneratePcm arm64 /Users/builder/Factory/paperloft/evidence/checkouts/p3-7cd0f79/build/DerivedData/SDKExplicitPrecompiledModules/os_object-DQVE6G1E67TLUP509NKW39DG.pcm

SwiftExplicitDependencyGeneratePcm arm64 /Users/builder/Factory/paperloft/evidence/checkouts/p3-7cd0f79/build/DerivedData/SDKExplicitPrecompiledModules/os_workgroup-5CZ93M9DONQ9CGEJV982RKQMG.pcm

SwiftExplicitDependencyGeneratePcm arm64 /Users/builder/Factory/paperloft/evidence/checkouts/p3-7cd0f79/build/DerivedData/SDKExplicitPrecompiledModules/Dispatch-DW6VKE1GYOGO1BNXPJ12K1NMB.pcm

SwiftExplicitDependencyGeneratePcm arm64 /Users/builder/Factory/paperloft/evidence/checkouts/p3-7cd0f79/build/DerivedData/SDKExplicitPrecompiledModules/CoreFoundation-E1YHBMMFFU5NZM3TKD69EOHB2.pcm

SwiftExplicitDependencyGeneratePcm arm64 /Users/builder/Factory/paperloft/evidence/checkouts/p3-7cd0f79/build/DerivedData/SDKExplicitPrecompiledModules/XPC-5K98P1P836Z806R3ZTBAHHE1L.pcm

SwiftExplicitDependencyGeneratePcm arm64 /Users/builder/Factory/paperloft/evidence/checkouts/p3-7cd0f79/build/DerivedData/SDKExplicitPrecompiledModules/dnssd-23WLOIRIS660JWS5FQVFVEFPA.pcm

SwiftExplicitDependencyGeneratePcm arm64 /Users/builder/Factory/paperloft/evidence/checkouts/p3-7cd0f79/build/DerivedData/SDKExplicitPrecompiledModules/os-ABLOANSBTO63Z93SXT0KL4JCW.pcm

SwiftExplicitDependencyGeneratePcm arm64 /Users/builder/Factory/paperloft/evidence/checkouts/p3-7cd0f79/build/DerivedData/SDKExplicitPrecompiledModules/IOKit-7G543TASX9D0D91GYG0JDZQL1.pcm

SwiftExplicitDependencyGeneratePcm arm64 /Users/builder/Factory/paperloft/evidence/checkouts/p3-7cd0f79/build/DerivedData/SDKExplicitPrecompiledModules/CoreAudioTypes-CWCRVN9PXXPSX5WNIRG2YLX9F.pcm

SwiftExplicitDependencyGeneratePcm arm64 /Users/builder/Factory/paperloft/evidence/checkouts/p3-7cd0f79/build/DerivedData/SDKExplicitPrecompiledModules/Security-USHMT00B2EE8GS75M9ZQG4SA.pcm

SwiftExplicitDependencyGeneratePcm arm64 /Users/builder/Factory/paperloft/evidence/checkouts/p3-7cd0f79/build/DerivedData/SDKExplicitPrecompiledModules/CFNetwork-DB0P0BGRPG7XDK96453WLGBB7.pcm

SwiftExplicitDependencyGeneratePcm arm64 /Users/builder/Factory/paperloft/evidence/checkouts/p3-7cd0f79/build/DerivedData/SDKExplicitPrecompiledModules/ColorSync-5WKVZ8BQO2Y2SARNGPAODE870.pcm

SwiftExplicitDependencyGeneratePcm arm64 /Users/builder/Factory/paperloft/evidence/checkouts/p3-7cd0f79/build/DerivedData/SDKExplicitPrecompiledModules/CoreGraphics-E84HC9CFOXXHA18CLN25Y9NIQ.pcm

SwiftExplicitDependencyGeneratePcm arm64 /Users/builder/Factory/paperloft/evidence/checkouts/p3-7cd0f79/build/DerivedData/SDKExplicitPrecompiledModules/DiskArbitration-40NBDLVOS654WTJOG8VRT46CO.pcm

SwiftExplicitDependencyGeneratePcm arm64 /Users/builder/Factory/paperloft/evidence/checkouts/p3-7cd0f79/build/DerivedData/SDKExplicitPrecompiledModules/CoreServices-BQ0ODROXUE04KVVFYSPJYIXSI.pcm

SwiftExplicitDependencyGeneratePcm arm64 /Users/builder/Factory/paperloft/evidence/checkouts/p3-7cd0f79/build/DerivedData/SDKExplicitPrecompiledModules/ImageIO-AS8X4NFU26GAXQ4RMRJ4CDE90.pcm

SwiftExplicitDependencyGeneratePcm arm64 /Users/builder/Factory/paperloft/evidence/checkouts/p3-7cd0f79/build/DerivedData/SDKExplicitPrecompiledModules/CoreText-7WZ9DK5MLOV8ODLRS339YW9OE.pcm

SwiftExplicitDependencyGeneratePcm arm64 /Users/builder/Factory/paperloft/evidence/checkouts/p3-7cd0f79/build/DerivedData/SDKExplicitPrecompiledModules/Foundation-E6IW83U56QC555XU81XFNXKWU.pcm

SwiftExplicitDependencyGeneratePcm arm64 /Users/builder/Factory/paperloft/evidence/checkouts/p3-7cd0f79/build/DerivedData/SDKExplicitPrecompiledModules/Accessibility-8W4C23SZPOW7V00D58PYXYUZZ.pcm

SwiftExplicitDependencyGeneratePcm arm64 /Users/builder/Factory/paperloft/evidence/checkouts/p3-7cd0f79/build/DerivedData/SDKExplicitPrecompiledModules/OSLog-BQR103Q4C4UBA8I9DD5RKMCQW.pcm

SwiftExplicitDependencyGeneratePcm arm64 /Users/builder/Factory/paperloft/evidence/checkouts/p3-7cd0f79/build/DerivedData/SDKExplicitPrecompiledModules/CoreAudio-3E1Z88XS5TF566N82B5Z7K4O7.pcm

SwiftExplicitDependencyGeneratePcm arm64 /Users/builder/Factory/paperloft/evidence/checkouts/p3-7cd0f79/build/DerivedData/SDKExplicitPrecompiledModules/CoreTransferable-68X8WYTGIJZ93B83TKFQJQAUI.pcm

SwiftExplicitDependencyGeneratePcm arm64 /Users/builder/Factory/paperloft/evidence/checkouts/p3-7cd0f79/build/DerivedData/SDKExplicitPrecompiledModules/LocalAuthentication-5B30YTNL7VGV6DQRA7EWSEA4E.pcm

SwiftExplicitDependencyGeneratePcm arm64 /Users/builder/Factory/paperloft/evidence/checkouts/p3-7cd0f79/build/DerivedData/SDKExplicitPrecompiledModules/JavaScriptCore-58YC44E90E2VN84NZZZ77CPI.pcm

SwiftExplicitDependencyGeneratePcm arm64 /Users/builder/Factory/paperloft/evidence/checkouts/p3-7cd0f79/build/DerivedData/SDKExplicitPrecompiledModules/Symbols-BTNFIV5NB9XXC2UIIIOYMJ9G2.pcm

SwiftExplicitDependencyGeneratePcm arm64 /Users/builder/Factory/paperloft/evidence/checkouts/p3-7cd0f79/build/DerivedData/SDKExplicitPrecompiledModules/DataDetection-3KC5GOEB1WXD8LYQU7IVJY50K.pcm

SwiftExplicitDependencyGeneratePcm arm64 /Users/builder/Factory/paperloft/evidence/checkouts/p3-7cd0f79/build/DerivedData/SDKExplicitPrecompiledModules/ApplicationServices-48BPQUA5SLCJ7MQ7IZB7G27GZ.pcm

SwiftExplicitDependencyGeneratePcm arm64 /Users/builder/Factory/paperloft/evidence/checkouts/p3-7cd0f79/build/DerivedData/SDKExplicitPrecompiledModules/AppIntentsTypeSupport-75KCDNTEFAJVC3DLX3TXOY4OE.pcm

SwiftExplicitDependencyGeneratePcm arm64 /Users/builder/Factory/paperloft/evidence/checkouts/p3-7cd0f79/build/DerivedData/SDKExplicitPrecompiledModules/Network-1YN7OX93EU06DOKLSKUSS7R94.pcm

SwiftExplicitDependencyGeneratePcm arm64 /Users/builder/Factory/paperloft/evidence/checkouts/p3-7cd0f79/build/DerivedData/SDKExplicitPrecompiledModules/CoreData-3RMJGEHVM8OGYXBQXQ6T72PVO.pcm

SwiftExplicitDependencyGeneratePcm arm64 /Users/builder/Factory/paperloft/evidence/checkouts/p3-7cd0f79/build/DerivedData/SDKExplicitPrecompiledModules/_LocationEssentials-AXVGJBNPOKNSUWCMPGU6AJFC.pcm

SwiftExplicitDependencyGeneratePcm arm64 /Users/builder/Factory/paperloft/evidence/checkouts/p3-7cd0f79/build/DerivedData/SDKExplicitPrecompiledModules/AppIntents-8RCA5FJEXL4AETUJN5MIZESHB.pcm

SwiftExplicitDependencyGeneratePcm arm64 /Users/builder/Factory/paperloft/evidence/checkouts/p3-7cd0f79/build/DerivedData/SDKExplicitPrecompiledModules/IOSurface-2YUNOAI0MP0VHRPJFDLO5WJ2M.pcm

SwiftExplicitDependencyGeneratePcm arm64 /Users/builder/Factory/paperloft/evidence/checkouts/p3-7cd0f79/build/DerivedData/SDKExplicitPrecompiledModules/CoreMIDI-BJ1LWKI93RYJTZ2GBRCFDJTNQ.pcm

SwiftExplicitDependencyGeneratePcm arm64 /Users/builder/Factory/paperloft/evidence/checkouts/p3-7cd0f79/build/DerivedData/SDKExplicitPrecompiledModules/RelevanceKit-63DWJKF222P0V60RAXNJAY43R.pcm

SwiftExplicitDependencyGeneratePcm arm64 /Users/builder/Factory/paperloft/evidence/checkouts/p3-7cd0f79/build/DerivedData/SDKExplicitPrecompiledModules/BackgroundAssets-2P39IAEBDL35P9521A7OF63SE.pcm

SwiftExplicitDependencyGeneratePcm arm64 /Users/builder/Factory/paperloft/evidence/checkouts/p3-7cd0f79/build/DerivedData/SDKExplicitPrecompiledModules/UniformTypeIdentifiers-861VHB8JOVO4WT3R6LJ34MH1L.pcm

SwiftExplicitDependencyGeneratePcm arm64 /Users/builder/Factory/paperloft/evidence/checkouts/p3-7cd0f79/build/DerivedData/SDKExplicitPrecompiledModules/CoreLocation-98IZXTORU153AN5P0GAZXZDXH.pcm

SwiftExplicitDependencyGeneratePcm arm64 /Users/builder/Factory/paperloft/evidence/checkouts/p3-7cd0f79/build/DerivedData/SDKExplicitPrecompiledModules/QuickLook-9X1BRUQTSDSMA30IAJOOLJO6R.pcm

SwiftExplicitDependencyGeneratePcm arm64 /Users/builder/Factory/paperloft/evidence/checkouts/p3-7cd0f79/build/DerivedData/SDKExplicitPrecompiledModules/Carbon-5LJ4KJM7OO49YZPLWGKABLQ58.pcm

SwiftExplicitDependencyGeneratePcm arm64 /Users/builder/Factory/paperloft/evidence/checkouts/p3-7cd0f79/build/DerivedData/SDKExplicitPrecompiledModules/CoreSpotlight-5MPQ026UXQ1IVTIW61JZX7H87.pcm

SwiftExplicitDependencyGeneratePcm arm64 /Users/builder/Factory/paperloft/evidence/checkouts/p3-7cd0f79/build/DerivedData/SDKExplicitPrecompiledModules/Metal-8ZY3NFVTGU1S9A8VN2IUV82YW.pcm

SwiftExplicitDependencyGeneratePcm arm64 /Users/builder/Factory/paperloft/evidence/checkouts/p3-7cd0f79/build/DerivedData/SDKExplicitPrecompiledModules/OpenGL-71ENTLZ53OJAMBEA8Z2FBO3TS.pcm

SwiftExplicitDependencyGeneratePcm arm64 /Users/builder/Factory/paperloft/evidence/checkouts/p3-7cd0f79/build/DerivedData/SDKExplicitPrecompiledModules/AudioToolbox-3NVQHQ9UKDQTWRUD7H1M6Z6HL.pcm

SwiftExplicitDependencyGeneratePcm arm64 /Users/builder/Factory/paperloft/evidence/checkouts/p3-7cd0f79/build/DerivedData/SDKExplicitPrecompiledModules/CoreVideo-1RGFMB27CI7QANQWUSW2ZEQF7.pcm

SwiftExplicitDependencyGeneratePcm arm64 /Users/builder/Factory/paperloft/evidence/checkouts/p3-7cd0f79/build/DerivedData/SDKExplicitPrecompiledModules/CoreML-D2B8I7GSX6GLR9C8OKQWRHWVY.pcm

SwiftExplicitDependencyGeneratePcm arm64 /Users/builder/Factory/paperloft/evidence/checkouts/p3-7cd0f79/build/DerivedData/SDKExplicitPrecompiledModules/QuartzCore-5PMY8GZHN3X2EU787WDJA6ZDR.pcm

SwiftExplicitDependencyGeneratePcm arm64 /Users/builder/Factory/paperloft/evidence/checkouts/p3-7cd0f79/build/DerivedData/SDKExplicitPrecompiledModules/CoreImage-DXDOD4ORROW3T2WIMY2YAQFEX.pcm

SwiftExplicitDependencyGeneratePcm arm64 /Users/builder/Factory/paperloft/evidence/checkouts/p3-7cd0f79/build/DerivedData/SDKExplicitPrecompiledModules/CoreMedia-20S7JOC44HG8V6F5URBU912EX.pcm

SwiftExplicitDependencyGeneratePcm arm64 /Users/builder/Factory/paperloft/evidence/checkouts/p3-7cd0f79/build/DerivedData/SDKExplicitPrecompiledModules/Accelerate-2XDFO230FKXB5K7B69QHJV78A.pcm

SwiftExplicitDependencyGeneratePcm arm64 /Users/builder/Factory/paperloft/evidence/checkouts/p3-7cd0f79/build/DerivedData/SDKExplicitPrecompiledModules/SwiftUICore-68LLTG46J1PPWJKCN6WUKFO1O.pcm

SwiftExplicitDependencyGeneratePcm arm64 /Users/builder/Factory/paperloft/evidence/checkouts/p3-7cd0f79/build/DerivedData/SDKExplicitPrecompiledModules/AVFAudio-3AM6S30CMQ46GLXPBHGBHQQC5.pcm

SwiftExplicitDependencyGeneratePcm arm64 /Users/builder/Factory/paperloft/evidence/checkouts/p3-7cd0f79/build/DerivedData/SDKExplicitPrecompiledModules/Vision-DPEDQ70P851GAE97H1IGTEDZ.pcm

SwiftExplicitDependencyGeneratePcm arm64 /Users/builder/Factory/paperloft/evidence/checkouts/p3-7cd0f79/build/DerivedData/SDKExplicitPrecompiledModules/VideoToolbox-5Y40UODYR1GHL8L7IBCIO0M4U.pcm

SwiftExplicitDependencyGeneratePcm arm64 /Users/builder/Factory/paperloft/evidence/checkouts/p3-7cd0f79/build/DerivedData/SDKExplicitPrecompiledModules/MediaToolbox-B28Z0P6BNEHXGAI5WBBA43YZZ.pcm

SwiftExplicitDependencyGeneratePcm arm64 /Users/builder/Factory/paperloft/evidence/checkouts/p3-7cd0f79/build/DerivedData/SDKExplicitPrecompiledModules/AppKit-S7OB23G3VMJ2N22C5EV2RZFA.pcm

SwiftExplicitDependencyGeneratePcm arm64 /Users/builder/Factory/paperloft/evidence/checkouts/p3-7cd0f79/build/DerivedData/SDKExplicitPrecompiledModules/AVFoundation-9AOL0VDDQI8UU92DK0DUJ6287.pcm

SwiftExplicitDependencyGeneratePcm arm64 /Users/builder/Factory/paperloft/evidence/checkouts/p3-7cd0f79/build/DerivedData/SDKExplicitPrecompiledModules/WebKit-7MPR0L69BGMLLEN0LL9ZH8B2W.pcm

SwiftExplicitDependencyGeneratePcm arm64 /Users/builder/Factory/paperloft/evidence/checkouts/p3-7cd0f79/build/DerivedData/SDKExplicitPrecompiledModules/Cocoa-881ZG5YI3PD6EH3NUSO862NR1.pcm

SwiftExplicitDependencyGeneratePcm arm64 /Users/builder/Factory/paperloft/evidence/checkouts/p3-7cd0f79/build/DerivedData/SDKExplicitPrecompiledModules/SwiftUI-3ULNJV8XTRTKDQAK5IML3TQP.pcm

SwiftExplicitDependencyGeneratePcm arm64 /Users/builder/Factory/paperloft/evidence/checkouts/p3-7cd0f79/build/DerivedData/SDKExplicitPrecompiledModules/StoreKit-6CUUIC2NP7PN9Y2XYEGI4ZM5C.pcm

SwiftExplicitDependencyGeneratePcm arm64 /Users/builder/Factory/paperloft/evidence/checkouts/p3-7cd0f79/build/DerivedData/SDKExplicitPrecompiledModules/ImageCaptureCore-DUEQO5APNOON6MVCQFOWWFJAE.pcm

SwiftExplicitDependencyGeneratePcm arm64 /Users/builder/Factory/paperloft/evidence/checkouts/p3-7cd0f79/build/DerivedData/SDKExplicitPrecompiledModules/PDFKit-9QPKFL70CRTOZTH2EKL4H93DK.pcm

SwiftExplicitDependencyGeneratePcm arm64 /Users/builder/Factory/paperloft/evidence/checkouts/p3-7cd0f79/build/DerivedData/SDKExplicitPrecompiledModules/QuickLookUI-AXAYF7IZLEPRHY3ZLS5KHC4E3.pcm

SwiftExplicitDependencyGeneratePcm arm64 /Users/builder/Factory/paperloft/evidence/checkouts/p3-7cd0f79/build/DerivedData/SDKExplicitPrecompiledModules/Quartz-4LVX3CLGK2T0YRP626KBBCYYG.pcm

SwiftCompile normal arm64 Compiling\ PaperloftApp.swift /Users/builder/Factory/paperloft/evidence/checkouts/p3-7cd0f79/Apps/PaperloftApp/PaperloftApp.swift (in target 'PaperloftApp' from project 'Paperloft')

SwiftCompile normal arm64 /Users/builder/Factory/paperloft/evidence/checkouts/p3-7cd0f79/Apps/PaperloftApp/PaperloftApp.swift (in target 'PaperloftApp' from project 'Paperloft')
    cd /Users/builder/Factory/paperloft/evidence/checkouts/p3-7cd0f79
    builtin-SwiftPerFileCompile PaperloftApp.swift

SwiftCompile normal arm64 Compiling\ LibraryView.swift,\ MailReviewPreparation.swift /Users/builder/Factory/paperloft/evidence/checkouts/p3-7cd0f79/Apps/PaperloftApp/LibraryView.swift /Users/builder/Factory/paperloft/evidence/checkouts/p3-7cd0f79/Apps/PaperloftApp/MailReviewPreparation.swift (in target 'PaperloftApp' from project 'Paperloft')

SwiftCompile normal arm64 /Users/builder/Factory/paperloft/evidence/checkouts/p3-7cd0f79/Apps/PaperloftApp/LibraryView.swift (in target 'PaperloftApp' from project 'Paperloft')
    cd /Users/builder/Factory/paperloft/evidence/checkouts/p3-7cd0f79
    builtin-SwiftPerFileCompile LibraryView.swift

SwiftCompile normal arm64 /Users/builder/Factory/paperloft/evidence/checkouts/p3-7cd0f79/Apps/PaperloftApp/MailReviewPreparation.swift (in target 'PaperloftApp' from project 'Paperloft')
    cd /Users/builder/Factory/paperloft/evidence/checkouts/p3-7cd0f79
    builtin-SwiftPerFileCompile MailReviewPreparation.swift

SwiftCompile normal arm64 Compiling\ PaperloftIntents.swift /Users/builder/Factory/paperloft/evidence/checkouts/p3-7cd0f79/Apps/PaperloftApp/PaperloftIntents.swift (in target 'PaperloftApp' from project 'Paperloft')

SwiftCompile normal arm64 /Users/builder/Factory/paperloft/evidence/checkouts/p3-7cd0f79/Apps/PaperloftApp/PaperloftIntents.swift (in target 'PaperloftApp' from project 'Paperloft')
    cd /Users/builder/Factory/paperloft/evidence/checkouts/p3-7cd0f79
    builtin-SwiftPerFileCompile PaperloftIntents.swift

SwiftCompile normal arm64 Compiling\ PaywallView.swift /Users/builder/Factory/paperloft/evidence/checkouts/p3-7cd0f79/Apps/PaperloftApp/PaywallView.swift (in target 'PaperloftApp' from project 'Paperloft')

SwiftCompile normal arm64 /Users/builder/Factory/paperloft/evidence/checkouts/p3-7cd0f79/Apps/PaperloftApp/PaywallView.swift (in target 'PaperloftApp' from project 'Paperloft')
    cd /Users/builder/Factory/paperloft/evidence/checkouts/p3-7cd0f79
    builtin-SwiftPerFileCompile PaywallView.swift

SwiftCompile normal arm64 Compiling\ AccessiblePicker.swift,\ AppModel.swift /Users/builder/Factory/paperloft/evidence/checkouts/p3-7cd0f79/Apps/PaperloftApp/AccessiblePicker.swift /Users/builder/Factory/paperloft/evidence/checkouts/p3-7cd0f79/Apps/PaperloftApp/AppModel.swift (in target 'PaperloftApp' from project 'Paperloft')

SwiftCompile normal arm64 /Users/builder/Factory/paperloft/evidence/checkouts/p3-7cd0f79/Apps/PaperloftApp/AccessiblePicker.swift (in target 'PaperloftApp' from project 'Paperloft')
    cd /Users/builder/Factory/paperloft/evidence/checkouts/p3-7cd0f79
    builtin-SwiftPerFileCompile AccessiblePicker.swift

SwiftCompile normal arm64 /Users/builder/Factory/paperloft/evidence/checkouts/p3-7cd0f79/Apps/PaperloftApp/AppModel.swift (in target 'PaperloftApp' from project 'Paperloft')
    cd /Users/builder/Factory/paperloft/evidence/checkouts/p3-7cd0f79
    builtin-SwiftPerFileCompile AppModel.swift

SwiftEmitModule normal arm64 Emitting\ module\ for\ Paperloft_Receipts (in target 'PaperloftApp' from project 'Paperloft')

SwiftCompile normal arm64 (in target 'PaperloftApp' from project 'Paperloft')
    cd /Users/builder/Factory/paperloft/evidence/checkouts/p3-7cd0f79
    

SwiftCompile normal arm64 Compiling\ StoreController.swift /Users/builder/Factory/paperloft/evidence/checkouts/p3-7cd0f79/Apps/PaperloftApp/StoreController.swift (in target 'PaperloftApp' from project 'Paperloft')

SwiftCompile normal arm64 /Users/builder/Factory/paperloft/evidence/checkouts/p3-7cd0f79/Apps/PaperloftApp/StoreController.swift (in target 'PaperloftApp' from project 'Paperloft')
    cd /Users/builder/Factory/paperloft/evidence/checkouts/p3-7cd0f79
    builtin-SwiftPerFileCompile StoreController.swift

SwiftCompile normal arm64 Compiling\ GeneratedAssetSymbols.swift /Users/builder/Factory/paperloft/evidence/checkouts/p3-7cd0f79/build/DerivedData/Build/Intermediates.noindex/Paperloft.build/Release/PaperloftApp.build/DerivedSources/GeneratedAssetSymbols.swift (in target 'PaperloftApp' from project 'Paperloft')

SwiftCompile normal arm64 /Users/builder/Factory/paperloft/evidence/checkouts/p3-7cd0f79/build/DerivedData/Build/Intermediates.noindex/Paperloft.build/Release/PaperloftApp.build/DerivedSources/GeneratedAssetSymbols.swift (in target 'PaperloftApp' from project 'Paperloft')
    cd /Users/builder/Factory/paperloft/evidence/checkouts/p3-7cd0f79
    builtin-SwiftPerFileCompile GeneratedAssetSymbols.swift

SwiftCompile normal arm64 Compiling\ WindowAccessibility.swift /Users/builder/Factory/paperloft/evidence/checkouts/p3-7cd0f79/Apps/PaperloftApp/WindowAccessibility.swift (in target 'PaperloftApp' from project 'Paperloft')

SwiftCompile normal arm64 /Users/builder/Factory/paperloft/evidence/checkouts/p3-7cd0f79/Apps/PaperloftApp/WindowAccessibility.swift (in target 'PaperloftApp' from project 'Paperloft')
    cd /Users/builder/Factory/paperloft/evidence/checkouts/p3-7cd0f79
    builtin-SwiftPerFileCompile WindowAccessibility.swift

SwiftCompile normal arm64 Compiling\ DeviceImport.swift,\ EmailBodyRenderer.swift /Users/builder/Factory/paperloft/evidence/checkouts/p3-7cd0f79/Apps/PaperloftApp/DeviceImport.swift /Users/builder/Factory/paperloft/evidence/checkouts/p3-7cd0f79/Apps/PaperloftApp/EmailBodyRenderer.swift (in target 'PaperloftApp' from project 'Paperloft')

SwiftCompile normal arm64 /Users/builder/Factory/paperloft/evidence/checkouts/p3-7cd0f79/Apps/PaperloftApp/DeviceImport.swift (in target 'PaperloftApp' from project 'Paperloft')
    cd /Users/builder/Factory/paperloft/evidence/checkouts/p3-7cd0f79
    builtin-SwiftPerFileCompile DeviceImport.swift

SwiftCompile normal arm64 /Users/builder/Factory/paperloft/evidence/checkouts/p3-7cd0f79/Apps/PaperloftApp/EmailBodyRenderer.swift (in target 'PaperloftApp' from project 'Paperloft')
    cd /Users/builder/Factory/paperloft/evidence/checkouts/p3-7cd0f79
    builtin-SwiftPerFileCompile EmailBodyRenderer.swift

SwiftCompile normal arm64 Compiling\ ExportView.swift,\ HelpView.swift /Users/builder/Factory/paperloft/evidence/checkouts/p3-7cd0f79/Apps/PaperloftApp/ExportView.swift /Users/builder/Factory/paperloft/evidence/checkouts/p3-7cd0f79/Apps/PaperloftApp/HelpView.swift (in target 'PaperloftApp' from project 'Paperloft')

SwiftCompile normal arm64 /Users/builder/Factory/paperloft/evidence/checkouts/p3-7cd0f79/Apps/PaperloftApp/ExportView.swift (in target 'PaperloftApp' from project 'Paperloft')
    cd /Users/builder/Factory/paperloft/evidence/checkouts/p3-7cd0f79
    builtin-SwiftPerFileCompile ExportView.swift

SwiftCompile normal arm64 /Users/builder/Factory/paperloft/evidence/checkouts/p3-7cd0f79/Apps/PaperloftApp/HelpView.swift (in target 'PaperloftApp' from project 'Paperloft')
    cd /Users/builder/Factory/paperloft/evidence/checkouts/p3-7cd0f79
    builtin-SwiftPerFileCompile HelpView.swift

SwiftDriverJobDiscovery normal arm64 Compiling GeneratedAssetSymbols.swift (in target 'PaperloftApp' from project 'Paperloft')

SwiftDriverJobDiscovery normal arm64 Compiling WindowAccessibility.swift (in target 'PaperloftApp' from project 'Paperloft')

SwiftDriverJobDiscovery normal arm64 Compiling StoreController.swift (in target 'PaperloftApp' from project 'Paperloft')

SwiftDriverJobDiscovery normal arm64 Compiling PaperloftIntents.swift (in target 'PaperloftApp' from project 'Paperloft')

SwiftDriverJobDiscovery normal arm64 Compiling PaywallView.swift (in target 'PaperloftApp' from project 'Paperloft')

SwiftDriverJobDiscovery normal arm64 Emitting module for Paperloft_Receipts (in target 'PaperloftApp' from project 'Paperloft')

SwiftDriver\ Compilation\ Requirements PaperloftApp normal arm64 com.apple.xcode.tools.swift.compiler (in target 'PaperloftApp' from project 'Paperloft')
    cd /Users/builder/Factory/paperloft/evidence/checkouts/p3-7cd0f79
    builtin-Swift-Compilation-Requirements -- /Applications/Xcode.app/Contents/Developer/Toolchains/XcodeDefault.xctoolchain/usr/bin/swiftc -module-name Paperloft_Receipts -O @/Users/builder/Factory/paperloft/evidence/checkouts/p3-7cd0f79/build/DerivedData/Build/Intermediates.noindex/Paperloft.build/Release/PaperloftApp.build/Objects-normal/arm64/Paperloft\ Receipts.SwiftFileList -enable-experimental-feature DebugDescriptionMacro -sdk /Applications/Xcode.app/Contents/Developer/Platforms/MacOSX.platform/Developer/SDKs/MacOSX27.0.sdk -target arm64-apple-macos27.0 -g -module-cache-path /Users/builder/Factory/paperloft/evidence/checkouts/p3-7cd0f79/build/DerivedData/ModuleCache.noindex -Xfrontend -serialize-debugging-options -profile-coverage-mapping -profile-generate -warnings-as-errors -swift-version 6 -I /Users/builder/Factory/paperloft/evidence/checkouts/p3-7cd0f79/build/DerivedData/Build/Products/Release -F /Users/builder/Factory/paperloft/evidence/checkouts/p3-7cd0f79/build/DerivedData/Build/Products/Release/PackageFrameworks -F /Users/builder/Factory/paperloft/evidence/checkouts/p3-7cd0f79/build/DerivedData/Build/Products/Release -c -j10 -enable-batch-mode -incremental -Xcc -ivfsstatcache -Xcc /Users/builder/Factory/paperloft/evidence/checkouts/p3-7cd0f79/build/DerivedData/SDKStatCaches.noindex/macosx27.0-26A425-7231f6df4def33e022ae2eb8f782df1a.sdkstatcache -output-file-map /Users/builder/Factory/paperloft/evidence/checkouts/p3-7cd0f79/build/DerivedData/Build/Intermediates.noindex/Paperloft.build/Release/PaperloftApp.build/Objects-normal/arm64/PaperloftApp-OutputFileMap.json -save-temps -no-color-diagnostics -explicit-module-build -module-cache-path /Users/builder/Factory/paperloft/evidence/checkouts/p3-7cd0f79/build/DerivedData/Build/Intermediates.noindex/SwiftExplicitPrecompiledModules -clang-scanner-module-cache-path /Users/builder/Factory/paperloft/evidence/checkouts/p3-7cd0f79/build/DerivedData/ModuleCache.noindex -sdk-module-cache-path /Users/builder/Factory/paperloft/evidence/checkouts/p3-7cd0f79/build/DerivedData/SDKExplicitPrecompiledModules -emit-dependencies -emit-module -emit-module-path /Users/builder/Factory/paperloft/evidence/checkouts/p3-7cd0f79/build/DerivedData/Build/Intermediates.noindex/Paperloft.build/Release/PaperloftApp.build/Objects-normal/arm64/Paperloft_Receipts.swiftmodule -serialize-diagnostics -dependency-scan-serialize-diagnostics-path /Users/builder/Factory/paperloft/evidence/checkouts/p3-7cd0f79/build/DerivedData/Build/Intermediates.noindex/Paperloft.build/Release/PaperloftApp.build/Objects-normal/arm64/Paperloft_Receipts-dependency-scan.dia -validate-clang-modules-once -clang-build-session-file /Users/builder/Factory/paperloft/evidence/checkouts/p3-7cd0f79/build/DerivedData/ModuleCache.noindex/Session.modulevalidation -Xcc -fmodules-prune-interval\=86400 -Xcc -fmodules-prune-after\=345600 -emit-const-values -const-gather-protocols-list /Users/builder/Factory/paperloft/evidence/checkouts/p3-7cd0f79/build/DerivedData/Build/Intermediates.noindex/Paperloft.build/Release/PaperloftApp.build/Objects-normal/arm64/PaperloftApp_const_extract_protocols.json -Xcc -iquote -Xcc /Users/builder/Factory/paperloft/evidence/checkouts/p3-7cd0f79/build/DerivedData/Build/Intermediates.noindex/Paperloft.build/Release/PaperloftApp.build/Paperloft\ Receipts-generated-files.hmap -Xcc -I/Users/builder/Factory/paperloft/evidence/checkouts/p3-7cd0f79/build/DerivedData/Build/Intermediates.noindex/Paperloft.build/Release/PaperloftApp.build/Paperloft\ Receipts-own-target-headers.hmap -Xcc -I/Users/builder/Factory/paperloft/evidence/checkouts/p3-7cd0f79/build/DerivedData/Build/Intermediates.noindex/Paperloft.build/Release/PaperloftApp.build/Paperloft\ Receipts-all-non-framework-target-headers.hmap -Xcc -ivfsoverlay -Xcc /Users/builder/Factory/paperloft/evidence/checkouts/p3-7cd0f79/build/DerivedData/Build/Intermediates.noindex/Paperloft.build/Release/Paperloft-b93ddc6bcd4d234a5473ab01ad3589c4-VFS/all-product-headers.yaml -Xcc -iquote -Xcc /Users/builder/Factory/paperloft/evidence/checkouts/p3-7cd0f79/build/DerivedData/Build/Intermediates.noindex/Paperloft.build/Release/PaperloftApp.build/Paperloft\ Receipts-project-headers.hmap -Xcc -I/Users/builder/Factory/paperloft/evidence/checkouts/p3-7cd0f79/build/DerivedData/Build/Products/Release/include -Xcc -I/Users/builder/Factory/paperloft/evidence/checkouts/p3-7cd0f79/build/DerivedData/Build/Intermediates.noindex/Paperloft.build/Release/PaperloftApp.build/DerivedSources-normal/arm64 -Xcc -I/Users/builder/Factory/paperloft/evidence/checkouts/p3-7cd0f79/build/DerivedData/Build/Intermediates.noindex/Paperloft.build/Release/PaperloftApp.build/DerivedSources/arm64 -Xcc -I/Users/builder/Factory/paperloft/evidence/checkouts/p3-7cd0f79/build/DerivedData/Build/Intermediates.noindex/Paperloft.build/Release/PaperloftApp.build/DerivedSources -emit-objc-header -emit-objc-header-path /Users/builder/Factory/paperloft/evidence/checkouts/p3-7cd0f79/build/DerivedData/Build/Intermediates.noindex/Paperloft.build/Release/PaperloftApp.build/Objects-normal/arm64/Paperloft_Receipts-Swift.h -working-directory /Users/builder/Factory/paperloft/evidence/checkouts/p3-7cd0f79 -experimental-emit-module-separately -disable-cmo

SwiftMergeGeneratedHeaders /Users/builder/Factory/paperloft/evidence/checkouts/p3-7cd0f79/build/DerivedData/Build/Intermediates.noindex/Paperloft.build/Release/PaperloftApp.build/DerivedSources/Paperloft_Receipts-Swift.h /Users/builder/Factory/paperloft/evidence/checkouts/p3-7cd0f79/build/DerivedData/Build/Intermediates.noindex/Paperloft.build/Release/PaperloftApp.build/Objects-normal/arm64/Paperloft_Receipts-Swift.h (in target 'PaperloftApp' from project 'Paperloft')
    cd /Users/builder/Factory/paperloft/evidence/checkouts/p3-7cd0f79
    builtin-swiftHeaderTool -arch arm64 /Users/builder/Factory/paperloft/evidence/checkouts/p3-7cd0f79/build/DerivedData/Build/Intermediates.noindex/Paperloft.build/Release/PaperloftApp.build/Objects-normal/arm64/Paperloft_Receipts-Swift.h -o /Users/builder/Factory/paperloft/evidence/checkouts/p3-7cd0f79/build/DerivedData/Build/Intermediates.noindex/Paperloft.build/Release/PaperloftApp.build/DerivedSources/Paperloft_Receipts-Swift.h

Copy /Users/builder/Factory/paperloft/evidence/checkouts/p3-7cd0f79/build/DerivedData/Build/Products/Release/Paperloft_Receipts.swiftmodule/arm64-apple-macos.swiftmodule /Users/builder/Factory/paperloft/evidence/checkouts/p3-7cd0f79/build/DerivedData/Build/Intermediates.noindex/Paperloft.build/Release/PaperloftApp.build/Objects-normal/arm64/Paperloft_Receipts.swiftmodule (in target 'PaperloftApp' from project 'Paperloft')
    cd /Users/builder/Factory/paperloft/evidence/checkouts/p3-7cd0f79
    builtin-copy -exclude .DS_Store -exclude CVS -exclude .svn -exclude .git -exclude .hg -resolve-src-symlinks -rename /Users/builder/Factory/paperloft/evidence/checkouts/p3-7cd0f79/build/DerivedData/Build/Intermediates.noindex/Paperloft.build/Release/PaperloftApp.build/Objects-normal/arm64/Paperloft_Receipts.swiftmodule /Users/builder/Factory/paperloft/evidence/checkouts/p3-7cd0f79/build/DerivedData/Build/Products/Release/Paperloft_Receipts.swiftmodule/arm64-apple-macos.swiftmodule

Copy /Users/builder/Factory/paperloft/evidence/checkouts/p3-7cd0f79/build/DerivedData/Build/Products/Release/Paperloft_Receipts.swiftmodule/arm64-apple-macos.swiftdoc /Users/builder/Factory/paperloft/evidence/checkouts/p3-7cd0f79/build/DerivedData/Build/Intermediates.noindex/Paperloft.build/Release/PaperloftApp.build/Objects-normal/arm64/Paperloft_Receipts.swiftdoc (in target 'PaperloftApp' from project 'Paperloft')
    cd /Users/builder/Factory/paperloft/evidence/checkouts/p3-7cd0f79
    builtin-copy -exclude .DS_Store -exclude CVS -exclude .svn -exclude .git -exclude .hg -resolve-src-symlinks -rename /Users/builder/Factory/paperloft/evidence/checkouts/p3-7cd0f79/build/DerivedData/Build/Intermediates.noindex/Paperloft.build/Release/PaperloftApp.build/Objects-normal/arm64/Paperloft_Receipts.swiftdoc /Users/builder/Factory/paperloft/evidence/checkouts/p3-7cd0f79/build/DerivedData/Build/Products/Release/Paperloft_Receipts.swiftmodule/arm64-apple-macos.swiftdoc

Copy /Users/builder/Factory/paperloft/evidence/checkouts/p3-7cd0f79/build/DerivedData/Build/Products/Release/Paperloft_Receipts.swiftmodule/Project/arm64-apple-macos.swiftsourceinfo /Users/builder/Factory/paperloft/evidence/checkouts/p3-7cd0f79/build/DerivedData/Build/Intermediates.noindex/Paperloft.build/Release/PaperloftApp.build/Objects-normal/arm64/Paperloft_Receipts.swiftsourceinfo (in target 'PaperloftApp' from project 'Paperloft')
    cd /Users/builder/Factory/paperloft/evidence/checkouts/p3-7cd0f79
    builtin-copy -exclude .DS_Store -exclude CVS -exclude .svn -exclude .git -exclude .hg -resolve-src-symlinks -rename /Users/builder/Factory/paperloft/evidence/checkouts/p3-7cd0f79/build/DerivedData/Build/Intermediates.noindex/Paperloft.build/Release/PaperloftApp.build/Objects-normal/arm64/Paperloft_Receipts.swiftsourceinfo /Users/builder/Factory/paperloft/evidence/checkouts/p3-7cd0f79/build/DerivedData/Build/Products/Release/Paperloft_Receipts.swiftmodule/Project/arm64-apple-macos.swiftsourceinfo

Copy /Users/builder/Factory/paperloft/evidence/checkouts/p3-7cd0f79/build/DerivedData/Build/Products/Release/Paperloft_Receipts.swiftmodule/arm64-apple-macos.abi.json /Users/builder/Factory/paperloft/evidence/checkouts/p3-7cd0f79/build/DerivedData/Build/Intermediates.noindex/Paperloft.build/Release/PaperloftApp.build/Objects-normal/arm64/Paperloft_Receipts.abi.json (in target 'PaperloftApp' from project 'Paperloft')
    cd /Users/builder/Factory/paperloft/evidence/checkouts/p3-7cd0f79
    builtin-copy -exclude .DS_Store -exclude CVS -exclude .svn -exclude .git -exclude .hg -resolve-src-symlinks -rename /Users/builder/Factory/paperloft/evidence/checkouts/p3-7cd0f79/build/DerivedData/Build/Intermediates.noindex/Paperloft.build/Release/PaperloftApp.build/Objects-normal/arm64/Paperloft_Receipts.abi.json /Users/builder/Factory/paperloft/evidence/checkouts/p3-7cd0f79/build/DerivedData/Build/Products/Release/Paperloft_Receipts.swiftmodule/arm64-apple-macos.abi.json

SwiftDriverJobDiscovery normal arm64 Compiling PaperloftApp.swift (in target 'PaperloftApp' from project 'Paperloft')

SwiftDriverJobDiscovery normal arm64 Compiling ExportView.swift, HelpView.swift (in target 'PaperloftApp' from project 'Paperloft')

SwiftDriverJobDiscovery normal arm64 Compiling DeviceImport.swift, EmailBodyRenderer.swift (in target 'PaperloftApp' from project 'Paperloft')

SwiftDriverJobDiscovery normal arm64 Compiling LibraryView.swift, MailReviewPreparation.swift (in target 'PaperloftApp' from project 'Paperloft')

SwiftDriverJobDiscovery normal arm64 Compiling AccessiblePicker.swift, AppModel.swift (in target 'PaperloftApp' from project 'Paperloft')

SwiftDriver\ Compilation PaperloftApp normal arm64 com.apple.xcode.tools.swift.compiler (in target 'PaperloftApp' from project 'Paperloft')
    cd /Users/builder/Factory/paperloft/evidence/checkouts/p3-7cd0f79
    builtin-Swift-Compilation -- /Applications/Xcode.app/Contents/Developer/Toolchains/XcodeDefault.xctoolchain/usr/bin/swiftc -module-name Paperloft_Receipts -O @/Users/builder/Factory/paperloft/evidence/checkouts/p3-7cd0f79/build/DerivedData/Build/Intermediates.noindex/Paperloft.build/Release/PaperloftApp.build/Objects-normal/arm64/Paperloft\ Receipts.SwiftFileList -enable-experimental-feature DebugDescriptionMacro -sdk /Applications/Xcode.app/Contents/Developer/Platforms/MacOSX.platform/Developer/SDKs/MacOSX27.0.sdk -target arm64-apple-macos27.0 -g -module-cache-path /Users/builder/Factory/paperloft/evidence/checkouts/p3-7cd0f79/build/DerivedData/ModuleCache.noindex -Xfrontend -serialize-debugging-options -profile-coverage-mapping -profile-generate -warnings-as-errors -swift-version 6 -I /Users/builder/Factory/paperloft/evidence/checkouts/p3-7cd0f79/build/DerivedData/Build/Products/Release -F /Users/builder/Factory/paperloft/evidence/checkouts/p3-7cd0f79/build/DerivedData/Build/Products/Release/PackageFrameworks -F /Users/builder/Factory/paperloft/evidence/checkouts/p3-7cd0f79/build/DerivedData/Build/Products/Release -c -j10 -enable-batch-mode -incremental -Xcc -ivfsstatcache -Xcc /Users/builder/Factory/paperloft/evidence/checkouts/p3-7cd0f79/build/DerivedData/SDKStatCaches.noindex/macosx27.0-26A425-7231f6df4def33e022ae2eb8f782df1a.sdkstatcache -output-file-map /Users/builder/Factory/paperloft/evidence/checkouts/p3-7cd0f79/build/DerivedData/Build/Intermediates.noindex/Paperloft.build/Release/PaperloftApp.build/Objects-normal/arm64/PaperloftApp-OutputFileMap.json -save-temps -no-color-diagnostics -explicit-module-build -module-cache-path /Users/builder/Factory/paperloft/evidence/checkouts/p3-7cd0f79/build/DerivedData/Build/Intermediates.noindex/SwiftExplicitPrecompiledModules -clang-scanner-module-cache-path /Users/builder/Factory/paperloft/evidence/checkouts/p3-7cd0f79/build/DerivedData/ModuleCache.noindex -sdk-module-cache-path /Users/builder/Factory/paperloft/evidence/checkouts/p3-7cd0f79/build/DerivedData/SDKExplicitPrecompiledModules -emit-dependencies -emit-module -emit-module-path /Users/builder/Factory/paperloft/evidence/checkouts/p3-7cd0f79/build/DerivedData/Build/Intermediates.noindex/Paperloft.build/Release/PaperloftApp.build/Objects-normal/arm64/Paperloft_Receipts.swiftmodule -serialize-diagnostics -dependency-scan-serialize-diagnostics-path /Users/builder/Factory/paperloft/evidence/checkouts/p3-7cd0f79/build/DerivedData/Build/Intermediates.noindex/Paperloft.build/Release/PaperloftApp.build/Objects-normal/arm64/Paperloft_Receipts-dependency-scan.dia -validate-clang-modules-once -clang-build-session-file /Users/builder/Factory/paperloft/evidence/checkouts/p3-7cd0f79/build/DerivedData/ModuleCache.noindex/Session.modulevalidation -Xcc -fmodules-prune-interval\=86400 -Xcc -fmodules-prune-after\=345600 -emit-const-values -const-gather-protocols-list /Users/builder/Factory/paperloft/evidence/checkouts/p3-7cd0f79/build/DerivedData/Build/Intermediates.noindex/Paperloft.build/Release/PaperloftApp.build/Objects-normal/arm64/PaperloftApp_const_extract_protocols.json -Xcc -iquote -Xcc /Users/builder/Factory/paperloft/evidence/checkouts/p3-7cd0f79/build/DerivedData/Build/Intermediates.noindex/Paperloft.build/Release/PaperloftApp.build/Paperloft\ Receipts-generated-files.hmap -Xcc -I/Users/builder/Factory/paperloft/evidence/checkouts/p3-7cd0f79/build/DerivedData/Build/Intermediates.noindex/Paperloft.build/Release/PaperloftApp.build/Paperloft\ Receipts-own-target-headers.hmap -Xcc -I/Users/builder/Factory/paperloft/evidence/checkouts/p3-7cd0f79/build/DerivedData/Build/Intermediates.noindex/Paperloft.build/Release/PaperloftApp.build/Paperloft\ Receipts-all-non-framework-target-headers.hmap -Xcc -ivfsoverlay -Xcc /Users/builder/Factory/paperloft/evidence/checkouts/p3-7cd0f79/build/DerivedData/Build/Intermediates.noindex/Paperloft.build/Release/Paperloft-b93ddc6bcd4d234a5473ab01ad3589c4-VFS/all-product-headers.yaml -Xcc -iquote -Xcc /Users/builder/Factory/paperloft/evidence/checkouts/p3-7cd0f79/build/DerivedData/Build/Intermediates.noindex/Paperloft.build/Release/PaperloftApp.build/Paperloft\ Receipts-project-headers.hmap -Xcc -I/Users/builder/Factory/paperloft/evidence/checkouts/p3-7cd0f79/build/DerivedData/Build/Products/Release/include -Xcc -I/Users/builder/Factory/paperloft/evidence/checkouts/p3-7cd0f79/build/DerivedData/Build/Intermediates.noindex/Paperloft.build/Release/PaperloftApp.build/DerivedSources-normal/arm64 -Xcc -I/Users/builder/Factory/paperloft/evidence/checkouts/p3-7cd0f79/build/DerivedData/Build/Intermediates.noindex/Paperloft.build/Release/PaperloftApp.build/DerivedSources/arm64 -Xcc -I/Users/builder/Factory/paperloft/evidence/checkouts/p3-7cd0f79/build/DerivedData/Build/Intermediates.noindex/Paperloft.build/Release/PaperloftApp.build/DerivedSources -emit-objc-header -emit-objc-header-path /Users/builder/Factory/paperloft/evidence/checkouts/p3-7cd0f79/build/DerivedData/Build/Intermediates.noindex/Paperloft.build/Release/PaperloftApp.build/Objects-normal/arm64/Paperloft_Receipts-Swift.h -working-directory /Users/builder/Factory/paperloft/evidence/checkouts/p3-7cd0f79 -experimental-emit-module-separately -disable-cmo

Ld /Users/builder/Factory/paperloft/evidence/checkouts/p3-7cd0f79/build/DerivedData/Build/Products/Release/Paperloft\ Receipts.app/Contents/MacOS/Paperloft\ Receipts normal (in target 'PaperloftApp' from project 'Paperloft')
    cd /Users/builder/Factory/paperloft/evidence/checkouts/p3-7cd0f79
    /Applications/Xcode.app/Contents/Developer/Toolchains/XcodeDefault.xctoolchain/usr/bin/clang -Xlinker -reproducible -target arm64-apple-macos27.0 -isysroot /Applications/Xcode.app/Contents/Developer/Platforms/MacOSX.platform/Developer/SDKs/MacOSX27.0.sdk -Os -Xlinker -no_warn_duplicate_libraries -L/Users/builder/Factory/paperloft/evidence/checkouts/p3-7cd0f79/build/DerivedData/Build/Intermediates.noindex/EagerLinkingTBDs/Release -L/Users/builder/Factory/paperloft/evidence/checkouts/p3-7cd0f79/build/DerivedData/Build/Products/Release -F/Users/builder/Factory/paperloft/evidence/checkouts/p3-7cd0f79/build/DerivedData/Build/Intermediates.noindex/EagerLinkingTBDs/Release -F/Users/builder/Factory/paperloft/evidence/checkouts/p3-7cd0f79/build/DerivedData/Build/Products/Release/PackageFrameworks -F/Users/builder/Factory/paperloft/evidence/checkouts/p3-7cd0f79/build/DerivedData/Build/Products/Release -filelist /Users/builder/Factory/paperloft/evidence/checkouts/p3-7cd0f79/build/DerivedData/Build/Intermediates.noindex/Paperloft.build/Release/PaperloftApp.build/Objects-normal/arm64/Paperloft\ Receipts.LinkFileList -Xlinker -object_path_lto -Xlinker /Users/builder/Factory/paperloft/evidence/checkouts/p3-7cd0f79/build/DerivedData/Build/Intermediates.noindex/Paperloft.build/Release/PaperloftApp.build/Objects-normal/arm64/Paperloft\ Receipts_lto.o -Xlinker -debug_variant -Xlinker -dependency_info -Xlinker /Users/builder/Factory/paperloft/evidence/checkouts/p3-7cd0f79/build/DerivedData/Build/Intermediates.noindex/Paperloft.build/Release/PaperloftApp.build/Objects-normal/arm64/Paperloft\ Receipts_dependency_info.dat -fobjc-link-runtime -fprofile-instr-generate -L/Applications/Xcode.app/Contents/Developer/Toolchains/XcodeDefault.xctoolchain/usr/lib/swift/macosx -L/usr/lib/swift -Xlinker -add_ast_path -Xlinker /Users/builder/Factory/paperloft/evidence/checkouts/p3-7cd0f79/build/DerivedData/Build/Intermediates.noindex/Paperloft.build/Release/PaperloftApp.build/Objects-normal/arm64/Paperloft_Receipts.swiftmodule -Xlinker -no_adhoc_codesign -o /Users/builder/Factory/paperloft/evidence/checkouts/p3-7cd0f79/build/DerivedData/Build/Products/Release/Paperloft\ Receipts.app/Contents/MacOS/Paperloft\ Receipts

Copy /Users/builder/Factory/paperloft/evidence/checkouts/p3-7cd0f79/build/DerivedData/Build/Products/Release/Paperloft\ Receipts.app/Contents/PlugIns/PaperloftShare.appex /Users/builder/Factory/paperloft/evidence/checkouts/p3-7cd0f79/build/DerivedData/Build/Products/Release/PaperloftShare.appex (in target 'PaperloftApp' from project 'Paperloft')
    cd /Users/builder/Factory/paperloft/evidence/checkouts/p3-7cd0f79
    builtin-copy -exclude .DS_Store -exclude CVS -exclude .svn -exclude .git -exclude .hg -exclude Headers -exclude PrivateHeaders -exclude Modules -exclude \*.tbd -resolve-src-symlinks -remove-static-executable /Users/builder/Factory/paperloft/evidence/checkouts/p3-7cd0f79/build/DerivedData/Build/Products/Release/PaperloftShare.appex /Users/builder/Factory/paperloft/evidence/checkouts/p3-7cd0f79/build/DerivedData/Build/Products/Release/Paperloft\ Receipts.app/Contents/PlugIns

ProcessInfoPlistFile /Users/builder/Factory/paperloft/evidence/checkouts/p3-7cd0f79/build/DerivedData/Build/Products/Release/Paperloft\ Receipts.app/Contents/Info.plist /Users/builder/Factory/paperloft/evidence/checkouts/p3-7cd0f79/Configuration/Info.plist (in target 'PaperloftApp' from project 'Paperloft')
    cd /Users/builder/Factory/paperloft/evidence/checkouts/p3-7cd0f79
    builtin-infoPlistUtility /Users/builder/Factory/paperloft/evidence/checkouts/p3-7cd0f79/Configuration/Info.plist -producttype com.apple.product-type.application -genpkginfo /Users/builder/Factory/paperloft/evidence/checkouts/p3-7cd0f79/build/DerivedData/Build/Products/Release/Paperloft\ Receipts.app/Contents/PkgInfo -expandbuildsettings -platform macosx -additionalcontentfile /Users/builder/Factory/paperloft/evidence/checkouts/p3-7cd0f79/build/DerivedData/Build/Intermediates.noindex/Paperloft.build/Release/PaperloftApp.build/assetcatalog_generated_info.plist -scanforprivacyfile /Users/builder/Factory/paperloft/evidence/checkouts/p3-7cd0f79/build/DerivedData/Build/Products/Release/Paperloft\ Receipts.app/Contents/PlugIns/PaperloftShare.appex -o /Users/builder/Factory/paperloft/evidence/checkouts/p3-7cd0f79/build/DerivedData/Build/Products/Release/Paperloft\ Receipts.app/Contents/Info.plist

ExtractAppIntentsMetadata (in target 'PaperloftApp' from project 'Paperloft')
    cd /Users/builder/Factory/paperloft/evidence/checkouts/p3-7cd0f79
    /Applications/Xcode.app/Contents/Developer/Toolchains/XcodeDefault.xctoolchain/usr/bin/appintentsmetadataprocessor --toolchain-dir /Applications/Xcode.app/Contents/Developer/Toolchains/XcodeDefault.xctoolchain --module-name Paperloft_Receipts --sdk-root /Applications/Xcode.app/Contents/Developer/Platforms/MacOSX.platform/Developer/SDKs/MacOSX27.0.sdk --xcode-version 27A266a --platform-family macOS --deployment-target 27.0 --bundle-identifier app.paperloft.receipts --output /Users/builder/Factory/paperloft/evidence/checkouts/p3-7cd0f79/build/DerivedData/Build/Products/Release/Paperloft\ Receipts.app/Contents/Resources --target-triple arm64-apple-macos27.0 --binary-file /Users/builder/Factory/paperloft/evidence/checkouts/p3-7cd0f79/build/DerivedData/Build/Products/Release/Paperloft\ Receipts.app/Contents/MacOS/Paperloft\ Receipts --dependency-file /Users/builder/Factory/paperloft/evidence/checkouts/p3-7cd0f79/build/DerivedData/Build/Intermediates.noindex/Paperloft.build/Release/PaperloftApp.build/Objects-normal/arm64/Paperloft\ Receipts_dependency_info.dat --stringsdata-file /Users/builder/Factory/paperloft/evidence/checkouts/p3-7cd0f79/build/DerivedData/Build/Intermediates.noindex/Paperloft.build/Release/PaperloftApp.build/Objects-normal/arm64/ExtractedAppShortcutsMetadata.stringsdata --source-file-list /Users/builder/Factory/paperloft/evidence/checkouts/p3-7cd0f79/build/DerivedData/Build/Intermediates.noindex/Paperloft.build/Release/PaperloftApp.build/Objects-normal/arm64/Paperloft\ Receipts.SwiftFileList --metadata-file-list /Users/builder/Factory/paperloft/evidence/checkouts/p3-7cd0f79/build/DerivedData/Build/Intermediates.noindex/Paperloft.build/Release/PaperloftApp.build/Paperloft\ Receipts.DependencyMetadataFileList --static-metadata-file-list /Users/builder/Factory/paperloft/evidence/checkouts/p3-7cd0f79/build/DerivedData/Build/Intermediates.noindex/Paperloft.build/Release/PaperloftApp.build/Paperloft\ Receipts.DependencyStaticMetadataFileList --swift-const-vals-list /Users/builder/Factory/paperloft/evidence/checkouts/p3-7cd0f79/build/DerivedData/Build/Intermediates.noindex/Paperloft.build/Release/PaperloftApp.build/Objects-normal/arm64/Paperloft\ Receipts.SwiftConstValuesFileList --compile-time-extraction --deployment-aware-processing --no-app-shortcuts-localization
2026-10-01 21:49:29.198 appintentsmetadataprocessor[29686:6777525] Starting appintentsmetadataprocessor export
2026-10-01 21:49:29.258 appintentsmetadataprocessor[29686:6777525] Writing Metadata.appintents
2026-10-01 21:49:29.258 appintentsmetadataprocessor[29686:6777525] Metadata root: /Users/builder/Factory/paperloft/evidence/checkouts/p3-7cd0f79/build/DerivedData/Build/Products/Release/Paperloft Receipts.app/Contents/Resources/Metadata.appintents

CopySwiftLibs /Users/builder/Factory/paperloft/evidence/checkouts/p3-7cd0f79/build/DerivedData/Build/Products/Release/Paperloft\ Receipts.app (in target 'PaperloftApp' from project 'Paperloft')
    cd /Users/builder/Factory/paperloft/evidence/checkouts/p3-7cd0f79
    builtin-swiftStdLibTool --copy --verbose --sign - --scan-executable /Users/builder/Factory/paperloft/evidence/checkouts/p3-7cd0f79/build/DerivedData/Build/Products/Release/Paperloft\ Receipts.app/Contents/MacOS/Paperloft\ Receipts --scan-folder /Users/builder/Factory/paperloft/evidence/checkouts/p3-7cd0f79/build/DerivedData/Build/Products/Release/Paperloft\ Receipts.app/Contents/Frameworks --scan-folder /Users/builder/Factory/paperloft/evidence/checkouts/p3-7cd0f79/build/DerivedData/Build/Products/Release/Paperloft\ Receipts.app/Contents/PlugIns --scan-folder /Users/builder/Factory/paperloft/evidence/checkouts/p3-7cd0f79/build/DerivedData/Build/Products/Release/Paperloft\ Receipts.app/Contents/Library/SystemExtensions --scan-folder /Users/builder/Factory/paperloft/evidence/checkouts/p3-7cd0f79/build/DerivedData/Build/Products/Release/Paperloft\ Receipts.app/Contents/Extensions --platform macosx --toolchain /Applications/Xcode.app/Contents/Developer/Toolchains/XcodeDefault.xctoolchain --destination /Users/builder/Factory/paperloft/evidence/checkouts/p3-7cd0f79/build/DerivedData/Build/Products/Release/Paperloft\ Receipts.app/Contents/Frameworks --strip-bitcode --strip-bitcode-tool /Applications/Xcode.app/Contents/Developer/Toolchains/XcodeDefault.xctoolchain/usr/bin/bitcode_strip --emit-dependency-info /Users/builder/Factory/paperloft/evidence/checkouts/p3-7cd0f79/build/DerivedData/Build/Intermediates.noindex/Paperloft.build/Release/PaperloftApp.build/SwiftStdLibToolInputDependencies.dep --filter-for-swift-os

CodeSign /Users/builder/Factory/paperloft/evidence/checkouts/p3-7cd0f79/build/DerivedData/Build/Products/Release/Paperloft\ Receipts.app (in target 'PaperloftApp' from project 'Paperloft')
    cd /Users/builder/Factory/paperloft/evidence/checkouts/p3-7cd0f79
    
    Signing Identity:     "Sign to Run Locally"
    
    /usr/bin/codesign --force --sign - --entitlements /Users/builder/Factory/paperloft/evidence/checkouts/p3-7cd0f79/build/DerivedData/Build/Intermediates.noindex/Paperloft.build/Release/PaperloftApp.build/Paperloft\ Receipts.app.xcent --timestamp\=none --generate-entitlement-der /Users/builder/Factory/paperloft/evidence/checkouts/p3-7cd0f79/build/DerivedData/Build/Products/Release/Paperloft\ Receipts.app

ValidateEmbeddedBinary /Users/builder/Factory/paperloft/evidence/checkouts/p3-7cd0f79/build/DerivedData/Build/Products/Release/Paperloft\ Receipts.app/Contents/PlugIns/PaperloftShare.appex (in target 'PaperloftApp' from project 'Paperloft')
    cd /Users/builder/Factory/paperloft/evidence/checkouts/p3-7cd0f79
    /Applications/Xcode.app/Contents/Developer/usr/bin/embeddedBinaryValidationUtility /Users/builder/Factory/paperloft/evidence/checkouts/p3-7cd0f79/build/DerivedData/Build/Products/Release/Paperloft\ Receipts.app/Contents/PlugIns/PaperloftShare.appex -signing-cert - -info-plist-path /Users/builder/Factory/paperloft/evidence/checkouts/p3-7cd0f79/build/DerivedData/Build/Products/Release/Paperloft\ Receipts.app/Contents/Info.plist

RegisterExecutionPolicyException /Users/builder/Factory/paperloft/evidence/checkouts/p3-7cd0f79/build/DerivedData/Build/Products/Release/Paperloft\ Receipts.app (in target 'PaperloftApp' from project 'Paperloft')
    cd /Users/builder/Factory/paperloft/evidence/checkouts/p3-7cd0f79
    builtin-RegisterExecutionPolicyException /Users/builder/Factory/paperloft/evidence/checkouts/p3-7cd0f79/build/DerivedData/Build/Products/Release/Paperloft\ Receipts.app

Validate /Users/builder/Factory/paperloft/evidence/checkouts/p3-7cd0f79/build/DerivedData/Build/Products/Release/Paperloft\ Receipts.app (in target 'PaperloftApp' from project 'Paperloft')
    cd /Users/builder/Factory/paperloft/evidence/checkouts/p3-7cd0f79
    builtin-validationUtility /Users/builder/Factory/paperloft/evidence/checkouts/p3-7cd0f79/build/DerivedData/Build/Products/Release/Paperloft\ Receipts.app -no-validate-extension -infoplist-subpath Contents/Info.plist

Touch /Users/builder/Factory/paperloft/evidence/checkouts/p3-7cd0f79/build/DerivedData/Build/Products/Release/Paperloft\ Receipts.app (in target 'PaperloftApp' from project 'Paperloft')
    cd /Users/builder/Factory/paperloft/evidence/checkouts/p3-7cd0f79
    /usr/bin/touch -c /Users/builder/Factory/paperloft/evidence/checkouts/p3-7cd0f79/build/DerivedData/Build/Products/Release/Paperloft\ Receipts.app

RegisterWithLaunchServices /Users/builder/Factory/paperloft/evidence/checkouts/p3-7cd0f79/build/DerivedData/Build/Products/Release/Paperloft\ Receipts.app (in target 'PaperloftApp' from project 'Paperloft')
    cd /Users/builder/Factory/paperloft/evidence/checkouts/p3-7cd0f79
    builtin-lsregisterurl --record-path /Users/builder/Factory/paperloft/evidence/checkouts/p3-7cd0f79/build/DerivedData/Build/Intermediates.noindex/XCBuildData/registered-launchservices.txt -- /System/Library/Frameworks/CoreServices.framework/Versions/Current/Frameworks/LaunchServices.framework/Versions/Current/Support/lsregister -f -R -trusted /Users/builder/Factory/paperloft/evidence/checkouts/p3-7cd0f79/build/DerivedData/Build/Products/Release/Paperloft\ Receipts.app

PruneExplicitPrecompiledModules /Users/builder/Factory/paperloft/evidence/checkouts/p3-7cd0f79/build/DerivedData/Build/Intermediates.noindex/ExplicitPrecompiledModules

PruneExplicitPrecompiledModules /Users/builder/Factory/paperloft/evidence/checkouts/p3-7cd0f79/build/DerivedData/Build/Intermediates.noindex/SwiftExplicitPrecompiledModules

PruneExplicitPrecompiledModules /Users/builder/Factory/paperloft/evidence/checkouts/p3-7cd0f79/build/DerivedData/SDKExplicitPrecompiledModules

** BUILD SUCCEEDED **

