Command line invocation:
    /Applications/Xcode.app/Contents/Developer/usr/bin/xcodebuild -project Paperloft.xcodeproj -scheme PaperloftApp -destination platform=macOS SWIFT_TREAT_WARNINGS_AS_ERRORS=YES -xcconfig config/PaulDevelopment.xcconfig -derivedDataPath build/DerivedData -configuration Debug clean build

Build settings from command line:
    SWIFT_TREAT_WARNINGS_AS_ERRORS = YES

Build settings from configuration file 'config/PaulDevelopment.xcconfig':
    CODE_SIGN_IDENTITY = Apple Development: Paul Allerdyce (89KA3G5NH6)
    CODE_SIGN_STYLE = Manual
    DEVELOPMENT_TEAM = GQ4UA5C6RQ
    PAPERLOFT_APP_GROUP_ENABLED = YES
    PAPERLOFT_APP_GROUP_ENTITLEMENTS_SUFFIX = Shared
    PAPERLOFT_INTENT_APP_BUNDLE_IDENTIFIER = app.paperloft.receipts.development
    PRODUCT_BUNDLE_IDENTIFIER = $(PAPERLOFT_DEVELOPMENT_BUNDLE_IDENTIFIER)

Resolve Package Graph


Resolved source packages:
  PaperloftHandoff: /Users/builder/Factory/paperloft-chips/Packages/PaperloftHandoff @ local
  PaperloftKit: /Users/builder/Factory/paperloft-chips/Packages/PaperloftKit @ local

note: Using codesigning identity override: Apple Development: Paul Allerdyce (89KA3G5NH6)
CreateBuildRequest

SendProjectDescription

CreateBuildOperation

** CLEAN SUCCEEDED **

note: Using codesigning identity override: Apple Development: Paul Allerdyce (89KA3G5NH6)
ComputePackagePrebuildTargetDependencyGraph

Prepare packages

CreateBuildRequest

SendProjectDescription

CreateBuildOperation

ComputeTargetDependencyGraph
note: Building targets in dependency order
note: Target dependency graph (6 targets)
    Target 'PaperloftApp' in project 'Paperloft'
        ➜ Explicit dependency on target 'PaperloftShare' in project 'Paperloft'
        ➜ Explicit dependency on target 'PaperloftKit-product' in project 'PaperloftKit'
        ➜ Explicit dependency on target 'PaperloftHandoff-product' in project 'PaperloftHandoff'
    Target 'PaperloftKit-product' in project 'PaperloftKit'
        ➜ Explicit dependency on target 'PaperloftKit' in project 'PaperloftKit'
    Target 'PaperloftKit' in project 'PaperloftKit' (no dependencies)
    Target 'PaperloftShare' in project 'Paperloft'
        ➜ Explicit dependency on target 'PaperloftHandoff-product' in project 'PaperloftHandoff'
    Target 'PaperloftHandoff-product' in project 'PaperloftHandoff'
        ➜ Explicit dependency on target 'PaperloftHandoff' in project 'PaperloftHandoff'
    Target 'PaperloftHandoff' in project 'PaperloftHandoff' (no dependencies)

GatherProvisioningInputs

CreateBuildDescription

ExecuteExternalTool /Applications/Xcode.app/Contents/Developer/Toolchains/XcodeDefault.xctoolchain/usr/bin/swiftc --version

ExecuteExternalTool /Applications/Xcode.app/Contents/Developer/Toolchains/XcodeDefault.xctoolchain/usr/bin/clang -v -E -dM -isysroot /Applications/Xcode.app/Contents/Developer/Platforms/MacOSX.platform/Developer/SDKs/MacOSX27.0.sdk -x c -c /dev/null

ExecuteExternalTool /Applications/Xcode.app/Contents/Developer/usr/bin/actool --version --output-format xml1

ExecuteExternalTool /Applications/Xcode.app/Contents/Developer/Toolchains/XcodeDefault.xctoolchain/usr/bin/ld -version_details

Build description signature: 3b7c60708510c1974d9f573474f6dc7e
Build description path: /Users/builder/Factory/paperloft-chips/build/DerivedData/Build/Intermediates.noindex/XCBuildData/3b7c60708510c1974d9f573474f6dc7e.xcbuilddata
CreateBuildDirectory /Users/builder/Factory/paperloft-chips/build/DerivedData/SDKExplicitPrecompiledModules
    cd /Users/builder/Factory/paperloft-chips/Paperloft.xcodeproj
    builtin-create-build-directory /Users/builder/Factory/paperloft-chips/build/DerivedData/SDKExplicitPrecompiledModules

CreateBuildDirectory /Users/builder/Factory/paperloft-chips/build/DerivedData/ModuleCache.noindex
    cd /Users/builder/Factory/paperloft-chips/Paperloft.xcodeproj
    builtin-create-build-directory /Users/builder/Factory/paperloft-chips/build/DerivedData/ModuleCache.noindex

CreateBuildDirectory /Users/builder/Factory/paperloft-chips/build/DerivedData/CompilationCache.noindex
    cd /Users/builder/Factory/paperloft-chips/Paperloft.xcodeproj
    builtin-create-build-directory /Users/builder/Factory/paperloft-chips/build/DerivedData/CompilationCache.noindex

CreateBuildDirectory /Users/builder/Factory/paperloft-chips/build/DerivedData/Build/Products
    cd /Users/builder/Factory/paperloft-chips/Paperloft.xcodeproj
    builtin-create-build-directory /Users/builder/Factory/paperloft-chips/build/DerivedData/Build/Products

CreateBuildDirectory /Users/builder/Factory/paperloft-chips/build/DerivedData/Build/Intermediates.noindex
    cd /Users/builder/Factory/paperloft-chips/Paperloft.xcodeproj
    builtin-create-build-directory /Users/builder/Factory/paperloft-chips/build/DerivedData/Build/Intermediates.noindex

ClangStatCache /Applications/Xcode.app/Contents/Developer/Toolchains/XcodeDefault.xctoolchain/usr/bin/clang-stat-cache /Applications/Xcode.app/Contents/Developer/Platforms/MacOSX.platform/Developer/SDKs/MacOSX27.0.sdk /Users/builder/Factory/paperloft-chips/build/DerivedData/SDKStatCaches.noindex/macosx27.0-26A425-7231f6df4def33e022ae2eb8f782df1a.sdkstatcache
    cd /Users/builder/Factory/paperloft-chips/Paperloft.xcodeproj
    /Applications/Xcode.app/Contents/Developer/Toolchains/XcodeDefault.xctoolchain/usr/bin/clang-stat-cache /Applications/Xcode.app/Contents/Developer/Platforms/MacOSX.platform/Developer/SDKs/MacOSX27.0.sdk -o /Users/builder/Factory/paperloft-chips/build/DerivedData/SDKStatCaches.noindex/macosx27.0-26A425-7231f6df4def33e022ae2eb8f782df1a.sdkstatcache

CreateBuildDirectory /Users/builder/Factory/paperloft-chips/build/DerivedData/Build/Intermediates.noindex/SwiftExplicitPrecompiledModules
    cd /Users/builder/Factory/paperloft-chips/Paperloft.xcodeproj
    builtin-create-build-directory /Users/builder/Factory/paperloft-chips/build/DerivedData/Build/Intermediates.noindex/SwiftExplicitPrecompiledModules

CreateBuildDirectory /Users/builder/Factory/paperloft-chips/build/DerivedData/Build/Intermediates.noindex/PrecompiledHeaders
    cd /Users/builder/Factory/paperloft-chips/Paperloft.xcodeproj
    builtin-create-build-directory /Users/builder/Factory/paperloft-chips/build/DerivedData/Build/Intermediates.noindex/PrecompiledHeaders

CreateBuildDirectory /Users/builder/Factory/paperloft-chips/build/DerivedData/Build/Intermediates.noindex/ExplicitPrecompiledModules
    cd /Users/builder/Factory/paperloft-chips/Paperloft.xcodeproj
    builtin-create-build-directory /Users/builder/Factory/paperloft-chips/build/DerivedData/Build/Intermediates.noindex/ExplicitPrecompiledModules

CreateBuildDirectory /Users/builder/Factory/paperloft-chips/build/DerivedData/Build/Products/Debug
    cd /Users/builder/Factory/paperloft-chips/Paperloft.xcodeproj
    builtin-create-build-directory /Users/builder/Factory/paperloft-chips/build/DerivedData/Build/Products/Debug

CreateBuildDirectory /Users/builder/Factory/paperloft-chips/build/DerivedData/Build/Intermediates.noindex/EagerLinkingTBDs/Debug
    cd /Users/builder/Factory/paperloft-chips/Paperloft.xcodeproj
    builtin-create-build-directory /Users/builder/Factory/paperloft-chips/build/DerivedData/Build/Intermediates.noindex/EagerLinkingTBDs/Debug

WriteAuxiliaryFile /Users/builder/Factory/paperloft-chips/build/DerivedData/Build/Intermediates.noindex/Paperloft.build/Debug/Paperloft-b93ddc6bcd4d234a5473ab01ad3589c4-VFS/all-product-headers.yaml
    cd /Users/builder/Factory/paperloft-chips/Paperloft.xcodeproj
    write-file /Users/builder/Factory/paperloft-chips/build/DerivedData/Build/Intermediates.noindex/Paperloft.build/Debug/Paperloft-b93ddc6bcd4d234a5473ab01ad3589c4-VFS/all-product-headers.yaml

CreateBuildDirectory /Users/builder/Factory/paperloft-chips/build/DerivedData/Build/Products/Debug/PackageFrameworks
    cd /Users/builder/Factory/paperloft-chips/Paperloft.xcodeproj
    builtin-create-build-directory /Users/builder/Factory/paperloft-chips/build/DerivedData/Build/Products/Debug/PackageFrameworks

WriteAuxiliaryFile /Users/builder/Factory/paperloft-chips/build/DerivedData/Build/Intermediates.noindex/Paperloft.build/Debug/PaperloftShare.build/PaperloftShare-generated-files.hmap (in target 'PaperloftShare' from project 'Paperloft')
    cd /Users/builder/Factory/paperloft-chips
    write-file /Users/builder/Factory/paperloft-chips/build/DerivedData/Build/Intermediates.noindex/Paperloft.build/Debug/PaperloftShare.build/PaperloftShare-generated-files.hmap

WriteAuxiliaryFile /Users/builder/Factory/paperloft-chips/build/DerivedData/Build/Intermediates.noindex/Paperloft.build/Debug/PaperloftShare.build/PaperloftShare-own-target-headers.hmap (in target 'PaperloftShare' from project 'Paperloft')
    cd /Users/builder/Factory/paperloft-chips
    write-file /Users/builder/Factory/paperloft-chips/build/DerivedData/Build/Intermediates.noindex/Paperloft.build/Debug/PaperloftShare.build/PaperloftShare-own-target-headers.hmap

WriteAuxiliaryFile /Users/builder/Factory/paperloft-chips/build/DerivedData/Build/Intermediates.noindex/Paperloft.build/Debug/PaperloftShare.build/PaperloftShare-all-target-headers.hmap (in target 'PaperloftShare' from project 'Paperloft')
    cd /Users/builder/Factory/paperloft-chips
    write-file /Users/builder/Factory/paperloft-chips/build/DerivedData/Build/Intermediates.noindex/Paperloft.build/Debug/PaperloftShare.build/PaperloftShare-all-target-headers.hmap

WriteAuxiliaryFile /Users/builder/Factory/paperloft-chips/build/DerivedData/Build/Intermediates.noindex/Paperloft.build/Debug/PaperloftShare.build/PaperloftShare-project-headers.hmap (in target 'PaperloftShare' from project 'Paperloft')
    cd /Users/builder/Factory/paperloft-chips
    write-file /Users/builder/Factory/paperloft-chips/build/DerivedData/Build/Intermediates.noindex/Paperloft.build/Debug/PaperloftShare.build/PaperloftShare-project-headers.hmap

WriteAuxiliaryFile /Users/builder/Factory/paperloft-chips/build/DerivedData/Build/Intermediates.noindex/Paperloft.build/Debug/PaperloftShare.build/PaperloftShare.hmap (in target 'PaperloftShare' from project 'Paperloft')
    cd /Users/builder/Factory/paperloft-chips
    write-file /Users/builder/Factory/paperloft-chips/build/DerivedData/Build/Intermediates.noindex/Paperloft.build/Debug/PaperloftShare.build/PaperloftShare.hmap

WriteAuxiliaryFile /Users/builder/Factory/paperloft-chips/build/DerivedData/Build/Intermediates.noindex/Paperloft.build/Debug/PaperloftShare.build/PaperloftShare-all-non-framework-target-headers.hmap (in target 'PaperloftShare' from project 'Paperloft')
    cd /Users/builder/Factory/paperloft-chips
    write-file /Users/builder/Factory/paperloft-chips/build/DerivedData/Build/Intermediates.noindex/Paperloft.build/Debug/PaperloftShare.build/PaperloftShare-all-non-framework-target-headers.hmap

WriteAuxiliaryFile /Users/builder/Factory/paperloft-chips/build/DerivedData/Build/Intermediates.noindex/Paperloft.build/Debug/PaperloftShare.build/PaperloftShare-DebugEntryPoint-normal-arm64.txt (in target 'PaperloftShare' from project 'Paperloft')
    cd /Users/builder/Factory/paperloft-chips
    write-file /Users/builder/Factory/paperloft-chips/build/DerivedData/Build/Intermediates.noindex/Paperloft.build/Debug/PaperloftShare.build/PaperloftShare-DebugEntryPoint-normal-arm64.txt

WriteAuxiliaryFile /Users/builder/Factory/paperloft-chips/build/DerivedData/Build/Intermediates.noindex/PaperloftKit.build/Debug/PaperloftKit-t.build/PaperloftKit.DependencyStaticMetadataFileList (in target 'PaperloftKit' from project 'PaperloftKit')
    cd /Users/builder/Factory/paperloft-chips/Packages/PaperloftKit
    write-file /Users/builder/Factory/paperloft-chips/build/DerivedData/Build/Intermediates.noindex/PaperloftKit.build/Debug/PaperloftKit-t.build/PaperloftKit.DependencyStaticMetadataFileList

WriteAuxiliaryFile /Users/builder/Factory/paperloft-chips/build/DerivedData/Build/Intermediates.noindex/PaperloftKit.build/Debug/PaperloftKit-t.build/PaperloftKit.modulemap (in target 'PaperloftKit' from project 'PaperloftKit')
    cd /Users/builder/Factory/paperloft-chips/Packages/PaperloftKit
    write-file /Users/builder/Factory/paperloft-chips/build/DerivedData/Build/Intermediates.noindex/PaperloftKit.build/Debug/PaperloftKit-t.build/PaperloftKit.modulemap

WriteAuxiliaryFile /Users/builder/Factory/paperloft-chips/build/DerivedData/Build/Intermediates.noindex/Paperloft.build/Debug/PaperloftShare.build/PaperloftShare-DebugDylibPath-normal-arm64.txt (in target 'PaperloftShare' from project 'Paperloft')
    cd /Users/builder/Factory/paperloft-chips
    write-file /Users/builder/Factory/paperloft-chips/build/DerivedData/Build/Intermediates.noindex/Paperloft.build/Debug/PaperloftShare.build/PaperloftShare-DebugDylibPath-normal-arm64.txt

WriteAuxiliaryFile /Users/builder/Factory/paperloft-chips/build/DerivedData/Build/Intermediates.noindex/Paperloft.build/Debug/PaperloftShare.build/PaperloftShare-DebugDylibInstallName-normal-arm64.txt (in target 'PaperloftShare' from project 'Paperloft')
    cd /Users/builder/Factory/paperloft-chips
    write-file /Users/builder/Factory/paperloft-chips/build/DerivedData/Build/Intermediates.noindex/Paperloft.build/Debug/PaperloftShare.build/PaperloftShare-DebugDylibInstallName-normal-arm64.txt

WriteAuxiliaryFile /Users/builder/Factory/paperloft-chips/build/DerivedData/Build/Intermediates.noindex/Paperloft.build/Debug/PaperloftShare.build/Objects-normal/arm64/PaperloftShare_const_extract_protocols.json (in target 'PaperloftShare' from project 'Paperloft')
    cd /Users/builder/Factory/paperloft-chips
    write-file /Users/builder/Factory/paperloft-chips/build/DerivedData/Build/Intermediates.noindex/Paperloft.build/Debug/PaperloftShare.build/Objects-normal/arm64/PaperloftShare_const_extract_protocols.json

WriteAuxiliaryFile /Users/builder/Factory/paperloft-chips/build/DerivedData/Build/Intermediates.noindex/Paperloft.build/Debug/PaperloftShare.build/Objects-normal/arm64/PaperloftShare.SwiftFileList (in target 'PaperloftShare' from project 'Paperloft')
    cd /Users/builder/Factory/paperloft-chips
    write-file /Users/builder/Factory/paperloft-chips/build/DerivedData/Build/Intermediates.noindex/Paperloft.build/Debug/PaperloftShare.build/Objects-normal/arm64/PaperloftShare.SwiftFileList

WriteAuxiliaryFile /Users/builder/Factory/paperloft-chips/build/DerivedData/Build/Intermediates.noindex/Paperloft.build/Debug/PaperloftShare.build/Objects-normal/arm64/PaperloftShare.LinkFileList (in target 'PaperloftShare' from project 'Paperloft')
    cd /Users/builder/Factory/paperloft-chips
    write-file /Users/builder/Factory/paperloft-chips/build/DerivedData/Build/Intermediates.noindex/Paperloft.build/Debug/PaperloftShare.build/Objects-normal/arm64/PaperloftShare.LinkFileList

WriteAuxiliaryFile /Users/builder/Factory/paperloft-chips/build/DerivedData/Build/Intermediates.noindex/Paperloft.build/Debug/PaperloftShare.build/Objects-normal/arm64/PaperloftShare-OutputFileMap.json (in target 'PaperloftShare' from project 'Paperloft')
    cd /Users/builder/Factory/paperloft-chips
    write-file /Users/builder/Factory/paperloft-chips/build/DerivedData/Build/Intermediates.noindex/Paperloft.build/Debug/PaperloftShare.build/Objects-normal/arm64/PaperloftShare-OutputFileMap.json

WriteAuxiliaryFile /Users/builder/Factory/paperloft-chips/build/DerivedData/Build/Intermediates.noindex/PaperloftKit.build/Debug/PaperloftKit-t.build/PaperloftKit.DependencyMetadataFileList (in target 'PaperloftKit' from project 'PaperloftKit')
    cd /Users/builder/Factory/paperloft-chips/Packages/PaperloftKit
    write-file /Users/builder/Factory/paperloft-chips/build/DerivedData/Build/Intermediates.noindex/PaperloftKit.build/Debug/PaperloftKit-t.build/PaperloftKit.DependencyMetadataFileList

WriteAuxiliaryFile /Users/builder/Factory/paperloft-chips/build/DerivedData/Build/Intermediates.noindex/Paperloft.build/Debug/PaperloftShare.build/DerivedSources/Entitlements.plist (in target 'PaperloftShare' from project 'Paperloft')
    cd /Users/builder/Factory/paperloft-chips
    write-file /Users/builder/Factory/paperloft-chips/build/DerivedData/Build/Intermediates.noindex/Paperloft.build/Debug/PaperloftShare.build/DerivedSources/Entitlements.plist

WriteAuxiliaryFile /Users/builder/Factory/paperloft-chips/build/DerivedData/Build/Intermediates.noindex/PaperloftKit.build/Debug/PaperloftKit-t.build/Objects-normal/arm64/PaperloftKit_const_extract_protocols.json (in target 'PaperloftKit' from project 'PaperloftKit')
    cd /Users/builder/Factory/paperloft-chips/Packages/PaperloftKit
    write-file /Users/builder/Factory/paperloft-chips/build/DerivedData/Build/Intermediates.noindex/PaperloftKit.build/Debug/PaperloftKit-t.build/Objects-normal/arm64/PaperloftKit_const_extract_protocols.json

WriteAuxiliaryFile /Users/builder/Factory/paperloft-chips/build/DerivedData/Build/Intermediates.noindex/PaperloftKit.build/Debug/PaperloftKit-t.build/Objects-normal/arm64/PaperloftKit.SwiftFileList (in target 'PaperloftKit' from project 'PaperloftKit')
    cd /Users/builder/Factory/paperloft-chips/Packages/PaperloftKit
    write-file /Users/builder/Factory/paperloft-chips/build/DerivedData/Build/Intermediates.noindex/PaperloftKit.build/Debug/PaperloftKit-t.build/Objects-normal/arm64/PaperloftKit.SwiftFileList

WriteAuxiliaryFile /Users/builder/Factory/paperloft-chips/build/DerivedData/Build/Intermediates.noindex/PaperloftKit.build/Debug/PaperloftKit-t.build/Objects-normal/arm64/PaperloftKit.SwiftConstValuesFileList (in target 'PaperloftKit' from project 'PaperloftKit')
    cd /Users/builder/Factory/paperloft-chips/Packages/PaperloftKit
    write-file /Users/builder/Factory/paperloft-chips/build/DerivedData/Build/Intermediates.noindex/PaperloftKit.build/Debug/PaperloftKit-t.build/Objects-normal/arm64/PaperloftKit.SwiftConstValuesFileList

WriteAuxiliaryFile /Users/builder/Factory/paperloft-chips/build/DerivedData/Build/Intermediates.noindex/PaperloftKit.build/Debug/PaperloftKit-t.build/Objects-normal/arm64/PaperloftKit.LinkFileList (in target 'PaperloftKit' from project 'PaperloftKit')
    cd /Users/builder/Factory/paperloft-chips/Packages/PaperloftKit
    write-file /Users/builder/Factory/paperloft-chips/build/DerivedData/Build/Intermediates.noindex/PaperloftKit.build/Debug/PaperloftKit-t.build/Objects-normal/arm64/PaperloftKit.LinkFileList

WriteAuxiliaryFile /Users/builder/Factory/paperloft-chips/build/DerivedData/Build/Intermediates.noindex/PaperloftKit.build/Debug/PaperloftKit-t.build/Objects-normal/arm64/PaperloftKit-OutputFileMap.json (in target 'PaperloftKit' from project 'PaperloftKit')
    cd /Users/builder/Factory/paperloft-chips/Packages/PaperloftKit
    write-file /Users/builder/Factory/paperloft-chips/build/DerivedData/Build/Intermediates.noindex/PaperloftKit.build/Debug/PaperloftKit-t.build/Objects-normal/arm64/PaperloftKit-OutputFileMap.json

Copy /Users/builder/Factory/paperloft-chips/build/DerivedData/Build/Intermediates.noindex/GeneratedModuleMaps/PaperloftKit.modulemap /Users/builder/Factory/paperloft-chips/build/DerivedData/Build/Intermediates.noindex/PaperloftKit.build/Debug/PaperloftKit-t.build/PaperloftKit.modulemap (in target 'PaperloftKit' from project 'PaperloftKit')
    cd /Users/builder/Factory/paperloft-chips/Packages/PaperloftKit
    builtin-copy -exclude .DS_Store -exclude CVS -exclude .svn -exclude .git -exclude .hg -resolve-src-symlinks /Users/builder/Factory/paperloft-chips/build/DerivedData/Build/Intermediates.noindex/PaperloftKit.build/Debug/PaperloftKit-t.build/PaperloftKit.modulemap /Users/builder/Factory/paperloft-chips/build/DerivedData/Build/Intermediates.noindex/GeneratedModuleMaps

WriteAuxiliaryFile /Users/builder/Factory/paperloft-chips/build/DerivedData/Build/Intermediates.noindex/PaperloftHandoff.build/Debug/PaperloftHandoff-t.build/PaperloftHandoff.modulemap (in target 'PaperloftHandoff' from project 'PaperloftHandoff')
    cd /Users/builder/Factory/paperloft-chips/Packages/PaperloftHandoff
    write-file /Users/builder/Factory/paperloft-chips/build/DerivedData/Build/Intermediates.noindex/PaperloftHandoff.build/Debug/PaperloftHandoff-t.build/PaperloftHandoff.modulemap

WriteAuxiliaryFile /Users/builder/Factory/paperloft-chips/build/DerivedData/Build/Intermediates.noindex/PaperloftHandoff.build/Debug/PaperloftHandoff-t.build/PaperloftHandoff.DependencyStaticMetadataFileList (in target 'PaperloftHandoff' from project 'PaperloftHandoff')
    cd /Users/builder/Factory/paperloft-chips/Packages/PaperloftHandoff
    write-file /Users/builder/Factory/paperloft-chips/build/DerivedData/Build/Intermediates.noindex/PaperloftHandoff.build/Debug/PaperloftHandoff-t.build/PaperloftHandoff.DependencyStaticMetadataFileList

WriteAuxiliaryFile /Users/builder/Factory/paperloft-chips/build/DerivedData/Build/Intermediates.noindex/PaperloftHandoff.build/Debug/PaperloftHandoff-t.build/PaperloftHandoff.DependencyMetadataFileList (in target 'PaperloftHandoff' from project 'PaperloftHandoff')
    cd /Users/builder/Factory/paperloft-chips/Packages/PaperloftHandoff
    write-file /Users/builder/Factory/paperloft-chips/build/DerivedData/Build/Intermediates.noindex/PaperloftHandoff.build/Debug/PaperloftHandoff-t.build/PaperloftHandoff.DependencyMetadataFileList

WriteAuxiliaryFile /Users/builder/Factory/paperloft-chips/build/DerivedData/Build/Intermediates.noindex/PaperloftHandoff.build/Debug/PaperloftHandoff-t.build/Objects-normal/arm64/PaperloftHandoff_const_extract_protocols.json (in target 'PaperloftHandoff' from project 'PaperloftHandoff')
    cd /Users/builder/Factory/paperloft-chips/Packages/PaperloftHandoff
    write-file /Users/builder/Factory/paperloft-chips/build/DerivedData/Build/Intermediates.noindex/PaperloftHandoff.build/Debug/PaperloftHandoff-t.build/Objects-normal/arm64/PaperloftHandoff_const_extract_protocols.json

WriteAuxiliaryFile /Users/builder/Factory/paperloft-chips/build/DerivedData/Build/Intermediates.noindex/PaperloftHandoff.build/Debug/PaperloftHandoff-t.build/Objects-normal/arm64/PaperloftHandoff.SwiftFileList (in target 'PaperloftHandoff' from project 'PaperloftHandoff')
    cd /Users/builder/Factory/paperloft-chips/Packages/PaperloftHandoff
    write-file /Users/builder/Factory/paperloft-chips/build/DerivedData/Build/Intermediates.noindex/PaperloftHandoff.build/Debug/PaperloftHandoff-t.build/Objects-normal/arm64/PaperloftHandoff.SwiftFileList

WriteAuxiliaryFile /Users/builder/Factory/paperloft-chips/build/DerivedData/Build/Intermediates.noindex/PaperloftHandoff.build/Debug/PaperloftHandoff-t.build/Objects-normal/arm64/PaperloftHandoff.SwiftConstValuesFileList (in target 'PaperloftHandoff' from project 'PaperloftHandoff')
    cd /Users/builder/Factory/paperloft-chips/Packages/PaperloftHandoff
    write-file /Users/builder/Factory/paperloft-chips/build/DerivedData/Build/Intermediates.noindex/PaperloftHandoff.build/Debug/PaperloftHandoff-t.build/Objects-normal/arm64/PaperloftHandoff.SwiftConstValuesFileList

WriteAuxiliaryFile /Users/builder/Factory/paperloft-chips/build/DerivedData/Build/Intermediates.noindex/PaperloftHandoff.build/Debug/PaperloftHandoff-t.build/Objects-normal/arm64/PaperloftHandoff.LinkFileList (in target 'PaperloftHandoff' from project 'PaperloftHandoff')
    cd /Users/builder/Factory/paperloft-chips/Packages/PaperloftHandoff
    write-file /Users/builder/Factory/paperloft-chips/build/DerivedData/Build/Intermediates.noindex/PaperloftHandoff.build/Debug/PaperloftHandoff-t.build/Objects-normal/arm64/PaperloftHandoff.LinkFileList

WriteAuxiliaryFile /Users/builder/Factory/paperloft-chips/build/DerivedData/Build/Intermediates.noindex/PaperloftHandoff.build/Debug/PaperloftHandoff-t.build/Objects-normal/arm64/PaperloftHandoff-OutputFileMap.json (in target 'PaperloftHandoff' from project 'PaperloftHandoff')
    cd /Users/builder/Factory/paperloft-chips/Packages/PaperloftHandoff
    write-file /Users/builder/Factory/paperloft-chips/build/DerivedData/Build/Intermediates.noindex/PaperloftHandoff.build/Debug/PaperloftHandoff-t.build/Objects-normal/arm64/PaperloftHandoff-OutputFileMap.json

WriteAuxiliaryFile /Users/builder/Factory/paperloft-chips/build/DerivedData/Build/Intermediates.noindex/Paperloft.build/Debug/PaperloftApp.build/Paperloft\ Receipts.hmap (in target 'PaperloftApp' from project 'Paperloft')
    cd /Users/builder/Factory/paperloft-chips
    write-file /Users/builder/Factory/paperloft-chips/build/DerivedData/Build/Intermediates.noindex/Paperloft.build/Debug/PaperloftApp.build/Paperloft\ Receipts.hmap

Copy /Users/builder/Factory/paperloft-chips/build/DerivedData/Build/Intermediates.noindex/GeneratedModuleMaps/PaperloftHandoff.modulemap /Users/builder/Factory/paperloft-chips/build/DerivedData/Build/Intermediates.noindex/PaperloftHandoff.build/Debug/PaperloftHandoff-t.build/PaperloftHandoff.modulemap (in target 'PaperloftHandoff' from project 'PaperloftHandoff')
    cd /Users/builder/Factory/paperloft-chips/Packages/PaperloftHandoff
    builtin-copy -exclude .DS_Store -exclude CVS -exclude .svn -exclude .git -exclude .hg -resolve-src-symlinks /Users/builder/Factory/paperloft-chips/build/DerivedData/Build/Intermediates.noindex/PaperloftHandoff.build/Debug/PaperloftHandoff-t.build/PaperloftHandoff.modulemap /Users/builder/Factory/paperloft-chips/build/DerivedData/Build/Intermediates.noindex/GeneratedModuleMaps

WriteAuxiliaryFile /Users/builder/Factory/paperloft-chips/build/DerivedData/Build/Intermediates.noindex/Paperloft.build/Debug/PaperloftApp.build/Paperloft\ Receipts.DependencyStaticMetadataFileList (in target 'PaperloftApp' from project 'Paperloft')
    cd /Users/builder/Factory/paperloft-chips
    write-file /Users/builder/Factory/paperloft-chips/build/DerivedData/Build/Intermediates.noindex/Paperloft.build/Debug/PaperloftApp.build/Paperloft\ Receipts.DependencyStaticMetadataFileList

WriteAuxiliaryFile /Users/builder/Factory/paperloft-chips/build/DerivedData/Build/Intermediates.noindex/Paperloft.build/Debug/PaperloftApp.build/Paperloft\ Receipts.DependencyMetadataFileList (in target 'PaperloftApp' from project 'Paperloft')
    cd /Users/builder/Factory/paperloft-chips
    write-file /Users/builder/Factory/paperloft-chips/build/DerivedData/Build/Intermediates.noindex/Paperloft.build/Debug/PaperloftApp.build/Paperloft\ Receipts.DependencyMetadataFileList

WriteAuxiliaryFile /Users/builder/Factory/paperloft-chips/build/DerivedData/Build/Intermediates.noindex/Paperloft.build/Debug/PaperloftApp.build/Paperloft\ Receipts-project-headers.hmap (in target 'PaperloftApp' from project 'Paperloft')
    cd /Users/builder/Factory/paperloft-chips
    write-file /Users/builder/Factory/paperloft-chips/build/DerivedData/Build/Intermediates.noindex/Paperloft.build/Debug/PaperloftApp.build/Paperloft\ Receipts-project-headers.hmap

WriteAuxiliaryFile /Users/builder/Factory/paperloft-chips/build/DerivedData/Build/Intermediates.noindex/Paperloft.build/Debug/PaperloftApp.build/Paperloft\ Receipts-own-target-headers.hmap (in target 'PaperloftApp' from project 'Paperloft')
    cd /Users/builder/Factory/paperloft-chips
    write-file /Users/builder/Factory/paperloft-chips/build/DerivedData/Build/Intermediates.noindex/Paperloft.build/Debug/PaperloftApp.build/Paperloft\ Receipts-own-target-headers.hmap

WriteAuxiliaryFile /Users/builder/Factory/paperloft-chips/build/DerivedData/Build/Intermediates.noindex/Paperloft.build/Debug/PaperloftApp.build/Paperloft\ Receipts-generated-files.hmap (in target 'PaperloftApp' from project 'Paperloft')
    cd /Users/builder/Factory/paperloft-chips
    write-file /Users/builder/Factory/paperloft-chips/build/DerivedData/Build/Intermediates.noindex/Paperloft.build/Debug/PaperloftApp.build/Paperloft\ Receipts-generated-files.hmap

WriteAuxiliaryFile /Users/builder/Factory/paperloft-chips/build/DerivedData/Build/Intermediates.noindex/Paperloft.build/Debug/PaperloftApp.build/Paperloft\ Receipts-all-target-headers.hmap (in target 'PaperloftApp' from project 'Paperloft')
    cd /Users/builder/Factory/paperloft-chips
    write-file /Users/builder/Factory/paperloft-chips/build/DerivedData/Build/Intermediates.noindex/Paperloft.build/Debug/PaperloftApp.build/Paperloft\ Receipts-all-target-headers.hmap

WriteAuxiliaryFile /Users/builder/Factory/paperloft-chips/build/DerivedData/Build/Intermediates.noindex/Paperloft.build/Debug/PaperloftApp.build/Paperloft\ Receipts-all-non-framework-target-headers.hmap (in target 'PaperloftApp' from project 'Paperloft')
    cd /Users/builder/Factory/paperloft-chips
    write-file /Users/builder/Factory/paperloft-chips/build/DerivedData/Build/Intermediates.noindex/Paperloft.build/Debug/PaperloftApp.build/Paperloft\ Receipts-all-non-framework-target-headers.hmap

WriteAuxiliaryFile /Users/builder/Factory/paperloft-chips/build/DerivedData/Build/Intermediates.noindex/Paperloft.build/Debug/PaperloftApp.build/Paperloft\ Receipts-DebugDylibPath-normal-arm64.txt (in target 'PaperloftApp' from project 'Paperloft')
    cd /Users/builder/Factory/paperloft-chips
    write-file /Users/builder/Factory/paperloft-chips/build/DerivedData/Build/Intermediates.noindex/Paperloft.build/Debug/PaperloftApp.build/Paperloft\ Receipts-DebugDylibPath-normal-arm64.txt

WriteAuxiliaryFile /Users/builder/Factory/paperloft-chips/build/DerivedData/Build/Intermediates.noindex/Paperloft.build/Debug/PaperloftApp.build/Paperloft\ Receipts-DebugDylibInstallName-normal-arm64.txt (in target 'PaperloftApp' from project 'Paperloft')
    cd /Users/builder/Factory/paperloft-chips
    write-file /Users/builder/Factory/paperloft-chips/build/DerivedData/Build/Intermediates.noindex/Paperloft.build/Debug/PaperloftApp.build/Paperloft\ Receipts-DebugDylibInstallName-normal-arm64.txt

WriteAuxiliaryFile /Users/builder/Factory/paperloft-chips/build/DerivedData/Build/Intermediates.noindex/Paperloft.build/Debug/PaperloftApp.build/Objects-normal/arm64/PaperloftApp-OutputFileMap.json (in target 'PaperloftApp' from project 'Paperloft')
    cd /Users/builder/Factory/paperloft-chips
    write-file /Users/builder/Factory/paperloft-chips/build/DerivedData/Build/Intermediates.noindex/Paperloft.build/Debug/PaperloftApp.build/Objects-normal/arm64/PaperloftApp-OutputFileMap.json

WriteAuxiliaryFile /Users/builder/Factory/paperloft-chips/build/DerivedData/Build/Intermediates.noindex/Paperloft.build/Debug/PaperloftApp.build/Objects-normal/arm64/PaperloftApp_const_extract_protocols.json (in target 'PaperloftApp' from project 'Paperloft')
    cd /Users/builder/Factory/paperloft-chips
    write-file /Users/builder/Factory/paperloft-chips/build/DerivedData/Build/Intermediates.noindex/Paperloft.build/Debug/PaperloftApp.build/Objects-normal/arm64/PaperloftApp_const_extract_protocols.json

WriteAuxiliaryFile /Users/builder/Factory/paperloft-chips/build/DerivedData/Build/Intermediates.noindex/Paperloft.build/Debug/PaperloftApp.build/Objects-normal/arm64/Paperloft\ Receipts.SwiftFileList (in target 'PaperloftApp' from project 'Paperloft')
    cd /Users/builder/Factory/paperloft-chips
    write-file /Users/builder/Factory/paperloft-chips/build/DerivedData/Build/Intermediates.noindex/Paperloft.build/Debug/PaperloftApp.build/Objects-normal/arm64/Paperloft\ Receipts.SwiftFileList

WriteAuxiliaryFile /Users/builder/Factory/paperloft-chips/build/DerivedData/Build/Intermediates.noindex/Paperloft.build/Debug/PaperloftApp.build/Objects-normal/arm64/Paperloft\ Receipts.SwiftConstValuesFileList (in target 'PaperloftApp' from project 'Paperloft')
    cd /Users/builder/Factory/paperloft-chips
    write-file /Users/builder/Factory/paperloft-chips/build/DerivedData/Build/Intermediates.noindex/Paperloft.build/Debug/PaperloftApp.build/Objects-normal/arm64/Paperloft\ Receipts.SwiftConstValuesFileList

WriteAuxiliaryFile /Users/builder/Factory/paperloft-chips/build/DerivedData/Build/Intermediates.noindex/Paperloft.build/Debug/PaperloftApp.build/Objects-normal/arm64/Paperloft\ Receipts.LinkFileList (in target 'PaperloftApp' from project 'Paperloft')
    cd /Users/builder/Factory/paperloft-chips
    write-file /Users/builder/Factory/paperloft-chips/build/DerivedData/Build/Intermediates.noindex/Paperloft.build/Debug/PaperloftApp.build/Objects-normal/arm64/Paperloft\ Receipts.LinkFileList

WriteAuxiliaryFile /Users/builder/Factory/paperloft-chips/build/DerivedData/Build/Intermediates.noindex/Paperloft.build/Debug/PaperloftApp.build/DerivedSources/Entitlements.plist (in target 'PaperloftApp' from project 'Paperloft')
    cd /Users/builder/Factory/paperloft-chips
    write-file /Users/builder/Factory/paperloft-chips/build/DerivedData/Build/Intermediates.noindex/Paperloft.build/Debug/PaperloftApp.build/DerivedSources/Entitlements.plist

MkDir /Users/builder/Factory/paperloft-chips/build/DerivedData/Build/Products/Debug/PaperloftShare.appex/Contents/MacOS (in target 'PaperloftShare' from project 'Paperloft')
    cd /Users/builder/Factory/paperloft-chips
    /bin/mkdir -p /Users/builder/Factory/paperloft-chips/build/DerivedData/Build/Products/Debug/PaperloftShare.appex/Contents/MacOS

MkDir /Users/builder/Factory/paperloft-chips/build/DerivedData/Build/Products/Debug/PaperloftShare.appex/Contents/Resources (in target 'PaperloftShare' from project 'Paperloft')
    cd /Users/builder/Factory/paperloft-chips
    /bin/mkdir -p /Users/builder/Factory/paperloft-chips/build/DerivedData/Build/Products/Debug/PaperloftShare.appex/Contents/Resources

MkDir /Users/builder/Factory/paperloft-chips/build/DerivedData/Build/Products/Debug/PaperloftShare.appex/Contents (in target 'PaperloftShare' from project 'Paperloft')
    cd /Users/builder/Factory/paperloft-chips
    /bin/mkdir -p /Users/builder/Factory/paperloft-chips/build/DerivedData/Build/Products/Debug/PaperloftShare.appex/Contents

MkDir /Users/builder/Factory/paperloft-chips/build/DerivedData/Build/Products/Debug/PaperloftShare.appex (in target 'PaperloftShare' from project 'Paperloft')
    cd /Users/builder/Factory/paperloft-chips
    /bin/mkdir -p /Users/builder/Factory/paperloft-chips/build/DerivedData/Build/Products/Debug/PaperloftShare.appex

MkDir /Users/builder/Factory/paperloft-chips/build/DerivedData/Build/Products/Debug/Paperloft\ Receipts.app/Contents/Resources (in target 'PaperloftApp' from project 'Paperloft')
    cd /Users/builder/Factory/paperloft-chips
    /bin/mkdir -p /Users/builder/Factory/paperloft-chips/build/DerivedData/Build/Products/Debug/Paperloft\ Receipts.app/Contents/Resources

MkDir /Users/builder/Factory/paperloft-chips/build/DerivedData/Build/Products/Debug/Paperloft\ Receipts.app/Contents/MacOS (in target 'PaperloftApp' from project 'Paperloft')
    cd /Users/builder/Factory/paperloft-chips
    /bin/mkdir -p /Users/builder/Factory/paperloft-chips/build/DerivedData/Build/Products/Debug/Paperloft\ Receipts.app/Contents/MacOS

MkDir /Users/builder/Factory/paperloft-chips/build/DerivedData/Build/Products/Debug/Paperloft\ Receipts.app/Contents (in target 'PaperloftApp' from project 'Paperloft')
    cd /Users/builder/Factory/paperloft-chips
    /bin/mkdir -p /Users/builder/Factory/paperloft-chips/build/DerivedData/Build/Products/Debug/Paperloft\ Receipts.app/Contents

MkDir /Users/builder/Factory/paperloft-chips/build/DerivedData/Build/Products/Debug/Paperloft\ Receipts.app/Contents/PlugIns (in target 'PaperloftApp' from project 'Paperloft')
    cd /Users/builder/Factory/paperloft-chips
    /bin/mkdir -p /Users/builder/Factory/paperloft-chips/build/DerivedData/Build/Products/Debug/Paperloft\ Receipts.app/Contents/PlugIns

MkDir /Users/builder/Factory/paperloft-chips/build/DerivedData/Build/Products/Debug/Paperloft\ Receipts.app (in target 'PaperloftApp' from project 'Paperloft')
    cd /Users/builder/Factory/paperloft-chips
    /bin/mkdir -p /Users/builder/Factory/paperloft-chips/build/DerivedData/Build/Products/Debug/Paperloft\ Receipts.app

SwiftDriver PaperloftHandoff normal arm64 com.apple.xcode.tools.swift.compiler (in target 'PaperloftHandoff' from project 'PaperloftHandoff')
    cd /Users/builder/Factory/paperloft-chips/Paperloft.xcodeproj
    builtin-SwiftDriver -- /Applications/Xcode.app/Contents/Developer/Toolchains/XcodeDefault.xctoolchain/usr/bin/swiftc -parse-as-library -module-name PaperloftHandoff -Onone @/Users/builder/Factory/paperloft-chips/build/DerivedData/Build/Intermediates.noindex/PaperloftHandoff.build/Debug/PaperloftHandoff-t.build/Objects-normal/arm64/PaperloftHandoff.SwiftFileList -DSWIFT_PACKAGE -DDEBUG -DSWIFT_MODULE_RESOURCE_BUNDLE_UNAVAILABLE -DXcode -plugin-path /Applications/Xcode.app/Contents/Developer/Toolchains/XcodeDefault.xctoolchain/usr/lib/swift/host/plugins/testing -enable-experimental-feature DebugDescriptionMacro -sdk /Applications/Xcode.app/Contents/Developer/Platforms/MacOSX.platform/Developer/SDKs/MacOSX27.0.sdk -target arm64-apple-macos13.0 -g -module-cache-path /Users/builder/Factory/paperloft-chips/build/DerivedData/ModuleCache.noindex -Xfrontend -serialize-debugging-options -profile-coverage-mapping -profile-generate -enable-testing -warnings-as-errors -index-store-path /Users/builder/Factory/paperloft-chips/build/DerivedData/Index.noindex/DataStore -Xcc -D_LIBCPP_HARDENING_MODE\=_LIBCPP_HARDENING_MODE_DEBUG -swift-version 6 -I /Users/builder/Factory/paperloft-chips/build/DerivedData/Build/Products/Debug -Isystem /Applications/Xcode.app/Contents/Developer/Platforms/MacOSX.platform/Developer/usr/lib -F /Users/builder/Factory/paperloft-chips/build/DerivedData/Build/Products/Debug -F /Applications/Xcode.app/Contents/Developer/Platforms/MacOSX.platform/Developer/Library/Frameworks -c -j10 -enable-batch-mode -incremental -Xcc -ivfsstatcache -Xcc /Users/builder/Factory/paperloft-chips/build/DerivedData/SDKStatCaches.noindex/macosx27.0-26A425-7231f6df4def33e022ae2eb8f782df1a.sdkstatcache -output-file-map /Users/builder/Factory/paperloft-chips/build/DerivedData/Build/Intermediates.noindex/PaperloftHandoff.build/Debug/PaperloftHandoff-t.build/Objects-normal/arm64/PaperloftHandoff-OutputFileMap.json -save-temps -no-color-diagnostics -explicit-module-build -module-cache-path /Users/builder/Factory/paperloft-chips/build/DerivedData/Build/Intermediates.noindex/SwiftExplicitPrecompiledModules -clang-scanner-module-cache-path /Users/builder/Factory/paperloft-chips/build/DerivedData/ModuleCache.noindex -sdk-module-cache-path /Users/builder/Factory/paperloft-chips/build/DerivedData/SDKExplicitPrecompiledModules -emit-dependencies -emit-module -emit-module-path /Users/builder/Factory/paperloft-chips/build/DerivedData/Build/Intermediates.noindex/PaperloftHandoff.build/Debug/PaperloftHandoff-t.build/Objects-normal/arm64/PaperloftHandoff.swiftmodule -serialize-diagnostics -dependency-scan-serialize-diagnostics-path /Users/builder/Factory/paperloft-chips/build/DerivedData/Build/Intermediates.noindex/PaperloftHandoff.build/Debug/PaperloftHandoff-t.build/Objects-normal/arm64/PaperloftHandoff-dependency-scan.dia -validate-clang-modules-once -clang-build-session-file /Users/builder/Factory/paperloft-chips/build/DerivedData/ModuleCache.noindex/Session.modulevalidation -Xcc -fmodules-prune-interval\=86400 -Xcc -fmodules-prune-after\=345600 -package-name paperlofthandoff -emit-const-values -const-gather-protocols-list /Users/builder/Factory/paperloft-chips/build/DerivedData/Build/Intermediates.noindex/PaperloftHandoff.build/Debug/PaperloftHandoff-t.build/Objects-normal/arm64/PaperloftHandoff_const_extract_protocols.json -Xcc -I/Users/builder/Factory/paperloft-chips/build/DerivedData/Build/Products/Debug/include -Xcc -I/Users/builder/Factory/paperloft-chips/build/DerivedData/Build/Intermediates.noindex/PaperloftHandoff.build/Debug/PaperloftHandoff-t.build/DerivedSources-normal/arm64 -Xcc -I/Users/builder/Factory/paperloft-chips/build/DerivedData/Build/Intermediates.noindex/PaperloftHandoff.build/Debug/PaperloftHandoff-t.build/DerivedSources/arm64 -Xcc -I/Users/builder/Factory/paperloft-chips/build/DerivedData/Build/Intermediates.noindex/PaperloftHandoff.build/Debug/PaperloftHandoff-t.build/DerivedSources -Xcc -DSWIFT_PACKAGE -Xcc -DDEBUG\=1 -emit-objc-header -emit-objc-header-path /Users/builder/Factory/paperloft-chips/build/DerivedData/Build/Intermediates.noindex/PaperloftHandoff.build/Debug/PaperloftHandoff-t.build/Objects-normal/arm64/PaperloftHandoff-Swift.h -working-directory /Users/builder/Factory/paperloft-chips/Paperloft.xcodeproj -experimental-emit-module-separately -disable-cmo

SwiftDriver PaperloftKit normal arm64 com.apple.xcode.tools.swift.compiler (in target 'PaperloftKit' from project 'PaperloftKit')
    cd /Users/builder/Factory/paperloft-chips/Paperloft.xcodeproj
    builtin-SwiftDriver -- /Applications/Xcode.app/Contents/Developer/Toolchains/XcodeDefault.xctoolchain/usr/bin/swiftc -parse-as-library -module-name PaperloftKit -Onone @/Users/builder/Factory/paperloft-chips/build/DerivedData/Build/Intermediates.noindex/PaperloftKit.build/Debug/PaperloftKit-t.build/Objects-normal/arm64/PaperloftKit.SwiftFileList -DSWIFT_PACKAGE -DDEBUG -DSWIFT_MODULE_RESOURCE_BUNDLE_UNAVAILABLE -DXcode -plugin-path /Applications/Xcode.app/Contents/Developer/Toolchains/XcodeDefault.xctoolchain/usr/lib/swift/host/plugins/testing -enable-experimental-feature DebugDescriptionMacro -sdk /Applications/Xcode.app/Contents/Developer/Platforms/MacOSX.platform/Developer/SDKs/MacOSX27.0.sdk -target arm64-apple-macos27.0 -g -module-cache-path /Users/builder/Factory/paperloft-chips/build/DerivedData/ModuleCache.noindex -Xfrontend -serialize-debugging-options -profile-coverage-mapping -profile-generate -enable-testing -warnings-as-errors -index-store-path /Users/builder/Factory/paperloft-chips/build/DerivedData/Index.noindex/DataStore -Xcc -D_LIBCPP_HARDENING_MODE\=_LIBCPP_HARDENING_MODE_DEBUG -swift-version 6 -I /Users/builder/Factory/paperloft-chips/build/DerivedData/Build/Products/Debug -Isystem /Applications/Xcode.app/Contents/Developer/Platforms/MacOSX.platform/Developer/usr/lib -F /Users/builder/Factory/paperloft-chips/build/DerivedData/Build/Products/Debug -F /Applications/Xcode.app/Contents/Developer/Platforms/MacOSX.platform/Developer/Library/Frameworks -c -j10 -enable-batch-mode -incremental -Xcc -ivfsstatcache -Xcc /Users/builder/Factory/paperloft-chips/build/DerivedData/SDKStatCaches.noindex/macosx27.0-26A425-7231f6df4def33e022ae2eb8f782df1a.sdkstatcache -output-file-map /Users/builder/Factory/paperloft-chips/build/DerivedData/Build/Intermediates.noindex/PaperloftKit.build/Debug/PaperloftKit-t.build/Objects-normal/arm64/PaperloftKit-OutputFileMap.json -save-temps -no-color-diagnostics -explicit-module-build -module-cache-path /Users/builder/Factory/paperloft-chips/build/DerivedData/Build/Intermediates.noindex/SwiftExplicitPrecompiledModules -clang-scanner-module-cache-path /Users/builder/Factory/paperloft-chips/build/DerivedData/ModuleCache.noindex -sdk-module-cache-path /Users/builder/Factory/paperloft-chips/build/DerivedData/SDKExplicitPrecompiledModules -emit-dependencies -emit-module -emit-module-path /Users/builder/Factory/paperloft-chips/build/DerivedData/Build/Intermediates.noindex/PaperloftKit.build/Debug/PaperloftKit-t.build/Objects-normal/arm64/PaperloftKit.swiftmodule -serialize-diagnostics -dependency-scan-serialize-diagnostics-path /Users/builder/Factory/paperloft-chips/build/DerivedData/Build/Intermediates.noindex/PaperloftKit.build/Debug/PaperloftKit-t.build/Objects-normal/arm64/PaperloftKit-dependency-scan.dia -validate-clang-modules-once -clang-build-session-file /Users/builder/Factory/paperloft-chips/build/DerivedData/ModuleCache.noindex/Session.modulevalidation -Xcc -fmodules-prune-interval\=86400 -Xcc -fmodules-prune-after\=345600 -package-name paperloftkit -emit-const-values -const-gather-protocols-list /Users/builder/Factory/paperloft-chips/build/DerivedData/Build/Intermediates.noindex/PaperloftKit.build/Debug/PaperloftKit-t.build/Objects-normal/arm64/PaperloftKit_const_extract_protocols.json -Xcc -I/Users/builder/Factory/paperloft-chips/build/DerivedData/Build/Products/Debug/include -Xcc -I/Users/builder/Factory/paperloft-chips/build/DerivedData/Build/Intermediates.noindex/PaperloftKit.build/Debug/PaperloftKit-t.build/DerivedSources-normal/arm64 -Xcc -I/Users/builder/Factory/paperloft-chips/build/DerivedData/Build/Intermediates.noindex/PaperloftKit.build/Debug/PaperloftKit-t.build/DerivedSources/arm64 -Xcc -I/Users/builder/Factory/paperloft-chips/build/DerivedData/Build/Intermediates.noindex/PaperloftKit.build/Debug/PaperloftKit-t.build/DerivedSources -Xcc -DSWIFT_PACKAGE -Xcc -DDEBUG\=1 -emit-objc-header -emit-objc-header-path /Users/builder/Factory/paperloft-chips/build/DerivedData/Build/Intermediates.noindex/PaperloftKit.build/Debug/PaperloftKit-t.build/Objects-normal/arm64/PaperloftKit-Swift.h -working-directory /Users/builder/Factory/paperloft-chips/Paperloft.xcodeproj -experimental-emit-module-separately -disable-cmo

SwiftExplicitDependencyGeneratePcm arm64 /Users/builder/Factory/paperloft-chips/build/DerivedData/SDKExplicitPrecompiledModules/_AvailabilityInternal-8EBOMZ5OT0TVCQEJDVDBJ08CG.pcm

SwiftExplicitDependencyGeneratePcm arm64 /Users/builder/Factory/paperloft-chips/build/DerivedData/SDKExplicitPrecompiledModules/_Builtin_float-93CKTOXYFPRLD570ZIRQ3VKWG.pcm

SwiftExplicitDependencyGeneratePcm arm64 /Users/builder/Factory/paperloft-chips/build/DerivedData/SDKExplicitPrecompiledModules/_Builtin_stddef-13LP916P85YE0A4OJHGKOY78O.pcm

SwiftExplicitDependencyGeneratePcm arm64 /Users/builder/Factory/paperloft-chips/build/DerivedData/SDKExplicitPrecompiledModules/_Builtin_stdbool-8IZZQEU4V45OJ07CF0AUA76XH.pcm

SwiftExplicitDependencyGeneratePcm arm64 /Users/builder/Factory/paperloft-chips/build/DerivedData/SDKExplicitPrecompiledModules/_Builtin_stdarg-4N5O650U8LHJK5CUE2PC3D98T.pcm

SwiftExplicitDependencyGeneratePcm arm64 /Users/builder/Factory/paperloft-chips/build/DerivedData/SDKExplicitPrecompiledModules/ptrauth-8NQ75NF46ZX6451CS4K0HY5GY.pcm

SwiftExplicitDependencyGeneratePcm arm64 /Users/builder/Factory/paperloft-chips/build/DerivedData/SDKExplicitPrecompiledModules/_SwiftConcurrencyShims-57OOJCOVB3032GRD6BKGRCC0D.pcm

SwiftExplicitDependencyGeneratePcm arm64 /Users/builder/Factory/paperloft-chips/build/DerivedData/SDKExplicitPrecompiledModules/SwiftShims-4KMEZ32MHCNFSDDCALFV5OVTL.pcm

SwiftExplicitDependencyGeneratePcm arm64 /Users/builder/Factory/paperloft-chips/build/DerivedData/SDKExplicitPrecompiledModules/ptrcheck-3PV592EZG7U0JFLXV6I2VLVY9.pcm

SwiftExplicitDependencyGeneratePcm arm64 /Users/builder/Factory/paperloft-chips/build/DerivedData/SDKExplicitPrecompiledModules/_DarwinFoundation1-EV8SA9ZWHPQ1W61KLL1C9Y2WY.pcm

SwiftExplicitDependencyGeneratePcm arm64 /Users/builder/Factory/paperloft-chips/build/DerivedData/SDKExplicitPrecompiledModules/_Builtin_limits-7460GURK50353C8H66SLBTLAY.pcm

SwiftExplicitDependencyGeneratePcm arm64 /Users/builder/Factory/paperloft-chips/build/DerivedData/SDKExplicitPrecompiledModules/_DarwinFoundation2-8PDDMWCF3519D7ZMB9UWVEIRT.pcm

SwiftExplicitDependencyGeneratePcm arm64 /Users/builder/Factory/paperloft-chips/build/DerivedData/SDKExplicitPrecompiledModules/_Builtin_limits-7460GURK50353C8H66SLBTLAY.pcm

SwiftExplicitDependencyGeneratePcm arm64 /Users/builder/Factory/paperloft-chips/build/DerivedData/SDKExplicitPrecompiledModules/_DarwinFoundation2-8PDDMWCF3519D7ZMB9UWVEIRT.pcm

SwiftExplicitDependencyGeneratePcm arm64 /Users/builder/Factory/paperloft-chips/build/DerivedData/SDKExplicitPrecompiledModules/DeveloperToolsSupport-80ODSXWOM76LWMP2E1HBMJPWU.pcm

SwiftExplicitDependencyGeneratePcm arm64 /Users/builder/Factory/paperloft-chips/build/DerivedData/SDKExplicitPrecompiledModules/_Builtin_stdint-CME1D1CLHTTK6483Y9VQHD216.pcm

SwiftExplicitDependencyGeneratePcm arm64 /Users/builder/Factory/paperloft-chips/build/DerivedData/SDKExplicitPrecompiledModules/string_h-5MXEJJMIBJ0MPPKM4LMZI3E0K.pcm

SwiftExplicitDependencyGeneratePcm arm64 /Users/builder/Factory/paperloft-chips/build/DerivedData/SDKExplicitPrecompiledModules/sys_types-DL5MJR4V798DOS087CFGN9RYE.pcm

SwiftExplicitDependencyGeneratePcm arm64 /Users/builder/Factory/paperloft-chips/build/DerivedData/SDKExplicitPrecompiledModules/_DarwinFoundation3-C02JPFRAG2KGYP92P0MULVIZ7.pcm

SwiftExplicitDependencyGeneratePcm arm64 /Users/builder/Factory/paperloft-chips/build/DerivedData/SDKExplicitPrecompiledModules/libDER-1A9DH11YDSAQB8CTNWQI9F66Q.pcm

SwiftExplicitDependencyGeneratePcm arm64 /Users/builder/Factory/paperloft-chips/build/DerivedData/SDKExplicitPrecompiledModules/_Builtin_tgmath-BLJSUV73F0P2KEE9M9NCHFD01.pcm

SwiftExplicitDependencyGeneratePcm arm64 /Users/builder/Factory/paperloft-chips/build/DerivedData/SDKExplicitPrecompiledModules/_Builtin_stdint-CME1D1CLHTTK6483Y9VQHD216.pcm

SwiftExplicitDependencyGeneratePcm arm64 /Users/builder/Factory/paperloft-chips/build/DerivedData/SDKExplicitPrecompiledModules/string_h-5MXEJJMIBJ0MPPKM4LMZI3E0K.pcm

SwiftExplicitDependencyGeneratePcm arm64 /Users/builder/Factory/paperloft-chips/build/DerivedData/SDKExplicitPrecompiledModules/sys_types-DL5MJR4V798DOS087CFGN9RYE.pcm

SwiftExplicitDependencyGeneratePcm arm64 /Users/builder/Factory/paperloft-chips/build/DerivedData/SDKExplicitPrecompiledModules/_Builtin_inttypes-EC1996AGVZWSXU21L5NPYVTOE.pcm

SwiftExplicitDependencyGeneratePcm arm64 /Users/builder/Factory/paperloft-chips/build/DerivedData/SDKExplicitPrecompiledModules/_DarwinFoundation3-C02JPFRAG2KGYP92P0MULVIZ7.pcm

SwiftExplicitDependencyGeneratePcm arm64 /Users/builder/Factory/paperloft-chips/build/DerivedData/SDKExplicitPrecompiledModules/libDER-1A9DH11YDSAQB8CTNWQI9F66Q.pcm

SwiftExplicitDependencyGeneratePcm arm64 /Users/builder/Factory/paperloft-chips/build/DerivedData/SDKExplicitPrecompiledModules/_Builtin_stdatomic-3FNE8L550JI3O7GT5O76RXMUL.pcm

SwiftExplicitDependencyGeneratePcm arm64 /Users/builder/Factory/paperloft-chips/build/DerivedData/SDKExplicitPrecompiledModules/_Builtin_intrinsics-1AQEDOK89U7JZJIUOJFEVQFWW.pcm

SwiftExplicitDependencyGeneratePcm arm64 /Users/builder/Factory/paperloft-chips/build/DerivedData/SDKExplicitPrecompiledModules/Darwin-EBDQZ9RF7A4TDAALGZDK4O4QJ.pcm

SwiftExplicitDependencyGeneratePcm arm64 /Users/builder/Factory/paperloft-chips/build/DerivedData/SDKExplicitPrecompiledModules/_Builtin_inttypes-EC1996AGVZWSXU21L5NPYVTOE.pcm

SwiftExplicitDependencyGeneratePcm arm64 /Users/builder/Factory/paperloft-chips/build/DerivedData/SDKExplicitPrecompiledModules/Darwin-EBDQZ9RF7A4TDAALGZDK4O4QJ.pcm

SwiftExplicitDependencyGeneratePcm arm64 /Users/builder/Factory/paperloft-chips/build/DerivedData/SDKExplicitPrecompiledModules/simd-2RCP4CHC19GKV5R1XULHIIH5W.pcm

SwiftExplicitDependencyGeneratePcm arm64 /Users/builder/Factory/paperloft-chips/build/DerivedData/SDKExplicitPrecompiledModules/libkern-ED22OMRPAGU0HNZG8DZB3CA3T.pcm

SwiftExplicitDependencyGeneratePcm arm64 /Users/builder/Factory/paperloft-chips/build/DerivedData/SDKExplicitPrecompiledModules/launch-4LXBVPD473GA6AHDXW7D3JPHJ.pcm

SwiftExplicitDependencyGeneratePcm arm64 /Users/builder/Factory/paperloft-chips/build/DerivedData/SDKExplicitPrecompiledModules/MachO-189W7UH1AKY77GKYWBDKKQQ1M.pcm

SwiftExplicitDependencyGeneratePcm arm64 /Users/builder/Factory/paperloft-chips/build/DerivedData/SDKExplicitPrecompiledModules/ObjectiveC-8TIXK89HSXV1NB2X7X9RS6MQU.pcm

SwiftExplicitDependencyGeneratePcm arm64 /Users/builder/Factory/paperloft-chips/build/DerivedData/SDKExplicitPrecompiledModules/Compression-75X68HP6H9OBKVK03WIG5S9B3.pcm

SwiftExplicitDependencyGeneratePcm arm64 /Users/builder/Factory/paperloft-chips/build/DerivedData/SDKExplicitPrecompiledModules/libkern-ED22OMRPAGU0HNZG8DZB3CA3T.pcm

SwiftExplicitDependencyGeneratePcm arm64 /Users/builder/Factory/paperloft-chips/build/DerivedData/SDKExplicitPrecompiledModules/launch-4LXBVPD473GA6AHDXW7D3JPHJ.pcm

SwiftExplicitDependencyGeneratePcm arm64 /Users/builder/Factory/paperloft-chips/build/DerivedData/SDKExplicitPrecompiledModules/CUPS-29GE225BQE9WFQW799PHJFVD0.pcm

SwiftExplicitDependencyGeneratePcm arm64 /Users/builder/Factory/paperloft-chips/build/DerivedData/SDKExplicitPrecompiledModules/MachO-189W7UH1AKY77GKYWBDKKQQ1M.pcm

SwiftExplicitDependencyGeneratePcm arm64 /Users/builder/Factory/paperloft-chips/build/DerivedData/SDKExplicitPrecompiledModules/os_object-DSWCYU26YPSKZTXKIDYRR4XAM.pcm

SwiftExplicitDependencyGeneratePcm arm64 /Users/builder/Factory/paperloft-chips/build/DerivedData/SDKExplicitPrecompiledModules/ObjectiveC-8TIXK89HSXV1NB2X7X9RS6MQU.pcm

SwiftExplicitDependencyGeneratePcm arm64 /Users/builder/Factory/paperloft-chips/build/DerivedData/SDKExplicitPrecompiledModules/Spatial-8M3KDL979L7S2KLLC0JLR0F9O.pcm

SwiftExplicitDependencyGeneratePcm arm64 /Users/builder/Factory/paperloft-chips/build/DerivedData/SDKExplicitPrecompiledModules/os_workgroup-1VGEFIPL14OAGF1U2XSYPPJG3.pcm

SwiftExplicitDependencyGeneratePcm arm64 /Users/builder/Factory/paperloft-chips/build/DerivedData/SDKExplicitPrecompiledModules/os_object-DSWCYU26YPSKZTXKIDYRR4XAM.pcm

SwiftExplicitDependencyGeneratePcm arm64 /Users/builder/Factory/paperloft-chips/build/DerivedData/SDKExplicitPrecompiledModules/Dispatch-1NF58CXC6BGSVQD75M8VL6TKG.pcm

SwiftExplicitDependencyGeneratePcm arm64 /Users/builder/Factory/paperloft-chips/build/DerivedData/SDKExplicitPrecompiledModules/os_workgroup-1VGEFIPL14OAGF1U2XSYPPJG3.pcm

SwiftExplicitDependencyGeneratePcm arm64 /Users/builder/Factory/paperloft-chips/build/DerivedData/SDKExplicitPrecompiledModules/CoreFoundation-31L3VFJYPTTHPSENMQTSH2HP8.pcm

SwiftExplicitDependencyGeneratePcm arm64 /Users/builder/Factory/paperloft-chips/build/DerivedData/SDKExplicitPrecompiledModules/XPC-YJ8AFRHM4VIGUW7MSGTN7F1L.pcm

SwiftExplicitDependencyGeneratePcm arm64 /Users/builder/Factory/paperloft-chips/build/DerivedData/SDKExplicitPrecompiledModules/Dispatch-1NF58CXC6BGSVQD75M8VL6TKG.pcm

SwiftExplicitDependencyGeneratePcm arm64 /Users/builder/Factory/paperloft-chips/build/DerivedData/SDKExplicitPrecompiledModules/CoreFoundation-31L3VFJYPTTHPSENMQTSH2HP8.pcm

SwiftExplicitDependencyGeneratePcm arm64 /Users/builder/Factory/paperloft-chips/build/DerivedData/SDKExplicitPrecompiledModules/XPC-YJ8AFRHM4VIGUW7MSGTN7F1L.pcm

SwiftExplicitDependencyGeneratePcm arm64 /Users/builder/Factory/paperloft-chips/build/DerivedData/SDKExplicitPrecompiledModules/IOKit-E3DTSS0VJJDII79F7N7I8HI5H.pcm

SwiftExplicitDependencyGeneratePcm arm64 /Users/builder/Factory/paperloft-chips/build/DerivedData/SDKExplicitPrecompiledModules/CFNetwork-E98P7G4UJF7OF6MRO61Y2OKRZ.pcm

SwiftExplicitDependencyGeneratePcm arm64 /Users/builder/Factory/paperloft-chips/build/DerivedData/SDKExplicitPrecompiledModules/Security-E40QMEE5M4LDDZ0L8M06R9QHQ.pcm

SwiftExplicitDependencyGeneratePcm arm64 /Users/builder/Factory/paperloft-chips/build/DerivedData/SDKExplicitPrecompiledModules/os-AOZAGDJ6IWN0MFP1AXCTIXWYW.pcm

SwiftExplicitDependencyGeneratePcm arm64 /Users/builder/Factory/paperloft-chips/build/DerivedData/SDKExplicitPrecompiledModules/CoreAudioTypes-D44VBJ07069LL8TSCJKBSNAU9.pcm

SwiftExplicitDependencyGeneratePcm arm64 /Users/builder/Factory/paperloft-chips/build/DerivedData/SDKExplicitPrecompiledModules/CFNetwork-E98P7G4UJF7OF6MRO61Y2OKRZ.pcm

SwiftExplicitDependencyGeneratePcm arm64 /Users/builder/Factory/paperloft-chips/build/DerivedData/SDKExplicitPrecompiledModules/Security-E40QMEE5M4LDDZ0L8M06R9QHQ.pcm

SwiftExplicitDependencyGeneratePcm arm64 /Users/builder/Factory/paperloft-chips/build/DerivedData/SDKExplicitPrecompiledModules/ColorSync-EM8VSOGM3Z1QGZXCDV3U7NG7R.pcm

SwiftExplicitDependencyGeneratePcm arm64 /Users/builder/Factory/paperloft-chips/build/DerivedData/SDKExplicitPrecompiledModules/IOKit-E3DTSS0VJJDII79F7N7I8HI5H.pcm

SwiftExplicitDependencyGeneratePcm arm64 /Users/builder/Factory/paperloft-chips/build/DerivedData/SDKExplicitPrecompiledModules/DiskArbitration-6LTK9MAZQZJDA0YN5KF0I7A35.pcm

SwiftExplicitDependencyGeneratePcm arm64 /Users/builder/Factory/paperloft-chips/build/DerivedData/SDKExplicitPrecompiledModules/CoreServices-11JLXVV4VLHY7ZIIF3WCV7LH3.pcm

SwiftExplicitDependencyGeneratePcm arm64 /Users/builder/Factory/paperloft-chips/build/DerivedData/SDKExplicitPrecompiledModules/CoreGraphics-5DGIW1O586HQA2NBZTF2M3BFS.pcm

SwiftExplicitDependencyGeneratePcm arm64 /Users/builder/Factory/paperloft-chips/build/DerivedData/SDKExplicitPrecompiledModules/DiskArbitration-6LTK9MAZQZJDA0YN5KF0I7A35.pcm

SwiftExplicitDependencyGeneratePcm arm64 /Users/builder/Factory/paperloft-chips/build/DerivedData/SDKExplicitPrecompiledModules/CoreServices-11JLXVV4VLHY7ZIIF3WCV7LH3.pcm

SwiftExplicitDependencyGeneratePcm arm64 /Users/builder/Factory/paperloft-chips/build/DerivedData/SDKExplicitPrecompiledModules/ImageIO-DZ3D46YX05H8BGLKFPR5NRU1O.pcm

SwiftExplicitDependencyGeneratePcm arm64 /Users/builder/Factory/paperloft-chips/build/DerivedData/SDKExplicitPrecompiledModules/CoreText-D3CWGKLMJ2J3AVGCPIRZQJVIZ.pcm

SwiftExplicitDependencyGeneratePcm arm64 /Users/builder/Factory/paperloft-chips/build/DerivedData/SDKExplicitPrecompiledModules/Foundation-5PFIVCZ6K4UQT5IFVWI2HUKMU.pcm

SwiftExplicitDependencyGeneratePcm arm64 /Users/builder/Factory/paperloft-chips/build/DerivedData/SDKExplicitPrecompiledModules/Foundation-5PFIVCZ6K4UQT5IFVWI2HUKMU.pcm

SwiftEmitModule normal arm64 Emitting\ module\ for\ PaperloftHandoff (in target 'PaperloftHandoff' from project 'PaperloftHandoff')

SwiftCompile normal arm64 (in target 'PaperloftHandoff' from project 'PaperloftHandoff')
    cd /Users/builder/Factory/paperloft-chips/Paperloft.xcodeproj
    

SwiftCompile normal arm64 Compiling\ HandoffFileCopy.swift /Users/builder/Factory/paperloft-chips/Packages/PaperloftHandoff/Sources/PaperloftHandoff/HandoffFileCopy.swift (in target 'PaperloftHandoff' from project 'PaperloftHandoff')

SwiftCompile normal arm64 /Users/builder/Factory/paperloft-chips/Packages/PaperloftHandoff/Sources/PaperloftHandoff/HandoffFileCopy.swift (in target 'PaperloftHandoff' from project 'PaperloftHandoff')
    cd /Users/builder/Factory/paperloft-chips/Paperloft.xcodeproj
    builtin-SwiftPerFileCompile HandoffFileCopy.swift

SwiftCompile normal arm64 Compiling\ HandoffStore.swift /Users/builder/Factory/paperloft-chips/Packages/PaperloftHandoff/Sources/PaperloftHandoff/HandoffStore.swift (in target 'PaperloftHandoff' from project 'PaperloftHandoff')

SwiftCompile normal arm64 /Users/builder/Factory/paperloft-chips/Packages/PaperloftHandoff/Sources/PaperloftHandoff/HandoffStore.swift (in target 'PaperloftHandoff' from project 'PaperloftHandoff')
    cd /Users/builder/Factory/paperloft-chips/Paperloft.xcodeproj
    builtin-SwiftPerFileCompile HandoffStore.swift

SwiftCompile normal arm64 Compiling\ HandoffConsumerLease.swift /Users/builder/Factory/paperloft-chips/Packages/PaperloftHandoff/Sources/PaperloftHandoff/HandoffConsumerLease.swift (in target 'PaperloftHandoff' from project 'PaperloftHandoff')

SwiftCompile normal arm64 /Users/builder/Factory/paperloft-chips/Packages/PaperloftHandoff/Sources/PaperloftHandoff/HandoffConsumerLease.swift (in target 'PaperloftHandoff' from project 'PaperloftHandoff')
    cd /Users/builder/Factory/paperloft-chips/Paperloft.xcodeproj
    builtin-SwiftPerFileCompile HandoffConsumerLease.swift

SwiftExplicitDependencyGeneratePcm arm64 /Users/builder/Factory/paperloft-chips/build/DerivedData/SDKExplicitPrecompiledModules/Symbols-CN8JK9HMZMXT34B4HT8YH92UA.pcm

SwiftExplicitDependencyGeneratePcm arm64 /Users/builder/Factory/paperloft-chips/build/DerivedData/SDKExplicitPrecompiledModules/LocalAuthentication-3CVQIX0TNQW3S1OURL3I4GURI.pcm

SwiftExplicitDependencyGeneratePcm arm64 /Users/builder/Factory/paperloft-chips/build/DerivedData/SDKExplicitPrecompiledModules/Accessibility-3ZWTXWBZ3G9MU5LZJ5CTMZEER.pcm

SwiftExplicitDependencyGeneratePcm arm64 /Users/builder/Factory/paperloft-chips/build/DerivedData/SDKExplicitPrecompiledModules/CoreData-28O5LLJR5GK7T7KU4KB5K3RQE.pcm

SwiftExplicitDependencyGeneratePcm arm64 /Users/builder/Factory/paperloft-chips/build/DerivedData/SDKExplicitPrecompiledModules/CoreMIDI-26FGVYPPA90KWF4J38XQDSNN6.pcm

SwiftExplicitDependencyGeneratePcm arm64 /Users/builder/Factory/paperloft-chips/build/DerivedData/SDKExplicitPrecompiledModules/DataDetection-33AT14X7MY4HGTFYJ36OQ9C2N.pcm

SwiftExplicitDependencyGeneratePcm arm64 /Users/builder/Factory/paperloft-chips/build/DerivedData/SDKExplicitPrecompiledModules/CoreAudio-74GCL0ZK39X0VWFDY1LFIIUH9.pcm

SwiftDriverJobDiscovery normal arm64 Emitting module for PaperloftHandoff (in target 'PaperloftHandoff' from project 'PaperloftHandoff')

SwiftDriver\ Compilation\ Requirements PaperloftHandoff normal arm64 com.apple.xcode.tools.swift.compiler (in target 'PaperloftHandoff' from project 'PaperloftHandoff')
    cd /Users/builder/Factory/paperloft-chips/Paperloft.xcodeproj
    builtin-Swift-Compilation-Requirements -- /Applications/Xcode.app/Contents/Developer/Toolchains/XcodeDefault.xctoolchain/usr/bin/swiftc -parse-as-library -module-name PaperloftHandoff -Onone @/Users/builder/Factory/paperloft-chips/build/DerivedData/Build/Intermediates.noindex/PaperloftHandoff.build/Debug/PaperloftHandoff-t.build/Objects-normal/arm64/PaperloftHandoff.SwiftFileList -DSWIFT_PACKAGE -DDEBUG -DSWIFT_MODULE_RESOURCE_BUNDLE_UNAVAILABLE -DXcode -plugin-path /Applications/Xcode.app/Contents/Developer/Toolchains/XcodeDefault.xctoolchain/usr/lib/swift/host/plugins/testing -enable-experimental-feature DebugDescriptionMacro -sdk /Applications/Xcode.app/Contents/Developer/Platforms/MacOSX.platform/Developer/SDKs/MacOSX27.0.sdk -target arm64-apple-macos13.0 -g -module-cache-path /Users/builder/Factory/paperloft-chips/build/DerivedData/ModuleCache.noindex -Xfrontend -serialize-debugging-options -profile-coverage-mapping -profile-generate -enable-testing -warnings-as-errors -index-store-path /Users/builder/Factory/paperloft-chips/build/DerivedData/Index.noindex/DataStore -Xcc -D_LIBCPP_HARDENING_MODE\=_LIBCPP_HARDENING_MODE_DEBUG -swift-version 6 -I /Users/builder/Factory/paperloft-chips/build/DerivedData/Build/Products/Debug -Isystem /Applications/Xcode.app/Contents/Developer/Platforms/MacOSX.platform/Developer/usr/lib -F /Users/builder/Factory/paperloft-chips/build/DerivedData/Build/Products/Debug -F /Applications/Xcode.app/Contents/Developer/Platforms/MacOSX.platform/Developer/Library/Frameworks -c -j10 -enable-batch-mode -incremental -Xcc -ivfsstatcache -Xcc /Users/builder/Factory/paperloft-chips/build/DerivedData/SDKStatCaches.noindex/macosx27.0-26A425-7231f6df4def33e022ae2eb8f782df1a.sdkstatcache -output-file-map /Users/builder/Factory/paperloft-chips/build/DerivedData/Build/Intermediates.noindex/PaperloftHandoff.build/Debug/PaperloftHandoff-t.build/Objects-normal/arm64/PaperloftHandoff-OutputFileMap.json -save-temps -no-color-diagnostics -explicit-module-build -module-cache-path /Users/builder/Factory/paperloft-chips/build/DerivedData/Build/Intermediates.noindex/SwiftExplicitPrecompiledModules -clang-scanner-module-cache-path /Users/builder/Factory/paperloft-chips/build/DerivedData/ModuleCache.noindex -sdk-module-cache-path /Users/builder/Factory/paperloft-chips/build/DerivedData/SDKExplicitPrecompiledModules -emit-dependencies -emit-module -emit-module-path /Users/builder/Factory/paperloft-chips/build/DerivedData/Build/Intermediates.noindex/PaperloftHandoff.build/Debug/PaperloftHandoff-t.build/Objects-normal/arm64/PaperloftHandoff.swiftmodule -serialize-diagnostics -dependency-scan-serialize-diagnostics-path /Users/builder/Factory/paperloft-chips/build/DerivedData/Build/Intermediates.noindex/PaperloftHandoff.build/Debug/PaperloftHandoff-t.build/Objects-normal/arm64/PaperloftHandoff-dependency-scan.dia -validate-clang-modules-once -clang-build-session-file /Users/builder/Factory/paperloft-chips/build/DerivedData/ModuleCache.noindex/Session.modulevalidation -Xcc -fmodules-prune-interval\=86400 -Xcc -fmodules-prune-after\=345600 -package-name paperlofthandoff -emit-const-values -const-gather-protocols-list /Users/builder/Factory/paperloft-chips/build/DerivedData/Build/Intermediates.noindex/PaperloftHandoff.build/Debug/PaperloftHandoff-t.build/Objects-normal/arm64/PaperloftHandoff_const_extract_protocols.json -Xcc -I/Users/builder/Factory/paperloft-chips/build/DerivedData/Build/Products/Debug/include -Xcc -I/Users/builder/Factory/paperloft-chips/build/DerivedData/Build/Intermediates.noindex/PaperloftHandoff.build/Debug/PaperloftHandoff-t.build/DerivedSources-normal/arm64 -Xcc -I/Users/builder/Factory/paperloft-chips/build/DerivedData/Build/Intermediates.noindex/PaperloftHandoff.build/Debug/PaperloftHandoff-t.build/DerivedSources/arm64 -Xcc -I/Users/builder/Factory/paperloft-chips/build/DerivedData/Build/Intermediates.noindex/PaperloftHandoff.build/Debug/PaperloftHandoff-t.build/DerivedSources -Xcc -DSWIFT_PACKAGE -Xcc -DDEBUG\=1 -emit-objc-header -emit-objc-header-path /Users/builder/Factory/paperloft-chips/build/DerivedData/Build/Intermediates.noindex/PaperloftHandoff.build/Debug/PaperloftHandoff-t.build/Objects-normal/arm64/PaperloftHandoff-Swift.h -working-directory /Users/builder/Factory/paperloft-chips/Paperloft.xcodeproj -experimental-emit-module-separately -disable-cmo

SwiftExplicitDependencyGeneratePcm arm64 /Users/builder/Factory/paperloft-chips/build/DerivedData/SDKExplicitPrecompiledModules/ApplicationServices-F07S778DVJFK60GNVG93BRBSX.pcm

SwiftMergeGeneratedHeaders /Users/builder/Factory/paperloft-chips/build/DerivedData/Build/Intermediates.noindex/GeneratedModuleMaps/PaperloftHandoff-Swift.h /Users/builder/Factory/paperloft-chips/build/DerivedData/Build/Intermediates.noindex/PaperloftHandoff.build/Debug/PaperloftHandoff-t.build/Objects-normal/arm64/PaperloftHandoff-Swift.h (in target 'PaperloftHandoff' from project 'PaperloftHandoff')
    cd /Users/builder/Factory/paperloft-chips/Packages/PaperloftHandoff
    builtin-swiftHeaderTool -arch arm64 /Users/builder/Factory/paperloft-chips/build/DerivedData/Build/Intermediates.noindex/PaperloftHandoff.build/Debug/PaperloftHandoff-t.build/Objects-normal/arm64/PaperloftHandoff-Swift.h -o /Users/builder/Factory/paperloft-chips/build/DerivedData/Build/Intermediates.noindex/GeneratedModuleMaps/PaperloftHandoff-Swift.h

Copy /Users/builder/Factory/paperloft-chips/build/DerivedData/Build/Products/Debug/PaperloftHandoff.swiftmodule/arm64-apple-macos.swiftmodule /Users/builder/Factory/paperloft-chips/build/DerivedData/Build/Intermediates.noindex/PaperloftHandoff.build/Debug/PaperloftHandoff-t.build/Objects-normal/arm64/PaperloftHandoff.swiftmodule (in target 'PaperloftHandoff' from project 'PaperloftHandoff')
    cd /Users/builder/Factory/paperloft-chips/Packages/PaperloftHandoff
    builtin-copy -exclude .DS_Store -exclude CVS -exclude .svn -exclude .git -exclude .hg -resolve-src-symlinks -rename /Users/builder/Factory/paperloft-chips/build/DerivedData/Build/Intermediates.noindex/PaperloftHandoff.build/Debug/PaperloftHandoff-t.build/Objects-normal/arm64/PaperloftHandoff.swiftmodule /Users/builder/Factory/paperloft-chips/build/DerivedData/Build/Products/Debug/PaperloftHandoff.swiftmodule/arm64-apple-macos.swiftmodule

Copy /Users/builder/Factory/paperloft-chips/build/DerivedData/Build/Products/Debug/PaperloftHandoff.swiftmodule/arm64-apple-macos.swiftdoc /Users/builder/Factory/paperloft-chips/build/DerivedData/Build/Intermediates.noindex/PaperloftHandoff.build/Debug/PaperloftHandoff-t.build/Objects-normal/arm64/PaperloftHandoff.swiftdoc (in target 'PaperloftHandoff' from project 'PaperloftHandoff')
    cd /Users/builder/Factory/paperloft-chips/Packages/PaperloftHandoff
    builtin-copy -exclude .DS_Store -exclude CVS -exclude .svn -exclude .git -exclude .hg -resolve-src-symlinks -rename /Users/builder/Factory/paperloft-chips/build/DerivedData/Build/Intermediates.noindex/PaperloftHandoff.build/Debug/PaperloftHandoff-t.build/Objects-normal/arm64/PaperloftHandoff.swiftdoc /Users/builder/Factory/paperloft-chips/build/DerivedData/Build/Products/Debug/PaperloftHandoff.swiftmodule/arm64-apple-macos.swiftdoc

Copy /Users/builder/Factory/paperloft-chips/build/DerivedData/Build/Products/Debug/PaperloftHandoff.swiftmodule/arm64-apple-macos.abi.json /Users/builder/Factory/paperloft-chips/build/DerivedData/Build/Intermediates.noindex/PaperloftHandoff.build/Debug/PaperloftHandoff-t.build/Objects-normal/arm64/PaperloftHandoff.abi.json (in target 'PaperloftHandoff' from project 'PaperloftHandoff')
    cd /Users/builder/Factory/paperloft-chips/Packages/PaperloftHandoff
    builtin-copy -exclude .DS_Store -exclude CVS -exclude .svn -exclude .git -exclude .hg -resolve-src-symlinks -rename /Users/builder/Factory/paperloft-chips/build/DerivedData/Build/Intermediates.noindex/PaperloftHandoff.build/Debug/PaperloftHandoff-t.build/Objects-normal/arm64/PaperloftHandoff.abi.json /Users/builder/Factory/paperloft-chips/build/DerivedData/Build/Products/Debug/PaperloftHandoff.swiftmodule/arm64-apple-macos.abi.json

Copy /Users/builder/Factory/paperloft-chips/build/DerivedData/Build/Products/Debug/PaperloftHandoff.swiftmodule/Project/arm64-apple-macos.swiftsourceinfo /Users/builder/Factory/paperloft-chips/build/DerivedData/Build/Intermediates.noindex/PaperloftHandoff.build/Debug/PaperloftHandoff-t.build/Objects-normal/arm64/PaperloftHandoff.swiftsourceinfo (in target 'PaperloftHandoff' from project 'PaperloftHandoff')
    cd /Users/builder/Factory/paperloft-chips/Packages/PaperloftHandoff
    builtin-copy -exclude .DS_Store -exclude CVS -exclude .svn -exclude .git -exclude .hg -resolve-src-symlinks -rename /Users/builder/Factory/paperloft-chips/build/DerivedData/Build/Intermediates.noindex/PaperloftHandoff.build/Debug/PaperloftHandoff-t.build/Objects-normal/arm64/PaperloftHandoff.swiftsourceinfo /Users/builder/Factory/paperloft-chips/build/DerivedData/Build/Products/Debug/PaperloftHandoff.swiftmodule/Project/arm64-apple-macos.swiftsourceinfo

SwiftExplicitDependencyGeneratePcm arm64 /Users/builder/Factory/paperloft-chips/build/DerivedData/SDKExplicitPrecompiledModules/OSLog-8O7MS71DS6PUT8SA0IKDFKO51.pcm

SwiftExplicitDependencyGeneratePcm arm64 /Users/builder/Factory/paperloft-chips/build/DerivedData/SDKExplicitPrecompiledModules/IOSurface-CYZHG2NFQXJC4XLHMBP2ZOKQ0.pcm

SwiftExplicitDependencyGeneratePcm arm64 /Users/builder/Factory/paperloft-chips/build/DerivedData/SDKExplicitPrecompiledModules/CoreTransferable-7TJKY5HYGT0WDI35C8UNVPDBM.pcm

SwiftExplicitDependencyGeneratePcm arm64 /Users/builder/Factory/paperloft-chips/build/DerivedData/SDKExplicitPrecompiledModules/UniformTypeIdentifiers-78LUPV4I1L0Q05IV96LBO8RIK.pcm

ProcessProductPackaging /Users/builder/Factory/paperloft-chips/Apps/PaperloftShare/PaperloftShareShared.entitlements /Users/builder/Factory/paperloft-chips/build/DerivedData/Build/Intermediates.noindex/Paperloft.build/Debug/PaperloftShare.build/PaperloftShare.appex.xcent (in target 'PaperloftShare' from project 'Paperloft')
    cd /Users/builder/Factory/paperloft-chips
    
    Entitlements:
    
    {
    "com.apple.security.app-sandbox" = 1;
    "com.apple.security.application-groups" =     (
        "GQ4UA5C6RQ.app.paperloft.receipts"
    );
    "com.apple.security.get-task-allow" = 1;
}
    
    builtin-productPackagingUtility /Users/builder/Factory/paperloft-chips/Apps/PaperloftShare/PaperloftShareShared.entitlements -entitlements -format xml -o /Users/builder/Factory/paperloft-chips/build/DerivedData/Build/Intermediates.noindex/Paperloft.build/Debug/PaperloftShare.build/PaperloftShare.appex.xcent

ProcessProductPackagingDER /Users/builder/Factory/paperloft-chips/build/DerivedData/Build/Intermediates.noindex/Paperloft.build/Debug/PaperloftShare.build/PaperloftShare.appex.xcent /Users/builder/Factory/paperloft-chips/build/DerivedData/Build/Intermediates.noindex/Paperloft.build/Debug/PaperloftShare.build/PaperloftShare.appex.xcent.der (in target 'PaperloftShare' from project 'Paperloft')
    cd /Users/builder/Factory/paperloft-chips
    /usr/bin/derq query -f xml -i /Users/builder/Factory/paperloft-chips/build/DerivedData/Build/Intermediates.noindex/Paperloft.build/Debug/PaperloftShare.build/PaperloftShare.appex.xcent -o /Users/builder/Factory/paperloft-chips/build/DerivedData/Build/Intermediates.noindex/Paperloft.build/Debug/PaperloftShare.build/PaperloftShare.appex.xcent.der --raw

SwiftDriver PaperloftShare normal arm64 com.apple.xcode.tools.swift.compiler (in target 'PaperloftShare' from project 'Paperloft')
    cd /Users/builder/Factory/paperloft-chips
    builtin-SwiftDriver -- /Applications/Xcode.app/Contents/Developer/Toolchains/XcodeDefault.xctoolchain/usr/bin/swiftc -module-name PaperloftShare -Onone @/Users/builder/Factory/paperloft-chips/build/DerivedData/Build/Intermediates.noindex/Paperloft.build/Debug/PaperloftShare.build/Objects-normal/arm64/PaperloftShare.SwiftFileList -DDEBUG -enable-experimental-feature DebugDescriptionMacro -sdk /Applications/Xcode.app/Contents/Developer/Platforms/MacOSX.platform/Developer/SDKs/MacOSX27.0.sdk -target arm64-apple-macos27.0 -g -module-cache-path /Users/builder/Factory/paperloft-chips/build/DerivedData/ModuleCache.noindex -Xfrontend -serialize-debugging-options -application-extension -profile-coverage-mapping -profile-generate -enable-testing -warnings-as-errors -index-store-path /Users/builder/Factory/paperloft-chips/build/DerivedData/Index.noindex/DataStore -swift-version 6 -I /Users/builder/Factory/paperloft-chips/build/DerivedData/Build/Products/Debug -F /Users/builder/Factory/paperloft-chips/build/DerivedData/Build/Products/Debug/PackageFrameworks -F /Users/builder/Factory/paperloft-chips/build/DerivedData/Build/Products/Debug -parse-as-library -c -j10 -enable-batch-mode -incremental -Xcc -ivfsstatcache -Xcc /Users/builder/Factory/paperloft-chips/build/DerivedData/SDKStatCaches.noindex/macosx27.0-26A425-7231f6df4def33e022ae2eb8f782df1a.sdkstatcache -output-file-map /Users/builder/Factory/paperloft-chips/build/DerivedData/Build/Intermediates.noindex/Paperloft.build/Debug/PaperloftShare.build/Objects-normal/arm64/PaperloftShare-OutputFileMap.json -save-temps -no-color-diagnostics -explicit-module-build -module-cache-path /Users/builder/Factory/paperloft-chips/build/DerivedData/Build/Intermediates.noindex/SwiftExplicitPrecompiledModules -clang-scanner-module-cache-path /Users/builder/Factory/paperloft-chips/build/DerivedData/ModuleCache.noindex -sdk-module-cache-path /Users/builder/Factory/paperloft-chips/build/DerivedData/SDKExplicitPrecompiledModules -emit-dependencies -emit-module -emit-module-path /Users/builder/Factory/paperloft-chips/build/DerivedData/Build/Intermediates.noindex/Paperloft.build/Debug/PaperloftShare.build/Objects-normal/arm64/PaperloftShare.swiftmodule -serialize-diagnostics -dependency-scan-serialize-diagnostics-path /Users/builder/Factory/paperloft-chips/build/DerivedData/Build/Intermediates.noindex/Paperloft.build/Debug/PaperloftShare.build/Objects-normal/arm64/PaperloftShare-dependency-scan.dia -validate-clang-modules-once -clang-build-session-file /Users/builder/Factory/paperloft-chips/build/DerivedData/ModuleCache.noindex/Session.modulevalidation -Xcc -fmodules-prune-interval\=86400 -Xcc -fmodules-prune-after\=345600 -emit-const-values -const-gather-protocols-list /Users/builder/Factory/paperloft-chips/build/DerivedData/Build/Intermediates.noindex/Paperloft.build/Debug/PaperloftShare.build/Objects-normal/arm64/PaperloftShare_const_extract_protocols.json -Xcc -iquote -Xcc /Users/builder/Factory/paperloft-chips/build/DerivedData/Build/Intermediates.noindex/Paperloft.build/Debug/PaperloftShare.build/PaperloftShare-generated-files.hmap -Xcc -I/Users/builder/Factory/paperloft-chips/build/DerivedData/Build/Intermediates.noindex/Paperloft.build/Debug/PaperloftShare.build/PaperloftShare-own-target-headers.hmap -Xcc -I/Users/builder/Factory/paperloft-chips/build/DerivedData/Build/Intermediates.noindex/Paperloft.build/Debug/PaperloftShare.build/PaperloftShare-all-non-framework-target-headers.hmap -Xcc -ivfsoverlay -Xcc /Users/builder/Factory/paperloft-chips/build/DerivedData/Build/Intermediates.noindex/Paperloft.build/Debug/Paperloft-b93ddc6bcd4d234a5473ab01ad3589c4-VFS/all-product-headers.yaml -Xcc -iquote -Xcc /Users/builder/Factory/paperloft-chips/build/DerivedData/Build/Intermediates.noindex/Paperloft.build/Debug/PaperloftShare.build/PaperloftShare-project-headers.hmap -Xcc -I/Users/builder/Factory/paperloft-chips/build/DerivedData/Build/Products/Debug/include -Xcc -I/Users/builder/Factory/paperloft-chips/build/DerivedData/Build/Intermediates.noindex/Paperloft.build/Debug/PaperloftShare.build/DerivedSources-normal/arm64 -Xcc -I/Users/builder/Factory/paperloft-chips/build/DerivedData/Build/Intermediates.noindex/Paperloft.build/Debug/PaperloftShare.build/DerivedSources/arm64 -Xcc -I/Users/builder/Factory/paperloft-chips/build/DerivedData/Build/Intermediates.noindex/Paperloft.build/Debug/PaperloftShare.build/DerivedSources -emit-objc-header -emit-objc-header-path /Users/builder/Factory/paperloft-chips/build/DerivedData/Build/Intermediates.noindex/Paperloft.build/Debug/PaperloftShare.build/Objects-normal/arm64/PaperloftShare-Swift.h -working-directory /Users/builder/Factory/paperloft-chips -experimental-emit-module-separately -disable-cmo

SwiftExplicitDependencyGeneratePcm arm64 /Users/builder/Factory/paperloft-chips/build/DerivedData/SDKExplicitPrecompiledModules/OpenGL-2R84OH24OZTAF1NJ14FUKN9PN.pcm

SwiftExplicitDependencyGeneratePcm arm64 /Users/builder/Factory/paperloft-chips/build/DerivedData/SDKExplicitPrecompiledModules/Metal-6NGB2VBW431WBSRLUKRSLJ7AU.pcm

SwiftExplicitDependencyGeneratePcm arm64 /Users/builder/Factory/paperloft-chips/build/DerivedData/SDKExplicitPrecompiledModules/Carbon-BS2HFOULG1O1N5C8G53I4GKNV.pcm

SwiftExplicitDependencyGeneratePcm arm64 /Users/builder/Factory/paperloft-chips/build/DerivedData/SDKExplicitPrecompiledModules/CoreVideo-9LLXQERX0C51OAW99U218HNB7.pcm

SwiftExplicitDependencyGeneratePcm arm64 /Users/builder/Factory/paperloft-chips/build/DerivedData/SDKExplicitPrecompiledModules/AudioToolbox-EM156VEQD66FVOHYHWZB0TWYU.pcm

SwiftExplicitDependencyGeneratePcm arm64 /Users/builder/Factory/paperloft-chips/build/DerivedData/SDKExplicitPrecompiledModules/CoreImage-7FHH11W1KNE4I16PMYXVXT82M.pcm

SwiftExplicitDependencyGeneratePcm arm64 /Users/builder/Factory/paperloft-chips/build/DerivedData/SDKExplicitPrecompiledModules/QuartzCore-57L0V6N3S7LWAUPLG0UM0OPR.pcm

SwiftExplicitDependencyGeneratePcm arm64 /Users/builder/Factory/paperloft-chips/build/DerivedData/SDKExplicitPrecompiledModules/Accelerate-9AZA9FRIB6OVAMPEJDMEQZCC3.pcm

SwiftExplicitDependencyGeneratePcm arm64 /Users/builder/Factory/paperloft-chips/build/DerivedData/SDKExplicitPrecompiledModules/CoreML-8R3RF6EQX8ARPYD0F21OZC7EI.pcm

SwiftExplicitDependencyGeneratePcm arm64 /Users/builder/Factory/paperloft-chips/build/DerivedData/SDKExplicitPrecompiledModules/CoreMedia-8WYYLC4P1VEKNE3FOND9LLFSC.pcm

SwiftExplicitDependencyGeneratePcm arm64 /Users/builder/Factory/paperloft-chips/build/DerivedData/SDKExplicitPrecompiledModules/SwiftUICore-4UXMJO938DLICJ1JSQH1YL0TK.pcm

SwiftExplicitDependencyGeneratePcm arm64 /Users/builder/Factory/paperloft-chips/build/DerivedData/SDKExplicitPrecompiledModules/_AvailabilityInternal-BK2MP1YXWZN1G2DKYHEG9TWUO.pcm

SwiftExplicitDependencyGeneratePcm arm64 /Users/builder/Factory/paperloft-chips/build/DerivedData/SDKExplicitPrecompiledModules/_Builtin_float-9M8OPW4OCN5MSJVXFHK5NONPY.pcm

SwiftExplicitDependencyGeneratePcm arm64 /Users/builder/Factory/paperloft-chips/build/DerivedData/SDKExplicitPrecompiledModules/DeveloperToolsSupport-C2RXZALC7RKO61ULT8KLJW5IB.pcm

SwiftExplicitDependencyGeneratePcm arm64 /Users/builder/Factory/paperloft-chips/build/DerivedData/SDKExplicitPrecompiledModules/_Builtin_stddef-18ZL4NFSJXKCKC6EIJNJRNXNI.pcm

SwiftExplicitDependencyGeneratePcm arm64 /Users/builder/Factory/paperloft-chips/build/DerivedData/SDKExplicitPrecompiledModules/ptrcheck-4Z2RMDMT4R2Z25X2UMFAVRE4N.pcm

SwiftExplicitDependencyGeneratePcm arm64 /Users/builder/Factory/paperloft-chips/build/DerivedData/SDKExplicitPrecompiledModules/AVFAudio-1BFHXLKJIOQKBT9Z45SNMXA0U.pcm

SwiftExplicitDependencyGeneratePcm arm64 /Users/builder/Factory/paperloft-chips/build/DerivedData/SDKExplicitPrecompiledModules/SwiftShims-CIY9973R6EIS36KXIP9KOX7HQ.pcm

SwiftExplicitDependencyGeneratePcm arm64 /Users/builder/Factory/paperloft-chips/build/DerivedData/SDKExplicitPrecompiledModules/Vision-CQEALI1FUKVINTCYE2EM27WHH.pcm

SwiftExplicitDependencyGeneratePcm arm64 /Users/builder/Factory/paperloft-chips/build/DerivedData/SDKExplicitPrecompiledModules/_Builtin_stdarg-DME3QRBA9QZGU3KNK43RXTR49.pcm

SwiftExplicitDependencyGeneratePcm arm64 /Users/builder/Factory/paperloft-chips/build/DerivedData/SDKExplicitPrecompiledModules/MediaToolbox-A4GNCRE9PK2P5J4SH1HHRH3SW.pcm

SwiftExplicitDependencyGeneratePcm arm64 /Users/builder/Factory/paperloft-chips/build/DerivedData/SDKExplicitPrecompiledModules/AppKit-971Z6K457812INBHMYGG8RF48.pcm

SwiftExplicitDependencyGeneratePcm arm64 /Users/builder/Factory/paperloft-chips/build/DerivedData/SDKExplicitPrecompiledModules/_DarwinFoundation1-CIDF22JO79RM5P0Z7YRP7PO0G.pcm

SwiftExplicitDependencyGeneratePcm arm64 /Users/builder/Factory/paperloft-chips/build/DerivedData/SDKExplicitPrecompiledModules/VideoToolbox-4AJFEZMMOOEFN35L6KZYDT3SG.pcm

SwiftExplicitDependencyGeneratePcm arm64 /Users/builder/Factory/paperloft-chips/build/DerivedData/SDKExplicitPrecompiledModules/_SwiftConcurrencyShims-9VF3UBB005D8IMXAGQROBHW1Q.pcm

SwiftExplicitDependencyGeneratePcm arm64 /Users/builder/Factory/paperloft-chips/build/DerivedData/SDKExplicitPrecompiledModules/ptrauth-A2AJFPEO12O62RY2AJUSY0EGO.pcm

SwiftExplicitDependencyGeneratePcm arm64 /Users/builder/Factory/paperloft-chips/build/DerivedData/SDKExplicitPrecompiledModules/_Builtin_stdbool-CJ2CX6UQGYR66DTMFDMCUAB9T.pcm

SwiftExplicitDependencyGeneratePcm arm64 /Users/builder/Factory/paperloft-chips/build/DerivedData/SDKExplicitPrecompiledModules/_Builtin_limits-J57TNJ9RPZJFTFP7SP7I5E0E.pcm

SwiftExplicitDependencyGeneratePcm arm64 /Users/builder/Factory/paperloft-chips/build/DerivedData/SDKExplicitPrecompiledModules/_DarwinFoundation2-8WTP9PR8YYFB1ZSLCCH7VN1V2.pcm

SwiftExplicitDependencyGeneratePcm arm64 /Users/builder/Factory/paperloft-chips/build/DerivedData/SDKExplicitPrecompiledModules/AVFoundation-DJIG7O3ZYQPM10NQY0X33C8ZY.pcm

SwiftExplicitDependencyGeneratePcm arm64 /Users/builder/Factory/paperloft-chips/build/DerivedData/SDKExplicitPrecompiledModules/string_h-4B6JU97F7R5SQYF8979ZQ9E3P.pcm

SwiftExplicitDependencyGeneratePcm arm64 /Users/builder/Factory/paperloft-chips/build/DerivedData/SDKExplicitPrecompiledModules/_Builtin_tgmath-D7FGEPONSVNFL3DCBIJ101H3O.pcm

SwiftExplicitDependencyGeneratePcm arm64 /Users/builder/Factory/paperloft-chips/build/DerivedData/SDKExplicitPrecompiledModules/_Builtin_stdint-E1NIBP2R7B8TZZYSDGZLZZK0E.pcm

SwiftExplicitDependencyGeneratePcm arm64 /Users/builder/Factory/paperloft-chips/build/DerivedData/SDKExplicitPrecompiledModules/sys_types-8P1X77KRTLJ7NC6KSY9D4TXT.pcm

SwiftExplicitDependencyGeneratePcm arm64 /Users/builder/Factory/paperloft-chips/build/DerivedData/SDKExplicitPrecompiledModules/_Builtin_stdatomic-4DDXA5JGY6TU4U1EYCGWDHGFX.pcm

SwiftExplicitDependencyGeneratePcm arm64 /Users/builder/Factory/paperloft-chips/build/DerivedData/SDKExplicitPrecompiledModules/_DarwinFoundation3-DK6RHYJBJ0M8XYPQHRB0JAMH6.pcm

SwiftExplicitDependencyGeneratePcm arm64 /Users/builder/Factory/paperloft-chips/build/DerivedData/SDKExplicitPrecompiledModules/_Builtin_intrinsics-BMXHASWW59PN5ALBMZ95XAUB8.pcm

SwiftExplicitDependencyGeneratePcm arm64 /Users/builder/Factory/paperloft-chips/build/DerivedData/SDKExplicitPrecompiledModules/libDER-6I5BT3TXRSLMJLOOV0SI0A13K.pcm

SwiftExplicitDependencyGeneratePcm arm64 /Users/builder/Factory/paperloft-chips/build/DerivedData/SDKExplicitPrecompiledModules/_Builtin_inttypes-10L2I7JDIMAG1ER37F4A058KI.pcm

SwiftExplicitDependencyGeneratePcm arm64 /Users/builder/Factory/paperloft-chips/build/DerivedData/SDKExplicitPrecompiledModules/Darwin-8T5FN494NRSI6SU5AYPHU4D39.pcm

SwiftExplicitDependencyGeneratePcm arm64 /Users/builder/Factory/paperloft-chips/build/DerivedData/SDKExplicitPrecompiledModules/simd-EMW5SHNV4FM6G0V623Y7FU5JF.pcm

SwiftExplicitDependencyGeneratePcm arm64 /Users/builder/Factory/paperloft-chips/build/DerivedData/SDKExplicitPrecompiledModules/Cocoa-7P053VUPCO9KGV8KQN7DLYFX8.pcm

SwiftExplicitDependencyGeneratePcm arm64 /Users/builder/Factory/paperloft-chips/build/DerivedData/SDKExplicitPrecompiledModules/PDFKit-3Z9CCW8GL7R55HLASLN0D0JVQ.pcm

SwiftExplicitDependencyGeneratePcm arm64 /Users/builder/Factory/paperloft-chips/build/DerivedData/SDKExplicitPrecompiledModules/MachO-71O9FOI9BPLUKCIPY6LRO92E5.pcm

SwiftExplicitDependencyGeneratePcm arm64 /Users/builder/Factory/paperloft-chips/build/DerivedData/SDKExplicitPrecompiledModules/libkern-B6OI5Z11B7EM1KPRU2WJVPHJB.pcm

SwiftExplicitDependencyGeneratePcm arm64 /Users/builder/Factory/paperloft-chips/build/DerivedData/SDKExplicitPrecompiledModules/CUPS-5SL865PKGSKAM59TTGDGUWC4I.pcm

SwiftExplicitDependencyGeneratePcm arm64 /Users/builder/Factory/paperloft-chips/build/DerivedData/SDKExplicitPrecompiledModules/launch-2XES60MDOSO0SDUH4JG46EMJA.pcm

SwiftDriverJobDiscovery normal arm64 Compiling HandoffConsumerLease.swift (in target 'PaperloftHandoff' from project 'PaperloftHandoff')

SwiftDriverJobDiscovery normal arm64 Compiling HandoffFileCopy.swift (in target 'PaperloftHandoff' from project 'PaperloftHandoff')

SwiftCompile normal arm64 Compiling\ WatchedFolderScanner.swift,\ ZipArchive.swift /Users/builder/Factory/paperloft-chips/Packages/PaperloftKit/Sources/PaperloftKit/WatchedFolderScanner.swift /Users/builder/Factory/paperloft-chips/Packages/PaperloftKit/Sources/PaperloftKit/ZipArchive.swift (in target 'PaperloftKit' from project 'PaperloftKit')

SwiftCompile normal arm64 /Users/builder/Factory/paperloft-chips/Packages/PaperloftKit/Sources/PaperloftKit/WatchedFolderScanner.swift (in target 'PaperloftKit' from project 'PaperloftKit')
    cd /Users/builder/Factory/paperloft-chips/Paperloft.xcodeproj
    builtin-SwiftPerFileCompile WatchedFolderScanner.swift

SwiftCompile normal arm64 /Users/builder/Factory/paperloft-chips/Packages/PaperloftKit/Sources/PaperloftKit/ZipArchive.swift (in target 'PaperloftKit' from project 'PaperloftKit')
    cd /Users/builder/Factory/paperloft-chips/Paperloft.xcodeproj
    builtin-SwiftPerFileCompile ZipArchive.swift

SwiftCompile normal arm64 Compiling\ ScanImport.swift,\ TaxSourceEvidence.swift /Users/builder/Factory/paperloft-chips/Packages/PaperloftKit/Sources/PaperloftKit/ScanImport.swift /Users/builder/Factory/paperloft-chips/Packages/PaperloftKit/Sources/PaperloftKit/TaxSourceEvidence.swift (in target 'PaperloftKit' from project 'PaperloftKit')

SwiftCompile normal arm64 /Users/builder/Factory/paperloft-chips/Packages/PaperloftKit/Sources/PaperloftKit/ScanImport.swift (in target 'PaperloftKit' from project 'PaperloftKit')
    cd /Users/builder/Factory/paperloft-chips/Paperloft.xcodeproj
    builtin-SwiftPerFileCompile ScanImport.swift

SwiftCompile normal arm64 /Users/builder/Factory/paperloft-chips/Packages/PaperloftKit/Sources/PaperloftKit/TaxSourceEvidence.swift (in target 'PaperloftKit' from project 'PaperloftKit')
    cd /Users/builder/Factory/paperloft-chips/Paperloft.xcodeproj
    builtin-SwiftPerFileCompile TaxSourceEvidence.swift

SwiftCompile normal arm64 Compiling\ AccountantPack.swift,\ Assessment.swift,\ Extraction.swift /Users/builder/Factory/paperloft-chips/Packages/PaperloftKit/Sources/PaperloftKit/AccountantPack.swift /Users/builder/Factory/paperloft-chips/Packages/PaperloftKit/Sources/PaperloftKit/Assessment.swift /Users/builder/Factory/paperloft-chips/Packages/PaperloftKit/Sources/PaperloftKit/Extraction.swift (in target 'PaperloftKit' from project 'PaperloftKit')

SwiftCompile normal arm64 /Users/builder/Factory/paperloft-chips/Packages/PaperloftKit/Sources/PaperloftKit/AccountantPack.swift (in target 'PaperloftKit' from project 'PaperloftKit')
    cd /Users/builder/Factory/paperloft-chips/Paperloft.xcodeproj
    builtin-SwiftPerFileCompile AccountantPack.swift

SwiftCompile normal arm64 /Users/builder/Factory/paperloft-chips/Packages/PaperloftKit/Sources/PaperloftKit/Assessment.swift (in target 'PaperloftKit' from project 'PaperloftKit')
    cd /Users/builder/Factory/paperloft-chips/Paperloft.xcodeproj
    builtin-SwiftPerFileCompile Assessment.swift

SwiftCompile normal arm64 /Users/builder/Factory/paperloft-chips/Packages/PaperloftKit/Sources/PaperloftKit/Extraction.swift (in target 'PaperloftKit' from project 'PaperloftKit')
    cd /Users/builder/Factory/paperloft-chips/Paperloft.xcodeproj
    builtin-SwiftPerFileCompile Extraction.swift

SwiftEmitModule normal arm64 Emitting\ module\ for\ PaperloftKit (in target 'PaperloftKit' from project 'PaperloftKit')

SwiftCompile normal arm64 (in target 'PaperloftKit' from project 'PaperloftKit')
    cd /Users/builder/Factory/paperloft-chips/Paperloft.xcodeproj
    

SwiftCompile normal arm64 Compiling\ MailDeliveryLedger.swift,\ MailDocument.swift,\ MailEnvelope.swift /Users/builder/Factory/paperloft-chips/Packages/PaperloftKit/Sources/PaperloftKit/MailDeliveryLedger.swift /Users/builder/Factory/paperloft-chips/Packages/PaperloftKit/Sources/PaperloftKit/MailDocument.swift /Users/builder/Factory/paperloft-chips/Packages/PaperloftKit/Sources/PaperloftKit/MailEnvelope.swift (in target 'PaperloftKit' from project 'PaperloftKit')

SwiftCompile normal arm64 /Users/builder/Factory/paperloft-chips/Packages/PaperloftKit/Sources/PaperloftKit/MailDeliveryLedger.swift (in target 'PaperloftKit' from project 'PaperloftKit')
    cd /Users/builder/Factory/paperloft-chips/Paperloft.xcodeproj
    builtin-SwiftPerFileCompile MailDeliveryLedger.swift

SwiftCompile normal arm64 /Users/builder/Factory/paperloft-chips/Packages/PaperloftKit/Sources/PaperloftKit/MailDocument.swift (in target 'PaperloftKit' from project 'PaperloftKit')
    cd /Users/builder/Factory/paperloft-chips/Paperloft.xcodeproj
    builtin-SwiftPerFileCompile MailDocument.swift

SwiftCompile normal arm64 /Users/builder/Factory/paperloft-chips/Packages/PaperloftKit/Sources/PaperloftKit/MailEnvelope.swift (in target 'PaperloftKit' from project 'PaperloftKit')
    cd /Users/builder/Factory/paperloft-chips/Paperloft.xcodeproj
    builtin-SwiftPerFileCompile MailEnvelope.swift

SwiftCompile normal arm64 Compiling\ MailFieldHints.swift,\ MailImport.swift,\ Money.swift /Users/builder/Factory/paperloft-chips/Packages/PaperloftKit/Sources/PaperloftKit/MailFieldHints.swift /Users/builder/Factory/paperloft-chips/Packages/PaperloftKit/Sources/PaperloftKit/MailImport.swift /Users/builder/Factory/paperloft-chips/Packages/PaperloftKit/Sources/PaperloftKit/Money.swift (in target 'PaperloftKit' from project 'PaperloftKit')

SwiftCompile normal arm64 /Users/builder/Factory/paperloft-chips/Packages/PaperloftKit/Sources/PaperloftKit/MailFieldHints.swift (in target 'PaperloftKit' from project 'PaperloftKit')
    cd /Users/builder/Factory/paperloft-chips/Paperloft.xcodeproj
    builtin-SwiftPerFileCompile MailFieldHints.swift

SwiftCompile normal arm64 /Users/builder/Factory/paperloft-chips/Packages/PaperloftKit/Sources/PaperloftKit/MailImport.swift (in target 'PaperloftKit' from project 'PaperloftKit')
    cd /Users/builder/Factory/paperloft-chips/Paperloft.xcodeproj
    builtin-SwiftPerFileCompile MailImport.swift

SwiftCompile normal arm64 /Users/builder/Factory/paperloft-chips/Packages/PaperloftKit/Sources/PaperloftKit/Money.swift (in target 'PaperloftKit' from project 'PaperloftKit')
    cd /Users/builder/Factory/paperloft-chips/Paperloft.xcodeproj
    builtin-SwiftPerFileCompile Money.swift

SwiftCompile normal arm64 Compiling\ ReceiptNameTemplate.swift,\ Recognize.swift /Users/builder/Factory/paperloft-chips/Packages/PaperloftKit/Sources/PaperloftKit/ReceiptNameTemplate.swift /Users/builder/Factory/paperloft-chips/Packages/PaperloftKit/Sources/PaperloftKit/Recognize.swift (in target 'PaperloftKit' from project 'PaperloftKit')

SwiftCompile normal arm64 /Users/builder/Factory/paperloft-chips/Packages/PaperloftKit/Sources/PaperloftKit/ReceiptNameTemplate.swift (in target 'PaperloftKit' from project 'PaperloftKit')
    cd /Users/builder/Factory/paperloft-chips/Paperloft.xcodeproj
    builtin-SwiftPerFileCompile ReceiptNameTemplate.swift

SwiftCompile normal arm64 /Users/builder/Factory/paperloft-chips/Packages/PaperloftKit/Sources/PaperloftKit/Recognize.swift (in target 'PaperloftKit' from project 'PaperloftKit')
    cd /Users/builder/Factory/paperloft-chips/Paperloft.xcodeproj
    builtin-SwiftPerFileCompile Recognize.swift

SwiftExplicitDependencyGeneratePcm arm64 /Users/builder/Factory/paperloft-chips/build/DerivedData/SDKExplicitPrecompiledModules/Spatial-9BJ0M0J3IYC1T273Q5NCF3FS6.pcm

SwiftCompile normal arm64 Compiling\ Receipt.swift,\ ReceiptEngine.swift,\ ReceiptIndex.swift /Users/builder/Factory/paperloft-chips/Packages/PaperloftKit/Sources/PaperloftKit/Receipt.swift /Users/builder/Factory/paperloft-chips/Packages/PaperloftKit/Sources/PaperloftKit/ReceiptEngine.swift /Users/builder/Factory/paperloft-chips/Packages/PaperloftKit/Sources/PaperloftKit/ReceiptIndex.swift (in target 'PaperloftKit' from project 'PaperloftKit')

SwiftCompile normal arm64 /Users/builder/Factory/paperloft-chips/Packages/PaperloftKit/Sources/PaperloftKit/Receipt.swift (in target 'PaperloftKit' from project 'PaperloftKit')
    cd /Users/builder/Factory/paperloft-chips/Paperloft.xcodeproj
    builtin-SwiftPerFileCompile Receipt.swift

SwiftCompile normal arm64 /Users/builder/Factory/paperloft-chips/Packages/PaperloftKit/Sources/PaperloftKit/ReceiptEngine.swift (in target 'PaperloftKit' from project 'PaperloftKit')
    cd /Users/builder/Factory/paperloft-chips/Paperloft.xcodeproj
    builtin-SwiftPerFileCompile ReceiptEngine.swift

SwiftCompile normal arm64 /Users/builder/Factory/paperloft-chips/Packages/PaperloftKit/Sources/PaperloftKit/ReceiptIndex.swift (in target 'PaperloftKit' from project 'PaperloftKit')
    cd /Users/builder/Factory/paperloft-chips/Paperloft.xcodeproj
    builtin-SwiftPerFileCompile ReceiptIndex.swift

SwiftExplicitDependencyGeneratePcm arm64 /Users/builder/Factory/paperloft-chips/build/DerivedData/SDKExplicitPrecompiledModules/ObjectiveC-AQCRDMJOTS7I2VODAHY8XHXNG.pcm

SwiftDriverJobDiscovery normal arm64 Compiling HandoffStore.swift (in target 'PaperloftHandoff' from project 'PaperloftHandoff')

SwiftCompile normal arm64 Compiling\ LibraryStore.swift,\ MailAttachmentSupport.swift,\ MailCandidateSelection.swift /Users/builder/Factory/paperloft-chips/Packages/PaperloftKit/Sources/PaperloftKit/LibraryStore.swift /Users/builder/Factory/paperloft-chips/Packages/PaperloftKit/Sources/PaperloftKit/MailAttachmentSupport.swift /Users/builder/Factory/paperloft-chips/Packages/PaperloftKit/Sources/PaperloftKit/MailCandidateSelection.swift (in target 'PaperloftKit' from project 'PaperloftKit')

SwiftCompile normal arm64 /Users/builder/Factory/paperloft-chips/Packages/PaperloftKit/Sources/PaperloftKit/LibraryStore.swift (in target 'PaperloftKit' from project 'PaperloftKit')
    cd /Users/builder/Factory/paperloft-chips/Paperloft.xcodeproj
    builtin-SwiftPerFileCompile LibraryStore.swift

SwiftCompile normal arm64 /Users/builder/Factory/paperloft-chips/Packages/PaperloftKit/Sources/PaperloftKit/MailAttachmentSupport.swift (in target 'PaperloftKit' from project 'PaperloftKit')
    cd /Users/builder/Factory/paperloft-chips/Paperloft.xcodeproj
    builtin-SwiftPerFileCompile MailAttachmentSupport.swift

SwiftCompile normal arm64 /Users/builder/Factory/paperloft-chips/Packages/PaperloftKit/Sources/PaperloftKit/MailCandidateSelection.swift (in target 'PaperloftKit' from project 'PaperloftKit')
    cd /Users/builder/Factory/paperloft-chips/Paperloft.xcodeproj
    builtin-SwiftPerFileCompile MailCandidateSelection.swift

SwiftExplicitDependencyGeneratePcm arm64 /Users/builder/Factory/paperloft-chips/build/DerivedData/SDKExplicitPrecompiledModules/os_object-AK5QDR14ZXUKNA44PU6WATSF4.pcm

SwiftCompile normal arm64 Compiling\ IntakeQueue.swift,\ LibraryAccess.swift,\ LibraryFiles.swift /Users/builder/Factory/paperloft-chips/Packages/PaperloftKit/Sources/PaperloftKit/IntakeQueue.swift /Users/builder/Factory/paperloft-chips/Packages/PaperloftKit/Sources/PaperloftKit/LibraryAccess.swift /Users/builder/Factory/paperloft-chips/Packages/PaperloftKit/Sources/PaperloftKit/LibraryFiles.swift (in target 'PaperloftKit' from project 'PaperloftKit')

SwiftCompile normal arm64 /Users/builder/Factory/paperloft-chips/Packages/PaperloftKit/Sources/PaperloftKit/IntakeQueue.swift (in target 'PaperloftKit' from project 'PaperloftKit')
    cd /Users/builder/Factory/paperloft-chips/Paperloft.xcodeproj
    builtin-SwiftPerFileCompile IntakeQueue.swift

SwiftCompile normal arm64 /Users/builder/Factory/paperloft-chips/Packages/PaperloftKit/Sources/PaperloftKit/LibraryAccess.swift (in target 'PaperloftKit' from project 'PaperloftKit')
    cd /Users/builder/Factory/paperloft-chips/Paperloft.xcodeproj
    builtin-SwiftPerFileCompile LibraryAccess.swift

SwiftCompile normal arm64 /Users/builder/Factory/paperloft-chips/Packages/PaperloftKit/Sources/PaperloftKit/LibraryFiles.swift (in target 'PaperloftKit' from project 'PaperloftKit')
    cd /Users/builder/Factory/paperloft-chips/Paperloft.xcodeproj
    builtin-SwiftPerFileCompile LibraryFiles.swift

SwiftExplicitDependencyGeneratePcm arm64 /Users/builder/Factory/paperloft-chips/build/DerivedData/SDKExplicitPrecompiledModules/os_workgroup-6AR4FAIRRUM9PA58C4X8LKZ62.pcm

SwiftDriverJobDiscovery normal arm64 Emitting module for PaperloftKit (in target 'PaperloftKit' from project 'PaperloftKit')

SwiftDriver\ Compilation\ Requirements PaperloftKit normal arm64 com.apple.xcode.tools.swift.compiler (in target 'PaperloftKit' from project 'PaperloftKit')
    cd /Users/builder/Factory/paperloft-chips/Paperloft.xcodeproj
    builtin-Swift-Compilation-Requirements -- /Applications/Xcode.app/Contents/Developer/Toolchains/XcodeDefault.xctoolchain/usr/bin/swiftc -parse-as-library -module-name PaperloftKit -Onone @/Users/builder/Factory/paperloft-chips/build/DerivedData/Build/Intermediates.noindex/PaperloftKit.build/Debug/PaperloftKit-t.build/Objects-normal/arm64/PaperloftKit.SwiftFileList -DSWIFT_PACKAGE -DDEBUG -DSWIFT_MODULE_RESOURCE_BUNDLE_UNAVAILABLE -DXcode -plugin-path /Applications/Xcode.app/Contents/Developer/Toolchains/XcodeDefault.xctoolchain/usr/lib/swift/host/plugins/testing -enable-experimental-feature DebugDescriptionMacro -sdk /Applications/Xcode.app/Contents/Developer/Platforms/MacOSX.platform/Developer/SDKs/MacOSX27.0.sdk -target arm64-apple-macos27.0 -g -module-cache-path /Users/builder/Factory/paperloft-chips/build/DerivedData/ModuleCache.noindex -Xfrontend -serialize-debugging-options -profile-coverage-mapping -profile-generate -enable-testing -warnings-as-errors -index-store-path /Users/builder/Factory/paperloft-chips/build/DerivedData/Index.noindex/DataStore -Xcc -D_LIBCPP_HARDENING_MODE\=_LIBCPP_HARDENING_MODE_DEBUG -swift-version 6 -I /Users/builder/Factory/paperloft-chips/build/DerivedData/Build/Products/Debug -Isystem /Applications/Xcode.app/Contents/Developer/Platforms/MacOSX.platform/Developer/usr/lib -F /Users/builder/Factory/paperloft-chips/build/DerivedData/Build/Products/Debug -F /Applications/Xcode.app/Contents/Developer/Platforms/MacOSX.platform/Developer/Library/Frameworks -c -j10 -enable-batch-mode -incremental -Xcc -ivfsstatcache -Xcc /Users/builder/Factory/paperloft-chips/build/DerivedData/SDKStatCaches.noindex/macosx27.0-26A425-7231f6df4def33e022ae2eb8f782df1a.sdkstatcache -output-file-map /Users/builder/Factory/paperloft-chips/build/DerivedData/Build/Intermediates.noindex/PaperloftKit.build/Debug/PaperloftKit-t.build/Objects-normal/arm64/PaperloftKit-OutputFileMap.json -save-temps -no-color-diagnostics -explicit-module-build -module-cache-path /Users/builder/Factory/paperloft-chips/build/DerivedData/Build/Intermediates.noindex/SwiftExplicitPrecompiledModules -clang-scanner-module-cache-path /Users/builder/Factory/paperloft-chips/build/DerivedData/ModuleCache.noindex -sdk-module-cache-path /Users/builder/Factory/paperloft-chips/build/DerivedData/SDKExplicitPrecompiledModules -emit-dependencies -emit-module -emit-module-path /Users/builder/Factory/paperloft-chips/build/DerivedData/Build/Intermediates.noindex/PaperloftKit.build/Debug/PaperloftKit-t.build/Objects-normal/arm64/PaperloftKit.swiftmodule -serialize-diagnostics -dependency-scan-serialize-diagnostics-path /Users/builder/Factory/paperloft-chips/build/DerivedData/Build/Intermediates.noindex/PaperloftKit.build/Debug/PaperloftKit-t.build/Objects-normal/arm64/PaperloftKit-dependency-scan.dia -validate-clang-modules-once -clang-build-session-file /Users/builder/Factory/paperloft-chips/build/DerivedData/ModuleCache.noindex/Session.modulevalidation -Xcc -fmodules-prune-interval\=86400 -Xcc -fmodules-prune-after\=345600 -package-name paperloftkit -emit-const-values -const-gather-protocols-list /Users/builder/Factory/paperloft-chips/build/DerivedData/Build/Intermediates.noindex/PaperloftKit.build/Debug/PaperloftKit-t.build/Objects-normal/arm64/PaperloftKit_const_extract_protocols.json -Xcc -I/Users/builder/Factory/paperloft-chips/build/DerivedData/Build/Products/Debug/include -Xcc -I/Users/builder/Factory/paperloft-chips/build/DerivedData/Build/Intermediates.noindex/PaperloftKit.build/Debug/PaperloftKit-t.build/DerivedSources-normal/arm64 -Xcc -I/Users/builder/Factory/paperloft-chips/build/DerivedData/Build/Intermediates.noindex/PaperloftKit.build/Debug/PaperloftKit-t.build/DerivedSources/arm64 -Xcc -I/Users/builder/Factory/paperloft-chips/build/DerivedData/Build/Intermediates.noindex/PaperloftKit.build/Debug/PaperloftKit-t.build/DerivedSources -Xcc -DSWIFT_PACKAGE -Xcc -DDEBUG\=1 -emit-objc-header -emit-objc-header-path /Users/builder/Factory/paperloft-chips/build/DerivedData/Build/Intermediates.noindex/PaperloftKit.build/Debug/PaperloftKit-t.build/Objects-normal/arm64/PaperloftKit-Swift.h -working-directory /Users/builder/Factory/paperloft-chips/Paperloft.xcodeproj -experimental-emit-module-separately -disable-cmo

SwiftExplicitDependencyGeneratePcm arm64 /Users/builder/Factory/paperloft-chips/build/DerivedData/SDKExplicitPrecompiledModules/Dispatch-960ZBHOJ8OZLBA0A6ODKVCGB5.pcm

SwiftMergeGeneratedHeaders /Users/builder/Factory/paperloft-chips/build/DerivedData/Build/Intermediates.noindex/GeneratedModuleMaps/PaperloftKit-Swift.h /Users/builder/Factory/paperloft-chips/build/DerivedData/Build/Intermediates.noindex/PaperloftKit.build/Debug/PaperloftKit-t.build/Objects-normal/arm64/PaperloftKit-Swift.h (in target 'PaperloftKit' from project 'PaperloftKit')
    cd /Users/builder/Factory/paperloft-chips/Packages/PaperloftKit
    builtin-swiftHeaderTool -arch arm64 /Users/builder/Factory/paperloft-chips/build/DerivedData/Build/Intermediates.noindex/PaperloftKit.build/Debug/PaperloftKit-t.build/Objects-normal/arm64/PaperloftKit-Swift.h -o /Users/builder/Factory/paperloft-chips/build/DerivedData/Build/Intermediates.noindex/GeneratedModuleMaps/PaperloftKit-Swift.h

Copy /Users/builder/Factory/paperloft-chips/build/DerivedData/Build/Products/Debug/PaperloftKit.swiftmodule/arm64-apple-macos.swiftmodule /Users/builder/Factory/paperloft-chips/build/DerivedData/Build/Intermediates.noindex/PaperloftKit.build/Debug/PaperloftKit-t.build/Objects-normal/arm64/PaperloftKit.swiftmodule (in target 'PaperloftKit' from project 'PaperloftKit')
    cd /Users/builder/Factory/paperloft-chips/Packages/PaperloftKit
    builtin-copy -exclude .DS_Store -exclude CVS -exclude .svn -exclude .git -exclude .hg -resolve-src-symlinks -rename /Users/builder/Factory/paperloft-chips/build/DerivedData/Build/Intermediates.noindex/PaperloftKit.build/Debug/PaperloftKit-t.build/Objects-normal/arm64/PaperloftKit.swiftmodule /Users/builder/Factory/paperloft-chips/build/DerivedData/Build/Products/Debug/PaperloftKit.swiftmodule/arm64-apple-macos.swiftmodule

Copy /Users/builder/Factory/paperloft-chips/build/DerivedData/Build/Products/Debug/PaperloftKit.swiftmodule/arm64-apple-macos.swiftdoc /Users/builder/Factory/paperloft-chips/build/DerivedData/Build/Intermediates.noindex/PaperloftKit.build/Debug/PaperloftKit-t.build/Objects-normal/arm64/PaperloftKit.swiftdoc (in target 'PaperloftKit' from project 'PaperloftKit')
    cd /Users/builder/Factory/paperloft-chips/Packages/PaperloftKit
    builtin-copy -exclude .DS_Store -exclude CVS -exclude .svn -exclude .git -exclude .hg -resolve-src-symlinks -rename /Users/builder/Factory/paperloft-chips/build/DerivedData/Build/Intermediates.noindex/PaperloftKit.build/Debug/PaperloftKit-t.build/Objects-normal/arm64/PaperloftKit.swiftdoc /Users/builder/Factory/paperloft-chips/build/DerivedData/Build/Products/Debug/PaperloftKit.swiftmodule/arm64-apple-macos.swiftdoc

Copy /Users/builder/Factory/paperloft-chips/build/DerivedData/Build/Products/Debug/PaperloftKit.swiftmodule/arm64-apple-macos.abi.json /Users/builder/Factory/paperloft-chips/build/DerivedData/Build/Intermediates.noindex/PaperloftKit.build/Debug/PaperloftKit-t.build/Objects-normal/arm64/PaperloftKit.abi.json (in target 'PaperloftKit' from project 'PaperloftKit')
    cd /Users/builder/Factory/paperloft-chips/Packages/PaperloftKit
    builtin-copy -exclude .DS_Store -exclude CVS -exclude .svn -exclude .git -exclude .hg -resolve-src-symlinks -rename /Users/builder/Factory/paperloft-chips/build/DerivedData/Build/Intermediates.noindex/PaperloftKit.build/Debug/PaperloftKit-t.build/Objects-normal/arm64/PaperloftKit.abi.json /Users/builder/Factory/paperloft-chips/build/DerivedData/Build/Products/Debug/PaperloftKit.swiftmodule/arm64-apple-macos.abi.json

Copy /Users/builder/Factory/paperloft-chips/build/DerivedData/Build/Products/Debug/PaperloftKit.swiftmodule/Project/arm64-apple-macos.swiftsourceinfo /Users/builder/Factory/paperloft-chips/build/DerivedData/Build/Intermediates.noindex/PaperloftKit.build/Debug/PaperloftKit-t.build/Objects-normal/arm64/PaperloftKit.swiftsourceinfo (in target 'PaperloftKit' from project 'PaperloftKit')
    cd /Users/builder/Factory/paperloft-chips/Packages/PaperloftKit
    builtin-copy -exclude .DS_Store -exclude CVS -exclude .svn -exclude .git -exclude .hg -resolve-src-symlinks -rename /Users/builder/Factory/paperloft-chips/build/DerivedData/Build/Intermediates.noindex/PaperloftKit.build/Debug/PaperloftKit-t.build/Objects-normal/arm64/PaperloftKit.swiftsourceinfo /Users/builder/Factory/paperloft-chips/build/DerivedData/Build/Products/Debug/PaperloftKit.swiftmodule/Project/arm64-apple-macos.swiftsourceinfo

SwiftExplicitDependencyGeneratePcm arm64 /Users/builder/Factory/paperloft-chips/build/DerivedData/SDKExplicitPrecompiledModules/XPC-7YAC31H2XVA311TD9V52PCNVR.pcm

SwiftExplicitDependencyGeneratePcm arm64 /Users/builder/Factory/paperloft-chips/build/DerivedData/SDKExplicitPrecompiledModules/CoreFoundation-7L053SG76O97YWCU02UVZIAND.pcm

SwiftExplicitDependencyGeneratePcm arm64 /Users/builder/Factory/paperloft-chips/build/DerivedData/SDKExplicitPrecompiledModules/os-1E2CZLCYH190FILDWTAWLUXTU.pcm

SwiftDriverJobDiscovery normal arm64 Compiling Receipt.swift, ReceiptEngine.swift, ReceiptIndex.swift (in target 'PaperloftKit' from project 'PaperloftKit')

SwiftExplicitDependencyGeneratePcm arm64 /Users/builder/Factory/paperloft-chips/build/DerivedData/SDKExplicitPrecompiledModules/CoreAudioTypes-ADECZKERA3COOQOXE9GKZ0WCK.pcm

SwiftExplicitDependencyGeneratePcm arm64 /Users/builder/Factory/paperloft-chips/build/DerivedData/SDKExplicitPrecompiledModules/IOKit-C6Z0FL2RLNE3SCF17CMZUYFBR.pcm

SwiftExplicitDependencyGeneratePcm arm64 /Users/builder/Factory/paperloft-chips/build/DerivedData/SDKExplicitPrecompiledModules/ColorSync-CS9QAB9FY7YMCCTPC5K6CXKKH.pcm

SwiftExplicitDependencyGeneratePcm arm64 /Users/builder/Factory/paperloft-chips/build/DerivedData/SDKExplicitPrecompiledModules/Security-1RIIBH44W0J2NBCZ963SUE3Z3.pcm

SwiftDriverJobDiscovery normal arm64 Compiling LibraryStore.swift, MailAttachmentSupport.swift, MailCandidateSelection.swift (in target 'PaperloftKit' from project 'PaperloftKit')

SwiftExplicitDependencyGeneratePcm arm64 /Users/builder/Factory/paperloft-chips/build/DerivedData/SDKExplicitPrecompiledModules/CFNetwork-E4JVGKFNJVQUSRKTEZIEV5ET5.pcm

SwiftDriverJobDiscovery normal arm64 Compiling MailDeliveryLedger.swift, MailDocument.swift, MailEnvelope.swift (in target 'PaperloftKit' from project 'PaperloftKit')

SwiftCompile normal arm64 Compiling\ TextLayout.swift,\ UnderstandingQuota.swift /Users/builder/Factory/paperloft-chips/Packages/PaperloftKit/Sources/PaperloftKit/TextLayout.swift /Users/builder/Factory/paperloft-chips/Packages/PaperloftKit/Sources/PaperloftKit/UnderstandingQuota.swift (in target 'PaperloftKit' from project 'PaperloftKit')

SwiftCompile normal arm64 /Users/builder/Factory/paperloft-chips/Packages/PaperloftKit/Sources/PaperloftKit/TextLayout.swift (in target 'PaperloftKit' from project 'PaperloftKit')
    cd /Users/builder/Factory/paperloft-chips/Paperloft.xcodeproj
    builtin-SwiftPerFileCompile TextLayout.swift

SwiftCompile normal arm64 /Users/builder/Factory/paperloft-chips/Packages/PaperloftKit/Sources/PaperloftKit/UnderstandingQuota.swift (in target 'PaperloftKit' from project 'PaperloftKit')
    cd /Users/builder/Factory/paperloft-chips/Paperloft.xcodeproj
    builtin-SwiftPerFileCompile UnderstandingQuota.swift

SwiftExplicitDependencyGeneratePcm arm64 /Users/builder/Factory/paperloft-chips/build/DerivedData/SDKExplicitPrecompiledModules/CoreGraphics-3H2G27J6FTYR3JH4BJ8CF662C.pcm

SwiftExplicitDependencyGeneratePcm arm64 /Users/builder/Factory/paperloft-chips/build/DerivedData/SDKExplicitPrecompiledModules/DiskArbitration-BML8LJ5VJDV7B8VNBHGNGLQVF.pcm

SwiftDriver\ Compilation PaperloftHandoff normal arm64 com.apple.xcode.tools.swift.compiler (in target 'PaperloftHandoff' from project 'PaperloftHandoff')
    cd /Users/builder/Factory/paperloft-chips/Paperloft.xcodeproj
    builtin-Swift-Compilation -- /Applications/Xcode.app/Contents/Developer/Toolchains/XcodeDefault.xctoolchain/usr/bin/swiftc -parse-as-library -module-name PaperloftHandoff -Onone @/Users/builder/Factory/paperloft-chips/build/DerivedData/Build/Intermediates.noindex/PaperloftHandoff.build/Debug/PaperloftHandoff-t.build/Objects-normal/arm64/PaperloftHandoff.SwiftFileList -DSWIFT_PACKAGE -DDEBUG -DSWIFT_MODULE_RESOURCE_BUNDLE_UNAVAILABLE -DXcode -plugin-path /Applications/Xcode.app/Contents/Developer/Toolchains/XcodeDefault.xctoolchain/usr/lib/swift/host/plugins/testing -enable-experimental-feature DebugDescriptionMacro -sdk /Applications/Xcode.app/Contents/Developer/Platforms/MacOSX.platform/Developer/SDKs/MacOSX27.0.sdk -target arm64-apple-macos13.0 -g -module-cache-path /Users/builder/Factory/paperloft-chips/build/DerivedData/ModuleCache.noindex -Xfrontend -serialize-debugging-options -profile-coverage-mapping -profile-generate -enable-testing -warnings-as-errors -index-store-path /Users/builder/Factory/paperloft-chips/build/DerivedData/Index.noindex/DataStore -Xcc -D_LIBCPP_HARDENING_MODE\=_LIBCPP_HARDENING_MODE_DEBUG -swift-version 6 -I /Users/builder/Factory/paperloft-chips/build/DerivedData/Build/Products/Debug -Isystem /Applications/Xcode.app/Contents/Developer/Platforms/MacOSX.platform/Developer/usr/lib -F /Users/builder/Factory/paperloft-chips/build/DerivedData/Build/Products/Debug -F /Applications/Xcode.app/Contents/Developer/Platforms/MacOSX.platform/Developer/Library/Frameworks -c -j10 -enable-batch-mode -incremental -Xcc -ivfsstatcache -Xcc /Users/builder/Factory/paperloft-chips/build/DerivedData/SDKStatCaches.noindex/macosx27.0-26A425-7231f6df4def33e022ae2eb8f782df1a.sdkstatcache -output-file-map /Users/builder/Factory/paperloft-chips/build/DerivedData/Build/Intermediates.noindex/PaperloftHandoff.build/Debug/PaperloftHandoff-t.build/Objects-normal/arm64/PaperloftHandoff-OutputFileMap.json -save-temps -no-color-diagnostics -explicit-module-build -module-cache-path /Users/builder/Factory/paperloft-chips/build/DerivedData/Build/Intermediates.noindex/SwiftExplicitPrecompiledModules -clang-scanner-module-cache-path /Users/builder/Factory/paperloft-chips/build/DerivedData/ModuleCache.noindex -sdk-module-cache-path /Users/builder/Factory/paperloft-chips/build/DerivedData/SDKExplicitPrecompiledModules -emit-dependencies -emit-module -emit-module-path /Users/builder/Factory/paperloft-chips/build/DerivedData/Build/Intermediates.noindex/PaperloftHandoff.build/Debug/PaperloftHandoff-t.build/Objects-normal/arm64/PaperloftHandoff.swiftmodule -serialize-diagnostics -dependency-scan-serialize-diagnostics-path /Users/builder/Factory/paperloft-chips/build/DerivedData/Build/Intermediates.noindex/PaperloftHandoff.build/Debug/PaperloftHandoff-t.build/Objects-normal/arm64/PaperloftHandoff-dependency-scan.dia -validate-clang-modules-once -clang-build-session-file /Users/builder/Factory/paperloft-chips/build/DerivedData/ModuleCache.noindex/Session.modulevalidation -Xcc -fmodules-prune-interval\=86400 -Xcc -fmodules-prune-after\=345600 -package-name paperlofthandoff -emit-const-values -const-gather-protocols-list /Users/builder/Factory/paperloft-chips/build/DerivedData/Build/Intermediates.noindex/PaperloftHandoff.build/Debug/PaperloftHandoff-t.build/Objects-normal/arm64/PaperloftHandoff_const_extract_protocols.json -Xcc -I/Users/builder/Factory/paperloft-chips/build/DerivedData/Build/Products/Debug/include -Xcc -I/Users/builder/Factory/paperloft-chips/build/DerivedData/Build/Intermediates.noindex/PaperloftHandoff.build/Debug/PaperloftHandoff-t.build/DerivedSources-normal/arm64 -Xcc -I/Users/builder/Factory/paperloft-chips/build/DerivedData/Build/Intermediates.noindex/PaperloftHandoff.build/Debug/PaperloftHandoff-t.build/DerivedSources/arm64 -Xcc -I/Users/builder/Factory/paperloft-chips/build/DerivedData/Build/Intermediates.noindex/PaperloftHandoff.build/Debug/PaperloftHandoff-t.build/DerivedSources -Xcc -DSWIFT_PACKAGE -Xcc -DDEBUG\=1 -emit-objc-header -emit-objc-header-path /Users/builder/Factory/paperloft-chips/build/DerivedData/Build/Intermediates.noindex/PaperloftHandoff.build/Debug/PaperloftHandoff-t.build/Objects-normal/arm64/PaperloftHandoff-Swift.h -working-directory /Users/builder/Factory/paperloft-chips/Paperloft.xcodeproj -experimental-emit-module-separately -disable-cmo

SwiftDriverJobDiscovery normal arm64 Compiling AccountantPack.swift, Assessment.swift, Extraction.swift (in target 'PaperloftKit' from project 'PaperloftKit')

Ld /Users/builder/Factory/paperloft-chips/build/DerivedData/Build/Products/Debug/PaperloftHandoff.o normal (in target 'PaperloftHandoff' from project 'PaperloftHandoff')
    cd /Users/builder/Factory/paperloft-chips/Packages/PaperloftHandoff
    /Applications/Xcode.app/Contents/Developer/Toolchains/XcodeDefault.xctoolchain/usr/bin/clang -Xlinker -reproducible -target arm64-apple-macos13.0 -r -isysroot /Applications/Xcode.app/Contents/Developer/Platforms/MacOSX.platform/Developer/SDKs/MacOSX27.0.sdk -O0 -Xlinker -no_warn_duplicate_libraries -F/Users/builder/Factory/paperloft-chips/build/DerivedData/Build/Intermediates.noindex/EagerLinkingTBDs/Debug -F/Users/builder/Factory/paperloft-chips/build/DerivedData/Build/Products/Debug -iframework /Applications/Xcode.app/Contents/Developer/Platforms/MacOSX.platform/Developer/Library/Frameworks -filelist /Users/builder/Factory/paperloft-chips/build/DerivedData/Build/Intermediates.noindex/PaperloftHandoff.build/Debug/PaperloftHandoff-t.build/Objects-normal/arm64/PaperloftHandoff.LinkFileList -nostdlib -Xlinker -object_path_lto -Xlinker /Users/builder/Factory/paperloft-chips/build/DerivedData/Build/Intermediates.noindex/PaperloftHandoff.build/Debug/PaperloftHandoff-t.build/Objects-normal/arm64/PaperloftHandoff_lto.o -Xlinker -no_deduplicate -Xlinker -debug_variant -Xlinker -dependency_info -Xlinker /Users/builder/Factory/paperloft-chips/build/DerivedData/Build/Intermediates.noindex/PaperloftHandoff.build/Debug/PaperloftHandoff-t.build/Objects-normal/arm64/PaperloftHandoff_dependency_info.dat -fobjc-link-runtime -L/Applications/Xcode.app/Contents/Developer/Toolchains/XcodeDefault.xctoolchain/usr/lib/swift/macosx -L/usr/lib/swift -Xlinker -add_ast_path -Xlinker /Users/builder/Factory/paperloft-chips/build/DerivedData/Build/Intermediates.noindex/PaperloftHandoff.build/Debug/PaperloftHandoff-t.build/Objects-normal/arm64/PaperloftHandoff.swiftmodule -o /Users/builder/Factory/paperloft-chips/build/DerivedData/Build/Products/Debug/PaperloftHandoff.o

SwiftDriverJobDiscovery normal arm64 Compiling IntakeQueue.swift, LibraryAccess.swift, LibraryFiles.swift (in target 'PaperloftKit' from project 'PaperloftKit')

ExtractAppIntentsMetadata (in target 'PaperloftHandoff' from project 'PaperloftHandoff')
    cd /Users/builder/Factory/paperloft-chips/Packages/PaperloftHandoff
    /Applications/Xcode.app/Contents/Developer/Toolchains/XcodeDefault.xctoolchain/usr/bin/appintentsmetadataprocessor --toolchain-dir /Applications/Xcode.app/Contents/Developer/Toolchains/XcodeDefault.xctoolchain --module-name PaperloftHandoff --sdk-root /Applications/Xcode.app/Contents/Developer/Platforms/MacOSX.platform/Developer/SDKs/MacOSX27.0.sdk --xcode-version 27A266a --platform-family macOS --deployment-target 13.0 --output /Users/builder/Factory/paperloft-chips/build/DerivedData/Build/Products/Debug/PaperloftHandoff.appintents --target-triple arm64-apple-macos13.0 --binary-file /Users/builder/Factory/paperloft-chips/build/DerivedData/Build/Products/Debug/PaperloftHandoff.o --dependency-file /Users/builder/Factory/paperloft-chips/build/DerivedData/Build/Intermediates.noindex/PaperloftHandoff.build/Debug/PaperloftHandoff-t.build/Objects-normal/arm64/PaperloftHandoff_dependency_info.dat --stringsdata-file /Users/builder/Factory/paperloft-chips/build/DerivedData/Build/Intermediates.noindex/PaperloftHandoff.build/Debug/PaperloftHandoff-t.build/Objects-normal/arm64/ExtractedAppShortcutsMetadata.stringsdata --source-file-list /Users/builder/Factory/paperloft-chips/build/DerivedData/Build/Intermediates.noindex/PaperloftHandoff.build/Debug/PaperloftHandoff-t.build/Objects-normal/arm64/PaperloftHandoff.SwiftFileList --metadata-file-list /Users/builder/Factory/paperloft-chips/build/DerivedData/Build/Intermediates.noindex/PaperloftHandoff.build/Debug/PaperloftHandoff-t.build/PaperloftHandoff.DependencyMetadataFileList --static-metadata-file-list /Users/builder/Factory/paperloft-chips/build/DerivedData/Build/Intermediates.noindex/PaperloftHandoff.build/Debug/PaperloftHandoff-t.build/PaperloftHandoff.DependencyStaticMetadataFileList --swift-const-vals-list /Users/builder/Factory/paperloft-chips/build/DerivedData/Build/Intermediates.noindex/PaperloftHandoff.build/Debug/PaperloftHandoff-t.build/Objects-normal/arm64/PaperloftHandoff.SwiftConstValuesFileList --force --compile-time-extraction --deployment-aware-processing --no-app-shortcuts-localization
2026-10-02 04:06:34.502 appintentsmetadataprocessor[51199:7672899] Starting appintentsmetadataprocessor export
2026-10-02 04:06:34.559 appintentsmetadataprocessor[51199:7672899] Extracted no relevant App Intents symbols, skipping writing output

SwiftExplicitDependencyGeneratePcm arm64 /Users/builder/Factory/paperloft-chips/build/DerivedData/SDKExplicitPrecompiledModules/CoreServices-ACBVV1B4WI18JKLVEZJDB6YY0.pcm

SwiftExplicitDependencyGeneratePcm arm64 /Users/builder/Factory/paperloft-chips/build/DerivedData/SDKExplicitPrecompiledModules/CoreText-7Y0JY78NI3H9YPWYF0M3UVVF2.pcm

SwiftExplicitDependencyGeneratePcm arm64 /Users/builder/Factory/paperloft-chips/build/DerivedData/SDKExplicitPrecompiledModules/ImageIO-8P6XLA2EHAZMCT98UY7XM4QE3.pcm

ProcessInfoPlistFile /Users/builder/Factory/paperloft-chips/build/DerivedData/Build/Products/Debug/PaperloftShare.appex/Contents/Info.plist /Users/builder/Factory/paperloft-chips/Configuration/Share-Info.plist (in target 'PaperloftShare' from project 'Paperloft')
    cd /Users/builder/Factory/paperloft-chips
    builtin-infoPlistUtility /Users/builder/Factory/paperloft-chips/Configuration/Share-Info.plist -producttype com.apple.product-type.app-extension -expandbuildsettings -platform macosx -o /Users/builder/Factory/paperloft-chips/build/DerivedData/Build/Products/Debug/PaperloftShare.appex/Contents/Info.plist

CpResource /Users/builder/Factory/paperloft-chips/build/DerivedData/Build/Products/Debug/PaperloftShare.appex/Contents/Resources/PrivacyInfo.xcprivacy /Users/builder/Factory/paperloft-chips/Apps/PaperloftShare/PrivacyInfo.xcprivacy (in target 'PaperloftShare' from project 'Paperloft')
    cd /Users/builder/Factory/paperloft-chips
    builtin-copy -exclude .DS_Store -exclude CVS -exclude .svn -exclude .git -exclude .hg -strip-unsigned-binaries -strip-deterministic -strip-tool /Applications/Xcode.app/Contents/Developer/Toolchains/XcodeDefault.xctoolchain/usr/bin/strip -resolve-src-symlinks /Users/builder/Factory/paperloft-chips/Apps/PaperloftShare/PrivacyInfo.xcprivacy /Users/builder/Factory/paperloft-chips/build/DerivedData/Build/Products/Debug/PaperloftShare.appex/Contents/Resources

Ld /Users/builder/Factory/paperloft-chips/build/DerivedData/Build/Products/Debug/PaperloftShare.appex/Contents/MacOS/__preview.dylib normal (in target 'PaperloftShare' from project 'Paperloft')
    cd /Users/builder/Factory/paperloft-chips
    /Applications/Xcode.app/Contents/Developer/Toolchains/XcodeDefault.xctoolchain/usr/bin/clang -Xlinker -reproducible -target arm64-apple-macos27.0 -dynamiclib -isysroot /Applications/Xcode.app/Contents/Developer/Platforms/MacOSX.platform/Developer/SDKs/MacOSX27.0.sdk -Os -Xlinker -no_warn_duplicate_libraries -L/Users/builder/Factory/paperloft-chips/build/DerivedData/Build/Products/Debug -F/Users/builder/Factory/paperloft-chips/build/DerivedData/Build/Products/Debug/PackageFrameworks -F/Users/builder/Factory/paperloft-chips/build/DerivedData/Build/Products/Debug -install_name @rpath/PaperloftShare.debug.dylib -rdynamic -Xlinker -debug_variant -Xlinker -dependency_info -Xlinker /Users/builder/Factory/paperloft-chips/build/DerivedData/Build/Intermediates.noindex/Paperloft.build/Debug/PaperloftShare.build/Objects-normal/arm64/PaperloftShare_dependency_info.dat -Xlinker -no_adhoc_codesign -o /Users/builder/Factory/paperloft-chips/build/DerivedData/Build/Products/Debug/PaperloftShare.appex/Contents/MacOS/__preview.dylib

SwiftDriverJobDiscovery normal arm64 Compiling MailFieldHints.swift, MailImport.swift, Money.swift (in target 'PaperloftKit' from project 'PaperloftKit')

SwiftDriverJobDiscovery normal arm64 Compiling ScanImport.swift, TaxSourceEvidence.swift (in target 'PaperloftKit' from project 'PaperloftKit')

SwiftDriverJobDiscovery normal arm64 Compiling TextLayout.swift, UnderstandingQuota.swift (in target 'PaperloftKit' from project 'PaperloftKit')

SwiftExplicitDependencyGeneratePcm arm64 /Users/builder/Factory/paperloft-chips/build/DerivedData/SDKExplicitPrecompiledModules/Foundation-70FZ5AR8FU0IPGZZMVWU0CXCV.pcm

SwiftDriverJobDiscovery normal arm64 Compiling ReceiptNameTemplate.swift, Recognize.swift (in target 'PaperloftKit' from project 'PaperloftKit')

SwiftExplicitDependencyGeneratePcm arm64 /Users/builder/Factory/paperloft-chips/build/DerivedData/SDKExplicitPrecompiledModules/CoreAudio-1WPUWT8KU2O6SRRQLP9VRAD7X.pcm

SwiftExplicitDependencyGeneratePcm arm64 /Users/builder/Factory/paperloft-chips/build/DerivedData/SDKExplicitPrecompiledModules/CoreTransferable-4R6SI3417ZFHUABS4A40M4QYV.pcm

SwiftExplicitDependencyGeneratePcm arm64 /Users/builder/Factory/paperloft-chips/build/DerivedData/SDKExplicitPrecompiledModules/ApplicationServices-79PV2LM1QDPRVJQQ492SZ0UMZ.pcm

SwiftExplicitDependencyGeneratePcm arm64 /Users/builder/Factory/paperloft-chips/build/DerivedData/SDKExplicitPrecompiledModules/OSLog-2A5P83PCDYXJZ4WJ8I49TTWIU.pcm

SwiftExplicitDependencyGeneratePcm arm64 /Users/builder/Factory/paperloft-chips/build/DerivedData/SDKExplicitPrecompiledModules/CoreData-241FNQBFLKQ95KYQQ77TMW7K2.pcm

SwiftExplicitDependencyGeneratePcm arm64 /Users/builder/Factory/paperloft-chips/build/DerivedData/SDKExplicitPrecompiledModules/DataDetection-IY6QDQKZ19IPDY79KYGXSIYC.pcm

SwiftExplicitDependencyGeneratePcm arm64 /Users/builder/Factory/paperloft-chips/build/DerivedData/SDKExplicitPrecompiledModules/UniformTypeIdentifiers-7CQGGGFYJIEDZL72AQDIIDNY.pcm

SwiftExplicitDependencyGeneratePcm arm64 /Users/builder/Factory/paperloft-chips/build/DerivedData/SDKExplicitPrecompiledModules/Accessibility-YXY398RRH3WKKL34O8NSQED.pcm

SwiftExplicitDependencyGeneratePcm arm64 /Users/builder/Factory/paperloft-chips/build/DerivedData/SDKExplicitPrecompiledModules/Symbols-E4IPD6YKKNVTYSKQ10SVUT075.pcm

SwiftExplicitDependencyGeneratePcm arm64 /Users/builder/Factory/paperloft-chips/build/DerivedData/SDKExplicitPrecompiledModules/IOSurface-9O8CE6QI929OFS8KH5SHW5JX3.pcm

SwiftExplicitDependencyGeneratePcm arm64 /Users/builder/Factory/paperloft-chips/build/DerivedData/SDKExplicitPrecompiledModules/Metal-B251DUHJTOTWNPN6GYAI9XHW6.pcm

SwiftExplicitDependencyGeneratePcm arm64 /Users/builder/Factory/paperloft-chips/build/DerivedData/SDKExplicitPrecompiledModules/OpenGL-CYXPTRZ4YMSVVTY2E9TVTI5PB.pcm

SwiftDriverJobDiscovery normal arm64 Compiling WatchedFolderScanner.swift, ZipArchive.swift (in target 'PaperloftKit' from project 'PaperloftKit')

SwiftDriver\ Compilation PaperloftKit normal arm64 com.apple.xcode.tools.swift.compiler (in target 'PaperloftKit' from project 'PaperloftKit')
    cd /Users/builder/Factory/paperloft-chips/Paperloft.xcodeproj
    builtin-Swift-Compilation -- /Applications/Xcode.app/Contents/Developer/Toolchains/XcodeDefault.xctoolchain/usr/bin/swiftc -parse-as-library -module-name PaperloftKit -Onone @/Users/builder/Factory/paperloft-chips/build/DerivedData/Build/Intermediates.noindex/PaperloftKit.build/Debug/PaperloftKit-t.build/Objects-normal/arm64/PaperloftKit.SwiftFileList -DSWIFT_PACKAGE -DDEBUG -DSWIFT_MODULE_RESOURCE_BUNDLE_UNAVAILABLE -DXcode -plugin-path /Applications/Xcode.app/Contents/Developer/Toolchains/XcodeDefault.xctoolchain/usr/lib/swift/host/plugins/testing -enable-experimental-feature DebugDescriptionMacro -sdk /Applications/Xcode.app/Contents/Developer/Platforms/MacOSX.platform/Developer/SDKs/MacOSX27.0.sdk -target arm64-apple-macos27.0 -g -module-cache-path /Users/builder/Factory/paperloft-chips/build/DerivedData/ModuleCache.noindex -Xfrontend -serialize-debugging-options -profile-coverage-mapping -profile-generate -enable-testing -warnings-as-errors -index-store-path /Users/builder/Factory/paperloft-chips/build/DerivedData/Index.noindex/DataStore -Xcc -D_LIBCPP_HARDENING_MODE\=_LIBCPP_HARDENING_MODE_DEBUG -swift-version 6 -I /Users/builder/Factory/paperloft-chips/build/DerivedData/Build/Products/Debug -Isystem /Applications/Xcode.app/Contents/Developer/Platforms/MacOSX.platform/Developer/usr/lib -F /Users/builder/Factory/paperloft-chips/build/DerivedData/Build/Products/Debug -F /Applications/Xcode.app/Contents/Developer/Platforms/MacOSX.platform/Developer/Library/Frameworks -c -j10 -enable-batch-mode -incremental -Xcc -ivfsstatcache -Xcc /Users/builder/Factory/paperloft-chips/build/DerivedData/SDKStatCaches.noindex/macosx27.0-26A425-7231f6df4def33e022ae2eb8f782df1a.sdkstatcache -output-file-map /Users/builder/Factory/paperloft-chips/build/DerivedData/Build/Intermediates.noindex/PaperloftKit.build/Debug/PaperloftKit-t.build/Objects-normal/arm64/PaperloftKit-OutputFileMap.json -save-temps -no-color-diagnostics -explicit-module-build -module-cache-path /Users/builder/Factory/paperloft-chips/build/DerivedData/Build/Intermediates.noindex/SwiftExplicitPrecompiledModules -clang-scanner-module-cache-path /Users/builder/Factory/paperloft-chips/build/DerivedData/ModuleCache.noindex -sdk-module-cache-path /Users/builder/Factory/paperloft-chips/build/DerivedData/SDKExplicitPrecompiledModules -emit-dependencies -emit-module -emit-module-path /Users/builder/Factory/paperloft-chips/build/DerivedData/Build/Intermediates.noindex/PaperloftKit.build/Debug/PaperloftKit-t.build/Objects-normal/arm64/PaperloftKit.swiftmodule -serialize-diagnostics -dependency-scan-serialize-diagnostics-path /Users/builder/Factory/paperloft-chips/build/DerivedData/Build/Intermediates.noindex/PaperloftKit.build/Debug/PaperloftKit-t.build/Objects-normal/arm64/PaperloftKit-dependency-scan.dia -validate-clang-modules-once -clang-build-session-file /Users/builder/Factory/paperloft-chips/build/DerivedData/ModuleCache.noindex/Session.modulevalidation -Xcc -fmodules-prune-interval\=86400 -Xcc -fmodules-prune-after\=345600 -package-name paperloftkit -emit-const-values -const-gather-protocols-list /Users/builder/Factory/paperloft-chips/build/DerivedData/Build/Intermediates.noindex/PaperloftKit.build/Debug/PaperloftKit-t.build/Objects-normal/arm64/PaperloftKit_const_extract_protocols.json -Xcc -I/Users/builder/Factory/paperloft-chips/build/DerivedData/Build/Products/Debug/include -Xcc -I/Users/builder/Factory/paperloft-chips/build/DerivedData/Build/Intermediates.noindex/PaperloftKit.build/Debug/PaperloftKit-t.build/DerivedSources-normal/arm64 -Xcc -I/Users/builder/Factory/paperloft-chips/build/DerivedData/Build/Intermediates.noindex/PaperloftKit.build/Debug/PaperloftKit-t.build/DerivedSources/arm64 -Xcc -I/Users/builder/Factory/paperloft-chips/build/DerivedData/Build/Intermediates.noindex/PaperloftKit.build/Debug/PaperloftKit-t.build/DerivedSources -Xcc -DSWIFT_PACKAGE -Xcc -DDEBUG\=1 -emit-objc-header -emit-objc-header-path /Users/builder/Factory/paperloft-chips/build/DerivedData/Build/Intermediates.noindex/PaperloftKit.build/Debug/PaperloftKit-t.build/Objects-normal/arm64/PaperloftKit-Swift.h -working-directory /Users/builder/Factory/paperloft-chips/Paperloft.xcodeproj -experimental-emit-module-separately -disable-cmo

Ld /Users/builder/Factory/paperloft-chips/build/DerivedData/Build/Products/Debug/PaperloftKit.o normal (in target 'PaperloftKit' from project 'PaperloftKit')
    cd /Users/builder/Factory/paperloft-chips/Packages/PaperloftKit
    /Applications/Xcode.app/Contents/Developer/Toolchains/XcodeDefault.xctoolchain/usr/bin/clang -Xlinker -reproducible -target arm64-apple-macos27.0 -r -isysroot /Applications/Xcode.app/Contents/Developer/Platforms/MacOSX.platform/Developer/SDKs/MacOSX27.0.sdk -O0 -Xlinker -no_warn_duplicate_libraries -F/Users/builder/Factory/paperloft-chips/build/DerivedData/Build/Intermediates.noindex/EagerLinkingTBDs/Debug -F/Users/builder/Factory/paperloft-chips/build/DerivedData/Build/Products/Debug -iframework /Applications/Xcode.app/Contents/Developer/Platforms/MacOSX.platform/Developer/Library/Frameworks -filelist /Users/builder/Factory/paperloft-chips/build/DerivedData/Build/Intermediates.noindex/PaperloftKit.build/Debug/PaperloftKit-t.build/Objects-normal/arm64/PaperloftKit.LinkFileList -nostdlib -Xlinker -object_path_lto -Xlinker /Users/builder/Factory/paperloft-chips/build/DerivedData/Build/Intermediates.noindex/PaperloftKit.build/Debug/PaperloftKit-t.build/Objects-normal/arm64/PaperloftKit_lto.o -Xlinker -no_deduplicate -Xlinker -debug_variant -Xlinker -dependency_info -Xlinker /Users/builder/Factory/paperloft-chips/build/DerivedData/Build/Intermediates.noindex/PaperloftKit.build/Debug/PaperloftKit-t.build/Objects-normal/arm64/PaperloftKit_dependency_info.dat -fobjc-link-runtime -L/Applications/Xcode.app/Contents/Developer/Toolchains/XcodeDefault.xctoolchain/usr/lib/swift/macosx -L/usr/lib/swift -Xlinker -add_ast_path -Xlinker /Users/builder/Factory/paperloft-chips/build/DerivedData/Build/Intermediates.noindex/PaperloftKit.build/Debug/PaperloftKit-t.build/Objects-normal/arm64/PaperloftKit.swiftmodule -o /Users/builder/Factory/paperloft-chips/build/DerivedData/Build/Products/Debug/PaperloftKit.o

ExtractAppIntentsMetadata (in target 'PaperloftKit' from project 'PaperloftKit')
    cd /Users/builder/Factory/paperloft-chips/Packages/PaperloftKit
    /Applications/Xcode.app/Contents/Developer/Toolchains/XcodeDefault.xctoolchain/usr/bin/appintentsmetadataprocessor --toolchain-dir /Applications/Xcode.app/Contents/Developer/Toolchains/XcodeDefault.xctoolchain --module-name PaperloftKit --sdk-root /Applications/Xcode.app/Contents/Developer/Platforms/MacOSX.platform/Developer/SDKs/MacOSX27.0.sdk --xcode-version 27A266a --platform-family macOS --deployment-target 27.0 --output /Users/builder/Factory/paperloft-chips/build/DerivedData/Build/Products/Debug/PaperloftKit.appintents --target-triple arm64-apple-macos27.0 --binary-file /Users/builder/Factory/paperloft-chips/build/DerivedData/Build/Products/Debug/PaperloftKit.o --dependency-file /Users/builder/Factory/paperloft-chips/build/DerivedData/Build/Intermediates.noindex/PaperloftKit.build/Debug/PaperloftKit-t.build/Objects-normal/arm64/PaperloftKit_dependency_info.dat --stringsdata-file /Users/builder/Factory/paperloft-chips/build/DerivedData/Build/Intermediates.noindex/PaperloftKit.build/Debug/PaperloftKit-t.build/Objects-normal/arm64/ExtractedAppShortcutsMetadata.stringsdata --source-file-list /Users/builder/Factory/paperloft-chips/build/DerivedData/Build/Intermediates.noindex/PaperloftKit.build/Debug/PaperloftKit-t.build/Objects-normal/arm64/PaperloftKit.SwiftFileList --metadata-file-list /Users/builder/Factory/paperloft-chips/build/DerivedData/Build/Intermediates.noindex/PaperloftKit.build/Debug/PaperloftKit-t.build/PaperloftKit.DependencyMetadataFileList --static-metadata-file-list /Users/builder/Factory/paperloft-chips/build/DerivedData/Build/Intermediates.noindex/PaperloftKit.build/Debug/PaperloftKit-t.build/PaperloftKit.DependencyStaticMetadataFileList --swift-const-vals-list /Users/builder/Factory/paperloft-chips/build/DerivedData/Build/Intermediates.noindex/PaperloftKit.build/Debug/PaperloftKit-t.build/Objects-normal/arm64/PaperloftKit.SwiftConstValuesFileList --force --compile-time-extraction --deployment-aware-processing --no-app-shortcuts-localization
2026-10-02 04:06:35.292 appintentsmetadataprocessor[51221:7672970] Starting appintentsmetadataprocessor export
2026-10-02 04:06:35.347 appintentsmetadataprocessor[51221:7672970] Extracted no relevant App Intents symbols, skipping writing output

SwiftExplicitDependencyGeneratePcm arm64 /Users/builder/Factory/paperloft-chips/build/DerivedData/SDKExplicitPrecompiledModules/CoreVideo-DL1KDGMJZ0QZZE0WXU63KXU65.pcm

SwiftExplicitDependencyGeneratePcm arm64 /Users/builder/Factory/paperloft-chips/build/DerivedData/SDKExplicitPrecompiledModules/CoreMedia-19BVETEOMI8O3DVIRG2DI3V5.pcm

SwiftExplicitDependencyGeneratePcm arm64 /Users/builder/Factory/paperloft-chips/build/DerivedData/SDKExplicitPrecompiledModules/CoreImage-17S6XZXBKHUEKSOTX6PMSYRV8.pcm

SwiftExplicitDependencyGeneratePcm arm64 /Users/builder/Factory/paperloft-chips/build/DerivedData/SDKExplicitPrecompiledModules/QuartzCore-7RMW0KVHPYCQ4Z0V59ARQJATK.pcm

SwiftExplicitDependencyGeneratePcm arm64 /Users/builder/Factory/paperloft-chips/build/DerivedData/SDKExplicitPrecompiledModules/SwiftUICore-DKBKYURG04MZQ42G61PKQLC64.pcm

SwiftExplicitDependencyGeneratePcm arm64 /Users/builder/Factory/paperloft-chips/build/DerivedData/SDKExplicitPrecompiledModules/AppKit-6WFYSBF2FMG47DVEL3RZMUHS7.pcm

SwiftExplicitDependencyGeneratePcm arm64 /Users/builder/Factory/paperloft-chips/build/DerivedData/SDKExplicitPrecompiledModules/SwiftUI-DYNGT8D8F8EWUB8389TP6D2UM.pcm

SwiftEmitModule normal arm64 Emitting\ module\ for\ PaperloftShare (in target 'PaperloftShare' from project 'Paperloft')

SwiftCompile normal arm64 (in target 'PaperloftShare' from project 'Paperloft')
    cd /Users/builder/Factory/paperloft-chips
    

SwiftCompile normal arm64 Compiling\ ShareViewController.swift /Users/builder/Factory/paperloft-chips/Apps/PaperloftShare/ShareViewController.swift (in target 'PaperloftShare' from project 'Paperloft')

SwiftCompile normal arm64 /Users/builder/Factory/paperloft-chips/Apps/PaperloftShare/ShareViewController.swift (in target 'PaperloftShare' from project 'Paperloft')
    cd /Users/builder/Factory/paperloft-chips
    builtin-SwiftPerFileCompile ShareViewController.swift

SwiftDriverJobDiscovery normal arm64 Emitting module for PaperloftShare (in target 'PaperloftShare' from project 'Paperloft')

SwiftDriver\ Compilation\ Requirements PaperloftShare normal arm64 com.apple.xcode.tools.swift.compiler (in target 'PaperloftShare' from project 'Paperloft')
    cd /Users/builder/Factory/paperloft-chips
    builtin-Swift-Compilation-Requirements -- /Applications/Xcode.app/Contents/Developer/Toolchains/XcodeDefault.xctoolchain/usr/bin/swiftc -module-name PaperloftShare -Onone @/Users/builder/Factory/paperloft-chips/build/DerivedData/Build/Intermediates.noindex/Paperloft.build/Debug/PaperloftShare.build/Objects-normal/arm64/PaperloftShare.SwiftFileList -DDEBUG -enable-experimental-feature DebugDescriptionMacro -sdk /Applications/Xcode.app/Contents/Developer/Platforms/MacOSX.platform/Developer/SDKs/MacOSX27.0.sdk -target arm64-apple-macos27.0 -g -module-cache-path /Users/builder/Factory/paperloft-chips/build/DerivedData/ModuleCache.noindex -Xfrontend -serialize-debugging-options -application-extension -profile-coverage-mapping -profile-generate -enable-testing -warnings-as-errors -index-store-path /Users/builder/Factory/paperloft-chips/build/DerivedData/Index.noindex/DataStore -swift-version 6 -I /Users/builder/Factory/paperloft-chips/build/DerivedData/Build/Products/Debug -F /Users/builder/Factory/paperloft-chips/build/DerivedData/Build/Products/Debug/PackageFrameworks -F /Users/builder/Factory/paperloft-chips/build/DerivedData/Build/Products/Debug -parse-as-library -c -j10 -enable-batch-mode -incremental -Xcc -ivfsstatcache -Xcc /Users/builder/Factory/paperloft-chips/build/DerivedData/SDKStatCaches.noindex/macosx27.0-26A425-7231f6df4def33e022ae2eb8f782df1a.sdkstatcache -output-file-map /Users/builder/Factory/paperloft-chips/build/DerivedData/Build/Intermediates.noindex/Paperloft.build/Debug/PaperloftShare.build/Objects-normal/arm64/PaperloftShare-OutputFileMap.json -save-temps -no-color-diagnostics -explicit-module-build -module-cache-path /Users/builder/Factory/paperloft-chips/build/DerivedData/Build/Intermediates.noindex/SwiftExplicitPrecompiledModules -clang-scanner-module-cache-path /Users/builder/Factory/paperloft-chips/build/DerivedData/ModuleCache.noindex -sdk-module-cache-path /Users/builder/Factory/paperloft-chips/build/DerivedData/SDKExplicitPrecompiledModules -emit-dependencies -emit-module -emit-module-path /Users/builder/Factory/paperloft-chips/build/DerivedData/Build/Intermediates.noindex/Paperloft.build/Debug/PaperloftShare.build/Objects-normal/arm64/PaperloftShare.swiftmodule -serialize-diagnostics -dependency-scan-serialize-diagnostics-path /Users/builder/Factory/paperloft-chips/build/DerivedData/Build/Intermediates.noindex/Paperloft.build/Debug/PaperloftShare.build/Objects-normal/arm64/PaperloftShare-dependency-scan.dia -validate-clang-modules-once -clang-build-session-file /Users/builder/Factory/paperloft-chips/build/DerivedData/ModuleCache.noindex/Session.modulevalidation -Xcc -fmodules-prune-interval\=86400 -Xcc -fmodules-prune-after\=345600 -emit-const-values -const-gather-protocols-list /Users/builder/Factory/paperloft-chips/build/DerivedData/Build/Intermediates.noindex/Paperloft.build/Debug/PaperloftShare.build/Objects-normal/arm64/PaperloftShare_const_extract_protocols.json -Xcc -iquote -Xcc /Users/builder/Factory/paperloft-chips/build/DerivedData/Build/Intermediates.noindex/Paperloft.build/Debug/PaperloftShare.build/PaperloftShare-generated-files.hmap -Xcc -I/Users/builder/Factory/paperloft-chips/build/DerivedData/Build/Intermediates.noindex/Paperloft.build/Debug/PaperloftShare.build/PaperloftShare-own-target-headers.hmap -Xcc -I/Users/builder/Factory/paperloft-chips/build/DerivedData/Build/Intermediates.noindex/Paperloft.build/Debug/PaperloftShare.build/PaperloftShare-all-non-framework-target-headers.hmap -Xcc -ivfsoverlay -Xcc /Users/builder/Factory/paperloft-chips/build/DerivedData/Build/Intermediates.noindex/Paperloft.build/Debug/Paperloft-b93ddc6bcd4d234a5473ab01ad3589c4-VFS/all-product-headers.yaml -Xcc -iquote -Xcc /Users/builder/Factory/paperloft-chips/build/DerivedData/Build/Intermediates.noindex/Paperloft.build/Debug/PaperloftShare.build/PaperloftShare-project-headers.hmap -Xcc -I/Users/builder/Factory/paperloft-chips/build/DerivedData/Build/Products/Debug/include -Xcc -I/Users/builder/Factory/paperloft-chips/build/DerivedData/Build/Intermediates.noindex/Paperloft.build/Debug/PaperloftShare.build/DerivedSources-normal/arm64 -Xcc -I/Users/builder/Factory/paperloft-chips/build/DerivedData/Build/Intermediates.noindex/Paperloft.build/Debug/PaperloftShare.build/DerivedSources/arm64 -Xcc -I/Users/builder/Factory/paperloft-chips/build/DerivedData/Build/Intermediates.noindex/Paperloft.build/Debug/PaperloftShare.build/DerivedSources -emit-objc-header -emit-objc-header-path /Users/builder/Factory/paperloft-chips/build/DerivedData/Build/Intermediates.noindex/Paperloft.build/Debug/PaperloftShare.build/Objects-normal/arm64/PaperloftShare-Swift.h -working-directory /Users/builder/Factory/paperloft-chips -experimental-emit-module-separately -disable-cmo

SwiftMergeGeneratedHeaders /Users/builder/Factory/paperloft-chips/build/DerivedData/Build/Intermediates.noindex/Paperloft.build/Debug/PaperloftShare.build/DerivedSources/PaperloftShare-Swift.h /Users/builder/Factory/paperloft-chips/build/DerivedData/Build/Intermediates.noindex/Paperloft.build/Debug/PaperloftShare.build/Objects-normal/arm64/PaperloftShare-Swift.h (in target 'PaperloftShare' from project 'Paperloft')
    cd /Users/builder/Factory/paperloft-chips
    builtin-swiftHeaderTool -arch arm64 /Users/builder/Factory/paperloft-chips/build/DerivedData/Build/Intermediates.noindex/Paperloft.build/Debug/PaperloftShare.build/Objects-normal/arm64/PaperloftShare-Swift.h -o /Users/builder/Factory/paperloft-chips/build/DerivedData/Build/Intermediates.noindex/Paperloft.build/Debug/PaperloftShare.build/DerivedSources/PaperloftShare-Swift.h

Copy /Users/builder/Factory/paperloft-chips/build/DerivedData/Build/Products/Debug/PaperloftShare.swiftmodule/arm64-apple-macos.swiftdoc /Users/builder/Factory/paperloft-chips/build/DerivedData/Build/Intermediates.noindex/Paperloft.build/Debug/PaperloftShare.build/Objects-normal/arm64/PaperloftShare.swiftdoc (in target 'PaperloftShare' from project 'Paperloft')
    cd /Users/builder/Factory/paperloft-chips
    builtin-copy -exclude .DS_Store -exclude CVS -exclude .svn -exclude .git -exclude .hg -strip-unsigned-binaries -strip-deterministic -strip-tool /Applications/Xcode.app/Contents/Developer/Toolchains/XcodeDefault.xctoolchain/usr/bin/strip -resolve-src-symlinks -rename /Users/builder/Factory/paperloft-chips/build/DerivedData/Build/Intermediates.noindex/Paperloft.build/Debug/PaperloftShare.build/Objects-normal/arm64/PaperloftShare.swiftdoc /Users/builder/Factory/paperloft-chips/build/DerivedData/Build/Products/Debug/PaperloftShare.swiftmodule/arm64-apple-macos.swiftdoc

Copy /Users/builder/Factory/paperloft-chips/build/DerivedData/Build/Products/Debug/PaperloftShare.swiftmodule/arm64-apple-macos.abi.json /Users/builder/Factory/paperloft-chips/build/DerivedData/Build/Intermediates.noindex/Paperloft.build/Debug/PaperloftShare.build/Objects-normal/arm64/PaperloftShare.abi.json (in target 'PaperloftShare' from project 'Paperloft')
    cd /Users/builder/Factory/paperloft-chips
    builtin-copy -exclude .DS_Store -exclude CVS -exclude .svn -exclude .git -exclude .hg -strip-unsigned-binaries -strip-deterministic -strip-tool /Applications/Xcode.app/Contents/Developer/Toolchains/XcodeDefault.xctoolchain/usr/bin/strip -resolve-src-symlinks -rename /Users/builder/Factory/paperloft-chips/build/DerivedData/Build/Intermediates.noindex/Paperloft.build/Debug/PaperloftShare.build/Objects-normal/arm64/PaperloftShare.abi.json /Users/builder/Factory/paperloft-chips/build/DerivedData/Build/Products/Debug/PaperloftShare.swiftmodule/arm64-apple-macos.abi.json

Copy /Users/builder/Factory/paperloft-chips/build/DerivedData/Build/Products/Debug/PaperloftShare.swiftmodule/arm64-apple-macos.swiftmodule /Users/builder/Factory/paperloft-chips/build/DerivedData/Build/Intermediates.noindex/Paperloft.build/Debug/PaperloftShare.build/Objects-normal/arm64/PaperloftShare.swiftmodule (in target 'PaperloftShare' from project 'Paperloft')
    cd /Users/builder/Factory/paperloft-chips
    builtin-copy -exclude .DS_Store -exclude CVS -exclude .svn -exclude .git -exclude .hg -strip-unsigned-binaries -strip-deterministic -strip-tool /Applications/Xcode.app/Contents/Developer/Toolchains/XcodeDefault.xctoolchain/usr/bin/strip -resolve-src-symlinks -rename /Users/builder/Factory/paperloft-chips/build/DerivedData/Build/Intermediates.noindex/Paperloft.build/Debug/PaperloftShare.build/Objects-normal/arm64/PaperloftShare.swiftmodule /Users/builder/Factory/paperloft-chips/build/DerivedData/Build/Products/Debug/PaperloftShare.swiftmodule/arm64-apple-macos.swiftmodule

Copy /Users/builder/Factory/paperloft-chips/build/DerivedData/Build/Products/Debug/PaperloftShare.swiftmodule/Project/arm64-apple-macos.swiftsourceinfo /Users/builder/Factory/paperloft-chips/build/DerivedData/Build/Intermediates.noindex/Paperloft.build/Debug/PaperloftShare.build/Objects-normal/arm64/PaperloftShare.swiftsourceinfo (in target 'PaperloftShare' from project 'Paperloft')
    cd /Users/builder/Factory/paperloft-chips
    builtin-copy -exclude .DS_Store -exclude CVS -exclude .svn -exclude .git -exclude .hg -strip-unsigned-binaries -strip-deterministic -strip-tool /Applications/Xcode.app/Contents/Developer/Toolchains/XcodeDefault.xctoolchain/usr/bin/strip -resolve-src-symlinks -rename /Users/builder/Factory/paperloft-chips/build/DerivedData/Build/Intermediates.noindex/Paperloft.build/Debug/PaperloftShare.build/Objects-normal/arm64/PaperloftShare.swiftsourceinfo /Users/builder/Factory/paperloft-chips/build/DerivedData/Build/Products/Debug/PaperloftShare.swiftmodule/Project/arm64-apple-macos.swiftsourceinfo

ProcessProductPackaging /Users/builder/Factory/paperloft-chips/Apps/PaperloftApp/PaperloftShared.entitlements /Users/builder/Factory/paperloft-chips/build/DerivedData/Build/Intermediates.noindex/Paperloft.build/Debug/PaperloftApp.build/Paperloft\ Receipts.app.xcent (in target 'PaperloftApp' from project 'Paperloft')
    cd /Users/builder/Factory/paperloft-chips
    
    Entitlements:
    
    {
    "com.apple.security.app-sandbox" = 1;
    "com.apple.security.application-groups" =     (
        "GQ4UA5C6RQ.app.paperloft.receipts"
    );
    "com.apple.security.files.bookmarks.app-scope" = 1;
    "com.apple.security.files.user-selected.read-write" = 1;
    "com.apple.security.get-task-allow" = 1;
}
    
    builtin-productPackagingUtility /Users/builder/Factory/paperloft-chips/Apps/PaperloftApp/PaperloftShared.entitlements -entitlements -format xml -o /Users/builder/Factory/paperloft-chips/build/DerivedData/Build/Intermediates.noindex/Paperloft.build/Debug/PaperloftApp.build/Paperloft\ Receipts.app.xcent

ProcessProductPackagingDER /Users/builder/Factory/paperloft-chips/build/DerivedData/Build/Intermediates.noindex/Paperloft.build/Debug/PaperloftApp.build/Paperloft\ Receipts.app.xcent /Users/builder/Factory/paperloft-chips/build/DerivedData/Build/Intermediates.noindex/Paperloft.build/Debug/PaperloftApp.build/Paperloft\ Receipts.app.xcent.der (in target 'PaperloftApp' from project 'Paperloft')
    cd /Users/builder/Factory/paperloft-chips
    /usr/bin/derq query -f xml -i /Users/builder/Factory/paperloft-chips/build/DerivedData/Build/Intermediates.noindex/Paperloft.build/Debug/PaperloftApp.build/Paperloft\ Receipts.app.xcent -o /Users/builder/Factory/paperloft-chips/build/DerivedData/Build/Intermediates.noindex/Paperloft.build/Debug/PaperloftApp.build/Paperloft\ Receipts.app.xcent.der --raw

MkDir /Users/builder/Factory/paperloft-chips/build/DerivedData/Build/Intermediates.noindex/Paperloft.build/Debug/PaperloftApp.build/assetcatalog_output/thinned (in target 'PaperloftApp' from project 'Paperloft')
    cd /Users/builder/Factory/paperloft-chips
    /bin/mkdir -p /Users/builder/Factory/paperloft-chips/build/DerivedData/Build/Intermediates.noindex/Paperloft.build/Debug/PaperloftApp.build/assetcatalog_output/thinned

MkDir /Users/builder/Factory/paperloft-chips/build/DerivedData/Build/Intermediates.noindex/Paperloft.build/Debug/PaperloftApp.build/assetcatalog_output/unthinned (in target 'PaperloftApp' from project 'Paperloft')
    cd /Users/builder/Factory/paperloft-chips
    /bin/mkdir -p /Users/builder/Factory/paperloft-chips/build/DerivedData/Build/Intermediates.noindex/Paperloft.build/Debug/PaperloftApp.build/assetcatalog_output/unthinned

GenerateAssetSymbols /Users/builder/Factory/paperloft-chips/Apps/PaperloftApp/Resources/Assets.xcassets /Users/builder/Factory/paperloft-chips/Apps/PaperloftApp/AppIcon.icon (in target 'PaperloftApp' from project 'Paperloft')
    cd /Users/builder/Factory/paperloft-chips
    /Applications/Xcode.app/Contents/Developer/usr/bin/actool /Users/builder/Factory/paperloft-chips/Apps/PaperloftApp/Resources/Assets.xcassets /Users/builder/Factory/paperloft-chips/Apps/PaperloftApp/AppIcon.icon --compile /Users/builder/Factory/paperloft-chips/build/DerivedData/Build/Products/Debug/Paperloft\ Receipts.app/Contents/Resources --output-format human-readable-text --notices --warnings --export-dependency-info /Users/builder/Factory/paperloft-chips/build/DerivedData/Build/Intermediates.noindex/Paperloft.build/Debug/PaperloftApp.build/assetcatalog_dependencies --output-partial-info-plist /Users/builder/Factory/paperloft-chips/build/DerivedData/Build/Intermediates.noindex/Paperloft.build/Debug/PaperloftApp.build/assetcatalog_generated_info.plist --app-icon AppIcon --accent-color AccentColor --enable-on-demand-resources NO --development-region en --target-device mac --minimum-deployment-target 27.0 --platform macosx --bundle-identifier app.paperloft.receipts.development --generate-swift-asset-symbol-extensions NO --generate-swift-asset-symbols /Users/builder/Factory/paperloft-chips/build/DerivedData/Build/Intermediates.noindex/Paperloft.build/Debug/PaperloftApp.build/DerivedSources/GeneratedAssetSymbols.swift --generate-objc-asset-symbols /Users/builder/Factory/paperloft-chips/build/DerivedData/Build/Intermediates.noindex/Paperloft.build/Debug/PaperloftApp.build/DerivedSources/GeneratedAssetSymbols.h --generate-asset-symbol-index /Users/builder/Factory/paperloft-chips/build/DerivedData/Build/Intermediates.noindex/Paperloft.build/Debug/PaperloftApp.build/DerivedSources/GeneratedAssetSymbols-Index.plist
/* com.apple.actool.compilation-results */
/Users/builder/Factory/paperloft-chips/build/DerivedData/Build/Intermediates.noindex/Paperloft.build/Debug/PaperloftApp.build/DerivedSources/GeneratedAssetSymbols-Index.plist
/Users/builder/Factory/paperloft-chips/build/DerivedData/Build/Intermediates.noindex/Paperloft.build/Debug/PaperloftApp.build/DerivedSources/GeneratedAssetSymbols.h
/Users/builder/Factory/paperloft-chips/build/DerivedData/Build/Intermediates.noindex/Paperloft.build/Debug/PaperloftApp.build/DerivedSources/GeneratedAssetSymbols.swift


CompileAssetCatalogVariant thinned /Users/builder/Factory/paperloft-chips/build/DerivedData/Build/Products/Debug/Paperloft\ Receipts.app/Contents/Resources /Users/builder/Factory/paperloft-chips/Apps/PaperloftApp/Resources/Assets.xcassets /Users/builder/Factory/paperloft-chips/Apps/PaperloftApp/AppIcon.icon (in target 'PaperloftApp' from project 'Paperloft')
    cd /Users/builder/Factory/paperloft-chips
    /Applications/Xcode.app/Contents/Developer/usr/bin/actool /Users/builder/Factory/paperloft-chips/Apps/PaperloftApp/Resources/Assets.xcassets /Users/builder/Factory/paperloft-chips/Apps/PaperloftApp/AppIcon.icon --compile /Users/builder/Factory/paperloft-chips/build/DerivedData/Build/Intermediates.noindex/Paperloft.build/Debug/PaperloftApp.build/assetcatalog_output/thinned --output-format human-readable-text --notices --warnings --export-dependency-info /Users/builder/Factory/paperloft-chips/build/DerivedData/Build/Intermediates.noindex/Paperloft.build/Debug/PaperloftApp.build/assetcatalog_dependencies_thinned --output-partial-info-plist /Users/builder/Factory/paperloft-chips/build/DerivedData/Build/Intermediates.noindex/Paperloft.build/Debug/PaperloftApp.build/assetcatalog_generated_info.plist_thinned --app-icon AppIcon --accent-color AccentColor --enable-on-demand-resources NO --development-region en --target-device mac --minimum-deployment-target 27.0 --platform macosx
/* com.apple.actool.compilation-results */
/Users/builder/Factory/paperloft-chips/build/DerivedData/Build/Intermediates.noindex/Paperloft.build/Debug/PaperloftApp.build/assetcatalog_generated_info.plist_thinned
/Users/builder/Factory/paperloft-chips/build/DerivedData/Build/Intermediates.noindex/Paperloft.build/Debug/PaperloftApp.build/assetcatalog_output/thinned/AppIcon.icns
/Users/builder/Factory/paperloft-chips/build/DerivedData/Build/Intermediates.noindex/Paperloft.build/Debug/PaperloftApp.build/assetcatalog_output/thinned/Assets.car


SwiftDriver PaperloftApp normal arm64 com.apple.xcode.tools.swift.compiler (in target 'PaperloftApp' from project 'Paperloft')
    cd /Users/builder/Factory/paperloft-chips
    builtin-SwiftDriver -- /Applications/Xcode.app/Contents/Developer/Toolchains/XcodeDefault.xctoolchain/usr/bin/swiftc -module-name Paperloft_Receipts -Onone @/Users/builder/Factory/paperloft-chips/build/DerivedData/Build/Intermediates.noindex/Paperloft.build/Debug/PaperloftApp.build/Objects-normal/arm64/Paperloft\ Receipts.SwiftFileList -DDEBUG -enable-experimental-feature DebugDescriptionMacro -sdk /Applications/Xcode.app/Contents/Developer/Platforms/MacOSX.platform/Developer/SDKs/MacOSX27.0.sdk -target arm64-apple-macos27.0 -g -module-cache-path /Users/builder/Factory/paperloft-chips/build/DerivedData/ModuleCache.noindex -Xfrontend -serialize-debugging-options -profile-coverage-mapping -profile-generate -enable-testing -warnings-as-errors -index-store-path /Users/builder/Factory/paperloft-chips/build/DerivedData/Index.noindex/DataStore -swift-version 6 -I /Users/builder/Factory/paperloft-chips/build/DerivedData/Build/Products/Debug -F /Users/builder/Factory/paperloft-chips/build/DerivedData/Build/Products/Debug/PackageFrameworks -F /Users/builder/Factory/paperloft-chips/build/DerivedData/Build/Products/Debug -c -j10 -enable-batch-mode -incremental -Xcc -ivfsstatcache -Xcc /Users/builder/Factory/paperloft-chips/build/DerivedData/SDKStatCaches.noindex/macosx27.0-26A425-7231f6df4def33e022ae2eb8f782df1a.sdkstatcache -output-file-map /Users/builder/Factory/paperloft-chips/build/DerivedData/Build/Intermediates.noindex/Paperloft.build/Debug/PaperloftApp.build/Objects-normal/arm64/PaperloftApp-OutputFileMap.json -save-temps -no-color-diagnostics -explicit-module-build -module-cache-path /Users/builder/Factory/paperloft-chips/build/DerivedData/Build/Intermediates.noindex/SwiftExplicitPrecompiledModules -clang-scanner-module-cache-path /Users/builder/Factory/paperloft-chips/build/DerivedData/ModuleCache.noindex -sdk-module-cache-path /Users/builder/Factory/paperloft-chips/build/DerivedData/SDKExplicitPrecompiledModules -emit-dependencies -emit-module -emit-module-path /Users/builder/Factory/paperloft-chips/build/DerivedData/Build/Intermediates.noindex/Paperloft.build/Debug/PaperloftApp.build/Objects-normal/arm64/Paperloft_Receipts.swiftmodule -serialize-diagnostics -dependency-scan-serialize-diagnostics-path /Users/builder/Factory/paperloft-chips/build/DerivedData/Build/Intermediates.noindex/Paperloft.build/Debug/PaperloftApp.build/Objects-normal/arm64/Paperloft_Receipts-dependency-scan.dia -validate-clang-modules-once -clang-build-session-file /Users/builder/Factory/paperloft-chips/build/DerivedData/ModuleCache.noindex/Session.modulevalidation -Xcc -fmodules-prune-interval\=86400 -Xcc -fmodules-prune-after\=345600 -emit-const-values -const-gather-protocols-list /Users/builder/Factory/paperloft-chips/build/DerivedData/Build/Intermediates.noindex/Paperloft.build/Debug/PaperloftApp.build/Objects-normal/arm64/PaperloftApp_const_extract_protocols.json -Xcc -iquote -Xcc /Users/builder/Factory/paperloft-chips/build/DerivedData/Build/Intermediates.noindex/Paperloft.build/Debug/PaperloftApp.build/Paperloft\ Receipts-generated-files.hmap -Xcc -I/Users/builder/Factory/paperloft-chips/build/DerivedData/Build/Intermediates.noindex/Paperloft.build/Debug/PaperloftApp.build/Paperloft\ Receipts-own-target-headers.hmap -Xcc -I/Users/builder/Factory/paperloft-chips/build/DerivedData/Build/Intermediates.noindex/Paperloft.build/Debug/PaperloftApp.build/Paperloft\ Receipts-all-non-framework-target-headers.hmap -Xcc -ivfsoverlay -Xcc /Users/builder/Factory/paperloft-chips/build/DerivedData/Build/Intermediates.noindex/Paperloft.build/Debug/Paperloft-b93ddc6bcd4d234a5473ab01ad3589c4-VFS/all-product-headers.yaml -Xcc -iquote -Xcc /Users/builder/Factory/paperloft-chips/build/DerivedData/Build/Intermediates.noindex/Paperloft.build/Debug/PaperloftApp.build/Paperloft\ Receipts-project-headers.hmap -Xcc -I/Users/builder/Factory/paperloft-chips/build/DerivedData/Build/Products/Debug/include -Xcc -I/Users/builder/Factory/paperloft-chips/build/DerivedData/Build/Intermediates.noindex/Paperloft.build/Debug/PaperloftApp.build/DerivedSources-normal/arm64 -Xcc -I/Users/builder/Factory/paperloft-chips/build/DerivedData/Build/Intermediates.noindex/Paperloft.build/Debug/PaperloftApp.build/DerivedSources/arm64 -Xcc -I/Users/builder/Factory/paperloft-chips/build/DerivedData/Build/Intermediates.noindex/Paperloft.build/Debug/PaperloftApp.build/DerivedSources -emit-objc-header -emit-objc-header-path /Users/builder/Factory/paperloft-chips/build/DerivedData/Build/Intermediates.noindex/Paperloft.build/Debug/PaperloftApp.build/Objects-normal/arm64/Paperloft_Receipts-Swift.h -working-directory /Users/builder/Factory/paperloft-chips -experimental-emit-module-separately -disable-cmo

SwiftExplicitDependencyGeneratePcm arm64 /Users/builder/Factory/paperloft-chips/build/DerivedData/SDKExplicitPrecompiledModules/DeveloperToolsSupport-C6N37PG0OJE7AU9L38NCNRA0B.pcm

SwiftExplicitDependencyGeneratePcm arm64 /Users/builder/Factory/paperloft-chips/build/DerivedData/SDKExplicitPrecompiledModules/_SwiftConcurrencyShims-BQ006YKX3L5O5DLJJK06AB4TO.pcm

SwiftExplicitDependencyGeneratePcm arm64 /Users/builder/Factory/paperloft-chips/build/DerivedData/SDKExplicitPrecompiledModules/_Builtin_stddef-15IGEG40IPXVNSMALSHVBS2H8.pcm

SwiftExplicitDependencyGeneratePcm arm64 /Users/builder/Factory/paperloft-chips/build/DerivedData/SDKExplicitPrecompiledModules/_Builtin_stdarg-BXQ9ET54T82XZ2GH0Q6W4A6JJ.pcm

SwiftExplicitDependencyGeneratePcm arm64 /Users/builder/Factory/paperloft-chips/build/DerivedData/SDKExplicitPrecompiledModules/_AvailabilityInternal-3VVVRPT0MLHREA9AJ5F0DERFW.pcm

SwiftExplicitDependencyGeneratePcm arm64 /Users/builder/Factory/paperloft-chips/build/DerivedData/SDKExplicitPrecompiledModules/_Builtin_float-2BYN99KJGG2ONMPICSTYAOLAB.pcm

SwiftExplicitDependencyGeneratePcm arm64 /Users/builder/Factory/paperloft-chips/build/DerivedData/SDKExplicitPrecompiledModules/ptrauth-5734XF48RXXIZMRWD5UN2L6FO.pcm

SwiftExplicitDependencyGeneratePcm arm64 /Users/builder/Factory/paperloft-chips/build/DerivedData/SDKExplicitPrecompiledModules/ptrcheck-60CT0JK08K4HFQBE451ZGS6H1.pcm

SwiftExplicitDependencyGeneratePcm arm64 /Users/builder/Factory/paperloft-chips/build/DerivedData/SDKExplicitPrecompiledModules/SwiftShims-EP6JSKPUPMDTY2QTGJA4P1422.pcm

SwiftExplicitDependencyGeneratePcm arm64 /Users/builder/Factory/paperloft-chips/build/DerivedData/SDKExplicitPrecompiledModules/_Builtin_stdbool-E9DKNZS5HEWHFKOQ8JE53KTFX.pcm

SwiftExplicitDependencyGeneratePcm arm64 /Users/builder/Factory/paperloft-chips/build/DerivedData/SDKExplicitPrecompiledModules/_DarwinFoundation1-C62O4PFR26QBG84AM5XJIOQ64.pcm

SwiftExplicitDependencyGeneratePcm arm64 /Users/builder/Factory/paperloft-chips/build/DerivedData/SDKExplicitPrecompiledModules/_DarwinFoundation2-3D2NBOWM3EL8IIXVYLZWE36JU.pcm

SwiftExplicitDependencyGeneratePcm arm64 /Users/builder/Factory/paperloft-chips/build/DerivedData/SDKExplicitPrecompiledModules/ExtensionFoundation-A7BXUDM8QP05VFD4BZO6VEKTR.pcm

SwiftExplicitDependencyGeneratePcm arm64 /Users/builder/Factory/paperloft-chips/build/DerivedData/SDKExplicitPrecompiledModules/_Builtin_limits-F4V0I7V8PGXCVJRNB289V0NDZ.pcm

SwiftExplicitDependencyGeneratePcm arm64 /Users/builder/Factory/paperloft-chips/build/DerivedData/SDKExplicitPrecompiledModules/string_h-1SSOSAHORB8J2S621A3Q87W70.pcm

SwiftExplicitDependencyGeneratePcm arm64 /Users/builder/Factory/paperloft-chips/build/DerivedData/SDKExplicitPrecompiledModules/_Builtin_tgmath-ET1X7QB5XH7I4ISFBWW3MA7BX.pcm

SwiftExplicitDependencyGeneratePcm arm64 /Users/builder/Factory/paperloft-chips/build/DerivedData/SDKExplicitPrecompiledModules/sys_types-8LU71SKZRSVXV6SM8UP4GDEMU.pcm

SwiftExplicitDependencyGeneratePcm arm64 /Users/builder/Factory/paperloft-chips/build/DerivedData/SDKExplicitPrecompiledModules/_Builtin_stdint-9VYF8G1UDD3MID9E07XNY6B2H.pcm

SwiftExplicitDependencyGeneratePcm arm64 /Users/builder/Factory/paperloft-chips/build/DerivedData/SDKExplicitPrecompiledModules/_Builtin_intrinsics-N0JJ7IH0VO2T0DNTRGWJUYV3.pcm

SwiftExplicitDependencyGeneratePcm arm64 /Users/builder/Factory/paperloft-chips/build/DerivedData/SDKExplicitPrecompiledModules/_Builtin_stdatomic-98FKBS5VW7EO7JX2AOHTH02KQ.pcm

SwiftExplicitDependencyGeneratePcm arm64 /Users/builder/Factory/paperloft-chips/build/DerivedData/SDKExplicitPrecompiledModules/libDER-1JGHM0AHSY52HZVLPAAX984HA.pcm

SwiftExplicitDependencyGeneratePcm arm64 /Users/builder/Factory/paperloft-chips/build/DerivedData/SDKExplicitPrecompiledModules/_DarwinFoundation3-6CBWZ92DZSP4YBID24DKL8BN1.pcm

SwiftExplicitDependencyGeneratePcm arm64 /Users/builder/Factory/paperloft-chips/build/DerivedData/SDKExplicitPrecompiledModules/_Builtin_inttypes-1T011UV6X79EKBJBQ1X0A5P7O.pcm

SwiftExplicitDependencyGeneratePcm arm64 /Users/builder/Factory/paperloft-chips/build/DerivedData/SDKExplicitPrecompiledModules/Darwin-8D7UMJ2814SI9DRTT1NL23A59.pcm

SwiftExplicitDependencyGeneratePcm arm64 /Users/builder/Factory/paperloft-chips/build/DerivedData/SDKExplicitPrecompiledModules/simd-EXGXA4CZSUWEBT02X9AUABQAT.pcm

SwiftExplicitDependencyGeneratePcm arm64 /Users/builder/Factory/paperloft-chips/build/DerivedData/SDKExplicitPrecompiledModules/MachO-7TKD64YUVQCDMO065J0CI39KI.pcm

SwiftExplicitDependencyGeneratePcm arm64 /Users/builder/Factory/paperloft-chips/build/DerivedData/SDKExplicitPrecompiledModules/Compression-DCZZVFDE9KC783KN3A5I0Q6ZQ.pcm

SwiftExplicitDependencyGeneratePcm arm64 /Users/builder/Factory/paperloft-chips/build/DerivedData/SDKExplicitPrecompiledModules/libkern-784A95DYI86H34UJFSI67TOJU.pcm

SwiftExplicitDependencyGeneratePcm arm64 /Users/builder/Factory/paperloft-chips/build/DerivedData/SDKExplicitPrecompiledModules/CUPS-4S3OHL3EPEBCHSQ1DF3VINTRQ.pcm

SwiftExplicitDependencyGeneratePcm arm64 /Users/builder/Factory/paperloft-chips/build/DerivedData/SDKExplicitPrecompiledModules/launch-3804V92DBG5OXFG4LMHITRC5Y.pcm

SwiftDriverJobDiscovery normal arm64 Compiling ShareViewController.swift (in target 'PaperloftShare' from project 'Paperloft')

SwiftDriver\ Compilation PaperloftShare normal arm64 com.apple.xcode.tools.swift.compiler (in target 'PaperloftShare' from project 'Paperloft')
    cd /Users/builder/Factory/paperloft-chips
    builtin-Swift-Compilation -- /Applications/Xcode.app/Contents/Developer/Toolchains/XcodeDefault.xctoolchain/usr/bin/swiftc -module-name PaperloftShare -Onone @/Users/builder/Factory/paperloft-chips/build/DerivedData/Build/Intermediates.noindex/Paperloft.build/Debug/PaperloftShare.build/Objects-normal/arm64/PaperloftShare.SwiftFileList -DDEBUG -enable-experimental-feature DebugDescriptionMacro -sdk /Applications/Xcode.app/Contents/Developer/Platforms/MacOSX.platform/Developer/SDKs/MacOSX27.0.sdk -target arm64-apple-macos27.0 -g -module-cache-path /Users/builder/Factory/paperloft-chips/build/DerivedData/ModuleCache.noindex -Xfrontend -serialize-debugging-options -application-extension -profile-coverage-mapping -profile-generate -enable-testing -warnings-as-errors -index-store-path /Users/builder/Factory/paperloft-chips/build/DerivedData/Index.noindex/DataStore -swift-version 6 -I /Users/builder/Factory/paperloft-chips/build/DerivedData/Build/Products/Debug -F /Users/builder/Factory/paperloft-chips/build/DerivedData/Build/Products/Debug/PackageFrameworks -F /Users/builder/Factory/paperloft-chips/build/DerivedData/Build/Products/Debug -parse-as-library -c -j10 -enable-batch-mode -incremental -Xcc -ivfsstatcache -Xcc /Users/builder/Factory/paperloft-chips/build/DerivedData/SDKStatCaches.noindex/macosx27.0-26A425-7231f6df4def33e022ae2eb8f782df1a.sdkstatcache -output-file-map /Users/builder/Factory/paperloft-chips/build/DerivedData/Build/Intermediates.noindex/Paperloft.build/Debug/PaperloftShare.build/Objects-normal/arm64/PaperloftShare-OutputFileMap.json -save-temps -no-color-diagnostics -explicit-module-build -module-cache-path /Users/builder/Factory/paperloft-chips/build/DerivedData/Build/Intermediates.noindex/SwiftExplicitPrecompiledModules -clang-scanner-module-cache-path /Users/builder/Factory/paperloft-chips/build/DerivedData/ModuleCache.noindex -sdk-module-cache-path /Users/builder/Factory/paperloft-chips/build/DerivedData/SDKExplicitPrecompiledModules -emit-dependencies -emit-module -emit-module-path /Users/builder/Factory/paperloft-chips/build/DerivedData/Build/Intermediates.noindex/Paperloft.build/Debug/PaperloftShare.build/Objects-normal/arm64/PaperloftShare.swiftmodule -serialize-diagnostics -dependency-scan-serialize-diagnostics-path /Users/builder/Factory/paperloft-chips/build/DerivedData/Build/Intermediates.noindex/Paperloft.build/Debug/PaperloftShare.build/Objects-normal/arm64/PaperloftShare-dependency-scan.dia -validate-clang-modules-once -clang-build-session-file /Users/builder/Factory/paperloft-chips/build/DerivedData/ModuleCache.noindex/Session.modulevalidation -Xcc -fmodules-prune-interval\=86400 -Xcc -fmodules-prune-after\=345600 -emit-const-values -const-gather-protocols-list /Users/builder/Factory/paperloft-chips/build/DerivedData/Build/Intermediates.noindex/Paperloft.build/Debug/PaperloftShare.build/Objects-normal/arm64/PaperloftShare_const_extract_protocols.json -Xcc -iquote -Xcc /Users/builder/Factory/paperloft-chips/build/DerivedData/Build/Intermediates.noindex/Paperloft.build/Debug/PaperloftShare.build/PaperloftShare-generated-files.hmap -Xcc -I/Users/builder/Factory/paperloft-chips/build/DerivedData/Build/Intermediates.noindex/Paperloft.build/Debug/PaperloftShare.build/PaperloftShare-own-target-headers.hmap -Xcc -I/Users/builder/Factory/paperloft-chips/build/DerivedData/Build/Intermediates.noindex/Paperloft.build/Debug/PaperloftShare.build/PaperloftShare-all-non-framework-target-headers.hmap -Xcc -ivfsoverlay -Xcc /Users/builder/Factory/paperloft-chips/build/DerivedData/Build/Intermediates.noindex/Paperloft.build/Debug/Paperloft-b93ddc6bcd4d234a5473ab01ad3589c4-VFS/all-product-headers.yaml -Xcc -iquote -Xcc /Users/builder/Factory/paperloft-chips/build/DerivedData/Build/Intermediates.noindex/Paperloft.build/Debug/PaperloftShare.build/PaperloftShare-project-headers.hmap -Xcc -I/Users/builder/Factory/paperloft-chips/build/DerivedData/Build/Products/Debug/include -Xcc -I/Users/builder/Factory/paperloft-chips/build/DerivedData/Build/Intermediates.noindex/Paperloft.build/Debug/PaperloftShare.build/DerivedSources-normal/arm64 -Xcc -I/Users/builder/Factory/paperloft-chips/build/DerivedData/Build/Intermediates.noindex/Paperloft.build/Debug/PaperloftShare.build/DerivedSources/arm64 -Xcc -I/Users/builder/Factory/paperloft-chips/build/DerivedData/Build/Intermediates.noindex/Paperloft.build/Debug/PaperloftShare.build/DerivedSources -emit-objc-header -emit-objc-header-path /Users/builder/Factory/paperloft-chips/build/DerivedData/Build/Intermediates.noindex/Paperloft.build/Debug/PaperloftShare.build/Objects-normal/arm64/PaperloftShare-Swift.h -working-directory /Users/builder/Factory/paperloft-chips -experimental-emit-module-separately -disable-cmo

Ld /Users/builder/Factory/paperloft-chips/build/DerivedData/Build/Products/Debug/PaperloftShare.appex/Contents/MacOS/PaperloftShare.debug.dylib normal (in target 'PaperloftShare' from project 'Paperloft')
    cd /Users/builder/Factory/paperloft-chips
    /Applications/Xcode.app/Contents/Developer/Toolchains/XcodeDefault.xctoolchain/usr/bin/clang -Xlinker -reproducible -target arm64-apple-macos27.0 -dynamiclib -isysroot /Applications/Xcode.app/Contents/Developer/Platforms/MacOSX.platform/Developer/SDKs/MacOSX27.0.sdk -Os -Xlinker -no_warn_duplicate_libraries -L/Users/builder/Factory/paperloft-chips/build/DerivedData/Build/Intermediates.noindex/EagerLinkingTBDs/Debug -L/Users/builder/Factory/paperloft-chips/build/DerivedData/Build/Products/Debug -F/Users/builder/Factory/paperloft-chips/build/DerivedData/Build/Intermediates.noindex/EagerLinkingTBDs/Debug -F/Users/builder/Factory/paperloft-chips/build/DerivedData/Build/Products/Debug/PackageFrameworks -F/Users/builder/Factory/paperloft-chips/build/DerivedData/Build/Products/Debug -filelist /Users/builder/Factory/paperloft-chips/build/DerivedData/Build/Intermediates.noindex/Paperloft.build/Debug/PaperloftShare.build/Objects-normal/arm64/PaperloftShare.LinkFileList -install_name @rpath/PaperloftShare.debug.dylib -Xlinker -rpath -Xlinker @loader_path -Xlinker -rpath -Xlinker /Users/builder/Factory/paperloft-chips/build/DerivedData/Build/Products/Debug/PackageFrameworks -Xlinker -rpath -Xlinker @executable_path/../Frameworks -Xlinker -rpath -Xlinker @executable_path/../../../../Frameworks -Xlinker -object_path_lto -Xlinker /Users/builder/Factory/paperloft-chips/build/DerivedData/Build/Intermediates.noindex/Paperloft.build/Debug/PaperloftShare.build/Objects-normal/arm64/PaperloftShare_lto.o -rdynamic -Xlinker -debug_variant -Xlinker -dependency_info -Xlinker /Users/builder/Factory/paperloft-chips/build/DerivedData/Build/Intermediates.noindex/Paperloft.build/Debug/PaperloftShare.build/Objects-normal/arm64/PaperloftShare_dependency_info.dat -fapplication-extension -fobjc-link-runtime -fprofile-instr-generate -L/Applications/Xcode.app/Contents/Developer/Toolchains/XcodeDefault.xctoolchain/usr/lib/swift/macosx -L/usr/lib/swift -Xlinker -add_ast_path -Xlinker /Users/builder/Factory/paperloft-chips/build/DerivedData/Build/Intermediates.noindex/Paperloft.build/Debug/PaperloftShare.build/Objects-normal/arm64/PaperloftShare.swiftmodule -Xlinker -alias -Xlinker _NSExtensionMain -Xlinker ___debug_main_executable_dylib_entry_point -Xlinker -no_adhoc_codesign -o /Users/builder/Factory/paperloft-chips/build/DerivedData/Build/Products/Debug/PaperloftShare.appex/Contents/MacOS/PaperloftShare.debug.dylib

SwiftExplicitDependencyGeneratePcm arm64 /Users/builder/Factory/paperloft-chips/build/DerivedData/SDKExplicitPrecompiledModules/ObjectiveC-RY1LG9GKU11LYFZLBFMNTHZF.pcm

SwiftExplicitDependencyGeneratePcm arm64 /Users/builder/Factory/paperloft-chips/build/DerivedData/SDKExplicitPrecompiledModules/Spatial-7T7BYB021F5CG6HWILSRP7RXO.pcm

SwiftExplicitDependencyGeneratePcm arm64 /Users/builder/Factory/paperloft-chips/build/DerivedData/SDKExplicitPrecompiledModules/os_object-UPX9W6YQQF8HZEDJNKV872OY.pcm

SwiftExplicitDependencyGeneratePcm arm64 /Users/builder/Factory/paperloft-chips/build/DerivedData/SDKExplicitPrecompiledModules/os_workgroup-DR6166GMPGCIBRID8P8PSDOLR.pcm

SwiftExplicitDependencyGeneratePcm arm64 /Users/builder/Factory/paperloft-chips/build/DerivedData/SDKExplicitPrecompiledModules/Dispatch-9690PCF6NEBI3AWK87X6X6E42.pcm

SwiftExplicitDependencyGeneratePcm arm64 /Users/builder/Factory/paperloft-chips/build/DerivedData/SDKExplicitPrecompiledModules/dnssd-1EAY9PADRHLPMX8O45XM9CJL1.pcm

SwiftExplicitDependencyGeneratePcm arm64 /Users/builder/Factory/paperloft-chips/build/DerivedData/SDKExplicitPrecompiledModules/CoreFoundation-3FKUELS8BK845F7OGZEHMUPHK.pcm

SwiftExplicitDependencyGeneratePcm arm64 /Users/builder/Factory/paperloft-chips/build/DerivedData/SDKExplicitPrecompiledModules/XPC-AHF6J9ZT16ST2KRCN5350LM6W.pcm

ConstructStubExecutorLinkFileList /Users/builder/Factory/paperloft-chips/build/DerivedData/Build/Intermediates.noindex/Paperloft.build/Debug/PaperloftShare.build/PaperloftShare-ExecutorLinkFileList-normal-arm64.txt (in target 'PaperloftShare' from project 'Paperloft')
    cd /Users/builder/Factory/paperloft-chips
    construct-stub-executor-link-file-list /Users/builder/Factory/paperloft-chips/build/DerivedData/Build/Products/Debug/PaperloftShare.appex/Contents/MacOS/PaperloftShare.debug.dylib /Applications/Xcode.app/Contents/Developer/Platforms/MacOSX.platform/Developer/usr/lib/libPreviewsJITStubExecutor_no_swift_entry_point.a /Applications/Xcode.app/Contents/Developer/Platforms/MacOSX.platform/Developer/usr/lib/libPreviewsJITStubExecutor.a --output /Users/builder/Factory/paperloft-chips/build/DerivedData/Build/Intermediates.noindex/Paperloft.build/Debug/PaperloftShare.build/PaperloftShare-ExecutorLinkFileList-normal-arm64.txt
note: Using stub executor library without Swift entry point. (in target 'PaperloftShare' from project 'Paperloft')

Ld /Users/builder/Factory/paperloft-chips/build/DerivedData/Build/Products/Debug/PaperloftShare.appex/Contents/MacOS/PaperloftShare normal (in target 'PaperloftShare' from project 'Paperloft')
    cd /Users/builder/Factory/paperloft-chips
    /Applications/Xcode.app/Contents/Developer/Toolchains/XcodeDefault.xctoolchain/usr/bin/clang -Xlinker -reproducible -target arm64-apple-macos27.0 -isysroot /Applications/Xcode.app/Contents/Developer/Platforms/MacOSX.platform/Developer/SDKs/MacOSX27.0.sdk -Os -Xlinker -no_warn_duplicate_libraries -L/Users/builder/Factory/paperloft-chips/build/DerivedData/Build/Products/Debug -F/Users/builder/Factory/paperloft-chips/build/DerivedData/Build/Products/Debug/PackageFrameworks -F/Users/builder/Factory/paperloft-chips/build/DerivedData/Build/Products/Debug -Xlinker -rpath -Xlinker @executable_path -Xlinker -rpath -Xlinker @loader_path -Xlinker -rpath -Xlinker /Users/builder/Factory/paperloft-chips/build/DerivedData/Build/Products/Debug/PackageFrameworks -Xlinker -rpath -Xlinker @executable_path/../Frameworks -Xlinker -rpath -Xlinker @executable_path/../../../../Frameworks -rdynamic -Xlinker -debug_variant -e ___debug_blank_executor_main -Xlinker -sectcreate -Xlinker __TEXT -Xlinker __debug_dylib -Xlinker /Users/builder/Factory/paperloft-chips/build/DerivedData/Build/Intermediates.noindex/Paperloft.build/Debug/PaperloftShare.build/PaperloftShare-DebugDylibPath-normal-arm64.txt -Xlinker -sectcreate -Xlinker __TEXT -Xlinker __debug_entry -Xlinker /Users/builder/Factory/paperloft-chips/build/DerivedData/Build/Intermediates.noindex/Paperloft.build/Debug/PaperloftShare.build/PaperloftShare-DebugEntryPoint-normal-arm64.txt -Xlinker -sectcreate -Xlinker __TEXT -Xlinker __debug_instlnm -Xlinker /Users/builder/Factory/paperloft-chips/build/DerivedData/Build/Intermediates.noindex/Paperloft.build/Debug/PaperloftShare.build/PaperloftShare-DebugDylibInstallName-normal-arm64.txt -Xlinker -filelist -Xlinker /Users/builder/Factory/paperloft-chips/build/DerivedData/Build/Intermediates.noindex/Paperloft.build/Debug/PaperloftShare.build/PaperloftShare-ExecutorLinkFileList-normal-arm64.txt /Users/builder/Factory/paperloft-chips/build/DerivedData/Build/Products/Debug/PaperloftShare.appex/Contents/MacOS/PaperloftShare.debug.dylib -Xlinker -no_adhoc_codesign -o /Users/builder/Factory/paperloft-chips/build/DerivedData/Build/Products/Debug/PaperloftShare.appex/Contents/MacOS/PaperloftShare

CodeSign /Users/builder/Factory/paperloft-chips/build/DerivedData/Build/Products/Debug/PaperloftShare.appex/Contents/MacOS/PaperloftShare.debug.dylib (in target 'PaperloftShare' from project 'Paperloft')
    cd /Users/builder/Factory/paperloft-chips
    
    Signing Identity:     "Apple Development: Paul Allerdyce (89KA3G5NH6)"
    
    /usr/bin/codesign --force --sign C5D85003913B3F3F5803C7914CC094C3F50544F5 --timestamp\=none --generate-entitlement-der /Users/builder/Factory/paperloft-chips/build/DerivedData/Build/Products/Debug/PaperloftShare.appex/Contents/MacOS/PaperloftShare.debug.dylib

SwiftExplicitDependencyGeneratePcm arm64 /Users/builder/Factory/paperloft-chips/build/DerivedData/SDKExplicitPrecompiledModules/os-1QX9NAQ8STUS3TSRO3Q9CXMX7.pcm

SwiftExplicitDependencyGeneratePcm arm64 /Users/builder/Factory/paperloft-chips/build/DerivedData/SDKExplicitPrecompiledModules/CoreAudioTypes-55L7ZL2S364QQ4X9364BO01TD.pcm

SwiftExplicitDependencyGeneratePcm arm64 /Users/builder/Factory/paperloft-chips/build/DerivedData/SDKExplicitPrecompiledModules/IOKit-9QFMVYFW2NTX5F5PCHXTJH8WC.pcm

SwiftExplicitDependencyGeneratePcm arm64 /Users/builder/Factory/paperloft-chips/build/DerivedData/SDKExplicitPrecompiledModules/ColorSync-BNVNH28V3U9OZCA8F1JKM2BDE.pcm

SwiftExplicitDependencyGeneratePcm arm64 /Users/builder/Factory/paperloft-chips/build/DerivedData/SDKExplicitPrecompiledModules/Security-PCFSWE4OMDERGHNLNIMA56WG.pcm

SwiftExplicitDependencyGeneratePcm arm64 /Users/builder/Factory/paperloft-chips/build/DerivedData/SDKExplicitPrecompiledModules/CFNetwork-17ZPTHV2JYQK6ZFF175J1W8KZ.pcm

CodeSign /Users/builder/Factory/paperloft-chips/build/DerivedData/Build/Products/Debug/PaperloftShare.appex/Contents/MacOS/__preview.dylib (in target 'PaperloftShare' from project 'Paperloft')
    cd /Users/builder/Factory/paperloft-chips
    
    Signing Identity:     "Apple Development: Paul Allerdyce (89KA3G5NH6)"
    
    /usr/bin/codesign --force --sign C5D85003913B3F3F5803C7914CC094C3F50544F5 --timestamp\=none --generate-entitlement-der /Users/builder/Factory/paperloft-chips/build/DerivedData/Build/Products/Debug/PaperloftShare.appex/Contents/MacOS/__preview.dylib

CodeSign /Users/builder/Factory/paperloft-chips/build/DerivedData/Build/Products/Debug/PaperloftShare.appex (in target 'PaperloftShare' from project 'Paperloft')
    cd /Users/builder/Factory/paperloft-chips
    
    Signing Identity:     "Apple Development: Paul Allerdyce (89KA3G5NH6)"
    
    /usr/bin/codesign --force --sign C5D85003913B3F3F5803C7914CC094C3F50544F5 --entitlements /Users/builder/Factory/paperloft-chips/build/DerivedData/Build/Intermediates.noindex/Paperloft.build/Debug/PaperloftShare.build/PaperloftShare.appex.xcent --timestamp\=none --generate-entitlement-der /Users/builder/Factory/paperloft-chips/build/DerivedData/Build/Products/Debug/PaperloftShare.appex

RegisterExecutionPolicyException /Users/builder/Factory/paperloft-chips/build/DerivedData/Build/Products/Debug/PaperloftShare.appex (in target 'PaperloftShare' from project 'Paperloft')
    cd /Users/builder/Factory/paperloft-chips
    builtin-RegisterExecutionPolicyException /Users/builder/Factory/paperloft-chips/build/DerivedData/Build/Products/Debug/PaperloftShare.appex

Touch /Users/builder/Factory/paperloft-chips/build/DerivedData/Build/Products/Debug/PaperloftShare.appex (in target 'PaperloftShare' from project 'Paperloft')
    cd /Users/builder/Factory/paperloft-chips
    /usr/bin/touch -c /Users/builder/Factory/paperloft-chips/build/DerivedData/Build/Products/Debug/PaperloftShare.appex

CpResource /Users/builder/Factory/paperloft-chips/build/DerivedData/Build/Products/Debug/Paperloft\ Receipts.app/Contents/Resources/PrivacyInfo.xcprivacy /Users/builder/Factory/paperloft-chips/Apps/PaperloftApp/PrivacyInfo.xcprivacy (in target 'PaperloftApp' from project 'Paperloft')
    cd /Users/builder/Factory/paperloft-chips
    builtin-copy -exclude .DS_Store -exclude CVS -exclude .svn -exclude .git -exclude .hg -resolve-src-symlinks /Users/builder/Factory/paperloft-chips/Apps/PaperloftApp/PrivacyInfo.xcprivacy /Users/builder/Factory/paperloft-chips/build/DerivedData/Build/Products/Debug/Paperloft\ Receipts.app/Contents/Resources

Ld /Users/builder/Factory/paperloft-chips/build/DerivedData/Build/Products/Debug/Paperloft\ Receipts.app/Contents/MacOS/__preview.dylib normal (in target 'PaperloftApp' from project 'Paperloft')
    cd /Users/builder/Factory/paperloft-chips
    /Applications/Xcode.app/Contents/Developer/Toolchains/XcodeDefault.xctoolchain/usr/bin/clang -Xlinker -reproducible -target arm64-apple-macos27.0 -dynamiclib -isysroot /Applications/Xcode.app/Contents/Developer/Platforms/MacOSX.platform/Developer/SDKs/MacOSX27.0.sdk -Os -Xlinker -no_warn_duplicate_libraries -L/Users/builder/Factory/paperloft-chips/build/DerivedData/Build/Products/Debug -F/Users/builder/Factory/paperloft-chips/build/DerivedData/Build/Products/Debug/PackageFrameworks -F/Users/builder/Factory/paperloft-chips/build/DerivedData/Build/Products/Debug -install_name @rpath/Paperloft\ Receipts.debug.dylib -rdynamic -Xlinker -debug_variant -Xlinker -dependency_info -Xlinker /Users/builder/Factory/paperloft-chips/build/DerivedData/Build/Intermediates.noindex/Paperloft.build/Debug/PaperloftApp.build/Objects-normal/arm64/Paperloft\ Receipts_dependency_info.dat -Xlinker -no_adhoc_codesign -o /Users/builder/Factory/paperloft-chips/build/DerivedData/Build/Products/Debug/Paperloft\ Receipts.app/Contents/MacOS/__preview.dylib

CpResource /Users/builder/Factory/paperloft-chips/build/DerivedData/Build/Products/Debug/Paperloft\ Receipts.app/Contents/Resources/05-utilities.pdf /Users/builder/Factory/paperloft-chips/Apps/PaperloftApp/Resources/Samples/05-utilities.pdf (in target 'PaperloftApp' from project 'Paperloft')
    cd /Users/builder/Factory/paperloft-chips
    builtin-copy -exclude .DS_Store -exclude CVS -exclude .svn -exclude .git -exclude .hg -resolve-src-symlinks /Users/builder/Factory/paperloft-chips/Apps/PaperloftApp/Resources/Samples/05-utilities.pdf /Users/builder/Factory/paperloft-chips/build/DerivedData/Build/Products/Debug/Paperloft\ Receipts.app/Contents/Resources

CpResource /Users/builder/Factory/paperloft-chips/build/DerivedData/Build/Products/Debug/Paperloft\ Receipts.app/Contents/Resources/03-travel.pdf /Users/builder/Factory/paperloft-chips/Apps/PaperloftApp/Resources/Samples/03-travel.pdf (in target 'PaperloftApp' from project 'Paperloft')
    cd /Users/builder/Factory/paperloft-chips
    builtin-copy -exclude .DS_Store -exclude CVS -exclude .svn -exclude .git -exclude .hg -resolve-src-symlinks /Users/builder/Factory/paperloft-chips/Apps/PaperloftApp/Resources/Samples/03-travel.pdf /Users/builder/Factory/paperloft-chips/build/DerivedData/Build/Products/Debug/Paperloft\ Receipts.app/Contents/Resources

CpResource /Users/builder/Factory/paperloft-chips/build/DerivedData/Build/Products/Debug/Paperloft\ Receipts.app/Contents/Resources/02-meal.pdf /Users/builder/Factory/paperloft-chips/Apps/PaperloftApp/Resources/Samples/02-meal.pdf (in target 'PaperloftApp' from project 'Paperloft')
    cd /Users/builder/Factory/paperloft-chips
    builtin-copy -exclude .DS_Store -exclude CVS -exclude .svn -exclude .git -exclude .hg -resolve-src-symlinks /Users/builder/Factory/paperloft-chips/Apps/PaperloftApp/Resources/Samples/02-meal.pdf /Users/builder/Factory/paperloft-chips/build/DerivedData/Build/Products/Debug/Paperloft\ Receipts.app/Contents/Resources

CpResource /Users/builder/Factory/paperloft-chips/build/DerivedData/Build/Products/Debug/Paperloft\ Receipts.app/Contents/Resources/01-office.pdf /Users/builder/Factory/paperloft-chips/Apps/PaperloftApp/Resources/Samples/01-office.pdf (in target 'PaperloftApp' from project 'Paperloft')
    cd /Users/builder/Factory/paperloft-chips
    builtin-copy -exclude .DS_Store -exclude CVS -exclude .svn -exclude .git -exclude .hg -resolve-src-symlinks /Users/builder/Factory/paperloft-chips/Apps/PaperloftApp/Resources/Samples/01-office.pdf /Users/builder/Factory/paperloft-chips/build/DerivedData/Build/Products/Debug/Paperloft\ Receipts.app/Contents/Resources

CpResource /Users/builder/Factory/paperloft-chips/build/DerivedData/Build/Products/Debug/Paperloft\ Receipts.app/Contents/Resources/04-software.pdf /Users/builder/Factory/paperloft-chips/Apps/PaperloftApp/Resources/Samples/04-software.pdf (in target 'PaperloftApp' from project 'Paperloft')
    cd /Users/builder/Factory/paperloft-chips
    builtin-copy -exclude .DS_Store -exclude CVS -exclude .svn -exclude .git -exclude .hg -resolve-src-symlinks /Users/builder/Factory/paperloft-chips/Apps/PaperloftApp/Resources/Samples/04-software.pdf /Users/builder/Factory/paperloft-chips/build/DerivedData/Build/Products/Debug/Paperloft\ Receipts.app/Contents/Resources

SwiftExplicitDependencyGeneratePcm arm64 /Users/builder/Factory/paperloft-chips/build/DerivedData/SDKExplicitPrecompiledModules/CoreGraphics-ANMJQIMMYQWIOAW9PS95WECR9.pcm

SwiftExplicitDependencyGeneratePcm arm64 /Users/builder/Factory/paperloft-chips/build/DerivedData/SDKExplicitPrecompiledModules/DiskArbitration-22LGNYY0SXLG22YVQ3IGOG64V.pcm

SwiftExplicitDependencyGeneratePcm arm64 /Users/builder/Factory/paperloft-chips/build/DerivedData/SDKExplicitPrecompiledModules/CoreServices-293WJWWTFIBBNYGFSX264G9D3.pcm

SwiftExplicitDependencyGeneratePcm arm64 /Users/builder/Factory/paperloft-chips/build/DerivedData/SDKExplicitPrecompiledModules/ImageIO-A6VDRMD9CHOMA96AELG8K9361.pcm

SwiftExplicitDependencyGeneratePcm arm64 /Users/builder/Factory/paperloft-chips/build/DerivedData/SDKExplicitPrecompiledModules/CoreText-2AM1X0O2UZ2JB2RVZ2PQKTG9D.pcm

SwiftExplicitDependencyGeneratePcm arm64 /Users/builder/Factory/paperloft-chips/build/DerivedData/SDKExplicitPrecompiledModules/Foundation-3SRQ94J9XYJ2VULVCEEP6SMUR.pcm

LinkAssetCatalog /Users/builder/Factory/paperloft-chips/Apps/PaperloftApp/Resources/Assets.xcassets /Users/builder/Factory/paperloft-chips/Apps/PaperloftApp/AppIcon.icon (in target 'PaperloftApp' from project 'Paperloft')
    cd /Users/builder/Factory/paperloft-chips
    builtin-linkAssetCatalog --thinned /Users/builder/Factory/paperloft-chips/build/DerivedData/Build/Intermediates.noindex/Paperloft.build/Debug/PaperloftApp.build/assetcatalog_output/thinned --thinned-dependencies /Users/builder/Factory/paperloft-chips/build/DerivedData/Build/Intermediates.noindex/Paperloft.build/Debug/PaperloftApp.build/assetcatalog_dependencies_thinned --thinned-info-plist-content /Users/builder/Factory/paperloft-chips/build/DerivedData/Build/Intermediates.noindex/Paperloft.build/Debug/PaperloftApp.build/assetcatalog_generated_info.plist_thinned --unthinned /Users/builder/Factory/paperloft-chips/build/DerivedData/Build/Intermediates.noindex/Paperloft.build/Debug/PaperloftApp.build/assetcatalog_output/unthinned --unthinned-dependencies /Users/builder/Factory/paperloft-chips/build/DerivedData/Build/Intermediates.noindex/Paperloft.build/Debug/PaperloftApp.build/assetcatalog_dependencies_unthinned --unthinned-info-plist-content /Users/builder/Factory/paperloft-chips/build/DerivedData/Build/Intermediates.noindex/Paperloft.build/Debug/PaperloftApp.build/assetcatalog_generated_info.plist_unthinned --output /Users/builder/Factory/paperloft-chips/build/DerivedData/Build/Products/Debug/Paperloft\ Receipts.app/Contents/Resources --plist-output /Users/builder/Factory/paperloft-chips/build/DerivedData/Build/Intermediates.noindex/Paperloft.build/Debug/PaperloftApp.build/assetcatalog_generated_info.plist
note: Emplaced /Users/builder/Factory/paperloft-chips/build/DerivedData/Build/Products/Debug/Paperloft Receipts.app/Contents/Resources/AppIcon.icns (in target 'PaperloftApp' from project 'Paperloft')
note: Emplaced /Users/builder/Factory/paperloft-chips/build/DerivedData/Build/Products/Debug/Paperloft Receipts.app/Contents/Resources/Assets.car (in target 'PaperloftApp' from project 'Paperloft')

SwiftExplicitDependencyGeneratePcm arm64 /Users/builder/Factory/paperloft-chips/build/DerivedData/SDKExplicitPrecompiledModules/IOSurface-8Y5UWZWSOBN1WFHGD215DNAX1.pcm

SwiftExplicitDependencyGeneratePcm arm64 /Users/builder/Factory/paperloft-chips/build/DerivedData/SDKExplicitPrecompiledModules/_LocationEssentials-3EHKBMDWF9ZUE0PGH7929312M.pcm

SwiftExplicitDependencyGeneratePcm arm64 /Users/builder/Factory/paperloft-chips/build/DerivedData/SDKExplicitPrecompiledModules/Network-DD9T8N3J6CKJOA25XYWSO36IX.pcm

SwiftExplicitDependencyGeneratePcm arm64 /Users/builder/Factory/paperloft-chips/build/DerivedData/SDKExplicitPrecompiledModules/DataDetection-CRUY3WPDKTN7NRVU400ZU2HWX.pcm

SwiftExplicitDependencyGeneratePcm arm64 /Users/builder/Factory/paperloft-chips/build/DerivedData/SDKExplicitPrecompiledModules/CoreMIDI-63FZC7GFUDN6EYJAHZB5QOIMC.pcm

SwiftExplicitDependencyGeneratePcm arm64 /Users/builder/Factory/paperloft-chips/build/DerivedData/SDKExplicitPrecompiledModules/Accessibility-EP5G02BW7RED9AMOHRP7AZWF8.pcm

SwiftExplicitDependencyGeneratePcm arm64 /Users/builder/Factory/paperloft-chips/build/DerivedData/SDKExplicitPrecompiledModules/CoreAudio-4180PR93IJNGLIGXIPLSI28EU.pcm

SwiftExplicitDependencyGeneratePcm arm64 /Users/builder/Factory/paperloft-chips/build/DerivedData/SDKExplicitPrecompiledModules/UniformTypeIdentifiers-C7B9PI8P9XEJYZCFKA5BZRP74.pcm

SwiftExplicitDependencyGeneratePcm arm64 /Users/builder/Factory/paperloft-chips/build/DerivedData/SDKExplicitPrecompiledModules/OSLog-7QQXN1EWP2HQNE29MU9HBTS.pcm

SwiftExplicitDependencyGeneratePcm arm64 /Users/builder/Factory/paperloft-chips/build/DerivedData/SDKExplicitPrecompiledModules/CoreTransferable-BQW60P1WWNWSBSZ251CWZIC1.pcm

SwiftExplicitDependencyGeneratePcm arm64 /Users/builder/Factory/paperloft-chips/build/DerivedData/SDKExplicitPrecompiledModules/RelevanceKit-AA50109JKF21DU82ZQZKOLH1R.pcm

SwiftExplicitDependencyGeneratePcm arm64 /Users/builder/Factory/paperloft-chips/build/DerivedData/SDKExplicitPrecompiledModules/LocalAuthentication-41SU2M7UBJH0B86ZINGATG05P.pcm

SwiftExplicitDependencyGeneratePcm arm64 /Users/builder/Factory/paperloft-chips/build/DerivedData/SDKExplicitPrecompiledModules/CoreLocation-7HD6GJY1PNVCJQA4LC43VXE1F.pcm

SwiftExplicitDependencyGeneratePcm arm64 /Users/builder/Factory/paperloft-chips/build/DerivedData/SDKExplicitPrecompiledModules/AppIntentsTypeSupport-38VGTRU9L1EK37BE3VI2KCO3H.pcm

SwiftExplicitDependencyGeneratePcm arm64 /Users/builder/Factory/paperloft-chips/build/DerivedData/SDKExplicitPrecompiledModules/ApplicationServices-27EZUYBKJDHXM2FVHI28KKXIU.pcm

SwiftExplicitDependencyGeneratePcm arm64 /Users/builder/Factory/paperloft-chips/build/DerivedData/SDKExplicitPrecompiledModules/CoreSpotlight-YPH5C64EKLHMFNJZQ554WGIH.pcm

SwiftExplicitDependencyGeneratePcm arm64 /Users/builder/Factory/paperloft-chips/build/DerivedData/SDKExplicitPrecompiledModules/OpenGL-F3N6GEVYPAE0E80OHKQK9KD3J.pcm

SwiftExplicitDependencyGeneratePcm arm64 /Users/builder/Factory/paperloft-chips/build/DerivedData/SDKExplicitPrecompiledModules/Metal-A904PB8OO0UMSJ82MQ7OCAJP3.pcm

SwiftExplicitDependencyGeneratePcm arm64 /Users/builder/Factory/paperloft-chips/build/DerivedData/SDKExplicitPrecompiledModules/Symbols-9BL96WI4BF0GPWH9Q09NT4RA.pcm

SwiftExplicitDependencyGeneratePcm arm64 /Users/builder/Factory/paperloft-chips/build/DerivedData/SDKExplicitPrecompiledModules/AppIntents-EX3KCL9C5VTZC0QG1TEM5Y41V.pcm

SwiftExplicitDependencyGeneratePcm arm64 /Users/builder/Factory/paperloft-chips/build/DerivedData/SDKExplicitPrecompiledModules/BackgroundAssets-AD7LP2JCHQ7YY22MVIWC0W66A.pcm

SwiftExplicitDependencyGeneratePcm arm64 /Users/builder/Factory/paperloft-chips/build/DerivedData/SDKExplicitPrecompiledModules/CoreData-KUMGIMRGJBV570PLSVENT5KW.pcm

SwiftExplicitDependencyGeneratePcm arm64 /Users/builder/Factory/paperloft-chips/build/DerivedData/SDKExplicitPrecompiledModules/JavaScriptCore-4TFGB3VQIAYL3REOF65E2J2VV.pcm

SwiftExplicitDependencyGeneratePcm arm64 /Users/builder/Factory/paperloft-chips/build/DerivedData/SDKExplicitPrecompiledModules/Carbon-6Y77IGJX5RH6XXN1RAU1TFGQA.pcm

SwiftExplicitDependencyGeneratePcm arm64 /Users/builder/Factory/paperloft-chips/build/DerivedData/SDKExplicitPrecompiledModules/QuickLook-7W4G4P8KE0DPOVFHZVRXCEZ9U.pcm

SwiftExplicitDependencyGeneratePcm arm64 /Users/builder/Factory/paperloft-chips/build/DerivedData/SDKExplicitPrecompiledModules/CoreVideo-AV4XLEG3264WFS5K0N5LCDD6V.pcm

SwiftExplicitDependencyGeneratePcm arm64 /Users/builder/Factory/paperloft-chips/build/DerivedData/SDKExplicitPrecompiledModules/CoreImage-ASY09OB67WN6A6MJ62UGBTWWM.pcm

SwiftExplicitDependencyGeneratePcm arm64 /Users/builder/Factory/paperloft-chips/build/DerivedData/SDKExplicitPrecompiledModules/CoreML-EHAX719AJ2HNN5CX9KC18TLAQ.pcm

SwiftExplicitDependencyGeneratePcm arm64 /Users/builder/Factory/paperloft-chips/build/DerivedData/SDKExplicitPrecompiledModules/Accelerate-7Z0GTEWJRU3HAQS7COH4O88PN.pcm

SwiftExplicitDependencyGeneratePcm arm64 /Users/builder/Factory/paperloft-chips/build/DerivedData/SDKExplicitPrecompiledModules/CoreMedia-AN55OT9B4CMZ3RY1ZVGHZC1UR.pcm

SwiftExplicitDependencyGeneratePcm arm64 /Users/builder/Factory/paperloft-chips/build/DerivedData/SDKExplicitPrecompiledModules/QuartzCore-DH5IODX1U07KUA34CXR30GS7H.pcm

SwiftExplicitDependencyGeneratePcm arm64 /Users/builder/Factory/paperloft-chips/build/DerivedData/SDKExplicitPrecompiledModules/AudioToolbox-E3GS1M6SDHAB001AD21N987MB.pcm

SwiftExplicitDependencyGeneratePcm arm64 /Users/builder/Factory/paperloft-chips/build/DerivedData/SDKExplicitPrecompiledModules/SwiftUICore-74SW661BRM2ZY5PLYL97AMTDC.pcm

SwiftExplicitDependencyGeneratePcm arm64 /Users/builder/Factory/paperloft-chips/build/DerivedData/SDKExplicitPrecompiledModules/VideoToolbox-8CQZECIDAE3H8EWZKA207J3J2.pcm

SwiftExplicitDependencyGeneratePcm arm64 /Users/builder/Factory/paperloft-chips/build/DerivedData/SDKExplicitPrecompiledModules/Vision-D54KZVWMESA8HDPXTLFYOND1J.pcm

SwiftExplicitDependencyGeneratePcm arm64 /Users/builder/Factory/paperloft-chips/build/DerivedData/SDKExplicitPrecompiledModules/AppKit-FCUTC8OO82O3GJBTU6C31UKM.pcm

SwiftExplicitDependencyGeneratePcm arm64 /Users/builder/Factory/paperloft-chips/build/DerivedData/SDKExplicitPrecompiledModules/AVFAudio-6JH9I2VURB28M5BJNT504AAPE.pcm

SwiftExplicitDependencyGeneratePcm arm64 /Users/builder/Factory/paperloft-chips/build/DerivedData/SDKExplicitPrecompiledModules/MediaToolbox-18JF9JIY7RNKKYU5MFAFAW401.pcm

SwiftExplicitDependencyGeneratePcm arm64 /Users/builder/Factory/paperloft-chips/build/DerivedData/SDKExplicitPrecompiledModules/AVFoundation-B6JK4AYNQ7FA3TMX1J23CF7QX.pcm

SwiftExplicitDependencyGeneratePcm arm64 /Users/builder/Factory/paperloft-chips/build/DerivedData/SDKExplicitPrecompiledModules/StoreKit-23BOH4K82EO83W7EGAEU4YFKN.pcm

SwiftExplicitDependencyGeneratePcm arm64 /Users/builder/Factory/paperloft-chips/build/DerivedData/SDKExplicitPrecompiledModules/Cocoa-66DE53EDTOAN67XYB9RTI6CDA.pcm

SwiftExplicitDependencyGeneratePcm arm64 /Users/builder/Factory/paperloft-chips/build/DerivedData/SDKExplicitPrecompiledModules/WebKit-WQGAFIDFIXCX1R3XYL7MKNQQ.pcm

SwiftExplicitDependencyGeneratePcm arm64 /Users/builder/Factory/paperloft-chips/build/DerivedData/SDKExplicitPrecompiledModules/SwiftUI-4V62YQBBUQVMXUMLDDOEB1AU6.pcm

SwiftExplicitDependencyGeneratePcm arm64 /Users/builder/Factory/paperloft-chips/build/DerivedData/SDKExplicitPrecompiledModules/PDFKit-9EH073ZJ385N8TMBI7NLQ4SLM.pcm

SwiftExplicitDependencyGeneratePcm arm64 /Users/builder/Factory/paperloft-chips/build/DerivedData/SDKExplicitPrecompiledModules/ImageCaptureCore-BEDGG6WWO7W33Y47J1RBE67BW.pcm

SwiftExplicitDependencyGeneratePcm arm64 /Users/builder/Factory/paperloft-chips/build/DerivedData/SDKExplicitPrecompiledModules/QuickLookUI-9GKIQ7JE7OAJYNFL5YZZMEKEJ.pcm

SwiftExplicitDependencyGeneratePcm arm64 /Users/builder/Factory/paperloft-chips/build/DerivedData/SDKExplicitPrecompiledModules/Quartz-87UV5M2ALHO30V8FVQ8QNYBKV.pcm

SwiftEmitModule normal arm64 Emitting\ module\ for\ Paperloft_Receipts (in target 'PaperloftApp' from project 'Paperloft')

SwiftCompile normal arm64 (in target 'PaperloftApp' from project 'Paperloft')
    cd /Users/builder/Factory/paperloft-chips
    

SwiftCompile normal arm64 Compiling\ WindowAccessibility.swift /Users/builder/Factory/paperloft-chips/Apps/PaperloftApp/WindowAccessibility.swift (in target 'PaperloftApp' from project 'Paperloft')

SwiftCompile normal arm64 /Users/builder/Factory/paperloft-chips/Apps/PaperloftApp/WindowAccessibility.swift (in target 'PaperloftApp' from project 'Paperloft')
    cd /Users/builder/Factory/paperloft-chips
    builtin-SwiftPerFileCompile WindowAccessibility.swift

SwiftCompile normal arm64 Compiling\ PaperloftIntents.swift /Users/builder/Factory/paperloft-chips/Apps/PaperloftApp/PaperloftIntents.swift (in target 'PaperloftApp' from project 'Paperloft')

SwiftCompile normal arm64 /Users/builder/Factory/paperloft-chips/Apps/PaperloftApp/PaperloftIntents.swift (in target 'PaperloftApp' from project 'Paperloft')
    cd /Users/builder/Factory/paperloft-chips
    builtin-SwiftPerFileCompile PaperloftIntents.swift

SwiftCompile normal arm64 Compiling\ ExportView.swift,\ HelpView.swift /Users/builder/Factory/paperloft-chips/Apps/PaperloftApp/ExportView.swift /Users/builder/Factory/paperloft-chips/Apps/PaperloftApp/HelpView.swift (in target 'PaperloftApp' from project 'Paperloft')

SwiftCompile normal arm64 /Users/builder/Factory/paperloft-chips/Apps/PaperloftApp/ExportView.swift (in target 'PaperloftApp' from project 'Paperloft')
    cd /Users/builder/Factory/paperloft-chips
    builtin-SwiftPerFileCompile ExportView.swift

SwiftCompile normal arm64 /Users/builder/Factory/paperloft-chips/Apps/PaperloftApp/HelpView.swift (in target 'PaperloftApp' from project 'Paperloft')
    cd /Users/builder/Factory/paperloft-chips
    builtin-SwiftPerFileCompile HelpView.swift

SwiftCompile normal arm64 Compiling\ PaperloftApp.swift /Users/builder/Factory/paperloft-chips/Apps/PaperloftApp/PaperloftApp.swift (in target 'PaperloftApp' from project 'Paperloft')

SwiftCompile normal arm64 /Users/builder/Factory/paperloft-chips/Apps/PaperloftApp/PaperloftApp.swift (in target 'PaperloftApp' from project 'Paperloft')
    cd /Users/builder/Factory/paperloft-chips
    builtin-SwiftPerFileCompile PaperloftApp.swift

SwiftCompile normal arm64 Compiling\ DeviceImport.swift,\ EmailBodyRenderer.swift /Users/builder/Factory/paperloft-chips/Apps/PaperloftApp/DeviceImport.swift /Users/builder/Factory/paperloft-chips/Apps/PaperloftApp/EmailBodyRenderer.swift (in target 'PaperloftApp' from project 'Paperloft')

SwiftCompile normal arm64 /Users/builder/Factory/paperloft-chips/Apps/PaperloftApp/DeviceImport.swift (in target 'PaperloftApp' from project 'Paperloft')
    cd /Users/builder/Factory/paperloft-chips
    builtin-SwiftPerFileCompile DeviceImport.swift

SwiftCompile normal arm64 /Users/builder/Factory/paperloft-chips/Apps/PaperloftApp/EmailBodyRenderer.swift (in target 'PaperloftApp' from project 'Paperloft')
    cd /Users/builder/Factory/paperloft-chips
    builtin-SwiftPerFileCompile EmailBodyRenderer.swift

SwiftCompile normal arm64 Compiling\ GeneratedAssetSymbols.swift /Users/builder/Factory/paperloft-chips/build/DerivedData/Build/Intermediates.noindex/Paperloft.build/Debug/PaperloftApp.build/DerivedSources/GeneratedAssetSymbols.swift (in target 'PaperloftApp' from project 'Paperloft')

SwiftCompile normal arm64 /Users/builder/Factory/paperloft-chips/build/DerivedData/Build/Intermediates.noindex/Paperloft.build/Debug/PaperloftApp.build/DerivedSources/GeneratedAssetSymbols.swift (in target 'PaperloftApp' from project 'Paperloft')
    cd /Users/builder/Factory/paperloft-chips
    builtin-SwiftPerFileCompile GeneratedAssetSymbols.swift

SwiftCompile normal arm64 Compiling\ StoreController.swift /Users/builder/Factory/paperloft-chips/Apps/PaperloftApp/StoreController.swift (in target 'PaperloftApp' from project 'Paperloft')

SwiftCompile normal arm64 /Users/builder/Factory/paperloft-chips/Apps/PaperloftApp/StoreController.swift (in target 'PaperloftApp' from project 'Paperloft')
    cd /Users/builder/Factory/paperloft-chips
    builtin-SwiftPerFileCompile StoreController.swift

SwiftCompile normal arm64 Compiling\ LibraryView.swift,\ MailReviewPreparation.swift /Users/builder/Factory/paperloft-chips/Apps/PaperloftApp/LibraryView.swift /Users/builder/Factory/paperloft-chips/Apps/PaperloftApp/MailReviewPreparation.swift (in target 'PaperloftApp' from project 'Paperloft')

SwiftCompile normal arm64 /Users/builder/Factory/paperloft-chips/Apps/PaperloftApp/LibraryView.swift (in target 'PaperloftApp' from project 'Paperloft')
    cd /Users/builder/Factory/paperloft-chips
    builtin-SwiftPerFileCompile LibraryView.swift

SwiftCompile normal arm64 /Users/builder/Factory/paperloft-chips/Apps/PaperloftApp/MailReviewPreparation.swift (in target 'PaperloftApp' from project 'Paperloft')
    cd /Users/builder/Factory/paperloft-chips
    builtin-SwiftPerFileCompile MailReviewPreparation.swift

SwiftCompile normal arm64 Compiling\ AccessiblePicker.swift,\ AppModel.swift /Users/builder/Factory/paperloft-chips/Apps/PaperloftApp/AccessiblePicker.swift /Users/builder/Factory/paperloft-chips/Apps/PaperloftApp/AppModel.swift (in target 'PaperloftApp' from project 'Paperloft')

SwiftCompile normal arm64 /Users/builder/Factory/paperloft-chips/Apps/PaperloftApp/AccessiblePicker.swift (in target 'PaperloftApp' from project 'Paperloft')
    cd /Users/builder/Factory/paperloft-chips
    builtin-SwiftPerFileCompile AccessiblePicker.swift

SwiftCompile normal arm64 /Users/builder/Factory/paperloft-chips/Apps/PaperloftApp/AppModel.swift (in target 'PaperloftApp' from project 'Paperloft')
    cd /Users/builder/Factory/paperloft-chips
    builtin-SwiftPerFileCompile AppModel.swift

SwiftCompile normal arm64 Compiling\ PaywallView.swift /Users/builder/Factory/paperloft-chips/Apps/PaperloftApp/PaywallView.swift (in target 'PaperloftApp' from project 'Paperloft')

SwiftCompile normal arm64 /Users/builder/Factory/paperloft-chips/Apps/PaperloftApp/PaywallView.swift (in target 'PaperloftApp' from project 'Paperloft')
    cd /Users/builder/Factory/paperloft-chips
    builtin-SwiftPerFileCompile PaywallView.swift

SwiftDriverJobDiscovery normal arm64 Compiling GeneratedAssetSymbols.swift (in target 'PaperloftApp' from project 'Paperloft')

SwiftDriverJobDiscovery normal arm64 Compiling WindowAccessibility.swift (in target 'PaperloftApp' from project 'Paperloft')

SwiftDriverJobDiscovery normal arm64 Compiling PaperloftIntents.swift (in target 'PaperloftApp' from project 'Paperloft')

SwiftDriverJobDiscovery normal arm64 Compiling PaywallView.swift (in target 'PaperloftApp' from project 'Paperloft')

SwiftDriverJobDiscovery normal arm64 Compiling StoreController.swift (in target 'PaperloftApp' from project 'Paperloft')

SwiftDriverJobDiscovery normal arm64 Compiling PaperloftApp.swift (in target 'PaperloftApp' from project 'Paperloft')

SwiftDriverJobDiscovery normal arm64 Compiling DeviceImport.swift, EmailBodyRenderer.swift (in target 'PaperloftApp' from project 'Paperloft')

SwiftDriverJobDiscovery normal arm64 Compiling ExportView.swift, HelpView.swift (in target 'PaperloftApp' from project 'Paperloft')

SwiftDriverJobDiscovery normal arm64 Emitting module for Paperloft_Receipts (in target 'PaperloftApp' from project 'Paperloft')

SwiftDriver\ Compilation\ Requirements PaperloftApp normal arm64 com.apple.xcode.tools.swift.compiler (in target 'PaperloftApp' from project 'Paperloft')
    cd /Users/builder/Factory/paperloft-chips
    builtin-Swift-Compilation-Requirements -- /Applications/Xcode.app/Contents/Developer/Toolchains/XcodeDefault.xctoolchain/usr/bin/swiftc -module-name Paperloft_Receipts -Onone @/Users/builder/Factory/paperloft-chips/build/DerivedData/Build/Intermediates.noindex/Paperloft.build/Debug/PaperloftApp.build/Objects-normal/arm64/Paperloft\ Receipts.SwiftFileList -DDEBUG -enable-experimental-feature DebugDescriptionMacro -sdk /Applications/Xcode.app/Contents/Developer/Platforms/MacOSX.platform/Developer/SDKs/MacOSX27.0.sdk -target arm64-apple-macos27.0 -g -module-cache-path /Users/builder/Factory/paperloft-chips/build/DerivedData/ModuleCache.noindex -Xfrontend -serialize-debugging-options -profile-coverage-mapping -profile-generate -enable-testing -warnings-as-errors -index-store-path /Users/builder/Factory/paperloft-chips/build/DerivedData/Index.noindex/DataStore -swift-version 6 -I /Users/builder/Factory/paperloft-chips/build/DerivedData/Build/Products/Debug -F /Users/builder/Factory/paperloft-chips/build/DerivedData/Build/Products/Debug/PackageFrameworks -F /Users/builder/Factory/paperloft-chips/build/DerivedData/Build/Products/Debug -c -j10 -enable-batch-mode -incremental -Xcc -ivfsstatcache -Xcc /Users/builder/Factory/paperloft-chips/build/DerivedData/SDKStatCaches.noindex/macosx27.0-26A425-7231f6df4def33e022ae2eb8f782df1a.sdkstatcache -output-file-map /Users/builder/Factory/paperloft-chips/build/DerivedData/Build/Intermediates.noindex/Paperloft.build/Debug/PaperloftApp.build/Objects-normal/arm64/PaperloftApp-OutputFileMap.json -save-temps -no-color-diagnostics -explicit-module-build -module-cache-path /Users/builder/Factory/paperloft-chips/build/DerivedData/Build/Intermediates.noindex/SwiftExplicitPrecompiledModules -clang-scanner-module-cache-path /Users/builder/Factory/paperloft-chips/build/DerivedData/ModuleCache.noindex -sdk-module-cache-path /Users/builder/Factory/paperloft-chips/build/DerivedData/SDKExplicitPrecompiledModules -emit-dependencies -emit-module -emit-module-path /Users/builder/Factory/paperloft-chips/build/DerivedData/Build/Intermediates.noindex/Paperloft.build/Debug/PaperloftApp.build/Objects-normal/arm64/Paperloft_Receipts.swiftmodule -serialize-diagnostics -dependency-scan-serialize-diagnostics-path /Users/builder/Factory/paperloft-chips/build/DerivedData/Build/Intermediates.noindex/Paperloft.build/Debug/PaperloftApp.build/Objects-normal/arm64/Paperloft_Receipts-dependency-scan.dia -validate-clang-modules-once -clang-build-session-file /Users/builder/Factory/paperloft-chips/build/DerivedData/ModuleCache.noindex/Session.modulevalidation -Xcc -fmodules-prune-interval\=86400 -Xcc -fmodules-prune-after\=345600 -emit-const-values -const-gather-protocols-list /Users/builder/Factory/paperloft-chips/build/DerivedData/Build/Intermediates.noindex/Paperloft.build/Debug/PaperloftApp.build/Objects-normal/arm64/PaperloftApp_const_extract_protocols.json -Xcc -iquote -Xcc /Users/builder/Factory/paperloft-chips/build/DerivedData/Build/Intermediates.noindex/Paperloft.build/Debug/PaperloftApp.build/Paperloft\ Receipts-generated-files.hmap -Xcc -I/Users/builder/Factory/paperloft-chips/build/DerivedData/Build/Intermediates.noindex/Paperloft.build/Debug/PaperloftApp.build/Paperloft\ Receipts-own-target-headers.hmap -Xcc -I/Users/builder/Factory/paperloft-chips/build/DerivedData/Build/Intermediates.noindex/Paperloft.build/Debug/PaperloftApp.build/Paperloft\ Receipts-all-non-framework-target-headers.hmap -Xcc -ivfsoverlay -Xcc /Users/builder/Factory/paperloft-chips/build/DerivedData/Build/Intermediates.noindex/Paperloft.build/Debug/Paperloft-b93ddc6bcd4d234a5473ab01ad3589c4-VFS/all-product-headers.yaml -Xcc -iquote -Xcc /Users/builder/Factory/paperloft-chips/build/DerivedData/Build/Intermediates.noindex/Paperloft.build/Debug/PaperloftApp.build/Paperloft\ Receipts-project-headers.hmap -Xcc -I/Users/builder/Factory/paperloft-chips/build/DerivedData/Build/Products/Debug/include -Xcc -I/Users/builder/Factory/paperloft-chips/build/DerivedData/Build/Intermediates.noindex/Paperloft.build/Debug/PaperloftApp.build/DerivedSources-normal/arm64 -Xcc -I/Users/builder/Factory/paperloft-chips/build/DerivedData/Build/Intermediates.noindex/Paperloft.build/Debug/PaperloftApp.build/DerivedSources/arm64 -Xcc -I/Users/builder/Factory/paperloft-chips/build/DerivedData/Build/Intermediates.noindex/Paperloft.build/Debug/PaperloftApp.build/DerivedSources -emit-objc-header -emit-objc-header-path /Users/builder/Factory/paperloft-chips/build/DerivedData/Build/Intermediates.noindex/Paperloft.build/Debug/PaperloftApp.build/Objects-normal/arm64/Paperloft_Receipts-Swift.h -working-directory /Users/builder/Factory/paperloft-chips -experimental-emit-module-separately -disable-cmo

SwiftMergeGeneratedHeaders /Users/builder/Factory/paperloft-chips/build/DerivedData/Build/Intermediates.noindex/Paperloft.build/Debug/PaperloftApp.build/DerivedSources/Paperloft_Receipts-Swift.h /Users/builder/Factory/paperloft-chips/build/DerivedData/Build/Intermediates.noindex/Paperloft.build/Debug/PaperloftApp.build/Objects-normal/arm64/Paperloft_Receipts-Swift.h (in target 'PaperloftApp' from project 'Paperloft')
    cd /Users/builder/Factory/paperloft-chips
    builtin-swiftHeaderTool -arch arm64 /Users/builder/Factory/paperloft-chips/build/DerivedData/Build/Intermediates.noindex/Paperloft.build/Debug/PaperloftApp.build/Objects-normal/arm64/Paperloft_Receipts-Swift.h -o /Users/builder/Factory/paperloft-chips/build/DerivedData/Build/Intermediates.noindex/Paperloft.build/Debug/PaperloftApp.build/DerivedSources/Paperloft_Receipts-Swift.h

Copy /Users/builder/Factory/paperloft-chips/build/DerivedData/Build/Products/Debug/Paperloft_Receipts.swiftmodule/arm64-apple-macos.abi.json /Users/builder/Factory/paperloft-chips/build/DerivedData/Build/Intermediates.noindex/Paperloft.build/Debug/PaperloftApp.build/Objects-normal/arm64/Paperloft_Receipts.abi.json (in target 'PaperloftApp' from project 'Paperloft')
    cd /Users/builder/Factory/paperloft-chips
    builtin-copy -exclude .DS_Store -exclude CVS -exclude .svn -exclude .git -exclude .hg -resolve-src-symlinks -rename /Users/builder/Factory/paperloft-chips/build/DerivedData/Build/Intermediates.noindex/Paperloft.build/Debug/PaperloftApp.build/Objects-normal/arm64/Paperloft_Receipts.abi.json /Users/builder/Factory/paperloft-chips/build/DerivedData/Build/Products/Debug/Paperloft_Receipts.swiftmodule/arm64-apple-macos.abi.json

Copy /Users/builder/Factory/paperloft-chips/build/DerivedData/Build/Products/Debug/Paperloft_Receipts.swiftmodule/arm64-apple-macos.swiftdoc /Users/builder/Factory/paperloft-chips/build/DerivedData/Build/Intermediates.noindex/Paperloft.build/Debug/PaperloftApp.build/Objects-normal/arm64/Paperloft_Receipts.swiftdoc (in target 'PaperloftApp' from project 'Paperloft')
    cd /Users/builder/Factory/paperloft-chips
    builtin-copy -exclude .DS_Store -exclude CVS -exclude .svn -exclude .git -exclude .hg -resolve-src-symlinks -rename /Users/builder/Factory/paperloft-chips/build/DerivedData/Build/Intermediates.noindex/Paperloft.build/Debug/PaperloftApp.build/Objects-normal/arm64/Paperloft_Receipts.swiftdoc /Users/builder/Factory/paperloft-chips/build/DerivedData/Build/Products/Debug/Paperloft_Receipts.swiftmodule/arm64-apple-macos.swiftdoc

Copy /Users/builder/Factory/paperloft-chips/build/DerivedData/Build/Products/Debug/Paperloft_Receipts.swiftmodule/arm64-apple-macos.swiftmodule /Users/builder/Factory/paperloft-chips/build/DerivedData/Build/Intermediates.noindex/Paperloft.build/Debug/PaperloftApp.build/Objects-normal/arm64/Paperloft_Receipts.swiftmodule (in target 'PaperloftApp' from project 'Paperloft')
    cd /Users/builder/Factory/paperloft-chips
    builtin-copy -exclude .DS_Store -exclude CVS -exclude .svn -exclude .git -exclude .hg -resolve-src-symlinks -rename /Users/builder/Factory/paperloft-chips/build/DerivedData/Build/Intermediates.noindex/Paperloft.build/Debug/PaperloftApp.build/Objects-normal/arm64/Paperloft_Receipts.swiftmodule /Users/builder/Factory/paperloft-chips/build/DerivedData/Build/Products/Debug/Paperloft_Receipts.swiftmodule/arm64-apple-macos.swiftmodule

Copy /Users/builder/Factory/paperloft-chips/build/DerivedData/Build/Products/Debug/Paperloft_Receipts.swiftmodule/Project/arm64-apple-macos.swiftsourceinfo /Users/builder/Factory/paperloft-chips/build/DerivedData/Build/Intermediates.noindex/Paperloft.build/Debug/PaperloftApp.build/Objects-normal/arm64/Paperloft_Receipts.swiftsourceinfo (in target 'PaperloftApp' from project 'Paperloft')
    cd /Users/builder/Factory/paperloft-chips
    builtin-copy -exclude .DS_Store -exclude CVS -exclude .svn -exclude .git -exclude .hg -resolve-src-symlinks -rename /Users/builder/Factory/paperloft-chips/build/DerivedData/Build/Intermediates.noindex/Paperloft.build/Debug/PaperloftApp.build/Objects-normal/arm64/Paperloft_Receipts.swiftsourceinfo /Users/builder/Factory/paperloft-chips/build/DerivedData/Build/Products/Debug/Paperloft_Receipts.swiftmodule/Project/arm64-apple-macos.swiftsourceinfo

SwiftDriverJobDiscovery normal arm64 Compiling AccessiblePicker.swift, AppModel.swift (in target 'PaperloftApp' from project 'Paperloft')

SwiftDriverJobDiscovery normal arm64 Compiling LibraryView.swift, MailReviewPreparation.swift (in target 'PaperloftApp' from project 'Paperloft')

SwiftDriver\ Compilation PaperloftApp normal arm64 com.apple.xcode.tools.swift.compiler (in target 'PaperloftApp' from project 'Paperloft')
    cd /Users/builder/Factory/paperloft-chips
    builtin-Swift-Compilation -- /Applications/Xcode.app/Contents/Developer/Toolchains/XcodeDefault.xctoolchain/usr/bin/swiftc -module-name Paperloft_Receipts -Onone @/Users/builder/Factory/paperloft-chips/build/DerivedData/Build/Intermediates.noindex/Paperloft.build/Debug/PaperloftApp.build/Objects-normal/arm64/Paperloft\ Receipts.SwiftFileList -DDEBUG -enable-experimental-feature DebugDescriptionMacro -sdk /Applications/Xcode.app/Contents/Developer/Platforms/MacOSX.platform/Developer/SDKs/MacOSX27.0.sdk -target arm64-apple-macos27.0 -g -module-cache-path /Users/builder/Factory/paperloft-chips/build/DerivedData/ModuleCache.noindex -Xfrontend -serialize-debugging-options -profile-coverage-mapping -profile-generate -enable-testing -warnings-as-errors -index-store-path /Users/builder/Factory/paperloft-chips/build/DerivedData/Index.noindex/DataStore -swift-version 6 -I /Users/builder/Factory/paperloft-chips/build/DerivedData/Build/Products/Debug -F /Users/builder/Factory/paperloft-chips/build/DerivedData/Build/Products/Debug/PackageFrameworks -F /Users/builder/Factory/paperloft-chips/build/DerivedData/Build/Products/Debug -c -j10 -enable-batch-mode -incremental -Xcc -ivfsstatcache -Xcc /Users/builder/Factory/paperloft-chips/build/DerivedData/SDKStatCaches.noindex/macosx27.0-26A425-7231f6df4def33e022ae2eb8f782df1a.sdkstatcache -output-file-map /Users/builder/Factory/paperloft-chips/build/DerivedData/Build/Intermediates.noindex/Paperloft.build/Debug/PaperloftApp.build/Objects-normal/arm64/PaperloftApp-OutputFileMap.json -save-temps -no-color-diagnostics -explicit-module-build -module-cache-path /Users/builder/Factory/paperloft-chips/build/DerivedData/Build/Intermediates.noindex/SwiftExplicitPrecompiledModules -clang-scanner-module-cache-path /Users/builder/Factory/paperloft-chips/build/DerivedData/ModuleCache.noindex -sdk-module-cache-path /Users/builder/Factory/paperloft-chips/build/DerivedData/SDKExplicitPrecompiledModules -emit-dependencies -emit-module -emit-module-path /Users/builder/Factory/paperloft-chips/build/DerivedData/Build/Intermediates.noindex/Paperloft.build/Debug/PaperloftApp.build/Objects-normal/arm64/Paperloft_Receipts.swiftmodule -serialize-diagnostics -dependency-scan-serialize-diagnostics-path /Users/builder/Factory/paperloft-chips/build/DerivedData/Build/Intermediates.noindex/Paperloft.build/Debug/PaperloftApp.build/Objects-normal/arm64/Paperloft_Receipts-dependency-scan.dia -validate-clang-modules-once -clang-build-session-file /Users/builder/Factory/paperloft-chips/build/DerivedData/ModuleCache.noindex/Session.modulevalidation -Xcc -fmodules-prune-interval\=86400 -Xcc -fmodules-prune-after\=345600 -emit-const-values -const-gather-protocols-list /Users/builder/Factory/paperloft-chips/build/DerivedData/Build/Intermediates.noindex/Paperloft.build/Debug/PaperloftApp.build/Objects-normal/arm64/PaperloftApp_const_extract_protocols.json -Xcc -iquote -Xcc /Users/builder/Factory/paperloft-chips/build/DerivedData/Build/Intermediates.noindex/Paperloft.build/Debug/PaperloftApp.build/Paperloft\ Receipts-generated-files.hmap -Xcc -I/Users/builder/Factory/paperloft-chips/build/DerivedData/Build/Intermediates.noindex/Paperloft.build/Debug/PaperloftApp.build/Paperloft\ Receipts-own-target-headers.hmap -Xcc -I/Users/builder/Factory/paperloft-chips/build/DerivedData/Build/Intermediates.noindex/Paperloft.build/Debug/PaperloftApp.build/Paperloft\ Receipts-all-non-framework-target-headers.hmap -Xcc -ivfsoverlay -Xcc /Users/builder/Factory/paperloft-chips/build/DerivedData/Build/Intermediates.noindex/Paperloft.build/Debug/Paperloft-b93ddc6bcd4d234a5473ab01ad3589c4-VFS/all-product-headers.yaml -Xcc -iquote -Xcc /Users/builder/Factory/paperloft-chips/build/DerivedData/Build/Intermediates.noindex/Paperloft.build/Debug/PaperloftApp.build/Paperloft\ Receipts-project-headers.hmap -Xcc -I/Users/builder/Factory/paperloft-chips/build/DerivedData/Build/Products/Debug/include -Xcc -I/Users/builder/Factory/paperloft-chips/build/DerivedData/Build/Intermediates.noindex/Paperloft.build/Debug/PaperloftApp.build/DerivedSources-normal/arm64 -Xcc -I/Users/builder/Factory/paperloft-chips/build/DerivedData/Build/Intermediates.noindex/Paperloft.build/Debug/PaperloftApp.build/DerivedSources/arm64 -Xcc -I/Users/builder/Factory/paperloft-chips/build/DerivedData/Build/Intermediates.noindex/Paperloft.build/Debug/PaperloftApp.build/DerivedSources -emit-objc-header -emit-objc-header-path /Users/builder/Factory/paperloft-chips/build/DerivedData/Build/Intermediates.noindex/Paperloft.build/Debug/PaperloftApp.build/Objects-normal/arm64/Paperloft_Receipts-Swift.h -working-directory /Users/builder/Factory/paperloft-chips -experimental-emit-module-separately -disable-cmo

Ld /Users/builder/Factory/paperloft-chips/build/DerivedData/Build/Products/Debug/Paperloft\ Receipts.app/Contents/MacOS/Paperloft\ Receipts.debug.dylib normal (in target 'PaperloftApp' from project 'Paperloft')
    cd /Users/builder/Factory/paperloft-chips
    /Applications/Xcode.app/Contents/Developer/Toolchains/XcodeDefault.xctoolchain/usr/bin/clang -Xlinker -reproducible -target arm64-apple-macos27.0 -dynamiclib -isysroot /Applications/Xcode.app/Contents/Developer/Platforms/MacOSX.platform/Developer/SDKs/MacOSX27.0.sdk -Os -Xlinker -no_warn_duplicate_libraries -L/Users/builder/Factory/paperloft-chips/build/DerivedData/Build/Intermediates.noindex/EagerLinkingTBDs/Debug -L/Users/builder/Factory/paperloft-chips/build/DerivedData/Build/Products/Debug -F/Users/builder/Factory/paperloft-chips/build/DerivedData/Build/Intermediates.noindex/EagerLinkingTBDs/Debug -F/Users/builder/Factory/paperloft-chips/build/DerivedData/Build/Products/Debug/PackageFrameworks -F/Users/builder/Factory/paperloft-chips/build/DerivedData/Build/Products/Debug -filelist /Users/builder/Factory/paperloft-chips/build/DerivedData/Build/Intermediates.noindex/Paperloft.build/Debug/PaperloftApp.build/Objects-normal/arm64/Paperloft\ Receipts.LinkFileList -install_name @rpath/Paperloft\ Receipts.debug.dylib -Xlinker -rpath -Xlinker @loader_path -Xlinker -rpath -Xlinker /Users/builder/Factory/paperloft-chips/build/DerivedData/Build/Products/Debug/PackageFrameworks -Xlinker -object_path_lto -Xlinker /Users/builder/Factory/paperloft-chips/build/DerivedData/Build/Intermediates.noindex/Paperloft.build/Debug/PaperloftApp.build/Objects-normal/arm64/Paperloft\ Receipts_lto.o -rdynamic -Xlinker -debug_variant -Xlinker -dependency_info -Xlinker /Users/builder/Factory/paperloft-chips/build/DerivedData/Build/Intermediates.noindex/Paperloft.build/Debug/PaperloftApp.build/Objects-normal/arm64/Paperloft\ Receipts_dependency_info.dat -fobjc-link-runtime -fprofile-instr-generate -L/Applications/Xcode.app/Contents/Developer/Toolchains/XcodeDefault.xctoolchain/usr/lib/swift/macosx -L/usr/lib/swift -Xlinker -add_ast_path -Xlinker /Users/builder/Factory/paperloft-chips/build/DerivedData/Build/Intermediates.noindex/Paperloft.build/Debug/PaperloftApp.build/Objects-normal/arm64/Paperloft_Receipts.swiftmodule -Xlinker -alias -Xlinker _main -Xlinker ___debug_main_executable_dylib_entry_point -Xlinker -no_adhoc_codesign -o /Users/builder/Factory/paperloft-chips/build/DerivedData/Build/Products/Debug/Paperloft\ Receipts.app/Contents/MacOS/Paperloft\ Receipts.debug.dylib

ConstructStubExecutorLinkFileList /Users/builder/Factory/paperloft-chips/build/DerivedData/Build/Intermediates.noindex/Paperloft.build/Debug/PaperloftApp.build/Paperloft\ Receipts-ExecutorLinkFileList-normal-arm64.txt (in target 'PaperloftApp' from project 'Paperloft')
    cd /Users/builder/Factory/paperloft-chips
    construct-stub-executor-link-file-list /Users/builder/Factory/paperloft-chips/build/DerivedData/Build/Products/Debug/Paperloft\ Receipts.app/Contents/MacOS/Paperloft\ Receipts.debug.dylib /Applications/Xcode.app/Contents/Developer/Platforms/MacOSX.platform/Developer/usr/lib/libPreviewsJITStubExecutor_no_swift_entry_point.a /Applications/Xcode.app/Contents/Developer/Platforms/MacOSX.platform/Developer/usr/lib/libPreviewsJITStubExecutor.a --output /Users/builder/Factory/paperloft-chips/build/DerivedData/Build/Intermediates.noindex/Paperloft.build/Debug/PaperloftApp.build/Paperloft\ Receipts-ExecutorLinkFileList-normal-arm64.txt
note: Using stub executor library with Swift entry point. (in target 'PaperloftApp' from project 'Paperloft')

Ld /Users/builder/Factory/paperloft-chips/build/DerivedData/Build/Products/Debug/Paperloft\ Receipts.app/Contents/MacOS/Paperloft\ Receipts normal (in target 'PaperloftApp' from project 'Paperloft')
    cd /Users/builder/Factory/paperloft-chips
    /Applications/Xcode.app/Contents/Developer/Toolchains/XcodeDefault.xctoolchain/usr/bin/clang -Xlinker -reproducible -target arm64-apple-macos27.0 -isysroot /Applications/Xcode.app/Contents/Developer/Platforms/MacOSX.platform/Developer/SDKs/MacOSX27.0.sdk -Os -Xlinker -no_warn_duplicate_libraries -L/Users/builder/Factory/paperloft-chips/build/DerivedData/Build/Products/Debug -F/Users/builder/Factory/paperloft-chips/build/DerivedData/Build/Products/Debug/PackageFrameworks -F/Users/builder/Factory/paperloft-chips/build/DerivedData/Build/Products/Debug -Xlinker -rpath -Xlinker @executable_path -Xlinker -rpath -Xlinker @loader_path -Xlinker -rpath -Xlinker /Users/builder/Factory/paperloft-chips/build/DerivedData/Build/Products/Debug/PackageFrameworks -rdynamic -Xlinker -debug_variant -e ___debug_blank_executor_main -Xlinker -sectcreate -Xlinker __TEXT -Xlinker __debug_dylib -Xlinker /Users/builder/Factory/paperloft-chips/build/DerivedData/Build/Intermediates.noindex/Paperloft.build/Debug/PaperloftApp.build/Paperloft\ Receipts-DebugDylibPath-normal-arm64.txt -Xlinker -sectcreate -Xlinker __TEXT -Xlinker __debug_instlnm -Xlinker /Users/builder/Factory/paperloft-chips/build/DerivedData/Build/Intermediates.noindex/Paperloft.build/Debug/PaperloftApp.build/Paperloft\ Receipts-DebugDylibInstallName-normal-arm64.txt -Xlinker -filelist -Xlinker /Users/builder/Factory/paperloft-chips/build/DerivedData/Build/Intermediates.noindex/Paperloft.build/Debug/PaperloftApp.build/Paperloft\ Receipts-ExecutorLinkFileList-normal-arm64.txt /Users/builder/Factory/paperloft-chips/build/DerivedData/Build/Products/Debug/Paperloft\ Receipts.app/Contents/MacOS/Paperloft\ Receipts.debug.dylib -Xlinker -no_adhoc_codesign -o /Users/builder/Factory/paperloft-chips/build/DerivedData/Build/Products/Debug/Paperloft\ Receipts.app/Contents/MacOS/Paperloft\ Receipts

Copy /Users/builder/Factory/paperloft-chips/build/DerivedData/Build/Products/Debug/Paperloft\ Receipts.app/Contents/PlugIns/PaperloftShare.appex /Users/builder/Factory/paperloft-chips/build/DerivedData/Build/Products/Debug/PaperloftShare.appex (in target 'PaperloftApp' from project 'Paperloft')
    cd /Users/builder/Factory/paperloft-chips
    builtin-copy -exclude .DS_Store -exclude CVS -exclude .svn -exclude .git -exclude .hg -exclude Headers -exclude PrivateHeaders -exclude Modules -exclude \*.tbd -resolve-src-symlinks -remove-static-executable /Users/builder/Factory/paperloft-chips/build/DerivedData/Build/Products/Debug/PaperloftShare.appex /Users/builder/Factory/paperloft-chips/build/DerivedData/Build/Products/Debug/Paperloft\ Receipts.app/Contents/PlugIns

ProcessInfoPlistFile /Users/builder/Factory/paperloft-chips/build/DerivedData/Build/Products/Debug/Paperloft\ Receipts.app/Contents/Info.plist /Users/builder/Factory/paperloft-chips/Configuration/Info.plist (in target 'PaperloftApp' from project 'Paperloft')
    cd /Users/builder/Factory/paperloft-chips
    builtin-infoPlistUtility /Users/builder/Factory/paperloft-chips/Configuration/Info.plist -producttype com.apple.product-type.application -genpkginfo /Users/builder/Factory/paperloft-chips/build/DerivedData/Build/Products/Debug/Paperloft\ Receipts.app/Contents/PkgInfo -expandbuildsettings -platform macosx -additionalcontentfile /Users/builder/Factory/paperloft-chips/build/DerivedData/Build/Intermediates.noindex/Paperloft.build/Debug/PaperloftApp.build/assetcatalog_generated_info.plist -scanforprivacyfile /Users/builder/Factory/paperloft-chips/build/DerivedData/Build/Products/Debug/Paperloft\ Receipts.app/Contents/PlugIns/PaperloftShare.appex -o /Users/builder/Factory/paperloft-chips/build/DerivedData/Build/Products/Debug/Paperloft\ Receipts.app/Contents/Info.plist

CopySwiftLibs /Users/builder/Factory/paperloft-chips/build/DerivedData/Build/Products/Debug/Paperloft\ Receipts.app (in target 'PaperloftApp' from project 'Paperloft')
    cd /Users/builder/Factory/paperloft-chips
    builtin-swiftStdLibTool --copy --verbose --sign C5D85003913B3F3F5803C7914CC094C3F50544F5 --scan-executable /Users/builder/Factory/paperloft-chips/build/DerivedData/Build/Products/Debug/Paperloft\ Receipts.app/Contents/MacOS/Paperloft\ Receipts.debug.dylib --scan-folder /Users/builder/Factory/paperloft-chips/build/DerivedData/Build/Products/Debug/Paperloft\ Receipts.app/Contents/Frameworks --scan-folder /Users/builder/Factory/paperloft-chips/build/DerivedData/Build/Products/Debug/Paperloft\ Receipts.app/Contents/PlugIns --scan-folder /Users/builder/Factory/paperloft-chips/build/DerivedData/Build/Products/Debug/Paperloft\ Receipts.app/Contents/Library/SystemExtensions --scan-folder /Users/builder/Factory/paperloft-chips/build/DerivedData/Build/Products/Debug/Paperloft\ Receipts.app/Contents/Extensions --platform macosx --toolchain /Applications/Xcode.app/Contents/Developer/Toolchains/XcodeDefault.xctoolchain --destination /Users/builder/Factory/paperloft-chips/build/DerivedData/Build/Products/Debug/Paperloft\ Receipts.app/Contents/Frameworks --strip-bitcode --strip-bitcode-tool /Applications/Xcode.app/Contents/Developer/Toolchains/XcodeDefault.xctoolchain/usr/bin/bitcode_strip --emit-dependency-info /Users/builder/Factory/paperloft-chips/build/DerivedData/Build/Intermediates.noindex/Paperloft.build/Debug/PaperloftApp.build/SwiftStdLibToolInputDependencies.dep --filter-for-swift-os

ExtractAppIntentsMetadata (in target 'PaperloftApp' from project 'Paperloft')
    cd /Users/builder/Factory/paperloft-chips
    /Applications/Xcode.app/Contents/Developer/Toolchains/XcodeDefault.xctoolchain/usr/bin/appintentsmetadataprocessor --toolchain-dir /Applications/Xcode.app/Contents/Developer/Toolchains/XcodeDefault.xctoolchain --module-name Paperloft_Receipts --sdk-root /Applications/Xcode.app/Contents/Developer/Platforms/MacOSX.platform/Developer/SDKs/MacOSX27.0.sdk --xcode-version 27A266a --platform-family macOS --deployment-target 27.0 --bundle-identifier app.paperloft.receipts.development --output /Users/builder/Factory/paperloft-chips/build/DerivedData/Build/Products/Debug/Paperloft\ Receipts.app/Contents/Resources --target-triple arm64-apple-macos27.0 --binary-file /Users/builder/Factory/paperloft-chips/build/DerivedData/Build/Products/Debug/Paperloft\ Receipts.app/Contents/MacOS/Paperloft\ Receipts --dependency-file /Users/builder/Factory/paperloft-chips/build/DerivedData/Build/Intermediates.noindex/Paperloft.build/Debug/PaperloftApp.build/Objects-normal/arm64/Paperloft\ Receipts_dependency_info.dat --stringsdata-file /Users/builder/Factory/paperloft-chips/build/DerivedData/Build/Intermediates.noindex/Paperloft.build/Debug/PaperloftApp.build/Objects-normal/arm64/ExtractedAppShortcutsMetadata.stringsdata --source-file-list /Users/builder/Factory/paperloft-chips/build/DerivedData/Build/Intermediates.noindex/Paperloft.build/Debug/PaperloftApp.build/Objects-normal/arm64/Paperloft\ Receipts.SwiftFileList --metadata-file-list /Users/builder/Factory/paperloft-chips/build/DerivedData/Build/Intermediates.noindex/Paperloft.build/Debug/PaperloftApp.build/Paperloft\ Receipts.DependencyMetadataFileList --static-metadata-file-list /Users/builder/Factory/paperloft-chips/build/DerivedData/Build/Intermediates.noindex/Paperloft.build/Debug/PaperloftApp.build/Paperloft\ Receipts.DependencyStaticMetadataFileList --swift-const-vals-list /Users/builder/Factory/paperloft-chips/build/DerivedData/Build/Intermediates.noindex/Paperloft.build/Debug/PaperloftApp.build/Objects-normal/arm64/Paperloft\ Receipts.SwiftConstValuesFileList --compile-time-extraction --deployment-aware-processing --no-app-shortcuts-localization
2026-10-02 04:06:48.455 appintentsmetadataprocessor[51406:7673790] Starting appintentsmetadataprocessor export
2026-10-02 04:06:48.514 appintentsmetadataprocessor[51406:7673790] Writing Metadata.appintents
2026-10-02 04:06:48.514 appintentsmetadataprocessor[51406:7673790] Metadata root: /Users/builder/Factory/paperloft-chips/build/DerivedData/Build/Products/Debug/Paperloft Receipts.app/Contents/Resources/Metadata.appintents

CodeSign /Users/builder/Factory/paperloft-chips/build/DerivedData/Build/Products/Debug/Paperloft\ Receipts.app/Contents/MacOS/Paperloft\ Receipts.debug.dylib (in target 'PaperloftApp' from project 'Paperloft')
    cd /Users/builder/Factory/paperloft-chips
    
    Signing Identity:     "Apple Development: Paul Allerdyce (89KA3G5NH6)"
    
    /usr/bin/codesign --force --sign C5D85003913B3F3F5803C7914CC094C3F50544F5 --timestamp\=none --generate-entitlement-der /Users/builder/Factory/paperloft-chips/build/DerivedData/Build/Products/Debug/Paperloft\ Receipts.app/Contents/MacOS/Paperloft\ Receipts.debug.dylib

CodeSign /Users/builder/Factory/paperloft-chips/build/DerivedData/Build/Products/Debug/Paperloft\ Receipts.app/Contents/MacOS/__preview.dylib (in target 'PaperloftApp' from project 'Paperloft')
    cd /Users/builder/Factory/paperloft-chips
    
    Signing Identity:     "Apple Development: Paul Allerdyce (89KA3G5NH6)"
    
    /usr/bin/codesign --force --sign C5D85003913B3F3F5803C7914CC094C3F50544F5 --timestamp\=none --generate-entitlement-der /Users/builder/Factory/paperloft-chips/build/DerivedData/Build/Products/Debug/Paperloft\ Receipts.app/Contents/MacOS/__preview.dylib

CodeSign /Users/builder/Factory/paperloft-chips/build/DerivedData/Build/Products/Debug/Paperloft\ Receipts.app (in target 'PaperloftApp' from project 'Paperloft')
    cd /Users/builder/Factory/paperloft-chips
    
    Signing Identity:     "Apple Development: Paul Allerdyce (89KA3G5NH6)"
    
    /usr/bin/codesign --force --sign C5D85003913B3F3F5803C7914CC094C3F50544F5 --entitlements /Users/builder/Factory/paperloft-chips/build/DerivedData/Build/Intermediates.noindex/Paperloft.build/Debug/PaperloftApp.build/Paperloft\ Receipts.app.xcent --timestamp\=none --generate-entitlement-der /Users/builder/Factory/paperloft-chips/build/DerivedData/Build/Products/Debug/Paperloft\ Receipts.app

ValidateEmbeddedBinary /Users/builder/Factory/paperloft-chips/build/DerivedData/Build/Products/Debug/Paperloft\ Receipts.app/Contents/PlugIns/PaperloftShare.appex (in target 'PaperloftApp' from project 'Paperloft')
    cd /Users/builder/Factory/paperloft-chips
    /Applications/Xcode.app/Contents/Developer/usr/bin/embeddedBinaryValidationUtility /Users/builder/Factory/paperloft-chips/build/DerivedData/Build/Products/Debug/Paperloft\ Receipts.app/Contents/PlugIns/PaperloftShare.appex -signing-cert C5D85003913B3F3F5803C7914CC094C3F50544F5 -info-plist-path /Users/builder/Factory/paperloft-chips/build/DerivedData/Build/Products/Debug/Paperloft\ Receipts.app/Contents/Info.plist

RegisterExecutionPolicyException /Users/builder/Factory/paperloft-chips/build/DerivedData/Build/Products/Debug/Paperloft\ Receipts.app (in target 'PaperloftApp' from project 'Paperloft')
    cd /Users/builder/Factory/paperloft-chips
    builtin-RegisterExecutionPolicyException /Users/builder/Factory/paperloft-chips/build/DerivedData/Build/Products/Debug/Paperloft\ Receipts.app

Validate /Users/builder/Factory/paperloft-chips/build/DerivedData/Build/Products/Debug/Paperloft\ Receipts.app (in target 'PaperloftApp' from project 'Paperloft')
    cd /Users/builder/Factory/paperloft-chips
    builtin-validationUtility /Users/builder/Factory/paperloft-chips/build/DerivedData/Build/Products/Debug/Paperloft\ Receipts.app -no-validate-extension -infoplist-subpath Contents/Info.plist

Touch /Users/builder/Factory/paperloft-chips/build/DerivedData/Build/Products/Debug/Paperloft\ Receipts.app (in target 'PaperloftApp' from project 'Paperloft')
    cd /Users/builder/Factory/paperloft-chips
    /usr/bin/touch -c /Users/builder/Factory/paperloft-chips/build/DerivedData/Build/Products/Debug/Paperloft\ Receipts.app

RegisterWithLaunchServices /Users/builder/Factory/paperloft-chips/build/DerivedData/Build/Products/Debug/Paperloft\ Receipts.app (in target 'PaperloftApp' from project 'Paperloft')
    cd /Users/builder/Factory/paperloft-chips
    builtin-lsregisterurl --record-path /Users/builder/Factory/paperloft-chips/build/DerivedData/Build/Intermediates.noindex/XCBuildData/registered-launchservices.txt -- /System/Library/Frameworks/CoreServices.framework/Versions/Current/Frameworks/LaunchServices.framework/Versions/Current/Support/lsregister -f -R -trusted /Users/builder/Factory/paperloft-chips/build/DerivedData/Build/Products/Debug/Paperloft\ Receipts.app

PruneExplicitPrecompiledModules /Users/builder/Factory/paperloft-chips/build/DerivedData/Build/Intermediates.noindex/ExplicitPrecompiledModules

PruneExplicitPrecompiledModules /Users/builder/Factory/paperloft-chips/build/DerivedData/Build/Intermediates.noindex/SwiftExplicitPrecompiledModules

PruneExplicitPrecompiledModules /Users/builder/Factory/paperloft-chips/build/DerivedData/SDKExplicitPrecompiledModules

** BUILD SUCCEEDED **

