Command line invocation:
    /Applications/Xcode.app/Contents/Developer/usr/bin/xcodebuild build-for-testing -project Tools/AccessibilityProbe/AccessibilityProbe.xcodeproj -scheme AccessibilityProbe -destination platform=macOS -derivedDataPath build/AccessibilityProbe

ComputePackagePrebuildTargetDependencyGraph

Prepare packages

CreateBuildRequest

SendProjectDescription

CreateBuildOperation

ComputeTargetDependencyGraph
note: Building targets in dependency order
note: Target dependency graph (2 targets)
    Target 'ProbeTests' in project 'AccessibilityProbe'
        ➜ Explicit dependency on target 'AccessibilityProbe' in project 'AccessibilityProbe'
    Target 'AccessibilityProbe' in project 'AccessibilityProbe' (no dependencies)

GatherProvisioningInputs

CreateBuildDescription

ExecuteExternalTool /Applications/Xcode.app/Contents/Developer/Toolchains/XcodeDefault.xctoolchain/usr/bin/swiftc --version

ExecuteExternalTool /Applications/Xcode.app/Contents/Developer/Toolchains/XcodeDefault.xctoolchain/usr/bin/clang -v -E -dM -isysroot /Applications/Xcode.app/Contents/Developer/Platforms/MacOSX.platform/Developer/SDKs/MacOSX27.0.sdk -x c -c /dev/null

ExecuteExternalTool /Applications/Xcode.app/Contents/Developer/Toolchains/XcodeDefault.xctoolchain/usr/bin/ld -version_details

Build description signature: 37125f6b5f87eeb119190afbfcf29cf4
Build description path: /Users/builder/Factory/paperloft/evidence/checkouts/a11y-probe-e5889f4/build/AccessibilityProbe/Build/Intermediates.noindex/XCBuildData/37125f6b5f87eeb119190afbfcf29cf4.xcbuilddata
CreateBuildDirectory /Users/builder/Factory/paperloft/evidence/checkouts/a11y-probe-e5889f4/build/AccessibilityProbe/SDKExplicitPrecompiledModules
    cd /Users/builder/Factory/paperloft/evidence/checkouts/a11y-probe-e5889f4/Tools/AccessibilityProbe/AccessibilityProbe.xcodeproj
    builtin-create-build-directory /Users/builder/Factory/paperloft/evidence/checkouts/a11y-probe-e5889f4/build/AccessibilityProbe/SDKExplicitPrecompiledModules

CreateBuildDirectory /Users/builder/Factory/paperloft/evidence/checkouts/a11y-probe-e5889f4/build/AccessibilityProbe/CompilationCache.noindex
    cd /Users/builder/Factory/paperloft/evidence/checkouts/a11y-probe-e5889f4/Tools/AccessibilityProbe/AccessibilityProbe.xcodeproj
    builtin-create-build-directory /Users/builder/Factory/paperloft/evidence/checkouts/a11y-probe-e5889f4/build/AccessibilityProbe/CompilationCache.noindex

CreateBuildDirectory /Users/builder/Factory/paperloft/evidence/checkouts/a11y-probe-e5889f4/build/AccessibilityProbe/ModuleCache.noindex
    cd /Users/builder/Factory/paperloft/evidence/checkouts/a11y-probe-e5889f4/Tools/AccessibilityProbe/AccessibilityProbe.xcodeproj
    builtin-create-build-directory /Users/builder/Factory/paperloft/evidence/checkouts/a11y-probe-e5889f4/build/AccessibilityProbe/ModuleCache.noindex

CreateBuildDirectory /Users/builder/Factory/paperloft/evidence/checkouts/a11y-probe-e5889f4/build/AccessibilityProbe/Build/Products
    cd /Users/builder/Factory/paperloft/evidence/checkouts/a11y-probe-e5889f4/Tools/AccessibilityProbe/AccessibilityProbe.xcodeproj
    builtin-create-build-directory /Users/builder/Factory/paperloft/evidence/checkouts/a11y-probe-e5889f4/build/AccessibilityProbe/Build/Products

CreateBuildDirectory /Users/builder/Factory/paperloft/evidence/checkouts/a11y-probe-e5889f4/build/AccessibilityProbe/Build/Intermediates.noindex
    cd /Users/builder/Factory/paperloft/evidence/checkouts/a11y-probe-e5889f4/Tools/AccessibilityProbe/AccessibilityProbe.xcodeproj
    builtin-create-build-directory /Users/builder/Factory/paperloft/evidence/checkouts/a11y-probe-e5889f4/build/AccessibilityProbe/Build/Intermediates.noindex

ClangStatCache /Applications/Xcode.app/Contents/Developer/Toolchains/XcodeDefault.xctoolchain/usr/bin/clang-stat-cache /Applications/Xcode.app/Contents/Developer/Platforms/MacOSX.platform/Developer/SDKs/MacOSX27.0.sdk /Users/builder/Factory/paperloft/evidence/checkouts/a11y-probe-e5889f4/build/AccessibilityProbe/SDKStatCaches.noindex/macosx27.0-26A425-7231f6df4def33e022ae2eb8f782df1a.sdkstatcache
    cd /Users/builder/Factory/paperloft/evidence/checkouts/a11y-probe-e5889f4/Tools/AccessibilityProbe/AccessibilityProbe.xcodeproj
    /Applications/Xcode.app/Contents/Developer/Toolchains/XcodeDefault.xctoolchain/usr/bin/clang-stat-cache /Applications/Xcode.app/Contents/Developer/Platforms/MacOSX.platform/Developer/SDKs/MacOSX27.0.sdk -o /Users/builder/Factory/paperloft/evidence/checkouts/a11y-probe-e5889f4/build/AccessibilityProbe/SDKStatCaches.noindex/macosx27.0-26A425-7231f6df4def33e022ae2eb8f782df1a.sdkstatcache

CreateBuildDirectory /Users/builder/Factory/paperloft/evidence/checkouts/a11y-probe-e5889f4/build/AccessibilityProbe/Build/Products/Release
    cd /Users/builder/Factory/paperloft/evidence/checkouts/a11y-probe-e5889f4/Tools/AccessibilityProbe/AccessibilityProbe.xcodeproj
    builtin-create-build-directory /Users/builder/Factory/paperloft/evidence/checkouts/a11y-probe-e5889f4/build/AccessibilityProbe/Build/Products/Release

CreateBuildDirectory /Users/builder/Factory/paperloft/evidence/checkouts/a11y-probe-e5889f4/build/AccessibilityProbe/Build/Intermediates.noindex/ExplicitPrecompiledModules
    cd /Users/builder/Factory/paperloft/evidence/checkouts/a11y-probe-e5889f4/Tools/AccessibilityProbe/AccessibilityProbe.xcodeproj
    builtin-create-build-directory /Users/builder/Factory/paperloft/evidence/checkouts/a11y-probe-e5889f4/build/AccessibilityProbe/Build/Intermediates.noindex/ExplicitPrecompiledModules

CreateBuildDirectory /Users/builder/Factory/paperloft/evidence/checkouts/a11y-probe-e5889f4/build/AccessibilityProbe/Build/Intermediates.noindex/PrecompiledHeaders
    cd /Users/builder/Factory/paperloft/evidence/checkouts/a11y-probe-e5889f4/Tools/AccessibilityProbe/AccessibilityProbe.xcodeproj
    builtin-create-build-directory /Users/builder/Factory/paperloft/evidence/checkouts/a11y-probe-e5889f4/build/AccessibilityProbe/Build/Intermediates.noindex/PrecompiledHeaders

CreateBuildDirectory /Users/builder/Factory/paperloft/evidence/checkouts/a11y-probe-e5889f4/build/AccessibilityProbe/Build/Intermediates.noindex/SwiftExplicitPrecompiledModules
    cd /Users/builder/Factory/paperloft/evidence/checkouts/a11y-probe-e5889f4/Tools/AccessibilityProbe/AccessibilityProbe.xcodeproj
    builtin-create-build-directory /Users/builder/Factory/paperloft/evidence/checkouts/a11y-probe-e5889f4/build/AccessibilityProbe/Build/Intermediates.noindex/SwiftExplicitPrecompiledModules

CreateBuildDirectory /Users/builder/Factory/paperloft/evidence/checkouts/a11y-probe-e5889f4/build/AccessibilityProbe/Build/Intermediates.noindex/EagerLinkingTBDs/Release
    cd /Users/builder/Factory/paperloft/evidence/checkouts/a11y-probe-e5889f4/Tools/AccessibilityProbe/AccessibilityProbe.xcodeproj
    builtin-create-build-directory /Users/builder/Factory/paperloft/evidence/checkouts/a11y-probe-e5889f4/build/AccessibilityProbe/Build/Intermediates.noindex/EagerLinkingTBDs/Release

WriteAuxiliaryFile /Users/builder/Factory/paperloft/evidence/checkouts/a11y-probe-e5889f4/build/AccessibilityProbe/Build/Intermediates.noindex/AccessibilityProbe.build/Release/AccessibilityProbe-f522feb5f5fcd85f8f8275e1170974f2-VFS/all-product-headers.yaml
    cd /Users/builder/Factory/paperloft/evidence/checkouts/a11y-probe-e5889f4/Tools/AccessibilityProbe/AccessibilityProbe.xcodeproj
    write-file /Users/builder/Factory/paperloft/evidence/checkouts/a11y-probe-e5889f4/build/AccessibilityProbe/Build/Intermediates.noindex/AccessibilityProbe.build/Release/AccessibilityProbe-f522feb5f5fcd85f8f8275e1170974f2-VFS/all-product-headers.yaml

WriteAuxiliaryFile /Users/builder/Factory/paperloft/evidence/checkouts/a11y-probe-e5889f4/build/AccessibilityProbe/Build/Intermediates.noindex/AccessibilityProbe.build/Release/ProbeTests.build/ProbeTests.DependencyMetadataFileList (in target 'ProbeTests' from project 'AccessibilityProbe')
    cd /Users/builder/Factory/paperloft/evidence/checkouts/a11y-probe-e5889f4/Tools/AccessibilityProbe
    write-file /Users/builder/Factory/paperloft/evidence/checkouts/a11y-probe-e5889f4/build/AccessibilityProbe/Build/Intermediates.noindex/AccessibilityProbe.build/Release/ProbeTests.build/ProbeTests.DependencyMetadataFileList

WriteAuxiliaryFile /Users/builder/Factory/paperloft/evidence/checkouts/a11y-probe-e5889f4/build/AccessibilityProbe/Build/Intermediates.noindex/AccessibilityProbe.build/Release/ProbeTests.build/empty-ProbeTests.plist (in target 'ProbeTests' from project 'AccessibilityProbe')
    cd /Users/builder/Factory/paperloft/evidence/checkouts/a11y-probe-e5889f4/Tools/AccessibilityProbe
    write-file /Users/builder/Factory/paperloft/evidence/checkouts/a11y-probe-e5889f4/build/AccessibilityProbe/Build/Intermediates.noindex/AccessibilityProbe.build/Release/ProbeTests.build/empty-ProbeTests.plist

WriteAuxiliaryFile /Users/builder/Factory/paperloft/evidence/checkouts/a11y-probe-e5889f4/build/AccessibilityProbe/Build/Intermediates.noindex/AccessibilityProbe.build/Release/ProbeTests.build/ProbeTests-project-headers.hmap (in target 'ProbeTests' from project 'AccessibilityProbe')
    cd /Users/builder/Factory/paperloft/evidence/checkouts/a11y-probe-e5889f4/Tools/AccessibilityProbe
    write-file /Users/builder/Factory/paperloft/evidence/checkouts/a11y-probe-e5889f4/build/AccessibilityProbe/Build/Intermediates.noindex/AccessibilityProbe.build/Release/ProbeTests.build/ProbeTests-project-headers.hmap

WriteAuxiliaryFile /Users/builder/Factory/paperloft/evidence/checkouts/a11y-probe-e5889f4/build/AccessibilityProbe/Build/Intermediates.noindex/AccessibilityProbe.build/Release/ProbeTests.build/ProbeTests-own-target-headers.hmap (in target 'ProbeTests' from project 'AccessibilityProbe')
    cd /Users/builder/Factory/paperloft/evidence/checkouts/a11y-probe-e5889f4/Tools/AccessibilityProbe
    write-file /Users/builder/Factory/paperloft/evidence/checkouts/a11y-probe-e5889f4/build/AccessibilityProbe/Build/Intermediates.noindex/AccessibilityProbe.build/Release/ProbeTests.build/ProbeTests-own-target-headers.hmap

WriteAuxiliaryFile /Users/builder/Factory/paperloft/evidence/checkouts/a11y-probe-e5889f4/build/AccessibilityProbe/Build/Intermediates.noindex/AccessibilityProbe.build/Release/ProbeTests.build/ProbeTests-generated-files.hmap (in target 'ProbeTests' from project 'AccessibilityProbe')
    cd /Users/builder/Factory/paperloft/evidence/checkouts/a11y-probe-e5889f4/Tools/AccessibilityProbe
    write-file /Users/builder/Factory/paperloft/evidence/checkouts/a11y-probe-e5889f4/build/AccessibilityProbe/Build/Intermediates.noindex/AccessibilityProbe.build/Release/ProbeTests.build/ProbeTests-generated-files.hmap

WriteAuxiliaryFile /Users/builder/Factory/paperloft/evidence/checkouts/a11y-probe-e5889f4/build/AccessibilityProbe/Build/Intermediates.noindex/AccessibilityProbe.build/Release/ProbeTests.build/ProbeTests-all-target-headers.hmap (in target 'ProbeTests' from project 'AccessibilityProbe')
    cd /Users/builder/Factory/paperloft/evidence/checkouts/a11y-probe-e5889f4/Tools/AccessibilityProbe
    write-file /Users/builder/Factory/paperloft/evidence/checkouts/a11y-probe-e5889f4/build/AccessibilityProbe/Build/Intermediates.noindex/AccessibilityProbe.build/Release/ProbeTests.build/ProbeTests-all-target-headers.hmap

WriteAuxiliaryFile /Users/builder/Factory/paperloft/evidence/checkouts/a11y-probe-e5889f4/build/AccessibilityProbe/Build/Intermediates.noindex/AccessibilityProbe.build/Release/ProbeTests.build/ProductTypeInfoPlistAdditions.plist (in target 'ProbeTests' from project 'AccessibilityProbe')
    cd /Users/builder/Factory/paperloft/evidence/checkouts/a11y-probe-e5889f4/Tools/AccessibilityProbe
    write-file /Users/builder/Factory/paperloft/evidence/checkouts/a11y-probe-e5889f4/build/AccessibilityProbe/Build/Intermediates.noindex/AccessibilityProbe.build/Release/ProbeTests.build/ProductTypeInfoPlistAdditions.plist

WriteAuxiliaryFile /Users/builder/Factory/paperloft/evidence/checkouts/a11y-probe-e5889f4/build/AccessibilityProbe/Build/Intermediates.noindex/AccessibilityProbe.build/Release/ProbeTests.build/ProbeTests.DependencyStaticMetadataFileList (in target 'ProbeTests' from project 'AccessibilityProbe')
    cd /Users/builder/Factory/paperloft/evidence/checkouts/a11y-probe-e5889f4/Tools/AccessibilityProbe
    write-file /Users/builder/Factory/paperloft/evidence/checkouts/a11y-probe-e5889f4/build/AccessibilityProbe/Build/Intermediates.noindex/AccessibilityProbe.build/Release/ProbeTests.build/ProbeTests.DependencyStaticMetadataFileList

WriteAuxiliaryFile /Users/builder/Factory/paperloft/evidence/checkouts/a11y-probe-e5889f4/build/AccessibilityProbe/Build/Intermediates.noindex/AccessibilityProbe.build/Release/ProbeTests.build/ProbeTests.hmap (in target 'ProbeTests' from project 'AccessibilityProbe')
    cd /Users/builder/Factory/paperloft/evidence/checkouts/a11y-probe-e5889f4/Tools/AccessibilityProbe
    write-file /Users/builder/Factory/paperloft/evidence/checkouts/a11y-probe-e5889f4/build/AccessibilityProbe/Build/Intermediates.noindex/AccessibilityProbe.build/Release/ProbeTests.build/ProbeTests.hmap

WriteAuxiliaryFile /Users/builder/Factory/paperloft/evidence/checkouts/a11y-probe-e5889f4/build/AccessibilityProbe/Build/Intermediates.noindex/AccessibilityProbe.build/Release/ProbeTests.build/ProbeTests-all-non-framework-target-headers.hmap (in target 'ProbeTests' from project 'AccessibilityProbe')
    cd /Users/builder/Factory/paperloft/evidence/checkouts/a11y-probe-e5889f4/Tools/AccessibilityProbe
    write-file /Users/builder/Factory/paperloft/evidence/checkouts/a11y-probe-e5889f4/build/AccessibilityProbe/Build/Intermediates.noindex/AccessibilityProbe.build/Release/ProbeTests.build/ProbeTests-all-non-framework-target-headers.hmap

WriteAuxiliaryFile /Users/builder/Factory/paperloft/evidence/checkouts/a11y-probe-e5889f4/build/AccessibilityProbe/Build/Intermediates.noindex/AccessibilityProbe.build/Release/ProbeTests.build/Objects-normal/arm64/ProbeTests.LinkFileList (in target 'ProbeTests' from project 'AccessibilityProbe')
    cd /Users/builder/Factory/paperloft/evidence/checkouts/a11y-probe-e5889f4/Tools/AccessibilityProbe
    write-file /Users/builder/Factory/paperloft/evidence/checkouts/a11y-probe-e5889f4/build/AccessibilityProbe/Build/Intermediates.noindex/AccessibilityProbe.build/Release/ProbeTests.build/Objects-normal/arm64/ProbeTests.LinkFileList

WriteAuxiliaryFile /Users/builder/Factory/paperloft/evidence/checkouts/a11y-probe-e5889f4/build/AccessibilityProbe/Build/Intermediates.noindex/AccessibilityProbe.build/Release/ProbeTests.build/Objects-normal/arm64/ProbeTests-OutputFileMap.json (in target 'ProbeTests' from project 'AccessibilityProbe')
    cd /Users/builder/Factory/paperloft/evidence/checkouts/a11y-probe-e5889f4/Tools/AccessibilityProbe
    write-file /Users/builder/Factory/paperloft/evidence/checkouts/a11y-probe-e5889f4/build/AccessibilityProbe/Build/Intermediates.noindex/AccessibilityProbe.build/Release/ProbeTests.build/Objects-normal/arm64/ProbeTests-OutputFileMap.json

WriteAuxiliaryFile /Users/builder/Factory/paperloft/evidence/checkouts/a11y-probe-e5889f4/build/AccessibilityProbe/Build/Intermediates.noindex/AccessibilityProbe.build/Release/ProbeTests.build/Objects-normal/arm64/ProbeTests.SwiftFileList (in target 'ProbeTests' from project 'AccessibilityProbe')
    cd /Users/builder/Factory/paperloft/evidence/checkouts/a11y-probe-e5889f4/Tools/AccessibilityProbe
    write-file /Users/builder/Factory/paperloft/evidence/checkouts/a11y-probe-e5889f4/build/AccessibilityProbe/Build/Intermediates.noindex/AccessibilityProbe.build/Release/ProbeTests.build/Objects-normal/arm64/ProbeTests.SwiftFileList

WriteAuxiliaryFile /Users/builder/Factory/paperloft/evidence/checkouts/a11y-probe-e5889f4/build/AccessibilityProbe/Build/Intermediates.noindex/AccessibilityProbe.build/Release/ProbeTests.build/Objects-normal/arm64/ProbeTests.SwiftConstValuesFileList (in target 'ProbeTests' from project 'AccessibilityProbe')
    cd /Users/builder/Factory/paperloft/evidence/checkouts/a11y-probe-e5889f4/Tools/AccessibilityProbe
    write-file /Users/builder/Factory/paperloft/evidence/checkouts/a11y-probe-e5889f4/build/AccessibilityProbe/Build/Intermediates.noindex/AccessibilityProbe.build/Release/ProbeTests.build/Objects-normal/arm64/ProbeTests.SwiftConstValuesFileList

WriteAuxiliaryFile /Users/builder/Factory/paperloft/evidence/checkouts/a11y-probe-e5889f4/build/AccessibilityProbe/Build/Intermediates.noindex/AccessibilityProbe.build/Release/ProbeTests.build/Objects-normal/arm64/ProbeTests_const_extract_protocols.json (in target 'ProbeTests' from project 'AccessibilityProbe')
    cd /Users/builder/Factory/paperloft/evidence/checkouts/a11y-probe-e5889f4/Tools/AccessibilityProbe
    write-file /Users/builder/Factory/paperloft/evidence/checkouts/a11y-probe-e5889f4/build/AccessibilityProbe/Build/Intermediates.noindex/AccessibilityProbe.build/Release/ProbeTests.build/Objects-normal/arm64/ProbeTests_const_extract_protocols.json

WriteAuxiliaryFile /Users/builder/Factory/paperloft/evidence/checkouts/a11y-probe-e5889f4/build/AccessibilityProbe/Build/Intermediates.noindex/AccessibilityProbe.build/Release/ProbeTests.build/DerivedSources/Entitlements.plist (in target 'ProbeTests' from project 'AccessibilityProbe')
    cd /Users/builder/Factory/paperloft/evidence/checkouts/a11y-probe-e5889f4/Tools/AccessibilityProbe
    write-file /Users/builder/Factory/paperloft/evidence/checkouts/a11y-probe-e5889f4/build/AccessibilityProbe/Build/Intermediates.noindex/AccessibilityProbe.build/Release/ProbeTests.build/DerivedSources/Entitlements.plist

WriteAuxiliaryFile /Users/builder/Factory/paperloft/evidence/checkouts/a11y-probe-e5889f4/build/AccessibilityProbe/Build/Intermediates.noindex/AccessibilityProbe.build/Release/AccessibilityProbe.build/empty-AccessibilityProbe.plist (in target 'AccessibilityProbe' from project 'AccessibilityProbe')
    cd /Users/builder/Factory/paperloft/evidence/checkouts/a11y-probe-e5889f4/Tools/AccessibilityProbe
    write-file /Users/builder/Factory/paperloft/evidence/checkouts/a11y-probe-e5889f4/build/AccessibilityProbe/Build/Intermediates.noindex/AccessibilityProbe.build/Release/AccessibilityProbe.build/empty-AccessibilityProbe.plist

WriteAuxiliaryFile /Users/builder/Factory/paperloft/evidence/checkouts/a11y-probe-e5889f4/build/AccessibilityProbe/Build/Intermediates.noindex/AccessibilityProbe.build/Release/AccessibilityProbe.build/Objects-normal/arm64/AccessibilityProbe_const_extract_protocols.json (in target 'AccessibilityProbe' from project 'AccessibilityProbe')
    cd /Users/builder/Factory/paperloft/evidence/checkouts/a11y-probe-e5889f4/Tools/AccessibilityProbe
    write-file /Users/builder/Factory/paperloft/evidence/checkouts/a11y-probe-e5889f4/build/AccessibilityProbe/Build/Intermediates.noindex/AccessibilityProbe.build/Release/AccessibilityProbe.build/Objects-normal/arm64/AccessibilityProbe_const_extract_protocols.json

WriteAuxiliaryFile /Users/builder/Factory/paperloft/evidence/checkouts/a11y-probe-e5889f4/build/AccessibilityProbe/Build/Intermediates.noindex/AccessibilityProbe.build/Release/AccessibilityProbe.build/Objects-normal/arm64/AccessibilityProbe.SwiftFileList (in target 'AccessibilityProbe' from project 'AccessibilityProbe')
    cd /Users/builder/Factory/paperloft/evidence/checkouts/a11y-probe-e5889f4/Tools/AccessibilityProbe
    write-file /Users/builder/Factory/paperloft/evidence/checkouts/a11y-probe-e5889f4/build/AccessibilityProbe/Build/Intermediates.noindex/AccessibilityProbe.build/Release/AccessibilityProbe.build/Objects-normal/arm64/AccessibilityProbe.SwiftFileList

WriteAuxiliaryFile /Users/builder/Factory/paperloft/evidence/checkouts/a11y-probe-e5889f4/build/AccessibilityProbe/Build/Intermediates.noindex/AccessibilityProbe.build/Release/AccessibilityProbe.build/Objects-normal/arm64/AccessibilityProbe.SwiftConstValuesFileList (in target 'AccessibilityProbe' from project 'AccessibilityProbe')
    cd /Users/builder/Factory/paperloft/evidence/checkouts/a11y-probe-e5889f4/Tools/AccessibilityProbe
    write-file /Users/builder/Factory/paperloft/evidence/checkouts/a11y-probe-e5889f4/build/AccessibilityProbe/Build/Intermediates.noindex/AccessibilityProbe.build/Release/AccessibilityProbe.build/Objects-normal/arm64/AccessibilityProbe.SwiftConstValuesFileList

WriteAuxiliaryFile /Users/builder/Factory/paperloft/evidence/checkouts/a11y-probe-e5889f4/build/AccessibilityProbe/Build/Intermediates.noindex/AccessibilityProbe.build/Release/AccessibilityProbe.build/Objects-normal/arm64/AccessibilityProbe.LinkFileList (in target 'AccessibilityProbe' from project 'AccessibilityProbe')
    cd /Users/builder/Factory/paperloft/evidence/checkouts/a11y-probe-e5889f4/Tools/AccessibilityProbe
    write-file /Users/builder/Factory/paperloft/evidence/checkouts/a11y-probe-e5889f4/build/AccessibilityProbe/Build/Intermediates.noindex/AccessibilityProbe.build/Release/AccessibilityProbe.build/Objects-normal/arm64/AccessibilityProbe.LinkFileList

WriteAuxiliaryFile /Users/builder/Factory/paperloft/evidence/checkouts/a11y-probe-e5889f4/build/AccessibilityProbe/Build/Intermediates.noindex/AccessibilityProbe.build/Release/AccessibilityProbe.build/Objects-normal/arm64/AccessibilityProbe-OutputFileMap.json (in target 'AccessibilityProbe' from project 'AccessibilityProbe')
    cd /Users/builder/Factory/paperloft/evidence/checkouts/a11y-probe-e5889f4/Tools/AccessibilityProbe
    write-file /Users/builder/Factory/paperloft/evidence/checkouts/a11y-probe-e5889f4/build/AccessibilityProbe/Build/Intermediates.noindex/AccessibilityProbe.build/Release/AccessibilityProbe.build/Objects-normal/arm64/AccessibilityProbe-OutputFileMap.json

WriteAuxiliaryFile /Users/builder/Factory/paperloft/evidence/checkouts/a11y-probe-e5889f4/build/AccessibilityProbe/Build/Intermediates.noindex/AccessibilityProbe.build/Release/AccessibilityProbe.build/AccessibilityProbe.hmap (in target 'AccessibilityProbe' from project 'AccessibilityProbe')
    cd /Users/builder/Factory/paperloft/evidence/checkouts/a11y-probe-e5889f4/Tools/AccessibilityProbe
    write-file /Users/builder/Factory/paperloft/evidence/checkouts/a11y-probe-e5889f4/build/AccessibilityProbe/Build/Intermediates.noindex/AccessibilityProbe.build/Release/AccessibilityProbe.build/AccessibilityProbe.hmap

WriteAuxiliaryFile /Users/builder/Factory/paperloft/evidence/checkouts/a11y-probe-e5889f4/build/AccessibilityProbe/Build/Intermediates.noindex/AccessibilityProbe.build/Release/AccessibilityProbe.build/AccessibilityProbe.DependencyStaticMetadataFileList (in target 'AccessibilityProbe' from project 'AccessibilityProbe')
    cd /Users/builder/Factory/paperloft/evidence/checkouts/a11y-probe-e5889f4/Tools/AccessibilityProbe
    write-file /Users/builder/Factory/paperloft/evidence/checkouts/a11y-probe-e5889f4/build/AccessibilityProbe/Build/Intermediates.noindex/AccessibilityProbe.build/Release/AccessibilityProbe.build/AccessibilityProbe.DependencyStaticMetadataFileList

WriteAuxiliaryFile /Users/builder/Factory/paperloft/evidence/checkouts/a11y-probe-e5889f4/build/AccessibilityProbe/Build/Intermediates.noindex/AccessibilityProbe.build/Release/AccessibilityProbe.build/DerivedSources/Entitlements.plist (in target 'AccessibilityProbe' from project 'AccessibilityProbe')
    cd /Users/builder/Factory/paperloft/evidence/checkouts/a11y-probe-e5889f4/Tools/AccessibilityProbe
    write-file /Users/builder/Factory/paperloft/evidence/checkouts/a11y-probe-e5889f4/build/AccessibilityProbe/Build/Intermediates.noindex/AccessibilityProbe.build/Release/AccessibilityProbe.build/DerivedSources/Entitlements.plist

WriteAuxiliaryFile /Users/builder/Factory/paperloft/evidence/checkouts/a11y-probe-e5889f4/build/AccessibilityProbe/Build/Intermediates.noindex/AccessibilityProbe.build/Release/AccessibilityProbe.build/AccessibilityProbe.DependencyMetadataFileList (in target 'AccessibilityProbe' from project 'AccessibilityProbe')
    cd /Users/builder/Factory/paperloft/evidence/checkouts/a11y-probe-e5889f4/Tools/AccessibilityProbe
    write-file /Users/builder/Factory/paperloft/evidence/checkouts/a11y-probe-e5889f4/build/AccessibilityProbe/Build/Intermediates.noindex/AccessibilityProbe.build/Release/AccessibilityProbe.build/AccessibilityProbe.DependencyMetadataFileList

WriteAuxiliaryFile /Users/builder/Factory/paperloft/evidence/checkouts/a11y-probe-e5889f4/build/AccessibilityProbe/Build/Intermediates.noindex/AccessibilityProbe.build/Release/AccessibilityProbe.build/AccessibilityProbe-project-headers.hmap (in target 'AccessibilityProbe' from project 'AccessibilityProbe')
    cd /Users/builder/Factory/paperloft/evidence/checkouts/a11y-probe-e5889f4/Tools/AccessibilityProbe
    write-file /Users/builder/Factory/paperloft/evidence/checkouts/a11y-probe-e5889f4/build/AccessibilityProbe/Build/Intermediates.noindex/AccessibilityProbe.build/Release/AccessibilityProbe.build/AccessibilityProbe-project-headers.hmap

WriteAuxiliaryFile /Users/builder/Factory/paperloft/evidence/checkouts/a11y-probe-e5889f4/build/AccessibilityProbe/Build/Intermediates.noindex/AccessibilityProbe.build/Release/AccessibilityProbe.build/AccessibilityProbe-own-target-headers.hmap (in target 'AccessibilityProbe' from project 'AccessibilityProbe')
    cd /Users/builder/Factory/paperloft/evidence/checkouts/a11y-probe-e5889f4/Tools/AccessibilityProbe
    write-file /Users/builder/Factory/paperloft/evidence/checkouts/a11y-probe-e5889f4/build/AccessibilityProbe/Build/Intermediates.noindex/AccessibilityProbe.build/Release/AccessibilityProbe.build/AccessibilityProbe-own-target-headers.hmap

WriteAuxiliaryFile /Users/builder/Factory/paperloft/evidence/checkouts/a11y-probe-e5889f4/build/AccessibilityProbe/Build/Intermediates.noindex/AccessibilityProbe.build/Release/AccessibilityProbe.build/AccessibilityProbe-generated-files.hmap (in target 'AccessibilityProbe' from project 'AccessibilityProbe')
    cd /Users/builder/Factory/paperloft/evidence/checkouts/a11y-probe-e5889f4/Tools/AccessibilityProbe
    write-file /Users/builder/Factory/paperloft/evidence/checkouts/a11y-probe-e5889f4/build/AccessibilityProbe/Build/Intermediates.noindex/AccessibilityProbe.build/Release/AccessibilityProbe.build/AccessibilityProbe-generated-files.hmap

WriteAuxiliaryFile /Users/builder/Factory/paperloft/evidence/checkouts/a11y-probe-e5889f4/build/AccessibilityProbe/Build/Intermediates.noindex/AccessibilityProbe.build/Release/AccessibilityProbe.build/AccessibilityProbe-all-target-headers.hmap (in target 'AccessibilityProbe' from project 'AccessibilityProbe')
    cd /Users/builder/Factory/paperloft/evidence/checkouts/a11y-probe-e5889f4/Tools/AccessibilityProbe
    write-file /Users/builder/Factory/paperloft/evidence/checkouts/a11y-probe-e5889f4/build/AccessibilityProbe/Build/Intermediates.noindex/AccessibilityProbe.build/Release/AccessibilityProbe.build/AccessibilityProbe-all-target-headers.hmap

WriteAuxiliaryFile /Users/builder/Factory/paperloft/evidence/checkouts/a11y-probe-e5889f4/build/AccessibilityProbe/Build/Intermediates.noindex/AccessibilityProbe.build/Release/AccessibilityProbe.build/AccessibilityProbe-all-non-framework-target-headers.hmap (in target 'AccessibilityProbe' from project 'AccessibilityProbe')
    cd /Users/builder/Factory/paperloft/evidence/checkouts/a11y-probe-e5889f4/Tools/AccessibilityProbe
    write-file /Users/builder/Factory/paperloft/evidence/checkouts/a11y-probe-e5889f4/build/AccessibilityProbe/Build/Intermediates.noindex/AccessibilityProbe.build/Release/AccessibilityProbe.build/AccessibilityProbe-all-non-framework-target-headers.hmap

MkDir /Users/builder/Factory/paperloft/evidence/checkouts/a11y-probe-e5889f4/build/AccessibilityProbe/Build/Products/Release/ProbeTests-Runner.app/Contents/PlugIns/ProbeTests.xctest/Contents/MacOS (in target 'ProbeTests' from project 'AccessibilityProbe')
    cd /Users/builder/Factory/paperloft/evidence/checkouts/a11y-probe-e5889f4/Tools/AccessibilityProbe
    /bin/mkdir -p /Users/builder/Factory/paperloft/evidence/checkouts/a11y-probe-e5889f4/build/AccessibilityProbe/Build/Products/Release/ProbeTests-Runner.app/Contents/PlugIns/ProbeTests.xctest/Contents/MacOS

MkDir /Users/builder/Factory/paperloft/evidence/checkouts/a11y-probe-e5889f4/build/AccessibilityProbe/Build/Products/Release/ProbeTests-Runner.app/Contents/PlugIns/ProbeTests.xctest/Contents (in target 'ProbeTests' from project 'AccessibilityProbe')
    cd /Users/builder/Factory/paperloft/evidence/checkouts/a11y-probe-e5889f4/Tools/AccessibilityProbe
    /bin/mkdir -p /Users/builder/Factory/paperloft/evidence/checkouts/a11y-probe-e5889f4/build/AccessibilityProbe/Build/Products/Release/ProbeTests-Runner.app/Contents/PlugIns/ProbeTests.xctest/Contents

MkDir /Users/builder/Factory/paperloft/evidence/checkouts/a11y-probe-e5889f4/build/AccessibilityProbe/Build/Products/Release/ProbeTests-Runner.app/Contents/PlugIns/ProbeTests.xctest (in target 'ProbeTests' from project 'AccessibilityProbe')
    cd /Users/builder/Factory/paperloft/evidence/checkouts/a11y-probe-e5889f4/Tools/AccessibilityProbe
    /bin/mkdir -p /Users/builder/Factory/paperloft/evidence/checkouts/a11y-probe-e5889f4/build/AccessibilityProbe/Build/Products/Release/ProbeTests-Runner.app/Contents/PlugIns/ProbeTests.xctest

MkDir /Users/builder/Factory/paperloft/evidence/checkouts/a11y-probe-e5889f4/build/AccessibilityProbe/Build/Products/Release/AccessibilityProbe.app/Contents/MacOS (in target 'AccessibilityProbe' from project 'AccessibilityProbe')
    cd /Users/builder/Factory/paperloft/evidence/checkouts/a11y-probe-e5889f4/Tools/AccessibilityProbe
    /bin/mkdir -p /Users/builder/Factory/paperloft/evidence/checkouts/a11y-probe-e5889f4/build/AccessibilityProbe/Build/Products/Release/AccessibilityProbe.app/Contents/MacOS

MkDir /Users/builder/Factory/paperloft/evidence/checkouts/a11y-probe-e5889f4/build/AccessibilityProbe/Build/Products/Release/AccessibilityProbe.app/Contents (in target 'AccessibilityProbe' from project 'AccessibilityProbe')
    cd /Users/builder/Factory/paperloft/evidence/checkouts/a11y-probe-e5889f4/Tools/AccessibilityProbe
    /bin/mkdir -p /Users/builder/Factory/paperloft/evidence/checkouts/a11y-probe-e5889f4/build/AccessibilityProbe/Build/Products/Release/AccessibilityProbe.app/Contents

MkDir /Users/builder/Factory/paperloft/evidence/checkouts/a11y-probe-e5889f4/build/AccessibilityProbe/Build/Products/Release/AccessibilityProbe.app (in target 'AccessibilityProbe' from project 'AccessibilityProbe')
    cd /Users/builder/Factory/paperloft/evidence/checkouts/a11y-probe-e5889f4/Tools/AccessibilityProbe
    /bin/mkdir -p /Users/builder/Factory/paperloft/evidence/checkouts/a11y-probe-e5889f4/build/AccessibilityProbe/Build/Products/Release/AccessibilityProbe.app

ProcessProductPackaging "" /Users/builder/Factory/paperloft/evidence/checkouts/a11y-probe-e5889f4/build/AccessibilityProbe/Build/Intermediates.noindex/AccessibilityProbe.build/Release/AccessibilityProbe.build/AccessibilityProbe.app.xcent (in target 'AccessibilityProbe' from project 'AccessibilityProbe')
    cd /Users/builder/Factory/paperloft/evidence/checkouts/a11y-probe-e5889f4/Tools/AccessibilityProbe
    
    Entitlements:
    
    {
    "com.apple.security.get-task-allow" = 1;
}
    
    builtin-productPackagingUtility -entitlements -format xml -o /Users/builder/Factory/paperloft/evidence/checkouts/a11y-probe-e5889f4/build/AccessibilityProbe/Build/Intermediates.noindex/AccessibilityProbe.build/Release/AccessibilityProbe.build/AccessibilityProbe.app.xcent

ProcessProductPackagingDER /Users/builder/Factory/paperloft/evidence/checkouts/a11y-probe-e5889f4/build/AccessibilityProbe/Build/Intermediates.noindex/AccessibilityProbe.build/Release/AccessibilityProbe.build/AccessibilityProbe.app.xcent /Users/builder/Factory/paperloft/evidence/checkouts/a11y-probe-e5889f4/build/AccessibilityProbe/Build/Intermediates.noindex/AccessibilityProbe.build/Release/AccessibilityProbe.build/AccessibilityProbe.app.xcent.der (in target 'AccessibilityProbe' from project 'AccessibilityProbe')
    cd /Users/builder/Factory/paperloft/evidence/checkouts/a11y-probe-e5889f4/Tools/AccessibilityProbe
    /usr/bin/derq query -f xml -i /Users/builder/Factory/paperloft/evidence/checkouts/a11y-probe-e5889f4/build/AccessibilityProbe/Build/Intermediates.noindex/AccessibilityProbe.build/Release/AccessibilityProbe.build/AccessibilityProbe.app.xcent -o /Users/builder/Factory/paperloft/evidence/checkouts/a11y-probe-e5889f4/build/AccessibilityProbe/Build/Intermediates.noindex/AccessibilityProbe.build/Release/AccessibilityProbe.build/AccessibilityProbe.app.xcent.der --raw

ProcessInfoPlistFile /Users/builder/Factory/paperloft/evidence/checkouts/a11y-probe-e5889f4/build/AccessibilityProbe/Build/Products/Release/AccessibilityProbe.app/Contents/Info.plist /Users/builder/Factory/paperloft/evidence/checkouts/a11y-probe-e5889f4/build/AccessibilityProbe/Build/Intermediates.noindex/AccessibilityProbe.build/Release/AccessibilityProbe.build/empty-AccessibilityProbe.plist (in target 'AccessibilityProbe' from project 'AccessibilityProbe')
    cd /Users/builder/Factory/paperloft/evidence/checkouts/a11y-probe-e5889f4/Tools/AccessibilityProbe
    builtin-infoPlistUtility /Users/builder/Factory/paperloft/evidence/checkouts/a11y-probe-e5889f4/build/AccessibilityProbe/Build/Intermediates.noindex/AccessibilityProbe.build/Release/AccessibilityProbe.build/empty-AccessibilityProbe.plist -producttype com.apple.product-type.application -genpkginfo /Users/builder/Factory/paperloft/evidence/checkouts/a11y-probe-e5889f4/build/AccessibilityProbe/Build/Products/Release/AccessibilityProbe.app/Contents/PkgInfo -expandbuildsettings -platform macosx -o /Users/builder/Factory/paperloft/evidence/checkouts/a11y-probe-e5889f4/build/AccessibilityProbe/Build/Products/Release/AccessibilityProbe.app/Contents/Info.plist

SwiftDriver AccessibilityProbe normal arm64 com.apple.xcode.tools.swift.compiler (in target 'AccessibilityProbe' from project 'AccessibilityProbe')
    cd /Users/builder/Factory/paperloft/evidence/checkouts/a11y-probe-e5889f4/Tools/AccessibilityProbe
    builtin-SwiftDriver -- /Applications/Xcode.app/Contents/Developer/Toolchains/XcodeDefault.xctoolchain/usr/bin/swiftc -module-name AccessibilityProbe -O @/Users/builder/Factory/paperloft/evidence/checkouts/a11y-probe-e5889f4/build/AccessibilityProbe/Build/Intermediates.noindex/AccessibilityProbe.build/Release/AccessibilityProbe.build/Objects-normal/arm64/AccessibilityProbe.SwiftFileList -enable-experimental-feature DebugDescriptionMacro -sdk /Applications/Xcode.app/Contents/Developer/Platforms/MacOSX.platform/Developer/SDKs/MacOSX27.0.sdk -target arm64-apple-macos27.0 -g -module-cache-path /Users/builder/Factory/paperloft/evidence/checkouts/a11y-probe-e5889f4/build/AccessibilityProbe/ModuleCache.noindex -Xfrontend -serialize-debugging-options -profile-coverage-mapping -profile-generate -warnings-as-errors -swift-version 6 -I /Users/builder/Factory/paperloft/evidence/checkouts/a11y-probe-e5889f4/build/AccessibilityProbe/Build/Products/Release -F /Users/builder/Factory/paperloft/evidence/checkouts/a11y-probe-e5889f4/build/AccessibilityProbe/Build/Products/Release -c -j10 -enable-batch-mode -incremental -Xcc -ivfsstatcache -Xcc /Users/builder/Factory/paperloft/evidence/checkouts/a11y-probe-e5889f4/build/AccessibilityProbe/SDKStatCaches.noindex/macosx27.0-26A425-7231f6df4def33e022ae2eb8f782df1a.sdkstatcache -output-file-map /Users/builder/Factory/paperloft/evidence/checkouts/a11y-probe-e5889f4/build/AccessibilityProbe/Build/Intermediates.noindex/AccessibilityProbe.build/Release/AccessibilityProbe.build/Objects-normal/arm64/AccessibilityProbe-OutputFileMap.json -save-temps -no-color-diagnostics -explicit-module-build -module-cache-path /Users/builder/Factory/paperloft/evidence/checkouts/a11y-probe-e5889f4/build/AccessibilityProbe/Build/Intermediates.noindex/SwiftExplicitPrecompiledModules -clang-scanner-module-cache-path /Users/builder/Factory/paperloft/evidence/checkouts/a11y-probe-e5889f4/build/AccessibilityProbe/ModuleCache.noindex -sdk-module-cache-path /Users/builder/Factory/paperloft/evidence/checkouts/a11y-probe-e5889f4/build/AccessibilityProbe/SDKExplicitPrecompiledModules -emit-dependencies -emit-module -emit-module-path /Users/builder/Factory/paperloft/evidence/checkouts/a11y-probe-e5889f4/build/AccessibilityProbe/Build/Intermediates.noindex/AccessibilityProbe.build/Release/AccessibilityProbe.build/Objects-normal/arm64/AccessibilityProbe.swiftmodule -serialize-diagnostics -dependency-scan-serialize-diagnostics-path /Users/builder/Factory/paperloft/evidence/checkouts/a11y-probe-e5889f4/build/AccessibilityProbe/Build/Intermediates.noindex/AccessibilityProbe.build/Release/AccessibilityProbe.build/Objects-normal/arm64/AccessibilityProbe-dependency-scan.dia -validate-clang-modules-once -clang-build-session-file /Users/builder/Factory/paperloft/evidence/checkouts/a11y-probe-e5889f4/build/AccessibilityProbe/ModuleCache.noindex/Session.modulevalidation -Xcc -fmodules-prune-interval\=86400 -Xcc -fmodules-prune-after\=345600 -emit-const-values -const-gather-protocols-list /Users/builder/Factory/paperloft/evidence/checkouts/a11y-probe-e5889f4/build/AccessibilityProbe/Build/Intermediates.noindex/AccessibilityProbe.build/Release/AccessibilityProbe.build/Objects-normal/arm64/AccessibilityProbe_const_extract_protocols.json -Xcc -iquote -Xcc /Users/builder/Factory/paperloft/evidence/checkouts/a11y-probe-e5889f4/build/AccessibilityProbe/Build/Intermediates.noindex/AccessibilityProbe.build/Release/AccessibilityProbe.build/AccessibilityProbe-generated-files.hmap -Xcc -I/Users/builder/Factory/paperloft/evidence/checkouts/a11y-probe-e5889f4/build/AccessibilityProbe/Build/Intermediates.noindex/AccessibilityProbe.build/Release/AccessibilityProbe.build/AccessibilityProbe-own-target-headers.hmap -Xcc -I/Users/builder/Factory/paperloft/evidence/checkouts/a11y-probe-e5889f4/build/AccessibilityProbe/Build/Intermediates.noindex/AccessibilityProbe.build/Release/AccessibilityProbe.build/AccessibilityProbe-all-target-headers.hmap -Xcc -iquote -Xcc /Users/builder/Factory/paperloft/evidence/checkouts/a11y-probe-e5889f4/build/AccessibilityProbe/Build/Intermediates.noindex/AccessibilityProbe.build/Release/AccessibilityProbe.build/AccessibilityProbe-project-headers.hmap -Xcc -I/Users/builder/Factory/paperloft/evidence/checkouts/a11y-probe-e5889f4/build/AccessibilityProbe/Build/Products/Release/include -Xcc -I/Users/builder/Factory/paperloft/evidence/checkouts/a11y-probe-e5889f4/build/AccessibilityProbe/Build/Intermediates.noindex/AccessibilityProbe.build/Release/AccessibilityProbe.build/DerivedSources-normal/arm64 -Xcc -I/Users/builder/Factory/paperloft/evidence/checkouts/a11y-probe-e5889f4/build/AccessibilityProbe/Build/Intermediates.noindex/AccessibilityProbe.build/Release/AccessibilityProbe.build/DerivedSources/arm64 -Xcc -I/Users/builder/Factory/paperloft/evidence/checkouts/a11y-probe-e5889f4/build/AccessibilityProbe/Build/Intermediates.noindex/AccessibilityProbe.build/Release/AccessibilityProbe.build/DerivedSources -emit-objc-header -emit-objc-header-path /Users/builder/Factory/paperloft/evidence/checkouts/a11y-probe-e5889f4/build/AccessibilityProbe/Build/Intermediates.noindex/AccessibilityProbe.build/Release/AccessibilityProbe.build/Objects-normal/arm64/AccessibilityProbe-Swift.h -working-directory /Users/builder/Factory/paperloft/evidence/checkouts/a11y-probe-e5889f4/Tools/AccessibilityProbe -experimental-emit-module-separately -disable-cmo

SwiftExplicitDependencyGeneratePcm arm64 /Users/builder/Factory/paperloft/evidence/checkouts/a11y-probe-e5889f4/build/AccessibilityProbe/SDKExplicitPrecompiledModules/_Builtin_float-9HW6RRYGGQM69YOS090FC6AM0.pcm

SwiftExplicitDependencyGeneratePcm arm64 /Users/builder/Factory/paperloft/evidence/checkouts/a11y-probe-e5889f4/build/AccessibilityProbe/SDKExplicitPrecompiledModules/ptrcheck-BWL3JBR6JRTOY6UAC3ZKCL7CB.pcm

SwiftExplicitDependencyGeneratePcm arm64 /Users/builder/Factory/paperloft/evidence/checkouts/a11y-probe-e5889f4/build/AccessibilityProbe/SDKExplicitPrecompiledModules/_SwiftConcurrencyShims-AW65WHAZHUX2N1XE76ZZDBF6W.pcm

SwiftExplicitDependencyGeneratePcm arm64 /Users/builder/Factory/paperloft/evidence/checkouts/a11y-probe-e5889f4/build/AccessibilityProbe/SDKExplicitPrecompiledModules/_Builtin_stdarg-2U9XUWTW1QL1FH78SDQ34VUX6.pcm

SwiftExplicitDependencyGeneratePcm arm64 /Users/builder/Factory/paperloft/evidence/checkouts/a11y-probe-e5889f4/build/AccessibilityProbe/SDKExplicitPrecompiledModules/SwiftShims-9Z0HZR7682GWS8TBGHZ14DFB9.pcm

SwiftExplicitDependencyGeneratePcm arm64 /Users/builder/Factory/paperloft/evidence/checkouts/a11y-probe-e5889f4/build/AccessibilityProbe/SDKExplicitPrecompiledModules/DeveloperToolsSupport-D7SZERV740S9JF6P8CW2GGRUG.pcm

SwiftExplicitDependencyGeneratePcm arm64 /Users/builder/Factory/paperloft/evidence/checkouts/a11y-probe-e5889f4/build/AccessibilityProbe/SDKExplicitPrecompiledModules/_Builtin_stdbool-AEZ9K143DK603OJBBO1LJLBI1.pcm

SwiftExplicitDependencyGeneratePcm arm64 /Users/builder/Factory/paperloft/evidence/checkouts/a11y-probe-e5889f4/build/AccessibilityProbe/SDKExplicitPrecompiledModules/_Builtin_stddef-7VVT4XND8IT49988BWMQV1KR5.pcm

SwiftExplicitDependencyGeneratePcm arm64 /Users/builder/Factory/paperloft/evidence/checkouts/a11y-probe-e5889f4/build/AccessibilityProbe/SDKExplicitPrecompiledModules/_AvailabilityInternal-8TRAR5JPBG9TE2L4KHTK5XSDT.pcm

SwiftExplicitDependencyGeneratePcm arm64 /Users/builder/Factory/paperloft/evidence/checkouts/a11y-probe-e5889f4/build/AccessibilityProbe/SDKExplicitPrecompiledModules/ptrauth-D5M8MGFGD6JN5GT9HSNABY20Y.pcm

SwiftExplicitDependencyGeneratePcm arm64 /Users/builder/Factory/paperloft/evidence/checkouts/a11y-probe-e5889f4/build/AccessibilityProbe/SDKExplicitPrecompiledModules/_DarwinFoundation1-B295RE7OXPBL6P3DYF7JBUOCO.pcm

SwiftExplicitDependencyGeneratePcm arm64 /Users/builder/Factory/paperloft/evidence/checkouts/a11y-probe-e5889f4/build/AccessibilityProbe/SDKExplicitPrecompiledModules/_Builtin_limits-93OYFUQMY0F03F8K0WVUYP3U0.pcm

SwiftExplicitDependencyGeneratePcm arm64 /Users/builder/Factory/paperloft/evidence/checkouts/a11y-probe-e5889f4/build/AccessibilityProbe/SDKExplicitPrecompiledModules/_DarwinFoundation2-1H3TRUEOK3BK74SJ6IVXTI5W4.pcm

SwiftExplicitDependencyGeneratePcm arm64 /Users/builder/Factory/paperloft/evidence/checkouts/a11y-probe-e5889f4/build/AccessibilityProbe/SDKExplicitPrecompiledModules/sys_types-6PG7705PNZIWDFYHA4D7Y354C.pcm

SwiftExplicitDependencyGeneratePcm arm64 /Users/builder/Factory/paperloft/evidence/checkouts/a11y-probe-e5889f4/build/AccessibilityProbe/SDKExplicitPrecompiledModules/string_h-1P4IKCXNS9MGBZSRK0KO8ZDDN.pcm

SwiftExplicitDependencyGeneratePcm arm64 /Users/builder/Factory/paperloft/evidence/checkouts/a11y-probe-e5889f4/build/AccessibilityProbe/SDKExplicitPrecompiledModules/_Builtin_tgmath-1U4K9PIOS4W1K8E673F7CIHLP.pcm

SwiftExplicitDependencyGeneratePcm arm64 /Users/builder/Factory/paperloft/evidence/checkouts/a11y-probe-e5889f4/build/AccessibilityProbe/SDKExplicitPrecompiledModules/_Builtin_stdint-2LSWKTQ6312UTB63L5Q08ESW8.pcm

SwiftExplicitDependencyGeneratePcm arm64 /Users/builder/Factory/paperloft/evidence/checkouts/a11y-probe-e5889f4/build/AccessibilityProbe/SDKExplicitPrecompiledModules/_Builtin_stdatomic-EGLLA94UC7G4MHW8RMRO6GEIU.pcm

SwiftExplicitDependencyGeneratePcm arm64 /Users/builder/Factory/paperloft/evidence/checkouts/a11y-probe-e5889f4/build/AccessibilityProbe/SDKExplicitPrecompiledModules/_DarwinFoundation3-B5D3UGJUZ3GEQVA4WDAPSIACK.pcm

SwiftExplicitDependencyGeneratePcm arm64 /Users/builder/Factory/paperloft/evidence/checkouts/a11y-probe-e5889f4/build/AccessibilityProbe/SDKExplicitPrecompiledModules/_Builtin_intrinsics-35N9VOFCBFN3JD06BC301SS47.pcm

SwiftExplicitDependencyGeneratePcm arm64 /Users/builder/Factory/paperloft/evidence/checkouts/a11y-probe-e5889f4/build/AccessibilityProbe/SDKExplicitPrecompiledModules/libDER-E24L6M06MHSYYYHK2W4DBJZL5.pcm

SwiftExplicitDependencyGeneratePcm arm64 /Users/builder/Factory/paperloft/evidence/checkouts/a11y-probe-e5889f4/build/AccessibilityProbe/SDKExplicitPrecompiledModules/_Builtin_inttypes-9FF3GHXBC487CX3VI663N49PQ.pcm

SwiftExplicitDependencyGeneratePcm arm64 /Users/builder/Factory/paperloft/evidence/checkouts/a11y-probe-e5889f4/build/AccessibilityProbe/SDKExplicitPrecompiledModules/Darwin-E2Q55BSTCKHR9AH6VD5U3E4LG.pcm

SwiftExplicitDependencyGeneratePcm arm64 /Users/builder/Factory/paperloft/evidence/checkouts/a11y-probe-e5889f4/build/AccessibilityProbe/SDKExplicitPrecompiledModules/simd-BL1W9NYEGD9YSV2QFCYVAFOB9.pcm

SwiftExplicitDependencyGeneratePcm arm64 /Users/builder/Factory/paperloft/evidence/checkouts/a11y-probe-e5889f4/build/AccessibilityProbe/SDKExplicitPrecompiledModules/libkern-6REOER66C61I4JM99XDMOLEVA.pcm

SwiftExplicitDependencyGeneratePcm arm64 /Users/builder/Factory/paperloft/evidence/checkouts/a11y-probe-e5889f4/build/AccessibilityProbe/SDKExplicitPrecompiledModules/launch-1OEGXHDDZTC1W7IVELRBRFRCX.pcm

SwiftExplicitDependencyGeneratePcm arm64 /Users/builder/Factory/paperloft/evidence/checkouts/a11y-probe-e5889f4/build/AccessibilityProbe/SDKExplicitPrecompiledModules/MachO-63I7VAMFB51QZ5I11ZU1L86ST.pcm

SwiftExplicitDependencyGeneratePcm arm64 /Users/builder/Factory/paperloft/evidence/checkouts/a11y-probe-e5889f4/build/AccessibilityProbe/SDKExplicitPrecompiledModules/CUPS-EOVQXWYDFZETRNIIFBQG8NFYG.pcm

SwiftExplicitDependencyGeneratePcm arm64 /Users/builder/Factory/paperloft/evidence/checkouts/a11y-probe-e5889f4/build/AccessibilityProbe/SDKExplicitPrecompiledModules/ObjectiveC-3LVVD85WFV7CINK3813HGJTSG.pcm

SwiftExplicitDependencyGeneratePcm arm64 /Users/builder/Factory/paperloft/evidence/checkouts/a11y-probe-e5889f4/build/AccessibilityProbe/SDKExplicitPrecompiledModules/Spatial-5A29HBHWRS9Q1OBHKYWLPFVXC.pcm

SwiftExplicitDependencyGeneratePcm arm64 /Users/builder/Factory/paperloft/evidence/checkouts/a11y-probe-e5889f4/build/AccessibilityProbe/SDKExplicitPrecompiledModules/os_object-4ZQT7Y1FKCJUT1SUVQVVB4XKF.pcm

SwiftExplicitDependencyGeneratePcm arm64 /Users/builder/Factory/paperloft/evidence/checkouts/a11y-probe-e5889f4/build/AccessibilityProbe/SDKExplicitPrecompiledModules/os_workgroup-6POY27DD8ARHRFNCYSWYGQ0OQ.pcm

SwiftExplicitDependencyGeneratePcm arm64 /Users/builder/Factory/paperloft/evidence/checkouts/a11y-probe-e5889f4/build/AccessibilityProbe/SDKExplicitPrecompiledModules/Dispatch-4E3Y0JWSHBRHBOGZ136V27D9G.pcm

SwiftExplicitDependencyGeneratePcm arm64 /Users/builder/Factory/paperloft/evidence/checkouts/a11y-probe-e5889f4/build/AccessibilityProbe/SDKExplicitPrecompiledModules/XPC-D1Q07ITSP3MQHPZ8AX177KUQ6.pcm

SwiftExplicitDependencyGeneratePcm arm64 /Users/builder/Factory/paperloft/evidence/checkouts/a11y-probe-e5889f4/build/AccessibilityProbe/SDKExplicitPrecompiledModules/CoreFoundation-5Z28C29MBEKAYWFW22GSJLVNO.pcm

SwiftExplicitDependencyGeneratePcm arm64 /Users/builder/Factory/paperloft/evidence/checkouts/a11y-probe-e5889f4/build/AccessibilityProbe/SDKExplicitPrecompiledModules/os-8LK6T6F5JXTELDGT7QJFA53MN.pcm

SwiftExplicitDependencyGeneratePcm arm64 /Users/builder/Factory/paperloft/evidence/checkouts/a11y-probe-e5889f4/build/AccessibilityProbe/SDKExplicitPrecompiledModules/ColorSync-2YVT9KDMUSNT4JDQHCSQTEQE3.pcm

SwiftExplicitDependencyGeneratePcm arm64 /Users/builder/Factory/paperloft/evidence/checkouts/a11y-probe-e5889f4/build/AccessibilityProbe/SDKExplicitPrecompiledModules/Security-F27BF5K5IM1B2MDYCO1RL0GG.pcm

SwiftExplicitDependencyGeneratePcm arm64 /Users/builder/Factory/paperloft/evidence/checkouts/a11y-probe-e5889f4/build/AccessibilityProbe/SDKExplicitPrecompiledModules/IOKit-6TIWXEMSI7OAA5ICCTC0MA236.pcm

SwiftExplicitDependencyGeneratePcm arm64 /Users/builder/Factory/paperloft/evidence/checkouts/a11y-probe-e5889f4/build/AccessibilityProbe/SDKExplicitPrecompiledModules/CFNetwork-3MCJPM2QG1C245WAYFREC5K3S.pcm

SwiftExplicitDependencyGeneratePcm arm64 /Users/builder/Factory/paperloft/evidence/checkouts/a11y-probe-e5889f4/build/AccessibilityProbe/SDKExplicitPrecompiledModules/CoreAudioTypes-CLFZTO2CAGPIX8CB6I9LJ77OS.pcm

SwiftExplicitDependencyGeneratePcm arm64 /Users/builder/Factory/paperloft/evidence/checkouts/a11y-probe-e5889f4/build/AccessibilityProbe/SDKExplicitPrecompiledModules/DiskArbitration-6F27QYTF79LO3LG2NQ0IS52LE.pcm

SwiftExplicitDependencyGeneratePcm arm64 /Users/builder/Factory/paperloft/evidence/checkouts/a11y-probe-e5889f4/build/AccessibilityProbe/SDKExplicitPrecompiledModules/CoreGraphics-5FCUBSVNUPDDHANG3OQJ7N8R1.pcm

SwiftExplicitDependencyGeneratePcm arm64 /Users/builder/Factory/paperloft/evidence/checkouts/a11y-probe-e5889f4/build/AccessibilityProbe/SDKExplicitPrecompiledModules/CoreServices-6WBSR58VWRFI1KR0RI8XN4812.pcm

SwiftExplicitDependencyGeneratePcm arm64 /Users/builder/Factory/paperloft/evidence/checkouts/a11y-probe-e5889f4/build/AccessibilityProbe/SDKExplicitPrecompiledModules/CoreText-4NVQ7Z91TCQZP7J3CWKN1GQ9W.pcm

SwiftExplicitDependencyGeneratePcm arm64 /Users/builder/Factory/paperloft/evidence/checkouts/a11y-probe-e5889f4/build/AccessibilityProbe/SDKExplicitPrecompiledModules/ImageIO-285ZE82N5L2GLXVXLKLGOLGU.pcm

SwiftExplicitDependencyGeneratePcm arm64 /Users/builder/Factory/paperloft/evidence/checkouts/a11y-probe-e5889f4/build/AccessibilityProbe/SDKExplicitPrecompiledModules/Foundation-EOS33772210OKR8HKSKN85FBS.pcm

SwiftExplicitDependencyGeneratePcm arm64 /Users/builder/Factory/paperloft/evidence/checkouts/a11y-probe-e5889f4/build/AccessibilityProbe/SDKExplicitPrecompiledModules/IOSurface-EK72EIFZPWMPKRIJSBLCHX2X.pcm

SwiftExplicitDependencyGeneratePcm arm64 /Users/builder/Factory/paperloft/evidence/checkouts/a11y-probe-e5889f4/build/AccessibilityProbe/SDKExplicitPrecompiledModules/OSLog-7RW9L4KISNCM6Z7E3W32ZNR89.pcm

SwiftExplicitDependencyGeneratePcm arm64 /Users/builder/Factory/paperloft/evidence/checkouts/a11y-probe-e5889f4/build/AccessibilityProbe/SDKExplicitPrecompiledModules/CoreTransferable-2MT8TA4JUEFNN12ILA380F3G9.pcm

SwiftExplicitDependencyGeneratePcm arm64 /Users/builder/Factory/paperloft/evidence/checkouts/a11y-probe-e5889f4/build/AccessibilityProbe/SDKExplicitPrecompiledModules/CoreData-6K9PYM7T1PCWC4PZSUIVSLLN0.pcm

SwiftExplicitDependencyGeneratePcm arm64 /Users/builder/Factory/paperloft/evidence/checkouts/a11y-probe-e5889f4/build/AccessibilityProbe/SDKExplicitPrecompiledModules/Symbols-4XV4SO6GQ5T29SOKF3DQRIWSC.pcm

SwiftExplicitDependencyGeneratePcm arm64 /Users/builder/Factory/paperloft/evidence/checkouts/a11y-probe-e5889f4/build/AccessibilityProbe/SDKExplicitPrecompiledModules/UniformTypeIdentifiers-70UZELSHT2FHEV4Z4N8WYSIJ8.pcm

SwiftExplicitDependencyGeneratePcm arm64 /Users/builder/Factory/paperloft/evidence/checkouts/a11y-probe-e5889f4/build/AccessibilityProbe/SDKExplicitPrecompiledModules/DataDetection-99ERNDVJJDOAU0MCV7L83TIOY.pcm

SwiftExplicitDependencyGeneratePcm arm64 /Users/builder/Factory/paperloft/evidence/checkouts/a11y-probe-e5889f4/build/AccessibilityProbe/SDKExplicitPrecompiledModules/ApplicationServices-9FVR0FJNMTUGQALTRTRGTSUU0.pcm

SwiftExplicitDependencyGeneratePcm arm64 /Users/builder/Factory/paperloft/evidence/checkouts/a11y-probe-e5889f4/build/AccessibilityProbe/SDKExplicitPrecompiledModules/CoreAudio-BHQSU7LPUMJF9LZ4GEXGMNKA3.pcm

SwiftExplicitDependencyGeneratePcm arm64 /Users/builder/Factory/paperloft/evidence/checkouts/a11y-probe-e5889f4/build/AccessibilityProbe/SDKExplicitPrecompiledModules/Accessibility-8NMX0MWSR8Z6T0DZZBCQO9RZH.pcm

SwiftExplicitDependencyGeneratePcm arm64 /Users/builder/Factory/paperloft/evidence/checkouts/a11y-probe-e5889f4/build/AccessibilityProbe/SDKExplicitPrecompiledModules/OpenGL-AKGZ8TPCC6DVZK44XBAG9QAVA.pcm

SwiftExplicitDependencyGeneratePcm arm64 /Users/builder/Factory/paperloft/evidence/checkouts/a11y-probe-e5889f4/build/AccessibilityProbe/SDKExplicitPrecompiledModules/Metal-CXLBGEJG0QFSLTIKKVWF2SCXV.pcm

SwiftExplicitDependencyGeneratePcm arm64 /Users/builder/Factory/paperloft/evidence/checkouts/a11y-probe-e5889f4/build/AccessibilityProbe/SDKExplicitPrecompiledModules/CoreVideo-4V8RONPEV5TA44SERS41ECRZW.pcm

SwiftExplicitDependencyGeneratePcm arm64 /Users/builder/Factory/paperloft/evidence/checkouts/a11y-probe-e5889f4/build/AccessibilityProbe/SDKExplicitPrecompiledModules/CoreMedia-H3CWHRQH0G5V2CQXS88ICQWD.pcm

SwiftExplicitDependencyGeneratePcm arm64 /Users/builder/Factory/paperloft/evidence/checkouts/a11y-probe-e5889f4/build/AccessibilityProbe/SDKExplicitPrecompiledModules/QuartzCore-3YMJD1SQ1U1RAQJHVNEE6N2NX.pcm

SwiftExplicitDependencyGeneratePcm arm64 /Users/builder/Factory/paperloft/evidence/checkouts/a11y-probe-e5889f4/build/AccessibilityProbe/SDKExplicitPrecompiledModules/CoreImage-DSZGEWXACEJ9PBZV69X5BZVE5.pcm

SwiftExplicitDependencyGeneratePcm arm64 /Users/builder/Factory/paperloft/evidence/checkouts/a11y-probe-e5889f4/build/AccessibilityProbe/SDKExplicitPrecompiledModules/SwiftUICore-2OHXGWDK9KYCP06GN255JRX4H.pcm

SwiftExplicitDependencyGeneratePcm arm64 /Users/builder/Factory/paperloft/evidence/checkouts/a11y-probe-e5889f4/build/AccessibilityProbe/SDKExplicitPrecompiledModules/AppKit-55392YEKPTCIFY7G3TASRU529.pcm

SwiftExplicitDependencyGeneratePcm arm64 /Users/builder/Factory/paperloft/evidence/checkouts/a11y-probe-e5889f4/build/AccessibilityProbe/SDKExplicitPrecompiledModules/SwiftUI-AKZTNFK9885WWJYSE3KFX01EZ.pcm

SwiftExplicitDependencyGeneratePcm arm64 /Users/builder/Factory/paperloft/evidence/checkouts/a11y-probe-e5889f4/build/AccessibilityProbe/SDKExplicitPrecompiledModules/Cocoa-9QTSOLD6V1ZU2VOF4KO5CPVE3.pcm

SwiftExplicitDependencyGeneratePcm arm64 /Users/builder/Factory/paperloft/evidence/checkouts/a11y-probe-e5889f4/build/AccessibilityProbe/SDKExplicitPrecompiledModules/PDFKit-1Q8JJG3FJ94RKMSE42LUJMKJL.pcm

SwiftEmitModule normal arm64 Emitting\ module\ for\ AccessibilityProbe (in target 'AccessibilityProbe' from project 'AccessibilityProbe')

SwiftCompile normal arm64 (in target 'AccessibilityProbe' from project 'AccessibilityProbe')
    cd /Users/builder/Factory/paperloft/evidence/checkouts/a11y-probe-e5889f4/Tools/AccessibilityProbe
    

SwiftCompile normal arm64 Compiling\ PDFProbe.swift /Users/builder/Factory/paperloft/evidence/checkouts/a11y-probe-e5889f4/Tools/AccessibilityProbe/App/PDFProbe.swift (in target 'AccessibilityProbe' from project 'AccessibilityProbe')

SwiftCompile normal arm64 /Users/builder/Factory/paperloft/evidence/checkouts/a11y-probe-e5889f4/Tools/AccessibilityProbe/App/PDFProbe.swift (in target 'AccessibilityProbe' from project 'AccessibilityProbe')
    cd /Users/builder/Factory/paperloft/evidence/checkouts/a11y-probe-e5889f4/Tools/AccessibilityProbe
    builtin-SwiftPerFileCompile PDFProbe.swift

SwiftCompile normal arm64 Compiling\ ProbeApp.swift /Users/builder/Factory/paperloft/evidence/checkouts/a11y-probe-e5889f4/Tools/AccessibilityProbe/App/ProbeApp.swift (in target 'AccessibilityProbe' from project 'AccessibilityProbe')

SwiftCompile normal arm64 /Users/builder/Factory/paperloft/evidence/checkouts/a11y-probe-e5889f4/Tools/AccessibilityProbe/App/ProbeApp.swift (in target 'AccessibilityProbe' from project 'AccessibilityProbe')
    cd /Users/builder/Factory/paperloft/evidence/checkouts/a11y-probe-e5889f4/Tools/AccessibilityProbe
    builtin-SwiftPerFileCompile ProbeApp.swift

SwiftDriverJobDiscovery normal arm64 Emitting module for AccessibilityProbe (in target 'AccessibilityProbe' from project 'AccessibilityProbe')

SwiftDriver\ Compilation\ Requirements AccessibilityProbe normal arm64 com.apple.xcode.tools.swift.compiler (in target 'AccessibilityProbe' from project 'AccessibilityProbe')
    cd /Users/builder/Factory/paperloft/evidence/checkouts/a11y-probe-e5889f4/Tools/AccessibilityProbe
    builtin-Swift-Compilation-Requirements -- /Applications/Xcode.app/Contents/Developer/Toolchains/XcodeDefault.xctoolchain/usr/bin/swiftc -module-name AccessibilityProbe -O @/Users/builder/Factory/paperloft/evidence/checkouts/a11y-probe-e5889f4/build/AccessibilityProbe/Build/Intermediates.noindex/AccessibilityProbe.build/Release/AccessibilityProbe.build/Objects-normal/arm64/AccessibilityProbe.SwiftFileList -enable-experimental-feature DebugDescriptionMacro -sdk /Applications/Xcode.app/Contents/Developer/Platforms/MacOSX.platform/Developer/SDKs/MacOSX27.0.sdk -target arm64-apple-macos27.0 -g -module-cache-path /Users/builder/Factory/paperloft/evidence/checkouts/a11y-probe-e5889f4/build/AccessibilityProbe/ModuleCache.noindex -Xfrontend -serialize-debugging-options -profile-coverage-mapping -profile-generate -warnings-as-errors -swift-version 6 -I /Users/builder/Factory/paperloft/evidence/checkouts/a11y-probe-e5889f4/build/AccessibilityProbe/Build/Products/Release -F /Users/builder/Factory/paperloft/evidence/checkouts/a11y-probe-e5889f4/build/AccessibilityProbe/Build/Products/Release -c -j10 -enable-batch-mode -incremental -Xcc -ivfsstatcache -Xcc /Users/builder/Factory/paperloft/evidence/checkouts/a11y-probe-e5889f4/build/AccessibilityProbe/SDKStatCaches.noindex/macosx27.0-26A425-7231f6df4def33e022ae2eb8f782df1a.sdkstatcache -output-file-map /Users/builder/Factory/paperloft/evidence/checkouts/a11y-probe-e5889f4/build/AccessibilityProbe/Build/Intermediates.noindex/AccessibilityProbe.build/Release/AccessibilityProbe.build/Objects-normal/arm64/AccessibilityProbe-OutputFileMap.json -save-temps -no-color-diagnostics -explicit-module-build -module-cache-path /Users/builder/Factory/paperloft/evidence/checkouts/a11y-probe-e5889f4/build/AccessibilityProbe/Build/Intermediates.noindex/SwiftExplicitPrecompiledModules -clang-scanner-module-cache-path /Users/builder/Factory/paperloft/evidence/checkouts/a11y-probe-e5889f4/build/AccessibilityProbe/ModuleCache.noindex -sdk-module-cache-path /Users/builder/Factory/paperloft/evidence/checkouts/a11y-probe-e5889f4/build/AccessibilityProbe/SDKExplicitPrecompiledModules -emit-dependencies -emit-module -emit-module-path /Users/builder/Factory/paperloft/evidence/checkouts/a11y-probe-e5889f4/build/AccessibilityProbe/Build/Intermediates.noindex/AccessibilityProbe.build/Release/AccessibilityProbe.build/Objects-normal/arm64/AccessibilityProbe.swiftmodule -serialize-diagnostics -dependency-scan-serialize-diagnostics-path /Users/builder/Factory/paperloft/evidence/checkouts/a11y-probe-e5889f4/build/AccessibilityProbe/Build/Intermediates.noindex/AccessibilityProbe.build/Release/AccessibilityProbe.build/Objects-normal/arm64/AccessibilityProbe-dependency-scan.dia -validate-clang-modules-once -clang-build-session-file /Users/builder/Factory/paperloft/evidence/checkouts/a11y-probe-e5889f4/build/AccessibilityProbe/ModuleCache.noindex/Session.modulevalidation -Xcc -fmodules-prune-interval\=86400 -Xcc -fmodules-prune-after\=345600 -emit-const-values -const-gather-protocols-list /Users/builder/Factory/paperloft/evidence/checkouts/a11y-probe-e5889f4/build/AccessibilityProbe/Build/Intermediates.noindex/AccessibilityProbe.build/Release/AccessibilityProbe.build/Objects-normal/arm64/AccessibilityProbe_const_extract_protocols.json -Xcc -iquote -Xcc /Users/builder/Factory/paperloft/evidence/checkouts/a11y-probe-e5889f4/build/AccessibilityProbe/Build/Intermediates.noindex/AccessibilityProbe.build/Release/AccessibilityProbe.build/AccessibilityProbe-generated-files.hmap -Xcc -I/Users/builder/Factory/paperloft/evidence/checkouts/a11y-probe-e5889f4/build/AccessibilityProbe/Build/Intermediates.noindex/AccessibilityProbe.build/Release/AccessibilityProbe.build/AccessibilityProbe-own-target-headers.hmap -Xcc -I/Users/builder/Factory/paperloft/evidence/checkouts/a11y-probe-e5889f4/build/AccessibilityProbe/Build/Intermediates.noindex/AccessibilityProbe.build/Release/AccessibilityProbe.build/AccessibilityProbe-all-target-headers.hmap -Xcc -iquote -Xcc /Users/builder/Factory/paperloft/evidence/checkouts/a11y-probe-e5889f4/build/AccessibilityProbe/Build/Intermediates.noindex/AccessibilityProbe.build/Release/AccessibilityProbe.build/AccessibilityProbe-project-headers.hmap -Xcc -I/Users/builder/Factory/paperloft/evidence/checkouts/a11y-probe-e5889f4/build/AccessibilityProbe/Build/Products/Release/include -Xcc -I/Users/builder/Factory/paperloft/evidence/checkouts/a11y-probe-e5889f4/build/AccessibilityProbe/Build/Intermediates.noindex/AccessibilityProbe.build/Release/AccessibilityProbe.build/DerivedSources-normal/arm64 -Xcc -I/Users/builder/Factory/paperloft/evidence/checkouts/a11y-probe-e5889f4/build/AccessibilityProbe/Build/Intermediates.noindex/AccessibilityProbe.build/Release/AccessibilityProbe.build/DerivedSources/arm64 -Xcc -I/Users/builder/Factory/paperloft/evidence/checkouts/a11y-probe-e5889f4/build/AccessibilityProbe/Build/Intermediates.noindex/AccessibilityProbe.build/Release/AccessibilityProbe.build/DerivedSources -emit-objc-header -emit-objc-header-path /Users/builder/Factory/paperloft/evidence/checkouts/a11y-probe-e5889f4/build/AccessibilityProbe/Build/Intermediates.noindex/AccessibilityProbe.build/Release/AccessibilityProbe.build/Objects-normal/arm64/AccessibilityProbe-Swift.h -working-directory /Users/builder/Factory/paperloft/evidence/checkouts/a11y-probe-e5889f4/Tools/AccessibilityProbe -experimental-emit-module-separately -disable-cmo

SwiftMergeGeneratedHeaders /Users/builder/Factory/paperloft/evidence/checkouts/a11y-probe-e5889f4/build/AccessibilityProbe/Build/Intermediates.noindex/AccessibilityProbe.build/Release/AccessibilityProbe.build/DerivedSources/AccessibilityProbe-Swift.h /Users/builder/Factory/paperloft/evidence/checkouts/a11y-probe-e5889f4/build/AccessibilityProbe/Build/Intermediates.noindex/AccessibilityProbe.build/Release/AccessibilityProbe.build/Objects-normal/arm64/AccessibilityProbe-Swift.h (in target 'AccessibilityProbe' from project 'AccessibilityProbe')
    cd /Users/builder/Factory/paperloft/evidence/checkouts/a11y-probe-e5889f4/Tools/AccessibilityProbe
    builtin-swiftHeaderTool -arch arm64 /Users/builder/Factory/paperloft/evidence/checkouts/a11y-probe-e5889f4/build/AccessibilityProbe/Build/Intermediates.noindex/AccessibilityProbe.build/Release/AccessibilityProbe.build/Objects-normal/arm64/AccessibilityProbe-Swift.h -o /Users/builder/Factory/paperloft/evidence/checkouts/a11y-probe-e5889f4/build/AccessibilityProbe/Build/Intermediates.noindex/AccessibilityProbe.build/Release/AccessibilityProbe.build/DerivedSources/AccessibilityProbe-Swift.h

Copy /Users/builder/Factory/paperloft/evidence/checkouts/a11y-probe-e5889f4/build/AccessibilityProbe/Build/Products/Release/AccessibilityProbe.swiftmodule/arm64-apple-macos.swiftdoc /Users/builder/Factory/paperloft/evidence/checkouts/a11y-probe-e5889f4/build/AccessibilityProbe/Build/Intermediates.noindex/AccessibilityProbe.build/Release/AccessibilityProbe.build/Objects-normal/arm64/AccessibilityProbe.swiftdoc (in target 'AccessibilityProbe' from project 'AccessibilityProbe')
    cd /Users/builder/Factory/paperloft/evidence/checkouts/a11y-probe-e5889f4/Tools/AccessibilityProbe
    builtin-copy -exclude .DS_Store -exclude CVS -exclude .svn -exclude .git -exclude .hg -strip-unsigned-binaries -strip-deterministic -strip-tool /Applications/Xcode.app/Contents/Developer/Toolchains/XcodeDefault.xctoolchain/usr/bin/strip -resolve-src-symlinks -rename /Users/builder/Factory/paperloft/evidence/checkouts/a11y-probe-e5889f4/build/AccessibilityProbe/Build/Intermediates.noindex/AccessibilityProbe.build/Release/AccessibilityProbe.build/Objects-normal/arm64/AccessibilityProbe.swiftdoc /Users/builder/Factory/paperloft/evidence/checkouts/a11y-probe-e5889f4/build/AccessibilityProbe/Build/Products/Release/AccessibilityProbe.swiftmodule/arm64-apple-macos.swiftdoc

Copy /Users/builder/Factory/paperloft/evidence/checkouts/a11y-probe-e5889f4/build/AccessibilityProbe/Build/Products/Release/AccessibilityProbe.swiftmodule/arm64-apple-macos.swiftmodule /Users/builder/Factory/paperloft/evidence/checkouts/a11y-probe-e5889f4/build/AccessibilityProbe/Build/Intermediates.noindex/AccessibilityProbe.build/Release/AccessibilityProbe.build/Objects-normal/arm64/AccessibilityProbe.swiftmodule (in target 'AccessibilityProbe' from project 'AccessibilityProbe')
    cd /Users/builder/Factory/paperloft/evidence/checkouts/a11y-probe-e5889f4/Tools/AccessibilityProbe
    builtin-copy -exclude .DS_Store -exclude CVS -exclude .svn -exclude .git -exclude .hg -strip-unsigned-binaries -strip-deterministic -strip-tool /Applications/Xcode.app/Contents/Developer/Toolchains/XcodeDefault.xctoolchain/usr/bin/strip -resolve-src-symlinks -rename /Users/builder/Factory/paperloft/evidence/checkouts/a11y-probe-e5889f4/build/AccessibilityProbe/Build/Intermediates.noindex/AccessibilityProbe.build/Release/AccessibilityProbe.build/Objects-normal/arm64/AccessibilityProbe.swiftmodule /Users/builder/Factory/paperloft/evidence/checkouts/a11y-probe-e5889f4/build/AccessibilityProbe/Build/Products/Release/AccessibilityProbe.swiftmodule/arm64-apple-macos.swiftmodule

Copy /Users/builder/Factory/paperloft/evidence/checkouts/a11y-probe-e5889f4/build/AccessibilityProbe/Build/Products/Release/AccessibilityProbe.swiftmodule/Project/arm64-apple-macos.swiftsourceinfo /Users/builder/Factory/paperloft/evidence/checkouts/a11y-probe-e5889f4/build/AccessibilityProbe/Build/Intermediates.noindex/AccessibilityProbe.build/Release/AccessibilityProbe.build/Objects-normal/arm64/AccessibilityProbe.swiftsourceinfo (in target 'AccessibilityProbe' from project 'AccessibilityProbe')
    cd /Users/builder/Factory/paperloft/evidence/checkouts/a11y-probe-e5889f4/Tools/AccessibilityProbe
    builtin-copy -exclude .DS_Store -exclude CVS -exclude .svn -exclude .git -exclude .hg -strip-unsigned-binaries -strip-deterministic -strip-tool /Applications/Xcode.app/Contents/Developer/Toolchains/XcodeDefault.xctoolchain/usr/bin/strip -resolve-src-symlinks -rename /Users/builder/Factory/paperloft/evidence/checkouts/a11y-probe-e5889f4/build/AccessibilityProbe/Build/Intermediates.noindex/AccessibilityProbe.build/Release/AccessibilityProbe.build/Objects-normal/arm64/AccessibilityProbe.swiftsourceinfo /Users/builder/Factory/paperloft/evidence/checkouts/a11y-probe-e5889f4/build/AccessibilityProbe/Build/Products/Release/AccessibilityProbe.swiftmodule/Project/arm64-apple-macos.swiftsourceinfo

Copy /Users/builder/Factory/paperloft/evidence/checkouts/a11y-probe-e5889f4/build/AccessibilityProbe/Build/Products/Release/AccessibilityProbe.swiftmodule/arm64-apple-macos.abi.json /Users/builder/Factory/paperloft/evidence/checkouts/a11y-probe-e5889f4/build/AccessibilityProbe/Build/Intermediates.noindex/AccessibilityProbe.build/Release/AccessibilityProbe.build/Objects-normal/arm64/AccessibilityProbe.abi.json (in target 'AccessibilityProbe' from project 'AccessibilityProbe')
    cd /Users/builder/Factory/paperloft/evidence/checkouts/a11y-probe-e5889f4/Tools/AccessibilityProbe
    builtin-copy -exclude .DS_Store -exclude CVS -exclude .svn -exclude .git -exclude .hg -strip-unsigned-binaries -strip-deterministic -strip-tool /Applications/Xcode.app/Contents/Developer/Toolchains/XcodeDefault.xctoolchain/usr/bin/strip -resolve-src-symlinks -rename /Users/builder/Factory/paperloft/evidence/checkouts/a11y-probe-e5889f4/build/AccessibilityProbe/Build/Intermediates.noindex/AccessibilityProbe.build/Release/AccessibilityProbe.build/Objects-normal/arm64/AccessibilityProbe.abi.json /Users/builder/Factory/paperloft/evidence/checkouts/a11y-probe-e5889f4/build/AccessibilityProbe/Build/Products/Release/AccessibilityProbe.swiftmodule/arm64-apple-macos.abi.json

ProcessProductPackaging "" /Users/builder/Factory/paperloft/evidence/checkouts/a11y-probe-e5889f4/build/AccessibilityProbe/Build/Intermediates.noindex/AccessibilityProbe.build/Release/ProbeTests.build/ProbeTests.xctest.xcent (in target 'ProbeTests' from project 'AccessibilityProbe')
    cd /Users/builder/Factory/paperloft/evidence/checkouts/a11y-probe-e5889f4/Tools/AccessibilityProbe
    
    Entitlements:
    
    {
    "com.apple.application-identifier" = "local.diagnostic.ProbeTests.xctrunner";
    "com.apple.security.app-sandbox" = 1;
    "com.apple.security.get-task-allow" = 1;
    "com.apple.security.network.client" = 1;
    "com.apple.security.temporary-exception.files.absolute-path.read-only" =     (
        "/"
    );
    "com.apple.security.temporary-exception.mach-lookup.global-name" =     (
        "com.apple.testmanagerd",
        "com.apple.dt.testmanagerd.runner",
        "com.apple.coresymbolicationd",
        "com.apple.coredevice.version",
        "com.apple.coredevice.service",
        "com.apple.remoted"
    );
    "com.apple.security.temporary-exception.mach-lookup.local-name" =     (
        "com.apple.axserver"
    );
    "com.apple.security.temporary-exception.sbpl" =     (
        "(allow hid-control)",
        "(allow signal)"
    );
}
    
    builtin-productPackagingUtility -entitlements -format xml -o /Users/builder/Factory/paperloft/evidence/checkouts/a11y-probe-e5889f4/build/AccessibilityProbe/Build/Intermediates.noindex/AccessibilityProbe.build/Release/ProbeTests.build/ProbeTests.xctest.xcent

ProcessProductPackagingDER /Users/builder/Factory/paperloft/evidence/checkouts/a11y-probe-e5889f4/build/AccessibilityProbe/Build/Intermediates.noindex/AccessibilityProbe.build/Release/ProbeTests.build/ProbeTests.xctest.xcent /Users/builder/Factory/paperloft/evidence/checkouts/a11y-probe-e5889f4/build/AccessibilityProbe/Build/Intermediates.noindex/AccessibilityProbe.build/Release/ProbeTests.build/ProbeTests.xctest.xcent.der (in target 'ProbeTests' from project 'AccessibilityProbe')
    cd /Users/builder/Factory/paperloft/evidence/checkouts/a11y-probe-e5889f4/Tools/AccessibilityProbe
    /usr/bin/derq query -f xml -i /Users/builder/Factory/paperloft/evidence/checkouts/a11y-probe-e5889f4/build/AccessibilityProbe/Build/Intermediates.noindex/AccessibilityProbe.build/Release/ProbeTests.build/ProbeTests.xctest.xcent -o /Users/builder/Factory/paperloft/evidence/checkouts/a11y-probe-e5889f4/build/AccessibilityProbe/Build/Intermediates.noindex/AccessibilityProbe.build/Release/ProbeTests.build/ProbeTests.xctest.xcent.der --raw

SwiftDriver ProbeTests normal arm64 com.apple.xcode.tools.swift.compiler (in target 'ProbeTests' from project 'AccessibilityProbe')
    cd /Users/builder/Factory/paperloft/evidence/checkouts/a11y-probe-e5889f4/Tools/AccessibilityProbe
    builtin-SwiftDriver -- /Applications/Xcode.app/Contents/Developer/Toolchains/XcodeDefault.xctoolchain/usr/bin/swiftc -module-name ProbeTests -O @/Users/builder/Factory/paperloft/evidence/checkouts/a11y-probe-e5889f4/build/AccessibilityProbe/Build/Intermediates.noindex/AccessibilityProbe.build/Release/ProbeTests.build/Objects-normal/arm64/ProbeTests.SwiftFileList -module-alias Testing\=_Testing_Unavailable -plugin-path /Applications/Xcode.app/Contents/Developer/Toolchains/XcodeDefault.xctoolchain/usr/lib/swift/host/plugins/testing -enable-experimental-feature DebugDescriptionMacro -sdk /Applications/Xcode.app/Contents/Developer/Platforms/MacOSX.platform/Developer/SDKs/MacOSX27.0.sdk -target arm64-apple-macos27.0 -g -module-cache-path /Users/builder/Factory/paperloft/evidence/checkouts/a11y-probe-e5889f4/build/AccessibilityProbe/ModuleCache.noindex -Xfrontend -serialize-debugging-options -profile-coverage-mapping -profile-generate -warnings-as-errors -swift-version 6 -I /Users/builder/Factory/paperloft/evidence/checkouts/a11y-probe-e5889f4/build/AccessibilityProbe/Build/Products/Release -Isystem /Applications/Xcode.app/Contents/Developer/Platforms/MacOSX.platform/Developer/usr/lib -F /Users/builder/Factory/paperloft/evidence/checkouts/a11y-probe-e5889f4/build/AccessibilityProbe/Build/Products/Release -F /Applications/Xcode.app/Contents/Developer/Platforms/MacOSX.platform/Developer/Library/Frameworks -c -j10 -enable-batch-mode -incremental -Xcc -ivfsstatcache -Xcc /Users/builder/Factory/paperloft/evidence/checkouts/a11y-probe-e5889f4/build/AccessibilityProbe/SDKStatCaches.noindex/macosx27.0-26A425-7231f6df4def33e022ae2eb8f782df1a.sdkstatcache -output-file-map /Users/builder/Factory/paperloft/evidence/checkouts/a11y-probe-e5889f4/build/AccessibilityProbe/Build/Intermediates.noindex/AccessibilityProbe.build/Release/ProbeTests.build/Objects-normal/arm64/ProbeTests-OutputFileMap.json -save-temps -no-color-diagnostics -explicit-module-build -module-cache-path /Users/builder/Factory/paperloft/evidence/checkouts/a11y-probe-e5889f4/build/AccessibilityProbe/Build/Intermediates.noindex/SwiftExplicitPrecompiledModules -clang-scanner-module-cache-path /Users/builder/Factory/paperloft/evidence/checkouts/a11y-probe-e5889f4/build/AccessibilityProbe/ModuleCache.noindex -sdk-module-cache-path /Users/builder/Factory/paperloft/evidence/checkouts/a11y-probe-e5889f4/build/AccessibilityProbe/SDKExplicitPrecompiledModules -emit-dependencies -emit-module -emit-module-path /Users/builder/Factory/paperloft/evidence/checkouts/a11y-probe-e5889f4/build/AccessibilityProbe/Build/Intermediates.noindex/AccessibilityProbe.build/Release/ProbeTests.build/Objects-normal/arm64/ProbeTests.swiftmodule -serialize-diagnostics -dependency-scan-serialize-diagnostics-path /Users/builder/Factory/paperloft/evidence/checkouts/a11y-probe-e5889f4/build/AccessibilityProbe/Build/Intermediates.noindex/AccessibilityProbe.build/Release/ProbeTests.build/Objects-normal/arm64/ProbeTests-dependency-scan.dia -validate-clang-modules-once -clang-build-session-file /Users/builder/Factory/paperloft/evidence/checkouts/a11y-probe-e5889f4/build/AccessibilityProbe/ModuleCache.noindex/Session.modulevalidation -Xcc -fmodules-prune-interval\=86400 -Xcc -fmodules-prune-after\=345600 -emit-const-values -const-gather-protocols-list /Users/builder/Factory/paperloft/evidence/checkouts/a11y-probe-e5889f4/build/AccessibilityProbe/Build/Intermediates.noindex/AccessibilityProbe.build/Release/ProbeTests.build/Objects-normal/arm64/ProbeTests_const_extract_protocols.json -Xcc -iquote -Xcc /Users/builder/Factory/paperloft/evidence/checkouts/a11y-probe-e5889f4/build/AccessibilityProbe/Build/Intermediates.noindex/AccessibilityProbe.build/Release/ProbeTests.build/ProbeTests-generated-files.hmap -Xcc -I/Users/builder/Factory/paperloft/evidence/checkouts/a11y-probe-e5889f4/build/AccessibilityProbe/Build/Intermediates.noindex/AccessibilityProbe.build/Release/ProbeTests.build/ProbeTests-own-target-headers.hmap -Xcc -I/Users/builder/Factory/paperloft/evidence/checkouts/a11y-probe-e5889f4/build/AccessibilityProbe/Build/Intermediates.noindex/AccessibilityProbe.build/Release/ProbeTests.build/ProbeTests-all-target-headers.hmap -Xcc -iquote -Xcc /Users/builder/Factory/paperloft/evidence/checkouts/a11y-probe-e5889f4/build/AccessibilityProbe/Build/Intermediates.noindex/AccessibilityProbe.build/Release/ProbeTests.build/ProbeTests-project-headers.hmap -Xcc -I/Users/builder/Factory/paperloft/evidence/checkouts/a11y-probe-e5889f4/build/AccessibilityProbe/Build/Products/Release/include -Xcc -I/Users/builder/Factory/paperloft/evidence/checkouts/a11y-probe-e5889f4/build/AccessibilityProbe/Build/Intermediates.noindex/AccessibilityProbe.build/Release/ProbeTests.build/DerivedSources-normal/arm64 -Xcc -I/Users/builder/Factory/paperloft/evidence/checkouts/a11y-probe-e5889f4/build/AccessibilityProbe/Build/Intermediates.noindex/AccessibilityProbe.build/Release/ProbeTests.build/DerivedSources/arm64 -Xcc -I/Users/builder/Factory/paperloft/evidence/checkouts/a11y-probe-e5889f4/build/AccessibilityProbe/Build/Intermediates.noindex/AccessibilityProbe.build/Release/ProbeTests.build/DerivedSources -emit-objc-header -emit-objc-header-path /Users/builder/Factory/paperloft/evidence/checkouts/a11y-probe-e5889f4/build/AccessibilityProbe/Build/Intermediates.noindex/AccessibilityProbe.build/Release/ProbeTests.build/Objects-normal/arm64/ProbeTests-Swift.h -working-directory /Users/builder/Factory/paperloft/evidence/checkouts/a11y-probe-e5889f4/Tools/AccessibilityProbe -experimental-emit-module-separately -disable-cmo

SwiftDriverJobDiscovery normal arm64 Compiling ProbeApp.swift (in target 'AccessibilityProbe' from project 'AccessibilityProbe')

SwiftDriverJobDiscovery normal arm64 Compiling PDFProbe.swift (in target 'AccessibilityProbe' from project 'AccessibilityProbe')

SwiftDriver\ Compilation AccessibilityProbe normal arm64 com.apple.xcode.tools.swift.compiler (in target 'AccessibilityProbe' from project 'AccessibilityProbe')
    cd /Users/builder/Factory/paperloft/evidence/checkouts/a11y-probe-e5889f4/Tools/AccessibilityProbe
    builtin-Swift-Compilation -- /Applications/Xcode.app/Contents/Developer/Toolchains/XcodeDefault.xctoolchain/usr/bin/swiftc -module-name AccessibilityProbe -O @/Users/builder/Factory/paperloft/evidence/checkouts/a11y-probe-e5889f4/build/AccessibilityProbe/Build/Intermediates.noindex/AccessibilityProbe.build/Release/AccessibilityProbe.build/Objects-normal/arm64/AccessibilityProbe.SwiftFileList -enable-experimental-feature DebugDescriptionMacro -sdk /Applications/Xcode.app/Contents/Developer/Platforms/MacOSX.platform/Developer/SDKs/MacOSX27.0.sdk -target arm64-apple-macos27.0 -g -module-cache-path /Users/builder/Factory/paperloft/evidence/checkouts/a11y-probe-e5889f4/build/AccessibilityProbe/ModuleCache.noindex -Xfrontend -serialize-debugging-options -profile-coverage-mapping -profile-generate -warnings-as-errors -swift-version 6 -I /Users/builder/Factory/paperloft/evidence/checkouts/a11y-probe-e5889f4/build/AccessibilityProbe/Build/Products/Release -F /Users/builder/Factory/paperloft/evidence/checkouts/a11y-probe-e5889f4/build/AccessibilityProbe/Build/Products/Release -c -j10 -enable-batch-mode -incremental -Xcc -ivfsstatcache -Xcc /Users/builder/Factory/paperloft/evidence/checkouts/a11y-probe-e5889f4/build/AccessibilityProbe/SDKStatCaches.noindex/macosx27.0-26A425-7231f6df4def33e022ae2eb8f782df1a.sdkstatcache -output-file-map /Users/builder/Factory/paperloft/evidence/checkouts/a11y-probe-e5889f4/build/AccessibilityProbe/Build/Intermediates.noindex/AccessibilityProbe.build/Release/AccessibilityProbe.build/Objects-normal/arm64/AccessibilityProbe-OutputFileMap.json -save-temps -no-color-diagnostics -explicit-module-build -module-cache-path /Users/builder/Factory/paperloft/evidence/checkouts/a11y-probe-e5889f4/build/AccessibilityProbe/Build/Intermediates.noindex/SwiftExplicitPrecompiledModules -clang-scanner-module-cache-path /Users/builder/Factory/paperloft/evidence/checkouts/a11y-probe-e5889f4/build/AccessibilityProbe/ModuleCache.noindex -sdk-module-cache-path /Users/builder/Factory/paperloft/evidence/checkouts/a11y-probe-e5889f4/build/AccessibilityProbe/SDKExplicitPrecompiledModules -emit-dependencies -emit-module -emit-module-path /Users/builder/Factory/paperloft/evidence/checkouts/a11y-probe-e5889f4/build/AccessibilityProbe/Build/Intermediates.noindex/AccessibilityProbe.build/Release/AccessibilityProbe.build/Objects-normal/arm64/AccessibilityProbe.swiftmodule -serialize-diagnostics -dependency-scan-serialize-diagnostics-path /Users/builder/Factory/paperloft/evidence/checkouts/a11y-probe-e5889f4/build/AccessibilityProbe/Build/Intermediates.noindex/AccessibilityProbe.build/Release/AccessibilityProbe.build/Objects-normal/arm64/AccessibilityProbe-dependency-scan.dia -validate-clang-modules-once -clang-build-session-file /Users/builder/Factory/paperloft/evidence/checkouts/a11y-probe-e5889f4/build/AccessibilityProbe/ModuleCache.noindex/Session.modulevalidation -Xcc -fmodules-prune-interval\=86400 -Xcc -fmodules-prune-after\=345600 -emit-const-values -const-gather-protocols-list /Users/builder/Factory/paperloft/evidence/checkouts/a11y-probe-e5889f4/build/AccessibilityProbe/Build/Intermediates.noindex/AccessibilityProbe.build/Release/AccessibilityProbe.build/Objects-normal/arm64/AccessibilityProbe_const_extract_protocols.json -Xcc -iquote -Xcc /Users/builder/Factory/paperloft/evidence/checkouts/a11y-probe-e5889f4/build/AccessibilityProbe/Build/Intermediates.noindex/AccessibilityProbe.build/Release/AccessibilityProbe.build/AccessibilityProbe-generated-files.hmap -Xcc -I/Users/builder/Factory/paperloft/evidence/checkouts/a11y-probe-e5889f4/build/AccessibilityProbe/Build/Intermediates.noindex/AccessibilityProbe.build/Release/AccessibilityProbe.build/AccessibilityProbe-own-target-headers.hmap -Xcc -I/Users/builder/Factory/paperloft/evidence/checkouts/a11y-probe-e5889f4/build/AccessibilityProbe/Build/Intermediates.noindex/AccessibilityProbe.build/Release/AccessibilityProbe.build/AccessibilityProbe-all-target-headers.hmap -Xcc -iquote -Xcc /Users/builder/Factory/paperloft/evidence/checkouts/a11y-probe-e5889f4/build/AccessibilityProbe/Build/Intermediates.noindex/AccessibilityProbe.build/Release/AccessibilityProbe.build/AccessibilityProbe-project-headers.hmap -Xcc -I/Users/builder/Factory/paperloft/evidence/checkouts/a11y-probe-e5889f4/build/AccessibilityProbe/Build/Products/Release/include -Xcc -I/Users/builder/Factory/paperloft/evidence/checkouts/a11y-probe-e5889f4/build/AccessibilityProbe/Build/Intermediates.noindex/AccessibilityProbe.build/Release/AccessibilityProbe.build/DerivedSources-normal/arm64 -Xcc -I/Users/builder/Factory/paperloft/evidence/checkouts/a11y-probe-e5889f4/build/AccessibilityProbe/Build/Intermediates.noindex/AccessibilityProbe.build/Release/AccessibilityProbe.build/DerivedSources/arm64 -Xcc -I/Users/builder/Factory/paperloft/evidence/checkouts/a11y-probe-e5889f4/build/AccessibilityProbe/Build/Intermediates.noindex/AccessibilityProbe.build/Release/AccessibilityProbe.build/DerivedSources -emit-objc-header -emit-objc-header-path /Users/builder/Factory/paperloft/evidence/checkouts/a11y-probe-e5889f4/build/AccessibilityProbe/Build/Intermediates.noindex/AccessibilityProbe.build/Release/AccessibilityProbe.build/Objects-normal/arm64/AccessibilityProbe-Swift.h -working-directory /Users/builder/Factory/paperloft/evidence/checkouts/a11y-probe-e5889f4/Tools/AccessibilityProbe -experimental-emit-module-separately -disable-cmo

Ld /Users/builder/Factory/paperloft/evidence/checkouts/a11y-probe-e5889f4/build/AccessibilityProbe/Build/Products/Release/AccessibilityProbe.app/Contents/MacOS/AccessibilityProbe normal (in target 'AccessibilityProbe' from project 'AccessibilityProbe')
    cd /Users/builder/Factory/paperloft/evidence/checkouts/a11y-probe-e5889f4/Tools/AccessibilityProbe
    /Applications/Xcode.app/Contents/Developer/Toolchains/XcodeDefault.xctoolchain/usr/bin/clang -Xlinker -reproducible -target arm64-apple-macos27.0 -isysroot /Applications/Xcode.app/Contents/Developer/Platforms/MacOSX.platform/Developer/SDKs/MacOSX27.0.sdk -Os -Xlinker -no_warn_duplicate_libraries -L/Users/builder/Factory/paperloft/evidence/checkouts/a11y-probe-e5889f4/build/AccessibilityProbe/Build/Intermediates.noindex/EagerLinkingTBDs/Release -L/Users/builder/Factory/paperloft/evidence/checkouts/a11y-probe-e5889f4/build/AccessibilityProbe/Build/Products/Release -F/Users/builder/Factory/paperloft/evidence/checkouts/a11y-probe-e5889f4/build/AccessibilityProbe/Build/Intermediates.noindex/EagerLinkingTBDs/Release -F/Users/builder/Factory/paperloft/evidence/checkouts/a11y-probe-e5889f4/build/AccessibilityProbe/Build/Products/Release -filelist /Users/builder/Factory/paperloft/evidence/checkouts/a11y-probe-e5889f4/build/AccessibilityProbe/Build/Intermediates.noindex/AccessibilityProbe.build/Release/AccessibilityProbe.build/Objects-normal/arm64/AccessibilityProbe.LinkFileList -Xlinker -object_path_lto -Xlinker /Users/builder/Factory/paperloft/evidence/checkouts/a11y-probe-e5889f4/build/AccessibilityProbe/Build/Intermediates.noindex/AccessibilityProbe.build/Release/AccessibilityProbe.build/Objects-normal/arm64/AccessibilityProbe_lto.o -Xlinker -debug_variant -Xlinker -dependency_info -Xlinker /Users/builder/Factory/paperloft/evidence/checkouts/a11y-probe-e5889f4/build/AccessibilityProbe/Build/Intermediates.noindex/AccessibilityProbe.build/Release/AccessibilityProbe.build/Objects-normal/arm64/AccessibilityProbe_dependency_info.dat -fobjc-link-runtime -fprofile-instr-generate -L/Applications/Xcode.app/Contents/Developer/Toolchains/XcodeDefault.xctoolchain/usr/lib/swift/macosx -L/usr/lib/swift -Xlinker -add_ast_path -Xlinker /Users/builder/Factory/paperloft/evidence/checkouts/a11y-probe-e5889f4/build/AccessibilityProbe/Build/Intermediates.noindex/AccessibilityProbe.build/Release/AccessibilityProbe.build/Objects-normal/arm64/AccessibilityProbe.swiftmodule -Xlinker -no_adhoc_codesign -o /Users/builder/Factory/paperloft/evidence/checkouts/a11y-probe-e5889f4/build/AccessibilityProbe/Build/Products/Release/AccessibilityProbe.app/Contents/MacOS/AccessibilityProbe

SwiftExplicitDependencyGeneratePcm arm64 /Users/builder/Factory/paperloft/evidence/checkouts/a11y-probe-e5889f4/build/AccessibilityProbe/Build/Intermediates.noindex/SwiftExplicitPrecompiledModules/XCUIAutomation-6H5WKGPFL6Q77K8BQJBIOPFV9.pcm

SwiftExplicitDependencyCompileModuleFromInterface arm64 /Users/builder/Factory/paperloft/evidence/checkouts/a11y-probe-e5889f4/build/AccessibilityProbe/Build/Intermediates.noindex/SwiftExplicitPrecompiledModules/XCUIAutomation-26HSN0VNDWY5B.swiftmodule

SwiftExplicitDependencyGeneratePcm arm64 /Users/builder/Factory/paperloft/evidence/checkouts/a11y-probe-e5889f4/build/AccessibilityProbe/Build/Intermediates.noindex/SwiftExplicitPrecompiledModules/XCTest-F5EHTF4MBD80DETCGIO4Y9A5Y.pcm

CopySwiftLibs /Users/builder/Factory/paperloft/evidence/checkouts/a11y-probe-e5889f4/build/AccessibilityProbe/Build/Products/Release/AccessibilityProbe.app (in target 'AccessibilityProbe' from project 'AccessibilityProbe')
    cd /Users/builder/Factory/paperloft/evidence/checkouts/a11y-probe-e5889f4/Tools/AccessibilityProbe
    builtin-swiftStdLibTool --copy --verbose --sign - --scan-executable /Users/builder/Factory/paperloft/evidence/checkouts/a11y-probe-e5889f4/build/AccessibilityProbe/Build/Products/Release/AccessibilityProbe.app/Contents/MacOS/AccessibilityProbe --scan-folder /Users/builder/Factory/paperloft/evidence/checkouts/a11y-probe-e5889f4/build/AccessibilityProbe/Build/Products/Release/AccessibilityProbe.app/Contents/Frameworks --scan-folder /Users/builder/Factory/paperloft/evidence/checkouts/a11y-probe-e5889f4/build/AccessibilityProbe/Build/Products/Release/AccessibilityProbe.app/Contents/PlugIns --scan-folder /Users/builder/Factory/paperloft/evidence/checkouts/a11y-probe-e5889f4/build/AccessibilityProbe/Build/Products/Release/AccessibilityProbe.app/Contents/Library/SystemExtensions --scan-folder /Users/builder/Factory/paperloft/evidence/checkouts/a11y-probe-e5889f4/build/AccessibilityProbe/Build/Products/Release/AccessibilityProbe.app/Contents/Extensions --platform macosx --toolchain /Applications/Xcode.app/Contents/Developer/Toolchains/XcodeDefault.xctoolchain --destination /Users/builder/Factory/paperloft/evidence/checkouts/a11y-probe-e5889f4/build/AccessibilityProbe/Build/Products/Release/AccessibilityProbe.app/Contents/Frameworks --strip-bitcode --strip-bitcode-tool /Applications/Xcode.app/Contents/Developer/Toolchains/XcodeDefault.xctoolchain/usr/bin/bitcode_strip --emit-dependency-info /Users/builder/Factory/paperloft/evidence/checkouts/a11y-probe-e5889f4/build/AccessibilityProbe/Build/Intermediates.noindex/AccessibilityProbe.build/Release/AccessibilityProbe.build/SwiftStdLibToolInputDependencies.dep --filter-for-swift-os

ExtractAppIntentsMetadata (in target 'AccessibilityProbe' from project 'AccessibilityProbe')
    cd /Users/builder/Factory/paperloft/evidence/checkouts/a11y-probe-e5889f4/Tools/AccessibilityProbe
    /Applications/Xcode.app/Contents/Developer/Toolchains/XcodeDefault.xctoolchain/usr/bin/appintentsmetadataprocessor --toolchain-dir /Applications/Xcode.app/Contents/Developer/Toolchains/XcodeDefault.xctoolchain --module-name AccessibilityProbe --sdk-root /Applications/Xcode.app/Contents/Developer/Platforms/MacOSX.platform/Developer/SDKs/MacOSX27.0.sdk --xcode-version 27A266a --platform-family macOS --deployment-target 27.0 --bundle-identifier local.diagnostic.AccessibilityProbe --output /Users/builder/Factory/paperloft/evidence/checkouts/a11y-probe-e5889f4/build/AccessibilityProbe/Build/Products/Release/AccessibilityProbe.app/Contents/Resources --target-triple arm64-apple-macos27.0 --binary-file /Users/builder/Factory/paperloft/evidence/checkouts/a11y-probe-e5889f4/build/AccessibilityProbe/Build/Products/Release/AccessibilityProbe.app/Contents/MacOS/AccessibilityProbe --dependency-file /Users/builder/Factory/paperloft/evidence/checkouts/a11y-probe-e5889f4/build/AccessibilityProbe/Build/Intermediates.noindex/AccessibilityProbe.build/Release/AccessibilityProbe.build/Objects-normal/arm64/AccessibilityProbe_dependency_info.dat --stringsdata-file /Users/builder/Factory/paperloft/evidence/checkouts/a11y-probe-e5889f4/build/AccessibilityProbe/Build/Intermediates.noindex/AccessibilityProbe.build/Release/AccessibilityProbe.build/Objects-normal/arm64/ExtractedAppShortcutsMetadata.stringsdata --source-file-list /Users/builder/Factory/paperloft/evidence/checkouts/a11y-probe-e5889f4/build/AccessibilityProbe/Build/Intermediates.noindex/AccessibilityProbe.build/Release/AccessibilityProbe.build/Objects-normal/arm64/AccessibilityProbe.SwiftFileList --metadata-file-list /Users/builder/Factory/paperloft/evidence/checkouts/a11y-probe-e5889f4/build/AccessibilityProbe/Build/Intermediates.noindex/AccessibilityProbe.build/Release/AccessibilityProbe.build/AccessibilityProbe.DependencyMetadataFileList --static-metadata-file-list /Users/builder/Factory/paperloft/evidence/checkouts/a11y-probe-e5889f4/build/AccessibilityProbe/Build/Intermediates.noindex/AccessibilityProbe.build/Release/AccessibilityProbe.build/AccessibilityProbe.DependencyStaticMetadataFileList --swift-const-vals-list /Users/builder/Factory/paperloft/evidence/checkouts/a11y-probe-e5889f4/build/AccessibilityProbe/Build/Intermediates.noindex/AccessibilityProbe.build/Release/AccessibilityProbe.build/Objects-normal/arm64/AccessibilityProbe.SwiftConstValuesFileList --compile-time-extraction --deployment-aware-processing --no-app-shortcuts-localization
2026-10-01 20:44:37.444 appintentsmetadataprocessor[8165:6615148] Starting appintentsmetadataprocessor export
2026-10-01 20:44:37.447 appintentsmetadataprocessor[8165:6615148] warning: Metadata extraction skipped, no AppIntents.framework dependency found

CodeSign /Users/builder/Factory/paperloft/evidence/checkouts/a11y-probe-e5889f4/build/AccessibilityProbe/Build/Products/Release/AccessibilityProbe.app (in target 'AccessibilityProbe' from project 'AccessibilityProbe')
    cd /Users/builder/Factory/paperloft/evidence/checkouts/a11y-probe-e5889f4/Tools/AccessibilityProbe
    
    Signing Identity:     "Sign to Run Locally"
    
    /usr/bin/codesign --force --sign - --entitlements /Users/builder/Factory/paperloft/evidence/checkouts/a11y-probe-e5889f4/build/AccessibilityProbe/Build/Intermediates.noindex/AccessibilityProbe.build/Release/AccessibilityProbe.build/AccessibilityProbe.app.xcent --timestamp\=none --generate-entitlement-der /Users/builder/Factory/paperloft/evidence/checkouts/a11y-probe-e5889f4/build/AccessibilityProbe/Build/Products/Release/AccessibilityProbe.app

RegisterExecutionPolicyException /Users/builder/Factory/paperloft/evidence/checkouts/a11y-probe-e5889f4/build/AccessibilityProbe/Build/Products/Release/AccessibilityProbe.app (in target 'AccessibilityProbe' from project 'AccessibilityProbe')
    cd /Users/builder/Factory/paperloft/evidence/checkouts/a11y-probe-e5889f4/Tools/AccessibilityProbe
    builtin-RegisterExecutionPolicyException /Users/builder/Factory/paperloft/evidence/checkouts/a11y-probe-e5889f4/build/AccessibilityProbe/Build/Products/Release/AccessibilityProbe.app

SwiftExplicitDependencyCompileModuleFromInterface arm64 /Users/builder/Factory/paperloft/evidence/checkouts/a11y-probe-e5889f4/build/AccessibilityProbe/Build/Intermediates.noindex/SwiftExplicitPrecompiledModules/XCTest-1347EE9PCQ8IV.swiftmodule

Validate /Users/builder/Factory/paperloft/evidence/checkouts/a11y-probe-e5889f4/build/AccessibilityProbe/Build/Products/Release/AccessibilityProbe.app (in target 'AccessibilityProbe' from project 'AccessibilityProbe')
    cd /Users/builder/Factory/paperloft/evidence/checkouts/a11y-probe-e5889f4/Tools/AccessibilityProbe
    builtin-validationUtility /Users/builder/Factory/paperloft/evidence/checkouts/a11y-probe-e5889f4/build/AccessibilityProbe/Build/Products/Release/AccessibilityProbe.app -no-validate-extension -infoplist-subpath Contents/Info.plist

Touch /Users/builder/Factory/paperloft/evidence/checkouts/a11y-probe-e5889f4/build/AccessibilityProbe/Build/Products/Release/AccessibilityProbe.app (in target 'AccessibilityProbe' from project 'AccessibilityProbe')
    cd /Users/builder/Factory/paperloft/evidence/checkouts/a11y-probe-e5889f4/Tools/AccessibilityProbe
    /usr/bin/touch -c /Users/builder/Factory/paperloft/evidence/checkouts/a11y-probe-e5889f4/build/AccessibilityProbe/Build/Products/Release/AccessibilityProbe.app

RegisterWithLaunchServices /Users/builder/Factory/paperloft/evidence/checkouts/a11y-probe-e5889f4/build/AccessibilityProbe/Build/Products/Release/AccessibilityProbe.app (in target 'AccessibilityProbe' from project 'AccessibilityProbe')
    cd /Users/builder/Factory/paperloft/evidence/checkouts/a11y-probe-e5889f4/Tools/AccessibilityProbe
    builtin-lsregisterurl --record-path /Users/builder/Factory/paperloft/evidence/checkouts/a11y-probe-e5889f4/build/AccessibilityProbe/Build/Intermediates.noindex/XCBuildData/registered-launchservices.txt -- /System/Library/Frameworks/CoreServices.framework/Versions/Current/Frameworks/LaunchServices.framework/Versions/Current/Support/lsregister -f -R -trusted /Users/builder/Factory/paperloft/evidence/checkouts/a11y-probe-e5889f4/build/AccessibilityProbe/Build/Products/Release/AccessibilityProbe.app

ProcessInfoPlistFile /Users/builder/Factory/paperloft/evidence/checkouts/a11y-probe-e5889f4/build/AccessibilityProbe/Build/Products/Release/ProbeTests-Runner.app/Contents/PlugIns/ProbeTests.xctest/Contents/Info.plist /Users/builder/Factory/paperloft/evidence/checkouts/a11y-probe-e5889f4/build/AccessibilityProbe/Build/Intermediates.noindex/AccessibilityProbe.build/Release/ProbeTests.build/empty-ProbeTests.plist (in target 'ProbeTests' from project 'AccessibilityProbe')
    cd /Users/builder/Factory/paperloft/evidence/checkouts/a11y-probe-e5889f4/Tools/AccessibilityProbe
    builtin-infoPlistUtility /Users/builder/Factory/paperloft/evidence/checkouts/a11y-probe-e5889f4/build/AccessibilityProbe/Build/Intermediates.noindex/AccessibilityProbe.build/Release/ProbeTests.build/empty-ProbeTests.plist -producttype com.apple.product-type.bundle.ui-testing -expandbuildsettings -platform macosx -additionalcontentfile /Users/builder/Factory/paperloft/evidence/checkouts/a11y-probe-e5889f4/build/AccessibilityProbe/Build/Intermediates.noindex/AccessibilityProbe.build/Release/ProbeTests.build/ProductTypeInfoPlistAdditions.plist -o /Users/builder/Factory/paperloft/evidence/checkouts/a11y-probe-e5889f4/build/AccessibilityProbe/Build/Products/Release/ProbeTests-Runner.app/Contents/PlugIns/ProbeTests.xctest/Contents/Info.plist

SwiftEmitModule normal arm64 Emitting\ module\ for\ ProbeTests (in target 'ProbeTests' from project 'AccessibilityProbe')

SwiftCompile normal arm64 (in target 'ProbeTests' from project 'AccessibilityProbe')
    cd /Users/builder/Factory/paperloft/evidence/checkouts/a11y-probe-e5889f4/Tools/AccessibilityProbe
    

SwiftCompile normal arm64 Compiling\ ProbeTests.swift /Users/builder/Factory/paperloft/evidence/checkouts/a11y-probe-e5889f4/Tools/AccessibilityProbe/Tests/ProbeTests.swift (in target 'ProbeTests' from project 'AccessibilityProbe')

SwiftCompile normal arm64 /Users/builder/Factory/paperloft/evidence/checkouts/a11y-probe-e5889f4/Tools/AccessibilityProbe/Tests/ProbeTests.swift (in target 'ProbeTests' from project 'AccessibilityProbe')
    cd /Users/builder/Factory/paperloft/evidence/checkouts/a11y-probe-e5889f4/Tools/AccessibilityProbe
    builtin-SwiftPerFileCompile ProbeTests.swift

SwiftCompile normal arm64 Compiling\ SettingsProbeTests.swift /Users/builder/Factory/paperloft/evidence/checkouts/a11y-probe-e5889f4/Tools/AccessibilityProbe/Tests/SettingsProbeTests.swift (in target 'ProbeTests' from project 'AccessibilityProbe')

SwiftCompile normal arm64 /Users/builder/Factory/paperloft/evidence/checkouts/a11y-probe-e5889f4/Tools/AccessibilityProbe/Tests/SettingsProbeTests.swift (in target 'ProbeTests' from project 'AccessibilityProbe')
    cd /Users/builder/Factory/paperloft/evidence/checkouts/a11y-probe-e5889f4/Tools/AccessibilityProbe
    builtin-SwiftPerFileCompile SettingsProbeTests.swift

SwiftCompile normal arm64 Compiling\ PDFProbeTests.swift /Users/builder/Factory/paperloft/evidence/checkouts/a11y-probe-e5889f4/Tools/AccessibilityProbe/Tests/PDFProbeTests.swift (in target 'ProbeTests' from project 'AccessibilityProbe')

SwiftCompile normal arm64 /Users/builder/Factory/paperloft/evidence/checkouts/a11y-probe-e5889f4/Tools/AccessibilityProbe/Tests/PDFProbeTests.swift (in target 'ProbeTests' from project 'AccessibilityProbe')
    cd /Users/builder/Factory/paperloft/evidence/checkouts/a11y-probe-e5889f4/Tools/AccessibilityProbe
    builtin-SwiftPerFileCompile PDFProbeTests.swift

SwiftDriverJobDiscovery normal arm64 Emitting module for ProbeTests (in target 'ProbeTests' from project 'AccessibilityProbe')

SwiftDriver\ Compilation\ Requirements ProbeTests normal arm64 com.apple.xcode.tools.swift.compiler (in target 'ProbeTests' from project 'AccessibilityProbe')
    cd /Users/builder/Factory/paperloft/evidence/checkouts/a11y-probe-e5889f4/Tools/AccessibilityProbe
    builtin-Swift-Compilation-Requirements -- /Applications/Xcode.app/Contents/Developer/Toolchains/XcodeDefault.xctoolchain/usr/bin/swiftc -module-name ProbeTests -O @/Users/builder/Factory/paperloft/evidence/checkouts/a11y-probe-e5889f4/build/AccessibilityProbe/Build/Intermediates.noindex/AccessibilityProbe.build/Release/ProbeTests.build/Objects-normal/arm64/ProbeTests.SwiftFileList -module-alias Testing\=_Testing_Unavailable -plugin-path /Applications/Xcode.app/Contents/Developer/Toolchains/XcodeDefault.xctoolchain/usr/lib/swift/host/plugins/testing -enable-experimental-feature DebugDescriptionMacro -sdk /Applications/Xcode.app/Contents/Developer/Platforms/MacOSX.platform/Developer/SDKs/MacOSX27.0.sdk -target arm64-apple-macos27.0 -g -module-cache-path /Users/builder/Factory/paperloft/evidence/checkouts/a11y-probe-e5889f4/build/AccessibilityProbe/ModuleCache.noindex -Xfrontend -serialize-debugging-options -profile-coverage-mapping -profile-generate -warnings-as-errors -swift-version 6 -I /Users/builder/Factory/paperloft/evidence/checkouts/a11y-probe-e5889f4/build/AccessibilityProbe/Build/Products/Release -Isystem /Applications/Xcode.app/Contents/Developer/Platforms/MacOSX.platform/Developer/usr/lib -F /Users/builder/Factory/paperloft/evidence/checkouts/a11y-probe-e5889f4/build/AccessibilityProbe/Build/Products/Release -F /Applications/Xcode.app/Contents/Developer/Platforms/MacOSX.platform/Developer/Library/Frameworks -c -j10 -enable-batch-mode -incremental -Xcc -ivfsstatcache -Xcc /Users/builder/Factory/paperloft/evidence/checkouts/a11y-probe-e5889f4/build/AccessibilityProbe/SDKStatCaches.noindex/macosx27.0-26A425-7231f6df4def33e022ae2eb8f782df1a.sdkstatcache -output-file-map /Users/builder/Factory/paperloft/evidence/checkouts/a11y-probe-e5889f4/build/AccessibilityProbe/Build/Intermediates.noindex/AccessibilityProbe.build/Release/ProbeTests.build/Objects-normal/arm64/ProbeTests-OutputFileMap.json -save-temps -no-color-diagnostics -explicit-module-build -module-cache-path /Users/builder/Factory/paperloft/evidence/checkouts/a11y-probe-e5889f4/build/AccessibilityProbe/Build/Intermediates.noindex/SwiftExplicitPrecompiledModules -clang-scanner-module-cache-path /Users/builder/Factory/paperloft/evidence/checkouts/a11y-probe-e5889f4/build/AccessibilityProbe/ModuleCache.noindex -sdk-module-cache-path /Users/builder/Factory/paperloft/evidence/checkouts/a11y-probe-e5889f4/build/AccessibilityProbe/SDKExplicitPrecompiledModules -emit-dependencies -emit-module -emit-module-path /Users/builder/Factory/paperloft/evidence/checkouts/a11y-probe-e5889f4/build/AccessibilityProbe/Build/Intermediates.noindex/AccessibilityProbe.build/Release/ProbeTests.build/Objects-normal/arm64/ProbeTests.swiftmodule -serialize-diagnostics -dependency-scan-serialize-diagnostics-path /Users/builder/Factory/paperloft/evidence/checkouts/a11y-probe-e5889f4/build/AccessibilityProbe/Build/Intermediates.noindex/AccessibilityProbe.build/Release/ProbeTests.build/Objects-normal/arm64/ProbeTests-dependency-scan.dia -validate-clang-modules-once -clang-build-session-file /Users/builder/Factory/paperloft/evidence/checkouts/a11y-probe-e5889f4/build/AccessibilityProbe/ModuleCache.noindex/Session.modulevalidation -Xcc -fmodules-prune-interval\=86400 -Xcc -fmodules-prune-after\=345600 -emit-const-values -const-gather-protocols-list /Users/builder/Factory/paperloft/evidence/checkouts/a11y-probe-e5889f4/build/AccessibilityProbe/Build/Intermediates.noindex/AccessibilityProbe.build/Release/ProbeTests.build/Objects-normal/arm64/ProbeTests_const_extract_protocols.json -Xcc -iquote -Xcc /Users/builder/Factory/paperloft/evidence/checkouts/a11y-probe-e5889f4/build/AccessibilityProbe/Build/Intermediates.noindex/AccessibilityProbe.build/Release/ProbeTests.build/ProbeTests-generated-files.hmap -Xcc -I/Users/builder/Factory/paperloft/evidence/checkouts/a11y-probe-e5889f4/build/AccessibilityProbe/Build/Intermediates.noindex/AccessibilityProbe.build/Release/ProbeTests.build/ProbeTests-own-target-headers.hmap -Xcc -I/Users/builder/Factory/paperloft/evidence/checkouts/a11y-probe-e5889f4/build/AccessibilityProbe/Build/Intermediates.noindex/AccessibilityProbe.build/Release/ProbeTests.build/ProbeTests-all-target-headers.hmap -Xcc -iquote -Xcc /Users/builder/Factory/paperloft/evidence/checkouts/a11y-probe-e5889f4/build/AccessibilityProbe/Build/Intermediates.noindex/AccessibilityProbe.build/Release/ProbeTests.build/ProbeTests-project-headers.hmap -Xcc -I/Users/builder/Factory/paperloft/evidence/checkouts/a11y-probe-e5889f4/build/AccessibilityProbe/Build/Products/Release/include -Xcc -I/Users/builder/Factory/paperloft/evidence/checkouts/a11y-probe-e5889f4/build/AccessibilityProbe/Build/Intermediates.noindex/AccessibilityProbe.build/Release/ProbeTests.build/DerivedSources-normal/arm64 -Xcc -I/Users/builder/Factory/paperloft/evidence/checkouts/a11y-probe-e5889f4/build/AccessibilityProbe/Build/Intermediates.noindex/AccessibilityProbe.build/Release/ProbeTests.build/DerivedSources/arm64 -Xcc -I/Users/builder/Factory/paperloft/evidence/checkouts/a11y-probe-e5889f4/build/AccessibilityProbe/Build/Intermediates.noindex/AccessibilityProbe.build/Release/ProbeTests.build/DerivedSources -emit-objc-header -emit-objc-header-path /Users/builder/Factory/paperloft/evidence/checkouts/a11y-probe-e5889f4/build/AccessibilityProbe/Build/Intermediates.noindex/AccessibilityProbe.build/Release/ProbeTests.build/Objects-normal/arm64/ProbeTests-Swift.h -working-directory /Users/builder/Factory/paperloft/evidence/checkouts/a11y-probe-e5889f4/Tools/AccessibilityProbe -experimental-emit-module-separately -disable-cmo

SwiftMergeGeneratedHeaders /Users/builder/Factory/paperloft/evidence/checkouts/a11y-probe-e5889f4/build/AccessibilityProbe/Build/Intermediates.noindex/AccessibilityProbe.build/Release/ProbeTests.build/DerivedSources/ProbeTests-Swift.h /Users/builder/Factory/paperloft/evidence/checkouts/a11y-probe-e5889f4/build/AccessibilityProbe/Build/Intermediates.noindex/AccessibilityProbe.build/Release/ProbeTests.build/Objects-normal/arm64/ProbeTests-Swift.h (in target 'ProbeTests' from project 'AccessibilityProbe')
    cd /Users/builder/Factory/paperloft/evidence/checkouts/a11y-probe-e5889f4/Tools/AccessibilityProbe
    builtin-swiftHeaderTool -arch arm64 /Users/builder/Factory/paperloft/evidence/checkouts/a11y-probe-e5889f4/build/AccessibilityProbe/Build/Intermediates.noindex/AccessibilityProbe.build/Release/ProbeTests.build/Objects-normal/arm64/ProbeTests-Swift.h -o /Users/builder/Factory/paperloft/evidence/checkouts/a11y-probe-e5889f4/build/AccessibilityProbe/Build/Intermediates.noindex/AccessibilityProbe.build/Release/ProbeTests.build/DerivedSources/ProbeTests-Swift.h

Copy /Users/builder/Factory/paperloft/evidence/checkouts/a11y-probe-e5889f4/build/AccessibilityProbe/Build/Products/Release/ProbeTests.swiftmodule/arm64-apple-macos.abi.json /Users/builder/Factory/paperloft/evidence/checkouts/a11y-probe-e5889f4/build/AccessibilityProbe/Build/Intermediates.noindex/AccessibilityProbe.build/Release/ProbeTests.build/Objects-normal/arm64/ProbeTests.abi.json (in target 'ProbeTests' from project 'AccessibilityProbe')
    cd /Users/builder/Factory/paperloft/evidence/checkouts/a11y-probe-e5889f4/Tools/AccessibilityProbe
    builtin-copy -exclude .DS_Store -exclude CVS -exclude .svn -exclude .git -exclude .hg -strip-unsigned-binaries -strip-deterministic -strip-tool /Applications/Xcode.app/Contents/Developer/Toolchains/XcodeDefault.xctoolchain/usr/bin/strip -resolve-src-symlinks -rename /Users/builder/Factory/paperloft/evidence/checkouts/a11y-probe-e5889f4/build/AccessibilityProbe/Build/Intermediates.noindex/AccessibilityProbe.build/Release/ProbeTests.build/Objects-normal/arm64/ProbeTests.abi.json /Users/builder/Factory/paperloft/evidence/checkouts/a11y-probe-e5889f4/build/AccessibilityProbe/Build/Products/Release/ProbeTests.swiftmodule/arm64-apple-macos.abi.json

Copy /Users/builder/Factory/paperloft/evidence/checkouts/a11y-probe-e5889f4/build/AccessibilityProbe/Build/Products/Release/ProbeTests.swiftmodule/arm64-apple-macos.swiftmodule /Users/builder/Factory/paperloft/evidence/checkouts/a11y-probe-e5889f4/build/AccessibilityProbe/Build/Intermediates.noindex/AccessibilityProbe.build/Release/ProbeTests.build/Objects-normal/arm64/ProbeTests.swiftmodule (in target 'ProbeTests' from project 'AccessibilityProbe')
    cd /Users/builder/Factory/paperloft/evidence/checkouts/a11y-probe-e5889f4/Tools/AccessibilityProbe
    builtin-copy -exclude .DS_Store -exclude CVS -exclude .svn -exclude .git -exclude .hg -strip-unsigned-binaries -strip-deterministic -strip-tool /Applications/Xcode.app/Contents/Developer/Toolchains/XcodeDefault.xctoolchain/usr/bin/strip -resolve-src-symlinks -rename /Users/builder/Factory/paperloft/evidence/checkouts/a11y-probe-e5889f4/build/AccessibilityProbe/Build/Intermediates.noindex/AccessibilityProbe.build/Release/ProbeTests.build/Objects-normal/arm64/ProbeTests.swiftmodule /Users/builder/Factory/paperloft/evidence/checkouts/a11y-probe-e5889f4/build/AccessibilityProbe/Build/Products/Release/ProbeTests.swiftmodule/arm64-apple-macos.swiftmodule

Copy /Users/builder/Factory/paperloft/evidence/checkouts/a11y-probe-e5889f4/build/AccessibilityProbe/Build/Products/Release/ProbeTests.swiftmodule/arm64-apple-macos.swiftdoc /Users/builder/Factory/paperloft/evidence/checkouts/a11y-probe-e5889f4/build/AccessibilityProbe/Build/Intermediates.noindex/AccessibilityProbe.build/Release/ProbeTests.build/Objects-normal/arm64/ProbeTests.swiftdoc (in target 'ProbeTests' from project 'AccessibilityProbe')
    cd /Users/builder/Factory/paperloft/evidence/checkouts/a11y-probe-e5889f4/Tools/AccessibilityProbe
    builtin-copy -exclude .DS_Store -exclude CVS -exclude .svn -exclude .git -exclude .hg -strip-unsigned-binaries -strip-deterministic -strip-tool /Applications/Xcode.app/Contents/Developer/Toolchains/XcodeDefault.xctoolchain/usr/bin/strip -resolve-src-symlinks -rename /Users/builder/Factory/paperloft/evidence/checkouts/a11y-probe-e5889f4/build/AccessibilityProbe/Build/Intermediates.noindex/AccessibilityProbe.build/Release/ProbeTests.build/Objects-normal/arm64/ProbeTests.swiftdoc /Users/builder/Factory/paperloft/evidence/checkouts/a11y-probe-e5889f4/build/AccessibilityProbe/Build/Products/Release/ProbeTests.swiftmodule/arm64-apple-macos.swiftdoc

Copy /Users/builder/Factory/paperloft/evidence/checkouts/a11y-probe-e5889f4/build/AccessibilityProbe/Build/Products/Release/ProbeTests.swiftmodule/Project/arm64-apple-macos.swiftsourceinfo /Users/builder/Factory/paperloft/evidence/checkouts/a11y-probe-e5889f4/build/AccessibilityProbe/Build/Intermediates.noindex/AccessibilityProbe.build/Release/ProbeTests.build/Objects-normal/arm64/ProbeTests.swiftsourceinfo (in target 'ProbeTests' from project 'AccessibilityProbe')
    cd /Users/builder/Factory/paperloft/evidence/checkouts/a11y-probe-e5889f4/Tools/AccessibilityProbe
    builtin-copy -exclude .DS_Store -exclude CVS -exclude .svn -exclude .git -exclude .hg -strip-unsigned-binaries -strip-deterministic -strip-tool /Applications/Xcode.app/Contents/Developer/Toolchains/XcodeDefault.xctoolchain/usr/bin/strip -resolve-src-symlinks -rename /Users/builder/Factory/paperloft/evidence/checkouts/a11y-probe-e5889f4/build/AccessibilityProbe/Build/Intermediates.noindex/AccessibilityProbe.build/Release/ProbeTests.build/Objects-normal/arm64/ProbeTests.swiftsourceinfo /Users/builder/Factory/paperloft/evidence/checkouts/a11y-probe-e5889f4/build/AccessibilityProbe/Build/Products/Release/ProbeTests.swiftmodule/Project/arm64-apple-macos.swiftsourceinfo

SwiftDriverJobDiscovery normal arm64 Compiling ProbeTests.swift (in target 'ProbeTests' from project 'AccessibilityProbe')

SwiftDriverJobDiscovery normal arm64 Compiling SettingsProbeTests.swift (in target 'ProbeTests' from project 'AccessibilityProbe')

SwiftDriverJobDiscovery normal arm64 Compiling PDFProbeTests.swift (in target 'ProbeTests' from project 'AccessibilityProbe')

SwiftDriver\ Compilation ProbeTests normal arm64 com.apple.xcode.tools.swift.compiler (in target 'ProbeTests' from project 'AccessibilityProbe')
    cd /Users/builder/Factory/paperloft/evidence/checkouts/a11y-probe-e5889f4/Tools/AccessibilityProbe
    builtin-Swift-Compilation -- /Applications/Xcode.app/Contents/Developer/Toolchains/XcodeDefault.xctoolchain/usr/bin/swiftc -module-name ProbeTests -O @/Users/builder/Factory/paperloft/evidence/checkouts/a11y-probe-e5889f4/build/AccessibilityProbe/Build/Intermediates.noindex/AccessibilityProbe.build/Release/ProbeTests.build/Objects-normal/arm64/ProbeTests.SwiftFileList -module-alias Testing\=_Testing_Unavailable -plugin-path /Applications/Xcode.app/Contents/Developer/Toolchains/XcodeDefault.xctoolchain/usr/lib/swift/host/plugins/testing -enable-experimental-feature DebugDescriptionMacro -sdk /Applications/Xcode.app/Contents/Developer/Platforms/MacOSX.platform/Developer/SDKs/MacOSX27.0.sdk -target arm64-apple-macos27.0 -g -module-cache-path /Users/builder/Factory/paperloft/evidence/checkouts/a11y-probe-e5889f4/build/AccessibilityProbe/ModuleCache.noindex -Xfrontend -serialize-debugging-options -profile-coverage-mapping -profile-generate -warnings-as-errors -swift-version 6 -I /Users/builder/Factory/paperloft/evidence/checkouts/a11y-probe-e5889f4/build/AccessibilityProbe/Build/Products/Release -Isystem /Applications/Xcode.app/Contents/Developer/Platforms/MacOSX.platform/Developer/usr/lib -F /Users/builder/Factory/paperloft/evidence/checkouts/a11y-probe-e5889f4/build/AccessibilityProbe/Build/Products/Release -F /Applications/Xcode.app/Contents/Developer/Platforms/MacOSX.platform/Developer/Library/Frameworks -c -j10 -enable-batch-mode -incremental -Xcc -ivfsstatcache -Xcc /Users/builder/Factory/paperloft/evidence/checkouts/a11y-probe-e5889f4/build/AccessibilityProbe/SDKStatCaches.noindex/macosx27.0-26A425-7231f6df4def33e022ae2eb8f782df1a.sdkstatcache -output-file-map /Users/builder/Factory/paperloft/evidence/checkouts/a11y-probe-e5889f4/build/AccessibilityProbe/Build/Intermediates.noindex/AccessibilityProbe.build/Release/ProbeTests.build/Objects-normal/arm64/ProbeTests-OutputFileMap.json -save-temps -no-color-diagnostics -explicit-module-build -module-cache-path /Users/builder/Factory/paperloft/evidence/checkouts/a11y-probe-e5889f4/build/AccessibilityProbe/Build/Intermediates.noindex/SwiftExplicitPrecompiledModules -clang-scanner-module-cache-path /Users/builder/Factory/paperloft/evidence/checkouts/a11y-probe-e5889f4/build/AccessibilityProbe/ModuleCache.noindex -sdk-module-cache-path /Users/builder/Factory/paperloft/evidence/checkouts/a11y-probe-e5889f4/build/AccessibilityProbe/SDKExplicitPrecompiledModules -emit-dependencies -emit-module -emit-module-path /Users/builder/Factory/paperloft/evidence/checkouts/a11y-probe-e5889f4/build/AccessibilityProbe/Build/Intermediates.noindex/AccessibilityProbe.build/Release/ProbeTests.build/Objects-normal/arm64/ProbeTests.swiftmodule -serialize-diagnostics -dependency-scan-serialize-diagnostics-path /Users/builder/Factory/paperloft/evidence/checkouts/a11y-probe-e5889f4/build/AccessibilityProbe/Build/Intermediates.noindex/AccessibilityProbe.build/Release/ProbeTests.build/Objects-normal/arm64/ProbeTests-dependency-scan.dia -validate-clang-modules-once -clang-build-session-file /Users/builder/Factory/paperloft/evidence/checkouts/a11y-probe-e5889f4/build/AccessibilityProbe/ModuleCache.noindex/Session.modulevalidation -Xcc -fmodules-prune-interval\=86400 -Xcc -fmodules-prune-after\=345600 -emit-const-values -const-gather-protocols-list /Users/builder/Factory/paperloft/evidence/checkouts/a11y-probe-e5889f4/build/AccessibilityProbe/Build/Intermediates.noindex/AccessibilityProbe.build/Release/ProbeTests.build/Objects-normal/arm64/ProbeTests_const_extract_protocols.json -Xcc -iquote -Xcc /Users/builder/Factory/paperloft/evidence/checkouts/a11y-probe-e5889f4/build/AccessibilityProbe/Build/Intermediates.noindex/AccessibilityProbe.build/Release/ProbeTests.build/ProbeTests-generated-files.hmap -Xcc -I/Users/builder/Factory/paperloft/evidence/checkouts/a11y-probe-e5889f4/build/AccessibilityProbe/Build/Intermediates.noindex/AccessibilityProbe.build/Release/ProbeTests.build/ProbeTests-own-target-headers.hmap -Xcc -I/Users/builder/Factory/paperloft/evidence/checkouts/a11y-probe-e5889f4/build/AccessibilityProbe/Build/Intermediates.noindex/AccessibilityProbe.build/Release/ProbeTests.build/ProbeTests-all-target-headers.hmap -Xcc -iquote -Xcc /Users/builder/Factory/paperloft/evidence/checkouts/a11y-probe-e5889f4/build/AccessibilityProbe/Build/Intermediates.noindex/AccessibilityProbe.build/Release/ProbeTests.build/ProbeTests-project-headers.hmap -Xcc -I/Users/builder/Factory/paperloft/evidence/checkouts/a11y-probe-e5889f4/build/AccessibilityProbe/Build/Products/Release/include -Xcc -I/Users/builder/Factory/paperloft/evidence/checkouts/a11y-probe-e5889f4/build/AccessibilityProbe/Build/Intermediates.noindex/AccessibilityProbe.build/Release/ProbeTests.build/DerivedSources-normal/arm64 -Xcc -I/Users/builder/Factory/paperloft/evidence/checkouts/a11y-probe-e5889f4/build/AccessibilityProbe/Build/Intermediates.noindex/AccessibilityProbe.build/Release/ProbeTests.build/DerivedSources/arm64 -Xcc -I/Users/builder/Factory/paperloft/evidence/checkouts/a11y-probe-e5889f4/build/AccessibilityProbe/Build/Intermediates.noindex/AccessibilityProbe.build/Release/ProbeTests.build/DerivedSources -emit-objc-header -emit-objc-header-path /Users/builder/Factory/paperloft/evidence/checkouts/a11y-probe-e5889f4/build/AccessibilityProbe/Build/Intermediates.noindex/AccessibilityProbe.build/Release/ProbeTests.build/Objects-normal/arm64/ProbeTests-Swift.h -working-directory /Users/builder/Factory/paperloft/evidence/checkouts/a11y-probe-e5889f4/Tools/AccessibilityProbe -experimental-emit-module-separately -disable-cmo

Ld /Users/builder/Factory/paperloft/evidence/checkouts/a11y-probe-e5889f4/build/AccessibilityProbe/Build/Products/Release/ProbeTests-Runner.app/Contents/PlugIns/ProbeTests.xctest/Contents/MacOS/ProbeTests normal (in target 'ProbeTests' from project 'AccessibilityProbe')
    cd /Users/builder/Factory/paperloft/evidence/checkouts/a11y-probe-e5889f4/Tools/AccessibilityProbe
    /Applications/Xcode.app/Contents/Developer/Toolchains/XcodeDefault.xctoolchain/usr/bin/clang -Xlinker -reproducible -target arm64-apple-macos27.0 -bundle -isysroot /Applications/Xcode.app/Contents/Developer/Platforms/MacOSX.platform/Developer/SDKs/MacOSX27.0.sdk -Os -Xlinker -no_warn_duplicate_libraries -L/Users/builder/Factory/paperloft/evidence/checkouts/a11y-probe-e5889f4/build/AccessibilityProbe/Build/Intermediates.noindex/EagerLinkingTBDs/Release -L/Users/builder/Factory/paperloft/evidence/checkouts/a11y-probe-e5889f4/build/AccessibilityProbe/Build/Products/Release -L/Applications/Xcode.app/Contents/Developer/Platforms/MacOSX.platform/Developer/usr/lib -F/Users/builder/Factory/paperloft/evidence/checkouts/a11y-probe-e5889f4/build/AccessibilityProbe/Build/Intermediates.noindex/EagerLinkingTBDs/Release -F/Users/builder/Factory/paperloft/evidence/checkouts/a11y-probe-e5889f4/build/AccessibilityProbe/Build/Products/Release -iframework /Applications/Xcode.app/Contents/Developer/Platforms/MacOSX.platform/Developer/Library/Frameworks -filelist /Users/builder/Factory/paperloft/evidence/checkouts/a11y-probe-e5889f4/build/AccessibilityProbe/Build/Intermediates.noindex/AccessibilityProbe.build/Release/ProbeTests.build/Objects-normal/arm64/ProbeTests.LinkFileList -Xlinker -rpath -Xlinker @loader_path/../Frameworks -Xlinker -object_path_lto -Xlinker /Users/builder/Factory/paperloft/evidence/checkouts/a11y-probe-e5889f4/build/AccessibilityProbe/Build/Intermediates.noindex/AccessibilityProbe.build/Release/ProbeTests.build/Objects-normal/arm64/ProbeTests_lto.o -Xlinker -debug_variant -Xlinker -dependency_info -Xlinker /Users/builder/Factory/paperloft/evidence/checkouts/a11y-probe-e5889f4/build/AccessibilityProbe/Build/Intermediates.noindex/AccessibilityProbe.build/Release/ProbeTests.build/Objects-normal/arm64/ProbeTests_dependency_info.dat -fobjc-link-runtime -fprofile-instr-generate -L/Applications/Xcode.app/Contents/Developer/Toolchains/XcodeDefault.xctoolchain/usr/lib/swift/macosx -L/usr/lib/swift -Xlinker -add_ast_path -Xlinker /Users/builder/Factory/paperloft/evidence/checkouts/a11y-probe-e5889f4/build/AccessibilityProbe/Build/Intermediates.noindex/AccessibilityProbe.build/Release/ProbeTests.build/Objects-normal/arm64/ProbeTests.swiftmodule -Xlinker -needed_framework -Xlinker XCTest -framework XCTest -Xlinker -needed-lXCTestSwiftSupport -lXCTestSwiftSupport -Xlinker -no_adhoc_codesign -o /Users/builder/Factory/paperloft/evidence/checkouts/a11y-probe-e5889f4/build/AccessibilityProbe/Build/Products/Release/ProbeTests-Runner.app/Contents/PlugIns/ProbeTests.xctest/Contents/MacOS/ProbeTests

CopySwiftLibs /Users/builder/Factory/paperloft/evidence/checkouts/a11y-probe-e5889f4/build/AccessibilityProbe/Build/Products/Release/ProbeTests-Runner.app/Contents/PlugIns/ProbeTests.xctest (in target 'ProbeTests' from project 'AccessibilityProbe')
    cd /Users/builder/Factory/paperloft/evidence/checkouts/a11y-probe-e5889f4/Tools/AccessibilityProbe
    builtin-swiftStdLibTool --copy --verbose --sign - --scan-executable /Users/builder/Factory/paperloft/evidence/checkouts/a11y-probe-e5889f4/build/AccessibilityProbe/Build/Products/Release/ProbeTests-Runner.app/Contents/PlugIns/ProbeTests.xctest/Contents/MacOS/ProbeTests --scan-folder /Users/builder/Factory/paperloft/evidence/checkouts/a11y-probe-e5889f4/build/AccessibilityProbe/Build/Products/Release/ProbeTests-Runner.app/Contents/PlugIns/ProbeTests.xctest/Contents/Frameworks --scan-folder /Users/builder/Factory/paperloft/evidence/checkouts/a11y-probe-e5889f4/build/AccessibilityProbe/Build/Products/Release/ProbeTests-Runner.app/Contents/PlugIns/ProbeTests.xctest/Contents/PlugIns --scan-folder /Users/builder/Factory/paperloft/evidence/checkouts/a11y-probe-e5889f4/build/AccessibilityProbe/Build/Products/Release/ProbeTests-Runner.app/Contents/PlugIns/ProbeTests.xctest/Contents/Library/SystemExtensions --scan-folder /Users/builder/Factory/paperloft/evidence/checkouts/a11y-probe-e5889f4/build/AccessibilityProbe/Build/Products/Release/ProbeTests-Runner.app/Contents/PlugIns/ProbeTests.xctest/Contents/Extensions --platform macosx --toolchain /Applications/Xcode.app/Contents/Developer/Toolchains/XcodeDefault.xctoolchain --destination /Users/builder/Factory/paperloft/evidence/checkouts/a11y-probe-e5889f4/build/AccessibilityProbe/Build/Products/Release/ProbeTests-Runner.app/Contents/PlugIns/ProbeTests.xctest/Contents/Frameworks --strip-bitcode --scan-executable /Applications/Xcode.app/Contents/Developer/Platforms/MacOSX.platform/Developer/usr/lib/libXCTestSwiftSupport.dylib --strip-bitcode-tool /Applications/Xcode.app/Contents/Developer/Toolchains/XcodeDefault.xctoolchain/usr/bin/bitcode_strip --emit-dependency-info /Users/builder/Factory/paperloft/evidence/checkouts/a11y-probe-e5889f4/build/AccessibilityProbe/Build/Intermediates.noindex/AccessibilityProbe.build/Release/ProbeTests.build/SwiftStdLibToolInputDependencies.dep --filter-for-swift-os

ExtractAppIntentsMetadata (in target 'ProbeTests' from project 'AccessibilityProbe')
    cd /Users/builder/Factory/paperloft/evidence/checkouts/a11y-probe-e5889f4/Tools/AccessibilityProbe
    /Applications/Xcode.app/Contents/Developer/Toolchains/XcodeDefault.xctoolchain/usr/bin/appintentsmetadataprocessor --toolchain-dir /Applications/Xcode.app/Contents/Developer/Toolchains/XcodeDefault.xctoolchain --module-name ProbeTests --sdk-root /Applications/Xcode.app/Contents/Developer/Platforms/MacOSX.platform/Developer/SDKs/MacOSX27.0.sdk --xcode-version 27A266a --platform-family macOS --deployment-target 27.0 --bundle-identifier local.diagnostic.ProbeTests --output /Users/builder/Factory/paperloft/evidence/checkouts/a11y-probe-e5889f4/build/AccessibilityProbe/Build/Products/Release/ProbeTests-Runner.app/Contents/PlugIns/ProbeTests.xctest/Contents/Resources --target-triple arm64-apple-macos27.0 --binary-file /Users/builder/Factory/paperloft/evidence/checkouts/a11y-probe-e5889f4/build/AccessibilityProbe/Build/Products/Release/ProbeTests-Runner.app/Contents/PlugIns/ProbeTests.xctest/Contents/MacOS/ProbeTests --dependency-file /Users/builder/Factory/paperloft/evidence/checkouts/a11y-probe-e5889f4/build/AccessibilityProbe/Build/Intermediates.noindex/AccessibilityProbe.build/Release/ProbeTests.build/Objects-normal/arm64/ProbeTests_dependency_info.dat --stringsdata-file /Users/builder/Factory/paperloft/evidence/checkouts/a11y-probe-e5889f4/build/AccessibilityProbe/Build/Intermediates.noindex/AccessibilityProbe.build/Release/ProbeTests.build/Objects-normal/arm64/ExtractedAppShortcutsMetadata.stringsdata --source-file-list /Users/builder/Factory/paperloft/evidence/checkouts/a11y-probe-e5889f4/build/AccessibilityProbe/Build/Intermediates.noindex/AccessibilityProbe.build/Release/ProbeTests.build/Objects-normal/arm64/ProbeTests.SwiftFileList --metadata-file-list /Users/builder/Factory/paperloft/evidence/checkouts/a11y-probe-e5889f4/build/AccessibilityProbe/Build/Intermediates.noindex/AccessibilityProbe.build/Release/ProbeTests.build/ProbeTests.DependencyMetadataFileList --static-metadata-file-list /Users/builder/Factory/paperloft/evidence/checkouts/a11y-probe-e5889f4/build/AccessibilityProbe/Build/Intermediates.noindex/AccessibilityProbe.build/Release/ProbeTests.build/ProbeTests.DependencyStaticMetadataFileList --swift-const-vals-list /Users/builder/Factory/paperloft/evidence/checkouts/a11y-probe-e5889f4/build/AccessibilityProbe/Build/Intermediates.noindex/AccessibilityProbe.build/Release/ProbeTests.build/Objects-normal/arm64/ProbeTests.SwiftConstValuesFileList --compile-time-extraction --deployment-aware-processing --no-app-shortcuts-localization
2026-10-01 20:44:38.098 appintentsmetadataprocessor[8176:6615204] Starting appintentsmetadataprocessor export
2026-10-01 20:44:38.100 appintentsmetadataprocessor[8176:6615204] warning: Metadata extraction skipped, no AppIntents.framework dependency found

CopyPlistFile /Users/builder/Factory/paperloft/evidence/checkouts/a11y-probe-e5889f4/build/AccessibilityProbe/Build/Products/Release/ProbeTests-Runner.app/Contents/Info.plist /Applications/Xcode.app/Contents/Developer/Platforms/MacOSX.platform/Developer/Library/Xcode/Agents/XCTRunner.app/Contents/Info.plist (in target 'ProbeTests' from project 'AccessibilityProbe')
    cd /Users/builder/Factory/paperloft/evidence/checkouts/a11y-probe-e5889f4/Tools/AccessibilityProbe
    builtin-copyPlist --validate --convert xml1 --macro-expansion WRAPPEDPRODUCTNAME ProbeTests-Runner --macro-expansion WRAPPEDPRODUCTBUNDLEIDENTIFIER local.diagnostic.ProbeTests.xctrunner --macro-expansion TESTPRODUCTNAME ProbeTests --macro-expansion TESTPRODUCTBUNDLEIDENTIFIER local.diagnostic.ProbeTests --copy-value UIDeviceFamily /Users/builder/Factory/paperloft/evidence/checkouts/a11y-probe-e5889f4/build/AccessibilityProbe/Build/Products/Release/ProbeTests-Runner.app/Contents/PlugIns/ProbeTests.xctest/Contents/Info.plist --outdir /Users/builder/Factory/paperloft/evidence/checkouts/a11y-probe-e5889f4/build/AccessibilityProbe/Build/Products/Release/ProbeTests-Runner.app/Contents -- /Applications/Xcode.app/Contents/Developer/Platforms/MacOSX.platform/Developer/Library/Xcode/Agents/XCTRunner.app/Contents/Info.plist

MkDir /Users/builder/Factory/paperloft/evidence/checkouts/a11y-probe-e5889f4/build/AccessibilityProbe/Build/Products/Release/ProbeTests-Runner.app (in target 'ProbeTests' from project 'AccessibilityProbe')
    cd /Users/builder/Factory/paperloft/evidence/checkouts/a11y-probe-e5889f4/Tools/AccessibilityProbe
    /bin/mkdir -p /Users/builder/Factory/paperloft/evidence/checkouts/a11y-probe-e5889f4/build/AccessibilityProbe/Build/Products/Release/ProbeTests-Runner.app

Copy /Users/builder/Factory/paperloft/evidence/checkouts/a11y-probe-e5889f4/build/AccessibilityProbe/Build/Products/Release/ProbeTests-Runner.app/Contents/PkgInfo /Applications/Xcode.app/Contents/Developer/Platforms/MacOSX.platform/Developer/Library/Xcode/Agents/XCTRunner.app/Contents/PkgInfo (in target 'ProbeTests' from project 'AccessibilityProbe')
    cd /Users/builder/Factory/paperloft/evidence/checkouts/a11y-probe-e5889f4/Tools/AccessibilityProbe
    builtin-copy -exclude .DS_Store -exclude CVS -exclude .svn -exclude .git -exclude .hg -strip-unsigned-binaries -strip-deterministic -strip-tool /Applications/Xcode.app/Contents/Developer/Toolchains/XcodeDefault.xctoolchain/usr/bin/strip -resolve-src-symlinks /Applications/Xcode.app/Contents/Developer/Platforms/MacOSX.platform/Developer/Library/Xcode/Agents/XCTRunner.app/Contents/PkgInfo /Users/builder/Factory/paperloft/evidence/checkouts/a11y-probe-e5889f4/build/AccessibilityProbe/Build/Products/Release/ProbeTests-Runner.app/Contents

CopyAndPreserveArchs /Users/builder/Factory/paperloft/evidence/checkouts/a11y-probe-e5889f4/build/AccessibilityProbe/Build/Products/Release/ProbeTests-Runner.app/Contents/MacOS/ProbeTests-Runner (in target 'ProbeTests' from project 'AccessibilityProbe')
    cd /Users/builder/Factory/paperloft/evidence/checkouts/a11y-probe-e5889f4/Tools/AccessibilityProbe
    /Applications/Xcode.app/Contents/Developer/Toolchains/XcodeDefault.xctoolchain/usr/bin/lipo /Applications/Xcode.app/Contents/Developer/Platforms/MacOSX.platform/Developer/Library/Xcode/Agents/XCTRunner.app/Contents/MacOS/XCTRunner -output /Users/builder/Factory/paperloft/evidence/checkouts/a11y-probe-e5889f4/build/AccessibilityProbe/Build/Products/Release/ProbeTests-Runner.app/Contents/MacOS/ProbeTests-Runner -extract arm64

CodeSign /Users/builder/Factory/paperloft/evidence/checkouts/a11y-probe-e5889f4/build/AccessibilityProbe/Build/Products/Release/ProbeTests-Runner.app/Contents/PlugIns/ProbeTests.xctest (in target 'ProbeTests' from project 'AccessibilityProbe')
    cd /Users/builder/Factory/paperloft/evidence/checkouts/a11y-probe-e5889f4/Tools/AccessibilityProbe
    
    Signing Identity:     "Sign to Run Locally"
    
    /usr/bin/codesign --force --sign - --entitlements /Users/builder/Factory/paperloft/evidence/checkouts/a11y-probe-e5889f4/build/AccessibilityProbe/Build/Intermediates.noindex/AccessibilityProbe.build/Release/ProbeTests.build/ProbeTests.xctest.xcent --timestamp\=none --generate-entitlement-der /Users/builder/Factory/paperloft/evidence/checkouts/a11y-probe-e5889f4/build/AccessibilityProbe/Build/Products/Release/ProbeTests-Runner.app/Contents/PlugIns/ProbeTests.xctest

CodeSign /Users/builder/Factory/paperloft/evidence/checkouts/a11y-probe-e5889f4/build/AccessibilityProbe/Build/Products/Release/ProbeTests-Runner.app (in target 'ProbeTests' from project 'AccessibilityProbe')
    cd /Users/builder/Factory/paperloft/evidence/checkouts/a11y-probe-e5889f4/Tools/AccessibilityProbe
    
    Signing Identity:     "Sign to Run Locally"
    
    /usr/bin/codesign --force --sign - --entitlements /Users/builder/Factory/paperloft/evidence/checkouts/a11y-probe-e5889f4/build/AccessibilityProbe/Build/Intermediates.noindex/AccessibilityProbe.build/Release/ProbeTests.build/ProbeTests.xctest.xcent --timestamp\=none --generate-entitlement-der /Users/builder/Factory/paperloft/evidence/checkouts/a11y-probe-e5889f4/build/AccessibilityProbe/Build/Products/Release/ProbeTests-Runner.app
/Users/builder/Factory/paperloft/evidence/checkouts/a11y-probe-e5889f4/build/AccessibilityProbe/Build/Products/Release/ProbeTests-Runner.app: replacing existing signature

RegisterExecutionPolicyException /Users/builder/Factory/paperloft/evidence/checkouts/a11y-probe-e5889f4/build/AccessibilityProbe/Build/Products/Release/ProbeTests-Runner.app/Contents/PlugIns/ProbeTests.xctest (in target 'ProbeTests' from project 'AccessibilityProbe')
    cd /Users/builder/Factory/paperloft/evidence/checkouts/a11y-probe-e5889f4/Tools/AccessibilityProbe
    builtin-RegisterExecutionPolicyException /Users/builder/Factory/paperloft/evidence/checkouts/a11y-probe-e5889f4/build/AccessibilityProbe/Build/Products/Release/ProbeTests-Runner.app/Contents/PlugIns/ProbeTests.xctest

Touch /Users/builder/Factory/paperloft/evidence/checkouts/a11y-probe-e5889f4/build/AccessibilityProbe/Build/Products/Release/ProbeTests-Runner.app/Contents/PlugIns/ProbeTests.xctest (in target 'ProbeTests' from project 'AccessibilityProbe')
    cd /Users/builder/Factory/paperloft/evidence/checkouts/a11y-probe-e5889f4/Tools/AccessibilityProbe
    /usr/bin/touch -c /Users/builder/Factory/paperloft/evidence/checkouts/a11y-probe-e5889f4/build/AccessibilityProbe/Build/Products/Release/ProbeTests-Runner.app/Contents/PlugIns/ProbeTests.xctest

PruneExplicitPrecompiledModules /Users/builder/Factory/paperloft/evidence/checkouts/a11y-probe-e5889f4/build/AccessibilityProbe/SDKExplicitPrecompiledModules

PruneExplicitPrecompiledModules /Users/builder/Factory/paperloft/evidence/checkouts/a11y-probe-e5889f4/build/AccessibilityProbe/Build/Intermediates.noindex/ExplicitPrecompiledModules

PruneExplicitPrecompiledModules /Users/builder/Factory/paperloft/evidence/checkouts/a11y-probe-e5889f4/build/AccessibilityProbe/Build/Intermediates.noindex/SwiftExplicitPrecompiledModules

** TEST BUILD SUCCEEDED **

