Command line invocation:
    /Applications/Xcode.app/Contents/Developer/usr/bin/xcodebuild -project Paperloft.xcodeproj -scheme PaperloftApp -destination platform=macOS -configuration QA -derivedDataPath build/QADerivedData SWIFT_TREAT_WARNINGS_AS_ERRORS=YES build

Build settings from command line:
    SWIFT_TREAT_WARNINGS_AS_ERRORS = YES

Resolve Package Graph


Resolved source packages:
  PaperloftKit: /Users/builder/Factory/paperloft/evidence/checkouts/p3-3dfb51d/Packages/PaperloftKit @ local
  PaperloftHandoff: /Users/builder/Factory/paperloft/evidence/checkouts/p3-3dfb51d/Packages/PaperloftHandoff @ local

ComputePackagePrebuildTargetDependencyGraph

Prepare packages

CreateBuildRequest

SendProjectDescription

CreateBuildOperation

ComputeTargetDependencyGraph
note: Building targets in dependency order
note: Target dependency graph (6 targets)
    Target 'PaperloftApp' in project 'Paperloft'
        ➜ Explicit dependency on target 'PaperloftShare' in project 'Paperloft'
        ➜ Explicit dependency on target 'PaperloftKit-product' in project 'PaperloftKit'
        ➜ Explicit dependency on target 'PaperloftHandoff-product' in project 'PaperloftHandoff'
    Target 'PaperloftKit-product' in project 'PaperloftKit'
        ➜ Explicit dependency on target 'PaperloftKit' in project 'PaperloftKit'
    Target 'PaperloftKit' in project 'PaperloftKit' (no dependencies)
    Target 'PaperloftShare' in project 'Paperloft'
        ➜ Explicit dependency on target 'PaperloftHandoff-product' in project 'PaperloftHandoff'
    Target 'PaperloftHandoff-product' in project 'PaperloftHandoff'
        ➜ Explicit dependency on target 'PaperloftHandoff' in project 'PaperloftHandoff'
    Target 'PaperloftHandoff' in project 'PaperloftHandoff' (no dependencies)

GatherProvisioningInputs

CreateBuildDescription

ExecuteExternalTool /Applications/Xcode.app/Contents/Developer/Toolchains/XcodeDefault.xctoolchain/usr/bin/swiftc --version

ExecuteExternalTool /Applications/Xcode.app/Contents/Developer/usr/bin/actool --version --output-format xml1

ExecuteExternalTool /Applications/Xcode.app/Contents/Developer/Toolchains/XcodeDefault.xctoolchain/usr/bin/clang -v -E -dM -isysroot /Applications/Xcode.app/Contents/Developer/Platforms/MacOSX.platform/Developer/SDKs/MacOSX27.0.sdk -x c -c /dev/null

ExecuteExternalTool /Applications/Xcode.app/Contents/Developer/Toolchains/XcodeDefault.xctoolchain/usr/bin/ld -version_details

Build description signature: a0c96750545265489963090aad76c3aa
Build description path: /Users/builder/Factory/paperloft/evidence/checkouts/p3-3dfb51d/build/QADerivedData/Build/Intermediates.noindex/XCBuildData/a0c96750545265489963090aad76c3aa.xcbuilddata
CreateBuildDirectory /Users/builder/Factory/paperloft/evidence/checkouts/p3-3dfb51d/build/QADerivedData/ModuleCache.noindex
    cd /Users/builder/Factory/paperloft/evidence/checkouts/p3-3dfb51d/Paperloft.xcodeproj
    builtin-create-build-directory /Users/builder/Factory/paperloft/evidence/checkouts/p3-3dfb51d/build/QADerivedData/ModuleCache.noindex

CreateBuildDirectory /Users/builder/Factory/paperloft/evidence/checkouts/p3-3dfb51d/build/QADerivedData/SDKExplicitPrecompiledModules
    cd /Users/builder/Factory/paperloft/evidence/checkouts/p3-3dfb51d/Paperloft.xcodeproj
    builtin-create-build-directory /Users/builder/Factory/paperloft/evidence/checkouts/p3-3dfb51d/build/QADerivedData/SDKExplicitPrecompiledModules

CreateBuildDirectory /Users/builder/Factory/paperloft/evidence/checkouts/p3-3dfb51d/build/QADerivedData/CompilationCache.noindex
    cd /Users/builder/Factory/paperloft/evidence/checkouts/p3-3dfb51d/Paperloft.xcodeproj
    builtin-create-build-directory /Users/builder/Factory/paperloft/evidence/checkouts/p3-3dfb51d/build/QADerivedData/CompilationCache.noindex

ClangStatCache /Applications/Xcode.app/Contents/Developer/Toolchains/XcodeDefault.xctoolchain/usr/bin/clang-stat-cache /Applications/Xcode.app/Contents/Developer/Platforms/MacOSX.platform/Developer/SDKs/MacOSX27.0.sdk /Users/builder/Factory/paperloft/evidence/checkouts/p3-3dfb51d/build/QADerivedData/SDKStatCaches.noindex/macosx27.0-26A425-7231f6df4def33e022ae2eb8f782df1a.sdkstatcache
    cd /Users/builder/Factory/paperloft/evidence/checkouts/p3-3dfb51d/Paperloft.xcodeproj
    /Applications/Xcode.app/Contents/Developer/Toolchains/XcodeDefault.xctoolchain/usr/bin/clang-stat-cache /Applications/Xcode.app/Contents/Developer/Platforms/MacOSX.platform/Developer/SDKs/MacOSX27.0.sdk -o /Users/builder/Factory/paperloft/evidence/checkouts/p3-3dfb51d/build/QADerivedData/SDKStatCaches.noindex/macosx27.0-26A425-7231f6df4def33e022ae2eb8f782df1a.sdkstatcache

CreateBuildDirectory /Users/builder/Factory/paperloft/evidence/checkouts/p3-3dfb51d/build/QADerivedData/Build/Intermediates.noindex
    cd /Users/builder/Factory/paperloft/evidence/checkouts/p3-3dfb51d/Paperloft.xcodeproj
    builtin-create-build-directory /Users/builder/Factory/paperloft/evidence/checkouts/p3-3dfb51d/build/QADerivedData/Build/Intermediates.noindex

CreateBuildDirectory /Users/builder/Factory/paperloft/evidence/checkouts/p3-3dfb51d/build/QADerivedData/Build/Products
    cd /Users/builder/Factory/paperloft/evidence/checkouts/p3-3dfb51d/Paperloft.xcodeproj
    builtin-create-build-directory /Users/builder/Factory/paperloft/evidence/checkouts/p3-3dfb51d/build/QADerivedData/Build/Products

CreateBuildDirectory /Users/builder/Factory/paperloft/evidence/checkouts/p3-3dfb51d/build/QADerivedData/Build/Intermediates.noindex/SwiftExplicitPrecompiledModules
    cd /Users/builder/Factory/paperloft/evidence/checkouts/p3-3dfb51d/Paperloft.xcodeproj
    builtin-create-build-directory /Users/builder/Factory/paperloft/evidence/checkouts/p3-3dfb51d/build/QADerivedData/Build/Intermediates.noindex/SwiftExplicitPrecompiledModules

CreateBuildDirectory /Users/builder/Factory/paperloft/evidence/checkouts/p3-3dfb51d/build/QADerivedData/Build/Products/QA
    cd /Users/builder/Factory/paperloft/evidence/checkouts/p3-3dfb51d/Paperloft.xcodeproj
    builtin-create-build-directory /Users/builder/Factory/paperloft/evidence/checkouts/p3-3dfb51d/build/QADerivedData/Build/Products/QA

CreateBuildDirectory /Users/builder/Factory/paperloft/evidence/checkouts/p3-3dfb51d/build/QADerivedData/Build/Intermediates.noindex/PrecompiledHeaders
    cd /Users/builder/Factory/paperloft/evidence/checkouts/p3-3dfb51d/Paperloft.xcodeproj
    builtin-create-build-directory /Users/builder/Factory/paperloft/evidence/checkouts/p3-3dfb51d/build/QADerivedData/Build/Intermediates.noindex/PrecompiledHeaders

CreateBuildDirectory /Users/builder/Factory/paperloft/evidence/checkouts/p3-3dfb51d/build/QADerivedData/Build/Intermediates.noindex/ExplicitPrecompiledModules
    cd /Users/builder/Factory/paperloft/evidence/checkouts/p3-3dfb51d/Paperloft.xcodeproj
    builtin-create-build-directory /Users/builder/Factory/paperloft/evidence/checkouts/p3-3dfb51d/build/QADerivedData/Build/Intermediates.noindex/ExplicitPrecompiledModules

CreateBuildDirectory /Users/builder/Factory/paperloft/evidence/checkouts/p3-3dfb51d/build/QADerivedData/Build/Intermediates.noindex/EagerLinkingTBDs/QA
    cd /Users/builder/Factory/paperloft/evidence/checkouts/p3-3dfb51d/Paperloft.xcodeproj
    builtin-create-build-directory /Users/builder/Factory/paperloft/evidence/checkouts/p3-3dfb51d/build/QADerivedData/Build/Intermediates.noindex/EagerLinkingTBDs/QA

WriteAuxiliaryFile /Users/builder/Factory/paperloft/evidence/checkouts/p3-3dfb51d/build/QADerivedData/Build/Intermediates.noindex/Paperloft.build/QA/Paperloft-b93ddc6bcd4d234a5473ab01ad3589c4-VFS/all-product-headers.yaml
    cd /Users/builder/Factory/paperloft/evidence/checkouts/p3-3dfb51d/Paperloft.xcodeproj
    write-file /Users/builder/Factory/paperloft/evidence/checkouts/p3-3dfb51d/build/QADerivedData/Build/Intermediates.noindex/Paperloft.build/QA/Paperloft-b93ddc6bcd4d234a5473ab01ad3589c4-VFS/all-product-headers.yaml

CreateBuildDirectory /Users/builder/Factory/paperloft/evidence/checkouts/p3-3dfb51d/build/QADerivedData/Build/Products/QA/PackageFrameworks
    cd /Users/builder/Factory/paperloft/evidence/checkouts/p3-3dfb51d/Paperloft.xcodeproj
    builtin-create-build-directory /Users/builder/Factory/paperloft/evidence/checkouts/p3-3dfb51d/build/QADerivedData/Build/Products/QA/PackageFrameworks

WriteAuxiliaryFile /Users/builder/Factory/paperloft/evidence/checkouts/p3-3dfb51d/build/QADerivedData/Build/Intermediates.noindex/Paperloft.build/QA/PaperloftShare.build/PaperloftShare-generated-files.hmap (in target 'PaperloftShare' from project 'Paperloft')
    cd /Users/builder/Factory/paperloft/evidence/checkouts/p3-3dfb51d
    write-file /Users/builder/Factory/paperloft/evidence/checkouts/p3-3dfb51d/build/QADerivedData/Build/Intermediates.noindex/Paperloft.build/QA/PaperloftShare.build/PaperloftShare-generated-files.hmap

WriteAuxiliaryFile /Users/builder/Factory/paperloft/evidence/checkouts/p3-3dfb51d/build/QADerivedData/Build/Intermediates.noindex/Paperloft.build/QA/PaperloftShare.build/PaperloftShare-project-headers.hmap (in target 'PaperloftShare' from project 'Paperloft')
    cd /Users/builder/Factory/paperloft/evidence/checkouts/p3-3dfb51d
    write-file /Users/builder/Factory/paperloft/evidence/checkouts/p3-3dfb51d/build/QADerivedData/Build/Intermediates.noindex/Paperloft.build/QA/PaperloftShare.build/PaperloftShare-project-headers.hmap

WriteAuxiliaryFile /Users/builder/Factory/paperloft/evidence/checkouts/p3-3dfb51d/build/QADerivedData/Build/Intermediates.noindex/Paperloft.build/QA/PaperloftShare.build/PaperloftShare-all-target-headers.hmap (in target 'PaperloftShare' from project 'Paperloft')
    cd /Users/builder/Factory/paperloft/evidence/checkouts/p3-3dfb51d
    write-file /Users/builder/Factory/paperloft/evidence/checkouts/p3-3dfb51d/build/QADerivedData/Build/Intermediates.noindex/Paperloft.build/QA/PaperloftShare.build/PaperloftShare-all-target-headers.hmap

WriteAuxiliaryFile /Users/builder/Factory/paperloft/evidence/checkouts/p3-3dfb51d/build/QADerivedData/Build/Intermediates.noindex/Paperloft.build/QA/PaperloftShare.build/PaperloftShare.hmap (in target 'PaperloftShare' from project 'Paperloft')
    cd /Users/builder/Factory/paperloft/evidence/checkouts/p3-3dfb51d
    write-file /Users/builder/Factory/paperloft/evidence/checkouts/p3-3dfb51d/build/QADerivedData/Build/Intermediates.noindex/Paperloft.build/QA/PaperloftShare.build/PaperloftShare.hmap

WriteAuxiliaryFile /Users/builder/Factory/paperloft/evidence/checkouts/p3-3dfb51d/build/QADerivedData/Build/Intermediates.noindex/Paperloft.build/QA/PaperloftShare.build/PaperloftShare-own-target-headers.hmap (in target 'PaperloftShare' from project 'Paperloft')
    cd /Users/builder/Factory/paperloft/evidence/checkouts/p3-3dfb51d
    write-file /Users/builder/Factory/paperloft/evidence/checkouts/p3-3dfb51d/build/QADerivedData/Build/Intermediates.noindex/Paperloft.build/QA/PaperloftShare.build/PaperloftShare-own-target-headers.hmap

WriteAuxiliaryFile /Users/builder/Factory/paperloft/evidence/checkouts/p3-3dfb51d/build/QADerivedData/Build/Intermediates.noindex/Paperloft.build/QA/PaperloftShare.build/PaperloftShare-all-non-framework-target-headers.hmap (in target 'PaperloftShare' from project 'Paperloft')
    cd /Users/builder/Factory/paperloft/evidence/checkouts/p3-3dfb51d
    write-file /Users/builder/Factory/paperloft/evidence/checkouts/p3-3dfb51d/build/QADerivedData/Build/Intermediates.noindex/Paperloft.build/QA/PaperloftShare.build/PaperloftShare-all-non-framework-target-headers.hmap

WriteAuxiliaryFile /Users/builder/Factory/paperloft/evidence/checkouts/p3-3dfb51d/build/QADerivedData/Build/Intermediates.noindex/Paperloft.build/QA/PaperloftShare.build/Objects-normal/arm64/PaperloftShare_const_extract_protocols.json (in target 'PaperloftShare' from project 'Paperloft')
    cd /Users/builder/Factory/paperloft/evidence/checkouts/p3-3dfb51d
    write-file /Users/builder/Factory/paperloft/evidence/checkouts/p3-3dfb51d/build/QADerivedData/Build/Intermediates.noindex/Paperloft.build/QA/PaperloftShare.build/Objects-normal/arm64/PaperloftShare_const_extract_protocols.json

WriteAuxiliaryFile /Users/builder/Factory/paperloft/evidence/checkouts/p3-3dfb51d/build/QADerivedData/Build/Intermediates.noindex/Paperloft.build/QA/PaperloftShare.build/Objects-normal/arm64/PaperloftShare.SwiftFileList (in target 'PaperloftShare' from project 'Paperloft')
    cd /Users/builder/Factory/paperloft/evidence/checkouts/p3-3dfb51d
    write-file /Users/builder/Factory/paperloft/evidence/checkouts/p3-3dfb51d/build/QADerivedData/Build/Intermediates.noindex/Paperloft.build/QA/PaperloftShare.build/Objects-normal/arm64/PaperloftShare.SwiftFileList

WriteAuxiliaryFile /Users/builder/Factory/paperloft/evidence/checkouts/p3-3dfb51d/build/QADerivedData/Build/Intermediates.noindex/Paperloft.build/QA/PaperloftShare.build/Objects-normal/arm64/PaperloftShare.LinkFileList (in target 'PaperloftShare' from project 'Paperloft')
    cd /Users/builder/Factory/paperloft/evidence/checkouts/p3-3dfb51d
    write-file /Users/builder/Factory/paperloft/evidence/checkouts/p3-3dfb51d/build/QADerivedData/Build/Intermediates.noindex/Paperloft.build/QA/PaperloftShare.build/Objects-normal/arm64/PaperloftShare.LinkFileList

WriteAuxiliaryFile /Users/builder/Factory/paperloft/evidence/checkouts/p3-3dfb51d/build/QADerivedData/Build/Intermediates.noindex/Paperloft.build/QA/PaperloftShare.build/Objects-normal/arm64/PaperloftShare-OutputFileMap.json (in target 'PaperloftShare' from project 'Paperloft')
    cd /Users/builder/Factory/paperloft/evidence/checkouts/p3-3dfb51d
    write-file /Users/builder/Factory/paperloft/evidence/checkouts/p3-3dfb51d/build/QADerivedData/Build/Intermediates.noindex/Paperloft.build/QA/PaperloftShare.build/Objects-normal/arm64/PaperloftShare-OutputFileMap.json

WriteAuxiliaryFile /Users/builder/Factory/paperloft/evidence/checkouts/p3-3dfb51d/build/QADerivedData/Build/Intermediates.noindex/Paperloft.build/QA/PaperloftShare.build/DerivedSources/Entitlements.plist (in target 'PaperloftShare' from project 'Paperloft')
    cd /Users/builder/Factory/paperloft/evidence/checkouts/p3-3dfb51d
    write-file /Users/builder/Factory/paperloft/evidence/checkouts/p3-3dfb51d/build/QADerivedData/Build/Intermediates.noindex/Paperloft.build/QA/PaperloftShare.build/DerivedSources/Entitlements.plist

WriteAuxiliaryFile /Users/builder/Factory/paperloft/evidence/checkouts/p3-3dfb51d/build/QADerivedData/Build/Intermediates.noindex/PaperloftKit.build/QA/PaperloftKit-t.build/PaperloftKit.DependencyStaticMetadataFileList (in target 'PaperloftKit' from project 'PaperloftKit')
    cd /Users/builder/Factory/paperloft/evidence/checkouts/p3-3dfb51d/Packages/PaperloftKit
    write-file /Users/builder/Factory/paperloft/evidence/checkouts/p3-3dfb51d/build/QADerivedData/Build/Intermediates.noindex/PaperloftKit.build/QA/PaperloftKit-t.build/PaperloftKit.DependencyStaticMetadataFileList

WriteAuxiliaryFile /Users/builder/Factory/paperloft/evidence/checkouts/p3-3dfb51d/build/QADerivedData/Build/Intermediates.noindex/PaperloftKit.build/QA/PaperloftKit-t.build/PaperloftKit.modulemap (in target 'PaperloftKit' from project 'PaperloftKit')
    cd /Users/builder/Factory/paperloft/evidence/checkouts/p3-3dfb51d/Packages/PaperloftKit
    write-file /Users/builder/Factory/paperloft/evidence/checkouts/p3-3dfb51d/build/QADerivedData/Build/Intermediates.noindex/PaperloftKit.build/QA/PaperloftKit-t.build/PaperloftKit.modulemap

WriteAuxiliaryFile /Users/builder/Factory/paperloft/evidence/checkouts/p3-3dfb51d/build/QADerivedData/Build/Intermediates.noindex/PaperloftKit.build/QA/PaperloftKit-t.build/PaperloftKit.DependencyMetadataFileList (in target 'PaperloftKit' from project 'PaperloftKit')
    cd /Users/builder/Factory/paperloft/evidence/checkouts/p3-3dfb51d/Packages/PaperloftKit
    write-file /Users/builder/Factory/paperloft/evidence/checkouts/p3-3dfb51d/build/QADerivedData/Build/Intermediates.noindex/PaperloftKit.build/QA/PaperloftKit-t.build/PaperloftKit.DependencyMetadataFileList

WriteAuxiliaryFile /Users/builder/Factory/paperloft/evidence/checkouts/p3-3dfb51d/build/QADerivedData/Build/Intermediates.noindex/PaperloftKit.build/QA/PaperloftKit-t.build/Objects-normal/arm64/PaperloftKit_const_extract_protocols.json (in target 'PaperloftKit' from project 'PaperloftKit')
    cd /Users/builder/Factory/paperloft/evidence/checkouts/p3-3dfb51d/Packages/PaperloftKit
    write-file /Users/builder/Factory/paperloft/evidence/checkouts/p3-3dfb51d/build/QADerivedData/Build/Intermediates.noindex/PaperloftKit.build/QA/PaperloftKit-t.build/Objects-normal/arm64/PaperloftKit_const_extract_protocols.json

WriteAuxiliaryFile /Users/builder/Factory/paperloft/evidence/checkouts/p3-3dfb51d/build/QADerivedData/Build/Intermediates.noindex/PaperloftKit.build/QA/PaperloftKit-t.build/Objects-normal/arm64/PaperloftKit.SwiftConstValuesFileList (in target 'PaperloftKit' from project 'PaperloftKit')
    cd /Users/builder/Factory/paperloft/evidence/checkouts/p3-3dfb51d/Packages/PaperloftKit
    write-file /Users/builder/Factory/paperloft/evidence/checkouts/p3-3dfb51d/build/QADerivedData/Build/Intermediates.noindex/PaperloftKit.build/QA/PaperloftKit-t.build/Objects-normal/arm64/PaperloftKit.SwiftConstValuesFileList

WriteAuxiliaryFile /Users/builder/Factory/paperloft/evidence/checkouts/p3-3dfb51d/build/QADerivedData/Build/Intermediates.noindex/PaperloftKit.build/QA/PaperloftKit-t.build/Objects-normal/arm64/PaperloftKit.SwiftFileList (in target 'PaperloftKit' from project 'PaperloftKit')
    cd /Users/builder/Factory/paperloft/evidence/checkouts/p3-3dfb51d/Packages/PaperloftKit
    write-file /Users/builder/Factory/paperloft/evidence/checkouts/p3-3dfb51d/build/QADerivedData/Build/Intermediates.noindex/PaperloftKit.build/QA/PaperloftKit-t.build/Objects-normal/arm64/PaperloftKit.SwiftFileList

WriteAuxiliaryFile /Users/builder/Factory/paperloft/evidence/checkouts/p3-3dfb51d/build/QADerivedData/Build/Intermediates.noindex/PaperloftKit.build/QA/PaperloftKit-t.build/Objects-normal/arm64/PaperloftKit.LinkFileList (in target 'PaperloftKit' from project 'PaperloftKit')
    cd /Users/builder/Factory/paperloft/evidence/checkouts/p3-3dfb51d/Packages/PaperloftKit
    write-file /Users/builder/Factory/paperloft/evidence/checkouts/p3-3dfb51d/build/QADerivedData/Build/Intermediates.noindex/PaperloftKit.build/QA/PaperloftKit-t.build/Objects-normal/arm64/PaperloftKit.LinkFileList

WriteAuxiliaryFile /Users/builder/Factory/paperloft/evidence/checkouts/p3-3dfb51d/build/QADerivedData/Build/Intermediates.noindex/PaperloftKit.build/QA/PaperloftKit-t.build/Objects-normal/arm64/PaperloftKit-OutputFileMap.json (in target 'PaperloftKit' from project 'PaperloftKit')
    cd /Users/builder/Factory/paperloft/evidence/checkouts/p3-3dfb51d/Packages/PaperloftKit
    write-file /Users/builder/Factory/paperloft/evidence/checkouts/p3-3dfb51d/build/QADerivedData/Build/Intermediates.noindex/PaperloftKit.build/QA/PaperloftKit-t.build/Objects-normal/arm64/PaperloftKit-OutputFileMap.json

WriteAuxiliaryFile /Users/builder/Factory/paperloft/evidence/checkouts/p3-3dfb51d/build/QADerivedData/Build/Intermediates.noindex/PaperloftHandoff.build/QA/PaperloftHandoff-t.build/PaperloftHandoff.modulemap (in target 'PaperloftHandoff' from project 'PaperloftHandoff')
    cd /Users/builder/Factory/paperloft/evidence/checkouts/p3-3dfb51d/Packages/PaperloftHandoff
    write-file /Users/builder/Factory/paperloft/evidence/checkouts/p3-3dfb51d/build/QADerivedData/Build/Intermediates.noindex/PaperloftHandoff.build/QA/PaperloftHandoff-t.build/PaperloftHandoff.modulemap

WriteAuxiliaryFile /Users/builder/Factory/paperloft/evidence/checkouts/p3-3dfb51d/build/QADerivedData/Build/Intermediates.noindex/PaperloftHandoff.build/QA/PaperloftHandoff-t.build/PaperloftHandoff.DependencyStaticMetadataFileList (in target 'PaperloftHandoff' from project 'PaperloftHandoff')
    cd /Users/builder/Factory/paperloft/evidence/checkouts/p3-3dfb51d/Packages/PaperloftHandoff
    write-file /Users/builder/Factory/paperloft/evidence/checkouts/p3-3dfb51d/build/QADerivedData/Build/Intermediates.noindex/PaperloftHandoff.build/QA/PaperloftHandoff-t.build/PaperloftHandoff.DependencyStaticMetadataFileList

WriteAuxiliaryFile /Users/builder/Factory/paperloft/evidence/checkouts/p3-3dfb51d/build/QADerivedData/Build/Intermediates.noindex/PaperloftHandoff.build/QA/PaperloftHandoff-t.build/PaperloftHandoff.DependencyMetadataFileList (in target 'PaperloftHandoff' from project 'PaperloftHandoff')
    cd /Users/builder/Factory/paperloft/evidence/checkouts/p3-3dfb51d/Packages/PaperloftHandoff
    write-file /Users/builder/Factory/paperloft/evidence/checkouts/p3-3dfb51d/build/QADerivedData/Build/Intermediates.noindex/PaperloftHandoff.build/QA/PaperloftHandoff-t.build/PaperloftHandoff.DependencyMetadataFileList

WriteAuxiliaryFile /Users/builder/Factory/paperloft/evidence/checkouts/p3-3dfb51d/build/QADerivedData/Build/Intermediates.noindex/PaperloftHandoff.build/QA/PaperloftHandoff-t.build/Objects-normal/x86_64/PaperloftHandoff_const_extract_protocols.json (in target 'PaperloftHandoff' from project 'PaperloftHandoff')
    cd /Users/builder/Factory/paperloft/evidence/checkouts/p3-3dfb51d/Packages/PaperloftHandoff
    write-file /Users/builder/Factory/paperloft/evidence/checkouts/p3-3dfb51d/build/QADerivedData/Build/Intermediates.noindex/PaperloftHandoff.build/QA/PaperloftHandoff-t.build/Objects-normal/x86_64/PaperloftHandoff_const_extract_protocols.json

WriteAuxiliaryFile /Users/builder/Factory/paperloft/evidence/checkouts/p3-3dfb51d/build/QADerivedData/Build/Intermediates.noindex/PaperloftHandoff.build/QA/PaperloftHandoff-t.build/Objects-normal/x86_64/PaperloftHandoff.SwiftConstValuesFileList (in target 'PaperloftHandoff' from project 'PaperloftHandoff')
    cd /Users/builder/Factory/paperloft/evidence/checkouts/p3-3dfb51d/Packages/PaperloftHandoff
    write-file /Users/builder/Factory/paperloft/evidence/checkouts/p3-3dfb51d/build/QADerivedData/Build/Intermediates.noindex/PaperloftHandoff.build/QA/PaperloftHandoff-t.build/Objects-normal/x86_64/PaperloftHandoff.SwiftConstValuesFileList

WriteAuxiliaryFile /Users/builder/Factory/paperloft/evidence/checkouts/p3-3dfb51d/build/QADerivedData/Build/Intermediates.noindex/PaperloftHandoff.build/QA/PaperloftHandoff-t.build/Objects-normal/x86_64/PaperloftHandoff.SwiftFileList (in target 'PaperloftHandoff' from project 'PaperloftHandoff')
    cd /Users/builder/Factory/paperloft/evidence/checkouts/p3-3dfb51d/Packages/PaperloftHandoff
    write-file /Users/builder/Factory/paperloft/evidence/checkouts/p3-3dfb51d/build/QADerivedData/Build/Intermediates.noindex/PaperloftHandoff.build/QA/PaperloftHandoff-t.build/Objects-normal/x86_64/PaperloftHandoff.SwiftFileList

Copy /Users/builder/Factory/paperloft/evidence/checkouts/p3-3dfb51d/build/QADerivedData/Build/Intermediates.noindex/GeneratedModuleMaps/PaperloftKit.modulemap /Users/builder/Factory/paperloft/evidence/checkouts/p3-3dfb51d/build/QADerivedData/Build/Intermediates.noindex/PaperloftKit.build/QA/PaperloftKit-t.build/PaperloftKit.modulemap (in target 'PaperloftKit' from project 'PaperloftKit')
    cd /Users/builder/Factory/paperloft/evidence/checkouts/p3-3dfb51d/Packages/PaperloftKit
    builtin-copy -exclude .DS_Store -exclude CVS -exclude .svn -exclude .git -exclude .hg -strip-unsigned-binaries -strip-deterministic -strip-tool /Applications/Xcode.app/Contents/Developer/Toolchains/XcodeDefault.xctoolchain/usr/bin/strip -resolve-src-symlinks /Users/builder/Factory/paperloft/evidence/checkouts/p3-3dfb51d/build/QADerivedData/Build/Intermediates.noindex/PaperloftKit.build/QA/PaperloftKit-t.build/PaperloftKit.modulemap /Users/builder/Factory/paperloft/evidence/checkouts/p3-3dfb51d/build/QADerivedData/Build/Intermediates.noindex/GeneratedModuleMaps

WriteAuxiliaryFile /Users/builder/Factory/paperloft/evidence/checkouts/p3-3dfb51d/build/QADerivedData/Build/Intermediates.noindex/PaperloftHandoff.build/QA/PaperloftHandoff-t.build/Objects-normal/x86_64/PaperloftHandoff.LinkFileList (in target 'PaperloftHandoff' from project 'PaperloftHandoff')
    cd /Users/builder/Factory/paperloft/evidence/checkouts/p3-3dfb51d/Packages/PaperloftHandoff
    write-file /Users/builder/Factory/paperloft/evidence/checkouts/p3-3dfb51d/build/QADerivedData/Build/Intermediates.noindex/PaperloftHandoff.build/QA/PaperloftHandoff-t.build/Objects-normal/x86_64/PaperloftHandoff.LinkFileList

WriteAuxiliaryFile /Users/builder/Factory/paperloft/evidence/checkouts/p3-3dfb51d/build/QADerivedData/Build/Intermediates.noindex/PaperloftHandoff.build/QA/PaperloftHandoff-t.build/Objects-normal/x86_64/PaperloftHandoff-OutputFileMap.json (in target 'PaperloftHandoff' from project 'PaperloftHandoff')
    cd /Users/builder/Factory/paperloft/evidence/checkouts/p3-3dfb51d/Packages/PaperloftHandoff
    write-file /Users/builder/Factory/paperloft/evidence/checkouts/p3-3dfb51d/build/QADerivedData/Build/Intermediates.noindex/PaperloftHandoff.build/QA/PaperloftHandoff-t.build/Objects-normal/x86_64/PaperloftHandoff-OutputFileMap.json

WriteAuxiliaryFile /Users/builder/Factory/paperloft/evidence/checkouts/p3-3dfb51d/build/QADerivedData/Build/Intermediates.noindex/PaperloftHandoff.build/QA/PaperloftHandoff-t.build/Objects-normal/arm64/PaperloftHandoff.SwiftFileList (in target 'PaperloftHandoff' from project 'PaperloftHandoff')
    cd /Users/builder/Factory/paperloft/evidence/checkouts/p3-3dfb51d/Packages/PaperloftHandoff
    write-file /Users/builder/Factory/paperloft/evidence/checkouts/p3-3dfb51d/build/QADerivedData/Build/Intermediates.noindex/PaperloftHandoff.build/QA/PaperloftHandoff-t.build/Objects-normal/arm64/PaperloftHandoff.SwiftFileList

WriteAuxiliaryFile /Users/builder/Factory/paperloft/evidence/checkouts/p3-3dfb51d/build/QADerivedData/Build/Intermediates.noindex/PaperloftHandoff.build/QA/PaperloftHandoff-t.build/Objects-normal/arm64/PaperloftHandoff.SwiftConstValuesFileList (in target 'PaperloftHandoff' from project 'PaperloftHandoff')
    cd /Users/builder/Factory/paperloft/evidence/checkouts/p3-3dfb51d/Packages/PaperloftHandoff
    write-file /Users/builder/Factory/paperloft/evidence/checkouts/p3-3dfb51d/build/QADerivedData/Build/Intermediates.noindex/PaperloftHandoff.build/QA/PaperloftHandoff-t.build/Objects-normal/arm64/PaperloftHandoff.SwiftConstValuesFileList

WriteAuxiliaryFile /Users/builder/Factory/paperloft/evidence/checkouts/p3-3dfb51d/build/QADerivedData/Build/Intermediates.noindex/PaperloftHandoff.build/QA/PaperloftHandoff-t.build/Objects-normal/arm64/PaperloftHandoff_const_extract_protocols.json (in target 'PaperloftHandoff' from project 'PaperloftHandoff')
    cd /Users/builder/Factory/paperloft/evidence/checkouts/p3-3dfb51d/Packages/PaperloftHandoff
    write-file /Users/builder/Factory/paperloft/evidence/checkouts/p3-3dfb51d/build/QADerivedData/Build/Intermediates.noindex/PaperloftHandoff.build/QA/PaperloftHandoff-t.build/Objects-normal/arm64/PaperloftHandoff_const_extract_protocols.json

WriteAuxiliaryFile /Users/builder/Factory/paperloft/evidence/checkouts/p3-3dfb51d/build/QADerivedData/Build/Intermediates.noindex/PaperloftHandoff.build/QA/PaperloftHandoff-t.build/Objects-normal/arm64/PaperloftHandoff.LinkFileList (in target 'PaperloftHandoff' from project 'PaperloftHandoff')
    cd /Users/builder/Factory/paperloft/evidence/checkouts/p3-3dfb51d/Packages/PaperloftHandoff
    write-file /Users/builder/Factory/paperloft/evidence/checkouts/p3-3dfb51d/build/QADerivedData/Build/Intermediates.noindex/PaperloftHandoff.build/QA/PaperloftHandoff-t.build/Objects-normal/arm64/PaperloftHandoff.LinkFileList

WriteAuxiliaryFile /Users/builder/Factory/paperloft/evidence/checkouts/p3-3dfb51d/build/QADerivedData/Build/Intermediates.noindex/PaperloftHandoff.build/QA/PaperloftHandoff-t.build/Objects-normal/arm64/PaperloftHandoff-OutputFileMap.json (in target 'PaperloftHandoff' from project 'PaperloftHandoff')
    cd /Users/builder/Factory/paperloft/evidence/checkouts/p3-3dfb51d/Packages/PaperloftHandoff
    write-file /Users/builder/Factory/paperloft/evidence/checkouts/p3-3dfb51d/build/QADerivedData/Build/Intermediates.noindex/PaperloftHandoff.build/QA/PaperloftHandoff-t.build/Objects-normal/arm64/PaperloftHandoff-OutputFileMap.json

Copy /Users/builder/Factory/paperloft/evidence/checkouts/p3-3dfb51d/build/QADerivedData/Build/Intermediates.noindex/GeneratedModuleMaps/PaperloftHandoff.modulemap /Users/builder/Factory/paperloft/evidence/checkouts/p3-3dfb51d/build/QADerivedData/Build/Intermediates.noindex/PaperloftHandoff.build/QA/PaperloftHandoff-t.build/PaperloftHandoff.modulemap (in target 'PaperloftHandoff' from project 'PaperloftHandoff')
    cd /Users/builder/Factory/paperloft/evidence/checkouts/p3-3dfb51d/Packages/PaperloftHandoff
    builtin-copy -exclude .DS_Store -exclude CVS -exclude .svn -exclude .git -exclude .hg -strip-unsigned-binaries -strip-deterministic -strip-tool /Applications/Xcode.app/Contents/Developer/Toolchains/XcodeDefault.xctoolchain/usr/bin/strip -resolve-src-symlinks /Users/builder/Factory/paperloft/evidence/checkouts/p3-3dfb51d/build/QADerivedData/Build/Intermediates.noindex/PaperloftHandoff.build/QA/PaperloftHandoff-t.build/PaperloftHandoff.modulemap /Users/builder/Factory/paperloft/evidence/checkouts/p3-3dfb51d/build/QADerivedData/Build/Intermediates.noindex/GeneratedModuleMaps

WriteAuxiliaryFile /Users/builder/Factory/paperloft/evidence/checkouts/p3-3dfb51d/build/QADerivedData/Build/Intermediates.noindex/Paperloft.build/QA/PaperloftApp.build/Paperloft\ Receipts.hmap (in target 'PaperloftApp' from project 'Paperloft')
    cd /Users/builder/Factory/paperloft/evidence/checkouts/p3-3dfb51d
    write-file /Users/builder/Factory/paperloft/evidence/checkouts/p3-3dfb51d/build/QADerivedData/Build/Intermediates.noindex/Paperloft.build/QA/PaperloftApp.build/Paperloft\ Receipts.hmap

WriteAuxiliaryFile /Users/builder/Factory/paperloft/evidence/checkouts/p3-3dfb51d/build/QADerivedData/Build/Intermediates.noindex/Paperloft.build/QA/PaperloftApp.build/Paperloft\ Receipts.DependencyStaticMetadataFileList (in target 'PaperloftApp' from project 'Paperloft')
    cd /Users/builder/Factory/paperloft/evidence/checkouts/p3-3dfb51d
    write-file /Users/builder/Factory/paperloft/evidence/checkouts/p3-3dfb51d/build/QADerivedData/Build/Intermediates.noindex/Paperloft.build/QA/PaperloftApp.build/Paperloft\ Receipts.DependencyStaticMetadataFileList

WriteAuxiliaryFile /Users/builder/Factory/paperloft/evidence/checkouts/p3-3dfb51d/build/QADerivedData/Build/Intermediates.noindex/Paperloft.build/QA/PaperloftApp.build/Paperloft\ Receipts.DependencyMetadataFileList (in target 'PaperloftApp' from project 'Paperloft')
    cd /Users/builder/Factory/paperloft/evidence/checkouts/p3-3dfb51d
    write-file /Users/builder/Factory/paperloft/evidence/checkouts/p3-3dfb51d/build/QADerivedData/Build/Intermediates.noindex/Paperloft.build/QA/PaperloftApp.build/Paperloft\ Receipts.DependencyMetadataFileList

WriteAuxiliaryFile /Users/builder/Factory/paperloft/evidence/checkouts/p3-3dfb51d/build/QADerivedData/Build/Intermediates.noindex/Paperloft.build/QA/PaperloftApp.build/Paperloft\ Receipts-project-headers.hmap (in target 'PaperloftApp' from project 'Paperloft')
    cd /Users/builder/Factory/paperloft/evidence/checkouts/p3-3dfb51d
    write-file /Users/builder/Factory/paperloft/evidence/checkouts/p3-3dfb51d/build/QADerivedData/Build/Intermediates.noindex/Paperloft.build/QA/PaperloftApp.build/Paperloft\ Receipts-project-headers.hmap

WriteAuxiliaryFile /Users/builder/Factory/paperloft/evidence/checkouts/p3-3dfb51d/build/QADerivedData/Build/Intermediates.noindex/Paperloft.build/QA/PaperloftApp.build/Paperloft\ Receipts-own-target-headers.hmap (in target 'PaperloftApp' from project 'Paperloft')
    cd /Users/builder/Factory/paperloft/evidence/checkouts/p3-3dfb51d
    write-file /Users/builder/Factory/paperloft/evidence/checkouts/p3-3dfb51d/build/QADerivedData/Build/Intermediates.noindex/Paperloft.build/QA/PaperloftApp.build/Paperloft\ Receipts-own-target-headers.hmap

WriteAuxiliaryFile /Users/builder/Factory/paperloft/evidence/checkouts/p3-3dfb51d/build/QADerivedData/Build/Intermediates.noindex/Paperloft.build/QA/PaperloftApp.build/Paperloft\ Receipts-generated-files.hmap (in target 'PaperloftApp' from project 'Paperloft')
    cd /Users/builder/Factory/paperloft/evidence/checkouts/p3-3dfb51d
    write-file /Users/builder/Factory/paperloft/evidence/checkouts/p3-3dfb51d/build/QADerivedData/Build/Intermediates.noindex/Paperloft.build/QA/PaperloftApp.build/Paperloft\ Receipts-generated-files.hmap

WriteAuxiliaryFile /Users/builder/Factory/paperloft/evidence/checkouts/p3-3dfb51d/build/QADerivedData/Build/Intermediates.noindex/Paperloft.build/QA/PaperloftApp.build/Paperloft\ Receipts-all-target-headers.hmap (in target 'PaperloftApp' from project 'Paperloft')
    cd /Users/builder/Factory/paperloft/evidence/checkouts/p3-3dfb51d
    write-file /Users/builder/Factory/paperloft/evidence/checkouts/p3-3dfb51d/build/QADerivedData/Build/Intermediates.noindex/Paperloft.build/QA/PaperloftApp.build/Paperloft\ Receipts-all-target-headers.hmap

WriteAuxiliaryFile /Users/builder/Factory/paperloft/evidence/checkouts/p3-3dfb51d/build/QADerivedData/Build/Intermediates.noindex/Paperloft.build/QA/PaperloftApp.build/Paperloft\ Receipts-all-non-framework-target-headers.hmap (in target 'PaperloftApp' from project 'Paperloft')
    cd /Users/builder/Factory/paperloft/evidence/checkouts/p3-3dfb51d
    write-file /Users/builder/Factory/paperloft/evidence/checkouts/p3-3dfb51d/build/QADerivedData/Build/Intermediates.noindex/Paperloft.build/QA/PaperloftApp.build/Paperloft\ Receipts-all-non-framework-target-headers.hmap

WriteAuxiliaryFile /Users/builder/Factory/paperloft/evidence/checkouts/p3-3dfb51d/build/QADerivedData/Build/Intermediates.noindex/Paperloft.build/QA/PaperloftApp.build/Objects-normal/arm64/PaperloftApp-OutputFileMap.json (in target 'PaperloftApp' from project 'Paperloft')
    cd /Users/builder/Factory/paperloft/evidence/checkouts/p3-3dfb51d
    write-file /Users/builder/Factory/paperloft/evidence/checkouts/p3-3dfb51d/build/QADerivedData/Build/Intermediates.noindex/Paperloft.build/QA/PaperloftApp.build/Objects-normal/arm64/PaperloftApp-OutputFileMap.json

WriteAuxiliaryFile /Users/builder/Factory/paperloft/evidence/checkouts/p3-3dfb51d/build/QADerivedData/Build/Intermediates.noindex/Paperloft.build/QA/PaperloftApp.build/Objects-normal/arm64/Paperloft\ Receipts.SwiftFileList (in target 'PaperloftApp' from project 'Paperloft')
    cd /Users/builder/Factory/paperloft/evidence/checkouts/p3-3dfb51d
    write-file /Users/builder/Factory/paperloft/evidence/checkouts/p3-3dfb51d/build/QADerivedData/Build/Intermediates.noindex/Paperloft.build/QA/PaperloftApp.build/Objects-normal/arm64/Paperloft\ Receipts.SwiftFileList

WriteAuxiliaryFile /Users/builder/Factory/paperloft/evidence/checkouts/p3-3dfb51d/build/QADerivedData/Build/Intermediates.noindex/Paperloft.build/QA/PaperloftApp.build/Objects-normal/arm64/PaperloftApp_const_extract_protocols.json (in target 'PaperloftApp' from project 'Paperloft')
    cd /Users/builder/Factory/paperloft/evidence/checkouts/p3-3dfb51d
    write-file /Users/builder/Factory/paperloft/evidence/checkouts/p3-3dfb51d/build/QADerivedData/Build/Intermediates.noindex/Paperloft.build/QA/PaperloftApp.build/Objects-normal/arm64/PaperloftApp_const_extract_protocols.json

WriteAuxiliaryFile /Users/builder/Factory/paperloft/evidence/checkouts/p3-3dfb51d/build/QADerivedData/Build/Intermediates.noindex/Paperloft.build/QA/PaperloftApp.build/Objects-normal/arm64/Paperloft\ Receipts.SwiftConstValuesFileList (in target 'PaperloftApp' from project 'Paperloft')
    cd /Users/builder/Factory/paperloft/evidence/checkouts/p3-3dfb51d
    write-file /Users/builder/Factory/paperloft/evidence/checkouts/p3-3dfb51d/build/QADerivedData/Build/Intermediates.noindex/Paperloft.build/QA/PaperloftApp.build/Objects-normal/arm64/Paperloft\ Receipts.SwiftConstValuesFileList

WriteAuxiliaryFile /Users/builder/Factory/paperloft/evidence/checkouts/p3-3dfb51d/build/QADerivedData/Build/Intermediates.noindex/Paperloft.build/QA/PaperloftApp.build/Objects-normal/arm64/Paperloft\ Receipts.LinkFileList (in target 'PaperloftApp' from project 'Paperloft')
    cd /Users/builder/Factory/paperloft/evidence/checkouts/p3-3dfb51d
    write-file /Users/builder/Factory/paperloft/evidence/checkouts/p3-3dfb51d/build/QADerivedData/Build/Intermediates.noindex/Paperloft.build/QA/PaperloftApp.build/Objects-normal/arm64/Paperloft\ Receipts.LinkFileList

WriteAuxiliaryFile /Users/builder/Factory/paperloft/evidence/checkouts/p3-3dfb51d/build/QADerivedData/Build/Intermediates.noindex/Paperloft.build/QA/PaperloftApp.build/DerivedSources/Entitlements.plist (in target 'PaperloftApp' from project 'Paperloft')
    cd /Users/builder/Factory/paperloft/evidence/checkouts/p3-3dfb51d
    write-file /Users/builder/Factory/paperloft/evidence/checkouts/p3-3dfb51d/build/QADerivedData/Build/Intermediates.noindex/Paperloft.build/QA/PaperloftApp.build/DerivedSources/Entitlements.plist

MkDir /Users/builder/Factory/paperloft/evidence/checkouts/p3-3dfb51d/build/QADerivedData/Build/Products/QA/PaperloftShare.appex/Contents/Resources (in target 'PaperloftShare' from project 'Paperloft')
    cd /Users/builder/Factory/paperloft/evidence/checkouts/p3-3dfb51d
    /bin/mkdir -p /Users/builder/Factory/paperloft/evidence/checkouts/p3-3dfb51d/build/QADerivedData/Build/Products/QA/PaperloftShare.appex/Contents/Resources

MkDir /Users/builder/Factory/paperloft/evidence/checkouts/p3-3dfb51d/build/QADerivedData/Build/Products/QA/PaperloftShare.appex/Contents/MacOS (in target 'PaperloftShare' from project 'Paperloft')
    cd /Users/builder/Factory/paperloft/evidence/checkouts/p3-3dfb51d
    /bin/mkdir -p /Users/builder/Factory/paperloft/evidence/checkouts/p3-3dfb51d/build/QADerivedData/Build/Products/QA/PaperloftShare.appex/Contents/MacOS

MkDir /Users/builder/Factory/paperloft/evidence/checkouts/p3-3dfb51d/build/QADerivedData/Build/Products/QA/PaperloftShare.appex/Contents (in target 'PaperloftShare' from project 'Paperloft')
    cd /Users/builder/Factory/paperloft/evidence/checkouts/p3-3dfb51d
    /bin/mkdir -p /Users/builder/Factory/paperloft/evidence/checkouts/p3-3dfb51d/build/QADerivedData/Build/Products/QA/PaperloftShare.appex/Contents

MkDir /Users/builder/Factory/paperloft/evidence/checkouts/p3-3dfb51d/build/QADerivedData/Build/Products/QA/PaperloftShare.appex (in target 'PaperloftShare' from project 'Paperloft')
    cd /Users/builder/Factory/paperloft/evidence/checkouts/p3-3dfb51d
    /bin/mkdir -p /Users/builder/Factory/paperloft/evidence/checkouts/p3-3dfb51d/build/QADerivedData/Build/Products/QA/PaperloftShare.appex

MkDir /Users/builder/Factory/paperloft/evidence/checkouts/p3-3dfb51d/build/QADerivedData/Build/Products/QA/Paperloft\ Receipts.app/Contents/PlugIns (in target 'PaperloftApp' from project 'Paperloft')
    cd /Users/builder/Factory/paperloft/evidence/checkouts/p3-3dfb51d
    /bin/mkdir -p /Users/builder/Factory/paperloft/evidence/checkouts/p3-3dfb51d/build/QADerivedData/Build/Products/QA/Paperloft\ Receipts.app/Contents/PlugIns

MkDir /Users/builder/Factory/paperloft/evidence/checkouts/p3-3dfb51d/build/QADerivedData/Build/Products/QA/Paperloft\ Receipts.app/Contents/MacOS (in target 'PaperloftApp' from project 'Paperloft')
    cd /Users/builder/Factory/paperloft/evidence/checkouts/p3-3dfb51d
    /bin/mkdir -p /Users/builder/Factory/paperloft/evidence/checkouts/p3-3dfb51d/build/QADerivedData/Build/Products/QA/Paperloft\ Receipts.app/Contents/MacOS

MkDir /Users/builder/Factory/paperloft/evidence/checkouts/p3-3dfb51d/build/QADerivedData/Build/Products/QA/Paperloft\ Receipts.app/Contents/Resources (in target 'PaperloftApp' from project 'Paperloft')
    cd /Users/builder/Factory/paperloft/evidence/checkouts/p3-3dfb51d
    /bin/mkdir -p /Users/builder/Factory/paperloft/evidence/checkouts/p3-3dfb51d/build/QADerivedData/Build/Products/QA/Paperloft\ Receipts.app/Contents/Resources

MkDir /Users/builder/Factory/paperloft/evidence/checkouts/p3-3dfb51d/build/QADerivedData/Build/Products/QA/Paperloft\ Receipts.app/Contents (in target 'PaperloftApp' from project 'Paperloft')
    cd /Users/builder/Factory/paperloft/evidence/checkouts/p3-3dfb51d
    /bin/mkdir -p /Users/builder/Factory/paperloft/evidence/checkouts/p3-3dfb51d/build/QADerivedData/Build/Products/QA/Paperloft\ Receipts.app/Contents

MkDir /Users/builder/Factory/paperloft/evidence/checkouts/p3-3dfb51d/build/QADerivedData/Build/Products/QA/Paperloft\ Receipts.app (in target 'PaperloftApp' from project 'Paperloft')
    cd /Users/builder/Factory/paperloft/evidence/checkouts/p3-3dfb51d
    /bin/mkdir -p /Users/builder/Factory/paperloft/evidence/checkouts/p3-3dfb51d/build/QADerivedData/Build/Products/QA/Paperloft\ Receipts.app

SwiftDriver PaperloftHandoff normal arm64 com.apple.xcode.tools.swift.compiler (in target 'PaperloftHandoff' from project 'PaperloftHandoff')
    cd /Users/builder/Factory/paperloft/evidence/checkouts/p3-3dfb51d/Paperloft.xcodeproj
    builtin-SwiftDriver -- /Applications/Xcode.app/Contents/Developer/Toolchains/XcodeDefault.xctoolchain/usr/bin/swiftc -parse-as-library -module-name PaperloftHandoff -O -whole-module-optimization @/Users/builder/Factory/paperloft/evidence/checkouts/p3-3dfb51d/build/QADerivedData/Build/Intermediates.noindex/PaperloftHandoff.build/QA/PaperloftHandoff-t.build/Objects-normal/arm64/PaperloftHandoff.SwiftFileList -DSWIFT_PACKAGE -DSWIFT_MODULE_RESOURCE_BUNDLE_UNAVAILABLE -DXcode -plugin-path /Applications/Xcode.app/Contents/Developer/Toolchains/XcodeDefault.xctoolchain/usr/lib/swift/host/plugins/testing -enable-experimental-feature DebugDescriptionMacro -sdk /Applications/Xcode.app/Contents/Developer/Platforms/MacOSX.platform/Developer/SDKs/MacOSX27.0.sdk -target arm64-apple-macos13.0 -g -module-cache-path /Users/builder/Factory/paperloft/evidence/checkouts/p3-3dfb51d/build/QADerivedData/ModuleCache.noindex -Xfrontend -serialize-debugging-options -profile-coverage-mapping -profile-generate -warnings-as-errors -swift-version 6 -I /Users/builder/Factory/paperloft/evidence/checkouts/p3-3dfb51d/build/QADerivedData/Build/Products/QA -Isystem /Applications/Xcode.app/Contents/Developer/Platforms/MacOSX.platform/Developer/usr/lib -F /Users/builder/Factory/paperloft/evidence/checkouts/p3-3dfb51d/build/QADerivedData/Build/Products/QA -F /Applications/Xcode.app/Contents/Developer/Platforms/MacOSX.platform/Developer/Library/Frameworks -c -num-threads 10 -Xcc -ivfsstatcache -Xcc /Users/builder/Factory/paperloft/evidence/checkouts/p3-3dfb51d/build/QADerivedData/SDKStatCaches.noindex/macosx27.0-26A425-7231f6df4def33e022ae2eb8f782df1a.sdkstatcache -output-file-map /Users/builder/Factory/paperloft/evidence/checkouts/p3-3dfb51d/build/QADerivedData/Build/Intermediates.noindex/PaperloftHandoff.build/QA/PaperloftHandoff-t.build/Objects-normal/arm64/PaperloftHandoff-OutputFileMap.json -save-temps -no-color-diagnostics -explicit-module-build -module-cache-path /Users/builder/Factory/paperloft/evidence/checkouts/p3-3dfb51d/build/QADerivedData/Build/Intermediates.noindex/SwiftExplicitPrecompiledModules -clang-scanner-module-cache-path /Users/builder/Factory/paperloft/evidence/checkouts/p3-3dfb51d/build/QADerivedData/ModuleCache.noindex -sdk-module-cache-path /Users/builder/Factory/paperloft/evidence/checkouts/p3-3dfb51d/build/QADerivedData/SDKExplicitPrecompiledModules -emit-dependencies -emit-module -emit-module-path /Users/builder/Factory/paperloft/evidence/checkouts/p3-3dfb51d/build/QADerivedData/Build/Intermediates.noindex/PaperloftHandoff.build/QA/PaperloftHandoff-t.build/Objects-normal/arm64/PaperloftHandoff.swiftmodule -serialize-diagnostics -dependency-scan-serialize-diagnostics-path /Users/builder/Factory/paperloft/evidence/checkouts/p3-3dfb51d/build/QADerivedData/Build/Intermediates.noindex/PaperloftHandoff.build/QA/PaperloftHandoff-t.build/Objects-normal/arm64/PaperloftHandoff-dependency-scan.dia -validate-clang-modules-once -clang-build-session-file /Users/builder/Factory/paperloft/evidence/checkouts/p3-3dfb51d/build/QADerivedData/ModuleCache.noindex/Session.modulevalidation -Xcc -fmodules-prune-interval\=86400 -Xcc -fmodules-prune-after\=345600 -package-name paperlofthandoff -emit-const-values -const-gather-protocols-list /Users/builder/Factory/paperloft/evidence/checkouts/p3-3dfb51d/build/QADerivedData/Build/Intermediates.noindex/PaperloftHandoff.build/QA/PaperloftHandoff-t.build/Objects-normal/arm64/PaperloftHandoff_const_extract_protocols.json -Xcc -I/Users/builder/Factory/paperloft/evidence/checkouts/p3-3dfb51d/build/QADerivedData/Build/Products/QA/include -Xcc -I/Users/builder/Factory/paperloft/evidence/checkouts/p3-3dfb51d/build/QADerivedData/Build/Intermediates.noindex/PaperloftHandoff.build/QA/PaperloftHandoff-t.build/DerivedSources-normal/arm64 -Xcc -I/Users/builder/Factory/paperloft/evidence/checkouts/p3-3dfb51d/build/QADerivedData/Build/Intermediates.noindex/PaperloftHandoff.build/QA/PaperloftHandoff-t.build/DerivedSources/arm64 -Xcc -I/Users/builder/Factory/paperloft/evidence/checkouts/p3-3dfb51d/build/QADerivedData/Build/Intermediates.noindex/PaperloftHandoff.build/QA/PaperloftHandoff-t.build/DerivedSources -Xcc -DSWIFT_PACKAGE -emit-objc-header -emit-objc-header-path /Users/builder/Factory/paperloft/evidence/checkouts/p3-3dfb51d/build/QADerivedData/Build/Intermediates.noindex/PaperloftHandoff.build/QA/PaperloftHandoff-t.build/Objects-normal/arm64/PaperloftHandoff-Swift.h -working-directory /Users/builder/Factory/paperloft/evidence/checkouts/p3-3dfb51d/Paperloft.xcodeproj -no-emit-module-separately-wmo

SwiftDriver PaperloftKit normal arm64 com.apple.xcode.tools.swift.compiler (in target 'PaperloftKit' from project 'PaperloftKit')
    cd /Users/builder/Factory/paperloft/evidence/checkouts/p3-3dfb51d/Paperloft.xcodeproj
    builtin-SwiftDriver -- /Applications/Xcode.app/Contents/Developer/Toolchains/XcodeDefault.xctoolchain/usr/bin/swiftc -parse-as-library -module-name PaperloftKit -O -whole-module-optimization @/Users/builder/Factory/paperloft/evidence/checkouts/p3-3dfb51d/build/QADerivedData/Build/Intermediates.noindex/PaperloftKit.build/QA/PaperloftKit-t.build/Objects-normal/arm64/PaperloftKit.SwiftFileList -DSWIFT_PACKAGE -DSWIFT_MODULE_RESOURCE_BUNDLE_UNAVAILABLE -DXcode -plugin-path /Applications/Xcode.app/Contents/Developer/Toolchains/XcodeDefault.xctoolchain/usr/lib/swift/host/plugins/testing -enable-experimental-feature DebugDescriptionMacro -sdk /Applications/Xcode.app/Contents/Developer/Platforms/MacOSX.platform/Developer/SDKs/MacOSX27.0.sdk -target arm64-apple-macos27.0 -g -module-cache-path /Users/builder/Factory/paperloft/evidence/checkouts/p3-3dfb51d/build/QADerivedData/ModuleCache.noindex -Xfrontend -serialize-debugging-options -profile-coverage-mapping -profile-generate -warnings-as-errors -swift-version 6 -I /Users/builder/Factory/paperloft/evidence/checkouts/p3-3dfb51d/build/QADerivedData/Build/Products/QA -Isystem /Applications/Xcode.app/Contents/Developer/Platforms/MacOSX.platform/Developer/usr/lib -F /Users/builder/Factory/paperloft/evidence/checkouts/p3-3dfb51d/build/QADerivedData/Build/Products/QA -F /Applications/Xcode.app/Contents/Developer/Platforms/MacOSX.platform/Developer/Library/Frameworks -c -num-threads 10 -Xcc -ivfsstatcache -Xcc /Users/builder/Factory/paperloft/evidence/checkouts/p3-3dfb51d/build/QADerivedData/SDKStatCaches.noindex/macosx27.0-26A425-7231f6df4def33e022ae2eb8f782df1a.sdkstatcache -output-file-map /Users/builder/Factory/paperloft/evidence/checkouts/p3-3dfb51d/build/QADerivedData/Build/Intermediates.noindex/PaperloftKit.build/QA/PaperloftKit-t.build/Objects-normal/arm64/PaperloftKit-OutputFileMap.json -save-temps -no-color-diagnostics -explicit-module-build -module-cache-path /Users/builder/Factory/paperloft/evidence/checkouts/p3-3dfb51d/build/QADerivedData/Build/Intermediates.noindex/SwiftExplicitPrecompiledModules -clang-scanner-module-cache-path /Users/builder/Factory/paperloft/evidence/checkouts/p3-3dfb51d/build/QADerivedData/ModuleCache.noindex -sdk-module-cache-path /Users/builder/Factory/paperloft/evidence/checkouts/p3-3dfb51d/build/QADerivedData/SDKExplicitPrecompiledModules -emit-dependencies -emit-module -emit-module-path /Users/builder/Factory/paperloft/evidence/checkouts/p3-3dfb51d/build/QADerivedData/Build/Intermediates.noindex/PaperloftKit.build/QA/PaperloftKit-t.build/Objects-normal/arm64/PaperloftKit.swiftmodule -serialize-diagnostics -dependency-scan-serialize-diagnostics-path /Users/builder/Factory/paperloft/evidence/checkouts/p3-3dfb51d/build/QADerivedData/Build/Intermediates.noindex/PaperloftKit.build/QA/PaperloftKit-t.build/Objects-normal/arm64/PaperloftKit-dependency-scan.dia -validate-clang-modules-once -clang-build-session-file /Users/builder/Factory/paperloft/evidence/checkouts/p3-3dfb51d/build/QADerivedData/ModuleCache.noindex/Session.modulevalidation -Xcc -fmodules-prune-interval\=86400 -Xcc -fmodules-prune-after\=345600 -package-name paperloftkit -emit-const-values -const-gather-protocols-list /Users/builder/Factory/paperloft/evidence/checkouts/p3-3dfb51d/build/QADerivedData/Build/Intermediates.noindex/PaperloftKit.build/QA/PaperloftKit-t.build/Objects-normal/arm64/PaperloftKit_const_extract_protocols.json -Xcc -I/Users/builder/Factory/paperloft/evidence/checkouts/p3-3dfb51d/build/QADerivedData/Build/Products/QA/include -Xcc -I/Users/builder/Factory/paperloft/evidence/checkouts/p3-3dfb51d/build/QADerivedData/Build/Intermediates.noindex/PaperloftKit.build/QA/PaperloftKit-t.build/DerivedSources-normal/arm64 -Xcc -I/Users/builder/Factory/paperloft/evidence/checkouts/p3-3dfb51d/build/QADerivedData/Build/Intermediates.noindex/PaperloftKit.build/QA/PaperloftKit-t.build/DerivedSources/arm64 -Xcc -I/Users/builder/Factory/paperloft/evidence/checkouts/p3-3dfb51d/build/QADerivedData/Build/Intermediates.noindex/PaperloftKit.build/QA/PaperloftKit-t.build/DerivedSources -Xcc -DSWIFT_PACKAGE -emit-objc-header -emit-objc-header-path /Users/builder/Factory/paperloft/evidence/checkouts/p3-3dfb51d/build/QADerivedData/Build/Intermediates.noindex/PaperloftKit.build/QA/PaperloftKit-t.build/Objects-normal/arm64/PaperloftKit-Swift.h -working-directory /Users/builder/Factory/paperloft/evidence/checkouts/p3-3dfb51d/Paperloft.xcodeproj -no-emit-module-separately-wmo

SwiftDriver PaperloftHandoff normal x86_64 com.apple.xcode.tools.swift.compiler (in target 'PaperloftHandoff' from project 'PaperloftHandoff')
    cd /Users/builder/Factory/paperloft/evidence/checkouts/p3-3dfb51d/Paperloft.xcodeproj
    builtin-SwiftDriver -- /Applications/Xcode.app/Contents/Developer/Toolchains/XcodeDefault.xctoolchain/usr/bin/swiftc -parse-as-library -module-name PaperloftHandoff -O -whole-module-optimization @/Users/builder/Factory/paperloft/evidence/checkouts/p3-3dfb51d/build/QADerivedData/Build/Intermediates.noindex/PaperloftHandoff.build/QA/PaperloftHandoff-t.build/Objects-normal/x86_64/PaperloftHandoff.SwiftFileList -DSWIFT_PACKAGE -DSWIFT_MODULE_RESOURCE_BUNDLE_UNAVAILABLE -DXcode -plugin-path /Applications/Xcode.app/Contents/Developer/Toolchains/XcodeDefault.xctoolchain/usr/lib/swift/host/plugins/testing -enable-experimental-feature DebugDescriptionMacro -sdk /Applications/Xcode.app/Contents/Developer/Platforms/MacOSX.platform/Developer/SDKs/MacOSX27.0.sdk -target x86_64-apple-macos13.0 -g -module-cache-path /Users/builder/Factory/paperloft/evidence/checkouts/p3-3dfb51d/build/QADerivedData/ModuleCache.noindex -Xfrontend -serialize-debugging-options -profile-coverage-mapping -profile-generate -warnings-as-errors -swift-version 6 -I /Users/builder/Factory/paperloft/evidence/checkouts/p3-3dfb51d/build/QADerivedData/Build/Products/QA -Isystem /Applications/Xcode.app/Contents/Developer/Platforms/MacOSX.platform/Developer/usr/lib -F /Users/builder/Factory/paperloft/evidence/checkouts/p3-3dfb51d/build/QADerivedData/Build/Products/QA -F /Applications/Xcode.app/Contents/Developer/Platforms/MacOSX.platform/Developer/Library/Frameworks -c -num-threads 10 -Xcc -ivfsstatcache -Xcc /Users/builder/Factory/paperloft/evidence/checkouts/p3-3dfb51d/build/QADerivedData/SDKStatCaches.noindex/macosx27.0-26A425-7231f6df4def33e022ae2eb8f782df1a.sdkstatcache -output-file-map /Users/builder/Factory/paperloft/evidence/checkouts/p3-3dfb51d/build/QADerivedData/Build/Intermediates.noindex/PaperloftHandoff.build/QA/PaperloftHandoff-t.build/Objects-normal/x86_64/PaperloftHandoff-OutputFileMap.json -save-temps -no-color-diagnostics -explicit-module-build -module-cache-path /Users/builder/Factory/paperloft/evidence/checkouts/p3-3dfb51d/build/QADerivedData/Build/Intermediates.noindex/SwiftExplicitPrecompiledModules -clang-scanner-module-cache-path /Users/builder/Factory/paperloft/evidence/checkouts/p3-3dfb51d/build/QADerivedData/ModuleCache.noindex -sdk-module-cache-path /Users/builder/Factory/paperloft/evidence/checkouts/p3-3dfb51d/build/QADerivedData/SDKExplicitPrecompiledModules -emit-dependencies -emit-module -emit-module-path /Users/builder/Factory/paperloft/evidence/checkouts/p3-3dfb51d/build/QADerivedData/Build/Intermediates.noindex/PaperloftHandoff.build/QA/PaperloftHandoff-t.build/Objects-normal/x86_64/PaperloftHandoff.swiftmodule -serialize-diagnostics -dependency-scan-serialize-diagnostics-path /Users/builder/Factory/paperloft/evidence/checkouts/p3-3dfb51d/build/QADerivedData/Build/Intermediates.noindex/PaperloftHandoff.build/QA/PaperloftHandoff-t.build/Objects-normal/x86_64/PaperloftHandoff-dependency-scan.dia -validate-clang-modules-once -clang-build-session-file /Users/builder/Factory/paperloft/evidence/checkouts/p3-3dfb51d/build/QADerivedData/ModuleCache.noindex/Session.modulevalidation -Xcc -fmodules-prune-interval\=86400 -Xcc -fmodules-prune-after\=345600 -package-name paperlofthandoff -emit-const-values -const-gather-protocols-list /Users/builder/Factory/paperloft/evidence/checkouts/p3-3dfb51d/build/QADerivedData/Build/Intermediates.noindex/PaperloftHandoff.build/QA/PaperloftHandoff-t.build/Objects-normal/x86_64/PaperloftHandoff_const_extract_protocols.json -Xcc -I/Users/builder/Factory/paperloft/evidence/checkouts/p3-3dfb51d/build/QADerivedData/Build/Products/QA/include -Xcc -I/Users/builder/Factory/paperloft/evidence/checkouts/p3-3dfb51d/build/QADerivedData/Build/Intermediates.noindex/PaperloftHandoff.build/QA/PaperloftHandoff-t.build/DerivedSources-normal/x86_64 -Xcc -I/Users/builder/Factory/paperloft/evidence/checkouts/p3-3dfb51d/build/QADerivedData/Build/Intermediates.noindex/PaperloftHandoff.build/QA/PaperloftHandoff-t.build/DerivedSources/x86_64 -Xcc -I/Users/builder/Factory/paperloft/evidence/checkouts/p3-3dfb51d/build/QADerivedData/Build/Intermediates.noindex/PaperloftHandoff.build/QA/PaperloftHandoff-t.build/DerivedSources -Xcc -DSWIFT_PACKAGE -emit-objc-header -emit-objc-header-path /Users/builder/Factory/paperloft/evidence/checkouts/p3-3dfb51d/build/QADerivedData/Build/Intermediates.noindex/PaperloftHandoff.build/QA/PaperloftHandoff-t.build/Objects-normal/x86_64/PaperloftHandoff-Swift.h -working-directory /Users/builder/Factory/paperloft/evidence/checkouts/p3-3dfb51d/Paperloft.xcodeproj -no-emit-module-separately-wmo

SwiftDriver\ Compilation PaperloftHandoff normal arm64 com.apple.xcode.tools.swift.compiler (in target 'PaperloftHandoff' from project 'PaperloftHandoff')
    cd /Users/builder/Factory/paperloft/evidence/checkouts/p3-3dfb51d/Paperloft.xcodeproj
    builtin-Swift-Compilation -- /Applications/Xcode.app/Contents/Developer/Toolchains/XcodeDefault.xctoolchain/usr/bin/swiftc -parse-as-library -module-name PaperloftHandoff -O -whole-module-optimization @/Users/builder/Factory/paperloft/evidence/checkouts/p3-3dfb51d/build/QADerivedData/Build/Intermediates.noindex/PaperloftHandoff.build/QA/PaperloftHandoff-t.build/Objects-normal/arm64/PaperloftHandoff.SwiftFileList -DSWIFT_PACKAGE -DSWIFT_MODULE_RESOURCE_BUNDLE_UNAVAILABLE -DXcode -plugin-path /Applications/Xcode.app/Contents/Developer/Toolchains/XcodeDefault.xctoolchain/usr/lib/swift/host/plugins/testing -enable-experimental-feature DebugDescriptionMacro -sdk /Applications/Xcode.app/Contents/Developer/Platforms/MacOSX.platform/Developer/SDKs/MacOSX27.0.sdk -target arm64-apple-macos13.0 -g -module-cache-path /Users/builder/Factory/paperloft/evidence/checkouts/p3-3dfb51d/build/QADerivedData/ModuleCache.noindex -Xfrontend -serialize-debugging-options -profile-coverage-mapping -profile-generate -warnings-as-errors -swift-version 6 -I /Users/builder/Factory/paperloft/evidence/checkouts/p3-3dfb51d/build/QADerivedData/Build/Products/QA -Isystem /Applications/Xcode.app/Contents/Developer/Platforms/MacOSX.platform/Developer/usr/lib -F /Users/builder/Factory/paperloft/evidence/checkouts/p3-3dfb51d/build/QADerivedData/Build/Products/QA -F /Applications/Xcode.app/Contents/Developer/Platforms/MacOSX.platform/Developer/Library/Frameworks -c -num-threads 10 -Xcc -ivfsstatcache -Xcc /Users/builder/Factory/paperloft/evidence/checkouts/p3-3dfb51d/build/QADerivedData/SDKStatCaches.noindex/macosx27.0-26A425-7231f6df4def33e022ae2eb8f782df1a.sdkstatcache -output-file-map /Users/builder/Factory/paperloft/evidence/checkouts/p3-3dfb51d/build/QADerivedData/Build/Intermediates.noindex/PaperloftHandoff.build/QA/PaperloftHandoff-t.build/Objects-normal/arm64/PaperloftHandoff-OutputFileMap.json -save-temps -no-color-diagnostics -explicit-module-build -module-cache-path /Users/builder/Factory/paperloft/evidence/checkouts/p3-3dfb51d/build/QADerivedData/Build/Intermediates.noindex/SwiftExplicitPrecompiledModules -clang-scanner-module-cache-path /Users/builder/Factory/paperloft/evidence/checkouts/p3-3dfb51d/build/QADerivedData/ModuleCache.noindex -sdk-module-cache-path /Users/builder/Factory/paperloft/evidence/checkouts/p3-3dfb51d/build/QADerivedData/SDKExplicitPrecompiledModules -emit-dependencies -emit-module -emit-module-path /Users/builder/Factory/paperloft/evidence/checkouts/p3-3dfb51d/build/QADerivedData/Build/Intermediates.noindex/PaperloftHandoff.build/QA/PaperloftHandoff-t.build/Objects-normal/arm64/PaperloftHandoff.swiftmodule -serialize-diagnostics -dependency-scan-serialize-diagnostics-path /Users/builder/Factory/paperloft/evidence/checkouts/p3-3dfb51d/build/QADerivedData/Build/Intermediates.noindex/PaperloftHandoff.build/QA/PaperloftHandoff-t.build/Objects-normal/arm64/PaperloftHandoff-dependency-scan.dia -validate-clang-modules-once -clang-build-session-file /Users/builder/Factory/paperloft/evidence/checkouts/p3-3dfb51d/build/QADerivedData/ModuleCache.noindex/Session.modulevalidation -Xcc -fmodules-prune-interval\=86400 -Xcc -fmodules-prune-after\=345600 -package-name paperlofthandoff -emit-const-values -const-gather-protocols-list /Users/builder/Factory/paperloft/evidence/checkouts/p3-3dfb51d/build/QADerivedData/Build/Intermediates.noindex/PaperloftHandoff.build/QA/PaperloftHandoff-t.build/Objects-normal/arm64/PaperloftHandoff_const_extract_protocols.json -Xcc -I/Users/builder/Factory/paperloft/evidence/checkouts/p3-3dfb51d/build/QADerivedData/Build/Products/QA/include -Xcc -I/Users/builder/Factory/paperloft/evidence/checkouts/p3-3dfb51d/build/QADerivedData/Build/Intermediates.noindex/PaperloftHandoff.build/QA/PaperloftHandoff-t.build/DerivedSources-normal/arm64 -Xcc -I/Users/builder/Factory/paperloft/evidence/checkouts/p3-3dfb51d/build/QADerivedData/Build/Intermediates.noindex/PaperloftHandoff.build/QA/PaperloftHandoff-t.build/DerivedSources/arm64 -Xcc -I/Users/builder/Factory/paperloft/evidence/checkouts/p3-3dfb51d/build/QADerivedData/Build/Intermediates.noindex/PaperloftHandoff.build/QA/PaperloftHandoff-t.build/DerivedSources -Xcc -DSWIFT_PACKAGE -emit-objc-header -emit-objc-header-path /Users/builder/Factory/paperloft/evidence/checkouts/p3-3dfb51d/build/QADerivedData/Build/Intermediates.noindex/PaperloftHandoff.build/QA/PaperloftHandoff-t.build/Objects-normal/arm64/PaperloftHandoff-Swift.h -working-directory /Users/builder/Factory/paperloft/evidence/checkouts/p3-3dfb51d/Paperloft.xcodeproj -no-emit-module-separately-wmo

SwiftExplicitDependencyGeneratePcm arm64 /Users/builder/Factory/paperloft/evidence/checkouts/p3-3dfb51d/build/QADerivedData/SDKExplicitPrecompiledModules/_Builtin_float-CCITV2NH2J8WF1PLWW6A1P42B.pcm

SwiftExplicitDependencyGeneratePcm arm64 /Users/builder/Factory/paperloft/evidence/checkouts/p3-3dfb51d/build/QADerivedData/SDKExplicitPrecompiledModules/_Builtin_stddef-ASW2T51BKETSKOMGWYR781F2U.pcm

SwiftExplicitDependencyGeneratePcm arm64 /Users/builder/Factory/paperloft/evidence/checkouts/p3-3dfb51d/build/QADerivedData/SDKExplicitPrecompiledModules/_SwiftConcurrencyShims-ESNOW4XAMDRN4S8MB8RFU9I19.pcm

SwiftExplicitDependencyGeneratePcm arm64 /Users/builder/Factory/paperloft/evidence/checkouts/p3-3dfb51d/build/QADerivedData/SDKExplicitPrecompiledModules/_Builtin_stdarg-ASPU44DJ2DEV73DQ55I6LU0GH.pcm

SwiftExplicitDependencyGeneratePcm arm64 /Users/builder/Factory/paperloft/evidence/checkouts/p3-3dfb51d/build/QADerivedData/SDKExplicitPrecompiledModules/SwiftShims-D3AG6IWYVFS4WE7L563L2HG6K.pcm

SwiftExplicitDependencyGeneratePcm arm64 /Users/builder/Factory/paperloft/evidence/checkouts/p3-3dfb51d/build/QADerivedData/SDKExplicitPrecompiledModules/ptrcheck-5TGR67N96PZREA4FU09Q24J6X.pcm

SwiftExplicitDependencyGeneratePcm arm64 /Users/builder/Factory/paperloft/evidence/checkouts/p3-3dfb51d/build/QADerivedData/SDKExplicitPrecompiledModules/_AvailabilityInternal-3NPXLV8ZFDL57SEPB8JN303KN.pcm

SwiftExplicitDependencyGeneratePcm arm64 /Users/builder/Factory/paperloft/evidence/checkouts/p3-3dfb51d/build/QADerivedData/SDKExplicitPrecompiledModules/_Builtin_stdbool-9I12HG84M13PWKIGC0I12AQJ8.pcm

SwiftExplicitDependencyGeneratePcm arm64 /Users/builder/Factory/paperloft/evidence/checkouts/p3-3dfb51d/build/QADerivedData/SDKExplicitPrecompiledModules/ptrauth-21S1N8OEGBES8JF27G0R4TOEN.pcm

SwiftExplicitDependencyGeneratePcm x86_64 /Users/builder/Factory/paperloft/evidence/checkouts/p3-3dfb51d/build/QADerivedData/SDKExplicitPrecompiledModules/ptrauth-5QLBI948WKP3OPVV58L4OK8OV.pcm

SwiftExplicitDependencyGeneratePcm x86_64 /Users/builder/Factory/paperloft/evidence/checkouts/p3-3dfb51d/build/QADerivedData/SDKExplicitPrecompiledModules/_AvailabilityInternal-EH11O4MJ9O1V34FQO1MHFTYJ2.pcm

SwiftExplicitDependencyGeneratePcm x86_64 /Users/builder/Factory/paperloft/evidence/checkouts/p3-3dfb51d/build/QADerivedData/SDKExplicitPrecompiledModules/ptrcheck-3TS1UWR1ZNVNPQ81C97G75P7T.pcm

SwiftExplicitDependencyGeneratePcm x86_64 /Users/builder/Factory/paperloft/evidence/checkouts/p3-3dfb51d/build/QADerivedData/SDKExplicitPrecompiledModules/SwiftShims-EBTB4UMHHLD9KLH2B0GANCFVH.pcm

SwiftExplicitDependencyGeneratePcm x86_64 /Users/builder/Factory/paperloft/evidence/checkouts/p3-3dfb51d/build/QADerivedData/SDKExplicitPrecompiledModules/_SwiftConcurrencyShims-AOWEFQSS5999B8DXBYNKIWUAS.pcm

SwiftExplicitDependencyGeneratePcm x86_64 /Users/builder/Factory/paperloft/evidence/checkouts/p3-3dfb51d/build/QADerivedData/SDKExplicitPrecompiledModules/_Builtin_stdarg-73M2TW4NJB3J4KSB9WOGRPI5J.pcm

SwiftExplicitDependencyGeneratePcm x86_64 /Users/builder/Factory/paperloft/evidence/checkouts/p3-3dfb51d/build/QADerivedData/SDKExplicitPrecompiledModules/_Builtin_float-65D6A3VEP4V4I5DHHYF93QHZE.pcm

SwiftExplicitDependencyGeneratePcm x86_64 /Users/builder/Factory/paperloft/evidence/checkouts/p3-3dfb51d/build/QADerivedData/SDKExplicitPrecompiledModules/_Builtin_stdbool-6LYQYAOVQV4KM7CR17F5J0914.pcm

SwiftExplicitDependencyGeneratePcm arm64 /Users/builder/Factory/paperloft/evidence/checkouts/p3-3dfb51d/build/QADerivedData/SDKExplicitPrecompiledModules/_DarwinFoundation1-DLRNCD67CKMK36JZHWMX3A3HA.pcm

SwiftExplicitDependencyGeneratePcm x86_64 /Users/builder/Factory/paperloft/evidence/checkouts/p3-3dfb51d/build/QADerivedData/SDKExplicitPrecompiledModules/_Builtin_stddef-736BQT0CAIN21X9QRDJXLDSTX.pcm

SwiftDriver\ Compilation PaperloftHandoff normal x86_64 com.apple.xcode.tools.swift.compiler (in target 'PaperloftHandoff' from project 'PaperloftHandoff')
    cd /Users/builder/Factory/paperloft/evidence/checkouts/p3-3dfb51d/Paperloft.xcodeproj
    builtin-Swift-Compilation -- /Applications/Xcode.app/Contents/Developer/Toolchains/XcodeDefault.xctoolchain/usr/bin/swiftc -parse-as-library -module-name PaperloftHandoff -O -whole-module-optimization @/Users/builder/Factory/paperloft/evidence/checkouts/p3-3dfb51d/build/QADerivedData/Build/Intermediates.noindex/PaperloftHandoff.build/QA/PaperloftHandoff-t.build/Objects-normal/x86_64/PaperloftHandoff.SwiftFileList -DSWIFT_PACKAGE -DSWIFT_MODULE_RESOURCE_BUNDLE_UNAVAILABLE -DXcode -plugin-path /Applications/Xcode.app/Contents/Developer/Toolchains/XcodeDefault.xctoolchain/usr/lib/swift/host/plugins/testing -enable-experimental-feature DebugDescriptionMacro -sdk /Applications/Xcode.app/Contents/Developer/Platforms/MacOSX.platform/Developer/SDKs/MacOSX27.0.sdk -target x86_64-apple-macos13.0 -g -module-cache-path /Users/builder/Factory/paperloft/evidence/checkouts/p3-3dfb51d/build/QADerivedData/ModuleCache.noindex -Xfrontend -serialize-debugging-options -profile-coverage-mapping -profile-generate -warnings-as-errors -swift-version 6 -I /Users/builder/Factory/paperloft/evidence/checkouts/p3-3dfb51d/build/QADerivedData/Build/Products/QA -Isystem /Applications/Xcode.app/Contents/Developer/Platforms/MacOSX.platform/Developer/usr/lib -F /Users/builder/Factory/paperloft/evidence/checkouts/p3-3dfb51d/build/QADerivedData/Build/Products/QA -F /Applications/Xcode.app/Contents/Developer/Platforms/MacOSX.platform/Developer/Library/Frameworks -c -num-threads 10 -Xcc -ivfsstatcache -Xcc /Users/builder/Factory/paperloft/evidence/checkouts/p3-3dfb51d/build/QADerivedData/SDKStatCaches.noindex/macosx27.0-26A425-7231f6df4def33e022ae2eb8f782df1a.sdkstatcache -output-file-map /Users/builder/Factory/paperloft/evidence/checkouts/p3-3dfb51d/build/QADerivedData/Build/Intermediates.noindex/PaperloftHandoff.build/QA/PaperloftHandoff-t.build/Objects-normal/x86_64/PaperloftHandoff-OutputFileMap.json -save-temps -no-color-diagnostics -explicit-module-build -module-cache-path /Users/builder/Factory/paperloft/evidence/checkouts/p3-3dfb51d/build/QADerivedData/Build/Intermediates.noindex/SwiftExplicitPrecompiledModules -clang-scanner-module-cache-path /Users/builder/Factory/paperloft/evidence/checkouts/p3-3dfb51d/build/QADerivedData/ModuleCache.noindex -sdk-module-cache-path /Users/builder/Factory/paperloft/evidence/checkouts/p3-3dfb51d/build/QADerivedData/SDKExplicitPrecompiledModules -emit-dependencies -emit-module -emit-module-path /Users/builder/Factory/paperloft/evidence/checkouts/p3-3dfb51d/build/QADerivedData/Build/Intermediates.noindex/PaperloftHandoff.build/QA/PaperloftHandoff-t.build/Objects-normal/x86_64/PaperloftHandoff.swiftmodule -serialize-diagnostics -dependency-scan-serialize-diagnostics-path /Users/builder/Factory/paperloft/evidence/checkouts/p3-3dfb51d/build/QADerivedData/Build/Intermediates.noindex/PaperloftHandoff.build/QA/PaperloftHandoff-t.build/Objects-normal/x86_64/PaperloftHandoff-dependency-scan.dia -validate-clang-modules-once -clang-build-session-file /Users/builder/Factory/paperloft/evidence/checkouts/p3-3dfb51d/build/QADerivedData/ModuleCache.noindex/Session.modulevalidation -Xcc -fmodules-prune-interval\=86400 -Xcc -fmodules-prune-after\=345600 -package-name paperlofthandoff -emit-const-values -const-gather-protocols-list /Users/builder/Factory/paperloft/evidence/checkouts/p3-3dfb51d/build/QADerivedData/Build/Intermediates.noindex/PaperloftHandoff.build/QA/PaperloftHandoff-t.build/Objects-normal/x86_64/PaperloftHandoff_const_extract_protocols.json -Xcc -I/Users/builder/Factory/paperloft/evidence/checkouts/p3-3dfb51d/build/QADerivedData/Build/Products/QA/include -Xcc -I/Users/builder/Factory/paperloft/evidence/checkouts/p3-3dfb51d/build/QADerivedData/Build/Intermediates.noindex/PaperloftHandoff.build/QA/PaperloftHandoff-t.build/DerivedSources-normal/x86_64 -Xcc -I/Users/builder/Factory/paperloft/evidence/checkouts/p3-3dfb51d/build/QADerivedData/Build/Intermediates.noindex/PaperloftHandoff.build/QA/PaperloftHandoff-t.build/DerivedSources/x86_64 -Xcc -I/Users/builder/Factory/paperloft/evidence/checkouts/p3-3dfb51d/build/QADerivedData/Build/Intermediates.noindex/PaperloftHandoff.build/QA/PaperloftHandoff-t.build/DerivedSources -Xcc -DSWIFT_PACKAGE -emit-objc-header -emit-objc-header-path /Users/builder/Factory/paperloft/evidence/checkouts/p3-3dfb51d/build/QADerivedData/Build/Intermediates.noindex/PaperloftHandoff.build/QA/PaperloftHandoff-t.build/Objects-normal/x86_64/PaperloftHandoff-Swift.h -working-directory /Users/builder/Factory/paperloft/evidence/checkouts/p3-3dfb51d/Paperloft.xcodeproj -no-emit-module-separately-wmo

SwiftExplicitDependencyGeneratePcm x86_64 /Users/builder/Factory/paperloft/evidence/checkouts/p3-3dfb51d/build/QADerivedData/SDKExplicitPrecompiledModules/_DarwinFoundation1-5MKVIRGMSWG01U2OFBWKOI77X.pcm

SwiftExplicitDependencyGeneratePcm arm64 /Users/builder/Factory/paperloft/evidence/checkouts/p3-3dfb51d/build/QADerivedData/SDKExplicitPrecompiledModules/_DarwinFoundation2-7A2ANUUWCSH5IRAM4J2PXML9K.pcm

SwiftExplicitDependencyGeneratePcm arm64 /Users/builder/Factory/paperloft/evidence/checkouts/p3-3dfb51d/build/QADerivedData/SDKExplicitPrecompiledModules/_Builtin_limits-E2VTEP91LWS74Q0536W072MZV.pcm

SwiftExplicitDependencyGeneratePcm x86_64 /Users/builder/Factory/paperloft/evidence/checkouts/p3-3dfb51d/build/QADerivedData/SDKExplicitPrecompiledModules/_Builtin_limits-66FTLHD34E1LBZRH6B814X4AI.pcm

SwiftExplicitDependencyGeneratePcm x86_64 /Users/builder/Factory/paperloft/evidence/checkouts/p3-3dfb51d/build/QADerivedData/SDKExplicitPrecompiledModules/_DarwinFoundation2-8ILEK54G20A2QGB6A7KWMDYQH.pcm

SwiftDriver\ Compilation PaperloftKit normal arm64 com.apple.xcode.tools.swift.compiler (in target 'PaperloftKit' from project 'PaperloftKit')
    cd /Users/builder/Factory/paperloft/evidence/checkouts/p3-3dfb51d/Paperloft.xcodeproj
    builtin-Swift-Compilation -- /Applications/Xcode.app/Contents/Developer/Toolchains/XcodeDefault.xctoolchain/usr/bin/swiftc -parse-as-library -module-name PaperloftKit -O -whole-module-optimization @/Users/builder/Factory/paperloft/evidence/checkouts/p3-3dfb51d/build/QADerivedData/Build/Intermediates.noindex/PaperloftKit.build/QA/PaperloftKit-t.build/Objects-normal/arm64/PaperloftKit.SwiftFileList -DSWIFT_PACKAGE -DSWIFT_MODULE_RESOURCE_BUNDLE_UNAVAILABLE -DXcode -plugin-path /Applications/Xcode.app/Contents/Developer/Toolchains/XcodeDefault.xctoolchain/usr/lib/swift/host/plugins/testing -enable-experimental-feature DebugDescriptionMacro -sdk /Applications/Xcode.app/Contents/Developer/Platforms/MacOSX.platform/Developer/SDKs/MacOSX27.0.sdk -target arm64-apple-macos27.0 -g -module-cache-path /Users/builder/Factory/paperloft/evidence/checkouts/p3-3dfb51d/build/QADerivedData/ModuleCache.noindex -Xfrontend -serialize-debugging-options -profile-coverage-mapping -profile-generate -warnings-as-errors -swift-version 6 -I /Users/builder/Factory/paperloft/evidence/checkouts/p3-3dfb51d/build/QADerivedData/Build/Products/QA -Isystem /Applications/Xcode.app/Contents/Developer/Platforms/MacOSX.platform/Developer/usr/lib -F /Users/builder/Factory/paperloft/evidence/checkouts/p3-3dfb51d/build/QADerivedData/Build/Products/QA -F /Applications/Xcode.app/Contents/Developer/Platforms/MacOSX.platform/Developer/Library/Frameworks -c -num-threads 10 -Xcc -ivfsstatcache -Xcc /Users/builder/Factory/paperloft/evidence/checkouts/p3-3dfb51d/build/QADerivedData/SDKStatCaches.noindex/macosx27.0-26A425-7231f6df4def33e022ae2eb8f782df1a.sdkstatcache -output-file-map /Users/builder/Factory/paperloft/evidence/checkouts/p3-3dfb51d/build/QADerivedData/Build/Intermediates.noindex/PaperloftKit.build/QA/PaperloftKit-t.build/Objects-normal/arm64/PaperloftKit-OutputFileMap.json -save-temps -no-color-diagnostics -explicit-module-build -module-cache-path /Users/builder/Factory/paperloft/evidence/checkouts/p3-3dfb51d/build/QADerivedData/Build/Intermediates.noindex/SwiftExplicitPrecompiledModules -clang-scanner-module-cache-path /Users/builder/Factory/paperloft/evidence/checkouts/p3-3dfb51d/build/QADerivedData/ModuleCache.noindex -sdk-module-cache-path /Users/builder/Factory/paperloft/evidence/checkouts/p3-3dfb51d/build/QADerivedData/SDKExplicitPrecompiledModules -emit-dependencies -emit-module -emit-module-path /Users/builder/Factory/paperloft/evidence/checkouts/p3-3dfb51d/build/QADerivedData/Build/Intermediates.noindex/PaperloftKit.build/QA/PaperloftKit-t.build/Objects-normal/arm64/PaperloftKit.swiftmodule -serialize-diagnostics -dependency-scan-serialize-diagnostics-path /Users/builder/Factory/paperloft/evidence/checkouts/p3-3dfb51d/build/QADerivedData/Build/Intermediates.noindex/PaperloftKit.build/QA/PaperloftKit-t.build/Objects-normal/arm64/PaperloftKit-dependency-scan.dia -validate-clang-modules-once -clang-build-session-file /Users/builder/Factory/paperloft/evidence/checkouts/p3-3dfb51d/build/QADerivedData/ModuleCache.noindex/Session.modulevalidation -Xcc -fmodules-prune-interval\=86400 -Xcc -fmodules-prune-after\=345600 -package-name paperloftkit -emit-const-values -const-gather-protocols-list /Users/builder/Factory/paperloft/evidence/checkouts/p3-3dfb51d/build/QADerivedData/Build/Intermediates.noindex/PaperloftKit.build/QA/PaperloftKit-t.build/Objects-normal/arm64/PaperloftKit_const_extract_protocols.json -Xcc -I/Users/builder/Factory/paperloft/evidence/checkouts/p3-3dfb51d/build/QADerivedData/Build/Products/QA/include -Xcc -I/Users/builder/Factory/paperloft/evidence/checkouts/p3-3dfb51d/build/QADerivedData/Build/Intermediates.noindex/PaperloftKit.build/QA/PaperloftKit-t.build/DerivedSources-normal/arm64 -Xcc -I/Users/builder/Factory/paperloft/evidence/checkouts/p3-3dfb51d/build/QADerivedData/Build/Intermediates.noindex/PaperloftKit.build/QA/PaperloftKit-t.build/DerivedSources/arm64 -Xcc -I/Users/builder/Factory/paperloft/evidence/checkouts/p3-3dfb51d/build/QADerivedData/Build/Intermediates.noindex/PaperloftKit.build/QA/PaperloftKit-t.build/DerivedSources -Xcc -DSWIFT_PACKAGE -emit-objc-header -emit-objc-header-path /Users/builder/Factory/paperloft/evidence/checkouts/p3-3dfb51d/build/QADerivedData/Build/Intermediates.noindex/PaperloftKit.build/QA/PaperloftKit-t.build/Objects-normal/arm64/PaperloftKit-Swift.h -working-directory /Users/builder/Factory/paperloft/evidence/checkouts/p3-3dfb51d/Paperloft.xcodeproj -no-emit-module-separately-wmo

SwiftExplicitDependencyGeneratePcm arm64 /Users/builder/Factory/paperloft/evidence/checkouts/p3-3dfb51d/build/QADerivedData/SDKExplicitPrecompiledModules/_DarwinFoundation2-7A2ANUUWCSH5IRAM4J2PXML9K.pcm

SwiftExplicitDependencyGeneratePcm arm64 /Users/builder/Factory/paperloft/evidence/checkouts/p3-3dfb51d/build/QADerivedData/SDKExplicitPrecompiledModules/_Builtin_limits-E2VTEP91LWS74Q0536W072MZV.pcm

SwiftExplicitDependencyGeneratePcm arm64 /Users/builder/Factory/paperloft/evidence/checkouts/p3-3dfb51d/build/QADerivedData/SDKExplicitPrecompiledModules/DeveloperToolsSupport-F1DEG2FE99UPLMFF73J7IMMCE.pcm

SwiftExplicitDependencyGeneratePcm arm64 /Users/builder/Factory/paperloft/evidence/checkouts/p3-3dfb51d/build/QADerivedData/SDKExplicitPrecompiledModules/_Builtin_stdint-6AMCALFWZRHM6E0KOY4J39LT2.pcm

SwiftExplicitDependencyGeneratePcm arm64 /Users/builder/Factory/paperloft/evidence/checkouts/p3-3dfb51d/build/QADerivedData/SDKExplicitPrecompiledModules/sys_types-9N7A8MH73CN1Q4CCTVHF3UQKW.pcm

SwiftExplicitDependencyGeneratePcm arm64 /Users/builder/Factory/paperloft/evidence/checkouts/p3-3dfb51d/build/QADerivedData/SDKExplicitPrecompiledModules/string_h-4YU4OY8DCBEWLJQC85YB3SB1R.pcm

SwiftExplicitDependencyGeneratePcm x86_64 /Users/builder/Factory/paperloft/evidence/checkouts/p3-3dfb51d/build/QADerivedData/SDKExplicitPrecompiledModules/sys_types-3OCHJRBGV02R33Y93B8A9A57D.pcm

SwiftExplicitDependencyGeneratePcm x86_64 /Users/builder/Factory/paperloft/evidence/checkouts/p3-3dfb51d/build/QADerivedData/SDKExplicitPrecompiledModules/_Builtin_stdint-A744ELVOJ9RT4TWUKMC4CY3WR.pcm

SwiftExplicitDependencyGeneratePcm x86_64 /Users/builder/Factory/paperloft/evidence/checkouts/p3-3dfb51d/build/QADerivedData/SDKExplicitPrecompiledModules/string_h-1QNMNJ2O8MZDXQBQJ1RHA8W1G.pcm

SwiftExplicitDependencyGeneratePcm arm64 /Users/builder/Factory/paperloft/evidence/checkouts/p3-3dfb51d/build/QADerivedData/SDKExplicitPrecompiledModules/libDER-421RYU1OTVOA635BJ1C8U9X5X.pcm

SwiftExplicitDependencyGeneratePcm arm64 /Users/builder/Factory/paperloft/evidence/checkouts/p3-3dfb51d/build/QADerivedData/SDKExplicitPrecompiledModules/_DarwinFoundation3-96M0UNRTK15EOCCXQA7CZMBT7.pcm

SwiftExplicitDependencyGeneratePcm x86_64 /Users/builder/Factory/paperloft/evidence/checkouts/p3-3dfb51d/build/QADerivedData/SDKExplicitPrecompiledModules/libDER-DKUEYXKBAKPC98YG44GNIKUTD.pcm

SwiftExplicitDependencyGeneratePcm x86_64 /Users/builder/Factory/paperloft/evidence/checkouts/p3-3dfb51d/build/QADerivedData/SDKExplicitPrecompiledModules/_DarwinFoundation3-EIFOXGSU5TL0LK3ANXC71L81Z.pcm

SwiftExplicitDependencyGeneratePcm arm64 /Users/builder/Factory/paperloft/evidence/checkouts/p3-3dfb51d/build/QADerivedData/SDKExplicitPrecompiledModules/_Builtin_stdint-6AMCALFWZRHM6E0KOY4J39LT2.pcm

SwiftExplicitDependencyGeneratePcm arm64 /Users/builder/Factory/paperloft/evidence/checkouts/p3-3dfb51d/build/QADerivedData/SDKExplicitPrecompiledModules/_Builtin_tgmath-AOPPCKVMUEFF7GJ298YMCJ2LD.pcm

SwiftExplicitDependencyGeneratePcm arm64 /Users/builder/Factory/paperloft/evidence/checkouts/p3-3dfb51d/build/QADerivedData/SDKExplicitPrecompiledModules/sys_types-9N7A8MH73CN1Q4CCTVHF3UQKW.pcm

SwiftExplicitDependencyGeneratePcm arm64 /Users/builder/Factory/paperloft/evidence/checkouts/p3-3dfb51d/build/QADerivedData/SDKExplicitPrecompiledModules/string_h-4YU4OY8DCBEWLJQC85YB3SB1R.pcm

SwiftExplicitDependencyGeneratePcm arm64 /Users/builder/Factory/paperloft/evidence/checkouts/p3-3dfb51d/build/QADerivedData/SDKExplicitPrecompiledModules/_Builtin_stdatomic-7YUQ5LUQCXTYD56B65SJN2GZ.pcm

SwiftExplicitDependencyGeneratePcm arm64 /Users/builder/Factory/paperloft/evidence/checkouts/p3-3dfb51d/build/QADerivedData/SDKExplicitPrecompiledModules/_DarwinFoundation3-96M0UNRTK15EOCCXQA7CZMBT7.pcm

SwiftExplicitDependencyGeneratePcm arm64 /Users/builder/Factory/paperloft/evidence/checkouts/p3-3dfb51d/build/QADerivedData/SDKExplicitPrecompiledModules/_Builtin_intrinsics-77F8LX96FLNDJQMW8Y9UUFGWC.pcm

SwiftExplicitDependencyGeneratePcm arm64 /Users/builder/Factory/paperloft/evidence/checkouts/p3-3dfb51d/build/QADerivedData/SDKExplicitPrecompiledModules/libDER-421RYU1OTVOA635BJ1C8U9X5X.pcm

SwiftExplicitDependencyGeneratePcm arm64 /Users/builder/Factory/paperloft/evidence/checkouts/p3-3dfb51d/build/QADerivedData/SDKExplicitPrecompiledModules/_Builtin_inttypes-BGFTREOPP2M0Y9UUN7BES8C9J.pcm

SwiftExplicitDependencyGeneratePcm x86_64 /Users/builder/Factory/paperloft/evidence/checkouts/p3-3dfb51d/build/QADerivedData/SDKExplicitPrecompiledModules/_Builtin_intrinsics-4G1R54YRM9VAF75M35AKC8OO.pcm

SwiftExplicitDependencyGeneratePcm x86_64 /Users/builder/Factory/paperloft/evidence/checkouts/p3-3dfb51d/build/QADerivedData/SDKExplicitPrecompiledModules/_Builtin_inttypes-7A6X29UAIKD9LMPQFIG55X7EA.pcm

SwiftExplicitDependencyGeneratePcm arm64 /Users/builder/Factory/paperloft/evidence/checkouts/p3-3dfb51d/build/QADerivedData/SDKExplicitPrecompiledModules/Darwin-CO9NB3I2CIBSQ89X8QZV0J497.pcm

SwiftExplicitDependencyGeneratePcm x86_64 /Users/builder/Factory/paperloft/evidence/checkouts/p3-3dfb51d/build/QADerivedData/SDKExplicitPrecompiledModules/Darwin-FW4P28GGVUJISLIPX1R1KAVF.pcm

SwiftExplicitDependencyGeneratePcm arm64 /Users/builder/Factory/paperloft/evidence/checkouts/p3-3dfb51d/build/QADerivedData/SDKExplicitPrecompiledModules/_Builtin_inttypes-BGFTREOPP2M0Y9UUN7BES8C9J.pcm

SwiftExplicitDependencyGeneratePcm arm64 /Users/builder/Factory/paperloft/evidence/checkouts/p3-3dfb51d/build/QADerivedData/SDKExplicitPrecompiledModules/Darwin-CO9NB3I2CIBSQ89X8QZV0J497.pcm

SwiftExplicitDependencyGeneratePcm arm64 /Users/builder/Factory/paperloft/evidence/checkouts/p3-3dfb51d/build/QADerivedData/SDKExplicitPrecompiledModules/simd-DNZGXM6IJ9VE1POFL7QUJZ5WO.pcm

SwiftExplicitDependencyGeneratePcm arm64 /Users/builder/Factory/paperloft/evidence/checkouts/p3-3dfb51d/build/QADerivedData/SDKExplicitPrecompiledModules/libkern-6BQE1MIEMV9D0TZJRUMPS126T.pcm

SwiftExplicitDependencyGeneratePcm arm64 /Users/builder/Factory/paperloft/evidence/checkouts/p3-3dfb51d/build/QADerivedData/SDKExplicitPrecompiledModules/launch-BUHMKSGKT46L2KTJTIA22HLU.pcm

SwiftExplicitDependencyGeneratePcm arm64 /Users/builder/Factory/paperloft/evidence/checkouts/p3-3dfb51d/build/QADerivedData/SDKExplicitPrecompiledModules/MachO-2NWQN4B533KVMH3APX5H2ZIUJ.pcm

SwiftExplicitDependencyGeneratePcm x86_64 /Users/builder/Factory/paperloft/evidence/checkouts/p3-3dfb51d/build/QADerivedData/SDKExplicitPrecompiledModules/MachO-1OPYEK9HBSAW7S3LGWE9CQDL0.pcm

SwiftExplicitDependencyGeneratePcm x86_64 /Users/builder/Factory/paperloft/evidence/checkouts/p3-3dfb51d/build/QADerivedData/SDKExplicitPrecompiledModules/launch-W43A5PFYQLNKJKHVL4ZSR45V.pcm

SwiftExplicitDependencyGeneratePcm x86_64 /Users/builder/Factory/paperloft/evidence/checkouts/p3-3dfb51d/build/QADerivedData/SDKExplicitPrecompiledModules/libkern-1JWFDI5PEYW653Q0M937ZW6TJ.pcm

SwiftExplicitDependencyGeneratePcm arm64 /Users/builder/Factory/paperloft/evidence/checkouts/p3-3dfb51d/build/QADerivedData/SDKExplicitPrecompiledModules/ObjectiveC-44LSTGR837WS09D4FYCWE7PMP.pcm

SwiftExplicitDependencyGeneratePcm x86_64 /Users/builder/Factory/paperloft/evidence/checkouts/p3-3dfb51d/build/QADerivedData/SDKExplicitPrecompiledModules/ObjectiveC-4K18OVK9ZPGT8CGCR7QCBWVXG.pcm

SwiftExplicitDependencyGeneratePcm arm64 /Users/builder/Factory/paperloft/evidence/checkouts/p3-3dfb51d/build/QADerivedData/SDKExplicitPrecompiledModules/launch-BUHMKSGKT46L2KTJTIA22HLU.pcm

SwiftExplicitDependencyGeneratePcm arm64 /Users/builder/Factory/paperloft/evidence/checkouts/p3-3dfb51d/build/QADerivedData/SDKExplicitPrecompiledModules/Compression-6VZQ4WZVCQG0O982E8CIND85A.pcm

SwiftExplicitDependencyGeneratePcm arm64 /Users/builder/Factory/paperloft/evidence/checkouts/p3-3dfb51d/build/QADerivedData/SDKExplicitPrecompiledModules/libkern-6BQE1MIEMV9D0TZJRUMPS126T.pcm

SwiftExplicitDependencyGeneratePcm arm64 /Users/builder/Factory/paperloft/evidence/checkouts/p3-3dfb51d/build/QADerivedData/SDKExplicitPrecompiledModules/MachO-2NWQN4B533KVMH3APX5H2ZIUJ.pcm

SwiftExplicitDependencyGeneratePcm arm64 /Users/builder/Factory/paperloft/evidence/checkouts/p3-3dfb51d/build/QADerivedData/SDKExplicitPrecompiledModules/CUPS-6VQJGTH33ME20BU3KWWGLRBAB.pcm

SwiftExplicitDependencyGeneratePcm x86_64 /Users/builder/Factory/paperloft/evidence/checkouts/p3-3dfb51d/build/QADerivedData/SDKExplicitPrecompiledModules/os_object-NP0GSK0FUZULCJUIQ0E3HLY7.pcm

SwiftExplicitDependencyGeneratePcm arm64 /Users/builder/Factory/paperloft/evidence/checkouts/p3-3dfb51d/build/QADerivedData/SDKExplicitPrecompiledModules/os_object-47QSAM4S6QR78ZDDRFP4Y9D0A.pcm

SwiftExplicitDependencyGeneratePcm arm64 /Users/builder/Factory/paperloft/evidence/checkouts/p3-3dfb51d/build/QADerivedData/SDKExplicitPrecompiledModules/ObjectiveC-44LSTGR837WS09D4FYCWE7PMP.pcm

SwiftExplicitDependencyGeneratePcm arm64 /Users/builder/Factory/paperloft/evidence/checkouts/p3-3dfb51d/build/QADerivedData/SDKExplicitPrecompiledModules/Spatial-5DKXI55N0AY72H9WVBTDCKUWT.pcm

SwiftExplicitDependencyGeneratePcm x86_64 /Users/builder/Factory/paperloft/evidence/checkouts/p3-3dfb51d/build/QADerivedData/SDKExplicitPrecompiledModules/os_workgroup-7PQSXSUHBKDFB902ROV6E6LRA.pcm

SwiftExplicitDependencyGeneratePcm arm64 /Users/builder/Factory/paperloft/evidence/checkouts/p3-3dfb51d/build/QADerivedData/SDKExplicitPrecompiledModules/os_workgroup-43AEMPYYZUHCMW4R0XJN0PJIU.pcm

SwiftExplicitDependencyGeneratePcm arm64 /Users/builder/Factory/paperloft/evidence/checkouts/p3-3dfb51d/build/QADerivedData/SDKExplicitPrecompiledModules/os_object-47QSAM4S6QR78ZDDRFP4Y9D0A.pcm

SwiftExplicitDependencyGeneratePcm x86_64 /Users/builder/Factory/paperloft/evidence/checkouts/p3-3dfb51d/build/QADerivedData/SDKExplicitPrecompiledModules/Dispatch-9H0CVU0ZNLECR5UVP7PGTOZ2A.pcm

SwiftExplicitDependencyGeneratePcm arm64 /Users/builder/Factory/paperloft/evidence/checkouts/p3-3dfb51d/build/QADerivedData/SDKExplicitPrecompiledModules/Dispatch-8JXZ0FXA7S8C9PIHAMF3T7SNY.pcm

SwiftExplicitDependencyGeneratePcm arm64 /Users/builder/Factory/paperloft/evidence/checkouts/p3-3dfb51d/build/QADerivedData/SDKExplicitPrecompiledModules/os_workgroup-43AEMPYYZUHCMW4R0XJN0PJIU.pcm

SwiftExplicitDependencyGeneratePcm x86_64 /Users/builder/Factory/paperloft/evidence/checkouts/p3-3dfb51d/build/QADerivedData/SDKExplicitPrecompiledModules/CoreFoundation-8G97I51QZSEGQMY1EG8NRWNSO.pcm

SwiftExplicitDependencyGeneratePcm x86_64 /Users/builder/Factory/paperloft/evidence/checkouts/p3-3dfb51d/build/QADerivedData/SDKExplicitPrecompiledModules/XPC-9SKMW6V3HXC8P97C6UZ2C05BX.pcm

SwiftExplicitDependencyGeneratePcm arm64 /Users/builder/Factory/paperloft/evidence/checkouts/p3-3dfb51d/build/QADerivedData/SDKExplicitPrecompiledModules/CoreFoundation-NLHWP1ZGR087QXOJ3ID17ADQ.pcm

SwiftExplicitDependencyGeneratePcm arm64 /Users/builder/Factory/paperloft/evidence/checkouts/p3-3dfb51d/build/QADerivedData/SDKExplicitPrecompiledModules/XPC-4754LZJ85JFXGU4ABO8IXS1PT.pcm

SwiftExplicitDependencyGeneratePcm arm64 /Users/builder/Factory/paperloft/evidence/checkouts/p3-3dfb51d/build/QADerivedData/SDKExplicitPrecompiledModules/Dispatch-8JXZ0FXA7S8C9PIHAMF3T7SNY.pcm

SwiftExplicitDependencyGeneratePcm arm64 /Users/builder/Factory/paperloft/evidence/checkouts/p3-3dfb51d/build/QADerivedData/SDKExplicitPrecompiledModules/CoreFoundation-NLHWP1ZGR087QXOJ3ID17ADQ.pcm

SwiftExplicitDependencyGeneratePcm arm64 /Users/builder/Factory/paperloft/evidence/checkouts/p3-3dfb51d/build/QADerivedData/SDKExplicitPrecompiledModules/XPC-4754LZJ85JFXGU4ABO8IXS1PT.pcm

SwiftExplicitDependencyGeneratePcm x86_64 /Users/builder/Factory/paperloft/evidence/checkouts/p3-3dfb51d/build/QADerivedData/SDKExplicitPrecompiledModules/Security-AMGUKI9MVX5C8CJ2EZG4YD968.pcm

SwiftExplicitDependencyGeneratePcm x86_64 /Users/builder/Factory/paperloft/evidence/checkouts/p3-3dfb51d/build/QADerivedData/SDKExplicitPrecompiledModules/IOKit-5WCQXKQR12BVAOEAD8EJSCC8T.pcm

SwiftExplicitDependencyGeneratePcm x86_64 /Users/builder/Factory/paperloft/evidence/checkouts/p3-3dfb51d/build/QADerivedData/SDKExplicitPrecompiledModules/CFNetwork-BMQ8DI415LLY5833PS6ZD6SHU.pcm

SwiftExplicitDependencyGeneratePcm arm64 /Users/builder/Factory/paperloft/evidence/checkouts/p3-3dfb51d/build/QADerivedData/SDKExplicitPrecompiledModules/IOKit-EIIT956B6KRDHCBWVST8QTCMV.pcm

SwiftExplicitDependencyGeneratePcm arm64 /Users/builder/Factory/paperloft/evidence/checkouts/p3-3dfb51d/build/QADerivedData/SDKExplicitPrecompiledModules/CFNetwork-1F3HAOTZZFGN4YMS0W56QHZLD.pcm

SwiftExplicitDependencyGeneratePcm arm64 /Users/builder/Factory/paperloft/evidence/checkouts/p3-3dfb51d/build/QADerivedData/SDKExplicitPrecompiledModules/Security-58UW5YXDK4FH5WQ6DIYOQUE0N.pcm

SwiftExplicitDependencyGeneratePcm arm64 /Users/builder/Factory/paperloft/evidence/checkouts/p3-3dfb51d/build/QADerivedData/SDKExplicitPrecompiledModules/os-8ILQ6BNYTGYW63JDHSWHWND2P.pcm

SwiftExplicitDependencyGeneratePcm arm64 /Users/builder/Factory/paperloft/evidence/checkouts/p3-3dfb51d/build/QADerivedData/SDKExplicitPrecompiledModules/ColorSync-DGWVRMMYSFR5VK65NHN4P4ZM4.pcm

SwiftExplicitDependencyGeneratePcm arm64 /Users/builder/Factory/paperloft/evidence/checkouts/p3-3dfb51d/build/QADerivedData/SDKExplicitPrecompiledModules/CFNetwork-1F3HAOTZZFGN4YMS0W56QHZLD.pcm

SwiftExplicitDependencyGeneratePcm arm64 /Users/builder/Factory/paperloft/evidence/checkouts/p3-3dfb51d/build/QADerivedData/SDKExplicitPrecompiledModules/Security-58UW5YXDK4FH5WQ6DIYOQUE0N.pcm

SwiftExplicitDependencyGeneratePcm arm64 /Users/builder/Factory/paperloft/evidence/checkouts/p3-3dfb51d/build/QADerivedData/SDKExplicitPrecompiledModules/CoreAudioTypes-1W8YT8V71TZ6XAOW8Y0HOU5K6.pcm

SwiftExplicitDependencyGeneratePcm arm64 /Users/builder/Factory/paperloft/evidence/checkouts/p3-3dfb51d/build/QADerivedData/SDKExplicitPrecompiledModules/IOKit-EIIT956B6KRDHCBWVST8QTCMV.pcm

SwiftExplicitDependencyGeneratePcm x86_64 /Users/builder/Factory/paperloft/evidence/checkouts/p3-3dfb51d/build/QADerivedData/SDKExplicitPrecompiledModules/DiskArbitration-9J9E5ZKS0K8ANX4RA7U83KOYJ.pcm

SwiftExplicitDependencyGeneratePcm arm64 /Users/builder/Factory/paperloft/evidence/checkouts/p3-3dfb51d/build/QADerivedData/SDKExplicitPrecompiledModules/DiskArbitration-843JMSIETNXUV2B08DLKOJZQ7.pcm

SwiftExplicitDependencyGeneratePcm x86_64 /Users/builder/Factory/paperloft/evidence/checkouts/p3-3dfb51d/build/QADerivedData/SDKExplicitPrecompiledModules/CoreServices-E76UYEWFS7OBNZVKOMG6ZSP78.pcm

SwiftExplicitDependencyGeneratePcm arm64 /Users/builder/Factory/paperloft/evidence/checkouts/p3-3dfb51d/build/QADerivedData/SDKExplicitPrecompiledModules/CoreServices-ECQSSQWCP8PNSQIH4WOSETOIA.pcm

SwiftExplicitDependencyGeneratePcm arm64 /Users/builder/Factory/paperloft/evidence/checkouts/p3-3dfb51d/build/QADerivedData/SDKExplicitPrecompiledModules/DiskArbitration-843JMSIETNXUV2B08DLKOJZQ7.pcm

SwiftExplicitDependencyGeneratePcm arm64 /Users/builder/Factory/paperloft/evidence/checkouts/p3-3dfb51d/build/QADerivedData/SDKExplicitPrecompiledModules/CoreGraphics-10XW4M8GY6WGU3EM9YWCQ2BS2.pcm

SwiftExplicitDependencyGeneratePcm arm64 /Users/builder/Factory/paperloft/evidence/checkouts/p3-3dfb51d/build/QADerivedData/SDKExplicitPrecompiledModules/CoreServices-ECQSSQWCP8PNSQIH4WOSETOIA.pcm

SwiftExplicitDependencyGeneratePcm arm64 /Users/builder/Factory/paperloft/evidence/checkouts/p3-3dfb51d/build/QADerivedData/SDKExplicitPrecompiledModules/CoreText-679L88IOISZAB5BSY1XP970JO.pcm

SwiftExplicitDependencyGeneratePcm arm64 /Users/builder/Factory/paperloft/evidence/checkouts/p3-3dfb51d/build/QADerivedData/SDKExplicitPrecompiledModules/ImageIO-7T3RD8GD30LC10SHCQP2C3QBU.pcm

SwiftExplicitDependencyGeneratePcm x86_64 /Users/builder/Factory/paperloft/evidence/checkouts/p3-3dfb51d/build/QADerivedData/SDKExplicitPrecompiledModules/Foundation-BE2Z8NMCQSXS3N6HXXR1206MO.pcm

SwiftExplicitDependencyGeneratePcm arm64 /Users/builder/Factory/paperloft/evidence/checkouts/p3-3dfb51d/build/QADerivedData/SDKExplicitPrecompiledModules/Foundation-465NQSQ6HR2DLO1RCHBZ2MSC8.pcm

SwiftExplicitDependencyGeneratePcm arm64 /Users/builder/Factory/paperloft/evidence/checkouts/p3-3dfb51d/build/QADerivedData/SDKExplicitPrecompiledModules/Foundation-465NQSQ6HR2DLO1RCHBZ2MSC8.pcm

SwiftCompile normal x86_64 Compiling\ HandoffConsumerLease.swift,\ HandoffFileCopy.swift,\ HandoffStore.swift /Users/builder/Factory/paperloft/evidence/checkouts/p3-3dfb51d/Packages/PaperloftHandoff/Sources/PaperloftHandoff/HandoffConsumerLease.swift /Users/builder/Factory/paperloft/evidence/checkouts/p3-3dfb51d/Packages/PaperloftHandoff/Sources/PaperloftHandoff/HandoffFileCopy.swift /Users/builder/Factory/paperloft/evidence/checkouts/p3-3dfb51d/Packages/PaperloftHandoff/Sources/PaperloftHandoff/HandoffStore.swift /Applications/Xcode.app/Contents/Developer/Toolchains/XcodeDefault.xctoolchain/usr/lib/swift/macosx/prebuilt-modules/27.0/_Builtin_float.swiftmodule/x86_64-apple-macos.swiftmodule /Applications/Xcode.app/Contents/Developer/Toolchains/XcodeDefault.xctoolchain/usr/lib/swift/macosx/prebuilt-modules/27.0/XPC.swiftmodule/x86_64-apple-macos.swiftmodule /Applications/Xcode.app/Contents/Developer/Toolchains/XcodeDefault.xctoolchain/usr/lib/swift/macosx/prebuilt-modules/27.0/Foundation.swiftmodule/x86_64-apple-macos.swiftmodule /Applications/Xcode.app/Contents/Developer/Toolchains/XcodeDefault.xctoolchain/usr/lib/swift/macosx/prebuilt-modules/27.0/_DarwinFoundation1.swiftmodule/x86_64-apple-macos.swiftmodule /Applications/Xcode.app/Contents/Developer/Toolchains/XcodeDefault.xctoolchain/usr/lib/swift/macosx/prebuilt-modules/27.0/Dispatch.swiftmodule/x86_64-apple-macos.swiftmodule /Applications/Xcode.app/Contents/Developer/Toolchains/XcodeDefault.xctoolchain/usr/lib/swift/macosx/prebuilt-modules/27.0/_StringProcessing.swiftmodule/x86_64-apple-macos.swiftmodule /Applications/Xcode.app/Contents/Developer/Toolchains/XcodeDefault.xctoolchain/usr/lib/swift/macosx/prebuilt-modules/27.0/_DarwinFoundation3.swiftmodule/x86_64-apple-macos.swiftmodule /Applications/Xcode.app/Contents/Developer/Toolchains/XcodeDefault.xctoolchain/usr/lib/swift/macosx/prebuilt-modules/27.0/CoreFoundation.swiftmodule/x86_64-apple-macos.swiftmodule /Applications/Xcode.app/Contents/Developer/Toolchains/XcodeDefault.xctoolchain/usr/lib/swift/macosx/prebuilt-modules/27.0/System.swiftmodule/x86_64-apple-macos.swiftmodule /Applications/Xcode.app/Contents/Developer/Toolchains/XcodeDefault.xctoolchain/usr/lib/swift/macosx/prebuilt-modules/27.0/ObjectiveC.swiftmodule/x86_64-apple-macos.swiftmodule /Applications/Xcode.app/Contents/Developer/Toolchains/XcodeDefault.xctoolchain/usr/lib/swift/macosx/prebuilt-modules/27.0/Combine.swiftmodule/x86_64-apple-macos.swiftmodule /Applications/Xcode.app/Contents/Developer/Toolchains/XcodeDefault.xctoolchain/usr/lib/swift/macosx/prebuilt-modules/27.0/Darwin.swiftmodule/x86_64-apple-macos.swiftmodule /Applications/Xcode.app/Contents/Developer/Toolchains/XcodeDefault.xctoolchain/usr/lib/swift/macosx/prebuilt-modules/27.0/Observation.swiftmodule/x86_64-apple-macos.swiftmodule /Applications/Xcode.app/Contents/Developer/Toolchains/XcodeDefault.xctoolchain/usr/lib/swift/macosx/prebuilt-modules/27.0/Swift.swiftmodule/x86_64-apple-macos.swiftmodule /Applications/Xcode.app/Contents/Developer/Toolchains/XcodeDefault.xctoolchain/usr/lib/swift/macosx/prebuilt-modules/27.0/_DarwinFoundation2.swiftmodule/x86_64-apple-macos.swiftmodule /Applications/Xcode.app/Contents/Developer/Toolchains/XcodeDefault.xctoolchain/usr/lib/swift/macosx/prebuilt-modules/27.0/_Concurrency.swiftmodule/x86_64-apple-macos.swiftmodule /Applications/Xcode.app/Contents/Developer/Toolchains/XcodeDefault.xctoolchain/usr/lib/swift/macosx/prebuilt-modules/27.0/IOKit.swiftmodule/x86_64-apple-macos.swiftmodule /Users/builder/Factory/paperloft/evidence/checkouts/p3-3dfb51d/build/QADerivedData/SDKExplicitPrecompiledModules/launch-W43A5PFYQLNKJKHVL4ZSR45V.pcm /Users/builder/Factory/paperloft/evidence/checkouts/p3-3dfb51d/build/QADerivedData/SDKExplicitPrecompiledModules/CFNetwork-BMQ8DI415LLY5833PS6ZD6SHU.pcm /Users/builder/Factory/paperloft/evidence/checkouts/p3-3dfb51d/build/QADerivedData/SDKExplicitPrecompiledModules/Foundation-BE2Z8NMCQSXS3N6HXXR1206MO.pcm /Users/builder/Factory/paperloft/evidence/checkouts/p3-3dfb51d/build/QADerivedData/SDKExplicitPrecompiledModules/ObjectiveC-4K18OVK9ZPGT8CGCR7QCBWVXG.pcm /Users/builder/Factory/paperloft/evidence/checkouts/p3-3dfb51d/build/QADerivedData/SDKExplicitPrecompiledModules/XPC-9SKMW6V3HXC8P97C6UZ2C05BX.pcm /Users/builder/Factory/paperloft/evidence/checkouts/p3-3dfb51d/build/QADerivedData/SDKExplicitPrecompiledModules/CoreServices-E76UYEWFS7OBNZVKOMG6ZSP78.pcm /Users/builder/Factory/paperloft/evidence/checkouts/p3-3dfb51d/build/QADerivedData/SDKExplicitPrecompiledModules/SwiftShims-EBTB4UMHHLD9KLH2B0GANCFVH.pcm /Users/builder/Factory/paperloft/evidence/checkouts/p3-3dfb51d/build/QADerivedData/SDKExplicitPrecompiledModules/IOKit-5WCQXKQR12BVAOEAD8EJSCC8T.pcm /Users/builder/Factory/paperloft/evidence/checkouts/p3-3dfb51d/build/QADerivedData/SDKExplicitPrecompiledModules/_AvailabilityInternal-EH11O4MJ9O1V34FQO1MHFTYJ2.pcm /Users/builder/Factory/paperloft/evidence/checkouts/p3-3dfb51d/build/QADerivedData/SDKExplicitPrecompiledModules/_DarwinFoundation3-EIFOXGSU5TL0LK3ANXC71L81Z.pcm /Users/builder/Factory/paperloft/evidence/checkouts/p3-3dfb51d/build/QADerivedData/SDKExplicitPrecompiledModules/string_h-1QNMNJ2O8MZDXQBQJ1RHA8W1G.pcm /Users/builder/Factory/paperloft/evidence/checkouts/p3-3dfb51d/build/QADerivedData/SDKExplicitPrecompiledModules/os_object-NP0GSK0FUZULCJUIQ0E3HLY7.pcm /Users/builder/Factory/paperloft/evidence/checkouts/p3-3dfb51d/build/QADerivedData/SDKExplicitPrecompiledModules/_Builtin_stdarg-73M2TW4NJB3J4KSB9WOGRPI5J.pcm /Users/builder/Factory/paperloft/evidence/checkouts/p3-3dfb51d/build/QADerivedData/SDKExplicitPrecompiledModules/_SwiftConcurrencyShims-AOWEFQSS5999B8DXBYNKIWUAS.pcm /Users/builder/Factory/paperloft/evidence/checkouts/p3-3dfb51d/build/QADerivedData/SDKExplicitPrecompiledModules/_Builtin_limits-66FTLHD34E1LBZRH6B814X4AI.pcm /Users/builder/Factory/paperloft/evidence/checkouts/p3-3dfb51d/build/QADerivedData/SDKExplicitPrecompiledModules/Security-AMGUKI9MVX5C8CJ2EZG4YD968.pcm /Users/builder/Factory/paperloft/evidence/checkouts/p3-3dfb51d/build/QADerivedData/SDKExplicitPrecompiledModules/_Builtin_stddef-736BQT0CAIN21X9QRDJXLDSTX.pcm /Users/builder/Factory/paperloft/evidence/checkouts/p3-3dfb51d/build/QADerivedData/SDKExplicitPrecompiledModules/Dispatch-9H0CVU0ZNLECR5UVP7PGTOZ2A.pcm /Users/builder/Factory/paperloft/evidence/checkouts/p3-3dfb51d/build/QADerivedData/SDKExplicitPrecompiledModules/_DarwinFoundation1-5MKVIRGMSWG01U2OFBWKOI77X.pcm /Users/builder/Factory/paperloft/evidence/checkouts/p3-3dfb51d/build/QADerivedData/SDKExplicitPrecompiledModules/libDER-DKUEYXKBAKPC98YG44GNIKUTD.pcm /Users/builder/Factory/paperloft/evidence/checkouts/p3-3dfb51d/build/QADerivedData/SDKExplicitPrecompiledModules/_Builtin_intrinsics-4G1R54YRM9VAF75M35AKC8OO.pcm /Users/builder/Factory/paperloft/evidence/checkouts/p3-3dfb51d/build/QADerivedData/SDKExplicitPrecompiledModules/ptrcheck-3TS1UWR1ZNVNPQ81C97G75P7T.pcm /Users/builder/Factory/paperloft/evidence/checkouts/p3-3dfb51d/build/QADerivedData/SDKExplicitPrecompiledModules/DiskArbitration-9J9E5ZKS0K8ANX4RA7U83KOYJ.pcm /Users/builder/Factory/paperloft/evidence/checkouts/p3-3dfb51d/build/QADerivedData/SDKExplicitPrecompiledModules/MachO-1OPYEK9HBSAW7S3LGWE9CQDL0.pcm /Users/builder/Factory/paperloft/evidence/checkouts/p3-3dfb51d/build/QADerivedData/SDKExplicitPrecompiledModules/sys_types-3OCHJRBGV02R33Y93B8A9A57D.pcm /Users/builder/Factory/paperloft/evidence/checkouts/p3-3dfb51d/build/QADerivedData/SDKExplicitPrecompiledModules/_Builtin_stdbool-6LYQYAOVQV4KM7CR17F5J0914.pcm /Users/builder/Factory/paperloft/evidence/checkouts/p3-3dfb51d/build/QADerivedData/SDKExplicitPrecompiledModules/Darwin-FW4P28GGVUJISLIPX1R1KAVF.pcm /Users/builder/Factory/paperloft/evidence/checkouts/p3-3dfb51d/build/QADerivedData/SDKExplicitPrecompiledModules/CoreFoundation-8G97I51QZSEGQMY1EG8NRWNSO.pcm /Users/builder/Factory/paperloft/evidence/checkouts/p3-3dfb51d/build/QADerivedData/SDKExplicitPrecompiledModules/os_workgroup-7PQSXSUHBKDFB902ROV6E6LRA.pcm /Users/builder/Factory/paperloft/evidence/checkouts/p3-3dfb51d/build/QADerivedData/SDKExplicitPrecompiledModules/_Builtin_inttypes-7A6X29UAIKD9LMPQFIG55X7EA.pcm /Users/builder/Factory/paperloft/evidence/checkouts/p3-3dfb51d/build/QADerivedData/SDKExplicitPrecompiledModules/_Builtin_stdint-A744ELVOJ9RT4TWUKMC4CY3WR.pcm /Users/builder/Factory/paperloft/evidence/checkouts/p3-3dfb51d/build/QADerivedData/SDKExplicitPrecompiledModules/_Builtin_float-65D6A3VEP4V4I5DHHYF93QHZE.pcm /Users/builder/Factory/paperloft/evidence/checkouts/p3-3dfb51d/build/QADerivedData/SDKExplicitPrecompiledModules/ptrauth-5QLBI948WKP3OPVV58L4OK8OV.pcm /Users/builder/Factory/paperloft/evidence/checkouts/p3-3dfb51d/build/QADerivedData/SDKExplicitPrecompiledModules/_DarwinFoundation2-8ILEK54G20A2QGB6A7KWMDYQH.pcm /Users/builder/Factory/paperloft/evidence/checkouts/p3-3dfb51d/build/QADerivedData/SDKExplicitPrecompiledModules/libkern-1JWFDI5PEYW653Q0M937ZW6TJ.pcm /Users/builder/Factory/paperloft/evidence/checkouts/p3-3dfb51d/build/QADerivedData/Build/Intermediates.noindex/PaperloftHandoff.build/QA/PaperloftHandoff-t.build/Objects-normal/x86_64/PaperloftHandoff-dependencies-2.json (in target 'PaperloftHandoff' from project 'PaperloftHandoff')

SwiftCompile normal x86_64 (in target 'PaperloftHandoff' from project 'PaperloftHandoff')
    cd /Users/builder/Factory/paperloft/evidence/checkouts/p3-3dfb51d/Paperloft.xcodeproj
    

SwiftCompile normal arm64 Compiling\ HandoffConsumerLease.swift,\ HandoffFileCopy.swift,\ HandoffStore.swift /Users/builder/Factory/paperloft/evidence/checkouts/p3-3dfb51d/Packages/PaperloftHandoff/Sources/PaperloftHandoff/HandoffConsumerLease.swift /Users/builder/Factory/paperloft/evidence/checkouts/p3-3dfb51d/Packages/PaperloftHandoff/Sources/PaperloftHandoff/HandoffFileCopy.swift /Users/builder/Factory/paperloft/evidence/checkouts/p3-3dfb51d/Packages/PaperloftHandoff/Sources/PaperloftHandoff/HandoffStore.swift /Applications/Xcode.app/Contents/Developer/Toolchains/XcodeDefault.xctoolchain/usr/lib/swift/macosx/prebuilt-modules/27.0/Combine.swiftmodule/arm64e-apple-macos.swiftmodule /Applications/Xcode.app/Contents/Developer/Toolchains/XcodeDefault.xctoolchain/usr/lib/swift/macosx/prebuilt-modules/27.0/Foundation.swiftmodule/arm64e-apple-macos.swiftmodule /Applications/Xcode.app/Contents/Developer/Toolchains/XcodeDefault.xctoolchain/usr/lib/swift/macosx/prebuilt-modules/27.0/_DarwinFoundation1.swiftmodule/arm64e-apple-macos.swiftmodule /Applications/Xcode.app/Contents/Developer/Toolchains/XcodeDefault.xctoolchain/usr/lib/swift/macosx/prebuilt-modules/27.0/_DarwinFoundation2.swiftmodule/arm64e-apple-macos.swiftmodule /Applications/Xcode.app/Contents/Developer/Toolchains/XcodeDefault.xctoolchain/usr/lib/swift/macosx/prebuilt-modules/27.0/ObjectiveC.swiftmodule/arm64e-apple-macos.swiftmodule /Applications/Xcode.app/Contents/Developer/Toolchains/XcodeDefault.xctoolchain/usr/lib/swift/macosx/prebuilt-modules/27.0/Darwin.swiftmodule/arm64e-apple-macos.swiftmodule /Applications/Xcode.app/Contents/Developer/Toolchains/XcodeDefault.xctoolchain/usr/lib/swift/macosx/prebuilt-modules/27.0/_Concurrency.swiftmodule/arm64e-apple-macos.swiftmodule /Applications/Xcode.app/Contents/Developer/Toolchains/XcodeDefault.xctoolchain/usr/lib/swift/macosx/prebuilt-modules/27.0/System.swiftmodule/arm64e-apple-macos.swiftmodule /Applications/Xcode.app/Contents/Developer/Toolchains/XcodeDefault.xctoolchain/usr/lib/swift/macosx/prebuilt-modules/27.0/_Builtin_float.swiftmodule/arm64e-apple-macos.swiftmodule /Applications/Xcode.app/Contents/Developer/Toolchains/XcodeDefault.xctoolchain/usr/lib/swift/macosx/prebuilt-modules/27.0/_StringProcessing.swiftmodule/arm64e-apple-macos.swiftmodule /Applications/Xcode.app/Contents/Developer/Toolchains/XcodeDefault.xctoolchain/usr/lib/swift/macosx/prebuilt-modules/27.0/XPC.swiftmodule/arm64e-apple-macos.swiftmodule /Applications/Xcode.app/Contents/Developer/Toolchains/XcodeDefault.xctoolchain/usr/lib/swift/macosx/prebuilt-modules/27.0/CoreFoundation.swiftmodule/arm64e-apple-macos.swiftmodule /Applications/Xcode.app/Contents/Developer/Toolchains/XcodeDefault.xctoolchain/usr/lib/swift/macosx/prebuilt-modules/27.0/_DarwinFoundation3.swiftmodule/arm64e-apple-macos.swiftmodule /Applications/Xcode.app/Contents/Developer/Toolchains/XcodeDefault.xctoolchain/usr/lib/swift/macosx/prebuilt-modules/27.0/Dispatch.swiftmodule/arm64e-apple-macos.swiftmodule /Applications/Xcode.app/Contents/Developer/Toolchains/XcodeDefault.xctoolchain/usr/lib/swift/macosx/prebuilt-modules/27.0/Observation.swiftmodule/arm64e-apple-macos.swiftmodule /Applications/Xcode.app/Contents/Developer/Toolchains/XcodeDefault.xctoolchain/usr/lib/swift/macosx/prebuilt-modules/27.0/Swift.swiftmodule/arm64e-apple-macos.swiftmodule /Applications/Xcode.app/Contents/Developer/Toolchains/XcodeDefault.xctoolchain/usr/lib/swift/macosx/prebuilt-modules/27.0/IOKit.swiftmodule/arm64e-apple-macos.swiftmodule /Users/builder/Factory/paperloft/evidence/checkouts/p3-3dfb51d/build/QADerivedData/SDKExplicitPrecompiledModules/_Builtin_float-CCITV2NH2J8WF1PLWW6A1P42B.pcm /Users/builder/Factory/paperloft/evidence/checkouts/p3-3dfb51d/build/QADerivedData/SDKExplicitPrecompiledModules/Darwin-CO9NB3I2CIBSQ89X8QZV0J497.pcm /Users/builder/Factory/paperloft/evidence/checkouts/p3-3dfb51d/build/QADerivedData/SDKExplicitPrecompiledModules/_Builtin_stdint-6AMCALFWZRHM6E0KOY4J39LT2.pcm /Users/builder/Factory/paperloft/evidence/checkouts/p3-3dfb51d/build/QADerivedData/SDKExplicitPrecompiledModules/os_object-47QSAM4S6QR78ZDDRFP4Y9D0A.pcm /Users/builder/Factory/paperloft/evidence/checkouts/p3-3dfb51d/build/QADerivedData/SDKExplicitPrecompiledModules/_Builtin_limits-E2VTEP91LWS74Q0536W072MZV.pcm /Users/builder/Factory/paperloft/evidence/checkouts/p3-3dfb51d/build/QADerivedData/SDKExplicitPrecompiledModules/Foundation-465NQSQ6HR2DLO1RCHBZ2MSC8.pcm /Users/builder/Factory/paperloft/evidence/checkouts/p3-3dfb51d/build/QADerivedData/SDKExplicitPrecompiledModules/ptrauth-21S1N8OEGBES8JF27G0R4TOEN.pcm /Users/builder/Factory/paperloft/evidence/checkouts/p3-3dfb51d/build/QADerivedData/SDKExplicitPrecompiledModules/SwiftShims-D3AG6IWYVFS4WE7L563L2HG6K.pcm /Users/builder/Factory/paperloft/evidence/checkouts/p3-3dfb51d/build/QADerivedData/SDKExplicitPrecompiledModules/libDER-421RYU1OTVOA635BJ1C8U9X5X.pcm /Users/builder/Factory/paperloft/evidence/checkouts/p3-3dfb51d/build/QADerivedData/SDKExplicitPrecompiledModules/Dispatch-8JXZ0FXA7S8C9PIHAMF3T7SNY.pcm /Users/builder/Factory/paperloft/evidence/checkouts/p3-3dfb51d/build/QADerivedData/SDKExplicitPrecompiledModules/_DarwinFoundation1-DLRNCD67CKMK36JZHWMX3A3HA.pcm /Users/builder/Factory/paperloft/evidence/checkouts/p3-3dfb51d/build/QADerivedData/SDKExplicitPrecompiledModules/CoreServices-ECQSSQWCP8PNSQIH4WOSETOIA.pcm /Users/builder/Factory/paperloft/evidence/checkouts/p3-3dfb51d/build/QADerivedData/SDKExplicitPrecompiledModules/launch-BUHMKSGKT46L2KTJTIA22HLU.pcm /Users/builder/Factory/paperloft/evidence/checkouts/p3-3dfb51d/build/QADerivedData/SDKExplicitPrecompiledModules/sys_types-9N7A8MH73CN1Q4CCTVHF3UQKW.pcm /Users/builder/Factory/paperloft/evidence/checkouts/p3-3dfb51d/build/QADerivedData/SDKExplicitPrecompiledModules/_Builtin_inttypes-BGFTREOPP2M0Y9UUN7BES8C9J.pcm /Users/builder/Factory/paperloft/evidence/checkouts/p3-3dfb51d/build/QADerivedData/SDKExplicitPrecompiledModules/Security-58UW5YXDK4FH5WQ6DIYOQUE0N.pcm /Users/builder/Factory/paperloft/evidence/checkouts/p3-3dfb51d/build/QADerivedData/SDKExplicitPrecompiledModules/CFNetwork-1F3HAOTZZFGN4YMS0W56QHZLD.pcm /Users/builder/Factory/paperloft/evidence/checkouts/p3-3dfb51d/build/QADerivedData/SDKExplicitPrecompiledModules/_Builtin_stdarg-ASPU44DJ2DEV73DQ55I6LU0GH.pcm /Users/builder/Factory/paperloft/evidence/checkouts/p3-3dfb51d/build/QADerivedData/SDKExplicitPrecompiledModules/_SwiftConcurrencyShims-ESNOW4XAMDRN4S8MB8RFU9I19.pcm /Users/builder/Factory/paperloft/evidence/checkouts/p3-3dfb51d/build/QADerivedData/SDKExplicitPrecompiledModules/_DarwinFoundation3-96M0UNRTK15EOCCXQA7CZMBT7.pcm /Users/builder/Factory/paperloft/evidence/checkouts/p3-3dfb51d/build/QADerivedData/SDKExplicitPrecompiledModules/libkern-6BQE1MIEMV9D0TZJRUMPS126T.pcm /Users/builder/Factory/paperloft/evidence/checkouts/p3-3dfb51d/build/QADerivedData/SDKExplicitPrecompiledModules/os_workgroup-43AEMPYYZUHCMW4R0XJN0PJIU.pcm /Users/builder/Factory/paperloft/evidence/checkouts/p3-3dfb51d/build/QADerivedData/SDKExplicitPrecompiledModules/_DarwinFoundation2-7A2ANUUWCSH5IRAM4J2PXML9K.pcm /Users/builder/Factory/paperloft/evidence/checkouts/p3-3dfb51d/build/QADerivedData/SDKExplicitPrecompiledModules/DiskArbitration-843JMSIETNXUV2B08DLKOJZQ7.pcm /Users/builder/Factory/paperloft/evidence/checkouts/p3-3dfb51d/build/QADerivedData/SDKExplicitPrecompiledModules/IOKit-EIIT956B6KRDHCBWVST8QTCMV.pcm /Users/builder/Factory/paperloft/evidence/checkouts/p3-3dfb51d/build/QADerivedData/SDKExplicitPrecompiledModules/CoreFoundation-NLHWP1ZGR087QXOJ3ID17ADQ.pcm /Users/builder/Factory/paperloft/evidence/checkouts/p3-3dfb51d/build/QADerivedData/SDKExplicitPrecompiledModules/ObjectiveC-44LSTGR837WS09D4FYCWE7PMP.pcm /Users/builder/Factory/paperloft/evidence/checkouts/p3-3dfb51d/build/QADerivedData/SDKExplicitPrecompiledModules/_Builtin_stdbool-9I12HG84M13PWKIGC0I12AQJ8.pcm /Users/builder/Factory/paperloft/evidence/checkouts/p3-3dfb51d/build/QADerivedData/SDKExplicitPrecompiledModules/_AvailabilityInternal-3NPXLV8ZFDL57SEPB8JN303KN.pcm /Users/builder/Factory/paperloft/evidence/checkouts/p3-3dfb51d/build/QADerivedData/SDKExplicitPrecompiledModules/string_h-4YU4OY8DCBEWLJQC85YB3SB1R.pcm /Users/builder/Factory/paperloft/evidence/checkouts/p3-3dfb51d/build/QADerivedData/SDKExplicitPrecompiledModules/_Builtin_stddef-ASW2T51BKETSKOMGWYR781F2U.pcm /Users/builder/Factory/paperloft/evidence/checkouts/p3-3dfb51d/build/QADerivedData/SDKExplicitPrecompiledModules/XPC-4754LZJ85JFXGU4ABO8IXS1PT.pcm /Users/builder/Factory/paperloft/evidence/checkouts/p3-3dfb51d/build/QADerivedData/SDKExplicitPrecompiledModules/ptrcheck-5TGR67N96PZREA4FU09Q24J6X.pcm /Users/builder/Factory/paperloft/evidence/checkouts/p3-3dfb51d/build/QADerivedData/SDKExplicitPrecompiledModules/MachO-2NWQN4B533KVMH3APX5H2ZIUJ.pcm /Users/builder/Factory/paperloft/evidence/checkouts/p3-3dfb51d/build/QADerivedData/Build/Intermediates.noindex/PaperloftHandoff.build/QA/PaperloftHandoff-t.build/Objects-normal/arm64/PaperloftHandoff-dependencies-1.json (in target 'PaperloftHandoff' from project 'PaperloftHandoff')

SwiftCompile normal arm64 (in target 'PaperloftHandoff' from project 'PaperloftHandoff')
    cd /Users/builder/Factory/paperloft/evidence/checkouts/p3-3dfb51d/Paperloft.xcodeproj
    

SwiftExplicitDependencyGeneratePcm arm64 /Users/builder/Factory/paperloft/evidence/checkouts/p3-3dfb51d/build/QADerivedData/SDKExplicitPrecompiledModules/Symbols-DANW70SLBB1GZANP4X9UKHE1H.pcm

SwiftExplicitDependencyGeneratePcm arm64 /Users/builder/Factory/paperloft/evidence/checkouts/p3-3dfb51d/build/QADerivedData/SDKExplicitPrecompiledModules/CoreMIDI-2WG5C548FCA4TJQ6HIE4SB8IO.pcm

SwiftExplicitDependencyGeneratePcm arm64 /Users/builder/Factory/paperloft/evidence/checkouts/p3-3dfb51d/build/QADerivedData/SDKExplicitPrecompiledModules/LocalAuthentication-BBUOZSMXZM0MYO3L000EMT720.pcm

SwiftExplicitDependencyGeneratePcm arm64 /Users/builder/Factory/paperloft/evidence/checkouts/p3-3dfb51d/build/QADerivedData/SDKExplicitPrecompiledModules/IOSurface-EQ9T3OY52UM1DJASDBP4783NU.pcm

SwiftExplicitDependencyGeneratePcm arm64 /Users/builder/Factory/paperloft/evidence/checkouts/p3-3dfb51d/build/QADerivedData/SDKExplicitPrecompiledModules/CoreAudio-4CMLWTZLMNF3HDHZXIV21F7MO.pcm

SwiftExplicitDependencyGeneratePcm arm64 /Users/builder/Factory/paperloft/evidence/checkouts/p3-3dfb51d/build/QADerivedData/SDKExplicitPrecompiledModules/CoreData-2NJZRGTMPGMKBKC7X4BVL7K4M.pcm

SwiftExplicitDependencyGeneratePcm arm64 /Users/builder/Factory/paperloft/evidence/checkouts/p3-3dfb51d/build/QADerivedData/SDKExplicitPrecompiledModules/DataDetection-3JTDW974CQNHADB8EW2J0ID4B.pcm

SwiftExplicitDependencyGeneratePcm arm64 /Users/builder/Factory/paperloft/evidence/checkouts/p3-3dfb51d/build/QADerivedData/SDKExplicitPrecompiledModules/OSLog-5RQZB8EXXZKB599KBDYS0RZK3.pcm

SwiftExplicitDependencyGeneratePcm arm64 /Users/builder/Factory/paperloft/evidence/checkouts/p3-3dfb51d/build/QADerivedData/SDKExplicitPrecompiledModules/UniformTypeIdentifiers-3RJKODWOSJNCR6JSUAGPHQG2N.pcm

SwiftExplicitDependencyGeneratePcm arm64 /Users/builder/Factory/paperloft/evidence/checkouts/p3-3dfb51d/build/QADerivedData/SDKExplicitPrecompiledModules/CoreTransferable-5BHU2D4ILQZWZ8KDPYNUPARLF.pcm

SwiftExplicitDependencyGeneratePcm arm64 /Users/builder/Factory/paperloft/evidence/checkouts/p3-3dfb51d/build/QADerivedData/SDKExplicitPrecompiledModules/Accessibility-DN0XZG1XO7YVVA06TWHIN4P88.pcm

SwiftExplicitDependencyGeneratePcm arm64 /Users/builder/Factory/paperloft/evidence/checkouts/p3-3dfb51d/build/QADerivedData/SDKExplicitPrecompiledModules/ApplicationServices-CCJP2Z2586JKDM9OP1GPTKC4Z.pcm

SwiftExplicitDependencyGeneratePcm arm64 /Users/builder/Factory/paperloft/evidence/checkouts/p3-3dfb51d/build/QADerivedData/SDKExplicitPrecompiledModules/OpenGL-A8RA3JXZG4YO7F66211L7SYYF.pcm

SwiftExplicitDependencyGeneratePcm arm64 /Users/builder/Factory/paperloft/evidence/checkouts/p3-3dfb51d/build/QADerivedData/SDKExplicitPrecompiledModules/Metal-A51EWWMXUH1TGDG36F9GI699S.pcm

SwiftExplicitDependencyGeneratePcm arm64 /Users/builder/Factory/paperloft/evidence/checkouts/p3-3dfb51d/build/QADerivedData/SDKExplicitPrecompiledModules/Carbon-F4582GJCN28530K9KGHH2OS1J.pcm

SwiftExplicitDependencyGeneratePcm arm64 /Users/builder/Factory/paperloft/evidence/checkouts/p3-3dfb51d/build/QADerivedData/SDKExplicitPrecompiledModules/CoreVideo-5AUXJTQKBXLHTQ5VR5C7LPGYY.pcm

SwiftExplicitDependencyGeneratePcm arm64 /Users/builder/Factory/paperloft/evidence/checkouts/p3-3dfb51d/build/QADerivedData/SDKExplicitPrecompiledModules/CoreImage-4Q6B1QLDM8TWRWFLDT04XADD4.pcm

SwiftExplicitDependencyGeneratePcm arm64 /Users/builder/Factory/paperloft/evidence/checkouts/p3-3dfb51d/build/QADerivedData/SDKExplicitPrecompiledModules/CoreMedia-2BEQ9YK9ZG0E7FRJWUZVJSFFS.pcm

SwiftExplicitDependencyGeneratePcm arm64 /Users/builder/Factory/paperloft/evidence/checkouts/p3-3dfb51d/build/QADerivedData/SDKExplicitPrecompiledModules/QuartzCore-B9SU9JWYNW6RW2N9NGEJUH46B.pcm

SwiftExplicitDependencyGeneratePcm arm64 /Users/builder/Factory/paperloft/evidence/checkouts/p3-3dfb51d/build/QADerivedData/SDKExplicitPrecompiledModules/Accelerate-117A11MIGL8ZMMQB46OUR4U0E.pcm

SwiftExplicitDependencyGeneratePcm arm64 /Users/builder/Factory/paperloft/evidence/checkouts/p3-3dfb51d/build/QADerivedData/SDKExplicitPrecompiledModules/CoreML-E5A0YGS7PNF77KS233ZSBSGXY.pcm

SwiftExplicitDependencyGeneratePcm arm64 /Users/builder/Factory/paperloft/evidence/checkouts/p3-3dfb51d/build/QADerivedData/SDKExplicitPrecompiledModules/AudioToolbox-B66QK3TLT82L0QPQHZIBHSQVP.pcm

SwiftExplicitDependencyGeneratePcm arm64 /Users/builder/Factory/paperloft/evidence/checkouts/p3-3dfb51d/build/QADerivedData/SDKExplicitPrecompiledModules/SwiftUICore-1DIOG43V341JEQY2AEN0RP7AI.pcm

SwiftExplicitDependencyGeneratePcm arm64 /Users/builder/Factory/paperloft/evidence/checkouts/p3-3dfb51d/build/QADerivedData/SDKExplicitPrecompiledModules/Vision-210NKN82YL2EOWT4E23MYA72I.pcm

SwiftExplicitDependencyGeneratePcm arm64 /Users/builder/Factory/paperloft/evidence/checkouts/p3-3dfb51d/build/QADerivedData/SDKExplicitPrecompiledModules/VideoToolbox-9SG18SFYZR8BWZD0BFE1YFODA.pcm

SwiftExplicitDependencyGeneratePcm arm64 /Users/builder/Factory/paperloft/evidence/checkouts/p3-3dfb51d/build/QADerivedData/SDKExplicitPrecompiledModules/AppKit-BMZX50782AC07TKA34Y5UE2HN.pcm

SwiftExplicitDependencyGeneratePcm arm64 /Users/builder/Factory/paperloft/evidence/checkouts/p3-3dfb51d/build/QADerivedData/SDKExplicitPrecompiledModules/AVFAudio-E6OGQKFE2LB7MF0PLM7RSNIZZ.pcm

SwiftExplicitDependencyGeneratePcm arm64 /Users/builder/Factory/paperloft/evidence/checkouts/p3-3dfb51d/build/QADerivedData/SDKExplicitPrecompiledModules/MediaToolbox-37Q4LAXKLEG1I6W3EPPVSO2CO.pcm

SwiftExplicitDependencyGeneratePcm arm64 /Users/builder/Factory/paperloft/evidence/checkouts/p3-3dfb51d/build/QADerivedData/SDKExplicitPrecompiledModules/AVFoundation-6PJA6HBB2IEDI4ETXFXGRCT6Q.pcm

SwiftExplicitDependencyGeneratePcm arm64 /Users/builder/Factory/paperloft/evidence/checkouts/p3-3dfb51d/build/QADerivedData/SDKExplicitPrecompiledModules/Cocoa-E1F2Z52D27G18AZ64AN1UBQP6.pcm

SwiftExplicitDependencyGeneratePcm arm64 /Users/builder/Factory/paperloft/evidence/checkouts/p3-3dfb51d/build/QADerivedData/SDKExplicitPrecompiledModules/PDFKit-72AOGL61AWMTY9P65RSGCJA8Z.pcm

SwiftCompile normal arm64 Compiling\ AccountantPack.swift,\ Assessment.swift,\ Extraction.swift,\ IntakeQueue.swift,\ LibraryAccess.swift,\ LibraryFiles.swift,\ LibraryStore.swift,\ MailAttachmentSupport.swift,\ MailCandidateSelection.swift,\ MailDeliveryLedger.swift,\ MailDocument.swift,\ MailEnvelope.swift,\ MailFieldHints.swift,\ MailImport.swift,\ Money.swift,\ Receipt.swift,\ ReceiptEngine.swift,\ ReceiptIndex.swift,\ ReceiptNameTemplate.swift,\ Recognize.swift,\ ScanImport.swift,\ TaxSourceEvidence.swift,\ TextLayout.swift,\ UnderstandingQuota.swift,\ WatchedFolderScanner.swift /Users/builder/Factory/paperloft/evidence/checkouts/p3-3dfb51d/Packages/PaperloftKit/Sources/PaperloftKit/AccountantPack.swift /Users/builder/Factory/paperloft/evidence/checkouts/p3-3dfb51d/Packages/PaperloftKit/Sources/PaperloftKit/Assessment.swift /Users/builder/Factory/paperloft/evidence/checkouts/p3-3dfb51d/Packages/PaperloftKit/Sources/PaperloftKit/Extraction.swift /Users/builder/Factory/paperloft/evidence/checkouts/p3-3dfb51d/Packages/PaperloftKit/Sources/PaperloftKit/IntakeQueue.swift /Users/builder/Factory/paperloft/evidence/checkouts/p3-3dfb51d/Packages/PaperloftKit/Sources/PaperloftKit/LibraryAccess.swift /Users/builder/Factory/paperloft/evidence/checkouts/p3-3dfb51d/Packages/PaperloftKit/Sources/PaperloftKit/LibraryFiles.swift /Users/builder/Factory/paperloft/evidence/checkouts/p3-3dfb51d/Packages/PaperloftKit/Sources/PaperloftKit/LibraryStore.swift /Users/builder/Factory/paperloft/evidence/checkouts/p3-3dfb51d/Packages/PaperloftKit/Sources/PaperloftKit/MailAttachmentSupport.swift /Users/builder/Factory/paperloft/evidence/checkouts/p3-3dfb51d/Packages/PaperloftKit/Sources/PaperloftKit/MailCandidateSelection.swift /Users/builder/Factory/paperloft/evidence/checkouts/p3-3dfb51d/Packages/PaperloftKit/Sources/PaperloftKit/MailDeliveryLedger.swift /Users/builder/Factory/paperloft/evidence/checkouts/p3-3dfb51d/Packages/PaperloftKit/Sources/PaperloftKit/MailDocument.swift /Users/builder/Factory/paperloft/evidence/checkouts/p3-3dfb51d/Packages/PaperloftKit/Sources/PaperloftKit/MailEnvelope.swift /Users/builder/Factory/paperloft/evidence/checkouts/p3-3dfb51d/Packages/PaperloftKit/Sources/PaperloftKit/MailFieldHints.swift /Users/builder/Factory/paperloft/evidence/checkouts/p3-3dfb51d/Packages/PaperloftKit/Sources/PaperloftKit/MailImport.swift /Users/builder/Factory/paperloft/evidence/checkouts/p3-3dfb51d/Packages/PaperloftKit/Sources/PaperloftKit/Money.swift /Users/builder/Factory/paperloft/evidence/checkouts/p3-3dfb51d/Packages/PaperloftKit/Sources/PaperloftKit/Receipt.swift /Users/builder/Factory/paperloft/evidence/checkouts/p3-3dfb51d/Packages/PaperloftKit/Sources/PaperloftKit/ReceiptEngine.swift /Users/builder/Factory/paperloft/evidence/checkouts/p3-3dfb51d/Packages/PaperloftKit/Sources/PaperloftKit/ReceiptIndex.swift /Users/builder/Factory/paperloft/evidence/checkouts/p3-3dfb51d/Packages/PaperloftKit/Sources/PaperloftKit/ReceiptNameTemplate.swift /Users/builder/Factory/paperloft/evidence/checkouts/p3-3dfb51d/Packages/PaperloftKit/Sources/PaperloftKit/Recognize.swift /Users/builder/Factory/paperloft/evidence/checkouts/p3-3dfb51d/Packages/PaperloftKit/Sources/PaperloftKit/ScanImport.swift /Users/builder/Factory/paperloft/evidence/checkouts/p3-3dfb51d/Packages/PaperloftKit/Sources/PaperloftKit/TaxSourceEvidence.swift /Users/builder/Factory/paperloft/evidence/checkouts/p3-3dfb51d/Packages/PaperloftKit/Sources/PaperloftKit/TextLayout.swift /Users/builder/Factory/paperloft/evidence/checkouts/p3-3dfb51d/Packages/PaperloftKit/Sources/PaperloftKit/UnderstandingQuota.swift /Users/builder/Factory/paperloft/evidence/checkouts/p3-3dfb51d/Packages/PaperloftKit/Sources/PaperloftKit/WatchedFolderScanner.swift /Applications/Xcode.app/Contents/Developer/Toolchains/XcodeDefault.xctoolchain/usr/lib/swift/macosx/prebuilt-modules/27.0/AppKit.swiftmodule/arm64e-apple-macos.swiftmodule /Applications/Xcode.app/Contents/Developer/Toolchains/XcodeDefault.xctoolchain/usr/lib/swift/macosx/prebuilt-modules/27.0/_Concurrency.swiftmodule/arm64e-apple-macos.swiftmodule /Applications/Xcode.app/Contents/Developer/Toolchains/XcodeDefault.xctoolchain/usr/lib/swift/macosx/prebuilt-modules/27.0/MediaToolbox.swiftmodule/arm64e-apple-macos.swiftmodule /Applications/Xcode.app/Contents/Developer/Toolchains/XcodeDefault.xctoolchain/usr/lib/swift/macosx/prebuilt-modules/27.0/CoreMIDI.swiftmodule/arm64e-apple-macos.swiftmodule /Applications/Xcode.app/Contents/Developer/Toolchains/XcodeDefault.xctoolchain/usr/lib/swift/macosx/prebuilt-modules/27.0/CryptoKit.swiftmodule/arm64e-apple-macos.swiftmodule /Applications/Xcode.app/Contents/Developer/Toolchains/XcodeDefault.xctoolchain/usr/lib/swift/macosx/prebuilt-modules/27.0/simd.swiftmodule/arm64e-apple-macos.swiftmodule /Applications/Xcode.app/Contents/Developer/Toolchains/XcodeDefault.xctoolchain/usr/lib/swift/macosx/prebuilt-modules/27.0/ImageIO.swiftmodule/arm64e-apple-macos.swiftmodule /Applications/Xcode.app/Contents/Developer/Toolchains/XcodeDefault.xctoolchain/usr/lib/swift/macosx/prebuilt-modules/27.0/Dispatch.swiftmodule/arm64e-apple-macos.swiftmodule /Applications/Xcode.app/Contents/Developer/Toolchains/XcodeDefault.xctoolchain/usr/lib/swift/macosx/prebuilt-modules/27.0/ObjectiveC.swiftmodule/arm64e-apple-macos.swiftmodule /Applications/Xcode.app/Contents/Developer/Toolchains/XcodeDefault.xctoolchain/usr/lib/swift/macosx/prebuilt-modules/27.0/Metal.swiftmodule/arm64e-apple-macos.swiftmodule /Applications/Xcode.app/Contents/Developer/Toolchains/XcodeDefault.xctoolchain/usr/lib/swift/macosx/prebuilt-modules/27.0/AVFoundation.swiftmodule/arm64e-apple-macos.swiftmodule /Applications/Xcode.app/Contents/Developer/Toolchains/XcodeDefault.xctoolchain/usr/lib/swift/macosx/prebuilt-modules/27.0/CoreAudio.swiftmodule/arm64e-apple-macos.swiftmodule /Applications/Xcode.app/Contents/Developer/Toolchains/XcodeDefault.xctoolchain/usr/lib/swift/macosx/prebuilt-modules/27.0/Compression.swiftmodule/arm64e-apple-macos.swiftmodule /Applications/Xcode.app/Contents/Developer/Toolchains/XcodeDefault.xctoolchain/usr/lib/swift/macosx/prebuilt-modules/27.0/CoreText.swiftmodule/arm64e-apple-macos.swiftmodule /Applications/Xcode.app/Contents/Developer/Toolchains/XcodeDefault.xctoolchain/usr/lib/swift/macosx/prebuilt-modules/27.0/SwiftData.swiftmodule/arm64e-apple-macos.swiftmodule /Applications/Xcode.app/Contents/Developer/Toolchains/XcodeDefault.xctoolchain/usr/lib/swift/macosx/prebuilt-modules/27.0/_DarwinFoundation3.swiftmodule/arm64e-apple-macos.swiftmodule /Applications/Xcode.app/Contents/Developer/Toolchains/XcodeDefault.xctoolchain/usr/lib/swift/macosx/prebuilt-modules/27.0/CoreData.swiftmodule/arm64e-apple-macos.swiftmodule /Applications/Xcode.app/Contents/Developer/Toolchains/XcodeDefault.xctoolchain/usr/lib/swift/macosx/prebuilt-modules/27.0/Combine.swiftmodule/arm64e-apple-macos.swiftmodule /Applications/Xcode.app/Contents/Developer/Toolchains/XcodeDefault.xctoolchain/usr/lib/swift/macosx/prebuilt-modules/27.0/CoreMedia.swiftmodule/arm64e-apple-macos.swiftmodule /Applications/Xcode.app/Contents/Developer/Toolchains/XcodeDefault.xctoolchain/usr/lib/swift/macosx/prebuilt-modules/27.0/Symbols.swiftmodule/arm64e-apple-macos.swiftmodule /Applications/Xcode.app/Contents/Developer/Toolchains/XcodeDefault.xctoolchain/usr/lib/swift/macosx/prebuilt-modules/27.0/Accelerate.swiftmodule/arm64e-apple-macos.swiftmodule /Applications/Xcode.app/Contents/Developer/Toolchains/XcodeDefault.xctoolchain/usr/lib/swift/macosx/prebuilt-modules/27.0/FoundationModels.swiftmodule/arm64e-apple-macos.swiftmodule /Applications/Xcode.app/Contents/Developer/Toolchains/XcodeDefault.xctoolchain/usr/lib/swift/macosx/prebuilt-modules/27.0/Swift.swiftmodule/arm64e-apple-macos.swiftmodule /Applications/Xcode.app/Contents/Developer/Toolchains/XcodeDefault.xctoolchain/usr/lib/swift/macosx/prebuilt-modules/27.0/LocalAuthentication.swiftmodule/arm64e-apple-macos.swiftmodule /Applications/Xcode.app/Contents/Developer/Toolchains/XcodeDefault.xctoolchain/usr/lib/swift/macosx/prebuilt-modules/27.0/_StringProcessing.swiftmodule/arm64e-apple-macos.swiftmodule /Applications/Xcode.app/Contents/Developer/Toolchains/XcodeDefault.xctoolchain/usr/lib/swift/macosx/prebuilt-modules/27.0/System.swiftmodule/arm64e-apple-macos.swiftmodule /Applications/Xcode.app/Contents/Developer/Toolchains/XcodeDefault.xctoolchain/usr/lib/swift/macosx/prebuilt-modules/27.0/_Builtin_float.swiftmodule/arm64e-apple-macos.swiftmodule /Applications/Xcode.app/Contents/Developer/Toolchains/XcodeDefault.xctoolchain/usr/lib/swift/macosx/prebuilt-modules/27.0/CoreImage.swiftmodule/arm64e-apple-macos.swiftmodule /Applications/Xcode.app/Contents/Developer/Toolchains/XcodeDefault.xctoolchain/usr/lib/swift/macosx/prebuilt-modules/27.0/CoreGraphics.swiftmodule/arm64e-apple-macos.swiftmodule /Applications/Xcode.app/Contents/Developer/Toolchains/XcodeDefault.xctoolchain/usr/lib/swift/macosx/prebuilt-modules/27.0/IOKit.swiftmodule/arm64e-apple-macos.swiftmodule /Applications/Xcode.app/Contents/Developer/Toolchains/XcodeDefault.xctoolchain/usr/lib/swift/macosx/prebuilt-modules/27.0/Synchronization.swiftmodule/arm64e-apple-macos.swiftmodule /Applications/Xcode.app/Contents/Developer/Toolchains/XcodeDefault.xctoolchain/usr/lib/swift/macosx/prebuilt-modules/27.0/SwiftUICore.swiftmodule/arm64e-apple-macos.swiftmodule /Applications/Xcode.app/Contents/Developer/Toolchains/XcodeDefault.xctoolchain/usr/lib/swift/macosx/prebuilt-modules/27.0/OSLog.swiftmodule/arm64e-apple-macos.swiftmodule /Applications/Xcode.app/Contents/Developer/Toolchains/XcodeDefault.xctoolchain/usr/lib/swift/macosx/prebuilt-modules/27.0/Foundation.swiftmodule/arm64e-apple-macos.swiftmodule /Applications/Xcode.app/Contents/Developer/Toolchains/XcodeDefault.xctoolchain/usr/lib/swift/macosx/prebuilt-modules/27.0/Darwin.swiftmodule/arm64e-apple-macos.swiftmodule /Applications/Xcode.app/Contents/Developer/Toolchains/XcodeDefault.xctoolchain/usr/lib/swift/macosx/prebuilt-modules/27.0/PDFKit.swiftmodule/arm64e-apple-macos.swiftmodule /Applications/Xcode.app/Contents/Developer/Toolchains/XcodeDefault.xctoolchain/usr/lib/swift/macosx/prebuilt-modules/27.0/XPC.swiftmodule/arm64e-apple-macos.swiftmodule /Applications/Xcode.app/Contents/Developer/Toolchains/XcodeDefault.xctoolchain/usr/lib/swift/macosx/prebuilt-modules/27.0/Spatial.swiftmodule/arm64e-apple-macos.swiftmodule /Applications/Xcode.app/Contents/Developer/Toolchains/XcodeDefault.xctoolchain/usr/lib/swift/macosx/prebuilt-modules/27.0/os.swiftmodule/arm64e-apple-macos.swiftmodule /Applications/Xcode.app/Contents/Developer/Toolchains/XcodeDefault.xctoolchain/usr/lib/swift/macosx/prebuilt-modules/27.0/_DarwinFoundation2.swiftmodule/arm64e-apple-macos.swiftmodule /Applications/Xcode.app/Contents/Developer/Toolchains/XcodeDefault.xctoolchain/usr/lib/swift/macosx/prebuilt-modules/27.0/CoreTransferable.swiftmodule/arm64e-apple-macos.swiftmodule /Applications/Xcode.app/Contents/Developer/Toolchains/XcodeDefault.xctoolchain/usr/lib/swift/macosx/prebuilt-modules/27.0/AVFAudio.swiftmodule/arm64e-apple-macos.swiftmodule /Applications/Xcode.app/Contents/Developer/Toolchains/XcodeDefault.xctoolchain/usr/lib/swift/macosx/prebuilt-modules/27.0/CoreVideo.swiftmodule/arm64e-apple-macos.swiftmodule /Applications/Xcode.app/Contents/Developer/Toolchains/XcodeDefault.xctoolchain/usr/lib/swift/macosx/prebuilt-modules/27.0/Accessibility.swiftmodule/arm64e-apple-macos.swiftmodule /Applications/Xcode.app/Contents/Developer/Toolchains/XcodeDefault.xctoolchain/usr/lib/swift/macosx/prebuilt-modules/27.0/DeveloperToolsSupport.swiftmodule/arm64e-apple-macos.swiftmodule /Applications/Xcode.app/Contents/Developer/Toolchains/XcodeDefault.xctoolchain/usr/lib/swift/macosx/prebuilt-modules/27.0/AudioToolbox.swiftmodule/arm64e-apple-macos.swiftmodule /Applications/Xcode.app/Contents/Developer/Toolchains/XcodeDefault.xctoolchain/usr/lib/swift/macosx/prebuilt-modules/27.0/_DarwinFoundation1.swiftmodule/arm64e-apple-macos.swiftmodule /Applications/Xcode.app/Contents/Developer/Toolchains/XcodeDefault.xctoolchain/usr/lib/swift/macosx/prebuilt-modules/27.0/VideoToolbox.swiftmodule/arm64e-apple-macos.swiftmodule /Applications/Xcode.app/Contents/Developer/Toolchains/XcodeDefault.xctoolchain/usr/lib/swift/macosx/prebuilt-modules/27.0/DataDetection.swiftmodule/arm64e-apple-macos.swiftmodule /Applications/Xcode.app/Contents/Developer/Toolchains/XcodeDefault.xctoolchain/usr/lib/swift/macosx/prebuilt-modules/27.0/ColorSync.swiftmodule/arm64e-apple-macos.swiftmodule /Applications/Xcode.app/Contents/Developer/Toolchains/XcodeDefault.xctoolchain/usr/lib/swift/macosx/prebuilt-modules/27.0/CoreML.swiftmodule/arm64e-apple-macos.swiftmodule /Applications/Xcode.app/Contents/Developer/Toolchains/XcodeDefault.xctoolchain/usr/lib/swift/macosx/prebuilt-modules/27.0/CoreFoundation.swiftmodule/arm64e-apple-macos.swiftmodule /Applications/Xcode.app/Contents/Developer/Toolchains/XcodeDefault.xctoolchain/usr/lib/swift/macosx/prebuilt-modules/27.0/Observation.swiftmodule/arm64e-apple-macos.swiftmodule /Applications/Xcode.app/Contents/Developer/Toolchains/XcodeDefault.xctoolchain/usr/lib/swift/macosx/prebuilt-modules/27.0/UniformTypeIdentifiers.swiftmodule/arm64e-apple-macos.swiftmodule /Applications/Xcode.app/Contents/Developer/Toolchains/XcodeDefault.xctoolchain/usr/lib/swift/macosx/prebuilt-modules/27.0/QuartzCore.swiftmodule/arm64e-apple-macos.swiftmodule /Applications/Xcode.app/Contents/Developer/Toolchains/XcodeDefault.xctoolchain/usr/lib/swift/macosx/prebuilt-modules/27.0/Vision.swiftmodule/arm64e-apple-macos.swiftmodule /Users/builder/Factory/paperloft/evidence/checkouts/p3-3dfb51d/build/QADerivedData/SDKExplicitPrecompiledModules/IOSurface-EQ9T3OY52UM1DJASDBP4783NU.pcm /Users/builder/Factory/paperloft/evidence/checkouts/p3-3dfb51d/build/QADerivedData/SDKExplicitPrecompiledModules/CoreData-2NJZRGTMPGMKBKC7X4BVL7K4M.pcm /Users/builder/Factory/paperloft/evidence/checkouts/p3-3dfb51d/build/QADerivedData/SDKExplicitPrecompiledModules/ptrauth-21S1N8OEGBES8JF27G0R4TOEN.pcm /Users/builder/Factory/paperloft/evidence/checkouts/p3-3dfb51d/build/QADerivedData/SDKExplicitPrecompiledModules/ColorSync-DGWVRMMYSFR5VK65NHN4P4ZM4.pcm /Users/builder/Factory/paperloft/evidence/checkouts/p3-3dfb51d/build/QADerivedData/SDKExplicitPrecompiledModules/SwiftUICore-1DIOG43V341JEQY2AEN0RP7AI.pcm /Users/builder/Factory/paperloft/evidence/checkouts/p3-3dfb51d/build/QADerivedData/SDKExplicitPrecompiledModules/CoreGraphics-10XW4M8GY6WGU3EM9YWCQ2BS2.pcm /Users/builder/Factory/paperloft/evidence/checkouts/p3-3dfb51d/build/QADerivedData/SDKExplicitPrecompiledModules/Symbols-DANW70SLBB1GZANP4X9UKHE1H.pcm /Users/builder/Factory/paperloft/evidence/checkouts/p3-3dfb51d/build/QADerivedData/SDKExplicitPrecompiledModules/DiskArbitration-843JMSIETNXUV2B08DLKOJZQ7.pcm /Users/builder/Factory/paperloft/evidence/checkouts/p3-3dfb51d/build/QADerivedData/SDKExplicitPrecompiledModules/CoreAudio-4CMLWTZLMNF3HDHZXIV21F7MO.pcm /Users/builder/Factory/paperloft/evidence/checkouts/p3-3dfb51d/build/QADerivedData/SDKExplicitPrecompiledModules/_SwiftConcurrencyShims-ESNOW4XAMDRN4S8MB8RFU9I19.pcm /Users/builder/Factory/paperloft/evidence/checkouts/p3-3dfb51d/build/QADerivedData/SDKExplicitPrecompiledModules/Darwin-CO9NB3I2CIBSQ89X8QZV0J497.pcm /Users/builder/Factory/paperloft/evidence/checkouts/p3-3dfb51d/build/QADerivedData/SDKExplicitPrecompiledModules/CoreServices-ECQSSQWCP8PNSQIH4WOSETOIA.pcm /Users/builder/Factory/paperloft/evidence/checkouts/p3-3dfb51d/build/QADerivedData/SDKExplicitPrecompiledModules/CoreImage-4Q6B1QLDM8TWRWFLDT04XADD4.pcm /Users/builder/Factory/paperloft/evidence/checkouts/p3-3dfb51d/build/QADerivedData/SDKExplicitPrecompiledModules/Compression-6VZQ4WZVCQG0O982E8CIND85A.pcm /Users/builder/Factory/paperloft/evidence/checkouts/p3-3dfb51d/build/QADerivedData/SDKExplicitPrecompiledModules/libDER-421RYU1OTVOA635BJ1C8U9X5X.pcm /Users/builder/Factory/paperloft/evidence/checkouts/p3-3dfb51d/build/QADerivedData/SDKExplicitPrecompiledModules/VideoToolbox-9SG18SFYZR8BWZD0BFE1YFODA.pcm /Users/builder/Factory/paperloft/evidence/checkouts/p3-3dfb51d/build/QADerivedData/SDKExplicitPrecompiledModules/DataDetection-3JTDW974CQNHADB8EW2J0ID4B.pcm /Users/builder/Factory/paperloft/evidence/checkouts/p3-3dfb51d/build/QADerivedData/SDKExplicitPrecompiledModules/_DarwinFoundation1-DLRNCD67CKMK36JZHWMX3A3HA.pcm /Users/builder/Factory/paperloft/evidence/checkouts/p3-3dfb51d/build/QADerivedData/SDKExplicitPrecompiledModules/_Builtin_stdint-6AMCALFWZRHM6E0KOY4J39LT2.pcm /Users/builder/Factory/paperloft/evidence/checkouts/p3-3dfb51d/build/QADerivedData/SDKExplicitPrecompiledModules/_DarwinFoundation3-96M0UNRTK15EOCCXQA7CZMBT7.pcm /Users/builder/Factory/paperloft/evidence/checkouts/p3-3dfb51d/build/QADerivedData/SDKExplicitPrecompiledModules/CoreVideo-5AUXJTQKBXLHTQ5VR5C7LPGYY.pcm /Users/builder/Factory/paperloft/evidence/checkouts/p3-3dfb51d/build/QADerivedData/SDKExplicitPrecompiledModules/Cocoa-E1F2Z52D27G18AZ64AN1UBQP6.pcm /Users/builder/Factory/paperloft/evidence/checkouts/p3-3dfb51d/build/QADerivedData/SDKExplicitPrecompiledModules/CoreFoundation-NLHWP1ZGR087QXOJ3ID17ADQ.pcm /Users/builder/Factory/paperloft/evidence/checkouts/p3-3dfb51d/build/QADerivedData/SDKExplicitPrecompiledModules/Vision-210NKN82YL2EOWT4E23MYA72I.pcm /Users/builder/Factory/paperloft/evidence/checkouts/p3-3dfb51d/build/QADerivedData/SDKExplicitPrecompiledModules/CFNetwork-1F3HAOTZZFGN4YMS0W56QHZLD.pcm /Users/builder/Factory/paperloft/evidence/checkouts/p3-3dfb51d/build/QADerivedData/SDKExplicitPrecompiledModules/Accessibility-DN0XZG1XO7YVVA06TWHIN4P88.pcm /Users/builder/Factory/paperloft/evidence/checkouts/p3-3dfb51d/build/QADerivedData/SDKExplicitPrecompiledModules/AudioToolbox-B66QK3TLT82L0QPQHZIBHSQVP.pcm /Users/builder/Factory/paperloft/evidence/checkouts/p3-3dfb51d/build/QADerivedData/SDKExplicitPrecompiledModules/XPC-4754LZJ85JFXGU4ABO8IXS1PT.pcm /Users/builder/Factory/paperloft/evidence/checkouts/p3-3dfb51d/build/QADerivedData/SDKExplicitPrecompiledModules/Security-58UW5YXDK4FH5WQ6DIYOQUE0N.pcm /Users/builder/Factory/paperloft/evidence/checkouts/p3-3dfb51d/build/QADerivedData/SDKExplicitPrecompiledModules/DeveloperToolsSupport-F1DEG2FE99UPLMFF73J7IMMCE.pcm /Users/builder/Factory/paperloft/evidence/checkouts/p3-3dfb51d/build/QADerivedData/SDKExplicitPrecompiledModules/_Builtin_tgmath-AOPPCKVMUEFF7GJ298YMCJ2LD.pcm /Users/builder/Factory/paperloft/evidence/checkouts/p3-3dfb51d/build/QADerivedData/SDKExplicitPrecompiledModules/launch-BUHMKSGKT46L2KTJTIA22HLU.pcm /Users/builder/Factory/paperloft/evidence/checkouts/p3-3dfb51d/build/QADerivedData/SDKExplicitPrecompiledModules/CUPS-6VQJGTH33ME20BU3KWWGLRBAB.pcm /Users/builder/Factory/paperloft/evidence/checkouts/p3-3dfb51d/build/QADerivedData/SDKExplicitPrecompiledModules/libkern-6BQE1MIEMV9D0TZJRUMPS126T.pcm /Users/builder/Factory/paperloft/evidence/checkouts/p3-3dfb51d/build/QADerivedData/SDKExplicitPrecompiledModules/AppKit-BMZX50782AC07TKA34Y5UE2HN.pcm /Users/builder/Factory/paperloft/evidence/checkouts/p3-3dfb51d/build/QADerivedData/SDKExplicitPrecompiledModules/OSLog-5RQZB8EXXZKB599KBDYS0RZK3.pcm /Users/builder/Factory/paperloft/evidence/checkouts/p3-3dfb51d/build/QADerivedData/SDKExplicitPrecompiledModules/string_h-4YU4OY8DCBEWLJQC85YB3SB1R.pcm /Users/builder/Factory/paperloft/evidence/checkouts/p3-3dfb51d/build/QADerivedData/SDKExplicitPrecompiledModules/_Builtin_stddef-ASW2T51BKETSKOMGWYR781F2U.pcm /Users/builder/Factory/paperloft/evidence/checkouts/p3-3dfb51d/build/QADerivedData/SDKExplicitPrecompiledModules/CoreMedia-2BEQ9YK9ZG0E7FRJWUZVJSFFS.pcm /Users/builder/Factory/paperloft/evidence/checkouts/p3-3dfb51d/build/QADerivedData/SDKExplicitPrecompiledModules/Carbon-F4582GJCN28530K9KGHH2OS1J.pcm /Users/builder/Factory/paperloft/evidence/checkouts/p3-3dfb51d/build/QADerivedData/SDKExplicitPrecompiledModules/SwiftShims-D3AG6IWYVFS4WE7L563L2HG6K.pcm /Users/builder/Factory/paperloft/evidence/checkouts/p3-3dfb51d/build/QADerivedData/SDKExplicitPrecompiledModules/CoreAudioTypes-1W8YT8V71TZ6XAOW8Y0HOU5K6.pcm /Users/builder/Factory/paperloft/evidence/checkouts/p3-3dfb51d/build/QADerivedData/SDKExplicitPrecompiledModules/MediaToolbox-37Q4LAXKLEG1I6W3EPPVSO2CO.pcm /Users/builder/Factory/paperloft/evidence/checkouts/p3-3dfb51d/build/QADerivedData/SDKExplicitPrecompiledModules/os-8ILQ6BNYTGYW63JDHSWHWND2P.pcm /Users/builder/Factory/paperloft/evidence/checkouts/p3-3dfb51d/build/QADerivedData/SDKExplicitPrecompiledModules/ApplicationServices-CCJP2Z2586JKDM9OP1GPTKC4Z.pcm /Users/builder/Factory/paperloft/evidence/checkouts/p3-3dfb51d/build/QADerivedData/SDKExplicitPrecompiledModules/_Builtin_inttypes-BGFTREOPP2M0Y9UUN7BES8C9J.pcm /Users/builder/Factory/paperloft/evidence/checkouts/p3-3dfb51d/build/QADerivedData/SDKExplicitPrecompiledModules/Spatial-5DKXI55N0AY72H9WVBTDCKUWT.pcm /Users/builder/Factory/paperloft/evidence/checkouts/p3-3dfb51d/build/QADerivedData/SDKExplicitPrecompiledModules/simd-DNZGXM6IJ9VE1POFL7QUJZ5WO.pcm /Users/builder/Factory/paperloft/evidence/checkouts/p3-3dfb51d/build/QADerivedData/SDKExplicitPrecompiledModules/_AvailabilityInternal-3NPXLV8ZFDL57SEPB8JN303KN.pcm /Users/builder/Factory/paperloft/evidence/checkouts/p3-3dfb51d/build/QADerivedData/SDKExplicitPrecompiledModules/sys_types-9N7A8MH73CN1Q4CCTVHF3UQKW.pcm /Users/builder/Factory/paperloft/evidence/checkouts/p3-3dfb51d/build/QADerivedData/SDKExplicitPrecompiledModules/_Builtin_stdbool-9I12HG84M13PWKIGC0I12AQJ8.pcm /Users/builder/Factory/paperloft/evidence/checkouts/p3-3dfb51d/build/QADerivedData/SDKExplicitPrecompiledModules/ObjectiveC-44LSTGR837WS09D4FYCWE7PMP.pcm /Users/builder/Factory/paperloft/evidence/checkouts/p3-3dfb51d/build/QADerivedData/SDKExplicitPrecompiledModules/_DarwinFoundation2-7A2ANUUWCSH5IRAM4J2PXML9K.pcm /Users/builder/Factory/paperloft/evidence/checkouts/p3-3dfb51d/build/QADerivedData/SDKExplicitPrecompiledModules/Accelerate-117A11MIGL8ZMMQB46OUR4U0E.pcm /Users/builder/Factory/paperloft/evidence/checkouts/p3-3dfb51d/build/QADerivedData/SDKExplicitPrecompiledModules/os_workgroup-43AEMPYYZUHCMW4R0XJN0PJIU.pcm /Users/builder/Factory/paperloft/evidence/checkouts/p3-3dfb51d/build/QADerivedData/SDKExplicitPrecompiledModules/ptrcheck-5TGR67N96PZREA4FU09Q24J6X.pcm /Users/builder/Factory/paperloft/evidence/checkouts/p3-3dfb51d/build/QADerivedData/SDKExplicitPrecompiledModules/LocalAuthentication-BBUOZSMXZM0MYO3L000EMT720.pcm /Users/builder/Factory/paperloft/evidence/checkouts/p3-3dfb51d/build/QADerivedData/SDKExplicitPrecompiledModules/CoreML-E5A0YGS7PNF77KS233ZSBSGXY.pcm /Users/builder/Factory/paperloft/evidence/checkouts/p3-3dfb51d/build/QADerivedData/SDKExplicitPrecompiledModules/PDFKit-72AOGL61AWMTY9P65RSGCJA8Z.pcm /Users/builder/Factory/paperloft/evidence/checkouts/p3-3dfb51d/build/QADerivedData/SDKExplicitPrecompiledModules/MachO-2NWQN4B533KVMH3APX5H2ZIUJ.pcm /Users/builder/Factory/paperloft/evidence/checkouts/p3-3dfb51d/build/QADerivedData/SDKExplicitPrecompiledModules/_Builtin_float-CCITV2NH2J8WF1PLWW6A1P42B.pcm /Users/builder/Factory/paperloft/evidence/checkouts/p3-3dfb51d/build/QADerivedData/SDKExplicitPrecompiledModules/UniformTypeIdentifiers-3RJKODWOSJNCR6JSUAGPHQG2N.pcm /Users/builder/Factory/paperloft/evidence/checkouts/p3-3dfb51d/build/QADerivedData/SDKExplicitPrecompiledModules/CoreMIDI-2WG5C548FCA4TJQ6HIE4SB8IO.pcm /Users/builder/Factory/paperloft/evidence/checkouts/p3-3dfb51d/build/QADerivedData/SDKExplicitPrecompiledModules/_Builtin_stdatomic-7YUQ5LUQCXTYD56B65SJN2GZ.pcm /Users/builder/Factory/paperloft/evidence/checkouts/p3-3dfb51d/build/QADerivedData/SDKExplicitPrecompiledModules/_Builtin_stdarg-ASPU44DJ2DEV73DQ55I6LU0GH.pcm /Users/builder/Factory/paperloft/evidence/checkouts/p3-3dfb51d/build/QADerivedData/SDKExplicitPrecompiledModules/Metal-A51EWWMXUH1TGDG36F9GI699S.pcm /Users/builder/Factory/paperloft/evidence/checkouts/p3-3dfb51d/build/QADerivedData/SDKExplicitPrecompiledModules/_Builtin_limits-E2VTEP91LWS74Q0536W072MZV.pcm /Users/builder/Factory/paperloft/evidence/checkouts/p3-3dfb51d/build/QADerivedData/SDKExplicitPrecompiledModules/ImageIO-7T3RD8GD30LC10SHCQP2C3QBU.pcm /Users/builder/Factory/paperloft/evidence/checkouts/p3-3dfb51d/build/QADerivedData/SDKExplicitPrecompiledModules/QuartzCore-B9SU9JWYNW6RW2N9NGEJUH46B.pcm /Users/builder/Factory/paperloft/evidence/checkouts/p3-3dfb51d/build/QADerivedData/SDKExplicitPrecompiledModules/AVFoundation-6PJA6HBB2IEDI4ETXFXGRCT6Q.pcm /Users/builder/Factory/paperloft/evidence/checkouts/p3-3dfb51d/build/QADerivedData/SDKExplicitPrecompiledModules/Dispatch-8JXZ0FXA7S8C9PIHAMF3T7SNY.pcm /Users/builder/Factory/paperloft/evidence/checkouts/p3-3dfb51d/build/QADerivedData/SDKExplicitPrecompiledModules/_Builtin_intrinsics-77F8LX96FLNDJQMW8Y9UUFGWC.pcm /Users/builder/Factory/paperloft/evidence/checkouts/p3-3dfb51d/build/QADerivedData/SDKExplicitPrecompiledModules/CoreTransferable-5BHU2D4ILQZWZ8KDPYNUPARLF.pcm /Users/builder/Factory/paperloft/evidence/checkouts/p3-3dfb51d/build/QADerivedData/SDKExplicitPrecompiledModules/OpenGL-A8RA3JXZG4YO7F66211L7SYYF.pcm /Users/builder/Factory/paperloft/evidence/checkouts/p3-3dfb51d/build/QADerivedData/SDKExplicitPrecompiledModules/os_object-47QSAM4S6QR78ZDDRFP4Y9D0A.pcm /Users/builder/Factory/paperloft/evidence/checkouts/p3-3dfb51d/build/QADerivedData/SDKExplicitPrecompiledModules/IOKit-EIIT956B6KRDHCBWVST8QTCMV.pcm /Users/builder/Factory/paperloft/evidence/checkouts/p3-3dfb51d/build/QADerivedData/SDKExplicitPrecompiledModules/CoreText-679L88IOISZAB5BSY1XP970JO.pcm /Users/builder/Factory/paperloft/evidence/checkouts/p3-3dfb51d/build/QADerivedData/SDKExplicitPrecompiledModules/AVFAudio-E6OGQKFE2LB7MF0PLM7RSNIZZ.pcm /Users/builder/Factory/paperloft/evidence/checkouts/p3-3dfb51d/build/QADerivedData/SDKExplicitPrecompiledModules/Foundation-465NQSQ6HR2DLO1RCHBZ2MSC8.pcm /Users/builder/Factory/paperloft/evidence/checkouts/p3-3dfb51d/build/QADerivedData/Build/Intermediates.noindex/PaperloftKit.build/QA/PaperloftKit-t.build/Objects-normal/arm64/PaperloftKit-dependencies-1.json (in target 'PaperloftKit' from project 'PaperloftKit')

SwiftCompile normal arm64 (in target 'PaperloftKit' from project 'PaperloftKit')
    cd /Users/builder/Factory/paperloft/evidence/checkouts/p3-3dfb51d/Paperloft.xcodeproj
    

SwiftDriverJobDiscovery normal arm64 Compiling HandoffConsumerLease.swift, HandoffFileCopy.swift, HandoffStore.swift (in target 'PaperloftHandoff' from project 'PaperloftHandoff')

SwiftDriver\ Compilation\ Requirements PaperloftHandoff normal arm64 com.apple.xcode.tools.swift.compiler (in target 'PaperloftHandoff' from project 'PaperloftHandoff')
    cd /Users/builder/Factory/paperloft/evidence/checkouts/p3-3dfb51d/Paperloft.xcodeproj
    builtin-Swift-Compilation-Requirements -- /Applications/Xcode.app/Contents/Developer/Toolchains/XcodeDefault.xctoolchain/usr/bin/swiftc -parse-as-library -module-name PaperloftHandoff -O -whole-module-optimization @/Users/builder/Factory/paperloft/evidence/checkouts/p3-3dfb51d/build/QADerivedData/Build/Intermediates.noindex/PaperloftHandoff.build/QA/PaperloftHandoff-t.build/Objects-normal/arm64/PaperloftHandoff.SwiftFileList -DSWIFT_PACKAGE -DSWIFT_MODULE_RESOURCE_BUNDLE_UNAVAILABLE -DXcode -plugin-path /Applications/Xcode.app/Contents/Developer/Toolchains/XcodeDefault.xctoolchain/usr/lib/swift/host/plugins/testing -enable-experimental-feature DebugDescriptionMacro -sdk /Applications/Xcode.app/Contents/Developer/Platforms/MacOSX.platform/Developer/SDKs/MacOSX27.0.sdk -target arm64-apple-macos13.0 -g -module-cache-path /Users/builder/Factory/paperloft/evidence/checkouts/p3-3dfb51d/build/QADerivedData/ModuleCache.noindex -Xfrontend -serialize-debugging-options -profile-coverage-mapping -profile-generate -warnings-as-errors -swift-version 6 -I /Users/builder/Factory/paperloft/evidence/checkouts/p3-3dfb51d/build/QADerivedData/Build/Products/QA -Isystem /Applications/Xcode.app/Contents/Developer/Platforms/MacOSX.platform/Developer/usr/lib -F /Users/builder/Factory/paperloft/evidence/checkouts/p3-3dfb51d/build/QADerivedData/Build/Products/QA -F /Applications/Xcode.app/Contents/Developer/Platforms/MacOSX.platform/Developer/Library/Frameworks -c -num-threads 10 -Xcc -ivfsstatcache -Xcc /Users/builder/Factory/paperloft/evidence/checkouts/p3-3dfb51d/build/QADerivedData/SDKStatCaches.noindex/macosx27.0-26A425-7231f6df4def33e022ae2eb8f782df1a.sdkstatcache -output-file-map /Users/builder/Factory/paperloft/evidence/checkouts/p3-3dfb51d/build/QADerivedData/Build/Intermediates.noindex/PaperloftHandoff.build/QA/PaperloftHandoff-t.build/Objects-normal/arm64/PaperloftHandoff-OutputFileMap.json -save-temps -no-color-diagnostics -explicit-module-build -module-cache-path /Users/builder/Factory/paperloft/evidence/checkouts/p3-3dfb51d/build/QADerivedData/Build/Intermediates.noindex/SwiftExplicitPrecompiledModules -clang-scanner-module-cache-path /Users/builder/Factory/paperloft/evidence/checkouts/p3-3dfb51d/build/QADerivedData/ModuleCache.noindex -sdk-module-cache-path /Users/builder/Factory/paperloft/evidence/checkouts/p3-3dfb51d/build/QADerivedData/SDKExplicitPrecompiledModules -emit-dependencies -emit-module -emit-module-path /Users/builder/Factory/paperloft/evidence/checkouts/p3-3dfb51d/build/QADerivedData/Build/Intermediates.noindex/PaperloftHandoff.build/QA/PaperloftHandoff-t.build/Objects-normal/arm64/PaperloftHandoff.swiftmodule -serialize-diagnostics -dependency-scan-serialize-diagnostics-path /Users/builder/Factory/paperloft/evidence/checkouts/p3-3dfb51d/build/QADerivedData/Build/Intermediates.noindex/PaperloftHandoff.build/QA/PaperloftHandoff-t.build/Objects-normal/arm64/PaperloftHandoff-dependency-scan.dia -validate-clang-modules-once -clang-build-session-file /Users/builder/Factory/paperloft/evidence/checkouts/p3-3dfb51d/build/QADerivedData/ModuleCache.noindex/Session.modulevalidation -Xcc -fmodules-prune-interval\=86400 -Xcc -fmodules-prune-after\=345600 -package-name paperlofthandoff -emit-const-values -const-gather-protocols-list /Users/builder/Factory/paperloft/evidence/checkouts/p3-3dfb51d/build/QADerivedData/Build/Intermediates.noindex/PaperloftHandoff.build/QA/PaperloftHandoff-t.build/Objects-normal/arm64/PaperloftHandoff_const_extract_protocols.json -Xcc -I/Users/builder/Factory/paperloft/evidence/checkouts/p3-3dfb51d/build/QADerivedData/Build/Products/QA/include -Xcc -I/Users/builder/Factory/paperloft/evidence/checkouts/p3-3dfb51d/build/QADerivedData/Build/Intermediates.noindex/PaperloftHandoff.build/QA/PaperloftHandoff-t.build/DerivedSources-normal/arm64 -Xcc -I/Users/builder/Factory/paperloft/evidence/checkouts/p3-3dfb51d/build/QADerivedData/Build/Intermediates.noindex/PaperloftHandoff.build/QA/PaperloftHandoff-t.build/DerivedSources/arm64 -Xcc -I/Users/builder/Factory/paperloft/evidence/checkouts/p3-3dfb51d/build/QADerivedData/Build/Intermediates.noindex/PaperloftHandoff.build/QA/PaperloftHandoff-t.build/DerivedSources -Xcc -DSWIFT_PACKAGE -emit-objc-header -emit-objc-header-path /Users/builder/Factory/paperloft/evidence/checkouts/p3-3dfb51d/build/QADerivedData/Build/Intermediates.noindex/PaperloftHandoff.build/QA/PaperloftHandoff-t.build/Objects-normal/arm64/PaperloftHandoff-Swift.h -working-directory /Users/builder/Factory/paperloft/evidence/checkouts/p3-3dfb51d/Paperloft.xcodeproj -no-emit-module-separately-wmo

Copy /Users/builder/Factory/paperloft/evidence/checkouts/p3-3dfb51d/build/QADerivedData/Build/Products/QA/PaperloftHandoff.swiftmodule/arm64-apple-macos.swiftdoc /Users/builder/Factory/paperloft/evidence/checkouts/p3-3dfb51d/build/QADerivedData/Build/Intermediates.noindex/PaperloftHandoff.build/QA/PaperloftHandoff-t.build/Objects-normal/arm64/PaperloftHandoff.swiftdoc (in target 'PaperloftHandoff' from project 'PaperloftHandoff')
    cd /Users/builder/Factory/paperloft/evidence/checkouts/p3-3dfb51d/Packages/PaperloftHandoff
    builtin-copy -exclude .DS_Store -exclude CVS -exclude .svn -exclude .git -exclude .hg -strip-unsigned-binaries -strip-deterministic -strip-tool /Applications/Xcode.app/Contents/Developer/Toolchains/XcodeDefault.xctoolchain/usr/bin/strip -resolve-src-symlinks -rename /Users/builder/Factory/paperloft/evidence/checkouts/p3-3dfb51d/build/QADerivedData/Build/Intermediates.noindex/PaperloftHandoff.build/QA/PaperloftHandoff-t.build/Objects-normal/arm64/PaperloftHandoff.swiftdoc /Users/builder/Factory/paperloft/evidence/checkouts/p3-3dfb51d/build/QADerivedData/Build/Products/QA/PaperloftHandoff.swiftmodule/arm64-apple-macos.swiftdoc

Copy /Users/builder/Factory/paperloft/evidence/checkouts/p3-3dfb51d/build/QADerivedData/Build/Products/QA/PaperloftHandoff.swiftmodule/arm64-apple-macos.abi.json /Users/builder/Factory/paperloft/evidence/checkouts/p3-3dfb51d/build/QADerivedData/Build/Intermediates.noindex/PaperloftHandoff.build/QA/PaperloftHandoff-t.build/Objects-normal/arm64/PaperloftHandoff.abi.json (in target 'PaperloftHandoff' from project 'PaperloftHandoff')
    cd /Users/builder/Factory/paperloft/evidence/checkouts/p3-3dfb51d/Packages/PaperloftHandoff
    builtin-copy -exclude .DS_Store -exclude CVS -exclude .svn -exclude .git -exclude .hg -strip-unsigned-binaries -strip-deterministic -strip-tool /Applications/Xcode.app/Contents/Developer/Toolchains/XcodeDefault.xctoolchain/usr/bin/strip -resolve-src-symlinks -rename /Users/builder/Factory/paperloft/evidence/checkouts/p3-3dfb51d/build/QADerivedData/Build/Intermediates.noindex/PaperloftHandoff.build/QA/PaperloftHandoff-t.build/Objects-normal/arm64/PaperloftHandoff.abi.json /Users/builder/Factory/paperloft/evidence/checkouts/p3-3dfb51d/build/QADerivedData/Build/Products/QA/PaperloftHandoff.swiftmodule/arm64-apple-macos.abi.json

Copy /Users/builder/Factory/paperloft/evidence/checkouts/p3-3dfb51d/build/QADerivedData/Build/Products/QA/PaperloftHandoff.swiftmodule/arm64-apple-macos.swiftmodule /Users/builder/Factory/paperloft/evidence/checkouts/p3-3dfb51d/build/QADerivedData/Build/Intermediates.noindex/PaperloftHandoff.build/QA/PaperloftHandoff-t.build/Objects-normal/arm64/PaperloftHandoff.swiftmodule (in target 'PaperloftHandoff' from project 'PaperloftHandoff')
    cd /Users/builder/Factory/paperloft/evidence/checkouts/p3-3dfb51d/Packages/PaperloftHandoff
    builtin-copy -exclude .DS_Store -exclude CVS -exclude .svn -exclude .git -exclude .hg -strip-unsigned-binaries -strip-deterministic -strip-tool /Applications/Xcode.app/Contents/Developer/Toolchains/XcodeDefault.xctoolchain/usr/bin/strip -resolve-src-symlinks -rename /Users/builder/Factory/paperloft/evidence/checkouts/p3-3dfb51d/build/QADerivedData/Build/Intermediates.noindex/PaperloftHandoff.build/QA/PaperloftHandoff-t.build/Objects-normal/arm64/PaperloftHandoff.swiftmodule /Users/builder/Factory/paperloft/evidence/checkouts/p3-3dfb51d/build/QADerivedData/Build/Products/QA/PaperloftHandoff.swiftmodule/arm64-apple-macos.swiftmodule

SwiftDriverJobDiscovery normal x86_64 Compiling HandoffConsumerLease.swift, HandoffFileCopy.swift, HandoffStore.swift (in target 'PaperloftHandoff' from project 'PaperloftHandoff')

SwiftDriver\ Compilation\ Requirements PaperloftHandoff normal x86_64 com.apple.xcode.tools.swift.compiler (in target 'PaperloftHandoff' from project 'PaperloftHandoff')
    cd /Users/builder/Factory/paperloft/evidence/checkouts/p3-3dfb51d/Paperloft.xcodeproj
    builtin-Swift-Compilation-Requirements -- /Applications/Xcode.app/Contents/Developer/Toolchains/XcodeDefault.xctoolchain/usr/bin/swiftc -parse-as-library -module-name PaperloftHandoff -O -whole-module-optimization @/Users/builder/Factory/paperloft/evidence/checkouts/p3-3dfb51d/build/QADerivedData/Build/Intermediates.noindex/PaperloftHandoff.build/QA/PaperloftHandoff-t.build/Objects-normal/x86_64/PaperloftHandoff.SwiftFileList -DSWIFT_PACKAGE -DSWIFT_MODULE_RESOURCE_BUNDLE_UNAVAILABLE -DXcode -plugin-path /Applications/Xcode.app/Contents/Developer/Toolchains/XcodeDefault.xctoolchain/usr/lib/swift/host/plugins/testing -enable-experimental-feature DebugDescriptionMacro -sdk /Applications/Xcode.app/Contents/Developer/Platforms/MacOSX.platform/Developer/SDKs/MacOSX27.0.sdk -target x86_64-apple-macos13.0 -g -module-cache-path /Users/builder/Factory/paperloft/evidence/checkouts/p3-3dfb51d/build/QADerivedData/ModuleCache.noindex -Xfrontend -serialize-debugging-options -profile-coverage-mapping -profile-generate -warnings-as-errors -swift-version 6 -I /Users/builder/Factory/paperloft/evidence/checkouts/p3-3dfb51d/build/QADerivedData/Build/Products/QA -Isystem /Applications/Xcode.app/Contents/Developer/Platforms/MacOSX.platform/Developer/usr/lib -F /Users/builder/Factory/paperloft/evidence/checkouts/p3-3dfb51d/build/QADerivedData/Build/Products/QA -F /Applications/Xcode.app/Contents/Developer/Platforms/MacOSX.platform/Developer/Library/Frameworks -c -num-threads 10 -Xcc -ivfsstatcache -Xcc /Users/builder/Factory/paperloft/evidence/checkouts/p3-3dfb51d/build/QADerivedData/SDKStatCaches.noindex/macosx27.0-26A425-7231f6df4def33e022ae2eb8f782df1a.sdkstatcache -output-file-map /Users/builder/Factory/paperloft/evidence/checkouts/p3-3dfb51d/build/QADerivedData/Build/Intermediates.noindex/PaperloftHandoff.build/QA/PaperloftHandoff-t.build/Objects-normal/x86_64/PaperloftHandoff-OutputFileMap.json -save-temps -no-color-diagnostics -explicit-module-build -module-cache-path /Users/builder/Factory/paperloft/evidence/checkouts/p3-3dfb51d/build/QADerivedData/Build/Intermediates.noindex/SwiftExplicitPrecompiledModules -clang-scanner-module-cache-path /Users/builder/Factory/paperloft/evidence/checkouts/p3-3dfb51d/build/QADerivedData/ModuleCache.noindex -sdk-module-cache-path /Users/builder/Factory/paperloft/evidence/checkouts/p3-3dfb51d/build/QADerivedData/SDKExplicitPrecompiledModules -emit-dependencies -emit-module -emit-module-path /Users/builder/Factory/paperloft/evidence/checkouts/p3-3dfb51d/build/QADerivedData/Build/Intermediates.noindex/PaperloftHandoff.build/QA/PaperloftHandoff-t.build/Objects-normal/x86_64/PaperloftHandoff.swiftmodule -serialize-diagnostics -dependency-scan-serialize-diagnostics-path /Users/builder/Factory/paperloft/evidence/checkouts/p3-3dfb51d/build/QADerivedData/Build/Intermediates.noindex/PaperloftHandoff.build/QA/PaperloftHandoff-t.build/Objects-normal/x86_64/PaperloftHandoff-dependency-scan.dia -validate-clang-modules-once -clang-build-session-file /Users/builder/Factory/paperloft/evidence/checkouts/p3-3dfb51d/build/QADerivedData/ModuleCache.noindex/Session.modulevalidation -Xcc -fmodules-prune-interval\=86400 -Xcc -fmodules-prune-after\=345600 -package-name paperlofthandoff -emit-const-values -const-gather-protocols-list /Users/builder/Factory/paperloft/evidence/checkouts/p3-3dfb51d/build/QADerivedData/Build/Intermediates.noindex/PaperloftHandoff.build/QA/PaperloftHandoff-t.build/Objects-normal/x86_64/PaperloftHandoff_const_extract_protocols.json -Xcc -I/Users/builder/Factory/paperloft/evidence/checkouts/p3-3dfb51d/build/QADerivedData/Build/Products/QA/include -Xcc -I/Users/builder/Factory/paperloft/evidence/checkouts/p3-3dfb51d/build/QADerivedData/Build/Intermediates.noindex/PaperloftHandoff.build/QA/PaperloftHandoff-t.build/DerivedSources-normal/x86_64 -Xcc -I/Users/builder/Factory/paperloft/evidence/checkouts/p3-3dfb51d/build/QADerivedData/Build/Intermediates.noindex/PaperloftHandoff.build/QA/PaperloftHandoff-t.build/DerivedSources/x86_64 -Xcc -I/Users/builder/Factory/paperloft/evidence/checkouts/p3-3dfb51d/build/QADerivedData/Build/Intermediates.noindex/PaperloftHandoff.build/QA/PaperloftHandoff-t.build/DerivedSources -Xcc -DSWIFT_PACKAGE -emit-objc-header -emit-objc-header-path /Users/builder/Factory/paperloft/evidence/checkouts/p3-3dfb51d/build/QADerivedData/Build/Intermediates.noindex/PaperloftHandoff.build/QA/PaperloftHandoff-t.build/Objects-normal/x86_64/PaperloftHandoff-Swift.h -working-directory /Users/builder/Factory/paperloft/evidence/checkouts/p3-3dfb51d/Paperloft.xcodeproj -no-emit-module-separately-wmo

SwiftMergeGeneratedHeaders /Users/builder/Factory/paperloft/evidence/checkouts/p3-3dfb51d/build/QADerivedData/Build/Intermediates.noindex/GeneratedModuleMaps/PaperloftHandoff-Swift.h /Users/builder/Factory/paperloft/evidence/checkouts/p3-3dfb51d/build/QADerivedData/Build/Intermediates.noindex/PaperloftHandoff.build/QA/PaperloftHandoff-t.build/Objects-normal/arm64/PaperloftHandoff-Swift.h /Users/builder/Factory/paperloft/evidence/checkouts/p3-3dfb51d/build/QADerivedData/Build/Intermediates.noindex/PaperloftHandoff.build/QA/PaperloftHandoff-t.build/Objects-normal/x86_64/PaperloftHandoff-Swift.h (in target 'PaperloftHandoff' from project 'PaperloftHandoff')
    cd /Users/builder/Factory/paperloft/evidence/checkouts/p3-3dfb51d/Packages/PaperloftHandoff
    builtin-swiftHeaderTool -arch arm64 /Users/builder/Factory/paperloft/evidence/checkouts/p3-3dfb51d/build/QADerivedData/Build/Intermediates.noindex/PaperloftHandoff.build/QA/PaperloftHandoff-t.build/Objects-normal/arm64/PaperloftHandoff-Swift.h -arch x86_64 /Users/builder/Factory/paperloft/evidence/checkouts/p3-3dfb51d/build/QADerivedData/Build/Intermediates.noindex/PaperloftHandoff.build/QA/PaperloftHandoff-t.build/Objects-normal/x86_64/PaperloftHandoff-Swift.h -o /Users/builder/Factory/paperloft/evidence/checkouts/p3-3dfb51d/build/QADerivedData/Build/Intermediates.noindex/GeneratedModuleMaps/PaperloftHandoff-Swift.h

Copy /Users/builder/Factory/paperloft/evidence/checkouts/p3-3dfb51d/build/QADerivedData/Build/Products/QA/PaperloftHandoff.swiftmodule/x86_64-apple-macos.swiftdoc /Users/builder/Factory/paperloft/evidence/checkouts/p3-3dfb51d/build/QADerivedData/Build/Intermediates.noindex/PaperloftHandoff.build/QA/PaperloftHandoff-t.build/Objects-normal/x86_64/PaperloftHandoff.swiftdoc (in target 'PaperloftHandoff' from project 'PaperloftHandoff')
    cd /Users/builder/Factory/paperloft/evidence/checkouts/p3-3dfb51d/Packages/PaperloftHandoff
    builtin-copy -exclude .DS_Store -exclude CVS -exclude .svn -exclude .git -exclude .hg -strip-unsigned-binaries -strip-deterministic -strip-tool /Applications/Xcode.app/Contents/Developer/Toolchains/XcodeDefault.xctoolchain/usr/bin/strip -resolve-src-symlinks -rename /Users/builder/Factory/paperloft/evidence/checkouts/p3-3dfb51d/build/QADerivedData/Build/Intermediates.noindex/PaperloftHandoff.build/QA/PaperloftHandoff-t.build/Objects-normal/x86_64/PaperloftHandoff.swiftdoc /Users/builder/Factory/paperloft/evidence/checkouts/p3-3dfb51d/build/QADerivedData/Build/Products/QA/PaperloftHandoff.swiftmodule/x86_64-apple-macos.swiftdoc

Copy /Users/builder/Factory/paperloft/evidence/checkouts/p3-3dfb51d/build/QADerivedData/Build/Products/QA/PaperloftHandoff.swiftmodule/x86_64-apple-macos.swiftmodule /Users/builder/Factory/paperloft/evidence/checkouts/p3-3dfb51d/build/QADerivedData/Build/Intermediates.noindex/PaperloftHandoff.build/QA/PaperloftHandoff-t.build/Objects-normal/x86_64/PaperloftHandoff.swiftmodule (in target 'PaperloftHandoff' from project 'PaperloftHandoff')
    cd /Users/builder/Factory/paperloft/evidence/checkouts/p3-3dfb51d/Packages/PaperloftHandoff
    builtin-copy -exclude .DS_Store -exclude CVS -exclude .svn -exclude .git -exclude .hg -strip-unsigned-binaries -strip-deterministic -strip-tool /Applications/Xcode.app/Contents/Developer/Toolchains/XcodeDefault.xctoolchain/usr/bin/strip -resolve-src-symlinks -rename /Users/builder/Factory/paperloft/evidence/checkouts/p3-3dfb51d/build/QADerivedData/Build/Intermediates.noindex/PaperloftHandoff.build/QA/PaperloftHandoff-t.build/Objects-normal/x86_64/PaperloftHandoff.swiftmodule /Users/builder/Factory/paperloft/evidence/checkouts/p3-3dfb51d/build/QADerivedData/Build/Products/QA/PaperloftHandoff.swiftmodule/x86_64-apple-macos.swiftmodule

Copy /Users/builder/Factory/paperloft/evidence/checkouts/p3-3dfb51d/build/QADerivedData/Build/Products/QA/PaperloftHandoff.swiftmodule/x86_64-apple-macos.abi.json /Users/builder/Factory/paperloft/evidence/checkouts/p3-3dfb51d/build/QADerivedData/Build/Intermediates.noindex/PaperloftHandoff.build/QA/PaperloftHandoff-t.build/Objects-normal/x86_64/PaperloftHandoff.abi.json (in target 'PaperloftHandoff' from project 'PaperloftHandoff')
    cd /Users/builder/Factory/paperloft/evidence/checkouts/p3-3dfb51d/Packages/PaperloftHandoff
    builtin-copy -exclude .DS_Store -exclude CVS -exclude .svn -exclude .git -exclude .hg -strip-unsigned-binaries -strip-deterministic -strip-tool /Applications/Xcode.app/Contents/Developer/Toolchains/XcodeDefault.xctoolchain/usr/bin/strip -resolve-src-symlinks -rename /Users/builder/Factory/paperloft/evidence/checkouts/p3-3dfb51d/build/QADerivedData/Build/Intermediates.noindex/PaperloftHandoff.build/QA/PaperloftHandoff-t.build/Objects-normal/x86_64/PaperloftHandoff.abi.json /Users/builder/Factory/paperloft/evidence/checkouts/p3-3dfb51d/build/QADerivedData/Build/Products/QA/PaperloftHandoff.swiftmodule/x86_64-apple-macos.abi.json

Ld /Users/builder/Factory/paperloft/evidence/checkouts/p3-3dfb51d/build/QADerivedData/Build/Intermediates.noindex/PaperloftHandoff.build/QA/PaperloftHandoff-t.build/Objects-normal/arm64/Binary/PaperloftHandoff.o normal arm64 (in target 'PaperloftHandoff' from project 'PaperloftHandoff')
    cd /Users/builder/Factory/paperloft/evidence/checkouts/p3-3dfb51d/Packages/PaperloftHandoff
    /Applications/Xcode.app/Contents/Developer/Toolchains/XcodeDefault.xctoolchain/usr/bin/clang -Xlinker -reproducible -target arm64-apple-macos13.0 -r -isysroot /Applications/Xcode.app/Contents/Developer/Platforms/MacOSX.platform/Developer/SDKs/MacOSX27.0.sdk -Os -Xlinker -no_warn_duplicate_libraries -F/Users/builder/Factory/paperloft/evidence/checkouts/p3-3dfb51d/build/QADerivedData/Build/Intermediates.noindex/EagerLinkingTBDs/QA -F/Users/builder/Factory/paperloft/evidence/checkouts/p3-3dfb51d/build/QADerivedData/Build/Products/QA -iframework /Applications/Xcode.app/Contents/Developer/Platforms/MacOSX.platform/Developer/Library/Frameworks -filelist /Users/builder/Factory/paperloft/evidence/checkouts/p3-3dfb51d/build/QADerivedData/Build/Intermediates.noindex/PaperloftHandoff.build/QA/PaperloftHandoff-t.build/Objects-normal/arm64/PaperloftHandoff.LinkFileList -nostdlib -Xlinker -object_path_lto -Xlinker /Users/builder/Factory/paperloft/evidence/checkouts/p3-3dfb51d/build/QADerivedData/Build/Intermediates.noindex/PaperloftHandoff.build/QA/PaperloftHandoff-t.build/Objects-normal/arm64/PaperloftHandoff_lto.o -Xlinker -debug_variant -Xlinker -dependency_info -Xlinker /Users/builder/Factory/paperloft/evidence/checkouts/p3-3dfb51d/build/QADerivedData/Build/Intermediates.noindex/PaperloftHandoff.build/QA/PaperloftHandoff-t.build/Objects-normal/arm64/PaperloftHandoff_dependency_info.dat -fobjc-link-runtime -L/Applications/Xcode.app/Contents/Developer/Toolchains/XcodeDefault.xctoolchain/usr/lib/swift/macosx -L/usr/lib/swift -Xlinker -add_ast_path -Xlinker /Users/builder/Factory/paperloft/evidence/checkouts/p3-3dfb51d/build/QADerivedData/Build/Intermediates.noindex/PaperloftHandoff.build/QA/PaperloftHandoff-t.build/Objects-normal/arm64/PaperloftHandoff.swiftmodule -o /Users/builder/Factory/paperloft/evidence/checkouts/p3-3dfb51d/build/QADerivedData/Build/Intermediates.noindex/PaperloftHandoff.build/QA/PaperloftHandoff-t.build/Objects-normal/arm64/Binary/PaperloftHandoff.o

Ld /Users/builder/Factory/paperloft/evidence/checkouts/p3-3dfb51d/build/QADerivedData/Build/Intermediates.noindex/PaperloftHandoff.build/QA/PaperloftHandoff-t.build/Objects-normal/x86_64/Binary/PaperloftHandoff.o normal x86_64 (in target 'PaperloftHandoff' from project 'PaperloftHandoff')
    cd /Users/builder/Factory/paperloft/evidence/checkouts/p3-3dfb51d/Packages/PaperloftHandoff
    /Applications/Xcode.app/Contents/Developer/Toolchains/XcodeDefault.xctoolchain/usr/bin/clang -Xlinker -reproducible -target x86_64-apple-macos13.0 -r -isysroot /Applications/Xcode.app/Contents/Developer/Platforms/MacOSX.platform/Developer/SDKs/MacOSX27.0.sdk -Os -Xlinker -no_warn_duplicate_libraries -F/Users/builder/Factory/paperloft/evidence/checkouts/p3-3dfb51d/build/QADerivedData/Build/Intermediates.noindex/EagerLinkingTBDs/QA -F/Users/builder/Factory/paperloft/evidence/checkouts/p3-3dfb51d/build/QADerivedData/Build/Products/QA -iframework /Applications/Xcode.app/Contents/Developer/Platforms/MacOSX.platform/Developer/Library/Frameworks -filelist /Users/builder/Factory/paperloft/evidence/checkouts/p3-3dfb51d/build/QADerivedData/Build/Intermediates.noindex/PaperloftHandoff.build/QA/PaperloftHandoff-t.build/Objects-normal/x86_64/PaperloftHandoff.LinkFileList -nostdlib -Xlinker -object_path_lto -Xlinker /Users/builder/Factory/paperloft/evidence/checkouts/p3-3dfb51d/build/QADerivedData/Build/Intermediates.noindex/PaperloftHandoff.build/QA/PaperloftHandoff-t.build/Objects-normal/x86_64/PaperloftHandoff_lto.o -Xlinker -debug_variant -Xlinker -dependency_info -Xlinker /Users/builder/Factory/paperloft/evidence/checkouts/p3-3dfb51d/build/QADerivedData/Build/Intermediates.noindex/PaperloftHandoff.build/QA/PaperloftHandoff-t.build/Objects-normal/x86_64/PaperloftHandoff_dependency_info.dat -fobjc-link-runtime -L/Applications/Xcode.app/Contents/Developer/Toolchains/XcodeDefault.xctoolchain/usr/lib/swift/macosx -L/usr/lib/swift -Xlinker -add_ast_path -Xlinker /Users/builder/Factory/paperloft/evidence/checkouts/p3-3dfb51d/build/QADerivedData/Build/Intermediates.noindex/PaperloftHandoff.build/QA/PaperloftHandoff-t.build/Objects-normal/x86_64/PaperloftHandoff.swiftmodule -o /Users/builder/Factory/paperloft/evidence/checkouts/p3-3dfb51d/build/QADerivedData/Build/Intermediates.noindex/PaperloftHandoff.build/QA/PaperloftHandoff-t.build/Objects-normal/x86_64/Binary/PaperloftHandoff.o

ProcessProductPackaging /Users/builder/Factory/paperloft/evidence/checkouts/p3-3dfb51d/Apps/PaperloftShare/PaperloftShare.entitlements /Users/builder/Factory/paperloft/evidence/checkouts/p3-3dfb51d/build/QADerivedData/Build/Intermediates.noindex/Paperloft.build/QA/PaperloftShare.build/PaperloftShare.appex.xcent (in target 'PaperloftShare' from project 'Paperloft')
    cd /Users/builder/Factory/paperloft/evidence/checkouts/p3-3dfb51d
    
    Entitlements:
    
    {
    "com.apple.security.app-sandbox" = 1;
    "com.apple.security.get-task-allow" = 1;
}
    
    builtin-productPackagingUtility /Users/builder/Factory/paperloft/evidence/checkouts/p3-3dfb51d/Apps/PaperloftShare/PaperloftShare.entitlements -entitlements -format xml -o /Users/builder/Factory/paperloft/evidence/checkouts/p3-3dfb51d/build/QADerivedData/Build/Intermediates.noindex/Paperloft.build/QA/PaperloftShare.build/PaperloftShare.appex.xcent

ProcessProductPackagingDER /Users/builder/Factory/paperloft/evidence/checkouts/p3-3dfb51d/build/QADerivedData/Build/Intermediates.noindex/Paperloft.build/QA/PaperloftShare.build/PaperloftShare.appex.xcent /Users/builder/Factory/paperloft/evidence/checkouts/p3-3dfb51d/build/QADerivedData/Build/Intermediates.noindex/Paperloft.build/QA/PaperloftShare.build/PaperloftShare.appex.xcent.der (in target 'PaperloftShare' from project 'Paperloft')
    cd /Users/builder/Factory/paperloft/evidence/checkouts/p3-3dfb51d
    /usr/bin/derq query -f xml -i /Users/builder/Factory/paperloft/evidence/checkouts/p3-3dfb51d/build/QADerivedData/Build/Intermediates.noindex/Paperloft.build/QA/PaperloftShare.build/PaperloftShare.appex.xcent -o /Users/builder/Factory/paperloft/evidence/checkouts/p3-3dfb51d/build/QADerivedData/Build/Intermediates.noindex/Paperloft.build/QA/PaperloftShare.build/PaperloftShare.appex.xcent.der --raw

SwiftDriver PaperloftShare normal arm64 com.apple.xcode.tools.swift.compiler (in target 'PaperloftShare' from project 'Paperloft')
    cd /Users/builder/Factory/paperloft/evidence/checkouts/p3-3dfb51d
    builtin-SwiftDriver -- /Applications/Xcode.app/Contents/Developer/Toolchains/XcodeDefault.xctoolchain/usr/bin/swiftc -module-name PaperloftShare -O @/Users/builder/Factory/paperloft/evidence/checkouts/p3-3dfb51d/build/QADerivedData/Build/Intermediates.noindex/Paperloft.build/QA/PaperloftShare.build/Objects-normal/arm64/PaperloftShare.SwiftFileList -DQA -enable-experimental-feature DebugDescriptionMacro -sdk /Applications/Xcode.app/Contents/Developer/Platforms/MacOSX.platform/Developer/SDKs/MacOSX27.0.sdk -target arm64-apple-macos27.0 -g -module-cache-path /Users/builder/Factory/paperloft/evidence/checkouts/p3-3dfb51d/build/QADerivedData/ModuleCache.noindex -Xfrontend -serialize-debugging-options -application-extension -profile-coverage-mapping -profile-generate -enable-testing -warnings-as-errors -swift-version 6 -I /Users/builder/Factory/paperloft/evidence/checkouts/p3-3dfb51d/build/QADerivedData/Build/Products/QA -F /Users/builder/Factory/paperloft/evidence/checkouts/p3-3dfb51d/build/QADerivedData/Build/Products/QA/PackageFrameworks -F /Users/builder/Factory/paperloft/evidence/checkouts/p3-3dfb51d/build/QADerivedData/Build/Products/QA -parse-as-library -c -j10 -enable-batch-mode -incremental -Xcc -ivfsstatcache -Xcc /Users/builder/Factory/paperloft/evidence/checkouts/p3-3dfb51d/build/QADerivedData/SDKStatCaches.noindex/macosx27.0-26A425-7231f6df4def33e022ae2eb8f782df1a.sdkstatcache -output-file-map /Users/builder/Factory/paperloft/evidence/checkouts/p3-3dfb51d/build/QADerivedData/Build/Intermediates.noindex/Paperloft.build/QA/PaperloftShare.build/Objects-normal/arm64/PaperloftShare-OutputFileMap.json -save-temps -no-color-diagnostics -explicit-module-build -module-cache-path /Users/builder/Factory/paperloft/evidence/checkouts/p3-3dfb51d/build/QADerivedData/Build/Intermediates.noindex/SwiftExplicitPrecompiledModules -clang-scanner-module-cache-path /Users/builder/Factory/paperloft/evidence/checkouts/p3-3dfb51d/build/QADerivedData/ModuleCache.noindex -sdk-module-cache-path /Users/builder/Factory/paperloft/evidence/checkouts/p3-3dfb51d/build/QADerivedData/SDKExplicitPrecompiledModules -emit-dependencies -emit-module -emit-module-path /Users/builder/Factory/paperloft/evidence/checkouts/p3-3dfb51d/build/QADerivedData/Build/Intermediates.noindex/Paperloft.build/QA/PaperloftShare.build/Objects-normal/arm64/PaperloftShare.swiftmodule -serialize-diagnostics -dependency-scan-serialize-diagnostics-path /Users/builder/Factory/paperloft/evidence/checkouts/p3-3dfb51d/build/QADerivedData/Build/Intermediates.noindex/Paperloft.build/QA/PaperloftShare.build/Objects-normal/arm64/PaperloftShare-dependency-scan.dia -validate-clang-modules-once -clang-build-session-file /Users/builder/Factory/paperloft/evidence/checkouts/p3-3dfb51d/build/QADerivedData/ModuleCache.noindex/Session.modulevalidation -Xcc -fmodules-prune-interval\=86400 -Xcc -fmodules-prune-after\=345600 -emit-const-values -const-gather-protocols-list /Users/builder/Factory/paperloft/evidence/checkouts/p3-3dfb51d/build/QADerivedData/Build/Intermediates.noindex/Paperloft.build/QA/PaperloftShare.build/Objects-normal/arm64/PaperloftShare_const_extract_protocols.json -Xcc -iquote -Xcc /Users/builder/Factory/paperloft/evidence/checkouts/p3-3dfb51d/build/QADerivedData/Build/Intermediates.noindex/Paperloft.build/QA/PaperloftShare.build/PaperloftShare-generated-files.hmap -Xcc -I/Users/builder/Factory/paperloft/evidence/checkouts/p3-3dfb51d/build/QADerivedData/Build/Intermediates.noindex/Paperloft.build/QA/PaperloftShare.build/PaperloftShare-own-target-headers.hmap -Xcc -I/Users/builder/Factory/paperloft/evidence/checkouts/p3-3dfb51d/build/QADerivedData/Build/Intermediates.noindex/Paperloft.build/QA/PaperloftShare.build/PaperloftShare-all-non-framework-target-headers.hmap -Xcc -ivfsoverlay -Xcc /Users/builder/Factory/paperloft/evidence/checkouts/p3-3dfb51d/build/QADerivedData/Build/Intermediates.noindex/Paperloft.build/QA/Paperloft-b93ddc6bcd4d234a5473ab01ad3589c4-VFS/all-product-headers.yaml -Xcc -iquote -Xcc /Users/builder/Factory/paperloft/evidence/checkouts/p3-3dfb51d/build/QADerivedData/Build/Intermediates.noindex/Paperloft.build/QA/PaperloftShare.build/PaperloftShare-project-headers.hmap -Xcc -I/Users/builder/Factory/paperloft/evidence/checkouts/p3-3dfb51d/build/QADerivedData/Build/Products/QA/include -Xcc -I/Users/builder/Factory/paperloft/evidence/checkouts/p3-3dfb51d/build/QADerivedData/Build/Intermediates.noindex/Paperloft.build/QA/PaperloftShare.build/DerivedSources-normal/arm64 -Xcc -I/Users/builder/Factory/paperloft/evidence/checkouts/p3-3dfb51d/build/QADerivedData/Build/Intermediates.noindex/Paperloft.build/QA/PaperloftShare.build/DerivedSources/arm64 -Xcc -I/Users/builder/Factory/paperloft/evidence/checkouts/p3-3dfb51d/build/QADerivedData/Build/Intermediates.noindex/Paperloft.build/QA/PaperloftShare.build/DerivedSources -emit-objc-header -emit-objc-header-path /Users/builder/Factory/paperloft/evidence/checkouts/p3-3dfb51d/build/QADerivedData/Build/Intermediates.noindex/Paperloft.build/QA/PaperloftShare.build/Objects-normal/arm64/PaperloftShare-Swift.h -working-directory /Users/builder/Factory/paperloft/evidence/checkouts/p3-3dfb51d -experimental-emit-module-separately -disable-cmo

CreateUniversalBinary /Users/builder/Factory/paperloft/evidence/checkouts/p3-3dfb51d/build/QADerivedData/Build/Products/QA/PaperloftHandoff.o normal arm64\ x86_64 (in target 'PaperloftHandoff' from project 'PaperloftHandoff')
    cd /Users/builder/Factory/paperloft/evidence/checkouts/p3-3dfb51d/Packages/PaperloftHandoff
    /Applications/Xcode.app/Contents/Developer/Toolchains/XcodeDefault.xctoolchain/usr/bin/lipo -create /Users/builder/Factory/paperloft/evidence/checkouts/p3-3dfb51d/build/QADerivedData/Build/Intermediates.noindex/PaperloftHandoff.build/QA/PaperloftHandoff-t.build/Objects-normal/arm64/Binary/PaperloftHandoff.o /Users/builder/Factory/paperloft/evidence/checkouts/p3-3dfb51d/build/QADerivedData/Build/Intermediates.noindex/PaperloftHandoff.build/QA/PaperloftHandoff-t.build/Objects-normal/x86_64/Binary/PaperloftHandoff.o -output /Users/builder/Factory/paperloft/evidence/checkouts/p3-3dfb51d/build/QADerivedData/Build/Products/QA/PaperloftHandoff.o

ExtractAppIntentsMetadata (in target 'PaperloftHandoff' from project 'PaperloftHandoff')
    cd /Users/builder/Factory/paperloft/evidence/checkouts/p3-3dfb51d/Packages/PaperloftHandoff
    /Applications/Xcode.app/Contents/Developer/Toolchains/XcodeDefault.xctoolchain/usr/bin/appintentsmetadataprocessor --toolchain-dir /Applications/Xcode.app/Contents/Developer/Toolchains/XcodeDefault.xctoolchain --module-name PaperloftHandoff --sdk-root /Applications/Xcode.app/Contents/Developer/Platforms/MacOSX.platform/Developer/SDKs/MacOSX27.0.sdk --xcode-version 27A266a --platform-family macOS --deployment-target 13.0 --bundle-identifier paperlofthandoff.PaperloftHandoff --output /Users/builder/Factory/paperloft/evidence/checkouts/p3-3dfb51d/build/QADerivedData/Build/Products/QA/PaperloftHandoff.appintents --target-triple arm64-apple-macos13.0 --target-triple x86_64-apple-macos13.0 --binary-file /Users/builder/Factory/paperloft/evidence/checkouts/p3-3dfb51d/build/QADerivedData/Build/Products/QA/PaperloftHandoff.o --dependency-file /Users/builder/Factory/paperloft/evidence/checkouts/p3-3dfb51d/build/QADerivedData/Build/Intermediates.noindex/PaperloftHandoff.build/QA/PaperloftHandoff-t.build/Objects-normal/arm64/PaperloftHandoff_dependency_info.dat --dependency-file /Users/builder/Factory/paperloft/evidence/checkouts/p3-3dfb51d/build/QADerivedData/Build/Intermediates.noindex/PaperloftHandoff.build/QA/PaperloftHandoff-t.build/Objects-normal/x86_64/PaperloftHandoff_dependency_info.dat --stringsdata-file /Users/builder/Factory/paperloft/evidence/checkouts/p3-3dfb51d/build/QADerivedData/Build/Intermediates.noindex/PaperloftHandoff.build/QA/PaperloftHandoff-t.build/Objects-normal/arm64/ExtractedAppShortcutsMetadata.stringsdata --stringsdata-file /Users/builder/Factory/paperloft/evidence/checkouts/p3-3dfb51d/build/QADerivedData/Build/Intermediates.noindex/PaperloftHandoff.build/QA/PaperloftHandoff-t.build/Objects-normal/x86_64/ExtractedAppShortcutsMetadata.stringsdata --source-file-list /Users/builder/Factory/paperloft/evidence/checkouts/p3-3dfb51d/build/QADerivedData/Build/Intermediates.noindex/PaperloftHandoff.build/QA/PaperloftHandoff-t.build/Objects-normal/arm64/PaperloftHandoff.SwiftFileList --source-file-list /Users/builder/Factory/paperloft/evidence/checkouts/p3-3dfb51d/build/QADerivedData/Build/Intermediates.noindex/PaperloftHandoff.build/QA/PaperloftHandoff-t.build/Objects-normal/x86_64/PaperloftHandoff.SwiftFileList --metadata-file-list /Users/builder/Factory/paperloft/evidence/checkouts/p3-3dfb51d/build/QADerivedData/Build/Intermediates.noindex/PaperloftHandoff.build/QA/PaperloftHandoff-t.build/PaperloftHandoff.DependencyMetadataFileList --static-metadata-file-list /Users/builder/Factory/paperloft/evidence/checkouts/p3-3dfb51d/build/QADerivedData/Build/Intermediates.noindex/PaperloftHandoff.build/QA/PaperloftHandoff-t.build/PaperloftHandoff.DependencyStaticMetadataFileList --swift-const-vals-list /Users/builder/Factory/paperloft/evidence/checkouts/p3-3dfb51d/build/QADerivedData/Build/Intermediates.noindex/PaperloftHandoff.build/QA/PaperloftHandoff-t.build/Objects-normal/arm64/PaperloftHandoff.SwiftConstValuesFileList --swift-const-vals-list /Users/builder/Factory/paperloft/evidence/checkouts/p3-3dfb51d/build/QADerivedData/Build/Intermediates.noindex/PaperloftHandoff.build/QA/PaperloftHandoff-t.build/Objects-normal/x86_64/PaperloftHandoff.SwiftConstValuesFileList --force --compile-time-extraction --deployment-aware-processing --no-app-shortcuts-localization
2026-10-01 20:45:40.719 appintentsmetadataprocessor[8757:6619133] Starting appintentsmetadataprocessor export
2026-10-01 20:45:40.797 appintentsmetadataprocessor[8757:6619133] Extracted no relevant App Intents symbols, skipping writing output

CpResource /Users/builder/Factory/paperloft/evidence/checkouts/p3-3dfb51d/build/QADerivedData/Build/Products/QA/PaperloftShare.appex/Contents/Resources/PrivacyInfo.xcprivacy /Users/builder/Factory/paperloft/evidence/checkouts/p3-3dfb51d/Apps/PaperloftShare/PrivacyInfo.xcprivacy (in target 'PaperloftShare' from project 'Paperloft')
    cd /Users/builder/Factory/paperloft/evidence/checkouts/p3-3dfb51d
    builtin-copy -exclude .DS_Store -exclude CVS -exclude .svn -exclude .git -exclude .hg -strip-unsigned-binaries -strip-deterministic -strip-tool /Applications/Xcode.app/Contents/Developer/Toolchains/XcodeDefault.xctoolchain/usr/bin/strip -resolve-src-symlinks /Users/builder/Factory/paperloft/evidence/checkouts/p3-3dfb51d/Apps/PaperloftShare/PrivacyInfo.xcprivacy /Users/builder/Factory/paperloft/evidence/checkouts/p3-3dfb51d/build/QADerivedData/Build/Products/QA/PaperloftShare.appex/Contents/Resources

ProcessInfoPlistFile /Users/builder/Factory/paperloft/evidence/checkouts/p3-3dfb51d/build/QADerivedData/Build/Products/QA/PaperloftShare.appex/Contents/Info.plist /Users/builder/Factory/paperloft/evidence/checkouts/p3-3dfb51d/Configuration/Share-Info.plist (in target 'PaperloftShare' from project 'Paperloft')
    cd /Users/builder/Factory/paperloft/evidence/checkouts/p3-3dfb51d
    builtin-infoPlistUtility /Users/builder/Factory/paperloft/evidence/checkouts/p3-3dfb51d/Configuration/Share-Info.plist -producttype com.apple.product-type.app-extension -expandbuildsettings -platform macosx -o /Users/builder/Factory/paperloft/evidence/checkouts/p3-3dfb51d/build/QADerivedData/Build/Products/QA/PaperloftShare.appex/Contents/Info.plist

SwiftExplicitDependencyGeneratePcm arm64 /Users/builder/Factory/paperloft/evidence/checkouts/p3-3dfb51d/build/QADerivedData/SDKExplicitPrecompiledModules/_Builtin_stdbool-707HW218JM5OW73VBARXQBVJL.pcm

SwiftExplicitDependencyGeneratePcm arm64 /Users/builder/Factory/paperloft/evidence/checkouts/p3-3dfb51d/build/QADerivedData/SDKExplicitPrecompiledModules/ptrcheck-3TRSHSUXLCUCAFAN0QCVB8P0W.pcm

SwiftExplicitDependencyGeneratePcm arm64 /Users/builder/Factory/paperloft/evidence/checkouts/p3-3dfb51d/build/QADerivedData/SDKExplicitPrecompiledModules/_Builtin_stdarg-5TRCVNZ3BX0FVNJ2RV4WUVHO6.pcm

SwiftExplicitDependencyGeneratePcm arm64 /Users/builder/Factory/paperloft/evidence/checkouts/p3-3dfb51d/build/QADerivedData/SDKExplicitPrecompiledModules/_Builtin_float-BACY5UY5EZWRX36F5TWIVJKN1.pcm

SwiftExplicitDependencyGeneratePcm arm64 /Users/builder/Factory/paperloft/evidence/checkouts/p3-3dfb51d/build/QADerivedData/SDKExplicitPrecompiledModules/_AvailabilityInternal-2JDUWKYKPET463WM98DU8MFVV.pcm

SwiftExplicitDependencyGeneratePcm arm64 /Users/builder/Factory/paperloft/evidence/checkouts/p3-3dfb51d/build/QADerivedData/SDKExplicitPrecompiledModules/DeveloperToolsSupport-5ND7L18QKQVLONYHIKWPUK4C1.pcm

SwiftExplicitDependencyGeneratePcm arm64 /Users/builder/Factory/paperloft/evidence/checkouts/p3-3dfb51d/build/QADerivedData/SDKExplicitPrecompiledModules/_Builtin_stddef-49WZ7CKBPJML8FZI5DZ41KS6.pcm

SwiftExplicitDependencyGeneratePcm arm64 /Users/builder/Factory/paperloft/evidence/checkouts/p3-3dfb51d/build/QADerivedData/SDKExplicitPrecompiledModules/SwiftShims-1CHCFA4LUUGB1FEEPZALPD0XR.pcm

SwiftExplicitDependencyGeneratePcm arm64 /Users/builder/Factory/paperloft/evidence/checkouts/p3-3dfb51d/build/QADerivedData/SDKExplicitPrecompiledModules/_SwiftConcurrencyShims-7NH1QCUPN3O6IF0HUS49I4B0S.pcm

SwiftExplicitDependencyGeneratePcm arm64 /Users/builder/Factory/paperloft/evidence/checkouts/p3-3dfb51d/build/QADerivedData/SDKExplicitPrecompiledModules/ptrauth-96XPYJQB9GQ37QEWG6A3AIFO0.pcm

SwiftExplicitDependencyGeneratePcm arm64 /Users/builder/Factory/paperloft/evidence/checkouts/p3-3dfb51d/build/QADerivedData/SDKExplicitPrecompiledModules/_DarwinFoundation1-DSCOLYSSA4LAI4Q0U3YNRAFVN.pcm

SwiftExplicitDependencyGeneratePcm arm64 /Users/builder/Factory/paperloft/evidence/checkouts/p3-3dfb51d/build/QADerivedData/SDKExplicitPrecompiledModules/_Builtin_limits-EPFQPQN8HLOBXEKVZHUGGPO0I.pcm

SwiftExplicitDependencyGeneratePcm arm64 /Users/builder/Factory/paperloft/evidence/checkouts/p3-3dfb51d/build/QADerivedData/SDKExplicitPrecompiledModules/_DarwinFoundation2-9KB9AKJTHX9NQ6MLYPM9LF4M8.pcm

SwiftExplicitDependencyGeneratePcm arm64 /Users/builder/Factory/paperloft/evidence/checkouts/p3-3dfb51d/build/QADerivedData/SDKExplicitPrecompiledModules/sys_types-KYT05LFKIWQ9DEZ650CPKWZ6.pcm

SwiftExplicitDependencyGeneratePcm arm64 /Users/builder/Factory/paperloft/evidence/checkouts/p3-3dfb51d/build/QADerivedData/SDKExplicitPrecompiledModules/string_h-E3LXH1W2OHXY4HW2VF2UQFFIR.pcm

SwiftExplicitDependencyGeneratePcm arm64 /Users/builder/Factory/paperloft/evidence/checkouts/p3-3dfb51d/build/QADerivedData/SDKExplicitPrecompiledModules/_Builtin_stdint-1RWBIUXLPHPRQR2OQ3RMVG5BI.pcm

SwiftExplicitDependencyGeneratePcm arm64 /Users/builder/Factory/paperloft/evidence/checkouts/p3-3dfb51d/build/QADerivedData/SDKExplicitPrecompiledModules/_Builtin_tgmath-A3CCRR85BBQCZYMX9KDEBA6DD.pcm

SwiftExplicitDependencyGeneratePcm arm64 /Users/builder/Factory/paperloft/evidence/checkouts/p3-3dfb51d/build/QADerivedData/SDKExplicitPrecompiledModules/_DarwinFoundation3-5LB64QE8UX0RB1XTXVBE4XZC.pcm

SwiftExplicitDependencyGeneratePcm arm64 /Users/builder/Factory/paperloft/evidence/checkouts/p3-3dfb51d/build/QADerivedData/SDKExplicitPrecompiledModules/_Builtin_intrinsics-3SBLRMZ46BNCR76IPEI7VV0P5.pcm

SwiftExplicitDependencyGeneratePcm arm64 /Users/builder/Factory/paperloft/evidence/checkouts/p3-3dfb51d/build/QADerivedData/SDKExplicitPrecompiledModules/libDER-9MVXQ2NU8N998OXY1DG8ZOV2L.pcm

SwiftExplicitDependencyGeneratePcm arm64 /Users/builder/Factory/paperloft/evidence/checkouts/p3-3dfb51d/build/QADerivedData/SDKExplicitPrecompiledModules/_Builtin_stdatomic-DEAUZU0RMIJI0ECAIHS2YNKRN.pcm

SwiftExplicitDependencyGeneratePcm arm64 /Users/builder/Factory/paperloft/evidence/checkouts/p3-3dfb51d/build/QADerivedData/SDKExplicitPrecompiledModules/_Builtin_inttypes-3N240IDGI1P3C2O68ZY86QY75.pcm

SwiftExplicitDependencyGeneratePcm arm64 /Users/builder/Factory/paperloft/evidence/checkouts/p3-3dfb51d/build/QADerivedData/SDKExplicitPrecompiledModules/Darwin-8JIRAP7NUF3YXAFXUWHSAMW70.pcm

SwiftExplicitDependencyGeneratePcm arm64 /Users/builder/Factory/paperloft/evidence/checkouts/p3-3dfb51d/build/QADerivedData/SDKExplicitPrecompiledModules/simd-7C7AX1EBZ803NAHZRPF6HIX20.pcm

SwiftExplicitDependencyGeneratePcm arm64 /Users/builder/Factory/paperloft/evidence/checkouts/p3-3dfb51d/build/QADerivedData/SDKExplicitPrecompiledModules/libkern-CYBX9XDHB5431ZAER6NO1MKLR.pcm

SwiftExplicitDependencyGeneratePcm arm64 /Users/builder/Factory/paperloft/evidence/checkouts/p3-3dfb51d/build/QADerivedData/SDKExplicitPrecompiledModules/launch-9WZUJSOH2LEYPPN3VVKCYLV7Q.pcm

SwiftExplicitDependencyGeneratePcm arm64 /Users/builder/Factory/paperloft/evidence/checkouts/p3-3dfb51d/build/QADerivedData/SDKExplicitPrecompiledModules/CUPS-2WARK3PNDCDZT465E6HNUKQ93.pcm

SwiftExplicitDependencyGeneratePcm arm64 /Users/builder/Factory/paperloft/evidence/checkouts/p3-3dfb51d/build/QADerivedData/SDKExplicitPrecompiledModules/MachO-2GG0GL647V8EGE4MT4PBERAQX.pcm

SwiftExplicitDependencyGeneratePcm arm64 /Users/builder/Factory/paperloft/evidence/checkouts/p3-3dfb51d/build/QADerivedData/SDKExplicitPrecompiledModules/ObjectiveC-1R9TVXN02TLAEYFMAQKIPWC38.pcm

SwiftExplicitDependencyGeneratePcm arm64 /Users/builder/Factory/paperloft/evidence/checkouts/p3-3dfb51d/build/QADerivedData/SDKExplicitPrecompiledModules/Spatial-3XTI7C5ZROPC7O7RA55CFUMY2.pcm

SwiftExplicitDependencyGeneratePcm arm64 /Users/builder/Factory/paperloft/evidence/checkouts/p3-3dfb51d/build/QADerivedData/SDKExplicitPrecompiledModules/os_object-AFK5II2VS437ZLB8TUQQ4RRH4.pcm

SwiftExplicitDependencyGeneratePcm arm64 /Users/builder/Factory/paperloft/evidence/checkouts/p3-3dfb51d/build/QADerivedData/SDKExplicitPrecompiledModules/os_workgroup-C5MZRHW2QVTOK2ALDBRGA87JS.pcm

SwiftExplicitDependencyGeneratePcm arm64 /Users/builder/Factory/paperloft/evidence/checkouts/p3-3dfb51d/build/QADerivedData/SDKExplicitPrecompiledModules/Dispatch-7H18ZTHWIV0HH117DNJ95YF67.pcm

SwiftExplicitDependencyGeneratePcm arm64 /Users/builder/Factory/paperloft/evidence/checkouts/p3-3dfb51d/build/QADerivedData/SDKExplicitPrecompiledModules/CoreFoundation-2FM7R8394NED20SG21K5OT666.pcm

SwiftExplicitDependencyGeneratePcm arm64 /Users/builder/Factory/paperloft/evidence/checkouts/p3-3dfb51d/build/QADerivedData/SDKExplicitPrecompiledModules/XPC-EN5WVVMKZA284PGEX9PIKZYD9.pcm

SwiftExplicitDependencyGeneratePcm arm64 /Users/builder/Factory/paperloft/evidence/checkouts/p3-3dfb51d/build/QADerivedData/SDKExplicitPrecompiledModules/os-5F0UDW05Q262XKKX4461RMQ1O.pcm

SwiftExplicitDependencyGeneratePcm arm64 /Users/builder/Factory/paperloft/evidence/checkouts/p3-3dfb51d/build/QADerivedData/SDKExplicitPrecompiledModules/IOKit-16LXOCHCJ959EWSOKO5YS9YD0.pcm

SwiftExplicitDependencyGeneratePcm arm64 /Users/builder/Factory/paperloft/evidence/checkouts/p3-3dfb51d/build/QADerivedData/SDKExplicitPrecompiledModules/ColorSync-3OQGLANWHDKHB5B2I038626VK.pcm

SwiftExplicitDependencyGeneratePcm arm64 /Users/builder/Factory/paperloft/evidence/checkouts/p3-3dfb51d/build/QADerivedData/SDKExplicitPrecompiledModules/Security-5PDQXJRGY70B85P091KY1QQDR.pcm

SwiftExplicitDependencyGeneratePcm arm64 /Users/builder/Factory/paperloft/evidence/checkouts/p3-3dfb51d/build/QADerivedData/SDKExplicitPrecompiledModules/CFNetwork-CKVATHMBAJCI52GMJ5ES9AZK1.pcm

SwiftExplicitDependencyGeneratePcm arm64 /Users/builder/Factory/paperloft/evidence/checkouts/p3-3dfb51d/build/QADerivedData/SDKExplicitPrecompiledModules/CoreAudioTypes-3QRQBW61KHTOHYIEF4G3K9F8L.pcm

SwiftExplicitDependencyGeneratePcm arm64 /Users/builder/Factory/paperloft/evidence/checkouts/p3-3dfb51d/build/QADerivedData/SDKExplicitPrecompiledModules/DiskArbitration-E04B43WHGTG8T9B9WGMRHU65G.pcm

SwiftExplicitDependencyGeneratePcm arm64 /Users/builder/Factory/paperloft/evidence/checkouts/p3-3dfb51d/build/QADerivedData/SDKExplicitPrecompiledModules/CoreGraphics-CER9VGH2WACUAH960CAZXFNKV.pcm

SwiftExplicitDependencyGeneratePcm arm64 /Users/builder/Factory/paperloft/evidence/checkouts/p3-3dfb51d/build/QADerivedData/SDKExplicitPrecompiledModules/CoreServices-85CTFELRAGYX91NCV2LLSEXZI.pcm

SwiftExplicitDependencyGeneratePcm arm64 /Users/builder/Factory/paperloft/evidence/checkouts/p3-3dfb51d/build/QADerivedData/SDKExplicitPrecompiledModules/CoreText-N1LCJZ27BPODJ390PRQQF86I.pcm

SwiftExplicitDependencyGeneratePcm arm64 /Users/builder/Factory/paperloft/evidence/checkouts/p3-3dfb51d/build/QADerivedData/SDKExplicitPrecompiledModules/ImageIO-B48MN6CWT7E7I0MPU5FXMEK2N.pcm

SwiftExplicitDependencyGeneratePcm arm64 /Users/builder/Factory/paperloft/evidence/checkouts/p3-3dfb51d/build/QADerivedData/SDKExplicitPrecompiledModules/Foundation-39G26YEBO648K28X3GH3NT30Z.pcm

SwiftExplicitDependencyGeneratePcm arm64 /Users/builder/Factory/paperloft/evidence/checkouts/p3-3dfb51d/build/QADerivedData/SDKExplicitPrecompiledModules/IOSurface-7LPQXE8OVDZPRGHDBF4KL6M03.pcm

SwiftExplicitDependencyGeneratePcm arm64 /Users/builder/Factory/paperloft/evidence/checkouts/p3-3dfb51d/build/QADerivedData/SDKExplicitPrecompiledModules/UniformTypeIdentifiers-S45LVXF1KGXLZGHNKBBNWNWT.pcm

SwiftExplicitDependencyGeneratePcm arm64 /Users/builder/Factory/paperloft/evidence/checkouts/p3-3dfb51d/build/QADerivedData/SDKExplicitPrecompiledModules/Accessibility-ALL0J3DO0TNW2QA4LBKR6Q4VL.pcm

SwiftExplicitDependencyGeneratePcm arm64 /Users/builder/Factory/paperloft/evidence/checkouts/p3-3dfb51d/build/QADerivedData/SDKExplicitPrecompiledModules/ApplicationServices-7YNMZSU0MPP6FIP298HRY7RI6.pcm

SwiftExplicitDependencyGeneratePcm arm64 /Users/builder/Factory/paperloft/evidence/checkouts/p3-3dfb51d/build/QADerivedData/SDKExplicitPrecompiledModules/OSLog-9KRN984527H2MOLGJYXAXJ0PQ.pcm

SwiftExplicitDependencyGeneratePcm arm64 /Users/builder/Factory/paperloft/evidence/checkouts/p3-3dfb51d/build/QADerivedData/SDKExplicitPrecompiledModules/CoreAudio-3N8WK2BBW850S1VUG41UIJBVI.pcm

SwiftExplicitDependencyGeneratePcm arm64 /Users/builder/Factory/paperloft/evidence/checkouts/p3-3dfb51d/build/QADerivedData/SDKExplicitPrecompiledModules/DataDetection-42PA5RG7Q13L187W4FPYI86KA.pcm

SwiftExplicitDependencyGeneratePcm arm64 /Users/builder/Factory/paperloft/evidence/checkouts/p3-3dfb51d/build/QADerivedData/SDKExplicitPrecompiledModules/CoreData-2VHWDBQ1DS07OD0AURLAXZWPC.pcm

SwiftExplicitDependencyGeneratePcm arm64 /Users/builder/Factory/paperloft/evidence/checkouts/p3-3dfb51d/build/QADerivedData/SDKExplicitPrecompiledModules/Symbols-59KODUOHWT645PPFUURDIA3PZ.pcm

SwiftExplicitDependencyGeneratePcm arm64 /Users/builder/Factory/paperloft/evidence/checkouts/p3-3dfb51d/build/QADerivedData/SDKExplicitPrecompiledModules/CoreTransferable-41JDRDLPNT7INUV1SD865TLWN.pcm

SwiftExplicitDependencyGeneratePcm arm64 /Users/builder/Factory/paperloft/evidence/checkouts/p3-3dfb51d/build/QADerivedData/SDKExplicitPrecompiledModules/Metal-DF77LK46JW9UGNROLNN6GT1ZE.pcm

SwiftExplicitDependencyGeneratePcm arm64 /Users/builder/Factory/paperloft/evidence/checkouts/p3-3dfb51d/build/QADerivedData/SDKExplicitPrecompiledModules/OpenGL-2K9I2W4Z77GRXKOI542R00PE3.pcm

SwiftExplicitDependencyGeneratePcm arm64 /Users/builder/Factory/paperloft/evidence/checkouts/p3-3dfb51d/build/QADerivedData/SDKExplicitPrecompiledModules/CoreVideo-2KJRID77F7DC640211YZ9PFZE.pcm

SwiftExplicitDependencyGeneratePcm arm64 /Users/builder/Factory/paperloft/evidence/checkouts/p3-3dfb51d/build/QADerivedData/SDKExplicitPrecompiledModules/CoreMedia-2ZKGCIGX5FK30DJCEQS1IJQTF.pcm

SwiftExplicitDependencyGeneratePcm arm64 /Users/builder/Factory/paperloft/evidence/checkouts/p3-3dfb51d/build/QADerivedData/SDKExplicitPrecompiledModules/QuartzCore-ECAPMGJ3RDB0G6ZBBUGV68N79.pcm

SwiftExplicitDependencyGeneratePcm arm64 /Users/builder/Factory/paperloft/evidence/checkouts/p3-3dfb51d/build/QADerivedData/SDKExplicitPrecompiledModules/CoreImage-5GY3T6HRAV1N020OX3S87OIL5.pcm

SwiftExplicitDependencyGeneratePcm arm64 /Users/builder/Factory/paperloft/evidence/checkouts/p3-3dfb51d/build/QADerivedData/SDKExplicitPrecompiledModules/SwiftUICore-8SKRVNUHBWVEFOXOBYG6PFTFP.pcm

SwiftExplicitDependencyGeneratePcm arm64 /Users/builder/Factory/paperloft/evidence/checkouts/p3-3dfb51d/build/QADerivedData/SDKExplicitPrecompiledModules/AppKit-9Z5GW1QISMUZC4NN3S48CGT0T.pcm

SwiftExplicitDependencyGeneratePcm arm64 /Users/builder/Factory/paperloft/evidence/checkouts/p3-3dfb51d/build/QADerivedData/SDKExplicitPrecompiledModules/SwiftUI-FF5P1A4E1XLZNB2CKUY7IBD2.pcm

SwiftEmitModule normal arm64 Emitting\ module\ for\ PaperloftShare (in target 'PaperloftShare' from project 'Paperloft')

SwiftCompile normal arm64 (in target 'PaperloftShare' from project 'Paperloft')
    cd /Users/builder/Factory/paperloft/evidence/checkouts/p3-3dfb51d
    

SwiftCompile normal arm64 Compiling\ ShareViewController.swift /Users/builder/Factory/paperloft/evidence/checkouts/p3-3dfb51d/Apps/PaperloftShare/ShareViewController.swift (in target 'PaperloftShare' from project 'Paperloft')

SwiftCompile normal arm64 /Users/builder/Factory/paperloft/evidence/checkouts/p3-3dfb51d/Apps/PaperloftShare/ShareViewController.swift (in target 'PaperloftShare' from project 'Paperloft')
    cd /Users/builder/Factory/paperloft/evidence/checkouts/p3-3dfb51d
    builtin-SwiftPerFileCompile ShareViewController.swift

SwiftDriverJobDiscovery normal arm64 Emitting module for PaperloftShare (in target 'PaperloftShare' from project 'Paperloft')

SwiftDriver\ Compilation\ Requirements PaperloftShare normal arm64 com.apple.xcode.tools.swift.compiler (in target 'PaperloftShare' from project 'Paperloft')
    cd /Users/builder/Factory/paperloft/evidence/checkouts/p3-3dfb51d
    builtin-Swift-Compilation-Requirements -- /Applications/Xcode.app/Contents/Developer/Toolchains/XcodeDefault.xctoolchain/usr/bin/swiftc -module-name PaperloftShare -O @/Users/builder/Factory/paperloft/evidence/checkouts/p3-3dfb51d/build/QADerivedData/Build/Intermediates.noindex/Paperloft.build/QA/PaperloftShare.build/Objects-normal/arm64/PaperloftShare.SwiftFileList -DQA -enable-experimental-feature DebugDescriptionMacro -sdk /Applications/Xcode.app/Contents/Developer/Platforms/MacOSX.platform/Developer/SDKs/MacOSX27.0.sdk -target arm64-apple-macos27.0 -g -module-cache-path /Users/builder/Factory/paperloft/evidence/checkouts/p3-3dfb51d/build/QADerivedData/ModuleCache.noindex -Xfrontend -serialize-debugging-options -application-extension -profile-coverage-mapping -profile-generate -enable-testing -warnings-as-errors -swift-version 6 -I /Users/builder/Factory/paperloft/evidence/checkouts/p3-3dfb51d/build/QADerivedData/Build/Products/QA -F /Users/builder/Factory/paperloft/evidence/checkouts/p3-3dfb51d/build/QADerivedData/Build/Products/QA/PackageFrameworks -F /Users/builder/Factory/paperloft/evidence/checkouts/p3-3dfb51d/build/QADerivedData/Build/Products/QA -parse-as-library -c -j10 -enable-batch-mode -incremental -Xcc -ivfsstatcache -Xcc /Users/builder/Factory/paperloft/evidence/checkouts/p3-3dfb51d/build/QADerivedData/SDKStatCaches.noindex/macosx27.0-26A425-7231f6df4def33e022ae2eb8f782df1a.sdkstatcache -output-file-map /Users/builder/Factory/paperloft/evidence/checkouts/p3-3dfb51d/build/QADerivedData/Build/Intermediates.noindex/Paperloft.build/QA/PaperloftShare.build/Objects-normal/arm64/PaperloftShare-OutputFileMap.json -save-temps -no-color-diagnostics -explicit-module-build -module-cache-path /Users/builder/Factory/paperloft/evidence/checkouts/p3-3dfb51d/build/QADerivedData/Build/Intermediates.noindex/SwiftExplicitPrecompiledModules -clang-scanner-module-cache-path /Users/builder/Factory/paperloft/evidence/checkouts/p3-3dfb51d/build/QADerivedData/ModuleCache.noindex -sdk-module-cache-path /Users/builder/Factory/paperloft/evidence/checkouts/p3-3dfb51d/build/QADerivedData/SDKExplicitPrecompiledModules -emit-dependencies -emit-module -emit-module-path /Users/builder/Factory/paperloft/evidence/checkouts/p3-3dfb51d/build/QADerivedData/Build/Intermediates.noindex/Paperloft.build/QA/PaperloftShare.build/Objects-normal/arm64/PaperloftShare.swiftmodule -serialize-diagnostics -dependency-scan-serialize-diagnostics-path /Users/builder/Factory/paperloft/evidence/checkouts/p3-3dfb51d/build/QADerivedData/Build/Intermediates.noindex/Paperloft.build/QA/PaperloftShare.build/Objects-normal/arm64/PaperloftShare-dependency-scan.dia -validate-clang-modules-once -clang-build-session-file /Users/builder/Factory/paperloft/evidence/checkouts/p3-3dfb51d/build/QADerivedData/ModuleCache.noindex/Session.modulevalidation -Xcc -fmodules-prune-interval\=86400 -Xcc -fmodules-prune-after\=345600 -emit-const-values -const-gather-protocols-list /Users/builder/Factory/paperloft/evidence/checkouts/p3-3dfb51d/build/QADerivedData/Build/Intermediates.noindex/Paperloft.build/QA/PaperloftShare.build/Objects-normal/arm64/PaperloftShare_const_extract_protocols.json -Xcc -iquote -Xcc /Users/builder/Factory/paperloft/evidence/checkouts/p3-3dfb51d/build/QADerivedData/Build/Intermediates.noindex/Paperloft.build/QA/PaperloftShare.build/PaperloftShare-generated-files.hmap -Xcc -I/Users/builder/Factory/paperloft/evidence/checkouts/p3-3dfb51d/build/QADerivedData/Build/Intermediates.noindex/Paperloft.build/QA/PaperloftShare.build/PaperloftShare-own-target-headers.hmap -Xcc -I/Users/builder/Factory/paperloft/evidence/checkouts/p3-3dfb51d/build/QADerivedData/Build/Intermediates.noindex/Paperloft.build/QA/PaperloftShare.build/PaperloftShare-all-non-framework-target-headers.hmap -Xcc -ivfsoverlay -Xcc /Users/builder/Factory/paperloft/evidence/checkouts/p3-3dfb51d/build/QADerivedData/Build/Intermediates.noindex/Paperloft.build/QA/Paperloft-b93ddc6bcd4d234a5473ab01ad3589c4-VFS/all-product-headers.yaml -Xcc -iquote -Xcc /Users/builder/Factory/paperloft/evidence/checkouts/p3-3dfb51d/build/QADerivedData/Build/Intermediates.noindex/Paperloft.build/QA/PaperloftShare.build/PaperloftShare-project-headers.hmap -Xcc -I/Users/builder/Factory/paperloft/evidence/checkouts/p3-3dfb51d/build/QADerivedData/Build/Products/QA/include -Xcc -I/Users/builder/Factory/paperloft/evidence/checkouts/p3-3dfb51d/build/QADerivedData/Build/Intermediates.noindex/Paperloft.build/QA/PaperloftShare.build/DerivedSources-normal/arm64 -Xcc -I/Users/builder/Factory/paperloft/evidence/checkouts/p3-3dfb51d/build/QADerivedData/Build/Intermediates.noindex/Paperloft.build/QA/PaperloftShare.build/DerivedSources/arm64 -Xcc -I/Users/builder/Factory/paperloft/evidence/checkouts/p3-3dfb51d/build/QADerivedData/Build/Intermediates.noindex/Paperloft.build/QA/PaperloftShare.build/DerivedSources -emit-objc-header -emit-objc-header-path /Users/builder/Factory/paperloft/evidence/checkouts/p3-3dfb51d/build/QADerivedData/Build/Intermediates.noindex/Paperloft.build/QA/PaperloftShare.build/Objects-normal/arm64/PaperloftShare-Swift.h -working-directory /Users/builder/Factory/paperloft/evidence/checkouts/p3-3dfb51d -experimental-emit-module-separately -disable-cmo

SwiftMergeGeneratedHeaders /Users/builder/Factory/paperloft/evidence/checkouts/p3-3dfb51d/build/QADerivedData/Build/Intermediates.noindex/Paperloft.build/QA/PaperloftShare.build/DerivedSources/PaperloftShare-Swift.h /Users/builder/Factory/paperloft/evidence/checkouts/p3-3dfb51d/build/QADerivedData/Build/Intermediates.noindex/Paperloft.build/QA/PaperloftShare.build/Objects-normal/arm64/PaperloftShare-Swift.h (in target 'PaperloftShare' from project 'Paperloft')
    cd /Users/builder/Factory/paperloft/evidence/checkouts/p3-3dfb51d
    builtin-swiftHeaderTool -arch arm64 /Users/builder/Factory/paperloft/evidence/checkouts/p3-3dfb51d/build/QADerivedData/Build/Intermediates.noindex/Paperloft.build/QA/PaperloftShare.build/Objects-normal/arm64/PaperloftShare-Swift.h -o /Users/builder/Factory/paperloft/evidence/checkouts/p3-3dfb51d/build/QADerivedData/Build/Intermediates.noindex/Paperloft.build/QA/PaperloftShare.build/DerivedSources/PaperloftShare-Swift.h

Copy /Users/builder/Factory/paperloft/evidence/checkouts/p3-3dfb51d/build/QADerivedData/Build/Products/QA/PaperloftShare.swiftmodule/arm64-apple-macos.abi.json /Users/builder/Factory/paperloft/evidence/checkouts/p3-3dfb51d/build/QADerivedData/Build/Intermediates.noindex/Paperloft.build/QA/PaperloftShare.build/Objects-normal/arm64/PaperloftShare.abi.json (in target 'PaperloftShare' from project 'Paperloft')
    cd /Users/builder/Factory/paperloft/evidence/checkouts/p3-3dfb51d
    builtin-copy -exclude .DS_Store -exclude CVS -exclude .svn -exclude .git -exclude .hg -strip-unsigned-binaries -strip-deterministic -strip-tool /Applications/Xcode.app/Contents/Developer/Toolchains/XcodeDefault.xctoolchain/usr/bin/strip -resolve-src-symlinks -rename /Users/builder/Factory/paperloft/evidence/checkouts/p3-3dfb51d/build/QADerivedData/Build/Intermediates.noindex/Paperloft.build/QA/PaperloftShare.build/Objects-normal/arm64/PaperloftShare.abi.json /Users/builder/Factory/paperloft/evidence/checkouts/p3-3dfb51d/build/QADerivedData/Build/Products/QA/PaperloftShare.swiftmodule/arm64-apple-macos.abi.json

Copy /Users/builder/Factory/paperloft/evidence/checkouts/p3-3dfb51d/build/QADerivedData/Build/Products/QA/PaperloftShare.swiftmodule/arm64-apple-macos.swiftdoc /Users/builder/Factory/paperloft/evidence/checkouts/p3-3dfb51d/build/QADerivedData/Build/Intermediates.noindex/Paperloft.build/QA/PaperloftShare.build/Objects-normal/arm64/PaperloftShare.swiftdoc (in target 'PaperloftShare' from project 'Paperloft')
    cd /Users/builder/Factory/paperloft/evidence/checkouts/p3-3dfb51d
    builtin-copy -exclude .DS_Store -exclude CVS -exclude .svn -exclude .git -exclude .hg -strip-unsigned-binaries -strip-deterministic -strip-tool /Applications/Xcode.app/Contents/Developer/Toolchains/XcodeDefault.xctoolchain/usr/bin/strip -resolve-src-symlinks -rename /Users/builder/Factory/paperloft/evidence/checkouts/p3-3dfb51d/build/QADerivedData/Build/Intermediates.noindex/Paperloft.build/QA/PaperloftShare.build/Objects-normal/arm64/PaperloftShare.swiftdoc /Users/builder/Factory/paperloft/evidence/checkouts/p3-3dfb51d/build/QADerivedData/Build/Products/QA/PaperloftShare.swiftmodule/arm64-apple-macos.swiftdoc

Copy /Users/builder/Factory/paperloft/evidence/checkouts/p3-3dfb51d/build/QADerivedData/Build/Products/QA/PaperloftShare.swiftmodule/arm64-apple-macos.swiftmodule /Users/builder/Factory/paperloft/evidence/checkouts/p3-3dfb51d/build/QADerivedData/Build/Intermediates.noindex/Paperloft.build/QA/PaperloftShare.build/Objects-normal/arm64/PaperloftShare.swiftmodule (in target 'PaperloftShare' from project 'Paperloft')
    cd /Users/builder/Factory/paperloft/evidence/checkouts/p3-3dfb51d
    builtin-copy -exclude .DS_Store -exclude CVS -exclude .svn -exclude .git -exclude .hg -strip-unsigned-binaries -strip-deterministic -strip-tool /Applications/Xcode.app/Contents/Developer/Toolchains/XcodeDefault.xctoolchain/usr/bin/strip -resolve-src-symlinks -rename /Users/builder/Factory/paperloft/evidence/checkouts/p3-3dfb51d/build/QADerivedData/Build/Intermediates.noindex/Paperloft.build/QA/PaperloftShare.build/Objects-normal/arm64/PaperloftShare.swiftmodule /Users/builder/Factory/paperloft/evidence/checkouts/p3-3dfb51d/build/QADerivedData/Build/Products/QA/PaperloftShare.swiftmodule/arm64-apple-macos.swiftmodule

Copy /Users/builder/Factory/paperloft/evidence/checkouts/p3-3dfb51d/build/QADerivedData/Build/Products/QA/PaperloftShare.swiftmodule/Project/arm64-apple-macos.swiftsourceinfo /Users/builder/Factory/paperloft/evidence/checkouts/p3-3dfb51d/build/QADerivedData/Build/Intermediates.noindex/Paperloft.build/QA/PaperloftShare.build/Objects-normal/arm64/PaperloftShare.swiftsourceinfo (in target 'PaperloftShare' from project 'Paperloft')
    cd /Users/builder/Factory/paperloft/evidence/checkouts/p3-3dfb51d
    builtin-copy -exclude .DS_Store -exclude CVS -exclude .svn -exclude .git -exclude .hg -strip-unsigned-binaries -strip-deterministic -strip-tool /Applications/Xcode.app/Contents/Developer/Toolchains/XcodeDefault.xctoolchain/usr/bin/strip -resolve-src-symlinks -rename /Users/builder/Factory/paperloft/evidence/checkouts/p3-3dfb51d/build/QADerivedData/Build/Intermediates.noindex/Paperloft.build/QA/PaperloftShare.build/Objects-normal/arm64/PaperloftShare.swiftsourceinfo /Users/builder/Factory/paperloft/evidence/checkouts/p3-3dfb51d/build/QADerivedData/Build/Products/QA/PaperloftShare.swiftmodule/Project/arm64-apple-macos.swiftsourceinfo

SwiftDriverJobDiscovery normal arm64 Compiling ShareViewController.swift (in target 'PaperloftShare' from project 'Paperloft')

SwiftDriver\ Compilation PaperloftShare normal arm64 com.apple.xcode.tools.swift.compiler (in target 'PaperloftShare' from project 'Paperloft')
    cd /Users/builder/Factory/paperloft/evidence/checkouts/p3-3dfb51d
    builtin-Swift-Compilation -- /Applications/Xcode.app/Contents/Developer/Toolchains/XcodeDefault.xctoolchain/usr/bin/swiftc -module-name PaperloftShare -O @/Users/builder/Factory/paperloft/evidence/checkouts/p3-3dfb51d/build/QADerivedData/Build/Intermediates.noindex/Paperloft.build/QA/PaperloftShare.build/Objects-normal/arm64/PaperloftShare.SwiftFileList -DQA -enable-experimental-feature DebugDescriptionMacro -sdk /Applications/Xcode.app/Contents/Developer/Platforms/MacOSX.platform/Developer/SDKs/MacOSX27.0.sdk -target arm64-apple-macos27.0 -g -module-cache-path /Users/builder/Factory/paperloft/evidence/checkouts/p3-3dfb51d/build/QADerivedData/ModuleCache.noindex -Xfrontend -serialize-debugging-options -application-extension -profile-coverage-mapping -profile-generate -enable-testing -warnings-as-errors -swift-version 6 -I /Users/builder/Factory/paperloft/evidence/checkouts/p3-3dfb51d/build/QADerivedData/Build/Products/QA -F /Users/builder/Factory/paperloft/evidence/checkouts/p3-3dfb51d/build/QADerivedData/Build/Products/QA/PackageFrameworks -F /Users/builder/Factory/paperloft/evidence/checkouts/p3-3dfb51d/build/QADerivedData/Build/Products/QA -parse-as-library -c -j10 -enable-batch-mode -incremental -Xcc -ivfsstatcache -Xcc /Users/builder/Factory/paperloft/evidence/checkouts/p3-3dfb51d/build/QADerivedData/SDKStatCaches.noindex/macosx27.0-26A425-7231f6df4def33e022ae2eb8f782df1a.sdkstatcache -output-file-map /Users/builder/Factory/paperloft/evidence/checkouts/p3-3dfb51d/build/QADerivedData/Build/Intermediates.noindex/Paperloft.build/QA/PaperloftShare.build/Objects-normal/arm64/PaperloftShare-OutputFileMap.json -save-temps -no-color-diagnostics -explicit-module-build -module-cache-path /Users/builder/Factory/paperloft/evidence/checkouts/p3-3dfb51d/build/QADerivedData/Build/Intermediates.noindex/SwiftExplicitPrecompiledModules -clang-scanner-module-cache-path /Users/builder/Factory/paperloft/evidence/checkouts/p3-3dfb51d/build/QADerivedData/ModuleCache.noindex -sdk-module-cache-path /Users/builder/Factory/paperloft/evidence/checkouts/p3-3dfb51d/build/QADerivedData/SDKExplicitPrecompiledModules -emit-dependencies -emit-module -emit-module-path /Users/builder/Factory/paperloft/evidence/checkouts/p3-3dfb51d/build/QADerivedData/Build/Intermediates.noindex/Paperloft.build/QA/PaperloftShare.build/Objects-normal/arm64/PaperloftShare.swiftmodule -serialize-diagnostics -dependency-scan-serialize-diagnostics-path /Users/builder/Factory/paperloft/evidence/checkouts/p3-3dfb51d/build/QADerivedData/Build/Intermediates.noindex/Paperloft.build/QA/PaperloftShare.build/Objects-normal/arm64/PaperloftShare-dependency-scan.dia -validate-clang-modules-once -clang-build-session-file /Users/builder/Factory/paperloft/evidence/checkouts/p3-3dfb51d/build/QADerivedData/ModuleCache.noindex/Session.modulevalidation -Xcc -fmodules-prune-interval\=86400 -Xcc -fmodules-prune-after\=345600 -emit-const-values -const-gather-protocols-list /Users/builder/Factory/paperloft/evidence/checkouts/p3-3dfb51d/build/QADerivedData/Build/Intermediates.noindex/Paperloft.build/QA/PaperloftShare.build/Objects-normal/arm64/PaperloftShare_const_extract_protocols.json -Xcc -iquote -Xcc /Users/builder/Factory/paperloft/evidence/checkouts/p3-3dfb51d/build/QADerivedData/Build/Intermediates.noindex/Paperloft.build/QA/PaperloftShare.build/PaperloftShare-generated-files.hmap -Xcc -I/Users/builder/Factory/paperloft/evidence/checkouts/p3-3dfb51d/build/QADerivedData/Build/Intermediates.noindex/Paperloft.build/QA/PaperloftShare.build/PaperloftShare-own-target-headers.hmap -Xcc -I/Users/builder/Factory/paperloft/evidence/checkouts/p3-3dfb51d/build/QADerivedData/Build/Intermediates.noindex/Paperloft.build/QA/PaperloftShare.build/PaperloftShare-all-non-framework-target-headers.hmap -Xcc -ivfsoverlay -Xcc /Users/builder/Factory/paperloft/evidence/checkouts/p3-3dfb51d/build/QADerivedData/Build/Intermediates.noindex/Paperloft.build/QA/Paperloft-b93ddc6bcd4d234a5473ab01ad3589c4-VFS/all-product-headers.yaml -Xcc -iquote -Xcc /Users/builder/Factory/paperloft/evidence/checkouts/p3-3dfb51d/build/QADerivedData/Build/Intermediates.noindex/Paperloft.build/QA/PaperloftShare.build/PaperloftShare-project-headers.hmap -Xcc -I/Users/builder/Factory/paperloft/evidence/checkouts/p3-3dfb51d/build/QADerivedData/Build/Products/QA/include -Xcc -I/Users/builder/Factory/paperloft/evidence/checkouts/p3-3dfb51d/build/QADerivedData/Build/Intermediates.noindex/Paperloft.build/QA/PaperloftShare.build/DerivedSources-normal/arm64 -Xcc -I/Users/builder/Factory/paperloft/evidence/checkouts/p3-3dfb51d/build/QADerivedData/Build/Intermediates.noindex/Paperloft.build/QA/PaperloftShare.build/DerivedSources/arm64 -Xcc -I/Users/builder/Factory/paperloft/evidence/checkouts/p3-3dfb51d/build/QADerivedData/Build/Intermediates.noindex/Paperloft.build/QA/PaperloftShare.build/DerivedSources -emit-objc-header -emit-objc-header-path /Users/builder/Factory/paperloft/evidence/checkouts/p3-3dfb51d/build/QADerivedData/Build/Intermediates.noindex/Paperloft.build/QA/PaperloftShare.build/Objects-normal/arm64/PaperloftShare-Swift.h -working-directory /Users/builder/Factory/paperloft/evidence/checkouts/p3-3dfb51d -experimental-emit-module-separately -disable-cmo

Ld /Users/builder/Factory/paperloft/evidence/checkouts/p3-3dfb51d/build/QADerivedData/Build/Products/QA/PaperloftShare.appex/Contents/MacOS/PaperloftShare normal (in target 'PaperloftShare' from project 'Paperloft')
    cd /Users/builder/Factory/paperloft/evidence/checkouts/p3-3dfb51d
    /Applications/Xcode.app/Contents/Developer/Toolchains/XcodeDefault.xctoolchain/usr/bin/clang -Xlinker -reproducible -target arm64-apple-macos27.0 -isysroot /Applications/Xcode.app/Contents/Developer/Platforms/MacOSX.platform/Developer/SDKs/MacOSX27.0.sdk -Os -Xlinker -no_warn_duplicate_libraries -L/Users/builder/Factory/paperloft/evidence/checkouts/p3-3dfb51d/build/QADerivedData/Build/Intermediates.noindex/EagerLinkingTBDs/QA -L/Users/builder/Factory/paperloft/evidence/checkouts/p3-3dfb51d/build/QADerivedData/Build/Products/QA -F/Users/builder/Factory/paperloft/evidence/checkouts/p3-3dfb51d/build/QADerivedData/Build/Intermediates.noindex/EagerLinkingTBDs/QA -F/Users/builder/Factory/paperloft/evidence/checkouts/p3-3dfb51d/build/QADerivedData/Build/Products/QA/PackageFrameworks -F/Users/builder/Factory/paperloft/evidence/checkouts/p3-3dfb51d/build/QADerivedData/Build/Products/QA -filelist /Users/builder/Factory/paperloft/evidence/checkouts/p3-3dfb51d/build/QADerivedData/Build/Intermediates.noindex/Paperloft.build/QA/PaperloftShare.build/Objects-normal/arm64/PaperloftShare.LinkFileList -Xlinker -rpath -Xlinker @executable_path/../Frameworks -Xlinker -rpath -Xlinker @executable_path/../../../../Frameworks -Xlinker -object_path_lto -Xlinker /Users/builder/Factory/paperloft/evidence/checkouts/p3-3dfb51d/build/QADerivedData/Build/Intermediates.noindex/Paperloft.build/QA/PaperloftShare.build/Objects-normal/arm64/PaperloftShare_lto.o -rdynamic -Xlinker -debug_variant -Xlinker -dependency_info -Xlinker /Users/builder/Factory/paperloft/evidence/checkouts/p3-3dfb51d/build/QADerivedData/Build/Intermediates.noindex/Paperloft.build/QA/PaperloftShare.build/Objects-normal/arm64/PaperloftShare_dependency_info.dat -e _NSExtensionMain -fapplication-extension -fobjc-link-runtime -fprofile-instr-generate -L/Applications/Xcode.app/Contents/Developer/Toolchains/XcodeDefault.xctoolchain/usr/lib/swift/macosx -L/usr/lib/swift -Xlinker -add_ast_path -Xlinker /Users/builder/Factory/paperloft/evidence/checkouts/p3-3dfb51d/build/QADerivedData/Build/Intermediates.noindex/Paperloft.build/QA/PaperloftShare.build/Objects-normal/arm64/PaperloftShare.swiftmodule -Xlinker -no_adhoc_codesign -o /Users/builder/Factory/paperloft/evidence/checkouts/p3-3dfb51d/build/QADerivedData/Build/Products/QA/PaperloftShare.appex/Contents/MacOS/PaperloftShare

CodeSign /Users/builder/Factory/paperloft/evidence/checkouts/p3-3dfb51d/build/QADerivedData/Build/Products/QA/PaperloftShare.appex (in target 'PaperloftShare' from project 'Paperloft')
    cd /Users/builder/Factory/paperloft/evidence/checkouts/p3-3dfb51d
    
    Signing Identity:     "Sign to Run Locally"
    
    /usr/bin/codesign --force --sign - --entitlements /Users/builder/Factory/paperloft/evidence/checkouts/p3-3dfb51d/build/QADerivedData/Build/Intermediates.noindex/Paperloft.build/QA/PaperloftShare.build/PaperloftShare.appex.xcent --timestamp\=none --generate-entitlement-der /Users/builder/Factory/paperloft/evidence/checkouts/p3-3dfb51d/build/QADerivedData/Build/Products/QA/PaperloftShare.appex

RegisterExecutionPolicyException /Users/builder/Factory/paperloft/evidence/checkouts/p3-3dfb51d/build/QADerivedData/Build/Products/QA/PaperloftShare.appex (in target 'PaperloftShare' from project 'Paperloft')
    cd /Users/builder/Factory/paperloft/evidence/checkouts/p3-3dfb51d
    builtin-RegisterExecutionPolicyException /Users/builder/Factory/paperloft/evidence/checkouts/p3-3dfb51d/build/QADerivedData/Build/Products/QA/PaperloftShare.appex

Touch /Users/builder/Factory/paperloft/evidence/checkouts/p3-3dfb51d/build/QADerivedData/Build/Products/QA/PaperloftShare.appex (in target 'PaperloftShare' from project 'Paperloft')
    cd /Users/builder/Factory/paperloft/evidence/checkouts/p3-3dfb51d
    /usr/bin/touch -c /Users/builder/Factory/paperloft/evidence/checkouts/p3-3dfb51d/build/QADerivedData/Build/Products/QA/PaperloftShare.appex

SwiftDriverJobDiscovery normal arm64 Compiling AccountantPack.swift, Assessment.swift, Extraction.swift, IntakeQueue.swift, LibraryAccess.swift, LibraryFiles.swift, LibraryStore.swift, MailAttachmentSupport.swift, MailCandidateSelection.swift, MailDeliveryLedger.swift, MailDocument.swift, MailEnvelope.swift, MailFieldHints.swift, MailImport.swift, Money.swift, Receipt.swift, ReceiptEngine.swift, ReceiptIndex.swift, ReceiptNameTemplate.swift, Recognize.swift, ScanImport.swift, TaxSourceEvidence.swift, TextLayout.swift, UnderstandingQuota.swift, WatchedFolderScanner.swift (in target 'PaperloftKit' from project 'PaperloftKit')

SwiftDriver\ Compilation\ Requirements PaperloftKit normal arm64 com.apple.xcode.tools.swift.compiler (in target 'PaperloftKit' from project 'PaperloftKit')
    cd /Users/builder/Factory/paperloft/evidence/checkouts/p3-3dfb51d/Paperloft.xcodeproj
    builtin-Swift-Compilation-Requirements -- /Applications/Xcode.app/Contents/Developer/Toolchains/XcodeDefault.xctoolchain/usr/bin/swiftc -parse-as-library -module-name PaperloftKit -O -whole-module-optimization @/Users/builder/Factory/paperloft/evidence/checkouts/p3-3dfb51d/build/QADerivedData/Build/Intermediates.noindex/PaperloftKit.build/QA/PaperloftKit-t.build/Objects-normal/arm64/PaperloftKit.SwiftFileList -DSWIFT_PACKAGE -DSWIFT_MODULE_RESOURCE_BUNDLE_UNAVAILABLE -DXcode -plugin-path /Applications/Xcode.app/Contents/Developer/Toolchains/XcodeDefault.xctoolchain/usr/lib/swift/host/plugins/testing -enable-experimental-feature DebugDescriptionMacro -sdk /Applications/Xcode.app/Contents/Developer/Platforms/MacOSX.platform/Developer/SDKs/MacOSX27.0.sdk -target arm64-apple-macos27.0 -g -module-cache-path /Users/builder/Factory/paperloft/evidence/checkouts/p3-3dfb51d/build/QADerivedData/ModuleCache.noindex -Xfrontend -serialize-debugging-options -profile-coverage-mapping -profile-generate -warnings-as-errors -swift-version 6 -I /Users/builder/Factory/paperloft/evidence/checkouts/p3-3dfb51d/build/QADerivedData/Build/Products/QA -Isystem /Applications/Xcode.app/Contents/Developer/Platforms/MacOSX.platform/Developer/usr/lib -F /Users/builder/Factory/paperloft/evidence/checkouts/p3-3dfb51d/build/QADerivedData/Build/Products/QA -F /Applications/Xcode.app/Contents/Developer/Platforms/MacOSX.platform/Developer/Library/Frameworks -c -num-threads 10 -Xcc -ivfsstatcache -Xcc /Users/builder/Factory/paperloft/evidence/checkouts/p3-3dfb51d/build/QADerivedData/SDKStatCaches.noindex/macosx27.0-26A425-7231f6df4def33e022ae2eb8f782df1a.sdkstatcache -output-file-map /Users/builder/Factory/paperloft/evidence/checkouts/p3-3dfb51d/build/QADerivedData/Build/Intermediates.noindex/PaperloftKit.build/QA/PaperloftKit-t.build/Objects-normal/arm64/PaperloftKit-OutputFileMap.json -save-temps -no-color-diagnostics -explicit-module-build -module-cache-path /Users/builder/Factory/paperloft/evidence/checkouts/p3-3dfb51d/build/QADerivedData/Build/Intermediates.noindex/SwiftExplicitPrecompiledModules -clang-scanner-module-cache-path /Users/builder/Factory/paperloft/evidence/checkouts/p3-3dfb51d/build/QADerivedData/ModuleCache.noindex -sdk-module-cache-path /Users/builder/Factory/paperloft/evidence/checkouts/p3-3dfb51d/build/QADerivedData/SDKExplicitPrecompiledModules -emit-dependencies -emit-module -emit-module-path /Users/builder/Factory/paperloft/evidence/checkouts/p3-3dfb51d/build/QADerivedData/Build/Intermediates.noindex/PaperloftKit.build/QA/PaperloftKit-t.build/Objects-normal/arm64/PaperloftKit.swiftmodule -serialize-diagnostics -dependency-scan-serialize-diagnostics-path /Users/builder/Factory/paperloft/evidence/checkouts/p3-3dfb51d/build/QADerivedData/Build/Intermediates.noindex/PaperloftKit.build/QA/PaperloftKit-t.build/Objects-normal/arm64/PaperloftKit-dependency-scan.dia -validate-clang-modules-once -clang-build-session-file /Users/builder/Factory/paperloft/evidence/checkouts/p3-3dfb51d/build/QADerivedData/ModuleCache.noindex/Session.modulevalidation -Xcc -fmodules-prune-interval\=86400 -Xcc -fmodules-prune-after\=345600 -package-name paperloftkit -emit-const-values -const-gather-protocols-list /Users/builder/Factory/paperloft/evidence/checkouts/p3-3dfb51d/build/QADerivedData/Build/Intermediates.noindex/PaperloftKit.build/QA/PaperloftKit-t.build/Objects-normal/arm64/PaperloftKit_const_extract_protocols.json -Xcc -I/Users/builder/Factory/paperloft/evidence/checkouts/p3-3dfb51d/build/QADerivedData/Build/Products/QA/include -Xcc -I/Users/builder/Factory/paperloft/evidence/checkouts/p3-3dfb51d/build/QADerivedData/Build/Intermediates.noindex/PaperloftKit.build/QA/PaperloftKit-t.build/DerivedSources-normal/arm64 -Xcc -I/Users/builder/Factory/paperloft/evidence/checkouts/p3-3dfb51d/build/QADerivedData/Build/Intermediates.noindex/PaperloftKit.build/QA/PaperloftKit-t.build/DerivedSources/arm64 -Xcc -I/Users/builder/Factory/paperloft/evidence/checkouts/p3-3dfb51d/build/QADerivedData/Build/Intermediates.noindex/PaperloftKit.build/QA/PaperloftKit-t.build/DerivedSources -Xcc -DSWIFT_PACKAGE -emit-objc-header -emit-objc-header-path /Users/builder/Factory/paperloft/evidence/checkouts/p3-3dfb51d/build/QADerivedData/Build/Intermediates.noindex/PaperloftKit.build/QA/PaperloftKit-t.build/Objects-normal/arm64/PaperloftKit-Swift.h -working-directory /Users/builder/Factory/paperloft/evidence/checkouts/p3-3dfb51d/Paperloft.xcodeproj -no-emit-module-separately-wmo

SwiftMergeGeneratedHeaders /Users/builder/Factory/paperloft/evidence/checkouts/p3-3dfb51d/build/QADerivedData/Build/Intermediates.noindex/GeneratedModuleMaps/PaperloftKit-Swift.h /Users/builder/Factory/paperloft/evidence/checkouts/p3-3dfb51d/build/QADerivedData/Build/Intermediates.noindex/PaperloftKit.build/QA/PaperloftKit-t.build/Objects-normal/arm64/PaperloftKit-Swift.h (in target 'PaperloftKit' from project 'PaperloftKit')
    cd /Users/builder/Factory/paperloft/evidence/checkouts/p3-3dfb51d/Packages/PaperloftKit
    builtin-swiftHeaderTool -arch arm64 /Users/builder/Factory/paperloft/evidence/checkouts/p3-3dfb51d/build/QADerivedData/Build/Intermediates.noindex/PaperloftKit.build/QA/PaperloftKit-t.build/Objects-normal/arm64/PaperloftKit-Swift.h -o /Users/builder/Factory/paperloft/evidence/checkouts/p3-3dfb51d/build/QADerivedData/Build/Intermediates.noindex/GeneratedModuleMaps/PaperloftKit-Swift.h

Copy /Users/builder/Factory/paperloft/evidence/checkouts/p3-3dfb51d/build/QADerivedData/Build/Products/QA/PaperloftKit.swiftmodule/arm64-apple-macos.swiftmodule /Users/builder/Factory/paperloft/evidence/checkouts/p3-3dfb51d/build/QADerivedData/Build/Intermediates.noindex/PaperloftKit.build/QA/PaperloftKit-t.build/Objects-normal/arm64/PaperloftKit.swiftmodule (in target 'PaperloftKit' from project 'PaperloftKit')
    cd /Users/builder/Factory/paperloft/evidence/checkouts/p3-3dfb51d/Packages/PaperloftKit
    builtin-copy -exclude .DS_Store -exclude CVS -exclude .svn -exclude .git -exclude .hg -strip-unsigned-binaries -strip-deterministic -strip-tool /Applications/Xcode.app/Contents/Developer/Toolchains/XcodeDefault.xctoolchain/usr/bin/strip -resolve-src-symlinks -rename /Users/builder/Factory/paperloft/evidence/checkouts/p3-3dfb51d/build/QADerivedData/Build/Intermediates.noindex/PaperloftKit.build/QA/PaperloftKit-t.build/Objects-normal/arm64/PaperloftKit.swiftmodule /Users/builder/Factory/paperloft/evidence/checkouts/p3-3dfb51d/build/QADerivedData/Build/Products/QA/PaperloftKit.swiftmodule/arm64-apple-macos.swiftmodule

Copy /Users/builder/Factory/paperloft/evidence/checkouts/p3-3dfb51d/build/QADerivedData/Build/Products/QA/PaperloftKit.swiftmodule/arm64-apple-macos.abi.json /Users/builder/Factory/paperloft/evidence/checkouts/p3-3dfb51d/build/QADerivedData/Build/Intermediates.noindex/PaperloftKit.build/QA/PaperloftKit-t.build/Objects-normal/arm64/PaperloftKit.abi.json (in target 'PaperloftKit' from project 'PaperloftKit')
    cd /Users/builder/Factory/paperloft/evidence/checkouts/p3-3dfb51d/Packages/PaperloftKit
    builtin-copy -exclude .DS_Store -exclude CVS -exclude .svn -exclude .git -exclude .hg -strip-unsigned-binaries -strip-deterministic -strip-tool /Applications/Xcode.app/Contents/Developer/Toolchains/XcodeDefault.xctoolchain/usr/bin/strip -resolve-src-symlinks -rename /Users/builder/Factory/paperloft/evidence/checkouts/p3-3dfb51d/build/QADerivedData/Build/Intermediates.noindex/PaperloftKit.build/QA/PaperloftKit-t.build/Objects-normal/arm64/PaperloftKit.abi.json /Users/builder/Factory/paperloft/evidence/checkouts/p3-3dfb51d/build/QADerivedData/Build/Products/QA/PaperloftKit.swiftmodule/arm64-apple-macos.abi.json

Copy /Users/builder/Factory/paperloft/evidence/checkouts/p3-3dfb51d/build/QADerivedData/Build/Products/QA/PaperloftKit.swiftmodule/arm64-apple-macos.swiftdoc /Users/builder/Factory/paperloft/evidence/checkouts/p3-3dfb51d/build/QADerivedData/Build/Intermediates.noindex/PaperloftKit.build/QA/PaperloftKit-t.build/Objects-normal/arm64/PaperloftKit.swiftdoc (in target 'PaperloftKit' from project 'PaperloftKit')
    cd /Users/builder/Factory/paperloft/evidence/checkouts/p3-3dfb51d/Packages/PaperloftKit
    builtin-copy -exclude .DS_Store -exclude CVS -exclude .svn -exclude .git -exclude .hg -strip-unsigned-binaries -strip-deterministic -strip-tool /Applications/Xcode.app/Contents/Developer/Toolchains/XcodeDefault.xctoolchain/usr/bin/strip -resolve-src-symlinks -rename /Users/builder/Factory/paperloft/evidence/checkouts/p3-3dfb51d/build/QADerivedData/Build/Intermediates.noindex/PaperloftKit.build/QA/PaperloftKit-t.build/Objects-normal/arm64/PaperloftKit.swiftdoc /Users/builder/Factory/paperloft/evidence/checkouts/p3-3dfb51d/build/QADerivedData/Build/Products/QA/PaperloftKit.swiftmodule/arm64-apple-macos.swiftdoc

Ld /Users/builder/Factory/paperloft/evidence/checkouts/p3-3dfb51d/build/QADerivedData/Build/Products/QA/PaperloftKit.o normal (in target 'PaperloftKit' from project 'PaperloftKit')
    cd /Users/builder/Factory/paperloft/evidence/checkouts/p3-3dfb51d/Packages/PaperloftKit
    /Applications/Xcode.app/Contents/Developer/Toolchains/XcodeDefault.xctoolchain/usr/bin/clang -Xlinker -reproducible -target arm64-apple-macos27.0 -r -isysroot /Applications/Xcode.app/Contents/Developer/Platforms/MacOSX.platform/Developer/SDKs/MacOSX27.0.sdk -Os -Xlinker -no_warn_duplicate_libraries -F/Users/builder/Factory/paperloft/evidence/checkouts/p3-3dfb51d/build/QADerivedData/Build/Intermediates.noindex/EagerLinkingTBDs/QA -F/Users/builder/Factory/paperloft/evidence/checkouts/p3-3dfb51d/build/QADerivedData/Build/Products/QA -iframework /Applications/Xcode.app/Contents/Developer/Platforms/MacOSX.platform/Developer/Library/Frameworks -filelist /Users/builder/Factory/paperloft/evidence/checkouts/p3-3dfb51d/build/QADerivedData/Build/Intermediates.noindex/PaperloftKit.build/QA/PaperloftKit-t.build/Objects-normal/arm64/PaperloftKit.LinkFileList -nostdlib -Xlinker -object_path_lto -Xlinker /Users/builder/Factory/paperloft/evidence/checkouts/p3-3dfb51d/build/QADerivedData/Build/Intermediates.noindex/PaperloftKit.build/QA/PaperloftKit-t.build/Objects-normal/arm64/PaperloftKit_lto.o -Xlinker -debug_variant -Xlinker -dependency_info -Xlinker /Users/builder/Factory/paperloft/evidence/checkouts/p3-3dfb51d/build/QADerivedData/Build/Intermediates.noindex/PaperloftKit.build/QA/PaperloftKit-t.build/Objects-normal/arm64/PaperloftKit_dependency_info.dat -fobjc-link-runtime -L/Applications/Xcode.app/Contents/Developer/Toolchains/XcodeDefault.xctoolchain/usr/lib/swift/macosx -L/usr/lib/swift -Xlinker -add_ast_path -Xlinker /Users/builder/Factory/paperloft/evidence/checkouts/p3-3dfb51d/build/QADerivedData/Build/Intermediates.noindex/PaperloftKit.build/QA/PaperloftKit-t.build/Objects-normal/arm64/PaperloftKit.swiftmodule -o /Users/builder/Factory/paperloft/evidence/checkouts/p3-3dfb51d/build/QADerivedData/Build/Products/QA/PaperloftKit.o

ProcessProductPackaging /Users/builder/Factory/paperloft/evidence/checkouts/p3-3dfb51d/Apps/PaperloftApp/Paperloft.entitlements /Users/builder/Factory/paperloft/evidence/checkouts/p3-3dfb51d/build/QADerivedData/Build/Intermediates.noindex/Paperloft.build/QA/PaperloftApp.build/Paperloft\ Receipts.app.xcent (in target 'PaperloftApp' from project 'Paperloft')
    cd /Users/builder/Factory/paperloft/evidence/checkouts/p3-3dfb51d
    
    Entitlements:
    
    {
    "com.apple.security.app-sandbox" = 1;
    "com.apple.security.files.bookmarks.app-scope" = 1;
    "com.apple.security.files.user-selected.read-write" = 1;
    "com.apple.security.get-task-allow" = 1;
}
    
    builtin-productPackagingUtility /Users/builder/Factory/paperloft/evidence/checkouts/p3-3dfb51d/Apps/PaperloftApp/Paperloft.entitlements -entitlements -format xml -o /Users/builder/Factory/paperloft/evidence/checkouts/p3-3dfb51d/build/QADerivedData/Build/Intermediates.noindex/Paperloft.build/QA/PaperloftApp.build/Paperloft\ Receipts.app.xcent

ProcessProductPackagingDER /Users/builder/Factory/paperloft/evidence/checkouts/p3-3dfb51d/build/QADerivedData/Build/Intermediates.noindex/Paperloft.build/QA/PaperloftApp.build/Paperloft\ Receipts.app.xcent /Users/builder/Factory/paperloft/evidence/checkouts/p3-3dfb51d/build/QADerivedData/Build/Intermediates.noindex/Paperloft.build/QA/PaperloftApp.build/Paperloft\ Receipts.app.xcent.der (in target 'PaperloftApp' from project 'Paperloft')
    cd /Users/builder/Factory/paperloft/evidence/checkouts/p3-3dfb51d
    /usr/bin/derq query -f xml -i /Users/builder/Factory/paperloft/evidence/checkouts/p3-3dfb51d/build/QADerivedData/Build/Intermediates.noindex/Paperloft.build/QA/PaperloftApp.build/Paperloft\ Receipts.app.xcent -o /Users/builder/Factory/paperloft/evidence/checkouts/p3-3dfb51d/build/QADerivedData/Build/Intermediates.noindex/Paperloft.build/QA/PaperloftApp.build/Paperloft\ Receipts.app.xcent.der --raw

GenerateAssetSymbols /Users/builder/Factory/paperloft/evidence/checkouts/p3-3dfb51d/Apps/PaperloftApp/Resources/Assets.xcassets /Users/builder/Factory/paperloft/evidence/checkouts/p3-3dfb51d/Apps/PaperloftApp/AppIcon.icon (in target 'PaperloftApp' from project 'Paperloft')
    cd /Users/builder/Factory/paperloft/evidence/checkouts/p3-3dfb51d
    /Applications/Xcode.app/Contents/Developer/usr/bin/actool /Users/builder/Factory/paperloft/evidence/checkouts/p3-3dfb51d/Apps/PaperloftApp/Resources/Assets.xcassets /Users/builder/Factory/paperloft/evidence/checkouts/p3-3dfb51d/Apps/PaperloftApp/AppIcon.icon --compile /Users/builder/Factory/paperloft/evidence/checkouts/p3-3dfb51d/build/QADerivedData/Build/Products/QA/Paperloft\ Receipts.app/Contents/Resources --output-format human-readable-text --notices --warnings --export-dependency-info /Users/builder/Factory/paperloft/evidence/checkouts/p3-3dfb51d/build/QADerivedData/Build/Intermediates.noindex/Paperloft.build/QA/PaperloftApp.build/assetcatalog_dependencies --output-partial-info-plist /Users/builder/Factory/paperloft/evidence/checkouts/p3-3dfb51d/build/QADerivedData/Build/Intermediates.noindex/Paperloft.build/QA/PaperloftApp.build/assetcatalog_generated_info.plist --app-icon AppIcon --accent-color AccentColor --enable-on-demand-resources NO --development-region en --target-device mac --minimum-deployment-target 27.0 --platform macosx --bundle-identifier app.paperloft.receipts --generate-swift-asset-symbol-extensions NO --generate-swift-asset-symbols /Users/builder/Factory/paperloft/evidence/checkouts/p3-3dfb51d/build/QADerivedData/Build/Intermediates.noindex/Paperloft.build/QA/PaperloftApp.build/DerivedSources/GeneratedAssetSymbols.swift --generate-objc-asset-symbols /Users/builder/Factory/paperloft/evidence/checkouts/p3-3dfb51d/build/QADerivedData/Build/Intermediates.noindex/Paperloft.build/QA/PaperloftApp.build/DerivedSources/GeneratedAssetSymbols.h --generate-asset-symbol-index /Users/builder/Factory/paperloft/evidence/checkouts/p3-3dfb51d/build/QADerivedData/Build/Intermediates.noindex/Paperloft.build/QA/PaperloftApp.build/DerivedSources/GeneratedAssetSymbols-Index.plist
/* com.apple.actool.compilation-results */
/Users/builder/Factory/paperloft/evidence/checkouts/p3-3dfb51d/build/QADerivedData/Build/Intermediates.noindex/Paperloft.build/QA/PaperloftApp.build/DerivedSources/GeneratedAssetSymbols-Index.plist
/Users/builder/Factory/paperloft/evidence/checkouts/p3-3dfb51d/build/QADerivedData/Build/Intermediates.noindex/Paperloft.build/QA/PaperloftApp.build/DerivedSources/GeneratedAssetSymbols.h
/Users/builder/Factory/paperloft/evidence/checkouts/p3-3dfb51d/build/QADerivedData/Build/Intermediates.noindex/Paperloft.build/QA/PaperloftApp.build/DerivedSources/GeneratedAssetSymbols.swift


MkDir /Users/builder/Factory/paperloft/evidence/checkouts/p3-3dfb51d/build/QADerivedData/Build/Intermediates.noindex/Paperloft.build/QA/PaperloftApp.build/assetcatalog_output/unthinned (in target 'PaperloftApp' from project 'Paperloft')
    cd /Users/builder/Factory/paperloft/evidence/checkouts/p3-3dfb51d
    /bin/mkdir -p /Users/builder/Factory/paperloft/evidence/checkouts/p3-3dfb51d/build/QADerivedData/Build/Intermediates.noindex/Paperloft.build/QA/PaperloftApp.build/assetcatalog_output/unthinned

MkDir /Users/builder/Factory/paperloft/evidence/checkouts/p3-3dfb51d/build/QADerivedData/Build/Intermediates.noindex/Paperloft.build/QA/PaperloftApp.build/assetcatalog_output/thinned (in target 'PaperloftApp' from project 'Paperloft')
    cd /Users/builder/Factory/paperloft/evidence/checkouts/p3-3dfb51d
    /bin/mkdir -p /Users/builder/Factory/paperloft/evidence/checkouts/p3-3dfb51d/build/QADerivedData/Build/Intermediates.noindex/Paperloft.build/QA/PaperloftApp.build/assetcatalog_output/thinned

CompileAssetCatalogVariant thinned /Users/builder/Factory/paperloft/evidence/checkouts/p3-3dfb51d/build/QADerivedData/Build/Products/QA/Paperloft\ Receipts.app/Contents/Resources /Users/builder/Factory/paperloft/evidence/checkouts/p3-3dfb51d/Apps/PaperloftApp/Resources/Assets.xcassets /Users/builder/Factory/paperloft/evidence/checkouts/p3-3dfb51d/Apps/PaperloftApp/AppIcon.icon (in target 'PaperloftApp' from project 'Paperloft')
    cd /Users/builder/Factory/paperloft/evidence/checkouts/p3-3dfb51d
    /Applications/Xcode.app/Contents/Developer/usr/bin/actool /Users/builder/Factory/paperloft/evidence/checkouts/p3-3dfb51d/Apps/PaperloftApp/Resources/Assets.xcassets /Users/builder/Factory/paperloft/evidence/checkouts/p3-3dfb51d/Apps/PaperloftApp/AppIcon.icon --compile /Users/builder/Factory/paperloft/evidence/checkouts/p3-3dfb51d/build/QADerivedData/Build/Intermediates.noindex/Paperloft.build/QA/PaperloftApp.build/assetcatalog_output/thinned --output-format human-readable-text --notices --warnings --export-dependency-info /Users/builder/Factory/paperloft/evidence/checkouts/p3-3dfb51d/build/QADerivedData/Build/Intermediates.noindex/Paperloft.build/QA/PaperloftApp.build/assetcatalog_dependencies_thinned --output-partial-info-plist /Users/builder/Factory/paperloft/evidence/checkouts/p3-3dfb51d/build/QADerivedData/Build/Intermediates.noindex/Paperloft.build/QA/PaperloftApp.build/assetcatalog_generated_info.plist_thinned --app-icon AppIcon --accent-color AccentColor --enable-on-demand-resources NO --development-region en --target-device mac --minimum-deployment-target 27.0 --platform macosx
/* com.apple.actool.compilation-results */
/Users/builder/Factory/paperloft/evidence/checkouts/p3-3dfb51d/build/QADerivedData/Build/Intermediates.noindex/Paperloft.build/QA/PaperloftApp.build/assetcatalog_generated_info.plist_thinned
/Users/builder/Factory/paperloft/evidence/checkouts/p3-3dfb51d/build/QADerivedData/Build/Intermediates.noindex/Paperloft.build/QA/PaperloftApp.build/assetcatalog_output/thinned/AppIcon.icns
/Users/builder/Factory/paperloft/evidence/checkouts/p3-3dfb51d/build/QADerivedData/Build/Intermediates.noindex/Paperloft.build/QA/PaperloftApp.build/assetcatalog_output/thinned/Assets.car


SwiftDriver PaperloftApp normal arm64 com.apple.xcode.tools.swift.compiler (in target 'PaperloftApp' from project 'Paperloft')
    cd /Users/builder/Factory/paperloft/evidence/checkouts/p3-3dfb51d
    builtin-SwiftDriver -- /Applications/Xcode.app/Contents/Developer/Toolchains/XcodeDefault.xctoolchain/usr/bin/swiftc -module-name Paperloft_Receipts -O @/Users/builder/Factory/paperloft/evidence/checkouts/p3-3dfb51d/build/QADerivedData/Build/Intermediates.noindex/Paperloft.build/QA/PaperloftApp.build/Objects-normal/arm64/Paperloft\ Receipts.SwiftFileList -DQA -enable-experimental-feature DebugDescriptionMacro -sdk /Applications/Xcode.app/Contents/Developer/Platforms/MacOSX.platform/Developer/SDKs/MacOSX27.0.sdk -target arm64-apple-macos27.0 -g -module-cache-path /Users/builder/Factory/paperloft/evidence/checkouts/p3-3dfb51d/build/QADerivedData/ModuleCache.noindex -Xfrontend -serialize-debugging-options -profile-coverage-mapping -profile-generate -enable-testing -warnings-as-errors -swift-version 6 -I /Users/builder/Factory/paperloft/evidence/checkouts/p3-3dfb51d/build/QADerivedData/Build/Products/QA -F /Users/builder/Factory/paperloft/evidence/checkouts/p3-3dfb51d/build/QADerivedData/Build/Products/QA/PackageFrameworks -F /Users/builder/Factory/paperloft/evidence/checkouts/p3-3dfb51d/build/QADerivedData/Build/Products/QA -c -j10 -enable-batch-mode -incremental -Xcc -ivfsstatcache -Xcc /Users/builder/Factory/paperloft/evidence/checkouts/p3-3dfb51d/build/QADerivedData/SDKStatCaches.noindex/macosx27.0-26A425-7231f6df4def33e022ae2eb8f782df1a.sdkstatcache -output-file-map /Users/builder/Factory/paperloft/evidence/checkouts/p3-3dfb51d/build/QADerivedData/Build/Intermediates.noindex/Paperloft.build/QA/PaperloftApp.build/Objects-normal/arm64/PaperloftApp-OutputFileMap.json -save-temps -no-color-diagnostics -explicit-module-build -module-cache-path /Users/builder/Factory/paperloft/evidence/checkouts/p3-3dfb51d/build/QADerivedData/Build/Intermediates.noindex/SwiftExplicitPrecompiledModules -clang-scanner-module-cache-path /Users/builder/Factory/paperloft/evidence/checkouts/p3-3dfb51d/build/QADerivedData/ModuleCache.noindex -sdk-module-cache-path /Users/builder/Factory/paperloft/evidence/checkouts/p3-3dfb51d/build/QADerivedData/SDKExplicitPrecompiledModules -emit-dependencies -emit-module -emit-module-path /Users/builder/Factory/paperloft/evidence/checkouts/p3-3dfb51d/build/QADerivedData/Build/Intermediates.noindex/Paperloft.build/QA/PaperloftApp.build/Objects-normal/arm64/Paperloft_Receipts.swiftmodule -serialize-diagnostics -dependency-scan-serialize-diagnostics-path /Users/builder/Factory/paperloft/evidence/checkouts/p3-3dfb51d/build/QADerivedData/Build/Intermediates.noindex/Paperloft.build/QA/PaperloftApp.build/Objects-normal/arm64/Paperloft_Receipts-dependency-scan.dia -validate-clang-modules-once -clang-build-session-file /Users/builder/Factory/paperloft/evidence/checkouts/p3-3dfb51d/build/QADerivedData/ModuleCache.noindex/Session.modulevalidation -Xcc -fmodules-prune-interval\=86400 -Xcc -fmodules-prune-after\=345600 -emit-const-values -const-gather-protocols-list /Users/builder/Factory/paperloft/evidence/checkouts/p3-3dfb51d/build/QADerivedData/Build/Intermediates.noindex/Paperloft.build/QA/PaperloftApp.build/Objects-normal/arm64/PaperloftApp_const_extract_protocols.json -Xcc -iquote -Xcc /Users/builder/Factory/paperloft/evidence/checkouts/p3-3dfb51d/build/QADerivedData/Build/Intermediates.noindex/Paperloft.build/QA/PaperloftApp.build/Paperloft\ Receipts-generated-files.hmap -Xcc -I/Users/builder/Factory/paperloft/evidence/checkouts/p3-3dfb51d/build/QADerivedData/Build/Intermediates.noindex/Paperloft.build/QA/PaperloftApp.build/Paperloft\ Receipts-own-target-headers.hmap -Xcc -I/Users/builder/Factory/paperloft/evidence/checkouts/p3-3dfb51d/build/QADerivedData/Build/Intermediates.noindex/Paperloft.build/QA/PaperloftApp.build/Paperloft\ Receipts-all-non-framework-target-headers.hmap -Xcc -ivfsoverlay -Xcc /Users/builder/Factory/paperloft/evidence/checkouts/p3-3dfb51d/build/QADerivedData/Build/Intermediates.noindex/Paperloft.build/QA/Paperloft-b93ddc6bcd4d234a5473ab01ad3589c4-VFS/all-product-headers.yaml -Xcc -iquote -Xcc /Users/builder/Factory/paperloft/evidence/checkouts/p3-3dfb51d/build/QADerivedData/Build/Intermediates.noindex/Paperloft.build/QA/PaperloftApp.build/Paperloft\ Receipts-project-headers.hmap -Xcc -I/Users/builder/Factory/paperloft/evidence/checkouts/p3-3dfb51d/build/QADerivedData/Build/Products/QA/include -Xcc -I/Users/builder/Factory/paperloft/evidence/checkouts/p3-3dfb51d/build/QADerivedData/Build/Intermediates.noindex/Paperloft.build/QA/PaperloftApp.build/DerivedSources-normal/arm64 -Xcc -I/Users/builder/Factory/paperloft/evidence/checkouts/p3-3dfb51d/build/QADerivedData/Build/Intermediates.noindex/Paperloft.build/QA/PaperloftApp.build/DerivedSources/arm64 -Xcc -I/Users/builder/Factory/paperloft/evidence/checkouts/p3-3dfb51d/build/QADerivedData/Build/Intermediates.noindex/Paperloft.build/QA/PaperloftApp.build/DerivedSources -emit-objc-header -emit-objc-header-path /Users/builder/Factory/paperloft/evidence/checkouts/p3-3dfb51d/build/QADerivedData/Build/Intermediates.noindex/Paperloft.build/QA/PaperloftApp.build/Objects-normal/arm64/Paperloft_Receipts-Swift.h -working-directory /Users/builder/Factory/paperloft/evidence/checkouts/p3-3dfb51d -experimental-emit-module-separately -disable-cmo

ExtractAppIntentsMetadata (in target 'PaperloftKit' from project 'PaperloftKit')
    cd /Users/builder/Factory/paperloft/evidence/checkouts/p3-3dfb51d/Packages/PaperloftKit
    /Applications/Xcode.app/Contents/Developer/Toolchains/XcodeDefault.xctoolchain/usr/bin/appintentsmetadataprocessor --toolchain-dir /Applications/Xcode.app/Contents/Developer/Toolchains/XcodeDefault.xctoolchain --module-name PaperloftKit --sdk-root /Applications/Xcode.app/Contents/Developer/Platforms/MacOSX.platform/Developer/SDKs/MacOSX27.0.sdk --xcode-version 27A266a --platform-family macOS --deployment-target 27.0 --bundle-identifier paperloftkit.PaperloftKit --output /Users/builder/Factory/paperloft/evidence/checkouts/p3-3dfb51d/build/QADerivedData/Build/Products/QA/PaperloftKit.appintents --target-triple arm64-apple-macos27.0 --binary-file /Users/builder/Factory/paperloft/evidence/checkouts/p3-3dfb51d/build/QADerivedData/Build/Products/QA/PaperloftKit.o --dependency-file /Users/builder/Factory/paperloft/evidence/checkouts/p3-3dfb51d/build/QADerivedData/Build/Intermediates.noindex/PaperloftKit.build/QA/PaperloftKit-t.build/Objects-normal/arm64/PaperloftKit_dependency_info.dat --stringsdata-file /Users/builder/Factory/paperloft/evidence/checkouts/p3-3dfb51d/build/QADerivedData/Build/Intermediates.noindex/PaperloftKit.build/QA/PaperloftKit-t.build/Objects-normal/arm64/ExtractedAppShortcutsMetadata.stringsdata --source-file-list /Users/builder/Factory/paperloft/evidence/checkouts/p3-3dfb51d/build/QADerivedData/Build/Intermediates.noindex/PaperloftKit.build/QA/PaperloftKit-t.build/Objects-normal/arm64/PaperloftKit.SwiftFileList --metadata-file-list /Users/builder/Factory/paperloft/evidence/checkouts/p3-3dfb51d/build/QADerivedData/Build/Intermediates.noindex/PaperloftKit.build/QA/PaperloftKit-t.build/PaperloftKit.DependencyMetadataFileList --static-metadata-file-list /Users/builder/Factory/paperloft/evidence/checkouts/p3-3dfb51d/build/QADerivedData/Build/Intermediates.noindex/PaperloftKit.build/QA/PaperloftKit-t.build/PaperloftKit.DependencyStaticMetadataFileList --swift-const-vals-list /Users/builder/Factory/paperloft/evidence/checkouts/p3-3dfb51d/build/QADerivedData/Build/Intermediates.noindex/PaperloftKit.build/QA/PaperloftKit-t.build/Objects-normal/arm64/PaperloftKit.SwiftConstValuesFileList --force --compile-time-extraction --deployment-aware-processing --no-app-shortcuts-localization
2026-10-01 20:45:53.512 appintentsmetadataprocessor[8926:6619959] Starting appintentsmetadataprocessor export
2026-10-01 20:45:53.576 appintentsmetadataprocessor[8926:6619959] Extracted no relevant App Intents symbols, skipping writing output

CpResource /Users/builder/Factory/paperloft/evidence/checkouts/p3-3dfb51d/build/QADerivedData/Build/Products/QA/Paperloft\ Receipts.app/Contents/Resources/PrivacyInfo.xcprivacy /Users/builder/Factory/paperloft/evidence/checkouts/p3-3dfb51d/Apps/PaperloftApp/PrivacyInfo.xcprivacy (in target 'PaperloftApp' from project 'Paperloft')
    cd /Users/builder/Factory/paperloft/evidence/checkouts/p3-3dfb51d
    builtin-copy -exclude .DS_Store -exclude CVS -exclude .svn -exclude .git -exclude .hg -resolve-src-symlinks /Users/builder/Factory/paperloft/evidence/checkouts/p3-3dfb51d/Apps/PaperloftApp/PrivacyInfo.xcprivacy /Users/builder/Factory/paperloft/evidence/checkouts/p3-3dfb51d/build/QADerivedData/Build/Products/QA/Paperloft\ Receipts.app/Contents/Resources

CpResource /Users/builder/Factory/paperloft/evidence/checkouts/p3-3dfb51d/build/QADerivedData/Build/Products/QA/Paperloft\ Receipts.app/Contents/Resources/04-software.pdf /Users/builder/Factory/paperloft/evidence/checkouts/p3-3dfb51d/Apps/PaperloftApp/Resources/Samples/04-software.pdf (in target 'PaperloftApp' from project 'Paperloft')
    cd /Users/builder/Factory/paperloft/evidence/checkouts/p3-3dfb51d
    builtin-copy -exclude .DS_Store -exclude CVS -exclude .svn -exclude .git -exclude .hg -resolve-src-symlinks /Users/builder/Factory/paperloft/evidence/checkouts/p3-3dfb51d/Apps/PaperloftApp/Resources/Samples/04-software.pdf /Users/builder/Factory/paperloft/evidence/checkouts/p3-3dfb51d/build/QADerivedData/Build/Products/QA/Paperloft\ Receipts.app/Contents/Resources

CpResource /Users/builder/Factory/paperloft/evidence/checkouts/p3-3dfb51d/build/QADerivedData/Build/Products/QA/Paperloft\ Receipts.app/Contents/Resources/03-travel.pdf /Users/builder/Factory/paperloft/evidence/checkouts/p3-3dfb51d/Apps/PaperloftApp/Resources/Samples/03-travel.pdf (in target 'PaperloftApp' from project 'Paperloft')
    cd /Users/builder/Factory/paperloft/evidence/checkouts/p3-3dfb51d
    builtin-copy -exclude .DS_Store -exclude CVS -exclude .svn -exclude .git -exclude .hg -resolve-src-symlinks /Users/builder/Factory/paperloft/evidence/checkouts/p3-3dfb51d/Apps/PaperloftApp/Resources/Samples/03-travel.pdf /Users/builder/Factory/paperloft/evidence/checkouts/p3-3dfb51d/build/QADerivedData/Build/Products/QA/Paperloft\ Receipts.app/Contents/Resources

CpResource /Users/builder/Factory/paperloft/evidence/checkouts/p3-3dfb51d/build/QADerivedData/Build/Products/QA/Paperloft\ Receipts.app/Contents/Resources/05-utilities.pdf /Users/builder/Factory/paperloft/evidence/checkouts/p3-3dfb51d/Apps/PaperloftApp/Resources/Samples/05-utilities.pdf (in target 'PaperloftApp' from project 'Paperloft')
    cd /Users/builder/Factory/paperloft/evidence/checkouts/p3-3dfb51d
    builtin-copy -exclude .DS_Store -exclude CVS -exclude .svn -exclude .git -exclude .hg -resolve-src-symlinks /Users/builder/Factory/paperloft/evidence/checkouts/p3-3dfb51d/Apps/PaperloftApp/Resources/Samples/05-utilities.pdf /Users/builder/Factory/paperloft/evidence/checkouts/p3-3dfb51d/build/QADerivedData/Build/Products/QA/Paperloft\ Receipts.app/Contents/Resources

CpResource /Users/builder/Factory/paperloft/evidence/checkouts/p3-3dfb51d/build/QADerivedData/Build/Products/QA/Paperloft\ Receipts.app/Contents/Resources/02-meal.pdf /Users/builder/Factory/paperloft/evidence/checkouts/p3-3dfb51d/Apps/PaperloftApp/Resources/Samples/02-meal.pdf (in target 'PaperloftApp' from project 'Paperloft')
    cd /Users/builder/Factory/paperloft/evidence/checkouts/p3-3dfb51d
    builtin-copy -exclude .DS_Store -exclude CVS -exclude .svn -exclude .git -exclude .hg -resolve-src-symlinks /Users/builder/Factory/paperloft/evidence/checkouts/p3-3dfb51d/Apps/PaperloftApp/Resources/Samples/02-meal.pdf /Users/builder/Factory/paperloft/evidence/checkouts/p3-3dfb51d/build/QADerivedData/Build/Products/QA/Paperloft\ Receipts.app/Contents/Resources

CpResource /Users/builder/Factory/paperloft/evidence/checkouts/p3-3dfb51d/build/QADerivedData/Build/Products/QA/Paperloft\ Receipts.app/Contents/Resources/01-office.pdf /Users/builder/Factory/paperloft/evidence/checkouts/p3-3dfb51d/Apps/PaperloftApp/Resources/Samples/01-office.pdf (in target 'PaperloftApp' from project 'Paperloft')
    cd /Users/builder/Factory/paperloft/evidence/checkouts/p3-3dfb51d
    builtin-copy -exclude .DS_Store -exclude CVS -exclude .svn -exclude .git -exclude .hg -resolve-src-symlinks /Users/builder/Factory/paperloft/evidence/checkouts/p3-3dfb51d/Apps/PaperloftApp/Resources/Samples/01-office.pdf /Users/builder/Factory/paperloft/evidence/checkouts/p3-3dfb51d/build/QADerivedData/Build/Products/QA/Paperloft\ Receipts.app/Contents/Resources

SwiftExplicitDependencyGeneratePcm arm64 /Users/builder/Factory/paperloft/evidence/checkouts/p3-3dfb51d/build/QADerivedData/SDKExplicitPrecompiledModules/_SwiftConcurrencyShims-27EH4GJDUE5FP8PXYJTT3DGEN.pcm

SwiftExplicitDependencyGeneratePcm arm64 /Users/builder/Factory/paperloft/evidence/checkouts/p3-3dfb51d/build/QADerivedData/SDKExplicitPrecompiledModules/_Builtin_stdbool-23EB2NFMXMS9LYIXNP3LLAZ1O.pcm

SwiftExplicitDependencyGeneratePcm arm64 /Users/builder/Factory/paperloft/evidence/checkouts/p3-3dfb51d/build/QADerivedData/SDKExplicitPrecompiledModules/DeveloperToolsSupport-8GK36GAGXNE3IL1NQ3MS54PK7.pcm

SwiftExplicitDependencyGeneratePcm arm64 /Users/builder/Factory/paperloft/evidence/checkouts/p3-3dfb51d/build/QADerivedData/SDKExplicitPrecompiledModules/ptrcheck-5FSWMDWZF2SDPEWJ2M1KZEZVG.pcm

SwiftExplicitDependencyGeneratePcm arm64 /Users/builder/Factory/paperloft/evidence/checkouts/p3-3dfb51d/build/QADerivedData/SDKExplicitPrecompiledModules/ptrauth-B576AT4NWVXN6LJUWAY5WXXFY.pcm

SwiftExplicitDependencyGeneratePcm arm64 /Users/builder/Factory/paperloft/evidence/checkouts/p3-3dfb51d/build/QADerivedData/SDKExplicitPrecompiledModules/_Builtin_stddef-7CFWLRACGZ26AORVYM8FZNI7G.pcm

SwiftExplicitDependencyGeneratePcm arm64 /Users/builder/Factory/paperloft/evidence/checkouts/p3-3dfb51d/build/QADerivedData/SDKExplicitPrecompiledModules/_Builtin_float-6I0RYMZJEGBLZYD0U5XTNYJ9C.pcm

SwiftExplicitDependencyGeneratePcm arm64 /Users/builder/Factory/paperloft/evidence/checkouts/p3-3dfb51d/build/QADerivedData/SDKExplicitPrecompiledModules/SwiftShims-EDBJ5P95ZJRJ6113TKQXVIL5Z.pcm

SwiftExplicitDependencyGeneratePcm arm64 /Users/builder/Factory/paperloft/evidence/checkouts/p3-3dfb51d/build/QADerivedData/SDKExplicitPrecompiledModules/_Builtin_stdarg-5YIUUNAPS5FXTL4YXXICQSZDC.pcm

SwiftExplicitDependencyGeneratePcm arm64 /Users/builder/Factory/paperloft/evidence/checkouts/p3-3dfb51d/build/QADerivedData/SDKExplicitPrecompiledModules/_AvailabilityInternal-3Y3LLJE7GUAVL15A0HM5RWCR2.pcm

SwiftExplicitDependencyGeneratePcm arm64 /Users/builder/Factory/paperloft/evidence/checkouts/p3-3dfb51d/build/QADerivedData/SDKExplicitPrecompiledModules/_DarwinFoundation1-5NPJT0B6MW48FB1725F5MENZM.pcm

SwiftExplicitDependencyGeneratePcm arm64 /Users/builder/Factory/paperloft/evidence/checkouts/p3-3dfb51d/build/QADerivedData/SDKExplicitPrecompiledModules/ExtensionFoundation-2UMUW86I52SX7LX931BDKGTGU.pcm

SwiftExplicitDependencyGeneratePcm arm64 /Users/builder/Factory/paperloft/evidence/checkouts/p3-3dfb51d/build/QADerivedData/SDKExplicitPrecompiledModules/_Builtin_limits-EKN5H3BDAEFP3F4O5SRN6SDDG.pcm

SwiftExplicitDependencyGeneratePcm arm64 /Users/builder/Factory/paperloft/evidence/checkouts/p3-3dfb51d/build/QADerivedData/SDKExplicitPrecompiledModules/_DarwinFoundation2-49ZOZHSC28UH0EQAPW5ENIR9E.pcm

SwiftExplicitDependencyGeneratePcm arm64 /Users/builder/Factory/paperloft/evidence/checkouts/p3-3dfb51d/build/QADerivedData/SDKExplicitPrecompiledModules/_Builtin_tgmath-CE0Q9W41OYJ9P5RXZKP8JCK9X.pcm

SwiftExplicitDependencyGeneratePcm arm64 /Users/builder/Factory/paperloft/evidence/checkouts/p3-3dfb51d/build/QADerivedData/SDKExplicitPrecompiledModules/_Builtin_stdint-8Q4RYCTC0JFOCUGTHOZTC11AC.pcm

SwiftExplicitDependencyGeneratePcm arm64 /Users/builder/Factory/paperloft/evidence/checkouts/p3-3dfb51d/build/QADerivedData/SDKExplicitPrecompiledModules/string_h-5QFOUOJODZ62QNEPNIK1SOQRF.pcm

SwiftExplicitDependencyGeneratePcm arm64 /Users/builder/Factory/paperloft/evidence/checkouts/p3-3dfb51d/build/QADerivedData/SDKExplicitPrecompiledModules/sys_types-D2HM5MF3M0BH7Q28O435U33WR.pcm

SwiftExplicitDependencyGeneratePcm arm64 /Users/builder/Factory/paperloft/evidence/checkouts/p3-3dfb51d/build/QADerivedData/SDKExplicitPrecompiledModules/_DarwinFoundation3-65DDYBFUY6TV315J7U90S051P.pcm

SwiftExplicitDependencyGeneratePcm arm64 /Users/builder/Factory/paperloft/evidence/checkouts/p3-3dfb51d/build/QADerivedData/SDKExplicitPrecompiledModules/_Builtin_intrinsics-ABASG4A2MZKUSJD0RFQ7QYKZ3.pcm

SwiftExplicitDependencyGeneratePcm arm64 /Users/builder/Factory/paperloft/evidence/checkouts/p3-3dfb51d/build/QADerivedData/SDKExplicitPrecompiledModules/libDER-4F7BHBGKHNBA6I10F5TXY8O5G.pcm

SwiftExplicitDependencyGeneratePcm arm64 /Users/builder/Factory/paperloft/evidence/checkouts/p3-3dfb51d/build/QADerivedData/SDKExplicitPrecompiledModules/_Builtin_stdatomic-6IVDL3XEZW7OOJ53SAV0OL9IM.pcm

SwiftExplicitDependencyGeneratePcm arm64 /Users/builder/Factory/paperloft/evidence/checkouts/p3-3dfb51d/build/QADerivedData/SDKExplicitPrecompiledModules/_Builtin_inttypes-L9PNS3VXUUVZFPSDM4U06GEU.pcm

SwiftExplicitDependencyGeneratePcm arm64 /Users/builder/Factory/paperloft/evidence/checkouts/p3-3dfb51d/build/QADerivedData/SDKExplicitPrecompiledModules/Darwin-DRU3X3KXQW8C5H9VXHLD5ZY7Y.pcm

SwiftExplicitDependencyGeneratePcm arm64 /Users/builder/Factory/paperloft/evidence/checkouts/p3-3dfb51d/build/QADerivedData/SDKExplicitPrecompiledModules/simd-2QWOSTSH675QF7DFFOUAZB7IM.pcm

SwiftExplicitDependencyGeneratePcm arm64 /Users/builder/Factory/paperloft/evidence/checkouts/p3-3dfb51d/build/QADerivedData/SDKExplicitPrecompiledModules/MachO-7KL397LQ533JSKNS5RVBMKQLV.pcm

SwiftExplicitDependencyGeneratePcm arm64 /Users/builder/Factory/paperloft/evidence/checkouts/p3-3dfb51d/build/QADerivedData/SDKExplicitPrecompiledModules/CUPS-ARGYTQCQ6W0H9QNKC37FA4Q1A.pcm

SwiftExplicitDependencyGeneratePcm arm64 /Users/builder/Factory/paperloft/evidence/checkouts/p3-3dfb51d/build/QADerivedData/SDKExplicitPrecompiledModules/launch-E54Y048QYDN8AIKJWGU2EXO6E.pcm

SwiftExplicitDependencyGeneratePcm arm64 /Users/builder/Factory/paperloft/evidence/checkouts/p3-3dfb51d/build/QADerivedData/SDKExplicitPrecompiledModules/Compression-2143F3FYIQZLGODWHQEK0YND2.pcm

SwiftExplicitDependencyGeneratePcm arm64 /Users/builder/Factory/paperloft/evidence/checkouts/p3-3dfb51d/build/QADerivedData/SDKExplicitPrecompiledModules/libkern-4IUH1ZG85G719YN16IM4I1KOG.pcm

SwiftExplicitDependencyGeneratePcm arm64 /Users/builder/Factory/paperloft/evidence/checkouts/p3-3dfb51d/build/QADerivedData/SDKExplicitPrecompiledModules/ObjectiveC-36ZXL23B5ULSFSTK0U5911M7A.pcm

SwiftExplicitDependencyGeneratePcm arm64 /Users/builder/Factory/paperloft/evidence/checkouts/p3-3dfb51d/build/QADerivedData/SDKExplicitPrecompiledModules/os_object-8VBQG6O7B65VOBDL1NP7L0GO5.pcm

SwiftExplicitDependencyGeneratePcm arm64 /Users/builder/Factory/paperloft/evidence/checkouts/p3-3dfb51d/build/QADerivedData/SDKExplicitPrecompiledModules/os_workgroup-BY1C378ID6TX1MT1XEBV0OPAS.pcm

SwiftExplicitDependencyGeneratePcm arm64 /Users/builder/Factory/paperloft/evidence/checkouts/p3-3dfb51d/build/QADerivedData/SDKExplicitPrecompiledModules/Dispatch-2M16UINU9KPHIIDNETGM5JHUC.pcm

SwiftExplicitDependencyGeneratePcm arm64 /Users/builder/Factory/paperloft/evidence/checkouts/p3-3dfb51d/build/QADerivedData/SDKExplicitPrecompiledModules/Spatial-1H5L05RR2XLB8TLZOVKL6KGAH.pcm

SwiftExplicitDependencyGeneratePcm arm64 /Users/builder/Factory/paperloft/evidence/checkouts/p3-3dfb51d/build/QADerivedData/SDKExplicitPrecompiledModules/XPC-AW8QXOLKBD29KRLQYNMSXWNM1.pcm

SwiftExplicitDependencyGeneratePcm arm64 /Users/builder/Factory/paperloft/evidence/checkouts/p3-3dfb51d/build/QADerivedData/SDKExplicitPrecompiledModules/dnssd-7XA8UKBM10QM11M2BBHWDC709.pcm

SwiftExplicitDependencyGeneratePcm arm64 /Users/builder/Factory/paperloft/evidence/checkouts/p3-3dfb51d/build/QADerivedData/SDKExplicitPrecompiledModules/CoreFoundation-2O1I2LWU2QN4SSCU1YESXPBQJ.pcm

SwiftExplicitDependencyGeneratePcm arm64 /Users/builder/Factory/paperloft/evidence/checkouts/p3-3dfb51d/build/QADerivedData/SDKExplicitPrecompiledModules/os-9L8OWAN0FVGN04WSUC08J1FUE.pcm

SwiftExplicitDependencyGeneratePcm arm64 /Users/builder/Factory/paperloft/evidence/checkouts/p3-3dfb51d/build/QADerivedData/SDKExplicitPrecompiledModules/Security-3SE1QSCG0QBDKLEL5ORFQK9HY.pcm

SwiftExplicitDependencyGeneratePcm arm64 /Users/builder/Factory/paperloft/evidence/checkouts/p3-3dfb51d/build/QADerivedData/SDKExplicitPrecompiledModules/ColorSync-D6KPKLNBJLDLZOY4XJRVOICOE.pcm

SwiftExplicitDependencyGeneratePcm arm64 /Users/builder/Factory/paperloft/evidence/checkouts/p3-3dfb51d/build/QADerivedData/SDKExplicitPrecompiledModules/CoreAudioTypes-C09I4NMREBT88QB4GH6ZKM121.pcm

SwiftExplicitDependencyGeneratePcm arm64 /Users/builder/Factory/paperloft/evidence/checkouts/p3-3dfb51d/build/QADerivedData/SDKExplicitPrecompiledModules/CFNetwork-8WMAPHLSUVI2IT8KUMLB42ST8.pcm

SwiftExplicitDependencyGeneratePcm arm64 /Users/builder/Factory/paperloft/evidence/checkouts/p3-3dfb51d/build/QADerivedData/SDKExplicitPrecompiledModules/IOKit-7JYHISR24FX949XHYCL96C282.pcm

SwiftExplicitDependencyGeneratePcm arm64 /Users/builder/Factory/paperloft/evidence/checkouts/p3-3dfb51d/build/QADerivedData/SDKExplicitPrecompiledModules/DiskArbitration-2BOU74BWO3V3CUK04UZ6OKIQ5.pcm

SwiftExplicitDependencyGeneratePcm arm64 /Users/builder/Factory/paperloft/evidence/checkouts/p3-3dfb51d/build/QADerivedData/SDKExplicitPrecompiledModules/CoreGraphics-PT1AEYFXHECPFWK77F4JMWG5.pcm

SwiftExplicitDependencyGeneratePcm arm64 /Users/builder/Factory/paperloft/evidence/checkouts/p3-3dfb51d/build/QADerivedData/SDKExplicitPrecompiledModules/CoreServices-ETYL19UUTYAMKT0PAODCFVC5T.pcm

SwiftExplicitDependencyGeneratePcm arm64 /Users/builder/Factory/paperloft/evidence/checkouts/p3-3dfb51d/build/QADerivedData/SDKExplicitPrecompiledModules/ImageIO-6H2M0MJLHXX17MLEQ7NIZXND5.pcm

SwiftExplicitDependencyGeneratePcm arm64 /Users/builder/Factory/paperloft/evidence/checkouts/p3-3dfb51d/build/QADerivedData/SDKExplicitPrecompiledModules/CoreText-6DREAKMX7G7UPEKVF8QM8NI7L.pcm

SwiftExplicitDependencyGeneratePcm arm64 /Users/builder/Factory/paperloft/evidence/checkouts/p3-3dfb51d/build/QADerivedData/SDKExplicitPrecompiledModules/Foundation-2LJMZITLY03WPY29TLLND21ZD.pcm

LinkAssetCatalog /Users/builder/Factory/paperloft/evidence/checkouts/p3-3dfb51d/Apps/PaperloftApp/Resources/Assets.xcassets /Users/builder/Factory/paperloft/evidence/checkouts/p3-3dfb51d/Apps/PaperloftApp/AppIcon.icon (in target 'PaperloftApp' from project 'Paperloft')
    cd /Users/builder/Factory/paperloft/evidence/checkouts/p3-3dfb51d
    builtin-linkAssetCatalog --thinned /Users/builder/Factory/paperloft/evidence/checkouts/p3-3dfb51d/build/QADerivedData/Build/Intermediates.noindex/Paperloft.build/QA/PaperloftApp.build/assetcatalog_output/thinned --thinned-dependencies /Users/builder/Factory/paperloft/evidence/checkouts/p3-3dfb51d/build/QADerivedData/Build/Intermediates.noindex/Paperloft.build/QA/PaperloftApp.build/assetcatalog_dependencies_thinned --thinned-info-plist-content /Users/builder/Factory/paperloft/evidence/checkouts/p3-3dfb51d/build/QADerivedData/Build/Intermediates.noindex/Paperloft.build/QA/PaperloftApp.build/assetcatalog_generated_info.plist_thinned --unthinned /Users/builder/Factory/paperloft/evidence/checkouts/p3-3dfb51d/build/QADerivedData/Build/Intermediates.noindex/Paperloft.build/QA/PaperloftApp.build/assetcatalog_output/unthinned --unthinned-dependencies /Users/builder/Factory/paperloft/evidence/checkouts/p3-3dfb51d/build/QADerivedData/Build/Intermediates.noindex/Paperloft.build/QA/PaperloftApp.build/assetcatalog_dependencies_unthinned --unthinned-info-plist-content /Users/builder/Factory/paperloft/evidence/checkouts/p3-3dfb51d/build/QADerivedData/Build/Intermediates.noindex/Paperloft.build/QA/PaperloftApp.build/assetcatalog_generated_info.plist_unthinned --output /Users/builder/Factory/paperloft/evidence/checkouts/p3-3dfb51d/build/QADerivedData/Build/Products/QA/Paperloft\ Receipts.app/Contents/Resources --plist-output /Users/builder/Factory/paperloft/evidence/checkouts/p3-3dfb51d/build/QADerivedData/Build/Intermediates.noindex/Paperloft.build/QA/PaperloftApp.build/assetcatalog_generated_info.plist
note: Emplaced /Users/builder/Factory/paperloft/evidence/checkouts/p3-3dfb51d/build/QADerivedData/Build/Products/QA/Paperloft Receipts.app/Contents/Resources/AppIcon.icns (in target 'PaperloftApp' from project 'Paperloft')
note: Emplaced /Users/builder/Factory/paperloft/evidence/checkouts/p3-3dfb51d/build/QADerivedData/Build/Products/QA/Paperloft Receipts.app/Contents/Resources/Assets.car (in target 'PaperloftApp' from project 'Paperloft')

SwiftExplicitDependencyGeneratePcm arm64 /Users/builder/Factory/paperloft/evidence/checkouts/p3-3dfb51d/build/QADerivedData/SDKExplicitPrecompiledModules/CoreAudio-3HFCAFCVNV1LM6BZV61GNS2PC.pcm

SwiftExplicitDependencyGeneratePcm arm64 /Users/builder/Factory/paperloft/evidence/checkouts/p3-3dfb51d/build/QADerivedData/SDKExplicitPrecompiledModules/LocalAuthentication-375KW9PFNQE47O0053HHUEXYW.pcm

SwiftExplicitDependencyGeneratePcm arm64 /Users/builder/Factory/paperloft/evidence/checkouts/p3-3dfb51d/build/QADerivedData/SDKExplicitPrecompiledModules/Symbols-3F5IR7WK1GWG8IAIHKO6BBXFZ.pcm

SwiftExplicitDependencyGeneratePcm arm64 /Users/builder/Factory/paperloft/evidence/checkouts/p3-3dfb51d/build/QADerivedData/SDKExplicitPrecompiledModules/AppIntentsTypeSupport-CW8RJ9DCFHG2W8E3JXML2QKJ8.pcm

SwiftExplicitDependencyGeneratePcm arm64 /Users/builder/Factory/paperloft/evidence/checkouts/p3-3dfb51d/build/QADerivedData/SDKExplicitPrecompiledModules/UniformTypeIdentifiers-DWDH2UAOEU1KDL8EZXHYN6WT2.pcm

SwiftExplicitDependencyGeneratePcm arm64 /Users/builder/Factory/paperloft/evidence/checkouts/p3-3dfb51d/build/QADerivedData/SDKExplicitPrecompiledModules/Network-4RDI4IK852IDJNW0DBGSSJC7.pcm

SwiftExplicitDependencyGeneratePcm arm64 /Users/builder/Factory/paperloft/evidence/checkouts/p3-3dfb51d/build/QADerivedData/SDKExplicitPrecompiledModules/JavaScriptCore-EQ2AB6EOKB92LUS5TDP5RQFNT.pcm

SwiftExplicitDependencyGeneratePcm arm64 /Users/builder/Factory/paperloft/evidence/checkouts/p3-3dfb51d/build/QADerivedData/SDKExplicitPrecompiledModules/CoreData-55LW721SMNZNWPT5MWFW0E05F.pcm

SwiftExplicitDependencyGeneratePcm arm64 /Users/builder/Factory/paperloft/evidence/checkouts/p3-3dfb51d/build/QADerivedData/SDKExplicitPrecompiledModules/CoreTransferable-6M86OGAP9242HUVRBCF69VM80.pcm

SwiftExplicitDependencyGeneratePcm arm64 /Users/builder/Factory/paperloft/evidence/checkouts/p3-3dfb51d/build/QADerivedData/SDKExplicitPrecompiledModules/Accessibility-17AVJR1RUNVMNNX991SVAS4JU.pcm

SwiftExplicitDependencyGeneratePcm arm64 /Users/builder/Factory/paperloft/evidence/checkouts/p3-3dfb51d/build/QADerivedData/SDKExplicitPrecompiledModules/DataDetection-2CB5KXLUJLU5R2UHP085CZFHP.pcm

SwiftExplicitDependencyGeneratePcm arm64 /Users/builder/Factory/paperloft/evidence/checkouts/p3-3dfb51d/build/QADerivedData/SDKExplicitPrecompiledModules/AppIntents-BBHZB26ASWJGODHSNRR23ETU7.pcm

SwiftExplicitDependencyGeneratePcm arm64 /Users/builder/Factory/paperloft/evidence/checkouts/p3-3dfb51d/build/QADerivedData/SDKExplicitPrecompiledModules/IOSurface-CHM01TZVZVSQE6OP0M5GVF5JZ.pcm

SwiftExplicitDependencyGeneratePcm arm64 /Users/builder/Factory/paperloft/evidence/checkouts/p3-3dfb51d/build/QADerivedData/SDKExplicitPrecompiledModules/CoreSpotlight-8DZMXQZONCGJBOHDD4YV9HJ25.pcm

SwiftExplicitDependencyGeneratePcm arm64 /Users/builder/Factory/paperloft/evidence/checkouts/p3-3dfb51d/build/QADerivedData/SDKExplicitPrecompiledModules/CoreMIDI-L0IUACDHOCW8Z4J271VLL0O3.pcm

SwiftExplicitDependencyGeneratePcm arm64 /Users/builder/Factory/paperloft/evidence/checkouts/p3-3dfb51d/build/QADerivedData/SDKExplicitPrecompiledModules/RelevanceKit-9Z0WWDCG633QYKNEG7S440NCC.pcm

SwiftExplicitDependencyGeneratePcm arm64 /Users/builder/Factory/paperloft/evidence/checkouts/p3-3dfb51d/build/QADerivedData/SDKExplicitPrecompiledModules/_LocationEssentials-EV4SZT5LW7EPMR4A06915FHKO.pcm

SwiftExplicitDependencyGeneratePcm arm64 /Users/builder/Factory/paperloft/evidence/checkouts/p3-3dfb51d/build/QADerivedData/SDKExplicitPrecompiledModules/OSLog-655OS0KHG7VNBXNQB223WVILH.pcm

SwiftExplicitDependencyGeneratePcm arm64 /Users/builder/Factory/paperloft/evidence/checkouts/p3-3dfb51d/build/QADerivedData/SDKExplicitPrecompiledModules/BackgroundAssets-CY2659AJNQZABYJD4EWKKW7BU.pcm

SwiftExplicitDependencyGeneratePcm arm64 /Users/builder/Factory/paperloft/evidence/checkouts/p3-3dfb51d/build/QADerivedData/SDKExplicitPrecompiledModules/ApplicationServices-56G0Y1TO3R5NLZVMOQT18BSUY.pcm

SwiftExplicitDependencyGeneratePcm arm64 /Users/builder/Factory/paperloft/evidence/checkouts/p3-3dfb51d/build/QADerivedData/SDKExplicitPrecompiledModules/CoreLocation-7HVOWXWEJNCAU5Z00IX8PV820.pcm

SwiftExplicitDependencyGeneratePcm arm64 /Users/builder/Factory/paperloft/evidence/checkouts/p3-3dfb51d/build/QADerivedData/SDKExplicitPrecompiledModules/Metal-4ECHT023CJJUN6E2GNFTBUEF9.pcm

SwiftExplicitDependencyGeneratePcm arm64 /Users/builder/Factory/paperloft/evidence/checkouts/p3-3dfb51d/build/QADerivedData/SDKExplicitPrecompiledModules/OpenGL-2P48YKFNHJBT6HNG2P6ARI74U.pcm

SwiftExplicitDependencyGeneratePcm arm64 /Users/builder/Factory/paperloft/evidence/checkouts/p3-3dfb51d/build/QADerivedData/SDKExplicitPrecompiledModules/Carbon-DXFHQHZNO1BTTBKY63P4QVQKL.pcm

SwiftExplicitDependencyGeneratePcm arm64 /Users/builder/Factory/paperloft/evidence/checkouts/p3-3dfb51d/build/QADerivedData/SDKExplicitPrecompiledModules/QuickLook-4ZZZL7HG0TIJRSUR48CP6C8RO.pcm

SwiftExplicitDependencyGeneratePcm arm64 /Users/builder/Factory/paperloft/evidence/checkouts/p3-3dfb51d/build/QADerivedData/SDKExplicitPrecompiledModules/CoreVideo-CUG5YSF6PI6RO9BBKUT5HV5T9.pcm

SwiftExplicitDependencyGeneratePcm arm64 /Users/builder/Factory/paperloft/evidence/checkouts/p3-3dfb51d/build/QADerivedData/SDKExplicitPrecompiledModules/Accelerate-AFAI73P7R4UD9SWZZPTT2P4SR.pcm

SwiftExplicitDependencyGeneratePcm arm64 /Users/builder/Factory/paperloft/evidence/checkouts/p3-3dfb51d/build/QADerivedData/SDKExplicitPrecompiledModules/CoreML-7WGQQ37XG5KAH1FE1OOMVS62Q.pcm

SwiftExplicitDependencyGeneratePcm arm64 /Users/builder/Factory/paperloft/evidence/checkouts/p3-3dfb51d/build/QADerivedData/SDKExplicitPrecompiledModules/CoreMedia-4A69PQKBRK8FM7TCRPAIS4AS4.pcm

SwiftExplicitDependencyGeneratePcm arm64 /Users/builder/Factory/paperloft/evidence/checkouts/p3-3dfb51d/build/QADerivedData/SDKExplicitPrecompiledModules/QuartzCore-8CWNVC7L9IU5NFJ4YAEY39SED.pcm

SwiftExplicitDependencyGeneratePcm arm64 /Users/builder/Factory/paperloft/evidence/checkouts/p3-3dfb51d/build/QADerivedData/SDKExplicitPrecompiledModules/CoreImage-LHEXITX68T2XH8JM4GAP2BH0.pcm

SwiftExplicitDependencyGeneratePcm arm64 /Users/builder/Factory/paperloft/evidence/checkouts/p3-3dfb51d/build/QADerivedData/SDKExplicitPrecompiledModules/AudioToolbox-5VDKA9U7TMCLI78Z84DDGRTU8.pcm

SwiftExplicitDependencyGeneratePcm arm64 /Users/builder/Factory/paperloft/evidence/checkouts/p3-3dfb51d/build/QADerivedData/SDKExplicitPrecompiledModules/SwiftUICore-558HTJ3DUIHN4MV0VTTW9IF1.pcm

SwiftExplicitDependencyGeneratePcm arm64 /Users/builder/Factory/paperloft/evidence/checkouts/p3-3dfb51d/build/QADerivedData/SDKExplicitPrecompiledModules/Vision-71H2O4FKCJCK5IAQ2TZW6RFS0.pcm

SwiftExplicitDependencyGeneratePcm arm64 /Users/builder/Factory/paperloft/evidence/checkouts/p3-3dfb51d/build/QADerivedData/SDKExplicitPrecompiledModules/VideoToolbox-8C2CN5K1HP3WQH5TM5ZDMLPT9.pcm

SwiftExplicitDependencyGeneratePcm arm64 /Users/builder/Factory/paperloft/evidence/checkouts/p3-3dfb51d/build/QADerivedData/SDKExplicitPrecompiledModules/AppKit-9SWURF48D04PLKVRGI2I70M5B.pcm

SwiftExplicitDependencyGeneratePcm arm64 /Users/builder/Factory/paperloft/evidence/checkouts/p3-3dfb51d/build/QADerivedData/SDKExplicitPrecompiledModules/AVFAudio-ERG07LSPECG4UYAKA36TJ4OND.pcm

SwiftExplicitDependencyGeneratePcm arm64 /Users/builder/Factory/paperloft/evidence/checkouts/p3-3dfb51d/build/QADerivedData/SDKExplicitPrecompiledModules/MediaToolbox-92SZCM4PSPAV8PFGDJ0SHENCP.pcm

SwiftExplicitDependencyGeneratePcm arm64 /Users/builder/Factory/paperloft/evidence/checkouts/p3-3dfb51d/build/QADerivedData/SDKExplicitPrecompiledModules/AVFoundation-1DO476V764SRLF9KR9C2SHNE.pcm

SwiftExplicitDependencyGeneratePcm arm64 /Users/builder/Factory/paperloft/evidence/checkouts/p3-3dfb51d/build/QADerivedData/SDKExplicitPrecompiledModules/Cocoa-28XQQCYA3S7QQHJRCWTOD50WP.pcm

SwiftExplicitDependencyGeneratePcm arm64 /Users/builder/Factory/paperloft/evidence/checkouts/p3-3dfb51d/build/QADerivedData/SDKExplicitPrecompiledModules/WebKit-57BWOCROL5UXGL18LIXI9XCLW.pcm

SwiftExplicitDependencyGeneratePcm arm64 /Users/builder/Factory/paperloft/evidence/checkouts/p3-3dfb51d/build/QADerivedData/SDKExplicitPrecompiledModules/StoreKit-4NRG0SRG433A36BY5S9YJC8FT.pcm

SwiftExplicitDependencyGeneratePcm arm64 /Users/builder/Factory/paperloft/evidence/checkouts/p3-3dfb51d/build/QADerivedData/SDKExplicitPrecompiledModules/SwiftUI-EOPZGMG5IXAFTB7M3P5ZCAJZJ.pcm

SwiftExplicitDependencyGeneratePcm arm64 /Users/builder/Factory/paperloft/evidence/checkouts/p3-3dfb51d/build/QADerivedData/SDKExplicitPrecompiledModules/PDFKit-7YZ59NKIWO7EFCHDCJUHWK169.pcm

SwiftExplicitDependencyGeneratePcm arm64 /Users/builder/Factory/paperloft/evidence/checkouts/p3-3dfb51d/build/QADerivedData/SDKExplicitPrecompiledModules/ImageCaptureCore-8JJXFBJ2NT2R5LES59EM119W2.pcm

SwiftExplicitDependencyGeneratePcm arm64 /Users/builder/Factory/paperloft/evidence/checkouts/p3-3dfb51d/build/QADerivedData/SDKExplicitPrecompiledModules/QuickLookUI-4M4SKDJIV79IVSRUAZVB50WA2.pcm

SwiftExplicitDependencyGeneratePcm arm64 /Users/builder/Factory/paperloft/evidence/checkouts/p3-3dfb51d/build/QADerivedData/SDKExplicitPrecompiledModules/Quartz-6M9P08R69COPADQG4HZ8EMNLL.pcm

SwiftCompile normal arm64 Compiling\ WindowAccessibility.swift /Users/builder/Factory/paperloft/evidence/checkouts/p3-3dfb51d/Apps/PaperloftApp/WindowAccessibility.swift (in target 'PaperloftApp' from project 'Paperloft')

SwiftCompile normal arm64 /Users/builder/Factory/paperloft/evidence/checkouts/p3-3dfb51d/Apps/PaperloftApp/WindowAccessibility.swift (in target 'PaperloftApp' from project 'Paperloft')
    cd /Users/builder/Factory/paperloft/evidence/checkouts/p3-3dfb51d
    builtin-SwiftPerFileCompile WindowAccessibility.swift

SwiftCompile normal arm64 Compiling\ DeviceImport.swift,\ EmailBodyRenderer.swift /Users/builder/Factory/paperloft/evidence/checkouts/p3-3dfb51d/Apps/PaperloftApp/DeviceImport.swift /Users/builder/Factory/paperloft/evidence/checkouts/p3-3dfb51d/Apps/PaperloftApp/EmailBodyRenderer.swift (in target 'PaperloftApp' from project 'Paperloft')

SwiftCompile normal arm64 /Users/builder/Factory/paperloft/evidence/checkouts/p3-3dfb51d/Apps/PaperloftApp/DeviceImport.swift (in target 'PaperloftApp' from project 'Paperloft')
    cd /Users/builder/Factory/paperloft/evidence/checkouts/p3-3dfb51d
    builtin-SwiftPerFileCompile DeviceImport.swift

SwiftCompile normal arm64 /Users/builder/Factory/paperloft/evidence/checkouts/p3-3dfb51d/Apps/PaperloftApp/EmailBodyRenderer.swift (in target 'PaperloftApp' from project 'Paperloft')
    cd /Users/builder/Factory/paperloft/evidence/checkouts/p3-3dfb51d
    builtin-SwiftPerFileCompile EmailBodyRenderer.swift

SwiftCompile normal arm64 Compiling\ PaperloftApp.swift /Users/builder/Factory/paperloft/evidence/checkouts/p3-3dfb51d/Apps/PaperloftApp/PaperloftApp.swift (in target 'PaperloftApp' from project 'Paperloft')

SwiftCompile normal arm64 /Users/builder/Factory/paperloft/evidence/checkouts/p3-3dfb51d/Apps/PaperloftApp/PaperloftApp.swift (in target 'PaperloftApp' from project 'Paperloft')
    cd /Users/builder/Factory/paperloft/evidence/checkouts/p3-3dfb51d
    builtin-SwiftPerFileCompile PaperloftApp.swift

SwiftEmitModule normal arm64 Emitting\ module\ for\ Paperloft_Receipts (in target 'PaperloftApp' from project 'Paperloft')

SwiftCompile normal arm64 (in target 'PaperloftApp' from project 'Paperloft')
    cd /Users/builder/Factory/paperloft/evidence/checkouts/p3-3dfb51d
    

SwiftCompile normal arm64 Compiling\ GeneratedAssetSymbols.swift /Users/builder/Factory/paperloft/evidence/checkouts/p3-3dfb51d/build/QADerivedData/Build/Intermediates.noindex/Paperloft.build/QA/PaperloftApp.build/DerivedSources/GeneratedAssetSymbols.swift (in target 'PaperloftApp' from project 'Paperloft')

SwiftCompile normal arm64 /Users/builder/Factory/paperloft/evidence/checkouts/p3-3dfb51d/build/QADerivedData/Build/Intermediates.noindex/Paperloft.build/QA/PaperloftApp.build/DerivedSources/GeneratedAssetSymbols.swift (in target 'PaperloftApp' from project 'Paperloft')
    cd /Users/builder/Factory/paperloft/evidence/checkouts/p3-3dfb51d
    builtin-SwiftPerFileCompile GeneratedAssetSymbols.swift

SwiftCompile normal arm64 Compiling\ LibraryView.swift,\ MailReviewPreparation.swift /Users/builder/Factory/paperloft/evidence/checkouts/p3-3dfb51d/Apps/PaperloftApp/LibraryView.swift /Users/builder/Factory/paperloft/evidence/checkouts/p3-3dfb51d/Apps/PaperloftApp/MailReviewPreparation.swift (in target 'PaperloftApp' from project 'Paperloft')

SwiftCompile normal arm64 /Users/builder/Factory/paperloft/evidence/checkouts/p3-3dfb51d/Apps/PaperloftApp/LibraryView.swift (in target 'PaperloftApp' from project 'Paperloft')
    cd /Users/builder/Factory/paperloft/evidence/checkouts/p3-3dfb51d
    builtin-SwiftPerFileCompile LibraryView.swift

SwiftCompile normal arm64 /Users/builder/Factory/paperloft/evidence/checkouts/p3-3dfb51d/Apps/PaperloftApp/MailReviewPreparation.swift (in target 'PaperloftApp' from project 'Paperloft')
    cd /Users/builder/Factory/paperloft/evidence/checkouts/p3-3dfb51d
    builtin-SwiftPerFileCompile MailReviewPreparation.swift

SwiftCompile normal arm64 Compiling\ ExportView.swift,\ HelpView.swift /Users/builder/Factory/paperloft/evidence/checkouts/p3-3dfb51d/Apps/PaperloftApp/ExportView.swift /Users/builder/Factory/paperloft/evidence/checkouts/p3-3dfb51d/Apps/PaperloftApp/HelpView.swift (in target 'PaperloftApp' from project 'Paperloft')

SwiftCompile normal arm64 /Users/builder/Factory/paperloft/evidence/checkouts/p3-3dfb51d/Apps/PaperloftApp/ExportView.swift (in target 'PaperloftApp' from project 'Paperloft')
    cd /Users/builder/Factory/paperloft/evidence/checkouts/p3-3dfb51d
    builtin-SwiftPerFileCompile ExportView.swift

SwiftCompile normal arm64 /Users/builder/Factory/paperloft/evidence/checkouts/p3-3dfb51d/Apps/PaperloftApp/HelpView.swift (in target 'PaperloftApp' from project 'Paperloft')
    cd /Users/builder/Factory/paperloft/evidence/checkouts/p3-3dfb51d
    builtin-SwiftPerFileCompile HelpView.swift

SwiftCompile normal arm64 Compiling\ StoreController.swift /Users/builder/Factory/paperloft/evidence/checkouts/p3-3dfb51d/Apps/PaperloftApp/StoreController.swift (in target 'PaperloftApp' from project 'Paperloft')

SwiftCompile normal arm64 /Users/builder/Factory/paperloft/evidence/checkouts/p3-3dfb51d/Apps/PaperloftApp/StoreController.swift (in target 'PaperloftApp' from project 'Paperloft')
    cd /Users/builder/Factory/paperloft/evidence/checkouts/p3-3dfb51d
    builtin-SwiftPerFileCompile StoreController.swift

SwiftCompile normal arm64 Compiling\ AccessiblePicker.swift,\ AppModel.swift /Users/builder/Factory/paperloft/evidence/checkouts/p3-3dfb51d/Apps/PaperloftApp/AccessiblePicker.swift /Users/builder/Factory/paperloft/evidence/checkouts/p3-3dfb51d/Apps/PaperloftApp/AppModel.swift (in target 'PaperloftApp' from project 'Paperloft')

SwiftCompile normal arm64 /Users/builder/Factory/paperloft/evidence/checkouts/p3-3dfb51d/Apps/PaperloftApp/AccessiblePicker.swift (in target 'PaperloftApp' from project 'Paperloft')
    cd /Users/builder/Factory/paperloft/evidence/checkouts/p3-3dfb51d
    builtin-SwiftPerFileCompile AccessiblePicker.swift

SwiftCompile normal arm64 /Users/builder/Factory/paperloft/evidence/checkouts/p3-3dfb51d/Apps/PaperloftApp/AppModel.swift (in target 'PaperloftApp' from project 'Paperloft')
    cd /Users/builder/Factory/paperloft/evidence/checkouts/p3-3dfb51d
    builtin-SwiftPerFileCompile AppModel.swift

SwiftCompile normal arm64 Compiling\ PaywallView.swift /Users/builder/Factory/paperloft/evidence/checkouts/p3-3dfb51d/Apps/PaperloftApp/PaywallView.swift (in target 'PaperloftApp' from project 'Paperloft')

SwiftCompile normal arm64 /Users/builder/Factory/paperloft/evidence/checkouts/p3-3dfb51d/Apps/PaperloftApp/PaywallView.swift (in target 'PaperloftApp' from project 'Paperloft')
    cd /Users/builder/Factory/paperloft/evidence/checkouts/p3-3dfb51d
    builtin-SwiftPerFileCompile PaywallView.swift

SwiftCompile normal arm64 Compiling\ PaperloftIntents.swift /Users/builder/Factory/paperloft/evidence/checkouts/p3-3dfb51d/Apps/PaperloftApp/PaperloftIntents.swift (in target 'PaperloftApp' from project 'Paperloft')

SwiftCompile normal arm64 /Users/builder/Factory/paperloft/evidence/checkouts/p3-3dfb51d/Apps/PaperloftApp/PaperloftIntents.swift (in target 'PaperloftApp' from project 'Paperloft')
    cd /Users/builder/Factory/paperloft/evidence/checkouts/p3-3dfb51d
    builtin-SwiftPerFileCompile PaperloftIntents.swift

SwiftDriverJobDiscovery normal arm64 Compiling GeneratedAssetSymbols.swift (in target 'PaperloftApp' from project 'Paperloft')

SwiftDriverJobDiscovery normal arm64 Compiling WindowAccessibility.swift (in target 'PaperloftApp' from project 'Paperloft')

SwiftDriverJobDiscovery normal arm64 Compiling StoreController.swift (in target 'PaperloftApp' from project 'Paperloft')

SwiftDriverJobDiscovery normal arm64 Compiling PaperloftIntents.swift (in target 'PaperloftApp' from project 'Paperloft')

SwiftDriverJobDiscovery normal arm64 Compiling PaywallView.swift (in target 'PaperloftApp' from project 'Paperloft')

SwiftDriverJobDiscovery normal arm64 Emitting module for Paperloft_Receipts (in target 'PaperloftApp' from project 'Paperloft')

SwiftDriver\ Compilation\ Requirements PaperloftApp normal arm64 com.apple.xcode.tools.swift.compiler (in target 'PaperloftApp' from project 'Paperloft')
    cd /Users/builder/Factory/paperloft/evidence/checkouts/p3-3dfb51d
    builtin-Swift-Compilation-Requirements -- /Applications/Xcode.app/Contents/Developer/Toolchains/XcodeDefault.xctoolchain/usr/bin/swiftc -module-name Paperloft_Receipts -O @/Users/builder/Factory/paperloft/evidence/checkouts/p3-3dfb51d/build/QADerivedData/Build/Intermediates.noindex/Paperloft.build/QA/PaperloftApp.build/Objects-normal/arm64/Paperloft\ Receipts.SwiftFileList -DQA -enable-experimental-feature DebugDescriptionMacro -sdk /Applications/Xcode.app/Contents/Developer/Platforms/MacOSX.platform/Developer/SDKs/MacOSX27.0.sdk -target arm64-apple-macos27.0 -g -module-cache-path /Users/builder/Factory/paperloft/evidence/checkouts/p3-3dfb51d/build/QADerivedData/ModuleCache.noindex -Xfrontend -serialize-debugging-options -profile-coverage-mapping -profile-generate -enable-testing -warnings-as-errors -swift-version 6 -I /Users/builder/Factory/paperloft/evidence/checkouts/p3-3dfb51d/build/QADerivedData/Build/Products/QA -F /Users/builder/Factory/paperloft/evidence/checkouts/p3-3dfb51d/build/QADerivedData/Build/Products/QA/PackageFrameworks -F /Users/builder/Factory/paperloft/evidence/checkouts/p3-3dfb51d/build/QADerivedData/Build/Products/QA -c -j10 -enable-batch-mode -incremental -Xcc -ivfsstatcache -Xcc /Users/builder/Factory/paperloft/evidence/checkouts/p3-3dfb51d/build/QADerivedData/SDKStatCaches.noindex/macosx27.0-26A425-7231f6df4def33e022ae2eb8f782df1a.sdkstatcache -output-file-map /Users/builder/Factory/paperloft/evidence/checkouts/p3-3dfb51d/build/QADerivedData/Build/Intermediates.noindex/Paperloft.build/QA/PaperloftApp.build/Objects-normal/arm64/PaperloftApp-OutputFileMap.json -save-temps -no-color-diagnostics -explicit-module-build -module-cache-path /Users/builder/Factory/paperloft/evidence/checkouts/p3-3dfb51d/build/QADerivedData/Build/Intermediates.noindex/SwiftExplicitPrecompiledModules -clang-scanner-module-cache-path /Users/builder/Factory/paperloft/evidence/checkouts/p3-3dfb51d/build/QADerivedData/ModuleCache.noindex -sdk-module-cache-path /Users/builder/Factory/paperloft/evidence/checkouts/p3-3dfb51d/build/QADerivedData/SDKExplicitPrecompiledModules -emit-dependencies -emit-module -emit-module-path /Users/builder/Factory/paperloft/evidence/checkouts/p3-3dfb51d/build/QADerivedData/Build/Intermediates.noindex/Paperloft.build/QA/PaperloftApp.build/Objects-normal/arm64/Paperloft_Receipts.swiftmodule -serialize-diagnostics -dependency-scan-serialize-diagnostics-path /Users/builder/Factory/paperloft/evidence/checkouts/p3-3dfb51d/build/QADerivedData/Build/Intermediates.noindex/Paperloft.build/QA/PaperloftApp.build/Objects-normal/arm64/Paperloft_Receipts-dependency-scan.dia -validate-clang-modules-once -clang-build-session-file /Users/builder/Factory/paperloft/evidence/checkouts/p3-3dfb51d/build/QADerivedData/ModuleCache.noindex/Session.modulevalidation -Xcc -fmodules-prune-interval\=86400 -Xcc -fmodules-prune-after\=345600 -emit-const-values -const-gather-protocols-list /Users/builder/Factory/paperloft/evidence/checkouts/p3-3dfb51d/build/QADerivedData/Build/Intermediates.noindex/Paperloft.build/QA/PaperloftApp.build/Objects-normal/arm64/PaperloftApp_const_extract_protocols.json -Xcc -iquote -Xcc /Users/builder/Factory/paperloft/evidence/checkouts/p3-3dfb51d/build/QADerivedData/Build/Intermediates.noindex/Paperloft.build/QA/PaperloftApp.build/Paperloft\ Receipts-generated-files.hmap -Xcc -I/Users/builder/Factory/paperloft/evidence/checkouts/p3-3dfb51d/build/QADerivedData/Build/Intermediates.noindex/Paperloft.build/QA/PaperloftApp.build/Paperloft\ Receipts-own-target-headers.hmap -Xcc -I/Users/builder/Factory/paperloft/evidence/checkouts/p3-3dfb51d/build/QADerivedData/Build/Intermediates.noindex/Paperloft.build/QA/PaperloftApp.build/Paperloft\ Receipts-all-non-framework-target-headers.hmap -Xcc -ivfsoverlay -Xcc /Users/builder/Factory/paperloft/evidence/checkouts/p3-3dfb51d/build/QADerivedData/Build/Intermediates.noindex/Paperloft.build/QA/Paperloft-b93ddc6bcd4d234a5473ab01ad3589c4-VFS/all-product-headers.yaml -Xcc -iquote -Xcc /Users/builder/Factory/paperloft/evidence/checkouts/p3-3dfb51d/build/QADerivedData/Build/Intermediates.noindex/Paperloft.build/QA/PaperloftApp.build/Paperloft\ Receipts-project-headers.hmap -Xcc -I/Users/builder/Factory/paperloft/evidence/checkouts/p3-3dfb51d/build/QADerivedData/Build/Products/QA/include -Xcc -I/Users/builder/Factory/paperloft/evidence/checkouts/p3-3dfb51d/build/QADerivedData/Build/Intermediates.noindex/Paperloft.build/QA/PaperloftApp.build/DerivedSources-normal/arm64 -Xcc -I/Users/builder/Factory/paperloft/evidence/checkouts/p3-3dfb51d/build/QADerivedData/Build/Intermediates.noindex/Paperloft.build/QA/PaperloftApp.build/DerivedSources/arm64 -Xcc -I/Users/builder/Factory/paperloft/evidence/checkouts/p3-3dfb51d/build/QADerivedData/Build/Intermediates.noindex/Paperloft.build/QA/PaperloftApp.build/DerivedSources -emit-objc-header -emit-objc-header-path /Users/builder/Factory/paperloft/evidence/checkouts/p3-3dfb51d/build/QADerivedData/Build/Intermediates.noindex/Paperloft.build/QA/PaperloftApp.build/Objects-normal/arm64/Paperloft_Receipts-Swift.h -working-directory /Users/builder/Factory/paperloft/evidence/checkouts/p3-3dfb51d -experimental-emit-module-separately -disable-cmo

SwiftMergeGeneratedHeaders /Users/builder/Factory/paperloft/evidence/checkouts/p3-3dfb51d/build/QADerivedData/Build/Intermediates.noindex/Paperloft.build/QA/PaperloftApp.build/DerivedSources/Paperloft_Receipts-Swift.h /Users/builder/Factory/paperloft/evidence/checkouts/p3-3dfb51d/build/QADerivedData/Build/Intermediates.noindex/Paperloft.build/QA/PaperloftApp.build/Objects-normal/arm64/Paperloft_Receipts-Swift.h (in target 'PaperloftApp' from project 'Paperloft')
    cd /Users/builder/Factory/paperloft/evidence/checkouts/p3-3dfb51d
    builtin-swiftHeaderTool -arch arm64 /Users/builder/Factory/paperloft/evidence/checkouts/p3-3dfb51d/build/QADerivedData/Build/Intermediates.noindex/Paperloft.build/QA/PaperloftApp.build/Objects-normal/arm64/Paperloft_Receipts-Swift.h -o /Users/builder/Factory/paperloft/evidence/checkouts/p3-3dfb51d/build/QADerivedData/Build/Intermediates.noindex/Paperloft.build/QA/PaperloftApp.build/DerivedSources/Paperloft_Receipts-Swift.h

Copy /Users/builder/Factory/paperloft/evidence/checkouts/p3-3dfb51d/build/QADerivedData/Build/Products/QA/Paperloft_Receipts.swiftmodule/arm64-apple-macos.swiftmodule /Users/builder/Factory/paperloft/evidence/checkouts/p3-3dfb51d/build/QADerivedData/Build/Intermediates.noindex/Paperloft.build/QA/PaperloftApp.build/Objects-normal/arm64/Paperloft_Receipts.swiftmodule (in target 'PaperloftApp' from project 'Paperloft')
    cd /Users/builder/Factory/paperloft/evidence/checkouts/p3-3dfb51d
    builtin-copy -exclude .DS_Store -exclude CVS -exclude .svn -exclude .git -exclude .hg -resolve-src-symlinks -rename /Users/builder/Factory/paperloft/evidence/checkouts/p3-3dfb51d/build/QADerivedData/Build/Intermediates.noindex/Paperloft.build/QA/PaperloftApp.build/Objects-normal/arm64/Paperloft_Receipts.swiftmodule /Users/builder/Factory/paperloft/evidence/checkouts/p3-3dfb51d/build/QADerivedData/Build/Products/QA/Paperloft_Receipts.swiftmodule/arm64-apple-macos.swiftmodule

Copy /Users/builder/Factory/paperloft/evidence/checkouts/p3-3dfb51d/build/QADerivedData/Build/Products/QA/Paperloft_Receipts.swiftmodule/arm64-apple-macos.abi.json /Users/builder/Factory/paperloft/evidence/checkouts/p3-3dfb51d/build/QADerivedData/Build/Intermediates.noindex/Paperloft.build/QA/PaperloftApp.build/Objects-normal/arm64/Paperloft_Receipts.abi.json (in target 'PaperloftApp' from project 'Paperloft')
    cd /Users/builder/Factory/paperloft/evidence/checkouts/p3-3dfb51d
    builtin-copy -exclude .DS_Store -exclude CVS -exclude .svn -exclude .git -exclude .hg -resolve-src-symlinks -rename /Users/builder/Factory/paperloft/evidence/checkouts/p3-3dfb51d/build/QADerivedData/Build/Intermediates.noindex/Paperloft.build/QA/PaperloftApp.build/Objects-normal/arm64/Paperloft_Receipts.abi.json /Users/builder/Factory/paperloft/evidence/checkouts/p3-3dfb51d/build/QADerivedData/Build/Products/QA/Paperloft_Receipts.swiftmodule/arm64-apple-macos.abi.json

Copy /Users/builder/Factory/paperloft/evidence/checkouts/p3-3dfb51d/build/QADerivedData/Build/Products/QA/Paperloft_Receipts.swiftmodule/arm64-apple-macos.swiftdoc /Users/builder/Factory/paperloft/evidence/checkouts/p3-3dfb51d/build/QADerivedData/Build/Intermediates.noindex/Paperloft.build/QA/PaperloftApp.build/Objects-normal/arm64/Paperloft_Receipts.swiftdoc (in target 'PaperloftApp' from project 'Paperloft')
    cd /Users/builder/Factory/paperloft/evidence/checkouts/p3-3dfb51d
    builtin-copy -exclude .DS_Store -exclude CVS -exclude .svn -exclude .git -exclude .hg -resolve-src-symlinks -rename /Users/builder/Factory/paperloft/evidence/checkouts/p3-3dfb51d/build/QADerivedData/Build/Intermediates.noindex/Paperloft.build/QA/PaperloftApp.build/Objects-normal/arm64/Paperloft_Receipts.swiftdoc /Users/builder/Factory/paperloft/evidence/checkouts/p3-3dfb51d/build/QADerivedData/Build/Products/QA/Paperloft_Receipts.swiftmodule/arm64-apple-macos.swiftdoc

Copy /Users/builder/Factory/paperloft/evidence/checkouts/p3-3dfb51d/build/QADerivedData/Build/Products/QA/Paperloft_Receipts.swiftmodule/Project/arm64-apple-macos.swiftsourceinfo /Users/builder/Factory/paperloft/evidence/checkouts/p3-3dfb51d/build/QADerivedData/Build/Intermediates.noindex/Paperloft.build/QA/PaperloftApp.build/Objects-normal/arm64/Paperloft_Receipts.swiftsourceinfo (in target 'PaperloftApp' from project 'Paperloft')
    cd /Users/builder/Factory/paperloft/evidence/checkouts/p3-3dfb51d
    builtin-copy -exclude .DS_Store -exclude CVS -exclude .svn -exclude .git -exclude .hg -resolve-src-symlinks -rename /Users/builder/Factory/paperloft/evidence/checkouts/p3-3dfb51d/build/QADerivedData/Build/Intermediates.noindex/Paperloft.build/QA/PaperloftApp.build/Objects-normal/arm64/Paperloft_Receipts.swiftsourceinfo /Users/builder/Factory/paperloft/evidence/checkouts/p3-3dfb51d/build/QADerivedData/Build/Products/QA/Paperloft_Receipts.swiftmodule/Project/arm64-apple-macos.swiftsourceinfo

SwiftDriverJobDiscovery normal arm64 Compiling PaperloftApp.swift (in target 'PaperloftApp' from project 'Paperloft')

SwiftDriverJobDiscovery normal arm64 Compiling ExportView.swift, HelpView.swift (in target 'PaperloftApp' from project 'Paperloft')

SwiftDriverJobDiscovery normal arm64 Compiling DeviceImport.swift, EmailBodyRenderer.swift (in target 'PaperloftApp' from project 'Paperloft')

SwiftDriverJobDiscovery normal arm64 Compiling LibraryView.swift, MailReviewPreparation.swift (in target 'PaperloftApp' from project 'Paperloft')

SwiftDriverJobDiscovery normal arm64 Compiling AccessiblePicker.swift, AppModel.swift (in target 'PaperloftApp' from project 'Paperloft')

SwiftDriver\ Compilation PaperloftApp normal arm64 com.apple.xcode.tools.swift.compiler (in target 'PaperloftApp' from project 'Paperloft')
    cd /Users/builder/Factory/paperloft/evidence/checkouts/p3-3dfb51d
    builtin-Swift-Compilation -- /Applications/Xcode.app/Contents/Developer/Toolchains/XcodeDefault.xctoolchain/usr/bin/swiftc -module-name Paperloft_Receipts -O @/Users/builder/Factory/paperloft/evidence/checkouts/p3-3dfb51d/build/QADerivedData/Build/Intermediates.noindex/Paperloft.build/QA/PaperloftApp.build/Objects-normal/arm64/Paperloft\ Receipts.SwiftFileList -DQA -enable-experimental-feature DebugDescriptionMacro -sdk /Applications/Xcode.app/Contents/Developer/Platforms/MacOSX.platform/Developer/SDKs/MacOSX27.0.sdk -target arm64-apple-macos27.0 -g -module-cache-path /Users/builder/Factory/paperloft/evidence/checkouts/p3-3dfb51d/build/QADerivedData/ModuleCache.noindex -Xfrontend -serialize-debugging-options -profile-coverage-mapping -profile-generate -enable-testing -warnings-as-errors -swift-version 6 -I /Users/builder/Factory/paperloft/evidence/checkouts/p3-3dfb51d/build/QADerivedData/Build/Products/QA -F /Users/builder/Factory/paperloft/evidence/checkouts/p3-3dfb51d/build/QADerivedData/Build/Products/QA/PackageFrameworks -F /Users/builder/Factory/paperloft/evidence/checkouts/p3-3dfb51d/build/QADerivedData/Build/Products/QA -c -j10 -enable-batch-mode -incremental -Xcc -ivfsstatcache -Xcc /Users/builder/Factory/paperloft/evidence/checkouts/p3-3dfb51d/build/QADerivedData/SDKStatCaches.noindex/macosx27.0-26A425-7231f6df4def33e022ae2eb8f782df1a.sdkstatcache -output-file-map /Users/builder/Factory/paperloft/evidence/checkouts/p3-3dfb51d/build/QADerivedData/Build/Intermediates.noindex/Paperloft.build/QA/PaperloftApp.build/Objects-normal/arm64/PaperloftApp-OutputFileMap.json -save-temps -no-color-diagnostics -explicit-module-build -module-cache-path /Users/builder/Factory/paperloft/evidence/checkouts/p3-3dfb51d/build/QADerivedData/Build/Intermediates.noindex/SwiftExplicitPrecompiledModules -clang-scanner-module-cache-path /Users/builder/Factory/paperloft/evidence/checkouts/p3-3dfb51d/build/QADerivedData/ModuleCache.noindex -sdk-module-cache-path /Users/builder/Factory/paperloft/evidence/checkouts/p3-3dfb51d/build/QADerivedData/SDKExplicitPrecompiledModules -emit-dependencies -emit-module -emit-module-path /Users/builder/Factory/paperloft/evidence/checkouts/p3-3dfb51d/build/QADerivedData/Build/Intermediates.noindex/Paperloft.build/QA/PaperloftApp.build/Objects-normal/arm64/Paperloft_Receipts.swiftmodule -serialize-diagnostics -dependency-scan-serialize-diagnostics-path /Users/builder/Factory/paperloft/evidence/checkouts/p3-3dfb51d/build/QADerivedData/Build/Intermediates.noindex/Paperloft.build/QA/PaperloftApp.build/Objects-normal/arm64/Paperloft_Receipts-dependency-scan.dia -validate-clang-modules-once -clang-build-session-file /Users/builder/Factory/paperloft/evidence/checkouts/p3-3dfb51d/build/QADerivedData/ModuleCache.noindex/Session.modulevalidation -Xcc -fmodules-prune-interval\=86400 -Xcc -fmodules-prune-after\=345600 -emit-const-values -const-gather-protocols-list /Users/builder/Factory/paperloft/evidence/checkouts/p3-3dfb51d/build/QADerivedData/Build/Intermediates.noindex/Paperloft.build/QA/PaperloftApp.build/Objects-normal/arm64/PaperloftApp_const_extract_protocols.json -Xcc -iquote -Xcc /Users/builder/Factory/paperloft/evidence/checkouts/p3-3dfb51d/build/QADerivedData/Build/Intermediates.noindex/Paperloft.build/QA/PaperloftApp.build/Paperloft\ Receipts-generated-files.hmap -Xcc -I/Users/builder/Factory/paperloft/evidence/checkouts/p3-3dfb51d/build/QADerivedData/Build/Intermediates.noindex/Paperloft.build/QA/PaperloftApp.build/Paperloft\ Receipts-own-target-headers.hmap -Xcc -I/Users/builder/Factory/paperloft/evidence/checkouts/p3-3dfb51d/build/QADerivedData/Build/Intermediates.noindex/Paperloft.build/QA/PaperloftApp.build/Paperloft\ Receipts-all-non-framework-target-headers.hmap -Xcc -ivfsoverlay -Xcc /Users/builder/Factory/paperloft/evidence/checkouts/p3-3dfb51d/build/QADerivedData/Build/Intermediates.noindex/Paperloft.build/QA/Paperloft-b93ddc6bcd4d234a5473ab01ad3589c4-VFS/all-product-headers.yaml -Xcc -iquote -Xcc /Users/builder/Factory/paperloft/evidence/checkouts/p3-3dfb51d/build/QADerivedData/Build/Intermediates.noindex/Paperloft.build/QA/PaperloftApp.build/Paperloft\ Receipts-project-headers.hmap -Xcc -I/Users/builder/Factory/paperloft/evidence/checkouts/p3-3dfb51d/build/QADerivedData/Build/Products/QA/include -Xcc -I/Users/builder/Factory/paperloft/evidence/checkouts/p3-3dfb51d/build/QADerivedData/Build/Intermediates.noindex/Paperloft.build/QA/PaperloftApp.build/DerivedSources-normal/arm64 -Xcc -I/Users/builder/Factory/paperloft/evidence/checkouts/p3-3dfb51d/build/QADerivedData/Build/Intermediates.noindex/Paperloft.build/QA/PaperloftApp.build/DerivedSources/arm64 -Xcc -I/Users/builder/Factory/paperloft/evidence/checkouts/p3-3dfb51d/build/QADerivedData/Build/Intermediates.noindex/Paperloft.build/QA/PaperloftApp.build/DerivedSources -emit-objc-header -emit-objc-header-path /Users/builder/Factory/paperloft/evidence/checkouts/p3-3dfb51d/build/QADerivedData/Build/Intermediates.noindex/Paperloft.build/QA/PaperloftApp.build/Objects-normal/arm64/Paperloft_Receipts-Swift.h -working-directory /Users/builder/Factory/paperloft/evidence/checkouts/p3-3dfb51d -experimental-emit-module-separately -disable-cmo

Ld /Users/builder/Factory/paperloft/evidence/checkouts/p3-3dfb51d/build/QADerivedData/Build/Products/QA/Paperloft\ Receipts.app/Contents/MacOS/Paperloft\ Receipts normal (in target 'PaperloftApp' from project 'Paperloft')
    cd /Users/builder/Factory/paperloft/evidence/checkouts/p3-3dfb51d
    /Applications/Xcode.app/Contents/Developer/Toolchains/XcodeDefault.xctoolchain/usr/bin/clang -Xlinker -reproducible -target arm64-apple-macos27.0 -isysroot /Applications/Xcode.app/Contents/Developer/Platforms/MacOSX.platform/Developer/SDKs/MacOSX27.0.sdk -Os -Xlinker -no_warn_duplicate_libraries -L/Users/builder/Factory/paperloft/evidence/checkouts/p3-3dfb51d/build/QADerivedData/Build/Intermediates.noindex/EagerLinkingTBDs/QA -L/Users/builder/Factory/paperloft/evidence/checkouts/p3-3dfb51d/build/QADerivedData/Build/Products/QA -F/Users/builder/Factory/paperloft/evidence/checkouts/p3-3dfb51d/build/QADerivedData/Build/Intermediates.noindex/EagerLinkingTBDs/QA -F/Users/builder/Factory/paperloft/evidence/checkouts/p3-3dfb51d/build/QADerivedData/Build/Products/QA/PackageFrameworks -F/Users/builder/Factory/paperloft/evidence/checkouts/p3-3dfb51d/build/QADerivedData/Build/Products/QA -filelist /Users/builder/Factory/paperloft/evidence/checkouts/p3-3dfb51d/build/QADerivedData/Build/Intermediates.noindex/Paperloft.build/QA/PaperloftApp.build/Objects-normal/arm64/Paperloft\ Receipts.LinkFileList -Xlinker -object_path_lto -Xlinker /Users/builder/Factory/paperloft/evidence/checkouts/p3-3dfb51d/build/QADerivedData/Build/Intermediates.noindex/Paperloft.build/QA/PaperloftApp.build/Objects-normal/arm64/Paperloft\ Receipts_lto.o -rdynamic -Xlinker -debug_variant -Xlinker -dependency_info -Xlinker /Users/builder/Factory/paperloft/evidence/checkouts/p3-3dfb51d/build/QADerivedData/Build/Intermediates.noindex/Paperloft.build/QA/PaperloftApp.build/Objects-normal/arm64/Paperloft\ Receipts_dependency_info.dat -fobjc-link-runtime -fprofile-instr-generate -L/Applications/Xcode.app/Contents/Developer/Toolchains/XcodeDefault.xctoolchain/usr/lib/swift/macosx -L/usr/lib/swift -Xlinker -add_ast_path -Xlinker /Users/builder/Factory/paperloft/evidence/checkouts/p3-3dfb51d/build/QADerivedData/Build/Intermediates.noindex/Paperloft.build/QA/PaperloftApp.build/Objects-normal/arm64/Paperloft_Receipts.swiftmodule -Xlinker -no_adhoc_codesign -o /Users/builder/Factory/paperloft/evidence/checkouts/p3-3dfb51d/build/QADerivedData/Build/Products/QA/Paperloft\ Receipts.app/Contents/MacOS/Paperloft\ Receipts

Copy /Users/builder/Factory/paperloft/evidence/checkouts/p3-3dfb51d/build/QADerivedData/Build/Products/QA/Paperloft\ Receipts.app/Contents/PlugIns/PaperloftShare.appex /Users/builder/Factory/paperloft/evidence/checkouts/p3-3dfb51d/build/QADerivedData/Build/Products/QA/PaperloftShare.appex (in target 'PaperloftApp' from project 'Paperloft')
    cd /Users/builder/Factory/paperloft/evidence/checkouts/p3-3dfb51d
    builtin-copy -exclude .DS_Store -exclude CVS -exclude .svn -exclude .git -exclude .hg -exclude Headers -exclude PrivateHeaders -exclude Modules -exclude \*.tbd -resolve-src-symlinks -remove-static-executable /Users/builder/Factory/paperloft/evidence/checkouts/p3-3dfb51d/build/QADerivedData/Build/Products/QA/PaperloftShare.appex /Users/builder/Factory/paperloft/evidence/checkouts/p3-3dfb51d/build/QADerivedData/Build/Products/QA/Paperloft\ Receipts.app/Contents/PlugIns

ProcessInfoPlistFile /Users/builder/Factory/paperloft/evidence/checkouts/p3-3dfb51d/build/QADerivedData/Build/Products/QA/Paperloft\ Receipts.app/Contents/Info.plist /Users/builder/Factory/paperloft/evidence/checkouts/p3-3dfb51d/Configuration/Info.plist (in target 'PaperloftApp' from project 'Paperloft')
    cd /Users/builder/Factory/paperloft/evidence/checkouts/p3-3dfb51d
    builtin-infoPlistUtility /Users/builder/Factory/paperloft/evidence/checkouts/p3-3dfb51d/Configuration/Info.plist -producttype com.apple.product-type.application -genpkginfo /Users/builder/Factory/paperloft/evidence/checkouts/p3-3dfb51d/build/QADerivedData/Build/Products/QA/Paperloft\ Receipts.app/Contents/PkgInfo -expandbuildsettings -platform macosx -additionalcontentfile /Users/builder/Factory/paperloft/evidence/checkouts/p3-3dfb51d/build/QADerivedData/Build/Intermediates.noindex/Paperloft.build/QA/PaperloftApp.build/assetcatalog_generated_info.plist -scanforprivacyfile /Users/builder/Factory/paperloft/evidence/checkouts/p3-3dfb51d/build/QADerivedData/Build/Products/QA/Paperloft\ Receipts.app/Contents/PlugIns/PaperloftShare.appex -o /Users/builder/Factory/paperloft/evidence/checkouts/p3-3dfb51d/build/QADerivedData/Build/Products/QA/Paperloft\ Receipts.app/Contents/Info.plist

CopySwiftLibs /Users/builder/Factory/paperloft/evidence/checkouts/p3-3dfb51d/build/QADerivedData/Build/Products/QA/Paperloft\ Receipts.app (in target 'PaperloftApp' from project 'Paperloft')
    cd /Users/builder/Factory/paperloft/evidence/checkouts/p3-3dfb51d
    builtin-swiftStdLibTool --copy --verbose --sign - --scan-executable /Users/builder/Factory/paperloft/evidence/checkouts/p3-3dfb51d/build/QADerivedData/Build/Products/QA/Paperloft\ Receipts.app/Contents/MacOS/Paperloft\ Receipts --scan-folder /Users/builder/Factory/paperloft/evidence/checkouts/p3-3dfb51d/build/QADerivedData/Build/Products/QA/Paperloft\ Receipts.app/Contents/Frameworks --scan-folder /Users/builder/Factory/paperloft/evidence/checkouts/p3-3dfb51d/build/QADerivedData/Build/Products/QA/Paperloft\ Receipts.app/Contents/PlugIns --scan-folder /Users/builder/Factory/paperloft/evidence/checkouts/p3-3dfb51d/build/QADerivedData/Build/Products/QA/Paperloft\ Receipts.app/Contents/Library/SystemExtensions --scan-folder /Users/builder/Factory/paperloft/evidence/checkouts/p3-3dfb51d/build/QADerivedData/Build/Products/QA/Paperloft\ Receipts.app/Contents/Extensions --platform macosx --toolchain /Applications/Xcode.app/Contents/Developer/Toolchains/XcodeDefault.xctoolchain --destination /Users/builder/Factory/paperloft/evidence/checkouts/p3-3dfb51d/build/QADerivedData/Build/Products/QA/Paperloft\ Receipts.app/Contents/Frameworks --strip-bitcode --strip-bitcode-tool /Applications/Xcode.app/Contents/Developer/Toolchains/XcodeDefault.xctoolchain/usr/bin/bitcode_strip --emit-dependency-info /Users/builder/Factory/paperloft/evidence/checkouts/p3-3dfb51d/build/QADerivedData/Build/Intermediates.noindex/Paperloft.build/QA/PaperloftApp.build/SwiftStdLibToolInputDependencies.dep --filter-for-swift-os

ExtractAppIntentsMetadata (in target 'PaperloftApp' from project 'Paperloft')
    cd /Users/builder/Factory/paperloft/evidence/checkouts/p3-3dfb51d
    /Applications/Xcode.app/Contents/Developer/Toolchains/XcodeDefault.xctoolchain/usr/bin/appintentsmetadataprocessor --toolchain-dir /Applications/Xcode.app/Contents/Developer/Toolchains/XcodeDefault.xctoolchain --module-name Paperloft_Receipts --sdk-root /Applications/Xcode.app/Contents/Developer/Platforms/MacOSX.platform/Developer/SDKs/MacOSX27.0.sdk --xcode-version 27A266a --platform-family macOS --deployment-target 27.0 --bundle-identifier app.paperloft.receipts --output /Users/builder/Factory/paperloft/evidence/checkouts/p3-3dfb51d/build/QADerivedData/Build/Products/QA/Paperloft\ Receipts.app/Contents/Resources --target-triple arm64-apple-macos27.0 --binary-file /Users/builder/Factory/paperloft/evidence/checkouts/p3-3dfb51d/build/QADerivedData/Build/Products/QA/Paperloft\ Receipts.app/Contents/MacOS/Paperloft\ Receipts --dependency-file /Users/builder/Factory/paperloft/evidence/checkouts/p3-3dfb51d/build/QADerivedData/Build/Intermediates.noindex/Paperloft.build/QA/PaperloftApp.build/Objects-normal/arm64/Paperloft\ Receipts_dependency_info.dat --stringsdata-file /Users/builder/Factory/paperloft/evidence/checkouts/p3-3dfb51d/build/QADerivedData/Build/Intermediates.noindex/Paperloft.build/QA/PaperloftApp.build/Objects-normal/arm64/ExtractedAppShortcutsMetadata.stringsdata --source-file-list /Users/builder/Factory/paperloft/evidence/checkouts/p3-3dfb51d/build/QADerivedData/Build/Intermediates.noindex/Paperloft.build/QA/PaperloftApp.build/Objects-normal/arm64/Paperloft\ Receipts.SwiftFileList --metadata-file-list /Users/builder/Factory/paperloft/evidence/checkouts/p3-3dfb51d/build/QADerivedData/Build/Intermediates.noindex/Paperloft.build/QA/PaperloftApp.build/Paperloft\ Receipts.DependencyMetadataFileList --static-metadata-file-list /Users/builder/Factory/paperloft/evidence/checkouts/p3-3dfb51d/build/QADerivedData/Build/Intermediates.noindex/Paperloft.build/QA/PaperloftApp.build/Paperloft\ Receipts.DependencyStaticMetadataFileList --swift-const-vals-list /Users/builder/Factory/paperloft/evidence/checkouts/p3-3dfb51d/build/QADerivedData/Build/Intermediates.noindex/Paperloft.build/QA/PaperloftApp.build/Objects-normal/arm64/Paperloft\ Receipts.SwiftConstValuesFileList --compile-time-extraction --deployment-aware-processing --no-app-shortcuts-localization
2026-10-01 20:46:12.275 appintentsmetadataprocessor[9167:6621130] Starting appintentsmetadataprocessor export
2026-10-01 20:46:12.341 appintentsmetadataprocessor[9167:6621130] Writing Metadata.appintents
2026-10-01 20:46:12.341 appintentsmetadataprocessor[9167:6621130] Metadata root: /Users/builder/Factory/paperloft/evidence/checkouts/p3-3dfb51d/build/QADerivedData/Build/Products/QA/Paperloft Receipts.app/Contents/Resources/Metadata.appintents

CodeSign /Users/builder/Factory/paperloft/evidence/checkouts/p3-3dfb51d/build/QADerivedData/Build/Products/QA/Paperloft\ Receipts.app (in target 'PaperloftApp' from project 'Paperloft')
    cd /Users/builder/Factory/paperloft/evidence/checkouts/p3-3dfb51d
    
    Signing Identity:     "Sign to Run Locally"
    
    /usr/bin/codesign --force --sign - --entitlements /Users/builder/Factory/paperloft/evidence/checkouts/p3-3dfb51d/build/QADerivedData/Build/Intermediates.noindex/Paperloft.build/QA/PaperloftApp.build/Paperloft\ Receipts.app.xcent --timestamp\=none --generate-entitlement-der /Users/builder/Factory/paperloft/evidence/checkouts/p3-3dfb51d/build/QADerivedData/Build/Products/QA/Paperloft\ Receipts.app

ValidateEmbeddedBinary /Users/builder/Factory/paperloft/evidence/checkouts/p3-3dfb51d/build/QADerivedData/Build/Products/QA/Paperloft\ Receipts.app/Contents/PlugIns/PaperloftShare.appex (in target 'PaperloftApp' from project 'Paperloft')
    cd /Users/builder/Factory/paperloft/evidence/checkouts/p3-3dfb51d
    /Applications/Xcode.app/Contents/Developer/usr/bin/embeddedBinaryValidationUtility /Users/builder/Factory/paperloft/evidence/checkouts/p3-3dfb51d/build/QADerivedData/Build/Products/QA/Paperloft\ Receipts.app/Contents/PlugIns/PaperloftShare.appex -signing-cert - -info-plist-path /Users/builder/Factory/paperloft/evidence/checkouts/p3-3dfb51d/build/QADerivedData/Build/Products/QA/Paperloft\ Receipts.app/Contents/Info.plist

RegisterExecutionPolicyException /Users/builder/Factory/paperloft/evidence/checkouts/p3-3dfb51d/build/QADerivedData/Build/Products/QA/Paperloft\ Receipts.app (in target 'PaperloftApp' from project 'Paperloft')
    cd /Users/builder/Factory/paperloft/evidence/checkouts/p3-3dfb51d
    builtin-RegisterExecutionPolicyException /Users/builder/Factory/paperloft/evidence/checkouts/p3-3dfb51d/build/QADerivedData/Build/Products/QA/Paperloft\ Receipts.app

Validate /Users/builder/Factory/paperloft/evidence/checkouts/p3-3dfb51d/build/QADerivedData/Build/Products/QA/Paperloft\ Receipts.app (in target 'PaperloftApp' from project 'Paperloft')
    cd /Users/builder/Factory/paperloft/evidence/checkouts/p3-3dfb51d
    builtin-validationUtility /Users/builder/Factory/paperloft/evidence/checkouts/p3-3dfb51d/build/QADerivedData/Build/Products/QA/Paperloft\ Receipts.app -no-validate-extension -infoplist-subpath Contents/Info.plist

Touch /Users/builder/Factory/paperloft/evidence/checkouts/p3-3dfb51d/build/QADerivedData/Build/Products/QA/Paperloft\ Receipts.app (in target 'PaperloftApp' from project 'Paperloft')
    cd /Users/builder/Factory/paperloft/evidence/checkouts/p3-3dfb51d
    /usr/bin/touch -c /Users/builder/Factory/paperloft/evidence/checkouts/p3-3dfb51d/build/QADerivedData/Build/Products/QA/Paperloft\ Receipts.app

RegisterWithLaunchServices /Users/builder/Factory/paperloft/evidence/checkouts/p3-3dfb51d/build/QADerivedData/Build/Products/QA/Paperloft\ Receipts.app (in target 'PaperloftApp' from project 'Paperloft')
    cd /Users/builder/Factory/paperloft/evidence/checkouts/p3-3dfb51d
    builtin-lsregisterurl --record-path /Users/builder/Factory/paperloft/evidence/checkouts/p3-3dfb51d/build/QADerivedData/Build/Intermediates.noindex/XCBuildData/registered-launchservices.txt -- /System/Library/Frameworks/CoreServices.framework/Versions/Current/Frameworks/LaunchServices.framework/Versions/Current/Support/lsregister -f -R -trusted /Users/builder/Factory/paperloft/evidence/checkouts/p3-3dfb51d/build/QADerivedData/Build/Products/QA/Paperloft\ Receipts.app

PruneExplicitPrecompiledModules /Users/builder/Factory/paperloft/evidence/checkouts/p3-3dfb51d/build/QADerivedData/SDKExplicitPrecompiledModules

PruneExplicitPrecompiledModules /Users/builder/Factory/paperloft/evidence/checkouts/p3-3dfb51d/build/QADerivedData/Build/Intermediates.noindex/ExplicitPrecompiledModules

PruneExplicitPrecompiledModules /Users/builder/Factory/paperloft/evidence/checkouts/p3-3dfb51d/build/QADerivedData/Build/Intermediates.noindex/SwiftExplicitPrecompiledModules

** BUILD SUCCEEDED **

