Command line invocation:
    /Applications/Xcode.app/Contents/Developer/usr/bin/xcodebuild -project Paperloft.xcodeproj -scheme PaperloftApp -destination platform=macOS -derivedDataPath build/IntentsIntegrationDerivedData build-for-testing

Resolve Package Graph


Resolved source packages:
  PaperloftKit: /Users/builder/Factory/paperloft-intents/Packages/PaperloftKit @ local

ComputePackagePrebuildTargetDependencyGraph

Prepare packages

CreateBuildRequest

SendProjectDescription

CreateBuildOperation

ComputeTargetDependencyGraph
note: Building targets in dependency order
note: Target dependency graph (6 targets)
    Target 'PaperloftUITests' in project 'Paperloft'
        ➜ Explicit dependency on target 'PaperloftApp' in project 'Paperloft'
    Target 'PaperloftKitTests' in project 'Paperloft'
        ➜ Explicit dependency on target 'PaperloftKit-product' in project 'PaperloftKit'
    Target 'PaperloftIntentLogicTests' in project 'Paperloft'
        ➜ Explicit dependency on target 'PaperloftKit-product' in project 'PaperloftKit'
    Target 'PaperloftApp' in project 'Paperloft'
        ➜ Explicit dependency on target 'PaperloftKit-product' in project 'PaperloftKit'
    Target 'PaperloftKit-product' in project 'PaperloftKit'
        ➜ Explicit dependency on target 'PaperloftKit' in project 'PaperloftKit'
    Target 'PaperloftKit' in project 'PaperloftKit' (no dependencies)

GatherProvisioningInputs

CreateBuildDescription

ExecuteExternalTool /Applications/Xcode.app/Contents/Developer/Toolchains/XcodeDefault.xctoolchain/usr/bin/swiftc --version

ExecuteExternalTool /Applications/Xcode.app/Contents/Developer/usr/bin/actool --version --output-format xml1

ExecuteExternalTool /Applications/Xcode.app/Contents/Developer/Toolchains/XcodeDefault.xctoolchain/usr/bin/clang -v -E -dM -isysroot /Applications/Xcode.app/Contents/Developer/Platforms/MacOSX.platform/Developer/SDKs/MacOSX27.0.sdk -x c -c /dev/null

ExecuteExternalTool /Applications/Xcode.app/Contents/Developer/Toolchains/XcodeDefault.xctoolchain/usr/bin/ld -version_details

Build description signature: fce853b7cfd1f34bc1e896a3a7a698d3
Build description path: /Users/builder/Factory/paperloft-intents/build/IntentsIntegrationDerivedData/Build/Intermediates.noindex/XCBuildData/fce853b7cfd1f34bc1e896a3a7a698d3.xcbuilddata
CreateBuildDirectory /Users/builder/Factory/paperloft-intents/build/IntentsIntegrationDerivedData/CompilationCache.noindex
    cd /Users/builder/Factory/paperloft-intents/Paperloft.xcodeproj
    builtin-create-build-directory /Users/builder/Factory/paperloft-intents/build/IntentsIntegrationDerivedData/CompilationCache.noindex

CreateBuildDirectory /Users/builder/Factory/paperloft-intents/build/IntentsIntegrationDerivedData/SDKExplicitPrecompiledModules
    cd /Users/builder/Factory/paperloft-intents/Paperloft.xcodeproj
    builtin-create-build-directory /Users/builder/Factory/paperloft-intents/build/IntentsIntegrationDerivedData/SDKExplicitPrecompiledModules

CreateBuildDirectory /Users/builder/Factory/paperloft-intents/build/IntentsIntegrationDerivedData/ModuleCache.noindex
    cd /Users/builder/Factory/paperloft-intents/Paperloft.xcodeproj
    builtin-create-build-directory /Users/builder/Factory/paperloft-intents/build/IntentsIntegrationDerivedData/ModuleCache.noindex

CreateBuildDirectory /Users/builder/Factory/paperloft-intents/build/IntentsIntegrationDerivedData/Build/Products
    cd /Users/builder/Factory/paperloft-intents/Paperloft.xcodeproj
    builtin-create-build-directory /Users/builder/Factory/paperloft-intents/build/IntentsIntegrationDerivedData/Build/Products

CreateBuildDirectory /Users/builder/Factory/paperloft-intents/build/IntentsIntegrationDerivedData/Build/Intermediates.noindex
    cd /Users/builder/Factory/paperloft-intents/Paperloft.xcodeproj
    builtin-create-build-directory /Users/builder/Factory/paperloft-intents/build/IntentsIntegrationDerivedData/Build/Intermediates.noindex

ClangStatCache /Applications/Xcode.app/Contents/Developer/Toolchains/XcodeDefault.xctoolchain/usr/bin/clang-stat-cache /Applications/Xcode.app/Contents/Developer/Platforms/MacOSX.platform/Developer/SDKs/MacOSX27.0.sdk /Users/builder/Factory/paperloft-intents/build/IntentsIntegrationDerivedData/SDKStatCaches.noindex/macosx27.0-26A425-7231f6df4def33e022ae2eb8f782df1a.sdkstatcache
    cd /Users/builder/Factory/paperloft-intents/Paperloft.xcodeproj
    /Applications/Xcode.app/Contents/Developer/Toolchains/XcodeDefault.xctoolchain/usr/bin/clang-stat-cache /Applications/Xcode.app/Contents/Developer/Platforms/MacOSX.platform/Developer/SDKs/MacOSX27.0.sdk -o /Users/builder/Factory/paperloft-intents/build/IntentsIntegrationDerivedData/SDKStatCaches.noindex/macosx27.0-26A425-7231f6df4def33e022ae2eb8f782df1a.sdkstatcache

CreateBuildDirectory /Users/builder/Factory/paperloft-intents/build/IntentsIntegrationDerivedData/Build/Products/Debug
    cd /Users/builder/Factory/paperloft-intents/Paperloft.xcodeproj
    builtin-create-build-directory /Users/builder/Factory/paperloft-intents/build/IntentsIntegrationDerivedData/Build/Products/Debug

CreateBuildDirectory /Users/builder/Factory/paperloft-intents/build/IntentsIntegrationDerivedData/Build/Intermediates.noindex/SwiftExplicitPrecompiledModules
    cd /Users/builder/Factory/paperloft-intents/Paperloft.xcodeproj
    builtin-create-build-directory /Users/builder/Factory/paperloft-intents/build/IntentsIntegrationDerivedData/Build/Intermediates.noindex/SwiftExplicitPrecompiledModules

CreateBuildDirectory /Users/builder/Factory/paperloft-intents/build/IntentsIntegrationDerivedData/Build/Intermediates.noindex/ExplicitPrecompiledModules
    cd /Users/builder/Factory/paperloft-intents/Paperloft.xcodeproj
    builtin-create-build-directory /Users/builder/Factory/paperloft-intents/build/IntentsIntegrationDerivedData/Build/Intermediates.noindex/ExplicitPrecompiledModules

CreateBuildDirectory /Users/builder/Factory/paperloft-intents/build/IntentsIntegrationDerivedData/Build/Intermediates.noindex/PrecompiledHeaders
    cd /Users/builder/Factory/paperloft-intents/Paperloft.xcodeproj
    builtin-create-build-directory /Users/builder/Factory/paperloft-intents/build/IntentsIntegrationDerivedData/Build/Intermediates.noindex/PrecompiledHeaders

CreateBuildDirectory /Users/builder/Factory/paperloft-intents/build/IntentsIntegrationDerivedData/Build/Intermediates.noindex/EagerLinkingTBDs/Debug
    cd /Users/builder/Factory/paperloft-intents/Paperloft.xcodeproj
    builtin-create-build-directory /Users/builder/Factory/paperloft-intents/build/IntentsIntegrationDerivedData/Build/Intermediates.noindex/EagerLinkingTBDs/Debug

WriteAuxiliaryFile /Users/builder/Factory/paperloft-intents/build/IntentsIntegrationDerivedData/Build/Intermediates.noindex/Paperloft.build/Debug/Paperloft-b93ddc6bcd4d234a5473ab01ad3589c4-VFS/all-product-headers.yaml
    cd /Users/builder/Factory/paperloft-intents/Paperloft.xcodeproj
    write-file /Users/builder/Factory/paperloft-intents/build/IntentsIntegrationDerivedData/Build/Intermediates.noindex/Paperloft.build/Debug/Paperloft-b93ddc6bcd4d234a5473ab01ad3589c4-VFS/all-product-headers.yaml

CreateBuildDirectory /Users/builder/Factory/paperloft-intents/build/IntentsIntegrationDerivedData/Build/Products/Debug/PackageFrameworks
    cd /Users/builder/Factory/paperloft-intents/Paperloft.xcodeproj
    builtin-create-build-directory /Users/builder/Factory/paperloft-intents/build/IntentsIntegrationDerivedData/Build/Products/Debug/PackageFrameworks

WriteAuxiliaryFile /Users/builder/Factory/paperloft-intents/build/IntentsIntegrationDerivedData/Build/Intermediates.noindex/Paperloft.build/Debug/PaperloftUITests.build/PaperloftUITests-project-headers.hmap (in target 'PaperloftUITests' from project 'Paperloft')
    cd /Users/builder/Factory/paperloft-intents
    write-file /Users/builder/Factory/paperloft-intents/build/IntentsIntegrationDerivedData/Build/Intermediates.noindex/Paperloft.build/Debug/PaperloftUITests.build/PaperloftUITests-project-headers.hmap

WriteAuxiliaryFile /Users/builder/Factory/paperloft-intents/build/IntentsIntegrationDerivedData/Build/Intermediates.noindex/Paperloft.build/Debug/PaperloftUITests.build/PaperloftUITests-own-target-headers.hmap (in target 'PaperloftUITests' from project 'Paperloft')
    cd /Users/builder/Factory/paperloft-intents
    write-file /Users/builder/Factory/paperloft-intents/build/IntentsIntegrationDerivedData/Build/Intermediates.noindex/Paperloft.build/Debug/PaperloftUITests.build/PaperloftUITests-own-target-headers.hmap

WriteAuxiliaryFile /Users/builder/Factory/paperloft-intents/build/IntentsIntegrationDerivedData/Build/Intermediates.noindex/Paperloft.build/Debug/PaperloftUITests.build/PaperloftUITests.hmap (in target 'PaperloftUITests' from project 'Paperloft')
    cd /Users/builder/Factory/paperloft-intents
    write-file /Users/builder/Factory/paperloft-intents/build/IntentsIntegrationDerivedData/Build/Intermediates.noindex/Paperloft.build/Debug/PaperloftUITests.build/PaperloftUITests.hmap

WriteAuxiliaryFile /Users/builder/Factory/paperloft-intents/build/IntentsIntegrationDerivedData/Build/Intermediates.noindex/Paperloft.build/Debug/PaperloftUITests.build/PaperloftUITests-generated-files.hmap (in target 'PaperloftUITests' from project 'Paperloft')
    cd /Users/builder/Factory/paperloft-intents
    write-file /Users/builder/Factory/paperloft-intents/build/IntentsIntegrationDerivedData/Build/Intermediates.noindex/Paperloft.build/Debug/PaperloftUITests.build/PaperloftUITests-generated-files.hmap

WriteAuxiliaryFile /Users/builder/Factory/paperloft-intents/build/IntentsIntegrationDerivedData/Build/Intermediates.noindex/Paperloft.build/Debug/PaperloftUITests.build/PaperloftUITests.DependencyMetadataFileList (in target 'PaperloftUITests' from project 'Paperloft')
    cd /Users/builder/Factory/paperloft-intents
    write-file /Users/builder/Factory/paperloft-intents/build/IntentsIntegrationDerivedData/Build/Intermediates.noindex/Paperloft.build/Debug/PaperloftUITests.build/PaperloftUITests.DependencyMetadataFileList

WriteAuxiliaryFile /Users/builder/Factory/paperloft-intents/build/IntentsIntegrationDerivedData/Build/Intermediates.noindex/Paperloft.build/Debug/PaperloftUITests.build/empty-PaperloftUITests.plist (in target 'PaperloftUITests' from project 'Paperloft')
    cd /Users/builder/Factory/paperloft-intents
    write-file /Users/builder/Factory/paperloft-intents/build/IntentsIntegrationDerivedData/Build/Intermediates.noindex/Paperloft.build/Debug/PaperloftUITests.build/empty-PaperloftUITests.plist

WriteAuxiliaryFile /Users/builder/Factory/paperloft-intents/build/IntentsIntegrationDerivedData/Build/Intermediates.noindex/Paperloft.build/Debug/PaperloftUITests.build/PaperloftUITests.DependencyStaticMetadataFileList (in target 'PaperloftUITests' from project 'Paperloft')
    cd /Users/builder/Factory/paperloft-intents
    write-file /Users/builder/Factory/paperloft-intents/build/IntentsIntegrationDerivedData/Build/Intermediates.noindex/Paperloft.build/Debug/PaperloftUITests.build/PaperloftUITests.DependencyStaticMetadataFileList

WriteAuxiliaryFile /Users/builder/Factory/paperloft-intents/build/IntentsIntegrationDerivedData/Build/Intermediates.noindex/Paperloft.build/Debug/PaperloftUITests.build/PaperloftUITests-all-target-headers.hmap (in target 'PaperloftUITests' from project 'Paperloft')
    cd /Users/builder/Factory/paperloft-intents
    write-file /Users/builder/Factory/paperloft-intents/build/IntentsIntegrationDerivedData/Build/Intermediates.noindex/Paperloft.build/Debug/PaperloftUITests.build/PaperloftUITests-all-target-headers.hmap

WriteAuxiliaryFile /Users/builder/Factory/paperloft-intents/build/IntentsIntegrationDerivedData/Build/Intermediates.noindex/Paperloft.build/Debug/PaperloftUITests.build/ProductTypeInfoPlistAdditions.plist (in target 'PaperloftUITests' from project 'Paperloft')
    cd /Users/builder/Factory/paperloft-intents
    write-file /Users/builder/Factory/paperloft-intents/build/IntentsIntegrationDerivedData/Build/Intermediates.noindex/Paperloft.build/Debug/PaperloftUITests.build/ProductTypeInfoPlistAdditions.plist

WriteAuxiliaryFile /Users/builder/Factory/paperloft-intents/build/IntentsIntegrationDerivedData/Build/Intermediates.noindex/Paperloft.build/Debug/PaperloftUITests.build/PaperloftUITests-all-non-framework-target-headers.hmap (in target 'PaperloftUITests' from project 'Paperloft')
    cd /Users/builder/Factory/paperloft-intents
    write-file /Users/builder/Factory/paperloft-intents/build/IntentsIntegrationDerivedData/Build/Intermediates.noindex/Paperloft.build/Debug/PaperloftUITests.build/PaperloftUITests-all-non-framework-target-headers.hmap

WriteAuxiliaryFile /Users/builder/Factory/paperloft-intents/build/IntentsIntegrationDerivedData/Build/Intermediates.noindex/Paperloft.build/Debug/PaperloftUITests.build/Objects-normal/arm64/PaperloftUITests_const_extract_protocols.json (in target 'PaperloftUITests' from project 'Paperloft')
    cd /Users/builder/Factory/paperloft-intents
    write-file /Users/builder/Factory/paperloft-intents/build/IntentsIntegrationDerivedData/Build/Intermediates.noindex/Paperloft.build/Debug/PaperloftUITests.build/Objects-normal/arm64/PaperloftUITests_const_extract_protocols.json

WriteAuxiliaryFile /Users/builder/Factory/paperloft-intents/build/IntentsIntegrationDerivedData/Build/Intermediates.noindex/Paperloft.build/Debug/PaperloftUITests.build/Objects-normal/arm64/PaperloftUITests.SwiftFileList (in target 'PaperloftUITests' from project 'Paperloft')
    cd /Users/builder/Factory/paperloft-intents
    write-file /Users/builder/Factory/paperloft-intents/build/IntentsIntegrationDerivedData/Build/Intermediates.noindex/Paperloft.build/Debug/PaperloftUITests.build/Objects-normal/arm64/PaperloftUITests.SwiftFileList

WriteAuxiliaryFile /Users/builder/Factory/paperloft-intents/build/IntentsIntegrationDerivedData/Build/Intermediates.noindex/Paperloft.build/Debug/PaperloftUITests.build/Objects-normal/arm64/PaperloftUITests.SwiftConstValuesFileList (in target 'PaperloftUITests' from project 'Paperloft')
    cd /Users/builder/Factory/paperloft-intents
    write-file /Users/builder/Factory/paperloft-intents/build/IntentsIntegrationDerivedData/Build/Intermediates.noindex/Paperloft.build/Debug/PaperloftUITests.build/Objects-normal/arm64/PaperloftUITests.SwiftConstValuesFileList

WriteAuxiliaryFile /Users/builder/Factory/paperloft-intents/build/IntentsIntegrationDerivedData/Build/Intermediates.noindex/Paperloft.build/Debug/PaperloftUITests.build/Objects-normal/arm64/PaperloftUITests.LinkFileList (in target 'PaperloftUITests' from project 'Paperloft')
    cd /Users/builder/Factory/paperloft-intents
    write-file /Users/builder/Factory/paperloft-intents/build/IntentsIntegrationDerivedData/Build/Intermediates.noindex/Paperloft.build/Debug/PaperloftUITests.build/Objects-normal/arm64/PaperloftUITests.LinkFileList

WriteAuxiliaryFile /Users/builder/Factory/paperloft-intents/build/IntentsIntegrationDerivedData/Build/Intermediates.noindex/Paperloft.build/Debug/PaperloftUITests.build/Objects-normal/arm64/PaperloftUITests-OutputFileMap.json (in target 'PaperloftUITests' from project 'Paperloft')
    cd /Users/builder/Factory/paperloft-intents
    write-file /Users/builder/Factory/paperloft-intents/build/IntentsIntegrationDerivedData/Build/Intermediates.noindex/Paperloft.build/Debug/PaperloftUITests.build/Objects-normal/arm64/PaperloftUITests-OutputFileMap.json

WriteAuxiliaryFile /Users/builder/Factory/paperloft-intents/build/IntentsIntegrationDerivedData/Build/Intermediates.noindex/Paperloft.build/Debug/PaperloftUITests.build/DerivedSources/Entitlements.plist (in target 'PaperloftUITests' from project 'Paperloft')
    cd /Users/builder/Factory/paperloft-intents
    write-file /Users/builder/Factory/paperloft-intents/build/IntentsIntegrationDerivedData/Build/Intermediates.noindex/Paperloft.build/Debug/PaperloftUITests.build/DerivedSources/Entitlements.plist

WriteAuxiliaryFile /Users/builder/Factory/paperloft-intents/build/IntentsIntegrationDerivedData/Build/Intermediates.noindex/Paperloft.build/Debug/PaperloftKitTests.build/empty-PaperloftKitTests.plist (in target 'PaperloftKitTests' from project 'Paperloft')
    cd /Users/builder/Factory/paperloft-intents
    write-file /Users/builder/Factory/paperloft-intents/build/IntentsIntegrationDerivedData/Build/Intermediates.noindex/Paperloft.build/Debug/PaperloftKitTests.build/empty-PaperloftKitTests.plist

WriteAuxiliaryFile /Users/builder/Factory/paperloft-intents/build/IntentsIntegrationDerivedData/Build/Intermediates.noindex/Paperloft.build/Debug/PaperloftKitTests.build/PaperloftKitTests.hmap (in target 'PaperloftKitTests' from project 'Paperloft')
    cd /Users/builder/Factory/paperloft-intents
    write-file /Users/builder/Factory/paperloft-intents/build/IntentsIntegrationDerivedData/Build/Intermediates.noindex/Paperloft.build/Debug/PaperloftKitTests.build/PaperloftKitTests.hmap

WriteAuxiliaryFile /Users/builder/Factory/paperloft-intents/build/IntentsIntegrationDerivedData/Build/Intermediates.noindex/Paperloft.build/Debug/PaperloftKitTests.build/PaperloftKitTests.DependencyStaticMetadataFileList (in target 'PaperloftKitTests' from project 'Paperloft')
    cd /Users/builder/Factory/paperloft-intents
    write-file /Users/builder/Factory/paperloft-intents/build/IntentsIntegrationDerivedData/Build/Intermediates.noindex/Paperloft.build/Debug/PaperloftKitTests.build/PaperloftKitTests.DependencyStaticMetadataFileList

WriteAuxiliaryFile /Users/builder/Factory/paperloft-intents/build/IntentsIntegrationDerivedData/Build/Intermediates.noindex/Paperloft.build/Debug/PaperloftKitTests.build/PaperloftKitTests.DependencyMetadataFileList (in target 'PaperloftKitTests' from project 'Paperloft')
    cd /Users/builder/Factory/paperloft-intents
    write-file /Users/builder/Factory/paperloft-intents/build/IntentsIntegrationDerivedData/Build/Intermediates.noindex/Paperloft.build/Debug/PaperloftKitTests.build/PaperloftKitTests.DependencyMetadataFileList

WriteAuxiliaryFile /Users/builder/Factory/paperloft-intents/build/IntentsIntegrationDerivedData/Build/Intermediates.noindex/Paperloft.build/Debug/PaperloftKitTests.build/PaperloftKitTests-project-headers.hmap (in target 'PaperloftKitTests' from project 'Paperloft')
    cd /Users/builder/Factory/paperloft-intents
    write-file /Users/builder/Factory/paperloft-intents/build/IntentsIntegrationDerivedData/Build/Intermediates.noindex/Paperloft.build/Debug/PaperloftKitTests.build/PaperloftKitTests-project-headers.hmap

WriteAuxiliaryFile /Users/builder/Factory/paperloft-intents/build/IntentsIntegrationDerivedData/Build/Intermediates.noindex/Paperloft.build/Debug/PaperloftKitTests.build/PaperloftKitTests-own-target-headers.hmap (in target 'PaperloftKitTests' from project 'Paperloft')
    cd /Users/builder/Factory/paperloft-intents
    write-file /Users/builder/Factory/paperloft-intents/build/IntentsIntegrationDerivedData/Build/Intermediates.noindex/Paperloft.build/Debug/PaperloftKitTests.build/PaperloftKitTests-own-target-headers.hmap

WriteAuxiliaryFile /Users/builder/Factory/paperloft-intents/build/IntentsIntegrationDerivedData/Build/Intermediates.noindex/Paperloft.build/Debug/PaperloftKitTests.build/PaperloftKitTests-all-target-headers.hmap (in target 'PaperloftKitTests' from project 'Paperloft')
    cd /Users/builder/Factory/paperloft-intents
    write-file /Users/builder/Factory/paperloft-intents/build/IntentsIntegrationDerivedData/Build/Intermediates.noindex/Paperloft.build/Debug/PaperloftKitTests.build/PaperloftKitTests-all-target-headers.hmap

WriteAuxiliaryFile /Users/builder/Factory/paperloft-intents/build/IntentsIntegrationDerivedData/Build/Intermediates.noindex/Paperloft.build/Debug/PaperloftKitTests.build/PaperloftKitTests-generated-files.hmap (in target 'PaperloftKitTests' from project 'Paperloft')
    cd /Users/builder/Factory/paperloft-intents
    write-file /Users/builder/Factory/paperloft-intents/build/IntentsIntegrationDerivedData/Build/Intermediates.noindex/Paperloft.build/Debug/PaperloftKitTests.build/PaperloftKitTests-generated-files.hmap

WriteAuxiliaryFile /Users/builder/Factory/paperloft-intents/build/IntentsIntegrationDerivedData/Build/Intermediates.noindex/Paperloft.build/Debug/PaperloftKitTests.build/PaperloftKitTests-all-non-framework-target-headers.hmap (in target 'PaperloftKitTests' from project 'Paperloft')
    cd /Users/builder/Factory/paperloft-intents
    write-file /Users/builder/Factory/paperloft-intents/build/IntentsIntegrationDerivedData/Build/Intermediates.noindex/Paperloft.build/Debug/PaperloftKitTests.build/PaperloftKitTests-all-non-framework-target-headers.hmap

WriteAuxiliaryFile /Users/builder/Factory/paperloft-intents/build/IntentsIntegrationDerivedData/Build/Intermediates.noindex/Paperloft.build/Debug/PaperloftKitTests.build/Objects-normal/arm64/PaperloftKitTests_const_extract_protocols.json (in target 'PaperloftKitTests' from project 'Paperloft')
    cd /Users/builder/Factory/paperloft-intents
    write-file /Users/builder/Factory/paperloft-intents/build/IntentsIntegrationDerivedData/Build/Intermediates.noindex/Paperloft.build/Debug/PaperloftKitTests.build/Objects-normal/arm64/PaperloftKitTests_const_extract_protocols.json

WriteAuxiliaryFile /Users/builder/Factory/paperloft-intents/build/IntentsIntegrationDerivedData/Build/Intermediates.noindex/Paperloft.build/Debug/PaperloftKitTests.build/Objects-normal/arm64/PaperloftKitTests.SwiftFileList (in target 'PaperloftKitTests' from project 'Paperloft')
    cd /Users/builder/Factory/paperloft-intents
    write-file /Users/builder/Factory/paperloft-intents/build/IntentsIntegrationDerivedData/Build/Intermediates.noindex/Paperloft.build/Debug/PaperloftKitTests.build/Objects-normal/arm64/PaperloftKitTests.SwiftFileList

WriteAuxiliaryFile /Users/builder/Factory/paperloft-intents/build/IntentsIntegrationDerivedData/Build/Intermediates.noindex/Paperloft.build/Debug/PaperloftKitTests.build/Objects-normal/arm64/PaperloftKitTests.SwiftConstValuesFileList (in target 'PaperloftKitTests' from project 'Paperloft')
    cd /Users/builder/Factory/paperloft-intents
    write-file /Users/builder/Factory/paperloft-intents/build/IntentsIntegrationDerivedData/Build/Intermediates.noindex/Paperloft.build/Debug/PaperloftKitTests.build/Objects-normal/arm64/PaperloftKitTests.SwiftConstValuesFileList

WriteAuxiliaryFile /Users/builder/Factory/paperloft-intents/build/IntentsIntegrationDerivedData/Build/Intermediates.noindex/Paperloft.build/Debug/PaperloftKitTests.build/Objects-normal/arm64/PaperloftKitTests.LinkFileList (in target 'PaperloftKitTests' from project 'Paperloft')
    cd /Users/builder/Factory/paperloft-intents
    write-file /Users/builder/Factory/paperloft-intents/build/IntentsIntegrationDerivedData/Build/Intermediates.noindex/Paperloft.build/Debug/PaperloftKitTests.build/Objects-normal/arm64/PaperloftKitTests.LinkFileList

WriteAuxiliaryFile /Users/builder/Factory/paperloft-intents/build/IntentsIntegrationDerivedData/Build/Intermediates.noindex/Paperloft.build/Debug/PaperloftKitTests.build/Objects-normal/arm64/PaperloftKitTests-OutputFileMap.json (in target 'PaperloftKitTests' from project 'Paperloft')
    cd /Users/builder/Factory/paperloft-intents
    write-file /Users/builder/Factory/paperloft-intents/build/IntentsIntegrationDerivedData/Build/Intermediates.noindex/Paperloft.build/Debug/PaperloftKitTests.build/Objects-normal/arm64/PaperloftKitTests-OutputFileMap.json

WriteAuxiliaryFile /Users/builder/Factory/paperloft-intents/build/IntentsIntegrationDerivedData/Build/Intermediates.noindex/PaperloftKit.build/Debug/PaperloftKit-t.build/PaperloftKit.modulemap (in target 'PaperloftKit' from project 'PaperloftKit')
    cd /Users/builder/Factory/paperloft-intents/Packages/PaperloftKit
    write-file /Users/builder/Factory/paperloft-intents/build/IntentsIntegrationDerivedData/Build/Intermediates.noindex/PaperloftKit.build/Debug/PaperloftKit-t.build/PaperloftKit.modulemap

WriteAuxiliaryFile /Users/builder/Factory/paperloft-intents/build/IntentsIntegrationDerivedData/Build/Intermediates.noindex/PaperloftKit.build/Debug/PaperloftKit-t.build/PaperloftKit.DependencyMetadataFileList (in target 'PaperloftKit' from project 'PaperloftKit')
    cd /Users/builder/Factory/paperloft-intents/Packages/PaperloftKit
    write-file /Users/builder/Factory/paperloft-intents/build/IntentsIntegrationDerivedData/Build/Intermediates.noindex/PaperloftKit.build/Debug/PaperloftKit-t.build/PaperloftKit.DependencyMetadataFileList

WriteAuxiliaryFile /Users/builder/Factory/paperloft-intents/build/IntentsIntegrationDerivedData/Build/Intermediates.noindex/PaperloftKit.build/Debug/PaperloftKit-t.build/PaperloftKit.DependencyStaticMetadataFileList (in target 'PaperloftKit' from project 'PaperloftKit')
    cd /Users/builder/Factory/paperloft-intents/Packages/PaperloftKit
    write-file /Users/builder/Factory/paperloft-intents/build/IntentsIntegrationDerivedData/Build/Intermediates.noindex/PaperloftKit.build/Debug/PaperloftKit-t.build/PaperloftKit.DependencyStaticMetadataFileList

WriteAuxiliaryFile /Users/builder/Factory/paperloft-intents/build/IntentsIntegrationDerivedData/Build/Intermediates.noindex/PaperloftKit.build/Debug/PaperloftKit-t.build/Objects-normal/arm64/PaperloftKit_const_extract_protocols.json (in target 'PaperloftKit' from project 'PaperloftKit')
    cd /Users/builder/Factory/paperloft-intents/Packages/PaperloftKit
    write-file /Users/builder/Factory/paperloft-intents/build/IntentsIntegrationDerivedData/Build/Intermediates.noindex/PaperloftKit.build/Debug/PaperloftKit-t.build/Objects-normal/arm64/PaperloftKit_const_extract_protocols.json

WriteAuxiliaryFile /Users/builder/Factory/paperloft-intents/build/IntentsIntegrationDerivedData/Build/Intermediates.noindex/PaperloftKit.build/Debug/PaperloftKit-t.build/Objects-normal/arm64/PaperloftKit.SwiftFileList (in target 'PaperloftKit' from project 'PaperloftKit')
    cd /Users/builder/Factory/paperloft-intents/Packages/PaperloftKit
    write-file /Users/builder/Factory/paperloft-intents/build/IntentsIntegrationDerivedData/Build/Intermediates.noindex/PaperloftKit.build/Debug/PaperloftKit-t.build/Objects-normal/arm64/PaperloftKit.SwiftFileList

WriteAuxiliaryFile /Users/builder/Factory/paperloft-intents/build/IntentsIntegrationDerivedData/Build/Intermediates.noindex/PaperloftKit.build/Debug/PaperloftKit-t.build/Objects-normal/arm64/PaperloftKit.SwiftConstValuesFileList (in target 'PaperloftKit' from project 'PaperloftKit')
    cd /Users/builder/Factory/paperloft-intents/Packages/PaperloftKit
    write-file /Users/builder/Factory/paperloft-intents/build/IntentsIntegrationDerivedData/Build/Intermediates.noindex/PaperloftKit.build/Debug/PaperloftKit-t.build/Objects-normal/arm64/PaperloftKit.SwiftConstValuesFileList

WriteAuxiliaryFile /Users/builder/Factory/paperloft-intents/build/IntentsIntegrationDerivedData/Build/Intermediates.noindex/PaperloftKit.build/Debug/PaperloftKit-t.build/Objects-normal/arm64/PaperloftKit.LinkFileList (in target 'PaperloftKit' from project 'PaperloftKit')
    cd /Users/builder/Factory/paperloft-intents/Packages/PaperloftKit
    write-file /Users/builder/Factory/paperloft-intents/build/IntentsIntegrationDerivedData/Build/Intermediates.noindex/PaperloftKit.build/Debug/PaperloftKit-t.build/Objects-normal/arm64/PaperloftKit.LinkFileList

WriteAuxiliaryFile /Users/builder/Factory/paperloft-intents/build/IntentsIntegrationDerivedData/Build/Intermediates.noindex/PaperloftKit.build/Debug/PaperloftKit-t.build/Objects-normal/arm64/PaperloftKit-OutputFileMap.json (in target 'PaperloftKit' from project 'PaperloftKit')
    cd /Users/builder/Factory/paperloft-intents/Packages/PaperloftKit
    write-file /Users/builder/Factory/paperloft-intents/build/IntentsIntegrationDerivedData/Build/Intermediates.noindex/PaperloftKit.build/Debug/PaperloftKit-t.build/Objects-normal/arm64/PaperloftKit-OutputFileMap.json

WriteAuxiliaryFile /Users/builder/Factory/paperloft-intents/build/IntentsIntegrationDerivedData/Build/Intermediates.noindex/Paperloft.build/Debug/PaperloftIntentLogicTests.build/empty-PaperloftIntentLogicTests.plist (in target 'PaperloftIntentLogicTests' from project 'Paperloft')
    cd /Users/builder/Factory/paperloft-intents
    write-file /Users/builder/Factory/paperloft-intents/build/IntentsIntegrationDerivedData/Build/Intermediates.noindex/Paperloft.build/Debug/PaperloftIntentLogicTests.build/empty-PaperloftIntentLogicTests.plist

WriteAuxiliaryFile /Users/builder/Factory/paperloft-intents/build/IntentsIntegrationDerivedData/Build/Intermediates.noindex/Paperloft.build/Debug/PaperloftIntentLogicTests.build/PaperloftIntentLogicTests.hmap (in target 'PaperloftIntentLogicTests' from project 'Paperloft')
    cd /Users/builder/Factory/paperloft-intents
    write-file /Users/builder/Factory/paperloft-intents/build/IntentsIntegrationDerivedData/Build/Intermediates.noindex/Paperloft.build/Debug/PaperloftIntentLogicTests.build/PaperloftIntentLogicTests.hmap

WriteAuxiliaryFile /Users/builder/Factory/paperloft-intents/build/IntentsIntegrationDerivedData/Build/Intermediates.noindex/Paperloft.build/Debug/PaperloftIntentLogicTests.build/PaperloftIntentLogicTests.DependencyStaticMetadataFileList (in target 'PaperloftIntentLogicTests' from project 'Paperloft')
    cd /Users/builder/Factory/paperloft-intents
    write-file /Users/builder/Factory/paperloft-intents/build/IntentsIntegrationDerivedData/Build/Intermediates.noindex/Paperloft.build/Debug/PaperloftIntentLogicTests.build/PaperloftIntentLogicTests.DependencyStaticMetadataFileList

WriteAuxiliaryFile /Users/builder/Factory/paperloft-intents/build/IntentsIntegrationDerivedData/Build/Intermediates.noindex/Paperloft.build/Debug/PaperloftIntentLogicTests.build/PaperloftIntentLogicTests.DependencyMetadataFileList (in target 'PaperloftIntentLogicTests' from project 'Paperloft')
    cd /Users/builder/Factory/paperloft-intents
    write-file /Users/builder/Factory/paperloft-intents/build/IntentsIntegrationDerivedData/Build/Intermediates.noindex/Paperloft.build/Debug/PaperloftIntentLogicTests.build/PaperloftIntentLogicTests.DependencyMetadataFileList

WriteAuxiliaryFile /Users/builder/Factory/paperloft-intents/build/IntentsIntegrationDerivedData/Build/Intermediates.noindex/Paperloft.build/Debug/PaperloftIntentLogicTests.build/PaperloftIntentLogicTests-project-headers.hmap (in target 'PaperloftIntentLogicTests' from project 'Paperloft')
    cd /Users/builder/Factory/paperloft-intents
    write-file /Users/builder/Factory/paperloft-intents/build/IntentsIntegrationDerivedData/Build/Intermediates.noindex/Paperloft.build/Debug/PaperloftIntentLogicTests.build/PaperloftIntentLogicTests-project-headers.hmap

WriteAuxiliaryFile /Users/builder/Factory/paperloft-intents/build/IntentsIntegrationDerivedData/Build/Intermediates.noindex/Paperloft.build/Debug/PaperloftIntentLogicTests.build/PaperloftIntentLogicTests-own-target-headers.hmap (in target 'PaperloftIntentLogicTests' from project 'Paperloft')
    cd /Users/builder/Factory/paperloft-intents
    write-file /Users/builder/Factory/paperloft-intents/build/IntentsIntegrationDerivedData/Build/Intermediates.noindex/Paperloft.build/Debug/PaperloftIntentLogicTests.build/PaperloftIntentLogicTests-own-target-headers.hmap

Copy /Users/builder/Factory/paperloft-intents/build/IntentsIntegrationDerivedData/Build/Intermediates.noindex/GeneratedModuleMaps/PaperloftKit.modulemap /Users/builder/Factory/paperloft-intents/build/IntentsIntegrationDerivedData/Build/Intermediates.noindex/PaperloftKit.build/Debug/PaperloftKit-t.build/PaperloftKit.modulemap (in target 'PaperloftKit' from project 'PaperloftKit')
    cd /Users/builder/Factory/paperloft-intents/Packages/PaperloftKit
    builtin-copy -exclude .DS_Store -exclude CVS -exclude .svn -exclude .git -exclude .hg -resolve-src-symlinks /Users/builder/Factory/paperloft-intents/build/IntentsIntegrationDerivedData/Build/Intermediates.noindex/PaperloftKit.build/Debug/PaperloftKit-t.build/PaperloftKit.modulemap /Users/builder/Factory/paperloft-intents/build/IntentsIntegrationDerivedData/Build/Intermediates.noindex/GeneratedModuleMaps

WriteAuxiliaryFile /Users/builder/Factory/paperloft-intents/build/IntentsIntegrationDerivedData/Build/Intermediates.noindex/Paperloft.build/Debug/PaperloftIntentLogicTests.build/PaperloftIntentLogicTests-generated-files.hmap (in target 'PaperloftIntentLogicTests' from project 'Paperloft')
    cd /Users/builder/Factory/paperloft-intents
    write-file /Users/builder/Factory/paperloft-intents/build/IntentsIntegrationDerivedData/Build/Intermediates.noindex/Paperloft.build/Debug/PaperloftIntentLogicTests.build/PaperloftIntentLogicTests-generated-files.hmap

WriteAuxiliaryFile /Users/builder/Factory/paperloft-intents/build/IntentsIntegrationDerivedData/Build/Intermediates.noindex/Paperloft.build/Debug/PaperloftIntentLogicTests.build/PaperloftIntentLogicTests-all-target-headers.hmap (in target 'PaperloftIntentLogicTests' from project 'Paperloft')
    cd /Users/builder/Factory/paperloft-intents
    write-file /Users/builder/Factory/paperloft-intents/build/IntentsIntegrationDerivedData/Build/Intermediates.noindex/Paperloft.build/Debug/PaperloftIntentLogicTests.build/PaperloftIntentLogicTests-all-target-headers.hmap

WriteAuxiliaryFile /Users/builder/Factory/paperloft-intents/build/IntentsIntegrationDerivedData/Build/Intermediates.noindex/Paperloft.build/Debug/PaperloftIntentLogicTests.build/PaperloftIntentLogicTests-all-non-framework-target-headers.hmap (in target 'PaperloftIntentLogicTests' from project 'Paperloft')
    cd /Users/builder/Factory/paperloft-intents
    write-file /Users/builder/Factory/paperloft-intents/build/IntentsIntegrationDerivedData/Build/Intermediates.noindex/Paperloft.build/Debug/PaperloftIntentLogicTests.build/PaperloftIntentLogicTests-all-non-framework-target-headers.hmap

WriteAuxiliaryFile /Users/builder/Factory/paperloft-intents/build/IntentsIntegrationDerivedData/Build/Intermediates.noindex/Paperloft.build/Debug/PaperloftIntentLogicTests.build/Objects-normal/arm64/PaperloftIntentLogicTests.SwiftFileList (in target 'PaperloftIntentLogicTests' from project 'Paperloft')
    cd /Users/builder/Factory/paperloft-intents
    write-file /Users/builder/Factory/paperloft-intents/build/IntentsIntegrationDerivedData/Build/Intermediates.noindex/Paperloft.build/Debug/PaperloftIntentLogicTests.build/Objects-normal/arm64/PaperloftIntentLogicTests.SwiftFileList

WriteAuxiliaryFile /Users/builder/Factory/paperloft-intents/build/IntentsIntegrationDerivedData/Build/Intermediates.noindex/Paperloft.build/Debug/PaperloftIntentLogicTests.build/Objects-normal/arm64/PaperloftIntentLogicTests_const_extract_protocols.json (in target 'PaperloftIntentLogicTests' from project 'Paperloft')
    cd /Users/builder/Factory/paperloft-intents
    write-file /Users/builder/Factory/paperloft-intents/build/IntentsIntegrationDerivedData/Build/Intermediates.noindex/Paperloft.build/Debug/PaperloftIntentLogicTests.build/Objects-normal/arm64/PaperloftIntentLogicTests_const_extract_protocols.json

WriteAuxiliaryFile /Users/builder/Factory/paperloft-intents/build/IntentsIntegrationDerivedData/Build/Intermediates.noindex/Paperloft.build/Debug/PaperloftIntentLogicTests.build/Objects-normal/arm64/PaperloftIntentLogicTests.SwiftConstValuesFileList (in target 'PaperloftIntentLogicTests' from project 'Paperloft')
    cd /Users/builder/Factory/paperloft-intents
    write-file /Users/builder/Factory/paperloft-intents/build/IntentsIntegrationDerivedData/Build/Intermediates.noindex/Paperloft.build/Debug/PaperloftIntentLogicTests.build/Objects-normal/arm64/PaperloftIntentLogicTests.SwiftConstValuesFileList

WriteAuxiliaryFile /Users/builder/Factory/paperloft-intents/build/IntentsIntegrationDerivedData/Build/Intermediates.noindex/Paperloft.build/Debug/PaperloftIntentLogicTests.build/Objects-normal/arm64/PaperloftIntentLogicTests.LinkFileList (in target 'PaperloftIntentLogicTests' from project 'Paperloft')
    cd /Users/builder/Factory/paperloft-intents
    write-file /Users/builder/Factory/paperloft-intents/build/IntentsIntegrationDerivedData/Build/Intermediates.noindex/Paperloft.build/Debug/PaperloftIntentLogicTests.build/Objects-normal/arm64/PaperloftIntentLogicTests.LinkFileList

WriteAuxiliaryFile /Users/builder/Factory/paperloft-intents/build/IntentsIntegrationDerivedData/Build/Intermediates.noindex/Paperloft.build/Debug/PaperloftIntentLogicTests.build/Objects-normal/arm64/PaperloftIntentLogicTests-OutputFileMap.json (in target 'PaperloftIntentLogicTests' from project 'Paperloft')
    cd /Users/builder/Factory/paperloft-intents
    write-file /Users/builder/Factory/paperloft-intents/build/IntentsIntegrationDerivedData/Build/Intermediates.noindex/Paperloft.build/Debug/PaperloftIntentLogicTests.build/Objects-normal/arm64/PaperloftIntentLogicTests-OutputFileMap.json

WriteAuxiliaryFile /Users/builder/Factory/paperloft-intents/build/IntentsIntegrationDerivedData/Build/Intermediates.noindex/Paperloft.build/Debug/PaperloftApp.build/Paperloft\ Receipts.DependencyStaticMetadataFileList (in target 'PaperloftApp' from project 'Paperloft')
    cd /Users/builder/Factory/paperloft-intents
    write-file /Users/builder/Factory/paperloft-intents/build/IntentsIntegrationDerivedData/Build/Intermediates.noindex/Paperloft.build/Debug/PaperloftApp.build/Paperloft\ Receipts.DependencyStaticMetadataFileList

WriteAuxiliaryFile /Users/builder/Factory/paperloft-intents/build/IntentsIntegrationDerivedData/Build/Intermediates.noindex/Paperloft.build/Debug/PaperloftApp.build/Paperloft\ Receipts.hmap (in target 'PaperloftApp' from project 'Paperloft')
    cd /Users/builder/Factory/paperloft-intents
    write-file /Users/builder/Factory/paperloft-intents/build/IntentsIntegrationDerivedData/Build/Intermediates.noindex/Paperloft.build/Debug/PaperloftApp.build/Paperloft\ Receipts.hmap

WriteAuxiliaryFile /Users/builder/Factory/paperloft-intents/build/IntentsIntegrationDerivedData/Build/Intermediates.noindex/Paperloft.build/Debug/PaperloftApp.build/Paperloft\ Receipts.DependencyMetadataFileList (in target 'PaperloftApp' from project 'Paperloft')
    cd /Users/builder/Factory/paperloft-intents
    write-file /Users/builder/Factory/paperloft-intents/build/IntentsIntegrationDerivedData/Build/Intermediates.noindex/Paperloft.build/Debug/PaperloftApp.build/Paperloft\ Receipts.DependencyMetadataFileList

WriteAuxiliaryFile /Users/builder/Factory/paperloft-intents/build/IntentsIntegrationDerivedData/Build/Intermediates.noindex/Paperloft.build/Debug/PaperloftApp.build/Paperloft\ Receipts-project-headers.hmap (in target 'PaperloftApp' from project 'Paperloft')
    cd /Users/builder/Factory/paperloft-intents
    write-file /Users/builder/Factory/paperloft-intents/build/IntentsIntegrationDerivedData/Build/Intermediates.noindex/Paperloft.build/Debug/PaperloftApp.build/Paperloft\ Receipts-project-headers.hmap

WriteAuxiliaryFile /Users/builder/Factory/paperloft-intents/build/IntentsIntegrationDerivedData/Build/Intermediates.noindex/Paperloft.build/Debug/PaperloftApp.build/Paperloft\ Receipts-own-target-headers.hmap (in target 'PaperloftApp' from project 'Paperloft')
    cd /Users/builder/Factory/paperloft-intents
    write-file /Users/builder/Factory/paperloft-intents/build/IntentsIntegrationDerivedData/Build/Intermediates.noindex/Paperloft.build/Debug/PaperloftApp.build/Paperloft\ Receipts-own-target-headers.hmap

WriteAuxiliaryFile /Users/builder/Factory/paperloft-intents/build/IntentsIntegrationDerivedData/Build/Intermediates.noindex/Paperloft.build/Debug/PaperloftApp.build/Paperloft\ Receipts-generated-files.hmap (in target 'PaperloftApp' from project 'Paperloft')
    cd /Users/builder/Factory/paperloft-intents
    write-file /Users/builder/Factory/paperloft-intents/build/IntentsIntegrationDerivedData/Build/Intermediates.noindex/Paperloft.build/Debug/PaperloftApp.build/Paperloft\ Receipts-generated-files.hmap

WriteAuxiliaryFile /Users/builder/Factory/paperloft-intents/build/IntentsIntegrationDerivedData/Build/Intermediates.noindex/Paperloft.build/Debug/PaperloftApp.build/Paperloft\ Receipts-all-target-headers.hmap (in target 'PaperloftApp' from project 'Paperloft')
    cd /Users/builder/Factory/paperloft-intents
    write-file /Users/builder/Factory/paperloft-intents/build/IntentsIntegrationDerivedData/Build/Intermediates.noindex/Paperloft.build/Debug/PaperloftApp.build/Paperloft\ Receipts-all-target-headers.hmap

WriteAuxiliaryFile /Users/builder/Factory/paperloft-intents/build/IntentsIntegrationDerivedData/Build/Intermediates.noindex/Paperloft.build/Debug/PaperloftApp.build/Paperloft\ Receipts-all-non-framework-target-headers.hmap (in target 'PaperloftApp' from project 'Paperloft')
    cd /Users/builder/Factory/paperloft-intents
    write-file /Users/builder/Factory/paperloft-intents/build/IntentsIntegrationDerivedData/Build/Intermediates.noindex/Paperloft.build/Debug/PaperloftApp.build/Paperloft\ Receipts-all-non-framework-target-headers.hmap

WriteAuxiliaryFile /Users/builder/Factory/paperloft-intents/build/IntentsIntegrationDerivedData/Build/Intermediates.noindex/Paperloft.build/Debug/PaperloftApp.build/Paperloft\ Receipts-DebugDylibPath-normal-arm64.txt (in target 'PaperloftApp' from project 'Paperloft')
    cd /Users/builder/Factory/paperloft-intents
    write-file /Users/builder/Factory/paperloft-intents/build/IntentsIntegrationDerivedData/Build/Intermediates.noindex/Paperloft.build/Debug/PaperloftApp.build/Paperloft\ Receipts-DebugDylibPath-normal-arm64.txt

WriteAuxiliaryFile /Users/builder/Factory/paperloft-intents/build/IntentsIntegrationDerivedData/Build/Intermediates.noindex/Paperloft.build/Debug/PaperloftApp.build/Paperloft\ Receipts-DebugDylibInstallName-normal-arm64.txt (in target 'PaperloftApp' from project 'Paperloft')
    cd /Users/builder/Factory/paperloft-intents
    write-file /Users/builder/Factory/paperloft-intents/build/IntentsIntegrationDerivedData/Build/Intermediates.noindex/Paperloft.build/Debug/PaperloftApp.build/Paperloft\ Receipts-DebugDylibInstallName-normal-arm64.txt

WriteAuxiliaryFile /Users/builder/Factory/paperloft-intents/build/IntentsIntegrationDerivedData/Build/Intermediates.noindex/Paperloft.build/Debug/PaperloftApp.build/Objects-normal/arm64/PaperloftApp_const_extract_protocols.json (in target 'PaperloftApp' from project 'Paperloft')
    cd /Users/builder/Factory/paperloft-intents
    write-file /Users/builder/Factory/paperloft-intents/build/IntentsIntegrationDerivedData/Build/Intermediates.noindex/Paperloft.build/Debug/PaperloftApp.build/Objects-normal/arm64/PaperloftApp_const_extract_protocols.json

WriteAuxiliaryFile /Users/builder/Factory/paperloft-intents/build/IntentsIntegrationDerivedData/Build/Intermediates.noindex/Paperloft.build/Debug/PaperloftApp.build/Objects-normal/arm64/PaperloftApp-OutputFileMap.json (in target 'PaperloftApp' from project 'Paperloft')
    cd /Users/builder/Factory/paperloft-intents
    write-file /Users/builder/Factory/paperloft-intents/build/IntentsIntegrationDerivedData/Build/Intermediates.noindex/Paperloft.build/Debug/PaperloftApp.build/Objects-normal/arm64/PaperloftApp-OutputFileMap.json

WriteAuxiliaryFile /Users/builder/Factory/paperloft-intents/build/IntentsIntegrationDerivedData/Build/Intermediates.noindex/Paperloft.build/Debug/PaperloftApp.build/Objects-normal/arm64/Paperloft\ Receipts.SwiftFileList (in target 'PaperloftApp' from project 'Paperloft')
    cd /Users/builder/Factory/paperloft-intents
    write-file /Users/builder/Factory/paperloft-intents/build/IntentsIntegrationDerivedData/Build/Intermediates.noindex/Paperloft.build/Debug/PaperloftApp.build/Objects-normal/arm64/Paperloft\ Receipts.SwiftFileList

WriteAuxiliaryFile /Users/builder/Factory/paperloft-intents/build/IntentsIntegrationDerivedData/Build/Intermediates.noindex/Paperloft.build/Debug/PaperloftApp.build/Objects-normal/arm64/Paperloft\ Receipts.SwiftConstValuesFileList (in target 'PaperloftApp' from project 'Paperloft')
    cd /Users/builder/Factory/paperloft-intents
    write-file /Users/builder/Factory/paperloft-intents/build/IntentsIntegrationDerivedData/Build/Intermediates.noindex/Paperloft.build/Debug/PaperloftApp.build/Objects-normal/arm64/Paperloft\ Receipts.SwiftConstValuesFileList

WriteAuxiliaryFile /Users/builder/Factory/paperloft-intents/build/IntentsIntegrationDerivedData/Build/Intermediates.noindex/Paperloft.build/Debug/PaperloftApp.build/Objects-normal/arm64/Paperloft\ Receipts.LinkFileList (in target 'PaperloftApp' from project 'Paperloft')
    cd /Users/builder/Factory/paperloft-intents
    write-file /Users/builder/Factory/paperloft-intents/build/IntentsIntegrationDerivedData/Build/Intermediates.noindex/Paperloft.build/Debug/PaperloftApp.build/Objects-normal/arm64/Paperloft\ Receipts.LinkFileList

WriteAuxiliaryFile /Users/builder/Factory/paperloft-intents/build/IntentsIntegrationDerivedData/Build/Intermediates.noindex/Paperloft.build/Debug/PaperloftApp.build/DerivedSources/Entitlements.plist (in target 'PaperloftApp' from project 'Paperloft')
    cd /Users/builder/Factory/paperloft-intents
    write-file /Users/builder/Factory/paperloft-intents/build/IntentsIntegrationDerivedData/Build/Intermediates.noindex/Paperloft.build/Debug/PaperloftApp.build/DerivedSources/Entitlements.plist

MkDir /Users/builder/Factory/paperloft-intents/build/IntentsIntegrationDerivedData/Build/Products/Debug/PaperloftUITests-Runner.app/Contents/PlugIns/PaperloftUITests.xctest (in target 'PaperloftUITests' from project 'Paperloft')
    cd /Users/builder/Factory/paperloft-intents
    /bin/mkdir -p /Users/builder/Factory/paperloft-intents/build/IntentsIntegrationDerivedData/Build/Products/Debug/PaperloftUITests-Runner.app/Contents/PlugIns/PaperloftUITests.xctest

MkDir /Users/builder/Factory/paperloft-intents/build/IntentsIntegrationDerivedData/Build/Products/Debug/PaperloftKitTests.xctest (in target 'PaperloftKitTests' from project 'Paperloft')
    cd /Users/builder/Factory/paperloft-intents
    /bin/mkdir -p /Users/builder/Factory/paperloft-intents/build/IntentsIntegrationDerivedData/Build/Products/Debug/PaperloftKitTests.xctest

MkDir /Users/builder/Factory/paperloft-intents/build/IntentsIntegrationDerivedData/Build/Products/Debug/PaperloftUITests-Runner.app/Contents/PlugIns/PaperloftUITests.xctest/Contents (in target 'PaperloftUITests' from project 'Paperloft')
    cd /Users/builder/Factory/paperloft-intents
    /bin/mkdir -p /Users/builder/Factory/paperloft-intents/build/IntentsIntegrationDerivedData/Build/Products/Debug/PaperloftUITests-Runner.app/Contents/PlugIns/PaperloftUITests.xctest/Contents

MkDir /Users/builder/Factory/paperloft-intents/build/IntentsIntegrationDerivedData/Build/Products/Debug/PaperloftKitTests.xctest/Contents/MacOS (in target 'PaperloftKitTests' from project 'Paperloft')
    cd /Users/builder/Factory/paperloft-intents
    /bin/mkdir -p /Users/builder/Factory/paperloft-intents/build/IntentsIntegrationDerivedData/Build/Products/Debug/PaperloftKitTests.xctest/Contents/MacOS

MkDir /Users/builder/Factory/paperloft-intents/build/IntentsIntegrationDerivedData/Build/Products/Debug/PaperloftKitTests.xctest/Contents (in target 'PaperloftKitTests' from project 'Paperloft')
    cd /Users/builder/Factory/paperloft-intents
    /bin/mkdir -p /Users/builder/Factory/paperloft-intents/build/IntentsIntegrationDerivedData/Build/Products/Debug/PaperloftKitTests.xctest/Contents

MkDir /Users/builder/Factory/paperloft-intents/build/IntentsIntegrationDerivedData/Build/Products/Debug/PaperloftUITests-Runner.app/Contents/PlugIns/PaperloftUITests.xctest/Contents/MacOS (in target 'PaperloftUITests' from project 'Paperloft')
    cd /Users/builder/Factory/paperloft-intents
    /bin/mkdir -p /Users/builder/Factory/paperloft-intents/build/IntentsIntegrationDerivedData/Build/Products/Debug/PaperloftUITests-Runner.app/Contents/PlugIns/PaperloftUITests.xctest/Contents/MacOS

MkDir /Users/builder/Factory/paperloft-intents/build/IntentsIntegrationDerivedData/Build/Products/Debug/PaperloftIntentLogicTests.xctest/Contents (in target 'PaperloftIntentLogicTests' from project 'Paperloft')
    cd /Users/builder/Factory/paperloft-intents
    /bin/mkdir -p /Users/builder/Factory/paperloft-intents/build/IntentsIntegrationDerivedData/Build/Products/Debug/PaperloftIntentLogicTests.xctest/Contents

MkDir /Users/builder/Factory/paperloft-intents/build/IntentsIntegrationDerivedData/Build/Products/Debug/PaperloftIntentLogicTests.xctest/Contents/MacOS (in target 'PaperloftIntentLogicTests' from project 'Paperloft')
    cd /Users/builder/Factory/paperloft-intents
    /bin/mkdir -p /Users/builder/Factory/paperloft-intents/build/IntentsIntegrationDerivedData/Build/Products/Debug/PaperloftIntentLogicTests.xctest/Contents/MacOS

MkDir /Users/builder/Factory/paperloft-intents/build/IntentsIntegrationDerivedData/Build/Products/Debug/PaperloftIntentLogicTests.xctest (in target 'PaperloftIntentLogicTests' from project 'Paperloft')
    cd /Users/builder/Factory/paperloft-intents
    /bin/mkdir -p /Users/builder/Factory/paperloft-intents/build/IntentsIntegrationDerivedData/Build/Products/Debug/PaperloftIntentLogicTests.xctest

MkDir /Users/builder/Factory/paperloft-intents/build/IntentsIntegrationDerivedData/Build/Products/Debug/Paperloft\ Receipts.app/Contents/Resources (in target 'PaperloftApp' from project 'Paperloft')
    cd /Users/builder/Factory/paperloft-intents
    /bin/mkdir -p /Users/builder/Factory/paperloft-intents/build/IntentsIntegrationDerivedData/Build/Products/Debug/Paperloft\ Receipts.app/Contents/Resources

MkDir /Users/builder/Factory/paperloft-intents/build/IntentsIntegrationDerivedData/Build/Products/Debug/Paperloft\ Receipts.app/Contents/MacOS (in target 'PaperloftApp' from project 'Paperloft')
    cd /Users/builder/Factory/paperloft-intents
    /bin/mkdir -p /Users/builder/Factory/paperloft-intents/build/IntentsIntegrationDerivedData/Build/Products/Debug/Paperloft\ Receipts.app/Contents/MacOS

MkDir /Users/builder/Factory/paperloft-intents/build/IntentsIntegrationDerivedData/Build/Products/Debug/Paperloft\ Receipts.app (in target 'PaperloftApp' from project 'Paperloft')
    cd /Users/builder/Factory/paperloft-intents
    /bin/mkdir -p /Users/builder/Factory/paperloft-intents/build/IntentsIntegrationDerivedData/Build/Products/Debug/Paperloft\ Receipts.app

MkDir /Users/builder/Factory/paperloft-intents/build/IntentsIntegrationDerivedData/Build/Products/Debug/Paperloft\ Receipts.app/Contents (in target 'PaperloftApp' from project 'Paperloft')
    cd /Users/builder/Factory/paperloft-intents
    /bin/mkdir -p /Users/builder/Factory/paperloft-intents/build/IntentsIntegrationDerivedData/Build/Products/Debug/Paperloft\ Receipts.app/Contents

SwiftDriver PaperloftKit normal arm64 com.apple.xcode.tools.swift.compiler (in target 'PaperloftKit' from project 'PaperloftKit')
    cd /Users/builder/Factory/paperloft-intents/Paperloft.xcodeproj
    builtin-SwiftDriver -- /Applications/Xcode.app/Contents/Developer/Toolchains/XcodeDefault.xctoolchain/usr/bin/swiftc -parse-as-library -module-name PaperloftKit -Onone @/Users/builder/Factory/paperloft-intents/build/IntentsIntegrationDerivedData/Build/Intermediates.noindex/PaperloftKit.build/Debug/PaperloftKit-t.build/Objects-normal/arm64/PaperloftKit.SwiftFileList -DSWIFT_PACKAGE -DDEBUG -DSWIFT_MODULE_RESOURCE_BUNDLE_UNAVAILABLE -DXcode -plugin-path /Applications/Xcode.app/Contents/Developer/Toolchains/XcodeDefault.xctoolchain/usr/lib/swift/host/plugins/testing -enable-experimental-feature DebugDescriptionMacro -sdk /Applications/Xcode.app/Contents/Developer/Platforms/MacOSX.platform/Developer/SDKs/MacOSX27.0.sdk -target arm64-apple-macos27.0 -g -module-cache-path /Users/builder/Factory/paperloft-intents/build/IntentsIntegrationDerivedData/ModuleCache.noindex -Xfrontend -serialize-debugging-options -profile-coverage-mapping -profile-generate -enable-testing -index-store-path /Users/builder/Factory/paperloft-intents/build/IntentsIntegrationDerivedData/Index.noindex/DataStore -Xcc -D_LIBCPP_HARDENING_MODE\=_LIBCPP_HARDENING_MODE_DEBUG -swift-version 6 -I /Users/builder/Factory/paperloft-intents/build/IntentsIntegrationDerivedData/Build/Products/Debug -Isystem /Applications/Xcode.app/Contents/Developer/Platforms/MacOSX.platform/Developer/usr/lib -F /Users/builder/Factory/paperloft-intents/build/IntentsIntegrationDerivedData/Build/Products/Debug -F /Applications/Xcode.app/Contents/Developer/Platforms/MacOSX.platform/Developer/Library/Frameworks -c -j10 -enable-batch-mode -incremental -Xcc -ivfsstatcache -Xcc /Users/builder/Factory/paperloft-intents/build/IntentsIntegrationDerivedData/SDKStatCaches.noindex/macosx27.0-26A425-7231f6df4def33e022ae2eb8f782df1a.sdkstatcache -output-file-map /Users/builder/Factory/paperloft-intents/build/IntentsIntegrationDerivedData/Build/Intermediates.noindex/PaperloftKit.build/Debug/PaperloftKit-t.build/Objects-normal/arm64/PaperloftKit-OutputFileMap.json -save-temps -no-color-diagnostics -explicit-module-build -module-cache-path /Users/builder/Factory/paperloft-intents/build/IntentsIntegrationDerivedData/Build/Intermediates.noindex/SwiftExplicitPrecompiledModules -clang-scanner-module-cache-path /Users/builder/Factory/paperloft-intents/build/IntentsIntegrationDerivedData/ModuleCache.noindex -sdk-module-cache-path /Users/builder/Factory/paperloft-intents/build/IntentsIntegrationDerivedData/SDKExplicitPrecompiledModules -emit-dependencies -emit-module -emit-module-path /Users/builder/Factory/paperloft-intents/build/IntentsIntegrationDerivedData/Build/Intermediates.noindex/PaperloftKit.build/Debug/PaperloftKit-t.build/Objects-normal/arm64/PaperloftKit.swiftmodule -serialize-diagnostics -dependency-scan-serialize-diagnostics-path /Users/builder/Factory/paperloft-intents/build/IntentsIntegrationDerivedData/Build/Intermediates.noindex/PaperloftKit.build/Debug/PaperloftKit-t.build/Objects-normal/arm64/PaperloftKit-dependency-scan.dia -validate-clang-modules-once -clang-build-session-file /Users/builder/Factory/paperloft-intents/build/IntentsIntegrationDerivedData/ModuleCache.noindex/Session.modulevalidation -Xcc -fmodules-prune-interval\=86400 -Xcc -fmodules-prune-after\=345600 -package-name paperloftkit -emit-const-values -const-gather-protocols-list /Users/builder/Factory/paperloft-intents/build/IntentsIntegrationDerivedData/Build/Intermediates.noindex/PaperloftKit.build/Debug/PaperloftKit-t.build/Objects-normal/arm64/PaperloftKit_const_extract_protocols.json -Xcc -I/Users/builder/Factory/paperloft-intents/build/IntentsIntegrationDerivedData/Build/Products/Debug/include -Xcc -I/Users/builder/Factory/paperloft-intents/build/IntentsIntegrationDerivedData/Build/Intermediates.noindex/PaperloftKit.build/Debug/PaperloftKit-t.build/DerivedSources-normal/arm64 -Xcc -I/Users/builder/Factory/paperloft-intents/build/IntentsIntegrationDerivedData/Build/Intermediates.noindex/PaperloftKit.build/Debug/PaperloftKit-t.build/DerivedSources/arm64 -Xcc -I/Users/builder/Factory/paperloft-intents/build/IntentsIntegrationDerivedData/Build/Intermediates.noindex/PaperloftKit.build/Debug/PaperloftKit-t.build/DerivedSources -Xcc -DSWIFT_PACKAGE -Xcc -DDEBUG\=1 -emit-objc-header -emit-objc-header-path /Users/builder/Factory/paperloft-intents/build/IntentsIntegrationDerivedData/Build/Intermediates.noindex/PaperloftKit.build/Debug/PaperloftKit-t.build/Objects-normal/arm64/PaperloftKit-Swift.h -working-directory /Users/builder/Factory/paperloft-intents/Paperloft.xcodeproj -experimental-emit-module-separately -disable-cmo

SwiftExplicitDependencyGeneratePcm arm64 /Users/builder/Factory/paperloft-intents/build/IntentsIntegrationDerivedData/SDKExplicitPrecompiledModules/_Builtin_stddef-CZE77QOGNJ1JJRIW36EI1M63B.pcm

SwiftExplicitDependencyGeneratePcm arm64 /Users/builder/Factory/paperloft-intents/build/IntentsIntegrationDerivedData/SDKExplicitPrecompiledModules/_AvailabilityInternal-B6HXANE3UTLR1YJZOX7BVTAYD.pcm

SwiftExplicitDependencyGeneratePcm arm64 /Users/builder/Factory/paperloft-intents/build/IntentsIntegrationDerivedData/SDKExplicitPrecompiledModules/_Builtin_float-2SCVJEF9XR7JCU97YXZ2ONU6U.pcm

SwiftExplicitDependencyGeneratePcm arm64 /Users/builder/Factory/paperloft-intents/build/IntentsIntegrationDerivedData/SDKExplicitPrecompiledModules/_Builtin_stdarg-6U2EI63AHV5J5ULRTMGE2AABX.pcm

SwiftExplicitDependencyGeneratePcm arm64 /Users/builder/Factory/paperloft-intents/build/IntentsIntegrationDerivedData/SDKExplicitPrecompiledModules/_SwiftConcurrencyShims-762EW6406NJK2ENBCO5RHUEAP.pcm

SwiftExplicitDependencyGeneratePcm arm64 /Users/builder/Factory/paperloft-intents/build/IntentsIntegrationDerivedData/SDKExplicitPrecompiledModules/ptrcheck-E26NGMVSDX8TVF40WWXO5XF0K.pcm

SwiftExplicitDependencyGeneratePcm arm64 /Users/builder/Factory/paperloft-intents/build/IntentsIntegrationDerivedData/SDKExplicitPrecompiledModules/SwiftShims-CJWM7VVVIXR9UQNQGL58HGZAO.pcm

SwiftExplicitDependencyGeneratePcm arm64 /Users/builder/Factory/paperloft-intents/build/IntentsIntegrationDerivedData/SDKExplicitPrecompiledModules/_Builtin_stdbool-BCT935YZQJYWPE6KP7IB0IAL4.pcm

SwiftExplicitDependencyGeneratePcm arm64 /Users/builder/Factory/paperloft-intents/build/IntentsIntegrationDerivedData/SDKExplicitPrecompiledModules/ptrauth-387IMMDR383VHK74BVD0C7NE3.pcm

SwiftExplicitDependencyGeneratePcm arm64 /Users/builder/Factory/paperloft-intents/build/IntentsIntegrationDerivedData/SDKExplicitPrecompiledModules/_DarwinFoundation1-93ADMIEMDF6TY8H6ZDNU3P24A.pcm

SwiftExplicitDependencyGeneratePcm arm64 /Users/builder/Factory/paperloft-intents/build/IntentsIntegrationDerivedData/SDKExplicitPrecompiledModules/_Builtin_limits-11NDWJQW4DBC75EPCHGDF8I3D.pcm

SwiftExplicitDependencyGeneratePcm arm64 /Users/builder/Factory/paperloft-intents/build/IntentsIntegrationDerivedData/SDKExplicitPrecompiledModules/_DarwinFoundation2-K42Z8YGHPO04798ILXUP1JUI.pcm

SwiftExplicitDependencyGeneratePcm arm64 /Users/builder/Factory/paperloft-intents/build/IntentsIntegrationDerivedData/SDKExplicitPrecompiledModules/sys_types-CAEG4TKV0GFQEESZ3CFXAILRJ.pcm

SwiftExplicitDependencyGeneratePcm arm64 /Users/builder/Factory/paperloft-intents/build/IntentsIntegrationDerivedData/SDKExplicitPrecompiledModules/string_h-2XAWWN3Q8CPUEPKUTM61EHJZB.pcm

SwiftExplicitDependencyGeneratePcm arm64 /Users/builder/Factory/paperloft-intents/build/IntentsIntegrationDerivedData/SDKExplicitPrecompiledModules/_Builtin_tgmath-F4UGILZL8O1U12PKVVYP17GMR.pcm

SwiftExplicitDependencyGeneratePcm arm64 /Users/builder/Factory/paperloft-intents/build/IntentsIntegrationDerivedData/SDKExplicitPrecompiledModules/_Builtin_stdint-4UHIGD9KHRQTH6QIR8KB7AKIV.pcm

SwiftExplicitDependencyGeneratePcm arm64 /Users/builder/Factory/paperloft-intents/build/IntentsIntegrationDerivedData/SDKExplicitPrecompiledModules/libDER-DML7B24E8R9U2R38A2FUH0F81.pcm

SwiftExplicitDependencyGeneratePcm arm64 /Users/builder/Factory/paperloft-intents/build/IntentsIntegrationDerivedData/SDKExplicitPrecompiledModules/_Builtin_intrinsics-1OEYND4096O0QE9C5XZT4SIUU.pcm

SwiftExplicitDependencyGeneratePcm arm64 /Users/builder/Factory/paperloft-intents/build/IntentsIntegrationDerivedData/SDKExplicitPrecompiledModules/_DarwinFoundation3-2A89PG7FDQJ07CEQBTGAXQMIL.pcm

SwiftExplicitDependencyGeneratePcm arm64 /Users/builder/Factory/paperloft-intents/build/IntentsIntegrationDerivedData/SDKExplicitPrecompiledModules/_Builtin_stdatomic-Y9KPNCMSGA5WB5TEDXOCNGF0.pcm

SwiftExplicitDependencyGeneratePcm arm64 /Users/builder/Factory/paperloft-intents/build/IntentsIntegrationDerivedData/SDKExplicitPrecompiledModules/_Builtin_inttypes-DIXLMSWKQTJ4YRJH93T82YA7Z.pcm

SwiftExplicitDependencyGeneratePcm arm64 /Users/builder/Factory/paperloft-intents/build/IntentsIntegrationDerivedData/SDKExplicitPrecompiledModules/Darwin-A3SFF1H980QUU2WF06B22F3ZG.pcm

SwiftExplicitDependencyGeneratePcm arm64 /Users/builder/Factory/paperloft-intents/build/IntentsIntegrationDerivedData/SDKExplicitPrecompiledModules/simd-1ZYGJ42KJP9AKK2PO8SKBWZC9.pcm

SwiftExplicitDependencyGeneratePcm arm64 /Users/builder/Factory/paperloft-intents/build/IntentsIntegrationDerivedData/SDKExplicitPrecompiledModules/libkern-2RX3FEP2NZVYOZU709GNNOR2M.pcm

SwiftExplicitDependencyGeneratePcm arm64 /Users/builder/Factory/paperloft-intents/build/IntentsIntegrationDerivedData/SDKExplicitPrecompiledModules/Compression-CNX3KZEH3STV7KG7ZEUP0XAUL.pcm

SwiftExplicitDependencyGeneratePcm arm64 /Users/builder/Factory/paperloft-intents/build/IntentsIntegrationDerivedData/SDKExplicitPrecompiledModules/MachO-1KJQY0C1YC8RMZA52L3NT91V.pcm

SwiftExplicitDependencyGeneratePcm arm64 /Users/builder/Factory/paperloft-intents/build/IntentsIntegrationDerivedData/SDKExplicitPrecompiledModules/CUPS-AJ1JQV0IH798F8RTOFO6Z4JBJ.pcm

SwiftExplicitDependencyGeneratePcm arm64 /Users/builder/Factory/paperloft-intents/build/IntentsIntegrationDerivedData/SDKExplicitPrecompiledModules/launch-E3VT2UCVMDI4MPKI1J897YG0L.pcm

SwiftExplicitDependencyGeneratePcm arm64 /Users/builder/Factory/paperloft-intents/build/IntentsIntegrationDerivedData/SDKExplicitPrecompiledModules/ObjectiveC-C0U1MZ0RBPNGQPT1T3SVR18V0.pcm

SwiftExplicitDependencyGeneratePcm arm64 /Users/builder/Factory/paperloft-intents/build/IntentsIntegrationDerivedData/SDKExplicitPrecompiledModules/os_object-2QI371QMIG9BU9X6DAI9QC0XA.pcm

SwiftExplicitDependencyGeneratePcm arm64 /Users/builder/Factory/paperloft-intents/build/IntentsIntegrationDerivedData/SDKExplicitPrecompiledModules/os_workgroup-38SXX4SYCWOJE180NVUJVQPX.pcm

SwiftExplicitDependencyGeneratePcm arm64 /Users/builder/Factory/paperloft-intents/build/IntentsIntegrationDerivedData/SDKExplicitPrecompiledModules/Dispatch-2P913NJV2GDSFGAR30JXHGGK.pcm

SwiftExplicitDependencyGeneratePcm arm64 /Users/builder/Factory/paperloft-intents/build/IntentsIntegrationDerivedData/SDKExplicitPrecompiledModules/CoreFoundation-1JSL3Y248ODWX5JQE7BMG7W2R.pcm

SwiftExplicitDependencyGeneratePcm arm64 /Users/builder/Factory/paperloft-intents/build/IntentsIntegrationDerivedData/SDKExplicitPrecompiledModules/XPC-2BHZDXB48OD9PGT8S6L88B38U.pcm

SwiftExplicitDependencyGeneratePcm arm64 /Users/builder/Factory/paperloft-intents/build/IntentsIntegrationDerivedData/SDKExplicitPrecompiledModules/os-CDB85T5SZY6PII63M43HB3JLF.pcm

SwiftExplicitDependencyGeneratePcm arm64 /Users/builder/Factory/paperloft-intents/build/IntentsIntegrationDerivedData/SDKExplicitPrecompiledModules/IOKit-8KPR7S1LH5KVSQ77PI4MK8AEA.pcm

SwiftExplicitDependencyGeneratePcm arm64 /Users/builder/Factory/paperloft-intents/build/IntentsIntegrationDerivedData/SDKExplicitPrecompiledModules/CoreAudioTypes-DN74AJ6W6A8F95L968RAK0R4D.pcm

SwiftExplicitDependencyGeneratePcm arm64 /Users/builder/Factory/paperloft-intents/build/IntentsIntegrationDerivedData/SDKExplicitPrecompiledModules/ColorSync-4776OB9AGEMFA7LKN8RSPNQQG.pcm

SwiftExplicitDependencyGeneratePcm arm64 /Users/builder/Factory/paperloft-intents/build/IntentsIntegrationDerivedData/SDKExplicitPrecompiledModules/CFNetwork-EIPADFQMEYEJUFQTVLF0FVQJE.pcm

SwiftExplicitDependencyGeneratePcm arm64 /Users/builder/Factory/paperloft-intents/build/IntentsIntegrationDerivedData/SDKExplicitPrecompiledModules/Security-4BZRW7PPWWHWAGAQKSE7GG0W4.pcm

SwiftExplicitDependencyGeneratePcm arm64 /Users/builder/Factory/paperloft-intents/build/IntentsIntegrationDerivedData/SDKExplicitPrecompiledModules/CoreGraphics-4NDN31Z95O74UHWQ1ZBXXPX2Z.pcm

SwiftExplicitDependencyGeneratePcm arm64 /Users/builder/Factory/paperloft-intents/build/IntentsIntegrationDerivedData/SDKExplicitPrecompiledModules/DiskArbitration-49E3ADFKZD5RTXDRS88T2QVU0.pcm

SwiftExplicitDependencyGeneratePcm arm64 /Users/builder/Factory/paperloft-intents/build/IntentsIntegrationDerivedData/SDKExplicitPrecompiledModules/CoreServices-CTY8ZVANG4MJYJ9MMTW9UE2VM.pcm

SwiftExplicitDependencyGeneratePcm arm64 /Users/builder/Factory/paperloft-intents/build/IntentsIntegrationDerivedData/SDKExplicitPrecompiledModules/CoreText-BYGVRTZY1VIE4M4PY8FXJ3LTJ.pcm

SwiftExplicitDependencyGeneratePcm arm64 /Users/builder/Factory/paperloft-intents/build/IntentsIntegrationDerivedData/SDKExplicitPrecompiledModules/ImageIO-2D560GOQ4XWZ0U5C21Z2VDDA5.pcm

SwiftExplicitDependencyGeneratePcm arm64 /Users/builder/Factory/paperloft-intents/build/IntentsIntegrationDerivedData/SDKExplicitPrecompiledModules/Foundation-WVX15LQ8KJVG0ENJV3A20Q1Z.pcm

SwiftExplicitDependencyGeneratePcm arm64 /Users/builder/Factory/paperloft-intents/build/IntentsIntegrationDerivedData/SDKExplicitPrecompiledModules/LocalAuthentication-A5OTRE3ZEK1NO3CO9EKVWMU1W.pcm

SwiftExplicitDependencyGeneratePcm arm64 /Users/builder/Factory/paperloft-intents/build/IntentsIntegrationDerivedData/SDKExplicitPrecompiledModules/CoreAudio-1E1OYR5FGRSWXKYSHFJPKPGNA.pcm

SwiftExplicitDependencyGeneratePcm arm64 /Users/builder/Factory/paperloft-intents/build/IntentsIntegrationDerivedData/SDKExplicitPrecompiledModules/ApplicationServices-5KZHBE0W3SQP7PQ811EGZ0Z09.pcm

SwiftExplicitDependencyGeneratePcm arm64 /Users/builder/Factory/paperloft-intents/build/IntentsIntegrationDerivedData/SDKExplicitPrecompiledModules/IOSurface-2EEXSP59NYZXO74NDS6SAI3JA.pcm

SwiftExplicitDependencyGeneratePcm arm64 /Users/builder/Factory/paperloft-intents/build/IntentsIntegrationDerivedData/SDKExplicitPrecompiledModules/CoreMIDI-6PYKZO5UJW8WEL5JFQ5Q2PHV8.pcm

SwiftExplicitDependencyGeneratePcm arm64 /Users/builder/Factory/paperloft-intents/build/IntentsIntegrationDerivedData/SDKExplicitPrecompiledModules/DataDetection-134UVH5D4CJ45ADUINKG8HKN3.pcm

SwiftExplicitDependencyGeneratePcm arm64 /Users/builder/Factory/paperloft-intents/build/IntentsIntegrationDerivedData/SDKExplicitPrecompiledModules/UniformTypeIdentifiers-COT4K10GFFXF41PGC73V0SSGR.pcm

SwiftExplicitDependencyGeneratePcm arm64 /Users/builder/Factory/paperloft-intents/build/IntentsIntegrationDerivedData/SDKExplicitPrecompiledModules/OpenGL-5V5RA1EXYPCU6VPMP47O29LEC.pcm

SwiftExplicitDependencyGeneratePcm arm64 /Users/builder/Factory/paperloft-intents/build/IntentsIntegrationDerivedData/SDKExplicitPrecompiledModules/Metal-26POUPB7OH9FY6CRST0NG7O5N.pcm

SwiftExplicitDependencyGeneratePcm arm64 /Users/builder/Factory/paperloft-intents/build/IntentsIntegrationDerivedData/SDKExplicitPrecompiledModules/Carbon-D4P3RUK1LMD4M48VIMCH9GR02.pcm

SwiftExplicitDependencyGeneratePcm arm64 /Users/builder/Factory/paperloft-intents/build/IntentsIntegrationDerivedData/SDKExplicitPrecompiledModules/CoreVideo-158I9LHLBFMH9MAX2349AHTQM.pcm

SwiftExplicitDependencyGeneratePcm arm64 /Users/builder/Factory/paperloft-intents/build/IntentsIntegrationDerivedData/SDKExplicitPrecompiledModules/AudioToolbox-6PYNAVXL2YC3UB72SNFCB50.pcm

SwiftExplicitDependencyGeneratePcm arm64 /Users/builder/Factory/paperloft-intents/build/IntentsIntegrationDerivedData/SDKExplicitPrecompiledModules/QuartzCore-4BQB9PBJYCVCNKBCJRX983QUI.pcm

SwiftExplicitDependencyGeneratePcm arm64 /Users/builder/Factory/paperloft-intents/build/IntentsIntegrationDerivedData/SDKExplicitPrecompiledModules/Accelerate-94KWB837RWMT74FAQME1OBET2.pcm

SwiftExplicitDependencyGeneratePcm arm64 /Users/builder/Factory/paperloft-intents/build/IntentsIntegrationDerivedData/SDKExplicitPrecompiledModules/CoreImage-1FZBGS4N86KEQKFXDUOLWN6IJ.pcm

SwiftExplicitDependencyGeneratePcm arm64 /Users/builder/Factory/paperloft-intents/build/IntentsIntegrationDerivedData/SDKExplicitPrecompiledModules/CoreML-1VV1ROFWTUHAQVV2BLN08UUH0.pcm

SwiftExplicitDependencyGeneratePcm arm64 /Users/builder/Factory/paperloft-intents/build/IntentsIntegrationDerivedData/SDKExplicitPrecompiledModules/CoreMedia-5TTKRHOH2QAKHK06F7F327UAJ.pcm

SwiftExplicitDependencyGeneratePcm arm64 /Users/builder/Factory/paperloft-intents/build/IntentsIntegrationDerivedData/SDKExplicitPrecompiledModules/AVFAudio-9FGKFOIISG9H2T01OYC2H79G7.pcm

SwiftExplicitDependencyGeneratePcm arm64 /Users/builder/Factory/paperloft-intents/build/IntentsIntegrationDerivedData/SDKExplicitPrecompiledModules/VideoToolbox-5X6AVJPVEEIKZ4PODXSGKO49F.pcm

SwiftExplicitDependencyGeneratePcm arm64 /Users/builder/Factory/paperloft-intents/build/IntentsIntegrationDerivedData/SDKExplicitPrecompiledModules/MediaToolbox-2288X8UIDRQEX8DXDP0YBGXCO.pcm

SwiftExplicitDependencyGeneratePcm arm64 /Users/builder/Factory/paperloft-intents/build/IntentsIntegrationDerivedData/SDKExplicitPrecompiledModules/Vision-9OM0IZPPA7Z92LIT5UX5G9O0.pcm

SwiftExplicitDependencyGeneratePcm arm64 /Users/builder/Factory/paperloft-intents/build/IntentsIntegrationDerivedData/SDKExplicitPrecompiledModules/AVFoundation-36T8F6O9HWECJBXZ8QS02WJ2J.pcm

SwiftEmitModule normal arm64 Emitting\ module\ for\ PaperloftKit (in target 'PaperloftKit' from project 'PaperloftKit')

SwiftCompile normal arm64 (in target 'PaperloftKit' from project 'PaperloftKit')
    cd /Users/builder/Factory/paperloft-intents/Paperloft.xcodeproj
    

SwiftCompile normal arm64 Compiling\ ReceiptIndex.swift /Users/builder/Factory/paperloft-intents/Packages/PaperloftKit/Sources/PaperloftKit/ReceiptIndex.swift (in target 'PaperloftKit' from project 'PaperloftKit')

SwiftCompile normal arm64 /Users/builder/Factory/paperloft-intents/Packages/PaperloftKit/Sources/PaperloftKit/ReceiptIndex.swift (in target 'PaperloftKit' from project 'PaperloftKit')
    cd /Users/builder/Factory/paperloft-intents/Paperloft.xcodeproj
    builtin-SwiftPerFileCompile ReceiptIndex.swift

SwiftCompile normal arm64 Compiling\ TextLayout.swift /Users/builder/Factory/paperloft-intents/Packages/PaperloftKit/Sources/PaperloftKit/TextLayout.swift (in target 'PaperloftKit' from project 'PaperloftKit')

SwiftCompile normal arm64 /Users/builder/Factory/paperloft-intents/Packages/PaperloftKit/Sources/PaperloftKit/TextLayout.swift (in target 'PaperloftKit' from project 'PaperloftKit')
    cd /Users/builder/Factory/paperloft-intents/Paperloft.xcodeproj
    builtin-SwiftPerFileCompile TextLayout.swift

SwiftCompile normal arm64 Compiling\ Money.swift /Users/builder/Factory/paperloft-intents/Packages/PaperloftKit/Sources/PaperloftKit/Money.swift (in target 'PaperloftKit' from project 'PaperloftKit')

SwiftCompile normal arm64 /Users/builder/Factory/paperloft-intents/Packages/PaperloftKit/Sources/PaperloftKit/Money.swift (in target 'PaperloftKit' from project 'PaperloftKit')
    cd /Users/builder/Factory/paperloft-intents/Paperloft.xcodeproj
    builtin-SwiftPerFileCompile Money.swift

SwiftCompile normal arm64 Compiling\ ReceiptNameTemplate.swift /Users/builder/Factory/paperloft-intents/Packages/PaperloftKit/Sources/PaperloftKit/ReceiptNameTemplate.swift (in target 'PaperloftKit' from project 'PaperloftKit')

SwiftCompile normal arm64 /Users/builder/Factory/paperloft-intents/Packages/PaperloftKit/Sources/PaperloftKit/ReceiptNameTemplate.swift (in target 'PaperloftKit' from project 'PaperloftKit')
    cd /Users/builder/Factory/paperloft-intents/Paperloft.xcodeproj
    builtin-SwiftPerFileCompile ReceiptNameTemplate.swift

SwiftCompile normal arm64 Compiling\ Receipt.swift /Users/builder/Factory/paperloft-intents/Packages/PaperloftKit/Sources/PaperloftKit/Receipt.swift (in target 'PaperloftKit' from project 'PaperloftKit')

SwiftCompile normal arm64 /Users/builder/Factory/paperloft-intents/Packages/PaperloftKit/Sources/PaperloftKit/Receipt.swift (in target 'PaperloftKit' from project 'PaperloftKit')
    cd /Users/builder/Factory/paperloft-intents/Paperloft.xcodeproj
    builtin-SwiftPerFileCompile Receipt.swift

SwiftCompile normal arm64 Compiling\ LibraryFiles.swift,\ LibraryStore.swift /Users/builder/Factory/paperloft-intents/Packages/PaperloftKit/Sources/PaperloftKit/LibraryFiles.swift /Users/builder/Factory/paperloft-intents/Packages/PaperloftKit/Sources/PaperloftKit/LibraryStore.swift (in target 'PaperloftKit' from project 'PaperloftKit')

SwiftCompile normal arm64 /Users/builder/Factory/paperloft-intents/Packages/PaperloftKit/Sources/PaperloftKit/LibraryFiles.swift (in target 'PaperloftKit' from project 'PaperloftKit')
    cd /Users/builder/Factory/paperloft-intents/Paperloft.xcodeproj
    builtin-SwiftPerFileCompile LibraryFiles.swift

SwiftCompile normal arm64 /Users/builder/Factory/paperloft-intents/Packages/PaperloftKit/Sources/PaperloftKit/LibraryStore.swift (in target 'PaperloftKit' from project 'PaperloftKit')
    cd /Users/builder/Factory/paperloft-intents/Paperloft.xcodeproj
    builtin-SwiftPerFileCompile LibraryStore.swift

SwiftCompile normal arm64 Compiling\ AccountantPack.swift,\ Assessment.swift /Users/builder/Factory/paperloft-intents/Packages/PaperloftKit/Sources/PaperloftKit/AccountantPack.swift /Users/builder/Factory/paperloft-intents/Packages/PaperloftKit/Sources/PaperloftKit/Assessment.swift (in target 'PaperloftKit' from project 'PaperloftKit')

SwiftCompile normal arm64 /Users/builder/Factory/paperloft-intents/Packages/PaperloftKit/Sources/PaperloftKit/AccountantPack.swift (in target 'PaperloftKit' from project 'PaperloftKit')
    cd /Users/builder/Factory/paperloft-intents/Paperloft.xcodeproj
    builtin-SwiftPerFileCompile AccountantPack.swift

SwiftCompile normal arm64 /Users/builder/Factory/paperloft-intents/Packages/PaperloftKit/Sources/PaperloftKit/Assessment.swift (in target 'PaperloftKit' from project 'PaperloftKit')
    cd /Users/builder/Factory/paperloft-intents/Paperloft.xcodeproj
    builtin-SwiftPerFileCompile Assessment.swift

SwiftCompile normal arm64 Compiling\ Extraction.swift,\ LibraryAccess.swift /Users/builder/Factory/paperloft-intents/Packages/PaperloftKit/Sources/PaperloftKit/Extraction.swift /Users/builder/Factory/paperloft-intents/Packages/PaperloftKit/Sources/PaperloftKit/LibraryAccess.swift (in target 'PaperloftKit' from project 'PaperloftKit')

SwiftCompile normal arm64 /Users/builder/Factory/paperloft-intents/Packages/PaperloftKit/Sources/PaperloftKit/Extraction.swift (in target 'PaperloftKit' from project 'PaperloftKit')
    cd /Users/builder/Factory/paperloft-intents/Paperloft.xcodeproj
    builtin-SwiftPerFileCompile Extraction.swift

SwiftCompile normal arm64 /Users/builder/Factory/paperloft-intents/Packages/PaperloftKit/Sources/PaperloftKit/LibraryAccess.swift (in target 'PaperloftKit' from project 'PaperloftKit')
    cd /Users/builder/Factory/paperloft-intents/Paperloft.xcodeproj
    builtin-SwiftPerFileCompile LibraryAccess.swift

SwiftCompile normal arm64 Compiling\ Recognize.swift /Users/builder/Factory/paperloft-intents/Packages/PaperloftKit/Sources/PaperloftKit/Recognize.swift (in target 'PaperloftKit' from project 'PaperloftKit')

SwiftCompile normal arm64 /Users/builder/Factory/paperloft-intents/Packages/PaperloftKit/Sources/PaperloftKit/Recognize.swift (in target 'PaperloftKit' from project 'PaperloftKit')
    cd /Users/builder/Factory/paperloft-intents/Paperloft.xcodeproj
    builtin-SwiftPerFileCompile Recognize.swift

SwiftCompile normal arm64 Compiling\ ReceiptEngine.swift /Users/builder/Factory/paperloft-intents/Packages/PaperloftKit/Sources/PaperloftKit/ReceiptEngine.swift (in target 'PaperloftKit' from project 'PaperloftKit')

SwiftCompile normal arm64 /Users/builder/Factory/paperloft-intents/Packages/PaperloftKit/Sources/PaperloftKit/ReceiptEngine.swift (in target 'PaperloftKit' from project 'PaperloftKit')
    cd /Users/builder/Factory/paperloft-intents/Paperloft.xcodeproj
    builtin-SwiftPerFileCompile ReceiptEngine.swift

SwiftDriverJobDiscovery normal arm64 Emitting module for PaperloftKit (in target 'PaperloftKit' from project 'PaperloftKit')

SwiftDriver\ Compilation\ Requirements PaperloftKit normal arm64 com.apple.xcode.tools.swift.compiler (in target 'PaperloftKit' from project 'PaperloftKit')
    cd /Users/builder/Factory/paperloft-intents/Paperloft.xcodeproj
    builtin-Swift-Compilation-Requirements -- /Applications/Xcode.app/Contents/Developer/Toolchains/XcodeDefault.xctoolchain/usr/bin/swiftc -parse-as-library -module-name PaperloftKit -Onone @/Users/builder/Factory/paperloft-intents/build/IntentsIntegrationDerivedData/Build/Intermediates.noindex/PaperloftKit.build/Debug/PaperloftKit-t.build/Objects-normal/arm64/PaperloftKit.SwiftFileList -DSWIFT_PACKAGE -DDEBUG -DSWIFT_MODULE_RESOURCE_BUNDLE_UNAVAILABLE -DXcode -plugin-path /Applications/Xcode.app/Contents/Developer/Toolchains/XcodeDefault.xctoolchain/usr/lib/swift/host/plugins/testing -enable-experimental-feature DebugDescriptionMacro -sdk /Applications/Xcode.app/Contents/Developer/Platforms/MacOSX.platform/Developer/SDKs/MacOSX27.0.sdk -target arm64-apple-macos27.0 -g -module-cache-path /Users/builder/Factory/paperloft-intents/build/IntentsIntegrationDerivedData/ModuleCache.noindex -Xfrontend -serialize-debugging-options -profile-coverage-mapping -profile-generate -enable-testing -index-store-path /Users/builder/Factory/paperloft-intents/build/IntentsIntegrationDerivedData/Index.noindex/DataStore -Xcc -D_LIBCPP_HARDENING_MODE\=_LIBCPP_HARDENING_MODE_DEBUG -swift-version 6 -I /Users/builder/Factory/paperloft-intents/build/IntentsIntegrationDerivedData/Build/Products/Debug -Isystem /Applications/Xcode.app/Contents/Developer/Platforms/MacOSX.platform/Developer/usr/lib -F /Users/builder/Factory/paperloft-intents/build/IntentsIntegrationDerivedData/Build/Products/Debug -F /Applications/Xcode.app/Contents/Developer/Platforms/MacOSX.platform/Developer/Library/Frameworks -c -j10 -enable-batch-mode -incremental -Xcc -ivfsstatcache -Xcc /Users/builder/Factory/paperloft-intents/build/IntentsIntegrationDerivedData/SDKStatCaches.noindex/macosx27.0-26A425-7231f6df4def33e022ae2eb8f782df1a.sdkstatcache -output-file-map /Users/builder/Factory/paperloft-intents/build/IntentsIntegrationDerivedData/Build/Intermediates.noindex/PaperloftKit.build/Debug/PaperloftKit-t.build/Objects-normal/arm64/PaperloftKit-OutputFileMap.json -save-temps -no-color-diagnostics -explicit-module-build -module-cache-path /Users/builder/Factory/paperloft-intents/build/IntentsIntegrationDerivedData/Build/Intermediates.noindex/SwiftExplicitPrecompiledModules -clang-scanner-module-cache-path /Users/builder/Factory/paperloft-intents/build/IntentsIntegrationDerivedData/ModuleCache.noindex -sdk-module-cache-path /Users/builder/Factory/paperloft-intents/build/IntentsIntegrationDerivedData/SDKExplicitPrecompiledModules -emit-dependencies -emit-module -emit-module-path /Users/builder/Factory/paperloft-intents/build/IntentsIntegrationDerivedData/Build/Intermediates.noindex/PaperloftKit.build/Debug/PaperloftKit-t.build/Objects-normal/arm64/PaperloftKit.swiftmodule -serialize-diagnostics -dependency-scan-serialize-diagnostics-path /Users/builder/Factory/paperloft-intents/build/IntentsIntegrationDerivedData/Build/Intermediates.noindex/PaperloftKit.build/Debug/PaperloftKit-t.build/Objects-normal/arm64/PaperloftKit-dependency-scan.dia -validate-clang-modules-once -clang-build-session-file /Users/builder/Factory/paperloft-intents/build/IntentsIntegrationDerivedData/ModuleCache.noindex/Session.modulevalidation -Xcc -fmodules-prune-interval\=86400 -Xcc -fmodules-prune-after\=345600 -package-name paperloftkit -emit-const-values -const-gather-protocols-list /Users/builder/Factory/paperloft-intents/build/IntentsIntegrationDerivedData/Build/Intermediates.noindex/PaperloftKit.build/Debug/PaperloftKit-t.build/Objects-normal/arm64/PaperloftKit_const_extract_protocols.json -Xcc -I/Users/builder/Factory/paperloft-intents/build/IntentsIntegrationDerivedData/Build/Products/Debug/include -Xcc -I/Users/builder/Factory/paperloft-intents/build/IntentsIntegrationDerivedData/Build/Intermediates.noindex/PaperloftKit.build/Debug/PaperloftKit-t.build/DerivedSources-normal/arm64 -Xcc -I/Users/builder/Factory/paperloft-intents/build/IntentsIntegrationDerivedData/Build/Intermediates.noindex/PaperloftKit.build/Debug/PaperloftKit-t.build/DerivedSources/arm64 -Xcc -I/Users/builder/Factory/paperloft-intents/build/IntentsIntegrationDerivedData/Build/Intermediates.noindex/PaperloftKit.build/Debug/PaperloftKit-t.build/DerivedSources -Xcc -DSWIFT_PACKAGE -Xcc -DDEBUG\=1 -emit-objc-header -emit-objc-header-path /Users/builder/Factory/paperloft-intents/build/IntentsIntegrationDerivedData/Build/Intermediates.noindex/PaperloftKit.build/Debug/PaperloftKit-t.build/Objects-normal/arm64/PaperloftKit-Swift.h -working-directory /Users/builder/Factory/paperloft-intents/Paperloft.xcodeproj -experimental-emit-module-separately -disable-cmo

SwiftDriverJobDiscovery normal arm64 Compiling LibraryFiles.swift, LibraryStore.swift (in target 'PaperloftKit' from project 'PaperloftKit')

SwiftDriverJobDiscovery normal arm64 Compiling Money.swift (in target 'PaperloftKit' from project 'PaperloftKit')

SwiftMergeGeneratedHeaders /Users/builder/Factory/paperloft-intents/build/IntentsIntegrationDerivedData/Build/Intermediates.noindex/GeneratedModuleMaps/PaperloftKit-Swift.h /Users/builder/Factory/paperloft-intents/build/IntentsIntegrationDerivedData/Build/Intermediates.noindex/PaperloftKit.build/Debug/PaperloftKit-t.build/Objects-normal/arm64/PaperloftKit-Swift.h (in target 'PaperloftKit' from project 'PaperloftKit')
    cd /Users/builder/Factory/paperloft-intents/Packages/PaperloftKit
    builtin-swiftHeaderTool -arch arm64 /Users/builder/Factory/paperloft-intents/build/IntentsIntegrationDerivedData/Build/Intermediates.noindex/PaperloftKit.build/Debug/PaperloftKit-t.build/Objects-normal/arm64/PaperloftKit-Swift.h -o /Users/builder/Factory/paperloft-intents/build/IntentsIntegrationDerivedData/Build/Intermediates.noindex/GeneratedModuleMaps/PaperloftKit-Swift.h

Copy /Users/builder/Factory/paperloft-intents/build/IntentsIntegrationDerivedData/Build/Products/Debug/PaperloftKit.swiftmodule/arm64-apple-macos.swiftmodule /Users/builder/Factory/paperloft-intents/build/IntentsIntegrationDerivedData/Build/Intermediates.noindex/PaperloftKit.build/Debug/PaperloftKit-t.build/Objects-normal/arm64/PaperloftKit.swiftmodule (in target 'PaperloftKit' from project 'PaperloftKit')
    cd /Users/builder/Factory/paperloft-intents/Packages/PaperloftKit
    builtin-copy -exclude .DS_Store -exclude CVS -exclude .svn -exclude .git -exclude .hg -resolve-src-symlinks -rename /Users/builder/Factory/paperloft-intents/build/IntentsIntegrationDerivedData/Build/Intermediates.noindex/PaperloftKit.build/Debug/PaperloftKit-t.build/Objects-normal/arm64/PaperloftKit.swiftmodule /Users/builder/Factory/paperloft-intents/build/IntentsIntegrationDerivedData/Build/Products/Debug/PaperloftKit.swiftmodule/arm64-apple-macos.swiftmodule

Copy /Users/builder/Factory/paperloft-intents/build/IntentsIntegrationDerivedData/Build/Products/Debug/PaperloftKit.swiftmodule/arm64-apple-macos.swiftdoc /Users/builder/Factory/paperloft-intents/build/IntentsIntegrationDerivedData/Build/Intermediates.noindex/PaperloftKit.build/Debug/PaperloftKit-t.build/Objects-normal/arm64/PaperloftKit.swiftdoc (in target 'PaperloftKit' from project 'PaperloftKit')
    cd /Users/builder/Factory/paperloft-intents/Packages/PaperloftKit
    builtin-copy -exclude .DS_Store -exclude CVS -exclude .svn -exclude .git -exclude .hg -resolve-src-symlinks -rename /Users/builder/Factory/paperloft-intents/build/IntentsIntegrationDerivedData/Build/Intermediates.noindex/PaperloftKit.build/Debug/PaperloftKit-t.build/Objects-normal/arm64/PaperloftKit.swiftdoc /Users/builder/Factory/paperloft-intents/build/IntentsIntegrationDerivedData/Build/Products/Debug/PaperloftKit.swiftmodule/arm64-apple-macos.swiftdoc

Copy /Users/builder/Factory/paperloft-intents/build/IntentsIntegrationDerivedData/Build/Products/Debug/PaperloftKit.swiftmodule/arm64-apple-macos.abi.json /Users/builder/Factory/paperloft-intents/build/IntentsIntegrationDerivedData/Build/Intermediates.noindex/PaperloftKit.build/Debug/PaperloftKit-t.build/Objects-normal/arm64/PaperloftKit.abi.json (in target 'PaperloftKit' from project 'PaperloftKit')
    cd /Users/builder/Factory/paperloft-intents/Packages/PaperloftKit
    builtin-copy -exclude .DS_Store -exclude CVS -exclude .svn -exclude .git -exclude .hg -resolve-src-symlinks -rename /Users/builder/Factory/paperloft-intents/build/IntentsIntegrationDerivedData/Build/Intermediates.noindex/PaperloftKit.build/Debug/PaperloftKit-t.build/Objects-normal/arm64/PaperloftKit.abi.json /Users/builder/Factory/paperloft-intents/build/IntentsIntegrationDerivedData/Build/Products/Debug/PaperloftKit.swiftmodule/arm64-apple-macos.abi.json

Copy /Users/builder/Factory/paperloft-intents/build/IntentsIntegrationDerivedData/Build/Products/Debug/PaperloftKit.swiftmodule/Project/arm64-apple-macos.swiftsourceinfo /Users/builder/Factory/paperloft-intents/build/IntentsIntegrationDerivedData/Build/Intermediates.noindex/PaperloftKit.build/Debug/PaperloftKit-t.build/Objects-normal/arm64/PaperloftKit.swiftsourceinfo (in target 'PaperloftKit' from project 'PaperloftKit')
    cd /Users/builder/Factory/paperloft-intents/Packages/PaperloftKit
    builtin-copy -exclude .DS_Store -exclude CVS -exclude .svn -exclude .git -exclude .hg -resolve-src-symlinks -rename /Users/builder/Factory/paperloft-intents/build/IntentsIntegrationDerivedData/Build/Intermediates.noindex/PaperloftKit.build/Debug/PaperloftKit-t.build/Objects-normal/arm64/PaperloftKit.swiftsourceinfo /Users/builder/Factory/paperloft-intents/build/IntentsIntegrationDerivedData/Build/Products/Debug/PaperloftKit.swiftmodule/Project/arm64-apple-macos.swiftsourceinfo

SwiftDriverJobDiscovery normal arm64 Compiling ReceiptNameTemplate.swift (in target 'PaperloftKit' from project 'PaperloftKit')

ProcessProductPackaging /Users/builder/Factory/paperloft-intents/Apps/PaperloftApp/Paperloft.entitlements /Users/builder/Factory/paperloft-intents/build/IntentsIntegrationDerivedData/Build/Intermediates.noindex/Paperloft.build/Debug/PaperloftApp.build/Paperloft\ Receipts.app.xcent (in target 'PaperloftApp' from project 'Paperloft')
    cd /Users/builder/Factory/paperloft-intents
    
    Entitlements:
    
    {
    "com.apple.security.app-sandbox" = 1;
    "com.apple.security.files.bookmarks.app-scope" = 1;
    "com.apple.security.files.user-selected.read-write" = 1;
    "com.apple.security.get-task-allow" = 1;
}
    
    builtin-productPackagingUtility /Users/builder/Factory/paperloft-intents/Apps/PaperloftApp/Paperloft.entitlements -entitlements -format xml -o /Users/builder/Factory/paperloft-intents/build/IntentsIntegrationDerivedData/Build/Intermediates.noindex/Paperloft.build/Debug/PaperloftApp.build/Paperloft\ Receipts.app.xcent

SwiftDriver PaperloftKitTests normal arm64 com.apple.xcode.tools.swift.compiler (in target 'PaperloftKitTests' from project 'Paperloft')
    cd /Users/builder/Factory/paperloft-intents
    builtin-SwiftDriver -- /Applications/Xcode.app/Contents/Developer/Toolchains/XcodeDefault.xctoolchain/usr/bin/swiftc -module-name PaperloftKitTests -Onone @/Users/builder/Factory/paperloft-intents/build/IntentsIntegrationDerivedData/Build/Intermediates.noindex/Paperloft.build/Debug/PaperloftKitTests.build/Objects-normal/arm64/PaperloftKitTests.SwiftFileList -DDEBUG -plugin-path /Applications/Xcode.app/Contents/Developer/Toolchains/XcodeDefault.xctoolchain/usr/lib/swift/host/plugins/testing -enable-experimental-feature DebugDescriptionMacro -sdk /Applications/Xcode.app/Contents/Developer/Platforms/MacOSX.platform/Developer/SDKs/MacOSX27.0.sdk -target arm64-apple-macos27.0 -g -module-cache-path /Users/builder/Factory/paperloft-intents/build/IntentsIntegrationDerivedData/ModuleCache.noindex -Xfrontend -serialize-debugging-options -profile-coverage-mapping -profile-generate -enable-testing -warnings-as-errors -index-store-path /Users/builder/Factory/paperloft-intents/build/IntentsIntegrationDerivedData/Index.noindex/DataStore -swift-version 6 -I /Users/builder/Factory/paperloft-intents/build/IntentsIntegrationDerivedData/Build/Products/Debug -Isystem /Applications/Xcode.app/Contents/Developer/Platforms/MacOSX.platform/Developer/usr/lib -F /Users/builder/Factory/paperloft-intents/build/IntentsIntegrationDerivedData/Build/Products/Debug/PackageFrameworks -F /Users/builder/Factory/paperloft-intents/build/IntentsIntegrationDerivedData/Build/Products/Debug -F /Applications/Xcode.app/Contents/Developer/Platforms/MacOSX.platform/Developer/Library/Frameworks -c -j10 -enable-batch-mode -incremental -Xcc -ivfsstatcache -Xcc /Users/builder/Factory/paperloft-intents/build/IntentsIntegrationDerivedData/SDKStatCaches.noindex/macosx27.0-26A425-7231f6df4def33e022ae2eb8f782df1a.sdkstatcache -output-file-map /Users/builder/Factory/paperloft-intents/build/IntentsIntegrationDerivedData/Build/Intermediates.noindex/Paperloft.build/Debug/PaperloftKitTests.build/Objects-normal/arm64/PaperloftKitTests-OutputFileMap.json -save-temps -no-color-diagnostics -explicit-module-build -module-cache-path /Users/builder/Factory/paperloft-intents/build/IntentsIntegrationDerivedData/Build/Intermediates.noindex/SwiftExplicitPrecompiledModules -clang-scanner-module-cache-path /Users/builder/Factory/paperloft-intents/build/IntentsIntegrationDerivedData/ModuleCache.noindex -sdk-module-cache-path /Users/builder/Factory/paperloft-intents/build/IntentsIntegrationDerivedData/SDKExplicitPrecompiledModules -emit-dependencies -emit-module -emit-module-path /Users/builder/Factory/paperloft-intents/build/IntentsIntegrationDerivedData/Build/Intermediates.noindex/Paperloft.build/Debug/PaperloftKitTests.build/Objects-normal/arm64/PaperloftKitTests.swiftmodule -serialize-diagnostics -dependency-scan-serialize-diagnostics-path /Users/builder/Factory/paperloft-intents/build/IntentsIntegrationDerivedData/Build/Intermediates.noindex/Paperloft.build/Debug/PaperloftKitTests.build/Objects-normal/arm64/PaperloftKitTests-dependency-scan.dia -validate-clang-modules-once -clang-build-session-file /Users/builder/Factory/paperloft-intents/build/IntentsIntegrationDerivedData/ModuleCache.noindex/Session.modulevalidation -Xcc -fmodules-prune-interval\=86400 -Xcc -fmodules-prune-after\=345600 -emit-const-values -const-gather-protocols-list /Users/builder/Factory/paperloft-intents/build/IntentsIntegrationDerivedData/Build/Intermediates.noindex/Paperloft.build/Debug/PaperloftKitTests.build/Objects-normal/arm64/PaperloftKitTests_const_extract_protocols.json -Xcc -iquote -Xcc /Users/builder/Factory/paperloft-intents/build/IntentsIntegrationDerivedData/Build/Intermediates.noindex/Paperloft.build/Debug/PaperloftKitTests.build/PaperloftKitTests-generated-files.hmap -Xcc -I/Users/builder/Factory/paperloft-intents/build/IntentsIntegrationDerivedData/Build/Intermediates.noindex/Paperloft.build/Debug/PaperloftKitTests.build/PaperloftKitTests-own-target-headers.hmap -Xcc -I/Users/builder/Factory/paperloft-intents/build/IntentsIntegrationDerivedData/Build/Intermediates.noindex/Paperloft.build/Debug/PaperloftKitTests.build/PaperloftKitTests-all-non-framework-target-headers.hmap -Xcc -ivfsoverlay -Xcc /Users/builder/Factory/paperloft-intents/build/IntentsIntegrationDerivedData/Build/Intermediates.noindex/Paperloft.build/Debug/Paperloft-b93ddc6bcd4d234a5473ab01ad3589c4-VFS/all-product-headers.yaml -Xcc -iquote -Xcc /Users/builder/Factory/paperloft-intents/build/IntentsIntegrationDerivedData/Build/Intermediates.noindex/Paperloft.build/Debug/PaperloftKitTests.build/PaperloftKitTests-project-headers.hmap -Xcc -I/Users/builder/Factory/paperloft-intents/build/IntentsIntegrationDerivedData/Build/Products/Debug/include -Xcc -I/Users/builder/Factory/paperloft-intents/build/IntentsIntegrationDerivedData/Build/Intermediates.noindex/Paperloft.build/Debug/PaperloftKitTests.build/DerivedSources-normal/arm64 -Xcc -I/Users/builder/Factory/paperloft-intents/build/IntentsIntegrationDerivedData/Build/Intermediates.noindex/Paperloft.build/Debug/PaperloftKitTests.build/DerivedSources/arm64 -Xcc -I/Users/builder/Factory/paperloft-intents/build/IntentsIntegrationDerivedData/Build/Intermediates.noindex/Paperloft.build/Debug/PaperloftKitTests.build/DerivedSources -emit-objc-header -emit-objc-header-path /Users/builder/Factory/paperloft-intents/build/IntentsIntegrationDerivedData/Build/Intermediates.noindex/Paperloft.build/Debug/PaperloftKitTests.build/Objects-normal/arm64/PaperloftKitTests-Swift.h -working-directory /Users/builder/Factory/paperloft-intents -experimental-emit-module-separately -disable-cmo

ProcessProductPackagingDER /Users/builder/Factory/paperloft-intents/build/IntentsIntegrationDerivedData/Build/Intermediates.noindex/Paperloft.build/Debug/PaperloftApp.build/Paperloft\ Receipts.app.xcent /Users/builder/Factory/paperloft-intents/build/IntentsIntegrationDerivedData/Build/Intermediates.noindex/Paperloft.build/Debug/PaperloftApp.build/Paperloft\ Receipts.app.xcent.der (in target 'PaperloftApp' from project 'Paperloft')
    cd /Users/builder/Factory/paperloft-intents
    /usr/bin/derq query -f xml -i /Users/builder/Factory/paperloft-intents/build/IntentsIntegrationDerivedData/Build/Intermediates.noindex/Paperloft.build/Debug/PaperloftApp.build/Paperloft\ Receipts.app.xcent -o /Users/builder/Factory/paperloft-intents/build/IntentsIntegrationDerivedData/Build/Intermediates.noindex/Paperloft.build/Debug/PaperloftApp.build/Paperloft\ Receipts.app.xcent.der --raw

SwiftDriver PaperloftIntentLogicTests normal arm64 com.apple.xcode.tools.swift.compiler (in target 'PaperloftIntentLogicTests' from project 'Paperloft')
    cd /Users/builder/Factory/paperloft-intents
    builtin-SwiftDriver -- /Applications/Xcode.app/Contents/Developer/Toolchains/XcodeDefault.xctoolchain/usr/bin/swiftc -module-name PaperloftIntentLogicTests -Onone @/Users/builder/Factory/paperloft-intents/build/IntentsIntegrationDerivedData/Build/Intermediates.noindex/Paperloft.build/Debug/PaperloftIntentLogicTests.build/Objects-normal/arm64/PaperloftIntentLogicTests.SwiftFileList -DDEBUG -plugin-path /Applications/Xcode.app/Contents/Developer/Toolchains/XcodeDefault.xctoolchain/usr/lib/swift/host/plugins/testing -enable-experimental-feature DebugDescriptionMacro -sdk /Applications/Xcode.app/Contents/Developer/Platforms/MacOSX.platform/Developer/SDKs/MacOSX27.0.sdk -target arm64-apple-macos27.0 -g -module-cache-path /Users/builder/Factory/paperloft-intents/build/IntentsIntegrationDerivedData/ModuleCache.noindex -Xfrontend -serialize-debugging-options -profile-coverage-mapping -profile-generate -enable-testing -warnings-as-errors -index-store-path /Users/builder/Factory/paperloft-intents/build/IntentsIntegrationDerivedData/Index.noindex/DataStore -swift-version 6 -I /Users/builder/Factory/paperloft-intents/build/IntentsIntegrationDerivedData/Build/Products/Debug -Isystem /Applications/Xcode.app/Contents/Developer/Platforms/MacOSX.platform/Developer/usr/lib -F /Users/builder/Factory/paperloft-intents/build/IntentsIntegrationDerivedData/Build/Products/Debug/PackageFrameworks -F /Users/builder/Factory/paperloft-intents/build/IntentsIntegrationDerivedData/Build/Products/Debug -F /Applications/Xcode.app/Contents/Developer/Platforms/MacOSX.platform/Developer/Library/Frameworks -c -j10 -enable-batch-mode -incremental -Xcc -ivfsstatcache -Xcc /Users/builder/Factory/paperloft-intents/build/IntentsIntegrationDerivedData/SDKStatCaches.noindex/macosx27.0-26A425-7231f6df4def33e022ae2eb8f782df1a.sdkstatcache -output-file-map /Users/builder/Factory/paperloft-intents/build/IntentsIntegrationDerivedData/Build/Intermediates.noindex/Paperloft.build/Debug/PaperloftIntentLogicTests.build/Objects-normal/arm64/PaperloftIntentLogicTests-OutputFileMap.json -save-temps -no-color-diagnostics -explicit-module-build -module-cache-path /Users/builder/Factory/paperloft-intents/build/IntentsIntegrationDerivedData/Build/Intermediates.noindex/SwiftExplicitPrecompiledModules -clang-scanner-module-cache-path /Users/builder/Factory/paperloft-intents/build/IntentsIntegrationDerivedData/ModuleCache.noindex -sdk-module-cache-path /Users/builder/Factory/paperloft-intents/build/IntentsIntegrationDerivedData/SDKExplicitPrecompiledModules -emit-dependencies -emit-module -emit-module-path /Users/builder/Factory/paperloft-intents/build/IntentsIntegrationDerivedData/Build/Intermediates.noindex/Paperloft.build/Debug/PaperloftIntentLogicTests.build/Objects-normal/arm64/PaperloftIntentLogicTests.swiftmodule -serialize-diagnostics -dependency-scan-serialize-diagnostics-path /Users/builder/Factory/paperloft-intents/build/IntentsIntegrationDerivedData/Build/Intermediates.noindex/Paperloft.build/Debug/PaperloftIntentLogicTests.build/Objects-normal/arm64/PaperloftIntentLogicTests-dependency-scan.dia -validate-clang-modules-once -clang-build-session-file /Users/builder/Factory/paperloft-intents/build/IntentsIntegrationDerivedData/ModuleCache.noindex/Session.modulevalidation -Xcc -fmodules-prune-interval\=86400 -Xcc -fmodules-prune-after\=345600 -emit-const-values -const-gather-protocols-list /Users/builder/Factory/paperloft-intents/build/IntentsIntegrationDerivedData/Build/Intermediates.noindex/Paperloft.build/Debug/PaperloftIntentLogicTests.build/Objects-normal/arm64/PaperloftIntentLogicTests_const_extract_protocols.json -Xcc -iquote -Xcc /Users/builder/Factory/paperloft-intents/build/IntentsIntegrationDerivedData/Build/Intermediates.noindex/Paperloft.build/Debug/PaperloftIntentLogicTests.build/PaperloftIntentLogicTests-generated-files.hmap -Xcc -I/Users/builder/Factory/paperloft-intents/build/IntentsIntegrationDerivedData/Build/Intermediates.noindex/Paperloft.build/Debug/PaperloftIntentLogicTests.build/PaperloftIntentLogicTests-own-target-headers.hmap -Xcc -I/Users/builder/Factory/paperloft-intents/build/IntentsIntegrationDerivedData/Build/Intermediates.noindex/Paperloft.build/Debug/PaperloftIntentLogicTests.build/PaperloftIntentLogicTests-all-non-framework-target-headers.hmap -Xcc -ivfsoverlay -Xcc /Users/builder/Factory/paperloft-intents/build/IntentsIntegrationDerivedData/Build/Intermediates.noindex/Paperloft.build/Debug/Paperloft-b93ddc6bcd4d234a5473ab01ad3589c4-VFS/all-product-headers.yaml -Xcc -iquote -Xcc /Users/builder/Factory/paperloft-intents/build/IntentsIntegrationDerivedData/Build/Intermediates.noindex/Paperloft.build/Debug/PaperloftIntentLogicTests.build/PaperloftIntentLogicTests-project-headers.hmap -Xcc -I/Users/builder/Factory/paperloft-intents/build/IntentsIntegrationDerivedData/Build/Products/Debug/include -Xcc -I/Users/builder/Factory/paperloft-intents/build/IntentsIntegrationDerivedData/Build/Intermediates.noindex/Paperloft.build/Debug/PaperloftIntentLogicTests.build/DerivedSources-normal/arm64 -Xcc -I/Users/builder/Factory/paperloft-intents/build/IntentsIntegrationDerivedData/Build/Intermediates.noindex/Paperloft.build/Debug/PaperloftIntentLogicTests.build/DerivedSources/arm64 -Xcc -I/Users/builder/Factory/paperloft-intents/build/IntentsIntegrationDerivedData/Build/Intermediates.noindex/Paperloft.build/Debug/PaperloftIntentLogicTests.build/DerivedSources -emit-objc-header -emit-objc-header-path /Users/builder/Factory/paperloft-intents/build/IntentsIntegrationDerivedData/Build/Intermediates.noindex/Paperloft.build/Debug/PaperloftIntentLogicTests.build/Objects-normal/arm64/PaperloftIntentLogicTests-Swift.h -working-directory /Users/builder/Factory/paperloft-intents -experimental-emit-module-separately -disable-cmo

SwiftDriverJobDiscovery normal arm64 Compiling AccountantPack.swift, Assessment.swift (in target 'PaperloftKit' from project 'PaperloftKit')

MkDir /Users/builder/Factory/paperloft-intents/build/IntentsIntegrationDerivedData/Build/Intermediates.noindex/Paperloft.build/Debug/PaperloftApp.build/assetcatalog_output/unthinned (in target 'PaperloftApp' from project 'Paperloft')
    cd /Users/builder/Factory/paperloft-intents
    /bin/mkdir -p /Users/builder/Factory/paperloft-intents/build/IntentsIntegrationDerivedData/Build/Intermediates.noindex/Paperloft.build/Debug/PaperloftApp.build/assetcatalog_output/unthinned

MkDir /Users/builder/Factory/paperloft-intents/build/IntentsIntegrationDerivedData/Build/Intermediates.noindex/Paperloft.build/Debug/PaperloftApp.build/assetcatalog_output/thinned (in target 'PaperloftApp' from project 'Paperloft')
    cd /Users/builder/Factory/paperloft-intents
    /bin/mkdir -p /Users/builder/Factory/paperloft-intents/build/IntentsIntegrationDerivedData/Build/Intermediates.noindex/Paperloft.build/Debug/PaperloftApp.build/assetcatalog_output/thinned

GenerateAssetSymbols /Users/builder/Factory/paperloft-intents/Apps/PaperloftApp/Resources/Assets.xcassets (in target 'PaperloftApp' from project 'Paperloft')
    cd /Users/builder/Factory/paperloft-intents
    /Applications/Xcode.app/Contents/Developer/usr/bin/actool /Users/builder/Factory/paperloft-intents/Apps/PaperloftApp/Resources/Assets.xcassets --compile /Users/builder/Factory/paperloft-intents/build/IntentsIntegrationDerivedData/Build/Products/Debug/Paperloft\ Receipts.app/Contents/Resources --output-format human-readable-text --notices --warnings --export-dependency-info /Users/builder/Factory/paperloft-intents/build/IntentsIntegrationDerivedData/Build/Intermediates.noindex/Paperloft.build/Debug/PaperloftApp.build/assetcatalog_dependencies --output-partial-info-plist /Users/builder/Factory/paperloft-intents/build/IntentsIntegrationDerivedData/Build/Intermediates.noindex/Paperloft.build/Debug/PaperloftApp.build/assetcatalog_generated_info.plist --accent-color AccentColor --enable-on-demand-resources NO --development-region en --target-device mac --minimum-deployment-target 27.0 --platform macosx --bundle-identifier app.paperloft.receipts --generate-swift-asset-symbol-extensions NO --generate-swift-asset-symbols /Users/builder/Factory/paperloft-intents/build/IntentsIntegrationDerivedData/Build/Intermediates.noindex/Paperloft.build/Debug/PaperloftApp.build/DerivedSources/GeneratedAssetSymbols.swift --generate-objc-asset-symbols /Users/builder/Factory/paperloft-intents/build/IntentsIntegrationDerivedData/Build/Intermediates.noindex/Paperloft.build/Debug/PaperloftApp.build/DerivedSources/GeneratedAssetSymbols.h --generate-asset-symbol-index /Users/builder/Factory/paperloft-intents/build/IntentsIntegrationDerivedData/Build/Intermediates.noindex/Paperloft.build/Debug/PaperloftApp.build/DerivedSources/GeneratedAssetSymbols-Index.plist
/* com.apple.actool.compilation-results */
/Users/builder/Factory/paperloft-intents/build/IntentsIntegrationDerivedData/Build/Intermediates.noindex/Paperloft.build/Debug/PaperloftApp.build/DerivedSources/GeneratedAssetSymbols-Index.plist
/Users/builder/Factory/paperloft-intents/build/IntentsIntegrationDerivedData/Build/Intermediates.noindex/Paperloft.build/Debug/PaperloftApp.build/DerivedSources/GeneratedAssetSymbols.h
/Users/builder/Factory/paperloft-intents/build/IntentsIntegrationDerivedData/Build/Intermediates.noindex/Paperloft.build/Debug/PaperloftApp.build/DerivedSources/GeneratedAssetSymbols.swift


CompileAssetCatalogVariant thinned /Users/builder/Factory/paperloft-intents/build/IntentsIntegrationDerivedData/Build/Products/Debug/Paperloft\ Receipts.app/Contents/Resources /Users/builder/Factory/paperloft-intents/Apps/PaperloftApp/Resources/Assets.xcassets (in target 'PaperloftApp' from project 'Paperloft')
    cd /Users/builder/Factory/paperloft-intents
    /Applications/Xcode.app/Contents/Developer/usr/bin/actool /Users/builder/Factory/paperloft-intents/Apps/PaperloftApp/Resources/Assets.xcassets --compile /Users/builder/Factory/paperloft-intents/build/IntentsIntegrationDerivedData/Build/Intermediates.noindex/Paperloft.build/Debug/PaperloftApp.build/assetcatalog_output/thinned --output-format human-readable-text --notices --warnings --export-dependency-info /Users/builder/Factory/paperloft-intents/build/IntentsIntegrationDerivedData/Build/Intermediates.noindex/Paperloft.build/Debug/PaperloftApp.build/assetcatalog_dependencies_thinned --output-partial-info-plist /Users/builder/Factory/paperloft-intents/build/IntentsIntegrationDerivedData/Build/Intermediates.noindex/Paperloft.build/Debug/PaperloftApp.build/assetcatalog_generated_info.plist_thinned --accent-color AccentColor --enable-on-demand-resources NO --development-region en --target-device mac --minimum-deployment-target 27.0 --platform macosx
/* com.apple.actool.compilation-results */
/Users/builder/Factory/paperloft-intents/build/IntentsIntegrationDerivedData/Build/Intermediates.noindex/Paperloft.build/Debug/PaperloftApp.build/assetcatalog_generated_info.plist_thinned
/Users/builder/Factory/paperloft-intents/build/IntentsIntegrationDerivedData/Build/Intermediates.noindex/Paperloft.build/Debug/PaperloftApp.build/assetcatalog_output/thinned/Assets.car


SwiftDriverJobDiscovery normal arm64 Compiling TextLayout.swift (in target 'PaperloftKit' from project 'PaperloftKit')

SwiftDriverJobDiscovery normal arm64 Compiling Receipt.swift (in target 'PaperloftKit' from project 'PaperloftKit')

SwiftDriverJobDiscovery normal arm64 Compiling ReceiptEngine.swift (in target 'PaperloftKit' from project 'PaperloftKit')

SwiftDriver PaperloftApp normal arm64 com.apple.xcode.tools.swift.compiler (in target 'PaperloftApp' from project 'Paperloft')
    cd /Users/builder/Factory/paperloft-intents
    builtin-SwiftDriver -- /Applications/Xcode.app/Contents/Developer/Toolchains/XcodeDefault.xctoolchain/usr/bin/swiftc -module-name Paperloft_Receipts -Onone @/Users/builder/Factory/paperloft-intents/build/IntentsIntegrationDerivedData/Build/Intermediates.noindex/Paperloft.build/Debug/PaperloftApp.build/Objects-normal/arm64/Paperloft\ Receipts.SwiftFileList -DDEBUG -enable-experimental-feature DebugDescriptionMacro -sdk /Applications/Xcode.app/Contents/Developer/Platforms/MacOSX.platform/Developer/SDKs/MacOSX27.0.sdk -target arm64-apple-macos27.0 -g -module-cache-path /Users/builder/Factory/paperloft-intents/build/IntentsIntegrationDerivedData/ModuleCache.noindex -Xfrontend -serialize-debugging-options -profile-coverage-mapping -profile-generate -enable-testing -warnings-as-errors -index-store-path /Users/builder/Factory/paperloft-intents/build/IntentsIntegrationDerivedData/Index.noindex/DataStore -swift-version 6 -I /Users/builder/Factory/paperloft-intents/build/IntentsIntegrationDerivedData/Build/Products/Debug -F /Users/builder/Factory/paperloft-intents/build/IntentsIntegrationDerivedData/Build/Products/Debug/PackageFrameworks -F /Users/builder/Factory/paperloft-intents/build/IntentsIntegrationDerivedData/Build/Products/Debug -c -j10 -enable-batch-mode -incremental -Xcc -ivfsstatcache -Xcc /Users/builder/Factory/paperloft-intents/build/IntentsIntegrationDerivedData/SDKStatCaches.noindex/macosx27.0-26A425-7231f6df4def33e022ae2eb8f782df1a.sdkstatcache -output-file-map /Users/builder/Factory/paperloft-intents/build/IntentsIntegrationDerivedData/Build/Intermediates.noindex/Paperloft.build/Debug/PaperloftApp.build/Objects-normal/arm64/PaperloftApp-OutputFileMap.json -save-temps -no-color-diagnostics -explicit-module-build -module-cache-path /Users/builder/Factory/paperloft-intents/build/IntentsIntegrationDerivedData/Build/Intermediates.noindex/SwiftExplicitPrecompiledModules -clang-scanner-module-cache-path /Users/builder/Factory/paperloft-intents/build/IntentsIntegrationDerivedData/ModuleCache.noindex -sdk-module-cache-path /Users/builder/Factory/paperloft-intents/build/IntentsIntegrationDerivedData/SDKExplicitPrecompiledModules -emit-dependencies -emit-module -emit-module-path /Users/builder/Factory/paperloft-intents/build/IntentsIntegrationDerivedData/Build/Intermediates.noindex/Paperloft.build/Debug/PaperloftApp.build/Objects-normal/arm64/Paperloft_Receipts.swiftmodule -serialize-diagnostics -dependency-scan-serialize-diagnostics-path /Users/builder/Factory/paperloft-intents/build/IntentsIntegrationDerivedData/Build/Intermediates.noindex/Paperloft.build/Debug/PaperloftApp.build/Objects-normal/arm64/Paperloft_Receipts-dependency-scan.dia -validate-clang-modules-once -clang-build-session-file /Users/builder/Factory/paperloft-intents/build/IntentsIntegrationDerivedData/ModuleCache.noindex/Session.modulevalidation -Xcc -fmodules-prune-interval\=86400 -Xcc -fmodules-prune-after\=345600 -emit-const-values -const-gather-protocols-list /Users/builder/Factory/paperloft-intents/build/IntentsIntegrationDerivedData/Build/Intermediates.noindex/Paperloft.build/Debug/PaperloftApp.build/Objects-normal/arm64/PaperloftApp_const_extract_protocols.json -Xcc -iquote -Xcc /Users/builder/Factory/paperloft-intents/build/IntentsIntegrationDerivedData/Build/Intermediates.noindex/Paperloft.build/Debug/PaperloftApp.build/Paperloft\ Receipts-generated-files.hmap -Xcc -I/Users/builder/Factory/paperloft-intents/build/IntentsIntegrationDerivedData/Build/Intermediates.noindex/Paperloft.build/Debug/PaperloftApp.build/Paperloft\ Receipts-own-target-headers.hmap -Xcc -I/Users/builder/Factory/paperloft-intents/build/IntentsIntegrationDerivedData/Build/Intermediates.noindex/Paperloft.build/Debug/PaperloftApp.build/Paperloft\ Receipts-all-non-framework-target-headers.hmap -Xcc -ivfsoverlay -Xcc /Users/builder/Factory/paperloft-intents/build/IntentsIntegrationDerivedData/Build/Intermediates.noindex/Paperloft.build/Debug/Paperloft-b93ddc6bcd4d234a5473ab01ad3589c4-VFS/all-product-headers.yaml -Xcc -iquote -Xcc /Users/builder/Factory/paperloft-intents/build/IntentsIntegrationDerivedData/Build/Intermediates.noindex/Paperloft.build/Debug/PaperloftApp.build/Paperloft\ Receipts-project-headers.hmap -Xcc -I/Users/builder/Factory/paperloft-intents/build/IntentsIntegrationDerivedData/Build/Products/Debug/include -Xcc -I/Users/builder/Factory/paperloft-intents/build/IntentsIntegrationDerivedData/Build/Intermediates.noindex/Paperloft.build/Debug/PaperloftApp.build/DerivedSources-normal/arm64 -Xcc -I/Users/builder/Factory/paperloft-intents/build/IntentsIntegrationDerivedData/Build/Intermediates.noindex/Paperloft.build/Debug/PaperloftApp.build/DerivedSources/arm64 -Xcc -I/Users/builder/Factory/paperloft-intents/build/IntentsIntegrationDerivedData/Build/Intermediates.noindex/Paperloft.build/Debug/PaperloftApp.build/DerivedSources -emit-objc-header -emit-objc-header-path /Users/builder/Factory/paperloft-intents/build/IntentsIntegrationDerivedData/Build/Intermediates.noindex/Paperloft.build/Debug/PaperloftApp.build/Objects-normal/arm64/Paperloft_Receipts-Swift.h -working-directory /Users/builder/Factory/paperloft-intents -experimental-emit-module-separately -disable-cmo

SwiftDriverJobDiscovery normal arm64 Compiling ReceiptIndex.swift (in target 'PaperloftKit' from project 'PaperloftKit')

SwiftDriverJobDiscovery normal arm64 Compiling Extraction.swift, LibraryAccess.swift (in target 'PaperloftKit' from project 'PaperloftKit')

SwiftExplicitDependencyGeneratePcm arm64 /Users/builder/Factory/paperloft-intents/build/IntentsIntegrationDerivedData/SDKExplicitPrecompiledModules/ptrcheck-1R9UUV61AG4BHJE33PIMO329.pcm

SwiftExplicitDependencyGeneratePcm arm64 /Users/builder/Factory/paperloft-intents/build/IntentsIntegrationDerivedData/SDKExplicitPrecompiledModules/_SwiftConcurrencyShims-6G5UDSXNC5G54GDL24YTC23YL.pcm

SwiftExplicitDependencyGeneratePcm arm64 /Users/builder/Factory/paperloft-intents/build/IntentsIntegrationDerivedData/SDKExplicitPrecompiledModules/DeveloperToolsSupport-798HEMOLRPYLQP4FA2J5GPT35.pcm

SwiftExplicitDependencyGeneratePcm arm64 /Users/builder/Factory/paperloft-intents/build/IntentsIntegrationDerivedData/SDKExplicitPrecompiledModules/SwiftShims-4MVEUDKHGQDNW6ODUCR6G6EPZ.pcm

SwiftExplicitDependencyGeneratePcm arm64 /Users/builder/Factory/paperloft-intents/build/IntentsIntegrationDerivedData/SDKExplicitPrecompiledModules/_Builtin_float-EE08S9ZNW5JE8OB5QQEYMB0BQ.pcm

SwiftExplicitDependencyGeneratePcm arm64 /Users/builder/Factory/paperloft-intents/build/IntentsIntegrationDerivedData/SDKExplicitPrecompiledModules/_Builtin_stdarg-2TL48NYRTVKNBTTZ6CV9TAQNW.pcm

SwiftExplicitDependencyGeneratePcm arm64 /Users/builder/Factory/paperloft-intents/build/IntentsIntegrationDerivedData/SDKExplicitPrecompiledModules/_AvailabilityInternal-28GH0CMOC4GVTG7HUYQEYHDRX.pcm

SwiftExplicitDependencyGeneratePcm arm64 /Users/builder/Factory/paperloft-intents/build/IntentsIntegrationDerivedData/SDKExplicitPrecompiledModules/ptrauth-7Q3ZPVTDYFLDIPQWBYPPWOUTP.pcm

SwiftExplicitDependencyGeneratePcm arm64 /Users/builder/Factory/paperloft-intents/build/IntentsIntegrationDerivedData/SDKExplicitPrecompiledModules/_Builtin_stdbool-99S3B346GTNHA4PQE8DLNIXHO.pcm

SwiftExplicitDependencyGeneratePcm arm64 /Users/builder/Factory/paperloft-intents/build/IntentsIntegrationDerivedData/SDKExplicitPrecompiledModules/_Builtin_stddef-BLC9C0S45EXHEOE35O6XFZYWX.pcm

SwiftExplicitDependencyGeneratePcm arm64 /Users/builder/Factory/paperloft-intents/build/IntentsIntegrationDerivedData/SDKExplicitPrecompiledModules/_DarwinFoundation1-E5308WAJI9623M2ZC0XN2YPZ6.pcm

SwiftExplicitDependencyGeneratePcm arm64 /Users/builder/Factory/paperloft-intents/build/IntentsIntegrationDerivedData/SDKExplicitPrecompiledModules/_DarwinFoundation2-CLIC2J9P6H25U9D5C8UFE0VNQ.pcm

SwiftExplicitDependencyGeneratePcm arm64 /Users/builder/Factory/paperloft-intents/build/IntentsIntegrationDerivedData/SDKExplicitPrecompiledModules/ExtensionFoundation-ECZD0D2WJNDYLLF4008JWXDW8.pcm

SwiftExplicitDependencyGeneratePcm arm64 /Users/builder/Factory/paperloft-intents/build/IntentsIntegrationDerivedData/SDKExplicitPrecompiledModules/_Builtin_limits-4ZY1514921PSS2WGB0XL6NDAX.pcm

SwiftExplicitDependencyGeneratePcm arm64 /Users/builder/Factory/paperloft-intents/build/IntentsIntegrationDerivedData/SDKExplicitPrecompiledModules/sys_types-EA0GZLCS7PWW0TO4JA0X13FNG.pcm

SwiftExplicitDependencyGeneratePcm arm64 /Users/builder/Factory/paperloft-intents/build/IntentsIntegrationDerivedData/SDKExplicitPrecompiledModules/_Builtin_stdint-29DMAIZ6DI5RI7TQWMAY14P4F.pcm

SwiftExplicitDependencyGeneratePcm arm64 /Users/builder/Factory/paperloft-intents/build/IntentsIntegrationDerivedData/SDKExplicitPrecompiledModules/string_h-67FPGAK2DMQZA65Z4KP944JWW.pcm

SwiftExplicitDependencyGeneratePcm arm64 /Users/builder/Factory/paperloft-intents/build/IntentsIntegrationDerivedData/SDKExplicitPrecompiledModules/_Builtin_tgmath-7XA4O4YTE5Q5MUQCHZ6K28XVZ.pcm

SwiftExplicitDependencyGeneratePcm arm64 /Users/builder/Factory/paperloft-intents/build/IntentsIntegrationDerivedData/SDKExplicitPrecompiledModules/_Builtin_stdatomic-8EFJ233AUV9OVX93I8GN8X0J.pcm

SwiftExplicitDependencyGeneratePcm arm64 /Users/builder/Factory/paperloft-intents/build/IntentsIntegrationDerivedData/SDKExplicitPrecompiledModules/_Builtin_intrinsics-CKR9FITCNQTAE7GHAR7WCWJT3.pcm

SwiftExplicitDependencyGeneratePcm arm64 /Users/builder/Factory/paperloft-intents/build/IntentsIntegrationDerivedData/SDKExplicitPrecompiledModules/libDER-CK9EBMJ0HCENIVIAO78KX0D85.pcm

SwiftExplicitDependencyGeneratePcm arm64 /Users/builder/Factory/paperloft-intents/build/IntentsIntegrationDerivedData/SDKExplicitPrecompiledModules/_DarwinFoundation3-DGJDR634XGWOOQLKB5CVXAUBH.pcm

SwiftExplicitDependencyGeneratePcm arm64 /Users/builder/Factory/paperloft-intents/build/IntentsIntegrationDerivedData/SDKExplicitPrecompiledModules/_Builtin_inttypes-AJSSQUIGFXSOGSTXCCVYEWJOG.pcm

SwiftExplicitDependencyGeneratePcm arm64 /Users/builder/Factory/paperloft-intents/build/IntentsIntegrationDerivedData/SDKExplicitPrecompiledModules/Darwin-KN7WM1X2C6TXJDTPS9LV6WW3.pcm

SwiftExplicitDependencyGeneratePcm arm64 /Users/builder/Factory/paperloft-intents/build/IntentsIntegrationDerivedData/SDKExplicitPrecompiledModules/simd-9T7VSHL9SR0G2SSCC65FMEHRX.pcm

SwiftExplicitDependencyGeneratePcm arm64 /Users/builder/Factory/paperloft-intents/build/IntentsIntegrationDerivedData/SDKExplicitPrecompiledModules/MachO-9NL7AHDRZD945ND2XL39Z3AAF.pcm

SwiftExplicitDependencyGeneratePcm arm64 /Users/builder/Factory/paperloft-intents/build/IntentsIntegrationDerivedData/SDKExplicitPrecompiledModules/Compression-3UB5TQVHRW16OVWZQR9TQMAXI.pcm

SwiftExplicitDependencyGeneratePcm arm64 /Users/builder/Factory/paperloft-intents/build/IntentsIntegrationDerivedData/SDKExplicitPrecompiledModules/libkern-41D7LUNMW60VDL3WQSU9JN85V.pcm

SwiftExplicitDependencyGeneratePcm arm64 /Users/builder/Factory/paperloft-intents/build/IntentsIntegrationDerivedData/SDKExplicitPrecompiledModules/launch-5ZJR7TFRW1R3EII92IYEAVXSE.pcm

SwiftExplicitDependencyGeneratePcm arm64 /Users/builder/Factory/paperloft-intents/build/IntentsIntegrationDerivedData/SDKExplicitPrecompiledModules/CUPS-5L6N6B0QU2J8BZHNQYOCR8X0Y.pcm

SwiftExplicitDependencyGeneratePcm arm64 /Users/builder/Factory/paperloft-intents/build/IntentsIntegrationDerivedData/SDKExplicitPrecompiledModules/ObjectiveC-3AX61D0SQTU0CF86JIGIOPV5J.pcm

SwiftExplicitDependencyGeneratePcm arm64 /Users/builder/Factory/paperloft-intents/build/IntentsIntegrationDerivedData/SDKExplicitPrecompiledModules/os_object-9XX2IUYX8UA8JJGOMTNOPDBR9.pcm

SwiftExplicitDependencyCompileModuleFromInterface arm64 /Users/builder/Factory/paperloft-intents/build/IntentsIntegrationDerivedData/Build/Intermediates.noindex/SwiftExplicitPrecompiledModules/Testing-3L3RVM3SIHL9Q.swiftmodule

SwiftExplicitDependencyGeneratePcm arm64 /Users/builder/Factory/paperloft-intents/build/IntentsIntegrationDerivedData/SDKExplicitPrecompiledModules/os_workgroup-3VLUC97VRUZR0THVR5GCHXNNZ.pcm

SwiftExplicitDependencyGeneratePcm arm64 /Users/builder/Factory/paperloft-intents/build/IntentsIntegrationDerivedData/SDKExplicitPrecompiledModules/Dispatch-3FD5EB9DAHK1JXX7XN0HY8IJ2.pcm

SwiftExplicitDependencyGeneratePcm arm64 /Users/builder/Factory/paperloft-intents/build/IntentsIntegrationDerivedData/SDKExplicitPrecompiledModules/XPC-BB79Z9B79T3ZNJLC105OM467P.pcm

SwiftExplicitDependencyGeneratePcm arm64 /Users/builder/Factory/paperloft-intents/build/IntentsIntegrationDerivedData/SDKExplicitPrecompiledModules/CoreFoundation-DT6C1MSNTPM1S1VFYYIW3JPBQ.pcm

SwiftExplicitDependencyGeneratePcm arm64 /Users/builder/Factory/paperloft-intents/build/IntentsIntegrationDerivedData/SDKExplicitPrecompiledModules/dnssd-7VKOCI4QJ35EN6Y81PI57ZCMF.pcm

SwiftExplicitDependencyGeneratePcm arm64 /Users/builder/Factory/paperloft-intents/build/IntentsIntegrationDerivedData/SDKExplicitPrecompiledModules/os-68LVOL8BJEKEWDA65WFMYNJSL.pcm

SwiftExplicitDependencyGeneratePcm arm64 /Users/builder/Factory/paperloft-intents/build/IntentsIntegrationDerivedData/SDKExplicitPrecompiledModules/Security-76XHSM2DOVQXR50EVOQ8SZH11.pcm

SwiftExplicitDependencyGeneratePcm arm64 /Users/builder/Factory/paperloft-intents/build/IntentsIntegrationDerivedData/SDKExplicitPrecompiledModules/CoreAudioTypes-F5KGCFLLFNAOSHEYJH120LA6K.pcm

SwiftExplicitDependencyGeneratePcm arm64 /Users/builder/Factory/paperloft-intents/build/IntentsIntegrationDerivedData/SDKExplicitPrecompiledModules/IOKit-4YDIA97KY5I57B12NKUPU9QFN.pcm

SwiftExplicitDependencyGeneratePcm arm64 /Users/builder/Factory/paperloft-intents/build/IntentsIntegrationDerivedData/SDKExplicitPrecompiledModules/CFNetwork-4JIRR2LFS6T9DCDV3FIYPARM5.pcm

SwiftExplicitDependencyGeneratePcm arm64 /Users/builder/Factory/paperloft-intents/build/IntentsIntegrationDerivedData/SDKExplicitPrecompiledModules/ColorSync-88UDU9BLGTG4SEN54P07GFMRJ.pcm

SwiftExplicitDependencyGeneratePcm arm64 /Users/builder/Factory/paperloft-intents/build/IntentsIntegrationDerivedData/SDKExplicitPrecompiledModules/Spatial-8S07JIIOQO3GU15AW4J48SJGE.pcm

SwiftDriverJobDiscovery normal arm64 Compiling Recognize.swift (in target 'PaperloftKit' from project 'PaperloftKit')

SwiftDriver\ Compilation PaperloftKit normal arm64 com.apple.xcode.tools.swift.compiler (in target 'PaperloftKit' from project 'PaperloftKit')
    cd /Users/builder/Factory/paperloft-intents/Paperloft.xcodeproj
    builtin-Swift-Compilation -- /Applications/Xcode.app/Contents/Developer/Toolchains/XcodeDefault.xctoolchain/usr/bin/swiftc -parse-as-library -module-name PaperloftKit -Onone @/Users/builder/Factory/paperloft-intents/build/IntentsIntegrationDerivedData/Build/Intermediates.noindex/PaperloftKit.build/Debug/PaperloftKit-t.build/Objects-normal/arm64/PaperloftKit.SwiftFileList -DSWIFT_PACKAGE -DDEBUG -DSWIFT_MODULE_RESOURCE_BUNDLE_UNAVAILABLE -DXcode -plugin-path /Applications/Xcode.app/Contents/Developer/Toolchains/XcodeDefault.xctoolchain/usr/lib/swift/host/plugins/testing -enable-experimental-feature DebugDescriptionMacro -sdk /Applications/Xcode.app/Contents/Developer/Platforms/MacOSX.platform/Developer/SDKs/MacOSX27.0.sdk -target arm64-apple-macos27.0 -g -module-cache-path /Users/builder/Factory/paperloft-intents/build/IntentsIntegrationDerivedData/ModuleCache.noindex -Xfrontend -serialize-debugging-options -profile-coverage-mapping -profile-generate -enable-testing -index-store-path /Users/builder/Factory/paperloft-intents/build/IntentsIntegrationDerivedData/Index.noindex/DataStore -Xcc -D_LIBCPP_HARDENING_MODE\=_LIBCPP_HARDENING_MODE_DEBUG -swift-version 6 -I /Users/builder/Factory/paperloft-intents/build/IntentsIntegrationDerivedData/Build/Products/Debug -Isystem /Applications/Xcode.app/Contents/Developer/Platforms/MacOSX.platform/Developer/usr/lib -F /Users/builder/Factory/paperloft-intents/build/IntentsIntegrationDerivedData/Build/Products/Debug -F /Applications/Xcode.app/Contents/Developer/Platforms/MacOSX.platform/Developer/Library/Frameworks -c -j10 -enable-batch-mode -incremental -Xcc -ivfsstatcache -Xcc /Users/builder/Factory/paperloft-intents/build/IntentsIntegrationDerivedData/SDKStatCaches.noindex/macosx27.0-26A425-7231f6df4def33e022ae2eb8f782df1a.sdkstatcache -output-file-map /Users/builder/Factory/paperloft-intents/build/IntentsIntegrationDerivedData/Build/Intermediates.noindex/PaperloftKit.build/Debug/PaperloftKit-t.build/Objects-normal/arm64/PaperloftKit-OutputFileMap.json -save-temps -no-color-diagnostics -explicit-module-build -module-cache-path /Users/builder/Factory/paperloft-intents/build/IntentsIntegrationDerivedData/Build/Intermediates.noindex/SwiftExplicitPrecompiledModules -clang-scanner-module-cache-path /Users/builder/Factory/paperloft-intents/build/IntentsIntegrationDerivedData/ModuleCache.noindex -sdk-module-cache-path /Users/builder/Factory/paperloft-intents/build/IntentsIntegrationDerivedData/SDKExplicitPrecompiledModules -emit-dependencies -emit-module -emit-module-path /Users/builder/Factory/paperloft-intents/build/IntentsIntegrationDerivedData/Build/Intermediates.noindex/PaperloftKit.build/Debug/PaperloftKit-t.build/Objects-normal/arm64/PaperloftKit.swiftmodule -serialize-diagnostics -dependency-scan-serialize-diagnostics-path /Users/builder/Factory/paperloft-intents/build/IntentsIntegrationDerivedData/Build/Intermediates.noindex/PaperloftKit.build/Debug/PaperloftKit-t.build/Objects-normal/arm64/PaperloftKit-dependency-scan.dia -validate-clang-modules-once -clang-build-session-file /Users/builder/Factory/paperloft-intents/build/IntentsIntegrationDerivedData/ModuleCache.noindex/Session.modulevalidation -Xcc -fmodules-prune-interval\=86400 -Xcc -fmodules-prune-after\=345600 -package-name paperloftkit -emit-const-values -const-gather-protocols-list /Users/builder/Factory/paperloft-intents/build/IntentsIntegrationDerivedData/Build/Intermediates.noindex/PaperloftKit.build/Debug/PaperloftKit-t.build/Objects-normal/arm64/PaperloftKit_const_extract_protocols.json -Xcc -I/Users/builder/Factory/paperloft-intents/build/IntentsIntegrationDerivedData/Build/Products/Debug/include -Xcc -I/Users/builder/Factory/paperloft-intents/build/IntentsIntegrationDerivedData/Build/Intermediates.noindex/PaperloftKit.build/Debug/PaperloftKit-t.build/DerivedSources-normal/arm64 -Xcc -I/Users/builder/Factory/paperloft-intents/build/IntentsIntegrationDerivedData/Build/Intermediates.noindex/PaperloftKit.build/Debug/PaperloftKit-t.build/DerivedSources/arm64 -Xcc -I/Users/builder/Factory/paperloft-intents/build/IntentsIntegrationDerivedData/Build/Intermediates.noindex/PaperloftKit.build/Debug/PaperloftKit-t.build/DerivedSources -Xcc -DSWIFT_PACKAGE -Xcc -DDEBUG\=1 -emit-objc-header -emit-objc-header-path /Users/builder/Factory/paperloft-intents/build/IntentsIntegrationDerivedData/Build/Intermediates.noindex/PaperloftKit.build/Debug/PaperloftKit-t.build/Objects-normal/arm64/PaperloftKit-Swift.h -working-directory /Users/builder/Factory/paperloft-intents/Paperloft.xcodeproj -experimental-emit-module-separately -disable-cmo

Ld /Users/builder/Factory/paperloft-intents/build/IntentsIntegrationDerivedData/Build/Products/Debug/PaperloftKit.o normal (in target 'PaperloftKit' from project 'PaperloftKit')
    cd /Users/builder/Factory/paperloft-intents/Packages/PaperloftKit
    /Applications/Xcode.app/Contents/Developer/Toolchains/XcodeDefault.xctoolchain/usr/bin/clang -Xlinker -reproducible -target arm64-apple-macos27.0 -r -isysroot /Applications/Xcode.app/Contents/Developer/Platforms/MacOSX.platform/Developer/SDKs/MacOSX27.0.sdk -O0 -Xlinker -no_warn_duplicate_libraries -F/Users/builder/Factory/paperloft-intents/build/IntentsIntegrationDerivedData/Build/Intermediates.noindex/EagerLinkingTBDs/Debug -F/Users/builder/Factory/paperloft-intents/build/IntentsIntegrationDerivedData/Build/Products/Debug -iframework /Applications/Xcode.app/Contents/Developer/Platforms/MacOSX.platform/Developer/Library/Frameworks -filelist /Users/builder/Factory/paperloft-intents/build/IntentsIntegrationDerivedData/Build/Intermediates.noindex/PaperloftKit.build/Debug/PaperloftKit-t.build/Objects-normal/arm64/PaperloftKit.LinkFileList -nostdlib -Xlinker -object_path_lto -Xlinker /Users/builder/Factory/paperloft-intents/build/IntentsIntegrationDerivedData/Build/Intermediates.noindex/PaperloftKit.build/Debug/PaperloftKit-t.build/Objects-normal/arm64/PaperloftKit_lto.o -Xlinker -no_deduplicate -Xlinker -debug_variant -Xlinker -dependency_info -Xlinker /Users/builder/Factory/paperloft-intents/build/IntentsIntegrationDerivedData/Build/Intermediates.noindex/PaperloftKit.build/Debug/PaperloftKit-t.build/Objects-normal/arm64/PaperloftKit_dependency_info.dat -fobjc-link-runtime -L/Applications/Xcode.app/Contents/Developer/Toolchains/XcodeDefault.xctoolchain/usr/lib/swift/macosx -L/usr/lib/swift -Xlinker -add_ast_path -Xlinker /Users/builder/Factory/paperloft-intents/build/IntentsIntegrationDerivedData/Build/Intermediates.noindex/PaperloftKit.build/Debug/PaperloftKit-t.build/Objects-normal/arm64/PaperloftKit.swiftmodule -o /Users/builder/Factory/paperloft-intents/build/IntentsIntegrationDerivedData/Build/Products/Debug/PaperloftKit.o

LinkAssetCatalog /Users/builder/Factory/paperloft-intents/Apps/PaperloftApp/Resources/Assets.xcassets (in target 'PaperloftApp' from project 'Paperloft')
    cd /Users/builder/Factory/paperloft-intents
    builtin-linkAssetCatalog --thinned /Users/builder/Factory/paperloft-intents/build/IntentsIntegrationDerivedData/Build/Intermediates.noindex/Paperloft.build/Debug/PaperloftApp.build/assetcatalog_output/thinned --thinned-dependencies /Users/builder/Factory/paperloft-intents/build/IntentsIntegrationDerivedData/Build/Intermediates.noindex/Paperloft.build/Debug/PaperloftApp.build/assetcatalog_dependencies_thinned --thinned-info-plist-content /Users/builder/Factory/paperloft-intents/build/IntentsIntegrationDerivedData/Build/Intermediates.noindex/Paperloft.build/Debug/PaperloftApp.build/assetcatalog_generated_info.plist_thinned --unthinned /Users/builder/Factory/paperloft-intents/build/IntentsIntegrationDerivedData/Build/Intermediates.noindex/Paperloft.build/Debug/PaperloftApp.build/assetcatalog_output/unthinned --unthinned-dependencies /Users/builder/Factory/paperloft-intents/build/IntentsIntegrationDerivedData/Build/Intermediates.noindex/Paperloft.build/Debug/PaperloftApp.build/assetcatalog_dependencies_unthinned --unthinned-info-plist-content /Users/builder/Factory/paperloft-intents/build/IntentsIntegrationDerivedData/Build/Intermediates.noindex/Paperloft.build/Debug/PaperloftApp.build/assetcatalog_generated_info.plist_unthinned --output /Users/builder/Factory/paperloft-intents/build/IntentsIntegrationDerivedData/Build/Products/Debug/Paperloft\ Receipts.app/Contents/Resources --plist-output /Users/builder/Factory/paperloft-intents/build/IntentsIntegrationDerivedData/Build/Intermediates.noindex/Paperloft.build/Debug/PaperloftApp.build/assetcatalog_generated_info.plist
note: Emplaced /Users/builder/Factory/paperloft-intents/build/IntentsIntegrationDerivedData/Build/Products/Debug/Paperloft Receipts.app/Contents/Resources/Assets.car (in target 'PaperloftApp' from project 'Paperloft')

ExtractAppIntentsMetadata (in target 'PaperloftKit' from project 'PaperloftKit')
    cd /Users/builder/Factory/paperloft-intents/Packages/PaperloftKit
    /Applications/Xcode.app/Contents/Developer/Toolchains/XcodeDefault.xctoolchain/usr/bin/appintentsmetadataprocessor --toolchain-dir /Applications/Xcode.app/Contents/Developer/Toolchains/XcodeDefault.xctoolchain --module-name PaperloftKit --sdk-root /Applications/Xcode.app/Contents/Developer/Platforms/MacOSX.platform/Developer/SDKs/MacOSX27.0.sdk --xcode-version 27A266a --platform-family macOS --deployment-target 27.0 --bundle-identifier paperloftkit.PaperloftKit --output /Users/builder/Factory/paperloft-intents/build/IntentsIntegrationDerivedData/Build/Products/Debug/PaperloftKit.appintents --target-triple arm64-apple-macos27.0 --binary-file /Users/builder/Factory/paperloft-intents/build/IntentsIntegrationDerivedData/Build/Products/Debug/PaperloftKit.o --dependency-file /Users/builder/Factory/paperloft-intents/build/IntentsIntegrationDerivedData/Build/Intermediates.noindex/PaperloftKit.build/Debug/PaperloftKit-t.build/Objects-normal/arm64/PaperloftKit_dependency_info.dat --stringsdata-file /Users/builder/Factory/paperloft-intents/build/IntentsIntegrationDerivedData/Build/Intermediates.noindex/PaperloftKit.build/Debug/PaperloftKit-t.build/Objects-normal/arm64/ExtractedAppShortcutsMetadata.stringsdata --source-file-list /Users/builder/Factory/paperloft-intents/build/IntentsIntegrationDerivedData/Build/Intermediates.noindex/PaperloftKit.build/Debug/PaperloftKit-t.build/Objects-normal/arm64/PaperloftKit.SwiftFileList --metadata-file-list /Users/builder/Factory/paperloft-intents/build/IntentsIntegrationDerivedData/Build/Intermediates.noindex/PaperloftKit.build/Debug/PaperloftKit-t.build/PaperloftKit.DependencyMetadataFileList --static-metadata-file-list /Users/builder/Factory/paperloft-intents/build/IntentsIntegrationDerivedData/Build/Intermediates.noindex/PaperloftKit.build/Debug/PaperloftKit-t.build/PaperloftKit.DependencyStaticMetadataFileList --swift-const-vals-list /Users/builder/Factory/paperloft-intents/build/IntentsIntegrationDerivedData/Build/Intermediates.noindex/PaperloftKit.build/Debug/PaperloftKit-t.build/Objects-normal/arm64/PaperloftKit.SwiftConstValuesFileList --force --compile-time-extraction --deployment-aware-processing --no-app-shortcuts-localization
2026-09-26 23:51:58.178 appintentsmetadataprocessor[86148:1278852] Starting appintentsmetadataprocessor export
2026-09-26 23:51:58.269 appintentsmetadataprocessor[86148:1278852] Extracted no relevant App Intents symbols, skipping writing output

SwiftExplicitDependencyGeneratePcm arm64 /Users/builder/Factory/paperloft-intents/build/IntentsIntegrationDerivedData/SDKExplicitPrecompiledModules/CoreGraphics-7HWGJYMQ8WD3G44M3FV5D8NE9.pcm

SwiftExplicitDependencyGeneratePcm arm64 /Users/builder/Factory/paperloft-intents/build/IntentsIntegrationDerivedData/SDKExplicitPrecompiledModules/DiskArbitration-9KA9HRH9JFV48343R1Y1EVCV2.pcm

ProcessInfoPlistFile /Users/builder/Factory/paperloft-intents/build/IntentsIntegrationDerivedData/Build/Products/Debug/PaperloftKitTests.xctest/Contents/Info.plist /Users/builder/Factory/paperloft-intents/build/IntentsIntegrationDerivedData/Build/Intermediates.noindex/Paperloft.build/Debug/PaperloftKitTests.build/empty-PaperloftKitTests.plist (in target 'PaperloftKitTests' from project 'Paperloft')
    cd /Users/builder/Factory/paperloft-intents
    builtin-infoPlistUtility /Users/builder/Factory/paperloft-intents/build/IntentsIntegrationDerivedData/Build/Intermediates.noindex/Paperloft.build/Debug/PaperloftKitTests.build/empty-PaperloftKitTests.plist -producttype com.apple.product-type.bundle.unit-test -expandbuildsettings -platform macosx -o /Users/builder/Factory/paperloft-intents/build/IntentsIntegrationDerivedData/Build/Products/Debug/PaperloftKitTests.xctest/Contents/Info.plist

ProcessInfoPlistFile /Users/builder/Factory/paperloft-intents/build/IntentsIntegrationDerivedData/Build/Products/Debug/PaperloftIntentLogicTests.xctest/Contents/Info.plist /Users/builder/Factory/paperloft-intents/build/IntentsIntegrationDerivedData/Build/Intermediates.noindex/Paperloft.build/Debug/PaperloftIntentLogicTests.build/empty-PaperloftIntentLogicTests.plist (in target 'PaperloftIntentLogicTests' from project 'Paperloft')
    cd /Users/builder/Factory/paperloft-intents
    builtin-infoPlistUtility /Users/builder/Factory/paperloft-intents/build/IntentsIntegrationDerivedData/Build/Intermediates.noindex/Paperloft.build/Debug/PaperloftIntentLogicTests.build/empty-PaperloftIntentLogicTests.plist -producttype com.apple.product-type.bundle.unit-test -expandbuildsettings -platform macosx -o /Users/builder/Factory/paperloft-intents/build/IntentsIntegrationDerivedData/Build/Products/Debug/PaperloftIntentLogicTests.xctest/Contents/Info.plist

ProcessInfoPlistFile /Users/builder/Factory/paperloft-intents/build/IntentsIntegrationDerivedData/Build/Products/Debug/Paperloft\ Receipts.app/Contents/Info.plist /Users/builder/Factory/paperloft-intents/Configuration/Info.plist (in target 'PaperloftApp' from project 'Paperloft')
    cd /Users/builder/Factory/paperloft-intents
    builtin-infoPlistUtility /Users/builder/Factory/paperloft-intents/Configuration/Info.plist -producttype com.apple.product-type.application -genpkginfo /Users/builder/Factory/paperloft-intents/build/IntentsIntegrationDerivedData/Build/Products/Debug/Paperloft\ Receipts.app/Contents/PkgInfo -expandbuildsettings -platform macosx -additionalcontentfile /Users/builder/Factory/paperloft-intents/build/IntentsIntegrationDerivedData/Build/Intermediates.noindex/Paperloft.build/Debug/PaperloftApp.build/assetcatalog_generated_info.plist -o /Users/builder/Factory/paperloft-intents/build/IntentsIntegrationDerivedData/Build/Products/Debug/Paperloft\ Receipts.app/Contents/Info.plist

CpResource /Users/builder/Factory/paperloft-intents/build/IntentsIntegrationDerivedData/Build/Products/Debug/Paperloft\ Receipts.app/Contents/Resources/PrivacyInfo.xcprivacy /Users/builder/Factory/paperloft-intents/Apps/PaperloftApp/PrivacyInfo.xcprivacy (in target 'PaperloftApp' from project 'Paperloft')
    cd /Users/builder/Factory/paperloft-intents
    builtin-copy -exclude .DS_Store -exclude CVS -exclude .svn -exclude .git -exclude .hg -strip-unsigned-binaries -strip-deterministic -strip-tool /Applications/Xcode.app/Contents/Developer/Toolchains/XcodeDefault.xctoolchain/usr/bin/strip -resolve-src-symlinks /Users/builder/Factory/paperloft-intents/Apps/PaperloftApp/PrivacyInfo.xcprivacy /Users/builder/Factory/paperloft-intents/build/IntentsIntegrationDerivedData/Build/Products/Debug/Paperloft\ Receipts.app/Contents/Resources

CpResource /Users/builder/Factory/paperloft-intents/build/IntentsIntegrationDerivedData/Build/Products/Debug/Paperloft\ Receipts.app/Contents/Resources/05-utilities.pdf /Users/builder/Factory/paperloft-intents/Apps/PaperloftApp/Resources/Samples/05-utilities.pdf (in target 'PaperloftApp' from project 'Paperloft')
    cd /Users/builder/Factory/paperloft-intents
    builtin-copy -exclude .DS_Store -exclude CVS -exclude .svn -exclude .git -exclude .hg -strip-unsigned-binaries -strip-deterministic -strip-tool /Applications/Xcode.app/Contents/Developer/Toolchains/XcodeDefault.xctoolchain/usr/bin/strip -resolve-src-symlinks /Users/builder/Factory/paperloft-intents/Apps/PaperloftApp/Resources/Samples/05-utilities.pdf /Users/builder/Factory/paperloft-intents/build/IntentsIntegrationDerivedData/Build/Products/Debug/Paperloft\ Receipts.app/Contents/Resources

CpResource /Users/builder/Factory/paperloft-intents/build/IntentsIntegrationDerivedData/Build/Products/Debug/Paperloft\ Receipts.app/Contents/Resources/04-software.pdf /Users/builder/Factory/paperloft-intents/Apps/PaperloftApp/Resources/Samples/04-software.pdf (in target 'PaperloftApp' from project 'Paperloft')
    cd /Users/builder/Factory/paperloft-intents
    builtin-copy -exclude .DS_Store -exclude CVS -exclude .svn -exclude .git -exclude .hg -strip-unsigned-binaries -strip-deterministic -strip-tool /Applications/Xcode.app/Contents/Developer/Toolchains/XcodeDefault.xctoolchain/usr/bin/strip -resolve-src-symlinks /Users/builder/Factory/paperloft-intents/Apps/PaperloftApp/Resources/Samples/04-software.pdf /Users/builder/Factory/paperloft-intents/build/IntentsIntegrationDerivedData/Build/Products/Debug/Paperloft\ Receipts.app/Contents/Resources

CpResource /Users/builder/Factory/paperloft-intents/build/IntentsIntegrationDerivedData/Build/Products/Debug/Paperloft\ Receipts.app/Contents/Resources/03-travel.pdf /Users/builder/Factory/paperloft-intents/Apps/PaperloftApp/Resources/Samples/03-travel.pdf (in target 'PaperloftApp' from project 'Paperloft')
    cd /Users/builder/Factory/paperloft-intents
    builtin-copy -exclude .DS_Store -exclude CVS -exclude .svn -exclude .git -exclude .hg -strip-unsigned-binaries -strip-deterministic -strip-tool /Applications/Xcode.app/Contents/Developer/Toolchains/XcodeDefault.xctoolchain/usr/bin/strip -resolve-src-symlinks /Users/builder/Factory/paperloft-intents/Apps/PaperloftApp/Resources/Samples/03-travel.pdf /Users/builder/Factory/paperloft-intents/build/IntentsIntegrationDerivedData/Build/Products/Debug/Paperloft\ Receipts.app/Contents/Resources

CpResource /Users/builder/Factory/paperloft-intents/build/IntentsIntegrationDerivedData/Build/Products/Debug/Paperloft\ Receipts.app/Contents/Resources/02-meal.pdf /Users/builder/Factory/paperloft-intents/Apps/PaperloftApp/Resources/Samples/02-meal.pdf (in target 'PaperloftApp' from project 'Paperloft')
    cd /Users/builder/Factory/paperloft-intents
    builtin-copy -exclude .DS_Store -exclude CVS -exclude .svn -exclude .git -exclude .hg -strip-unsigned-binaries -strip-deterministic -strip-tool /Applications/Xcode.app/Contents/Developer/Toolchains/XcodeDefault.xctoolchain/usr/bin/strip -resolve-src-symlinks /Users/builder/Factory/paperloft-intents/Apps/PaperloftApp/Resources/Samples/02-meal.pdf /Users/builder/Factory/paperloft-intents/build/IntentsIntegrationDerivedData/Build/Products/Debug/Paperloft\ Receipts.app/Contents/Resources

Ld /Users/builder/Factory/paperloft-intents/build/IntentsIntegrationDerivedData/Build/Products/Debug/Paperloft\ Receipts.app/Contents/MacOS/__preview.dylib normal (in target 'PaperloftApp' from project 'Paperloft')
    cd /Users/builder/Factory/paperloft-intents
    /Applications/Xcode.app/Contents/Developer/Toolchains/XcodeDefault.xctoolchain/usr/bin/clang -Xlinker -reproducible -target arm64-apple-macos27.0 -dynamiclib -isysroot /Applications/Xcode.app/Contents/Developer/Platforms/MacOSX.platform/Developer/SDKs/MacOSX27.0.sdk -Os -Xlinker -no_warn_duplicate_libraries -L/Users/builder/Factory/paperloft-intents/build/IntentsIntegrationDerivedData/Build/Products/Debug -F/Users/builder/Factory/paperloft-intents/build/IntentsIntegrationDerivedData/Build/Products/Debug/PackageFrameworks -F/Users/builder/Factory/paperloft-intents/build/IntentsIntegrationDerivedData/Build/Products/Debug -install_name @rpath/Paperloft\ Receipts.debug.dylib -rdynamic -Xlinker -debug_variant -Xlinker -dependency_info -Xlinker /Users/builder/Factory/paperloft-intents/build/IntentsIntegrationDerivedData/Build/Intermediates.noindex/Paperloft.build/Debug/PaperloftApp.build/Objects-normal/arm64/Paperloft\ Receipts_dependency_info.dat -Xlinker -no_adhoc_codesign -o /Users/builder/Factory/paperloft-intents/build/IntentsIntegrationDerivedData/Build/Products/Debug/Paperloft\ Receipts.app/Contents/MacOS/__preview.dylib

CpResource /Users/builder/Factory/paperloft-intents/build/IntentsIntegrationDerivedData/Build/Products/Debug/Paperloft\ Receipts.app/Contents/Resources/01-office.pdf /Users/builder/Factory/paperloft-intents/Apps/PaperloftApp/Resources/Samples/01-office.pdf (in target 'PaperloftApp' from project 'Paperloft')
    cd /Users/builder/Factory/paperloft-intents
    builtin-copy -exclude .DS_Store -exclude CVS -exclude .svn -exclude .git -exclude .hg -strip-unsigned-binaries -strip-deterministic -strip-tool /Applications/Xcode.app/Contents/Developer/Toolchains/XcodeDefault.xctoolchain/usr/bin/strip -resolve-src-symlinks /Users/builder/Factory/paperloft-intents/Apps/PaperloftApp/Resources/Samples/01-office.pdf /Users/builder/Factory/paperloft-intents/build/IntentsIntegrationDerivedData/Build/Products/Debug/Paperloft\ Receipts.app/Contents/Resources

SwiftExplicitDependencyGeneratePcm arm64 /Users/builder/Factory/paperloft-intents/build/IntentsIntegrationDerivedData/SDKExplicitPrecompiledModules/CoreServices-20MB9KLVY6KSV1MTIOJDF2XX5.pcm

SwiftExplicitDependencyGeneratePcm arm64 /Users/builder/Factory/paperloft-intents/build/IntentsIntegrationDerivedData/SDKExplicitPrecompiledModules/CoreText-BB7AFRKKPYEIJ2SGEJ6L2U54H.pcm

SwiftExplicitDependencyGeneratePcm arm64 /Users/builder/Factory/paperloft-intents/build/IntentsIntegrationDerivedData/SDKExplicitPrecompiledModules/ImageIO-DHXYY3R4YPTUPNBHS87O6KEUF.pcm

SwiftExplicitDependencyGeneratePcm arm64 /Users/builder/Factory/paperloft-intents/build/IntentsIntegrationDerivedData/SDKExplicitPrecompiledModules/Foundation-99CIFOHCWAQINO4HAUP408DPZ.pcm

SwiftExplicitDependencyGeneratePcm arm64 /Users/builder/Factory/paperloft-intents/build/IntentsIntegrationDerivedData/SDKExplicitPrecompiledModules/ApplicationServices-8KI6AJVDGMRMRFM1XYKVGHN4G.pcm

SwiftExplicitDependencyGeneratePcm arm64 /Users/builder/Factory/paperloft-intents/build/IntentsIntegrationDerivedData/SDKExplicitPrecompiledModules/LocalAuthentication-ELPEF5QCSPSLAK60K6Z1HHKYN.pcm

SwiftExplicitDependencyGeneratePcm arm64 /Users/builder/Factory/paperloft-intents/build/IntentsIntegrationDerivedData/SDKExplicitPrecompiledModules/Network-CG9VMU3X4MCMNFKNB3Q172QDO.pcm

SwiftExplicitDependencyGeneratePcm arm64 /Users/builder/Factory/paperloft-intents/build/IntentsIntegrationDerivedData/SDKExplicitPrecompiledModules/AppIntentsTypeSupport-ABH88XL2TJU3WR9BAOB4JUSGI.pcm

SwiftExplicitDependencyGeneratePcm arm64 /Users/builder/Factory/paperloft-intents/build/IntentsIntegrationDerivedData/SDKExplicitPrecompiledModules/Accessibility-8B52TQW6POJ34U2BEH1U2M4PU.pcm

SwiftExplicitDependencyGeneratePcm arm64 /Users/builder/Factory/paperloft-intents/build/IntentsIntegrationDerivedData/SDKExplicitPrecompiledModules/Symbols-7UER6M3I42993V9K8WY1GIGXS.pcm

SwiftExplicitDependencyGeneratePcm arm64 /Users/builder/Factory/paperloft-intents/build/IntentsIntegrationDerivedData/SDKExplicitPrecompiledModules/OSLog-7Z5TVBCSVCHBUDGCVNBZX3498.pcm

SwiftExplicitDependencyGeneratePcm arm64 /Users/builder/Factory/paperloft-intents/build/IntentsIntegrationDerivedData/SDKExplicitPrecompiledModules/CoreMIDI-114J6N7UIHYCU5TGIYBIPMCTI.pcm

SwiftExplicitDependencyGeneratePcm arm64 /Users/builder/Factory/paperloft-intents/build/IntentsIntegrationDerivedData/SDKExplicitPrecompiledModules/IOSurface-OK7KUUJH7W22MJN9330LVK3I.pcm

SwiftExplicitDependencyGeneratePcm arm64 /Users/builder/Factory/paperloft-intents/build/IntentsIntegrationDerivedData/SDKExplicitPrecompiledModules/CoreTransferable-EV92DZIEBHKBCZROZ3TDH6SNJ.pcm

SwiftExplicitDependencyGeneratePcm arm64 /Users/builder/Factory/paperloft-intents/build/IntentsIntegrationDerivedData/SDKExplicitPrecompiledModules/CoreAudio-22Y6MXG7HG7W4A2PP0AHWQ0OA.pcm

SwiftExplicitDependencyGeneratePcm arm64 /Users/builder/Factory/paperloft-intents/build/IntentsIntegrationDerivedData/SDKExplicitPrecompiledModules/_LocationEssentials-61TMZZWT2O99PS5OQ5ICOR855.pcm

SwiftExplicitDependencyGeneratePcm arm64 /Users/builder/Factory/paperloft-intents/build/IntentsIntegrationDerivedData/SDKExplicitPrecompiledModules/AppIntents-4HV7NC3VGNOCDQVOOJ6K77YBC.pcm

SwiftExplicitDependencyCompileModuleFromInterface arm64 /Users/builder/Factory/paperloft-intents/build/IntentsIntegrationDerivedData/Build/Intermediates.noindex/SwiftExplicitPrecompiledModules/_Testing_Foundation-LBKAPV1L2D15.swiftmodule

SwiftExplicitDependencyGeneratePcm arm64 /Users/builder/Factory/paperloft-intents/build/IntentsIntegrationDerivedData/SDKExplicitPrecompiledModules/UniformTypeIdentifiers-AWI573W6EN22J8YDMA0SXM4A8.pcm

SwiftExplicitDependencyGeneratePcm arm64 /Users/builder/Factory/paperloft-intents/build/IntentsIntegrationDerivedData/SDKExplicitPrecompiledModules/CoreData-4TCGJ0ZPCIU6PSP0RU7O8CUE1.pcm

SwiftExplicitDependencyGeneratePcm arm64 /Users/builder/Factory/paperloft-intents/build/IntentsIntegrationDerivedData/SDKExplicitPrecompiledModules/RelevanceKit-3J9DPAGMCJWWX7D3VMTP66YKA.pcm

SwiftExplicitDependencyGeneratePcm arm64 /Users/builder/Factory/paperloft-intents/build/IntentsIntegrationDerivedData/SDKExplicitPrecompiledModules/DataDetection-31R205KCPOYA0PDFAP8O721P2.pcm

SwiftExplicitDependencyGeneratePcm arm64 /Users/builder/Factory/paperloft-intents/build/IntentsIntegrationDerivedData/SDKExplicitPrecompiledModules/Metal-6EHCFJRTS78YPUAO0JN46KKOD.pcm

SwiftExplicitDependencyGeneratePcm arm64 /Users/builder/Factory/paperloft-intents/build/IntentsIntegrationDerivedData/SDKExplicitPrecompiledModules/OpenGL-2HWO8M1V5B8744XZGNB2HMCBI.pcm

SwiftExplicitDependencyGeneratePcm arm64 /Users/builder/Factory/paperloft-intents/build/IntentsIntegrationDerivedData/SDKExplicitPrecompiledModules/CoreLocation-7GE38K48BBV58MUAB7WFGRSTS.pcm

SwiftExplicitDependencyGeneratePcm arm64 /Users/builder/Factory/paperloft-intents/build/IntentsIntegrationDerivedData/SDKExplicitPrecompiledModules/CoreSpotlight-6EFK27PA5OE5U1BAKGB5YKGCI.pcm

SwiftExplicitDependencyCompileModuleFromInterface arm64 /Users/builder/Factory/paperloft-intents/build/IntentsIntegrationDerivedData/Build/Intermediates.noindex/SwiftExplicitPrecompiledModules/_Testing_CoreGraphics-18VD5R67GTF4S.swiftmodule

SwiftExplicitDependencyGeneratePcm arm64 /Users/builder/Factory/paperloft-intents/build/IntentsIntegrationDerivedData/SDKExplicitPrecompiledModules/Carbon-7VAT2VLAIN4DKB4ZX4LMDZID4.pcm

SwiftExplicitDependencyGeneratePcm arm64 /Users/builder/Factory/paperloft-intents/build/IntentsIntegrationDerivedData/SDKExplicitPrecompiledModules/QuickLook-2OJIEC3S7YZMAEE758OLFUPA6.pcm

SwiftExplicitDependencyGeneratePcm arm64 /Users/builder/Factory/paperloft-intents/build/IntentsIntegrationDerivedData/SDKExplicitPrecompiledModules/CoreVideo-ED9GS1XIVN88CTEWDY554Y7SO.pcm

SwiftExplicitDependencyGeneratePcm arm64 /Users/builder/Factory/paperloft-intents/build/IntentsIntegrationDerivedData/SDKExplicitPrecompiledModules/AudioToolbox-CI8LH8HH18PK865TKL2WER6U5.pcm

SwiftExplicitDependencyGeneratePcm arm64 /Users/builder/Factory/paperloft-intents/build/IntentsIntegrationDerivedData/SDKExplicitPrecompiledModules/QuartzCore-6N0KLDQ332741JNYVPD714OCM.pcm

SwiftExplicitDependencyGeneratePcm arm64 /Users/builder/Factory/paperloft-intents/build/IntentsIntegrationDerivedData/SDKExplicitPrecompiledModules/Accelerate-7HZV6PKZE6JEM1KV5TCB8RK60.pcm

SwiftExplicitDependencyGeneratePcm arm64 /Users/builder/Factory/paperloft-intents/build/IntentsIntegrationDerivedData/SDKExplicitPrecompiledModules/CoreImage-R3H48LB524NAUN61QMP8IIKC.pcm

SwiftExplicitDependencyGeneratePcm arm64 /Users/builder/Factory/paperloft-intents/build/IntentsIntegrationDerivedData/SDKExplicitPrecompiledModules/CoreML-1QCL0FKSD4LWTH1G58FGS8M25.pcm

SwiftExplicitDependencyGeneratePcm arm64 /Users/builder/Factory/paperloft-intents/build/IntentsIntegrationDerivedData/SDKExplicitPrecompiledModules/CoreMedia-B4DV5ECR1DC9PMLK35WKEN5SW.pcm

SwiftExplicitDependencyGeneratePcm arm64 /Users/builder/Factory/paperloft-intents/build/IntentsIntegrationDerivedData/SDKExplicitPrecompiledModules/SwiftUICore-85BO94PEEOS95IYR4UK5ZPFM8.pcm

SwiftExplicitDependencyGeneratePcm arm64 /Users/builder/Factory/paperloft-intents/build/IntentsIntegrationDerivedData/SDKExplicitPrecompiledModules/AppKit-1Q6GXSGR2RTRY2EFW5Z5PPK06.pcm

SwiftExplicitDependencyGeneratePcm arm64 /Users/builder/Factory/paperloft-intents/build/IntentsIntegrationDerivedData/SDKExplicitPrecompiledModules/AVFAudio-MHX2362IT8MXQD8X8VMVL8FF.pcm

SwiftExplicitDependencyGeneratePcm arm64 /Users/builder/Factory/paperloft-intents/build/IntentsIntegrationDerivedData/SDKExplicitPrecompiledModules/Vision-AZYUHPH1AZ0QB843MDXI5CO2F.pcm

SwiftExplicitDependencyGeneratePcm arm64 /Users/builder/Factory/paperloft-intents/build/IntentsIntegrationDerivedData/SDKExplicitPrecompiledModules/MediaToolbox-3CD74UPL1MQNE0FMN5JF3JYEI.pcm

SwiftExplicitDependencyGeneratePcm arm64 /Users/builder/Factory/paperloft-intents/build/IntentsIntegrationDerivedData/SDKExplicitPrecompiledModules/VideoToolbox-7VGYV5KK920GFEGC5BZKCS8W6.pcm

SwiftExplicitDependencyGeneratePcm arm64 /Users/builder/Factory/paperloft-intents/build/IntentsIntegrationDerivedData/SDKExplicitPrecompiledModules/AVFoundation-7Q4FYU39JSZC3NQFBHPNMW0A8.pcm

SwiftExplicitDependencyGeneratePcm arm64 /Users/builder/Factory/paperloft-intents/build/IntentsIntegrationDerivedData/SDKExplicitPrecompiledModules/Cocoa-7LM5RB3E4V2YJ9SZE2QKF2BRJ.pcm

SwiftExplicitDependencyGeneratePcm arm64 /Users/builder/Factory/paperloft-intents/build/IntentsIntegrationDerivedData/SDKExplicitPrecompiledModules/SwiftUI-9E093DW7HCQDTF6XLRU0ZLYSD.pcm

SwiftExplicitDependencyGeneratePcm arm64 /Users/builder/Factory/paperloft-intents/build/IntentsIntegrationDerivedData/Build/Intermediates.noindex/SwiftExplicitPrecompiledModules/XCUIAutomation-AQKM2JWODZ79R46HITI6S72WL.pcm

SwiftExplicitDependencyGeneratePcm arm64 /Users/builder/Factory/paperloft-intents/build/IntentsIntegrationDerivedData/SDKExplicitPrecompiledModules/PDFKit-ESYT3PHHKYTAV8NAXM0YHFT5P.pcm

SwiftExplicitDependencyGeneratePcm arm64 /Users/builder/Factory/paperloft-intents/build/IntentsIntegrationDerivedData/SDKExplicitPrecompiledModules/ImageCaptureCore-7YVC7UOXPOBHFRBIRIJYT9964.pcm

SwiftExplicitDependencyGeneratePcm arm64 /Users/builder/Factory/paperloft-intents/build/IntentsIntegrationDerivedData/Build/Intermediates.noindex/SwiftExplicitPrecompiledModules/XCTest-E40JPWMT46N6CLPW183FRLQXR.pcm

SwiftExplicitDependencyCompileModuleFromInterface arm64 /Users/builder/Factory/paperloft-intents/build/IntentsIntegrationDerivedData/Build/Intermediates.noindex/SwiftExplicitPrecompiledModules/XCUIAutomation-1TH8G1DDI91BD.swiftmodule

SwiftExplicitDependencyGeneratePcm arm64 /Users/builder/Factory/paperloft-intents/build/IntentsIntegrationDerivedData/SDKExplicitPrecompiledModules/QuickLookUI-BDAHBVXY0XRM9OXRNAF5AFQB.pcm

SwiftExplicitDependencyGeneratePcm arm64 /Users/builder/Factory/paperloft-intents/build/IntentsIntegrationDerivedData/SDKExplicitPrecompiledModules/Quartz-DNVOSH9HDMTS32VFN4HPOJRAY.pcm

SwiftExplicitDependencyCompileModuleFromInterface arm64 /Users/builder/Factory/paperloft-intents/build/IntentsIntegrationDerivedData/Build/Intermediates.noindex/SwiftExplicitPrecompiledModules/XCTest-1JKHTD33ZWXOT.swiftmodule

SwiftEmitModule normal arm64 Emitting\ module\ for\ Paperloft_Receipts (in target 'PaperloftApp' from project 'Paperloft')

SwiftCompile normal arm64 (in target 'PaperloftApp' from project 'Paperloft')
    cd /Users/builder/Factory/paperloft-intents
    

SwiftCompile normal arm64 Compiling\ AppModel.swift /Users/builder/Factory/paperloft-intents/Apps/PaperloftApp/AppModel.swift (in target 'PaperloftApp' from project 'Paperloft')
/Users/builder/Factory/paperloft-intents/Apps/PaperloftApp/AppModel.swift:462:15: error: cannot find 'LibraryFiles' in scope
460 |         guard !data.isEmpty else { throw PaperloftIntentError.emptyDocument }
461 |         let name = URL(fileURLWithPath: filename).lastPathComponent
462 |         guard LibraryFiles.extensions.contains(URL(fileURLWithPath: name).pathExtension.lowercased()) else { throw PaperloftIntentError.unsupportedDocument }
    |               `- error: cannot find 'LibraryFiles' in scope
463 |         busy = true; defer { busy = false }
464 |         let folder = support.appendingPathComponent("Intent-Imports", isDirectory: true).appendingPathComponent(UUID().uuidString, isDirectory: true)
Failed frontend command:

SwiftCompile normal arm64 /Users/builder/Factory/paperloft-intents/Apps/PaperloftApp/AppModel.swift (in target 'PaperloftApp' from project 'Paperloft')
    cd /Users/builder/Factory/paperloft-intents
    builtin-SwiftPerFileCompile AppModel.swift

/Applications/Xcode.app/Contents/Developer/Toolchains/XcodeDefault.xctoolchain/usr/bin/swift-frontend -frontend -c /Users/builder/Factory/paperloft-intents/Apps/PaperloftApp/AccessiblePicker.swift -primary-file /Users/builder/Factory/paperloft-intents/Apps/PaperloftApp/AppModel.swift /Users/builder/Factory/paperloft-intents/Apps/PaperloftApp/ExportView.swift /Users/builder/Factory/paperloft-intents/Apps/PaperloftApp/LibraryView.swift /Users/builder/Factory/paperloft-intents/Apps/PaperloftApp/PaperloftApp.swift /Users/builder/Factory/paperloft-intents/Apps/PaperloftApp/PaperloftIntents.swift /Users/builder/Factory/paperloft-intents/Apps/PaperloftApp/WindowAccessibility.swift /Users/builder/Factory/paperloft-intents/build/IntentsIntegrationDerivedData/Build/Intermediates.noindex/Paperloft.build/Debug/PaperloftApp.build/DerivedSources/GeneratedAssetSymbols.swift -emit-dependencies-path /Users/builder/Factory/paperloft-intents/build/IntentsIntegrationDerivedData/Build/Intermediates.noindex/Paperloft.build/Debug/PaperloftApp.build/Objects-normal/arm64/AppModel.d -emit-const-values-path /Users/builder/Factory/paperloft-intents/build/IntentsIntegrationDerivedData/Build/Intermediates.noindex/Paperloft.build/Debug/PaperloftApp.build/Objects-normal/arm64/AppModel.swiftconstvalues -emit-reference-dependencies-path /Users/builder/Factory/paperloft-intents/build/IntentsIntegrationDerivedData/Build/Intermediates.noindex/Paperloft.build/Debug/PaperloftApp.build/Objects-normal/arm64/AppModel.swiftdeps -serialize-diagnostics-path /Users/builder/Factory/paperloft-intents/build/IntentsIntegrationDerivedData/Build/Intermediates.noindex/Paperloft.build/Debug/PaperloftApp.build/Objects-normal/arm64/AppModel.dia -target arm64-apple-macos27.0 -module-can-import-version DeveloperToolsSupport 24.0.24 24.0.24 -disable-cross-import-overlay-search -swift-module-cross-import AppIntents /Applications/Xcode.app/Contents/Developer/Platforms/MacOSX.platform/Developer/SDKs/MacOSX.sdk/System/Library/Frameworks/AppIntents.framework/Modules/AppIntents.swiftcrossimport/AppKit.swiftoverlay -swift-module-cross-import AppIntents /Applications/Xcode.app/Contents/Developer/Platforms/MacOSX.platform/Developer/SDKs/MacOSX.sdk/System/Library/Frameworks/AppIntents.framework/Modules/AppIntents.swiftcrossimport/HealthKit.swiftoverlay -swift-module-cross-import AppIntents /Applications/Xcode.app/Contents/Developer/Platforms/MacOSX.platform/Developer/SDKs/MacOSX.sdk/System/Library/Frameworks/AppIntents.framework/Modules/AppIntents.swiftcrossimport/SwiftUI.swiftoverlay -swift-module-cross-import AppIntents /Applications/Xcode.app/Contents/Developer/Platforms/MacOSX.platform/Developer/SDKs/MacOSX.sdk/System/Library/Frameworks/AppIntents.framework/Modules/AppIntents.swiftcrossimport/UIKit.swiftoverlay -swift-module-cross-import AppIntents /Applications/Xcode.app/Contents/Developer/Platforms/MacOSX.platform/Developer/SDKs/MacOSX27.0.sdk/System/Library/Frameworks/AppIntents.framework/Modules/AppIntents.swiftcrossimport/AppKit.swiftoverlay -swift-module-cross-import AppIntents /Applications/Xcode.app/Contents/Developer/Platforms/MacOSX.platform/Developer/SDKs/MacOSX27.0.sdk/System/Library/Frameworks/AppIntents.framework/Modules/AppIntents.swiftcrossimport/HealthKit.swiftoverlay -swift-module-cross-import AppIntents /Applications/Xcode.app/Contents/Developer/Platforms/MacOSX.platform/Developer/SDKs/MacOSX27.0.sdk/System/Library/Frameworks/AppIntents.framework/Modules/AppIntents.swiftcrossimport/SwiftUI.swiftoverlay -swift-module-cross-import AppIntents /Applications/Xcode.app/Contents/Developer/Platforms/MacOSX.platform/Developer/SDKs/MacOSX27.0.sdk/System/Library/Frameworks/AppIntents.framework/Modules/AppIntents.swiftcrossimport/UIKit.swiftoverlay -swift-module-cross-import QuickLook /Applications/Xcode.app/Contents/Developer/Platforms/MacOSX.platform/Developer/SDKs/MacOSX.sdk/System/Library/Frameworks/QuickLook.framework/Modules/QuickLook.swiftcrossimport/SwiftUI.swiftoverlay -load-resolved-plugin /Applications/Xcode.app/Contents/Developer/Platforms/MacOSX.platform/Developer/usr/lib/swift/host/plugins/libAppIntentsMacros.dylib\#/Applications/Xcode.app/Contents/Developer/Platforms/MacOSX.platform/Developer/usr/bin/swift-plugin-server\#AppIntentsMacros -load-resolved-plugin /Applications/Xcode.app/Contents/Developer/Platforms/MacOSX.platform/Developer/usr/lib/swift/host/plugins/libFoundationMacros.dylib\#/Applications/Xcode.app/Contents/Developer/Platforms/MacOSX.platform/Developer/usr/bin/swift-plugin-server\#FoundationMacros -load-resolved-plugin /Applications/Xcode.app/Contents/Developer/Platforms/MacOSX.platform/Developer/usr/lib/swift/host/plugins/libFoundationModelsMacros.dylib\#/Applications/Xcode.app/Contents/Developer/Platforms/MacOSX.platform/Developer/usr/bin/swift-plugin-server\#FoundationModelsMacros -load-resolved-plugin /Applications/Xcode.app/Contents/Developer/Platforms/MacOSX.platform/Developer/usr/lib/swift/host/plugins/libObservationMacros.dylib\#/Applications/Xcode.app/Contents/Developer/Platforms/MacOSX.platform/Developer/usr/bin/swift-plugin-server\#ObservationMacros -load-resolved-plugin /Applications/Xcode.app/Contents/Developer/Platforms/MacOSX.platform/Developer/usr/lib/swift/host/plugins/libPreviewsMacros.dylib\#/Applications/Xcode.app/Contents/Developer/Platforms/MacOSX.platform/Developer/usr/bin/swift-plugin-server\#PreviewsMacros -load-resolved-plugin /Applications/Xcode.app/Contents/Developer/Platforms/MacOSX.platform/Developer/usr/lib/swift/host/plugins/libSwiftDataMacros.dylib\#/Applications/Xcode.app/Contents/Developer/Platforms/MacOSX.platform/Developer/usr/bin/swift-plugin-server\#SwiftDataMacros -load-resolved-plugin /Applications/Xcode.app/Contents/Developer/Platforms/MacOSX.platform/Developer/usr/lib/swift/host/plugins/libSwiftMacros.dylib\#/Applications/Xcode.app/Contents/Developer/Platforms/MacOSX.platform/Developer/usr/bin/swift-plugin-server\#SwiftMacros -load-resolved-plugin /Applications/Xcode.app/Contents/Developer/Platforms/MacOSX.platform/Developer/usr/lib/swift/host/plugins/libSwiftUIMacros.dylib\#/Applications/Xcode.app/Contents/Developer/Platforms/MacOSX.platform/Developer/usr/bin/swift-plugin-server\#SwiftUIMacros -disable-implicit-swift-modules -Xcc -fno-implicit-modules -Xcc -fno-implicit-module-maps -explicit-swift-module-map-file /Users/builder/Factory/paperloft-intents/build/IntentsIntegrationDerivedData/Build/Intermediates.noindex/Paperloft.build/Debug/PaperloftApp.build/Objects-normal/arm64/Paperloft_Receipts-dependencies-1.json -Xllvm -aarch64-use-tbi -enable-objc-interop -stack-check -sdk /Applications/Xcode.app/Contents/Developer/Platforms/MacOSX.platform/Developer/SDKs/MacOSX27.0.sdk -I /Users/builder/Factory/paperloft-intents/build/IntentsIntegrationDerivedData/Build/Products/Debug -F /Users/builder/Factory/paperloft-intents/build/IntentsIntegrationDerivedData/Build/Products/Debug/PackageFrameworks -F /Users/builder/Factory/paperloft-intents/build/IntentsIntegrationDerivedData/Build/Products/Debug -module-cache-path /Users/builder/Factory/paperloft-intents/build/IntentsIntegrationDerivedData/Build/Intermediates.noindex/SwiftExplicitPrecompiledModules -no-color-diagnostics -Xcc -fno-color-diagnostics -enable-testing -g -debug-info-format\=dwarf -dwarf-version\=5 -profile-generate -profile-coverage-mapping -warnings-as-errors -warnings-as-errors -swift-version 6 -Onone -D DEBUG -serialize-debugging-options -enable-experimental-feature DebugDescriptionMacro -empty-abi-descriptor -validate-clang-modules-once -clang-build-session-file /Users/builder/Factory/paperloft-intents/build/IntentsIntegrationDerivedData/ModuleCache.noindex/Session.modulevalidation -Xcc -working-directory -Xcc /Users/builder/Factory/paperloft-intents -enable-anonymous-context-mangled-names -file-compilation-dir /Users/builder/Factory/paperloft-intents -Xcc -ivfsstatcache -Xcc /Users/builder/Factory/paperloft-intents/build/IntentsIntegrationDerivedData/SDKStatCaches.noindex/macosx27.0-26A425-7231f6df4def33e022ae2eb8f782df1a.sdkstatcache -Xcc -fmodules-prune-interval\=86400 -Xcc -fmodules-prune-after\=345600 -Xcc -iquote -Xcc /Users/builder/Factory/paperloft-intents/build/IntentsIntegrationDerivedData/Build/Intermediates.noindex/Paperloft.build/Debug/PaperloftApp.build/Paperloft\ Receipts-generated-files.hmap -Xcc -I/Users/builder/Factory/paperloft-intents/build/IntentsIntegrationDerivedData/Build/Intermediates.noindex/Paperloft.build/Debug/PaperloftApp.build/Paperloft\ Receipts-own-target-headers.hmap -Xcc -I/Users/builder/Factory/paperloft-intents/build/IntentsIntegrationDerivedData/Build/Intermediates.noindex/Paperloft.build/Debug/PaperloftApp.build/Paperloft\ Receipts-all-non-framework-target-headers.hmap -Xcc -ivfsoverlay -Xcc /Users/builder/Factory/paperloft-intents/build/IntentsIntegrationDerivedData/Build/Intermediates.noindex/Paperloft.build/Debug/Paperloft-b93ddc6bcd4d234a5473ab01ad3589c4-VFS/all-product-headers.yaml -Xcc -iquote -Xcc /Users/builder/Factory/paperloft-intents/build/IntentsIntegrationDerivedData/Build/Intermediates.noindex/Paperloft.build/Debug/PaperloftApp.build/Paperloft\ Receipts-project-headers.hmap -Xcc -I/Users/builder/Factory/paperloft-intents/build/IntentsIntegrationDerivedData/Build/Products/Debug/include -Xcc -I/Users/builder/Factory/paperloft-intents/build/IntentsIntegrationDerivedData/Build/Intermediates.noindex/Paperloft.build/Debug/PaperloftApp.build/DerivedSources-normal/arm64 -Xcc -I/Users/builder/Factory/paperloft-intents/build/IntentsIntegrationDerivedData/Build/Intermediates.noindex/Paperloft.build/Debug/PaperloftApp.build/DerivedSources/arm64 -Xcc -I/Users/builder/Factory/paperloft-intents/build/IntentsIntegrationDerivedData/Build/Intermediates.noindex/Paperloft.build/Debug/PaperloftApp.build/DerivedSources -no-auto-bridging-header-chaining -module-name Paperloft_Receipts -const-gather-protocols-file /Users/builder/Factory/paperloft-intents/build/IntentsIntegrationDerivedData/Build/Intermediates.noindex/Paperloft.build/Debug/PaperloftApp.build/Objects-normal/arm64/PaperloftApp_const_extract_protocols.json -disable-clang-spi -clang-target arm64-apple-macos27.0 -target-sdk-version 27.0 -target-sdk-name macosx27.0 -in-process-plugin-server-path /Applications/Xcode.app/Contents/Developer/Toolchains/XcodeDefault.xctoolchain/usr/lib/swift/host/libSwiftInProcPluginServer.dylib -o /Users/builder/Factory/paperloft-intents/build/IntentsIntegrationDerivedData/Build/Intermediates.noindex/Paperloft.build/Debug/PaperloftApp.build/Objects-normal/arm64/AppModel.o -debug-module-path /Users/builder/Factory/paperloft-intents/build/IntentsIntegrationDerivedData/Build/Intermediates.noindex/Paperloft.build/Debug/PaperloftApp.build/Objects-normal/arm64/Paperloft_Receipts.swiftmodule -index-unit-output-path /Paperloft.build/Debug/PaperloftApp.build/Objects-normal/arm64/AppModel.o -index-store-path /Users/builder/Factory/paperloft-intents/build/IntentsIntegrationDerivedData/Index.noindex/DataStore -index-system-modules
SwiftCompile normal arm64 Compiling\ ExportView.swift /Users/builder/Factory/paperloft-intents/Apps/PaperloftApp/ExportView.swift (in target 'PaperloftApp' from project 'Paperloft')

SwiftCompile normal arm64 /Users/builder/Factory/paperloft-intents/Apps/PaperloftApp/ExportView.swift (in target 'PaperloftApp' from project 'Paperloft')
    cd /Users/builder/Factory/paperloft-intents
    builtin-SwiftPerFileCompile ExportView.swift

SwiftCompile normal arm64 Compiling\ AccessiblePicker.swift /Users/builder/Factory/paperloft-intents/Apps/PaperloftApp/AccessiblePicker.swift (in target 'PaperloftApp' from project 'Paperloft')

SwiftCompile normal arm64 /Users/builder/Factory/paperloft-intents/Apps/PaperloftApp/AccessiblePicker.swift (in target 'PaperloftApp' from project 'Paperloft')
    cd /Users/builder/Factory/paperloft-intents
    builtin-SwiftPerFileCompile AccessiblePicker.swift

SwiftCompile normal arm64 Compiling\ PaperloftIntents.swift /Users/builder/Factory/paperloft-intents/Apps/PaperloftApp/PaperloftIntents.swift (in target 'PaperloftApp' from project 'Paperloft')

SwiftCompile normal arm64 /Users/builder/Factory/paperloft-intents/Apps/PaperloftApp/PaperloftIntents.swift (in target 'PaperloftApp' from project 'Paperloft')
    cd /Users/builder/Factory/paperloft-intents
    builtin-SwiftPerFileCompile PaperloftIntents.swift

SwiftCompile normal arm64 Compiling\ GeneratedAssetSymbols.swift /Users/builder/Factory/paperloft-intents/build/IntentsIntegrationDerivedData/Build/Intermediates.noindex/Paperloft.build/Debug/PaperloftApp.build/DerivedSources/GeneratedAssetSymbols.swift (in target 'PaperloftApp' from project 'Paperloft')

SwiftCompile normal arm64 /Users/builder/Factory/paperloft-intents/build/IntentsIntegrationDerivedData/Build/Intermediates.noindex/Paperloft.build/Debug/PaperloftApp.build/DerivedSources/GeneratedAssetSymbols.swift (in target 'PaperloftApp' from project 'Paperloft')
    cd /Users/builder/Factory/paperloft-intents
    builtin-SwiftPerFileCompile GeneratedAssetSymbols.swift

SwiftCompile normal arm64 Compiling\ WindowAccessibility.swift /Users/builder/Factory/paperloft-intents/Apps/PaperloftApp/WindowAccessibility.swift (in target 'PaperloftApp' from project 'Paperloft')

SwiftCompile normal arm64 /Users/builder/Factory/paperloft-intents/Apps/PaperloftApp/WindowAccessibility.swift (in target 'PaperloftApp' from project 'Paperloft')
    cd /Users/builder/Factory/paperloft-intents
    builtin-SwiftPerFileCompile WindowAccessibility.swift

SwiftCompile normal arm64 Compiling\ LibraryView.swift /Users/builder/Factory/paperloft-intents/Apps/PaperloftApp/LibraryView.swift (in target 'PaperloftApp' from project 'Paperloft')

SwiftCompile normal arm64 /Users/builder/Factory/paperloft-intents/Apps/PaperloftApp/LibraryView.swift (in target 'PaperloftApp' from project 'Paperloft')
    cd /Users/builder/Factory/paperloft-intents
    builtin-SwiftPerFileCompile LibraryView.swift

SwiftCompile normal arm64 Compiling\ PaperloftApp.swift /Users/builder/Factory/paperloft-intents/Apps/PaperloftApp/PaperloftApp.swift (in target 'PaperloftApp' from project 'Paperloft')

SwiftCompile normal arm64 /Users/builder/Factory/paperloft-intents/Apps/PaperloftApp/PaperloftApp.swift (in target 'PaperloftApp' from project 'Paperloft')
    cd /Users/builder/Factory/paperloft-intents
    builtin-SwiftPerFileCompile PaperloftApp.swift

SwiftEmitModule normal arm64 Emitting\ module\ for\ PaperloftKitTests (in target 'PaperloftKitTests' from project 'Paperloft')

SwiftCompile normal arm64 (in target 'PaperloftKitTests' from project 'Paperloft')
    cd /Users/builder/Factory/paperloft-intents
    

SwiftEmitModule normal arm64 Emitting\ module\ for\ PaperloftIntentLogicTests (in target 'PaperloftIntentLogicTests' from project 'Paperloft')

SwiftCompile normal arm64 (in target 'PaperloftIntentLogicTests' from project 'Paperloft')
    cd /Users/builder/Factory/paperloft-intents
    

SwiftDriverJobDiscovery normal arm64 Compiling GeneratedAssetSymbols.swift (in target 'PaperloftApp' from project 'Paperloft')

SwiftCompile normal arm64 Compiling\ ParserRobustnessTests.swift,\ ReceiptTests.swift /Users/builder/Factory/paperloft-intents/Packages/PaperloftKit/Tests/PaperloftKitTests/ParserRobustnessTests.swift /Users/builder/Factory/paperloft-intents/Packages/PaperloftKit/Tests/PaperloftKitTests/ReceiptTests.swift (in target 'PaperloftKitTests' from project 'Paperloft')

SwiftCompile normal arm64 /Users/builder/Factory/paperloft-intents/Packages/PaperloftKit/Tests/PaperloftKitTests/ParserRobustnessTests.swift (in target 'PaperloftKitTests' from project 'Paperloft')
    cd /Users/builder/Factory/paperloft-intents
    builtin-SwiftPerFileCompile ParserRobustnessTests.swift

SwiftCompile normal arm64 /Users/builder/Factory/paperloft-intents/Packages/PaperloftKit/Tests/PaperloftKitTests/ReceiptTests.swift (in target 'PaperloftKitTests' from project 'Paperloft')
    cd /Users/builder/Factory/paperloft-intents
    builtin-SwiftPerFileCompile ReceiptTests.swift

SwiftDriverJobDiscovery normal arm64 Emitting module for Paperloft_Receipts (in target 'PaperloftApp' from project 'Paperloft')

SwiftDriver\ Compilation\ Requirements PaperloftApp normal arm64 com.apple.xcode.tools.swift.compiler (in target 'PaperloftApp' from project 'Paperloft')
    cd /Users/builder/Factory/paperloft-intents
    builtin-Swift-Compilation-Requirements -- /Applications/Xcode.app/Contents/Developer/Toolchains/XcodeDefault.xctoolchain/usr/bin/swiftc -module-name Paperloft_Receipts -Onone @/Users/builder/Factory/paperloft-intents/build/IntentsIntegrationDerivedData/Build/Intermediates.noindex/Paperloft.build/Debug/PaperloftApp.build/Objects-normal/arm64/Paperloft\ Receipts.SwiftFileList -DDEBUG -enable-experimental-feature DebugDescriptionMacro -sdk /Applications/Xcode.app/Contents/Developer/Platforms/MacOSX.platform/Developer/SDKs/MacOSX27.0.sdk -target arm64-apple-macos27.0 -g -module-cache-path /Users/builder/Factory/paperloft-intents/build/IntentsIntegrationDerivedData/ModuleCache.noindex -Xfrontend -serialize-debugging-options -profile-coverage-mapping -profile-generate -enable-testing -warnings-as-errors -index-store-path /Users/builder/Factory/paperloft-intents/build/IntentsIntegrationDerivedData/Index.noindex/DataStore -swift-version 6 -I /Users/builder/Factory/paperloft-intents/build/IntentsIntegrationDerivedData/Build/Products/Debug -F /Users/builder/Factory/paperloft-intents/build/IntentsIntegrationDerivedData/Build/Products/Debug/PackageFrameworks -F /Users/builder/Factory/paperloft-intents/build/IntentsIntegrationDerivedData/Build/Products/Debug -c -j10 -enable-batch-mode -incremental -Xcc -ivfsstatcache -Xcc /Users/builder/Factory/paperloft-intents/build/IntentsIntegrationDerivedData/SDKStatCaches.noindex/macosx27.0-26A425-7231f6df4def33e022ae2eb8f782df1a.sdkstatcache -output-file-map /Users/builder/Factory/paperloft-intents/build/IntentsIntegrationDerivedData/Build/Intermediates.noindex/Paperloft.build/Debug/PaperloftApp.build/Objects-normal/arm64/PaperloftApp-OutputFileMap.json -save-temps -no-color-diagnostics -explicit-module-build -module-cache-path /Users/builder/Factory/paperloft-intents/build/IntentsIntegrationDerivedData/Build/Intermediates.noindex/SwiftExplicitPrecompiledModules -clang-scanner-module-cache-path /Users/builder/Factory/paperloft-intents/build/IntentsIntegrationDerivedData/ModuleCache.noindex -sdk-module-cache-path /Users/builder/Factory/paperloft-intents/build/IntentsIntegrationDerivedData/SDKExplicitPrecompiledModules -emit-dependencies -emit-module -emit-module-path /Users/builder/Factory/paperloft-intents/build/IntentsIntegrationDerivedData/Build/Intermediates.noindex/Paperloft.build/Debug/PaperloftApp.build/Objects-normal/arm64/Paperloft_Receipts.swiftmodule -serialize-diagnostics -dependency-scan-serialize-diagnostics-path /Users/builder/Factory/paperloft-intents/build/IntentsIntegrationDerivedData/Build/Intermediates.noindex/Paperloft.build/Debug/PaperloftApp.build/Objects-normal/arm64/Paperloft_Receipts-dependency-scan.dia -validate-clang-modules-once -clang-build-session-file /Users/builder/Factory/paperloft-intents/build/IntentsIntegrationDerivedData/ModuleCache.noindex/Session.modulevalidation -Xcc -fmodules-prune-interval\=86400 -Xcc -fmodules-prune-after\=345600 -emit-const-values -const-gather-protocols-list /Users/builder/Factory/paperloft-intents/build/IntentsIntegrationDerivedData/Build/Intermediates.noindex/Paperloft.build/Debug/PaperloftApp.build/Objects-normal/arm64/PaperloftApp_const_extract_protocols.json -Xcc -iquote -Xcc /Users/builder/Factory/paperloft-intents/build/IntentsIntegrationDerivedData/Build/Intermediates.noindex/Paperloft.build/Debug/PaperloftApp.build/Paperloft\ Receipts-generated-files.hmap -Xcc -I/Users/builder/Factory/paperloft-intents/build/IntentsIntegrationDerivedData/Build/Intermediates.noindex/Paperloft.build/Debug/PaperloftApp.build/Paperloft\ Receipts-own-target-headers.hmap -Xcc -I/Users/builder/Factory/paperloft-intents/build/IntentsIntegrationDerivedData/Build/Intermediates.noindex/Paperloft.build/Debug/PaperloftApp.build/Paperloft\ Receipts-all-non-framework-target-headers.hmap -Xcc -ivfsoverlay -Xcc /Users/builder/Factory/paperloft-intents/build/IntentsIntegrationDerivedData/Build/Intermediates.noindex/Paperloft.build/Debug/Paperloft-b93ddc6bcd4d234a5473ab01ad3589c4-VFS/all-product-headers.yaml -Xcc -iquote -Xcc /Users/builder/Factory/paperloft-intents/build/IntentsIntegrationDerivedData/Build/Intermediates.noindex/Paperloft.build/Debug/PaperloftApp.build/Paperloft\ Receipts-project-headers.hmap -Xcc -I/Users/builder/Factory/paperloft-intents/build/IntentsIntegrationDerivedData/Build/Products/Debug/include -Xcc -I/Users/builder/Factory/paperloft-intents/build/IntentsIntegrationDerivedData/Build/Intermediates.noindex/Paperloft.build/Debug/PaperloftApp.build/DerivedSources-normal/arm64 -Xcc -I/Users/builder/Factory/paperloft-intents/build/IntentsIntegrationDerivedData/Build/Intermediates.noindex/Paperloft.build/Debug/PaperloftApp.build/DerivedSources/arm64 -Xcc -I/Users/builder/Factory/paperloft-intents/build/IntentsIntegrationDerivedData/Build/Intermediates.noindex/Paperloft.build/Debug/PaperloftApp.build/DerivedSources -emit-objc-header -emit-objc-header-path /Users/builder/Factory/paperloft-intents/build/IntentsIntegrationDerivedData/Build/Intermediates.noindex/Paperloft.build/Debug/PaperloftApp.build/Objects-normal/arm64/Paperloft_Receipts-Swift.h -working-directory /Users/builder/Factory/paperloft-intents -experimental-emit-module-separately -disable-cmo

SwiftDriverJobDiscovery normal arm64 Emitting module for PaperloftIntentLogicTests (in target 'PaperloftIntentLogicTests' from project 'Paperloft')

SwiftDriver\ Compilation\ Requirements PaperloftIntentLogicTests normal arm64 com.apple.xcode.tools.swift.compiler (in target 'PaperloftIntentLogicTests' from project 'Paperloft')
    cd /Users/builder/Factory/paperloft-intents
    builtin-Swift-Compilation-Requirements -- /Applications/Xcode.app/Contents/Developer/Toolchains/XcodeDefault.xctoolchain/usr/bin/swiftc -module-name PaperloftIntentLogicTests -Onone @/Users/builder/Factory/paperloft-intents/build/IntentsIntegrationDerivedData/Build/Intermediates.noindex/Paperloft.build/Debug/PaperloftIntentLogicTests.build/Objects-normal/arm64/PaperloftIntentLogicTests.SwiftFileList -DDEBUG -plugin-path /Applications/Xcode.app/Contents/Developer/Toolchains/XcodeDefault.xctoolchain/usr/lib/swift/host/plugins/testing -enable-experimental-feature DebugDescriptionMacro -sdk /Applications/Xcode.app/Contents/Developer/Platforms/MacOSX.platform/Developer/SDKs/MacOSX27.0.sdk -target arm64-apple-macos27.0 -g -module-cache-path /Users/builder/Factory/paperloft-intents/build/IntentsIntegrationDerivedData/ModuleCache.noindex -Xfrontend -serialize-debugging-options -profile-coverage-mapping -profile-generate -enable-testing -warnings-as-errors -index-store-path /Users/builder/Factory/paperloft-intents/build/IntentsIntegrationDerivedData/Index.noindex/DataStore -swift-version 6 -I /Users/builder/Factory/paperloft-intents/build/IntentsIntegrationDerivedData/Build/Products/Debug -Isystem /Applications/Xcode.app/Contents/Developer/Platforms/MacOSX.platform/Developer/usr/lib -F /Users/builder/Factory/paperloft-intents/build/IntentsIntegrationDerivedData/Build/Products/Debug/PackageFrameworks -F /Users/builder/Factory/paperloft-intents/build/IntentsIntegrationDerivedData/Build/Products/Debug -F /Applications/Xcode.app/Contents/Developer/Platforms/MacOSX.platform/Developer/Library/Frameworks -c -j10 -enable-batch-mode -incremental -Xcc -ivfsstatcache -Xcc /Users/builder/Factory/paperloft-intents/build/IntentsIntegrationDerivedData/SDKStatCaches.noindex/macosx27.0-26A425-7231f6df4def33e022ae2eb8f782df1a.sdkstatcache -output-file-map /Users/builder/Factory/paperloft-intents/build/IntentsIntegrationDerivedData/Build/Intermediates.noindex/Paperloft.build/Debug/PaperloftIntentLogicTests.build/Objects-normal/arm64/PaperloftIntentLogicTests-OutputFileMap.json -save-temps -no-color-diagnostics -explicit-module-build -module-cache-path /Users/builder/Factory/paperloft-intents/build/IntentsIntegrationDerivedData/Build/Intermediates.noindex/SwiftExplicitPrecompiledModules -clang-scanner-module-cache-path /Users/builder/Factory/paperloft-intents/build/IntentsIntegrationDerivedData/ModuleCache.noindex -sdk-module-cache-path /Users/builder/Factory/paperloft-intents/build/IntentsIntegrationDerivedData/SDKExplicitPrecompiledModules -emit-dependencies -emit-module -emit-module-path /Users/builder/Factory/paperloft-intents/build/IntentsIntegrationDerivedData/Build/Intermediates.noindex/Paperloft.build/Debug/PaperloftIntentLogicTests.build/Objects-normal/arm64/PaperloftIntentLogicTests.swiftmodule -serialize-diagnostics -dependency-scan-serialize-diagnostics-path /Users/builder/Factory/paperloft-intents/build/IntentsIntegrationDerivedData/Build/Intermediates.noindex/Paperloft.build/Debug/PaperloftIntentLogicTests.build/Objects-normal/arm64/PaperloftIntentLogicTests-dependency-scan.dia -validate-clang-modules-once -clang-build-session-file /Users/builder/Factory/paperloft-intents/build/IntentsIntegrationDerivedData/ModuleCache.noindex/Session.modulevalidation -Xcc -fmodules-prune-interval\=86400 -Xcc -fmodules-prune-after\=345600 -emit-const-values -const-gather-protocols-list /Users/builder/Factory/paperloft-intents/build/IntentsIntegrationDerivedData/Build/Intermediates.noindex/Paperloft.build/Debug/PaperloftIntentLogicTests.build/Objects-normal/arm64/PaperloftIntentLogicTests_const_extract_protocols.json -Xcc -iquote -Xcc /Users/builder/Factory/paperloft-intents/build/IntentsIntegrationDerivedData/Build/Intermediates.noindex/Paperloft.build/Debug/PaperloftIntentLogicTests.build/PaperloftIntentLogicTests-generated-files.hmap -Xcc -I/Users/builder/Factory/paperloft-intents/build/IntentsIntegrationDerivedData/Build/Intermediates.noindex/Paperloft.build/Debug/PaperloftIntentLogicTests.build/PaperloftIntentLogicTests-own-target-headers.hmap -Xcc -I/Users/builder/Factory/paperloft-intents/build/IntentsIntegrationDerivedData/Build/Intermediates.noindex/Paperloft.build/Debug/PaperloftIntentLogicTests.build/PaperloftIntentLogicTests-all-non-framework-target-headers.hmap -Xcc -ivfsoverlay -Xcc /Users/builder/Factory/paperloft-intents/build/IntentsIntegrationDerivedData/Build/Intermediates.noindex/Paperloft.build/Debug/Paperloft-b93ddc6bcd4d234a5473ab01ad3589c4-VFS/all-product-headers.yaml -Xcc -iquote -Xcc /Users/builder/Factory/paperloft-intents/build/IntentsIntegrationDerivedData/Build/Intermediates.noindex/Paperloft.build/Debug/PaperloftIntentLogicTests.build/PaperloftIntentLogicTests-project-headers.hmap -Xcc -I/Users/builder/Factory/paperloft-intents/build/IntentsIntegrationDerivedData/Build/Products/Debug/include -Xcc -I/Users/builder/Factory/paperloft-intents/build/IntentsIntegrationDerivedData/Build/Intermediates.noindex/Paperloft.build/Debug/PaperloftIntentLogicTests.build/DerivedSources-normal/arm64 -Xcc -I/Users/builder/Factory/paperloft-intents/build/IntentsIntegrationDerivedData/Build/Intermediates.noindex/Paperloft.build/Debug/PaperloftIntentLogicTests.build/DerivedSources/arm64 -Xcc -I/Users/builder/Factory/paperloft-intents/build/IntentsIntegrationDerivedData/Build/Intermediates.noindex/Paperloft.build/Debug/PaperloftIntentLogicTests.build/DerivedSources -emit-objc-header -emit-objc-header-path /Users/builder/Factory/paperloft-intents/build/IntentsIntegrationDerivedData/Build/Intermediates.noindex/Paperloft.build/Debug/PaperloftIntentLogicTests.build/Objects-normal/arm64/PaperloftIntentLogicTests-Swift.h -working-directory /Users/builder/Factory/paperloft-intents -experimental-emit-module-separately -disable-cmo

SwiftMergeGeneratedHeaders /Users/builder/Factory/paperloft-intents/build/IntentsIntegrationDerivedData/Build/Intermediates.noindex/Paperloft.build/Debug/PaperloftApp.build/DerivedSources/Paperloft_Receipts-Swift.h /Users/builder/Factory/paperloft-intents/build/IntentsIntegrationDerivedData/Build/Intermediates.noindex/Paperloft.build/Debug/PaperloftApp.build/Objects-normal/arm64/Paperloft_Receipts-Swift.h (in target 'PaperloftApp' from project 'Paperloft')
    cd /Users/builder/Factory/paperloft-intents
    builtin-swiftHeaderTool -arch arm64 /Users/builder/Factory/paperloft-intents/build/IntentsIntegrationDerivedData/Build/Intermediates.noindex/Paperloft.build/Debug/PaperloftApp.build/Objects-normal/arm64/Paperloft_Receipts-Swift.h -o /Users/builder/Factory/paperloft-intents/build/IntentsIntegrationDerivedData/Build/Intermediates.noindex/Paperloft.build/Debug/PaperloftApp.build/DerivedSources/Paperloft_Receipts-Swift.h

Copy /Users/builder/Factory/paperloft-intents/build/IntentsIntegrationDerivedData/Build/Products/Debug/Paperloft_Receipts.swiftmodule/arm64-apple-macos.swiftmodule /Users/builder/Factory/paperloft-intents/build/IntentsIntegrationDerivedData/Build/Intermediates.noindex/Paperloft.build/Debug/PaperloftApp.build/Objects-normal/arm64/Paperloft_Receipts.swiftmodule (in target 'PaperloftApp' from project 'Paperloft')
    cd /Users/builder/Factory/paperloft-intents
    builtin-copy -exclude .DS_Store -exclude CVS -exclude .svn -exclude .git -exclude .hg -strip-unsigned-binaries -strip-deterministic -strip-tool /Applications/Xcode.app/Contents/Developer/Toolchains/XcodeDefault.xctoolchain/usr/bin/strip -resolve-src-symlinks -rename /Users/builder/Factory/paperloft-intents/build/IntentsIntegrationDerivedData/Build/Intermediates.noindex/Paperloft.build/Debug/PaperloftApp.build/Objects-normal/arm64/Paperloft_Receipts.swiftmodule /Users/builder/Factory/paperloft-intents/build/IntentsIntegrationDerivedData/Build/Products/Debug/Paperloft_Receipts.swiftmodule/arm64-apple-macos.swiftmodule

SwiftMergeGeneratedHeaders /Users/builder/Factory/paperloft-intents/build/IntentsIntegrationDerivedData/Build/Intermediates.noindex/Paperloft.build/Debug/PaperloftIntentLogicTests.build/DerivedSources/PaperloftIntentLogicTests-Swift.h /Users/builder/Factory/paperloft-intents/build/IntentsIntegrationDerivedData/Build/Intermediates.noindex/Paperloft.build/Debug/PaperloftIntentLogicTests.build/Objects-normal/arm64/PaperloftIntentLogicTests-Swift.h (in target 'PaperloftIntentLogicTests' from project 'Paperloft')
    cd /Users/builder/Factory/paperloft-intents
    builtin-swiftHeaderTool -arch arm64 /Users/builder/Factory/paperloft-intents/build/IntentsIntegrationDerivedData/Build/Intermediates.noindex/Paperloft.build/Debug/PaperloftIntentLogicTests.build/Objects-normal/arm64/PaperloftIntentLogicTests-Swift.h -o /Users/builder/Factory/paperloft-intents/build/IntentsIntegrationDerivedData/Build/Intermediates.noindex/Paperloft.build/Debug/PaperloftIntentLogicTests.build/DerivedSources/PaperloftIntentLogicTests-Swift.h

Copy /Users/builder/Factory/paperloft-intents/build/IntentsIntegrationDerivedData/Build/Products/Debug/PaperloftIntentLogicTests.swiftmodule/arm64-apple-macos.swiftmodule /Users/builder/Factory/paperloft-intents/build/IntentsIntegrationDerivedData/Build/Intermediates.noindex/Paperloft.build/Debug/PaperloftIntentLogicTests.build/Objects-normal/arm64/PaperloftIntentLogicTests.swiftmodule (in target 'PaperloftIntentLogicTests' from project 'Paperloft')
    cd /Users/builder/Factory/paperloft-intents
    builtin-copy -exclude .DS_Store -exclude CVS -exclude .svn -exclude .git -exclude .hg -strip-unsigned-binaries -strip-deterministic -strip-tool /Applications/Xcode.app/Contents/Developer/Toolchains/XcodeDefault.xctoolchain/usr/bin/strip -resolve-src-symlinks -rename /Users/builder/Factory/paperloft-intents/build/IntentsIntegrationDerivedData/Build/Intermediates.noindex/Paperloft.build/Debug/PaperloftIntentLogicTests.build/Objects-normal/arm64/PaperloftIntentLogicTests.swiftmodule /Users/builder/Factory/paperloft-intents/build/IntentsIntegrationDerivedData/Build/Products/Debug/PaperloftIntentLogicTests.swiftmodule/arm64-apple-macos.swiftmodule

Copy /Users/builder/Factory/paperloft-intents/build/IntentsIntegrationDerivedData/Build/Products/Debug/PaperloftIntentLogicTests.swiftmodule/arm64-apple-macos.swiftdoc /Users/builder/Factory/paperloft-intents/build/IntentsIntegrationDerivedData/Build/Intermediates.noindex/Paperloft.build/Debug/PaperloftIntentLogicTests.build/Objects-normal/arm64/PaperloftIntentLogicTests.swiftdoc (in target 'PaperloftIntentLogicTests' from project 'Paperloft')
    cd /Users/builder/Factory/paperloft-intents
    builtin-copy -exclude .DS_Store -exclude CVS -exclude .svn -exclude .git -exclude .hg -strip-unsigned-binaries -strip-deterministic -strip-tool /Applications/Xcode.app/Contents/Developer/Toolchains/XcodeDefault.xctoolchain/usr/bin/strip -resolve-src-symlinks -rename /Users/builder/Factory/paperloft-intents/build/IntentsIntegrationDerivedData/Build/Intermediates.noindex/Paperloft.build/Debug/PaperloftIntentLogicTests.build/Objects-normal/arm64/PaperloftIntentLogicTests.swiftdoc /Users/builder/Factory/paperloft-intents/build/IntentsIntegrationDerivedData/Build/Products/Debug/PaperloftIntentLogicTests.swiftmodule/arm64-apple-macos.swiftdoc

Copy /Users/builder/Factory/paperloft-intents/build/IntentsIntegrationDerivedData/Build/Products/Debug/PaperloftIntentLogicTests.swiftmodule/arm64-apple-macos.abi.json /Users/builder/Factory/paperloft-intents/build/IntentsIntegrationDerivedData/Build/Intermediates.noindex/Paperloft.build/Debug/PaperloftIntentLogicTests.build/Objects-normal/arm64/PaperloftIntentLogicTests.abi.json (in target 'PaperloftIntentLogicTests' from project 'Paperloft')
    cd /Users/builder/Factory/paperloft-intents
    builtin-copy -exclude .DS_Store -exclude CVS -exclude .svn -exclude .git -exclude .hg -strip-unsigned-binaries -strip-deterministic -strip-tool /Applications/Xcode.app/Contents/Developer/Toolchains/XcodeDefault.xctoolchain/usr/bin/strip -resolve-src-symlinks -rename /Users/builder/Factory/paperloft-intents/build/IntentsIntegrationDerivedData/Build/Intermediates.noindex/Paperloft.build/Debug/PaperloftIntentLogicTests.build/Objects-normal/arm64/PaperloftIntentLogicTests.abi.json /Users/builder/Factory/paperloft-intents/build/IntentsIntegrationDerivedData/Build/Products/Debug/PaperloftIntentLogicTests.swiftmodule/arm64-apple-macos.abi.json

Copy /Users/builder/Factory/paperloft-intents/build/IntentsIntegrationDerivedData/Build/Products/Debug/PaperloftIntentLogicTests.swiftmodule/Project/arm64-apple-macos.swiftsourceinfo /Users/builder/Factory/paperloft-intents/build/IntentsIntegrationDerivedData/Build/Intermediates.noindex/Paperloft.build/Debug/PaperloftIntentLogicTests.build/Objects-normal/arm64/PaperloftIntentLogicTests.swiftsourceinfo (in target 'PaperloftIntentLogicTests' from project 'Paperloft')
    cd /Users/builder/Factory/paperloft-intents
    builtin-copy -exclude .DS_Store -exclude CVS -exclude .svn -exclude .git -exclude .hg -strip-unsigned-binaries -strip-deterministic -strip-tool /Applications/Xcode.app/Contents/Developer/Toolchains/XcodeDefault.xctoolchain/usr/bin/strip -resolve-src-symlinks -rename /Users/builder/Factory/paperloft-intents/build/IntentsIntegrationDerivedData/Build/Intermediates.noindex/Paperloft.build/Debug/PaperloftIntentLogicTests.build/Objects-normal/arm64/PaperloftIntentLogicTests.swiftsourceinfo /Users/builder/Factory/paperloft-intents/build/IntentsIntegrationDerivedData/Build/Products/Debug/PaperloftIntentLogicTests.swiftmodule/Project/arm64-apple-macos.swiftsourceinfo

Copy /Users/builder/Factory/paperloft-intents/build/IntentsIntegrationDerivedData/Build/Products/Debug/Paperloft_Receipts.swiftmodule/arm64-apple-macos.swiftdoc /Users/builder/Factory/paperloft-intents/build/IntentsIntegrationDerivedData/Build/Intermediates.noindex/Paperloft.build/Debug/PaperloftApp.build/Objects-normal/arm64/Paperloft_Receipts.swiftdoc (in target 'PaperloftApp' from project 'Paperloft')
    cd /Users/builder/Factory/paperloft-intents
    builtin-copy -exclude .DS_Store -exclude CVS -exclude .svn -exclude .git -exclude .hg -strip-unsigned-binaries -strip-deterministic -strip-tool /Applications/Xcode.app/Contents/Developer/Toolchains/XcodeDefault.xctoolchain/usr/bin/strip -resolve-src-symlinks -rename /Users/builder/Factory/paperloft-intents/build/IntentsIntegrationDerivedData/Build/Intermediates.noindex/Paperloft.build/Debug/PaperloftApp.build/Objects-normal/arm64/Paperloft_Receipts.swiftdoc /Users/builder/Factory/paperloft-intents/build/IntentsIntegrationDerivedData/Build/Products/Debug/Paperloft_Receipts.swiftmodule/arm64-apple-macos.swiftdoc

Copy /Users/builder/Factory/paperloft-intents/build/IntentsIntegrationDerivedData/Build/Products/Debug/Paperloft_Receipts.swiftmodule/arm64-apple-macos.abi.json /Users/builder/Factory/paperloft-intents/build/IntentsIntegrationDerivedData/Build/Intermediates.noindex/Paperloft.build/Debug/PaperloftApp.build/Objects-normal/arm64/Paperloft_Receipts.abi.json (in target 'PaperloftApp' from project 'Paperloft')
    cd /Users/builder/Factory/paperloft-intents
    builtin-copy -exclude .DS_Store -exclude CVS -exclude .svn -exclude .git -exclude .hg -strip-unsigned-binaries -strip-deterministic -strip-tool /Applications/Xcode.app/Contents/Developer/Toolchains/XcodeDefault.xctoolchain/usr/bin/strip -resolve-src-symlinks -rename /Users/builder/Factory/paperloft-intents/build/IntentsIntegrationDerivedData/Build/Intermediates.noindex/Paperloft.build/Debug/PaperloftApp.build/Objects-normal/arm64/Paperloft_Receipts.abi.json /Users/builder/Factory/paperloft-intents/build/IntentsIntegrationDerivedData/Build/Products/Debug/Paperloft_Receipts.swiftmodule/arm64-apple-macos.abi.json

Copy /Users/builder/Factory/paperloft-intents/build/IntentsIntegrationDerivedData/Build/Products/Debug/Paperloft_Receipts.swiftmodule/Project/arm64-apple-macos.swiftsourceinfo /Users/builder/Factory/paperloft-intents/build/IntentsIntegrationDerivedData/Build/Intermediates.noindex/Paperloft.build/Debug/PaperloftApp.build/Objects-normal/arm64/Paperloft_Receipts.swiftsourceinfo (in target 'PaperloftApp' from project 'Paperloft')
    cd /Users/builder/Factory/paperloft-intents
    builtin-copy -exclude .DS_Store -exclude CVS -exclude .svn -exclude .git -exclude .hg -strip-unsigned-binaries -strip-deterministic -strip-tool /Applications/Xcode.app/Contents/Developer/Toolchains/XcodeDefault.xctoolchain/usr/bin/strip -resolve-src-symlinks -rename /Users/builder/Factory/paperloft-intents/build/IntentsIntegrationDerivedData/Build/Intermediates.noindex/Paperloft.build/Debug/PaperloftApp.build/Objects-normal/arm64/Paperloft_Receipts.swiftsourceinfo /Users/builder/Factory/paperloft-intents/build/IntentsIntegrationDerivedData/Build/Products/Debug/Paperloft_Receipts.swiftmodule/Project/arm64-apple-macos.swiftsourceinfo

SwiftCompile normal arm64 Compiling\ LibraryTests.swift,\ NameTemplateTests.swift /Users/builder/Factory/paperloft-intents/Packages/PaperloftKit/Tests/PaperloftKitTests/LibraryTests.swift /Users/builder/Factory/paperloft-intents/Packages/PaperloftKit/Tests/PaperloftKitTests/NameTemplateTests.swift (in target 'PaperloftKitTests' from project 'Paperloft')

SwiftCompile normal arm64 /Users/builder/Factory/paperloft-intents/Packages/PaperloftKit/Tests/PaperloftKitTests/LibraryTests.swift (in target 'PaperloftKitTests' from project 'Paperloft')
    cd /Users/builder/Factory/paperloft-intents
    builtin-SwiftPerFileCompile LibraryTests.swift

SwiftCompile normal arm64 /Users/builder/Factory/paperloft-intents/Packages/PaperloftKit/Tests/PaperloftKitTests/NameTemplateTests.swift (in target 'PaperloftKitTests' from project 'Paperloft')
    cd /Users/builder/Factory/paperloft-intents
    builtin-SwiftPerFileCompile NameTemplateTests.swift

SwiftCompile normal arm64 Compiling\ ValidationTests.swift /Users/builder/Factory/paperloft-intents/Packages/PaperloftKit/Tests/PaperloftKitTests/ValidationTests.swift (in target 'PaperloftKitTests' from project 'Paperloft')

SwiftCompile normal arm64 /Users/builder/Factory/paperloft-intents/Packages/PaperloftKit/Tests/PaperloftKitTests/ValidationTests.swift (in target 'PaperloftKitTests' from project 'Paperloft')
    cd /Users/builder/Factory/paperloft-intents
    builtin-SwiftPerFileCompile ValidationTests.swift

SwiftDriverJobDiscovery normal arm64 Emitting module for PaperloftKitTests (in target 'PaperloftKitTests' from project 'Paperloft')

SwiftDriver\ Compilation\ Requirements PaperloftKitTests normal arm64 com.apple.xcode.tools.swift.compiler (in target 'PaperloftKitTests' from project 'Paperloft')
    cd /Users/builder/Factory/paperloft-intents
    builtin-Swift-Compilation-Requirements -- /Applications/Xcode.app/Contents/Developer/Toolchains/XcodeDefault.xctoolchain/usr/bin/swiftc -module-name PaperloftKitTests -Onone @/Users/builder/Factory/paperloft-intents/build/IntentsIntegrationDerivedData/Build/Intermediates.noindex/Paperloft.build/Debug/PaperloftKitTests.build/Objects-normal/arm64/PaperloftKitTests.SwiftFileList -DDEBUG -plugin-path /Applications/Xcode.app/Contents/Developer/Toolchains/XcodeDefault.xctoolchain/usr/lib/swift/host/plugins/testing -enable-experimental-feature DebugDescriptionMacro -sdk /Applications/Xcode.app/Contents/Developer/Platforms/MacOSX.platform/Developer/SDKs/MacOSX27.0.sdk -target arm64-apple-macos27.0 -g -module-cache-path /Users/builder/Factory/paperloft-intents/build/IntentsIntegrationDerivedData/ModuleCache.noindex -Xfrontend -serialize-debugging-options -profile-coverage-mapping -profile-generate -enable-testing -warnings-as-errors -index-store-path /Users/builder/Factory/paperloft-intents/build/IntentsIntegrationDerivedData/Index.noindex/DataStore -swift-version 6 -I /Users/builder/Factory/paperloft-intents/build/IntentsIntegrationDerivedData/Build/Products/Debug -Isystem /Applications/Xcode.app/Contents/Developer/Platforms/MacOSX.platform/Developer/usr/lib -F /Users/builder/Factory/paperloft-intents/build/IntentsIntegrationDerivedData/Build/Products/Debug/PackageFrameworks -F /Users/builder/Factory/paperloft-intents/build/IntentsIntegrationDerivedData/Build/Products/Debug -F /Applications/Xcode.app/Contents/Developer/Platforms/MacOSX.platform/Developer/Library/Frameworks -c -j10 -enable-batch-mode -incremental -Xcc -ivfsstatcache -Xcc /Users/builder/Factory/paperloft-intents/build/IntentsIntegrationDerivedData/SDKStatCaches.noindex/macosx27.0-26A425-7231f6df4def33e022ae2eb8f782df1a.sdkstatcache -output-file-map /Users/builder/Factory/paperloft-intents/build/IntentsIntegrationDerivedData/Build/Intermediates.noindex/Paperloft.build/Debug/PaperloftKitTests.build/Objects-normal/arm64/PaperloftKitTests-OutputFileMap.json -save-temps -no-color-diagnostics -explicit-module-build -module-cache-path /Users/builder/Factory/paperloft-intents/build/IntentsIntegrationDerivedData/Build/Intermediates.noindex/SwiftExplicitPrecompiledModules -clang-scanner-module-cache-path /Users/builder/Factory/paperloft-intents/build/IntentsIntegrationDerivedData/ModuleCache.noindex -sdk-module-cache-path /Users/builder/Factory/paperloft-intents/build/IntentsIntegrationDerivedData/SDKExplicitPrecompiledModules -emit-dependencies -emit-module -emit-module-path /Users/builder/Factory/paperloft-intents/build/IntentsIntegrationDerivedData/Build/Intermediates.noindex/Paperloft.build/Debug/PaperloftKitTests.build/Objects-normal/arm64/PaperloftKitTests.swiftmodule -serialize-diagnostics -dependency-scan-serialize-diagnostics-path /Users/builder/Factory/paperloft-intents/build/IntentsIntegrationDerivedData/Build/Intermediates.noindex/Paperloft.build/Debug/PaperloftKitTests.build/Objects-normal/arm64/PaperloftKitTests-dependency-scan.dia -validate-clang-modules-once -clang-build-session-file /Users/builder/Factory/paperloft-intents/build/IntentsIntegrationDerivedData/ModuleCache.noindex/Session.modulevalidation -Xcc -fmodules-prune-interval\=86400 -Xcc -fmodules-prune-after\=345600 -emit-const-values -const-gather-protocols-list /Users/builder/Factory/paperloft-intents/build/IntentsIntegrationDerivedData/Build/Intermediates.noindex/Paperloft.build/Debug/PaperloftKitTests.build/Objects-normal/arm64/PaperloftKitTests_const_extract_protocols.json -Xcc -iquote -Xcc /Users/builder/Factory/paperloft-intents/build/IntentsIntegrationDerivedData/Build/Intermediates.noindex/Paperloft.build/Debug/PaperloftKitTests.build/PaperloftKitTests-generated-files.hmap -Xcc -I/Users/builder/Factory/paperloft-intents/build/IntentsIntegrationDerivedData/Build/Intermediates.noindex/Paperloft.build/Debug/PaperloftKitTests.build/PaperloftKitTests-own-target-headers.hmap -Xcc -I/Users/builder/Factory/paperloft-intents/build/IntentsIntegrationDerivedData/Build/Intermediates.noindex/Paperloft.build/Debug/PaperloftKitTests.build/PaperloftKitTests-all-non-framework-target-headers.hmap -Xcc -ivfsoverlay -Xcc /Users/builder/Factory/paperloft-intents/build/IntentsIntegrationDerivedData/Build/Intermediates.noindex/Paperloft.build/Debug/Paperloft-b93ddc6bcd4d234a5473ab01ad3589c4-VFS/all-product-headers.yaml -Xcc -iquote -Xcc /Users/builder/Factory/paperloft-intents/build/IntentsIntegrationDerivedData/Build/Intermediates.noindex/Paperloft.build/Debug/PaperloftKitTests.build/PaperloftKitTests-project-headers.hmap -Xcc -I/Users/builder/Factory/paperloft-intents/build/IntentsIntegrationDerivedData/Build/Products/Debug/include -Xcc -I/Users/builder/Factory/paperloft-intents/build/IntentsIntegrationDerivedData/Build/Intermediates.noindex/Paperloft.build/Debug/PaperloftKitTests.build/DerivedSources-normal/arm64 -Xcc -I/Users/builder/Factory/paperloft-intents/build/IntentsIntegrationDerivedData/Build/Intermediates.noindex/Paperloft.build/Debug/PaperloftKitTests.build/DerivedSources/arm64 -Xcc -I/Users/builder/Factory/paperloft-intents/build/IntentsIntegrationDerivedData/Build/Intermediates.noindex/Paperloft.build/Debug/PaperloftKitTests.build/DerivedSources -emit-objc-header -emit-objc-header-path /Users/builder/Factory/paperloft-intents/build/IntentsIntegrationDerivedData/Build/Intermediates.noindex/Paperloft.build/Debug/PaperloftKitTests.build/Objects-normal/arm64/PaperloftKitTests-Swift.h -working-directory /Users/builder/Factory/paperloft-intents -experimental-emit-module-separately -disable-cmo

SwiftDriverJobDiscovery normal arm64 Compiling ValidationTests.swift (in target 'PaperloftKitTests' from project 'Paperloft')

SwiftCompile normal arm64 Compiling\ ClassificationRecoveryTests.swift,\ ExportTests.swift /Users/builder/Factory/paperloft-intents/Packages/PaperloftKit/Tests/PaperloftKitTests/ClassificationRecoveryTests.swift /Users/builder/Factory/paperloft-intents/Packages/PaperloftKit/Tests/PaperloftKitTests/ExportTests.swift (in target 'PaperloftKitTests' from project 'Paperloft')

SwiftCompile normal arm64 /Users/builder/Factory/paperloft-intents/Packages/PaperloftKit/Tests/PaperloftKitTests/ClassificationRecoveryTests.swift (in target 'PaperloftKitTests' from project 'Paperloft')
    cd /Users/builder/Factory/paperloft-intents
    builtin-SwiftPerFileCompile ClassificationRecoveryTests.swift

SwiftCompile normal arm64 /Users/builder/Factory/paperloft-intents/Packages/PaperloftKit/Tests/PaperloftKitTests/ExportTests.swift (in target 'PaperloftKitTests' from project 'Paperloft')
    cd /Users/builder/Factory/paperloft-intents
    builtin-SwiftPerFileCompile ExportTests.swift

SwiftMergeGeneratedHeaders /Users/builder/Factory/paperloft-intents/build/IntentsIntegrationDerivedData/Build/Intermediates.noindex/Paperloft.build/Debug/PaperloftKitTests.build/DerivedSources/PaperloftKitTests-Swift.h /Users/builder/Factory/paperloft-intents/build/IntentsIntegrationDerivedData/Build/Intermediates.noindex/Paperloft.build/Debug/PaperloftKitTests.build/Objects-normal/arm64/PaperloftKitTests-Swift.h (in target 'PaperloftKitTests' from project 'Paperloft')
    cd /Users/builder/Factory/paperloft-intents
    builtin-swiftHeaderTool -arch arm64 /Users/builder/Factory/paperloft-intents/build/IntentsIntegrationDerivedData/Build/Intermediates.noindex/Paperloft.build/Debug/PaperloftKitTests.build/Objects-normal/arm64/PaperloftKitTests-Swift.h -o /Users/builder/Factory/paperloft-intents/build/IntentsIntegrationDerivedData/Build/Intermediates.noindex/Paperloft.build/Debug/PaperloftKitTests.build/DerivedSources/PaperloftKitTests-Swift.h

SwiftDriverJobDiscovery normal arm64 Compiling PaperloftIntents.swift (in target 'PaperloftApp' from project 'Paperloft')

Copy /Users/builder/Factory/paperloft-intents/build/IntentsIntegrationDerivedData/Build/Products/Debug/PaperloftKitTests.swiftmodule/arm64-apple-macos.swiftmodule /Users/builder/Factory/paperloft-intents/build/IntentsIntegrationDerivedData/Build/Intermediates.noindex/Paperloft.build/Debug/PaperloftKitTests.build/Objects-normal/arm64/PaperloftKitTests.swiftmodule (in target 'PaperloftKitTests' from project 'Paperloft')
    cd /Users/builder/Factory/paperloft-intents
    builtin-copy -exclude .DS_Store -exclude CVS -exclude .svn -exclude .git -exclude .hg -strip-unsigned-binaries -strip-deterministic -strip-tool /Applications/Xcode.app/Contents/Developer/Toolchains/XcodeDefault.xctoolchain/usr/bin/strip -resolve-src-symlinks -rename /Users/builder/Factory/paperloft-intents/build/IntentsIntegrationDerivedData/Build/Intermediates.noindex/Paperloft.build/Debug/PaperloftKitTests.build/Objects-normal/arm64/PaperloftKitTests.swiftmodule /Users/builder/Factory/paperloft-intents/build/IntentsIntegrationDerivedData/Build/Products/Debug/PaperloftKitTests.swiftmodule/arm64-apple-macos.swiftmodule

Copy /Users/builder/Factory/paperloft-intents/build/IntentsIntegrationDerivedData/Build/Products/Debug/PaperloftKitTests.swiftmodule/arm64-apple-macos.swiftdoc /Users/builder/Factory/paperloft-intents/build/IntentsIntegrationDerivedData/Build/Intermediates.noindex/Paperloft.build/Debug/PaperloftKitTests.build/Objects-normal/arm64/PaperloftKitTests.swiftdoc (in target 'PaperloftKitTests' from project 'Paperloft')
    cd /Users/builder/Factory/paperloft-intents
    builtin-copy -exclude .DS_Store -exclude CVS -exclude .svn -exclude .git -exclude .hg -strip-unsigned-binaries -strip-deterministic -strip-tool /Applications/Xcode.app/Contents/Developer/Toolchains/XcodeDefault.xctoolchain/usr/bin/strip -resolve-src-symlinks -rename /Users/builder/Factory/paperloft-intents/build/IntentsIntegrationDerivedData/Build/Intermediates.noindex/Paperloft.build/Debug/PaperloftKitTests.build/Objects-normal/arm64/PaperloftKitTests.swiftdoc /Users/builder/Factory/paperloft-intents/build/IntentsIntegrationDerivedData/Build/Products/Debug/PaperloftKitTests.swiftmodule/arm64-apple-macos.swiftdoc

Copy /Users/builder/Factory/paperloft-intents/build/IntentsIntegrationDerivedData/Build/Products/Debug/PaperloftKitTests.swiftmodule/arm64-apple-macos.abi.json /Users/builder/Factory/paperloft-intents/build/IntentsIntegrationDerivedData/Build/Intermediates.noindex/Paperloft.build/Debug/PaperloftKitTests.build/Objects-normal/arm64/PaperloftKitTests.abi.json (in target 'PaperloftKitTests' from project 'Paperloft')
    cd /Users/builder/Factory/paperloft-intents
    builtin-copy -exclude .DS_Store -exclude CVS -exclude .svn -exclude .git -exclude .hg -strip-unsigned-binaries -strip-deterministic -strip-tool /Applications/Xcode.app/Contents/Developer/Toolchains/XcodeDefault.xctoolchain/usr/bin/strip -resolve-src-symlinks -rename /Users/builder/Factory/paperloft-intents/build/IntentsIntegrationDerivedData/Build/Intermediates.noindex/Paperloft.build/Debug/PaperloftKitTests.build/Objects-normal/arm64/PaperloftKitTests.abi.json /Users/builder/Factory/paperloft-intents/build/IntentsIntegrationDerivedData/Build/Products/Debug/PaperloftKitTests.swiftmodule/arm64-apple-macos.abi.json

Copy /Users/builder/Factory/paperloft-intents/build/IntentsIntegrationDerivedData/Build/Products/Debug/PaperloftKitTests.swiftmodule/Project/arm64-apple-macos.swiftsourceinfo /Users/builder/Factory/paperloft-intents/build/IntentsIntegrationDerivedData/Build/Intermediates.noindex/Paperloft.build/Debug/PaperloftKitTests.build/Objects-normal/arm64/PaperloftKitTests.swiftsourceinfo (in target 'PaperloftKitTests' from project 'Paperloft')
    cd /Users/builder/Factory/paperloft-intents
    builtin-copy -exclude .DS_Store -exclude CVS -exclude .svn -exclude .git -exclude .hg -strip-unsigned-binaries -strip-deterministic -strip-tool /Applications/Xcode.app/Contents/Developer/Toolchains/XcodeDefault.xctoolchain/usr/bin/strip -resolve-src-symlinks -rename /Users/builder/Factory/paperloft-intents/build/IntentsIntegrationDerivedData/Build/Intermediates.noindex/Paperloft.build/Debug/PaperloftKitTests.build/Objects-normal/arm64/PaperloftKitTests.swiftsourceinfo /Users/builder/Factory/paperloft-intents/build/IntentsIntegrationDerivedData/Build/Products/Debug/PaperloftKitTests.swiftmodule/Project/arm64-apple-macos.swiftsourceinfo

SwiftCompile normal arm64 Compiling\ PaperloftIntents.swift /Users/builder/Factory/paperloft-intents/Apps/PaperloftApp/PaperloftIntents.swift (in target 'PaperloftKitTests' from project 'Paperloft')

SwiftCompile normal arm64 /Users/builder/Factory/paperloft-intents/Apps/PaperloftApp/PaperloftIntents.swift (in target 'PaperloftKitTests' from project 'Paperloft')
    cd /Users/builder/Factory/paperloft-intents
    builtin-SwiftPerFileCompile PaperloftIntents.swift

SwiftDriverJobDiscovery normal arm64 Compiling ParserRobustnessTests.swift, ReceiptTests.swift (in target 'PaperloftKitTests' from project 'Paperloft')

SwiftCompile normal arm64 Compiling\ ExtractionTests.swift,\ IndexTests.swift /Users/builder/Factory/paperloft-intents/Packages/PaperloftKit/Tests/PaperloftKitTests/ExtractionTests.swift /Users/builder/Factory/paperloft-intents/Packages/PaperloftKit/Tests/PaperloftKitTests/IndexTests.swift (in target 'PaperloftKitTests' from project 'Paperloft')

SwiftCompile normal arm64 /Users/builder/Factory/paperloft-intents/Packages/PaperloftKit/Tests/PaperloftKitTests/ExtractionTests.swift (in target 'PaperloftKitTests' from project 'Paperloft')
    cd /Users/builder/Factory/paperloft-intents
    builtin-SwiftPerFileCompile ExtractionTests.swift

SwiftCompile normal arm64 /Users/builder/Factory/paperloft-intents/Packages/PaperloftKit/Tests/PaperloftKitTests/IndexTests.swift (in target 'PaperloftKitTests' from project 'Paperloft')
    cd /Users/builder/Factory/paperloft-intents
    builtin-SwiftPerFileCompile IndexTests.swift

SwiftCompile normal arm64 Compiling\ AppModelOperationTests.swift /Users/builder/Factory/paperloft-intents/Tests/PaperloftAppTests/AppModelOperationTests.swift (in target 'PaperloftKitTests' from project 'Paperloft')

SwiftCompile normal arm64 /Users/builder/Factory/paperloft-intents/Tests/PaperloftAppTests/AppModelOperationTests.swift (in target 'PaperloftKitTests' from project 'Paperloft')
    cd /Users/builder/Factory/paperloft-intents
    builtin-SwiftPerFileCompile AppModelOperationTests.swift

PruneExplicitPrecompiledModules /Users/builder/Factory/paperloft-intents/build/IntentsIntegrationDerivedData/Build/Intermediates.noindex/SwiftExplicitPrecompiledModules

PruneExplicitPrecompiledModules /Users/builder/Factory/paperloft-intents/build/IntentsIntegrationDerivedData/Build/Intermediates.noindex/ExplicitPrecompiledModules

PruneExplicitPrecompiledModules /Users/builder/Factory/paperloft-intents/build/IntentsIntegrationDerivedData/SDKExplicitPrecompiledModules

** TEST BUILD FAILED **


The following build commands failed:
	SwiftCompile normal arm64 /Users/builder/Factory/paperloft-intents/Apps/PaperloftApp/AppModel.swift (in target 'PaperloftApp' from project 'Paperloft')
	SwiftCompile normal arm64 Compiling\ AppModel.swift /Users/builder/Factory/paperloft-intents/Apps/PaperloftApp/AppModel.swift (in target 'PaperloftApp' from project 'Paperloft')
	Building project Paperloft for testing with scheme PaperloftApp
(3 failures)
