Command line invocation:
    /Applications/Xcode.app/Contents/Developer/usr/bin/xcodebuild -project Paperloft.xcodeproj -scheme PaperloftApp -configuration Release -destination platform=macOS -derivedDataPath build/DerivedData SWIFT_TREAT_WARNINGS_AS_ERRORS=YES clean build

Build settings from command line:
    SWIFT_TREAT_WARNINGS_AS_ERRORS = YES

Resolve Package Graph


Resolved source packages:
  PaperloftKit: /Users/builder/Factory/paperloft/evidence/checkouts/p1-fresh/Packages/PaperloftKit @ local

CreateBuildRequest

SendProjectDescription

CreateBuildOperation

** CLEAN SUCCEEDED **

ComputePackagePrebuildTargetDependencyGraph

Prepare packages

CreateBuildRequest

SendProjectDescription

CreateBuildOperation

ComputeTargetDependencyGraph
note: Building targets in dependency order
note: Target dependency graph (3 targets)
    Target 'PaperloftApp' in project 'Paperloft'
        ➜ Explicit dependency on target 'PaperloftKit-product' in project 'PaperloftKit'
    Target 'PaperloftKit-product' in project 'PaperloftKit'
        ➜ Explicit dependency on target 'PaperloftKit' in project 'PaperloftKit'
    Target 'PaperloftKit' in project 'PaperloftKit' (no dependencies)

GatherProvisioningInputs

CreateBuildDescription

ExecuteExternalTool /Applications/Xcode.app/Contents/Developer/Toolchains/XcodeDefault.xctoolchain/usr/bin/swiftc --version

ExecuteExternalTool /Applications/Xcode.app/Contents/Developer/Toolchains/XcodeDefault.xctoolchain/usr/bin/clang -v -E -dM -isysroot /Applications/Xcode.app/Contents/Developer/Platforms/MacOSX.platform/Developer/SDKs/MacOSX27.0.sdk -x c -c /dev/null

ExecuteExternalTool /Applications/Xcode.app/Contents/Developer/Toolchains/XcodeDefault.xctoolchain/usr/bin/ld -version_details

Build description signature: 756b44ca8a740e32d2fd56d839ac8330
Build description path: /Users/builder/Factory/paperloft/evidence/checkouts/p1-fresh/build/DerivedData/Build/Intermediates.noindex/XCBuildData/756b44ca8a740e32d2fd56d839ac8330.xcbuilddata
CreateBuildDirectory /Users/builder/Factory/paperloft/evidence/checkouts/p1-fresh/build/DerivedData/SDKExplicitPrecompiledModules
    cd /Users/builder/Factory/paperloft/evidence/checkouts/p1-fresh/Paperloft.xcodeproj
    builtin-create-build-directory /Users/builder/Factory/paperloft/evidence/checkouts/p1-fresh/build/DerivedData/SDKExplicitPrecompiledModules

ClangStatCache /Applications/Xcode.app/Contents/Developer/Toolchains/XcodeDefault.xctoolchain/usr/bin/clang-stat-cache /Applications/Xcode.app/Contents/Developer/Platforms/MacOSX.platform/Developer/SDKs/MacOSX27.0.sdk /Users/builder/Factory/paperloft/evidence/checkouts/p1-fresh/build/DerivedData/SDKStatCaches.noindex/macosx27.0-26A425-7231f6df4def33e022ae2eb8f782df1a.sdkstatcache
    cd /Users/builder/Factory/paperloft/evidence/checkouts/p1-fresh/Paperloft.xcodeproj
    /Applications/Xcode.app/Contents/Developer/Toolchains/XcodeDefault.xctoolchain/usr/bin/clang-stat-cache /Applications/Xcode.app/Contents/Developer/Platforms/MacOSX.platform/Developer/SDKs/MacOSX27.0.sdk -o /Users/builder/Factory/paperloft/evidence/checkouts/p1-fresh/build/DerivedData/SDKStatCaches.noindex/macosx27.0-26A425-7231f6df4def33e022ae2eb8f782df1a.sdkstatcache

CreateBuildDirectory /Users/builder/Factory/paperloft/evidence/checkouts/p1-fresh/build/DerivedData/CompilationCache.noindex
    cd /Users/builder/Factory/paperloft/evidence/checkouts/p1-fresh/Paperloft.xcodeproj
    builtin-create-build-directory /Users/builder/Factory/paperloft/evidence/checkouts/p1-fresh/build/DerivedData/CompilationCache.noindex

CreateBuildDirectory /Users/builder/Factory/paperloft/evidence/checkouts/p1-fresh/build/DerivedData/Build/Products
    cd /Users/builder/Factory/paperloft/evidence/checkouts/p1-fresh/Paperloft.xcodeproj
    builtin-create-build-directory /Users/builder/Factory/paperloft/evidence/checkouts/p1-fresh/build/DerivedData/Build/Products

CreateBuildDirectory /Users/builder/Factory/paperloft/evidence/checkouts/p1-fresh/build/DerivedData/ModuleCache.noindex
    cd /Users/builder/Factory/paperloft/evidence/checkouts/p1-fresh/Paperloft.xcodeproj
    builtin-create-build-directory /Users/builder/Factory/paperloft/evidence/checkouts/p1-fresh/build/DerivedData/ModuleCache.noindex

CreateBuildDirectory /Users/builder/Factory/paperloft/evidence/checkouts/p1-fresh/build/DerivedData/Build/Intermediates.noindex
    cd /Users/builder/Factory/paperloft/evidence/checkouts/p1-fresh/Paperloft.xcodeproj
    builtin-create-build-directory /Users/builder/Factory/paperloft/evidence/checkouts/p1-fresh/build/DerivedData/Build/Intermediates.noindex

CreateBuildDirectory /Users/builder/Factory/paperloft/evidence/checkouts/p1-fresh/build/DerivedData/Build/Intermediates.noindex/SwiftExplicitPrecompiledModules
    cd /Users/builder/Factory/paperloft/evidence/checkouts/p1-fresh/Paperloft.xcodeproj
    builtin-create-build-directory /Users/builder/Factory/paperloft/evidence/checkouts/p1-fresh/build/DerivedData/Build/Intermediates.noindex/SwiftExplicitPrecompiledModules

CreateBuildDirectory /Users/builder/Factory/paperloft/evidence/checkouts/p1-fresh/build/DerivedData/Build/Intermediates.noindex/PrecompiledHeaders
    cd /Users/builder/Factory/paperloft/evidence/checkouts/p1-fresh/Paperloft.xcodeproj
    builtin-create-build-directory /Users/builder/Factory/paperloft/evidence/checkouts/p1-fresh/build/DerivedData/Build/Intermediates.noindex/PrecompiledHeaders

CreateBuildDirectory /Users/builder/Factory/paperloft/evidence/checkouts/p1-fresh/build/DerivedData/Build/Intermediates.noindex/ExplicitPrecompiledModules
    cd /Users/builder/Factory/paperloft/evidence/checkouts/p1-fresh/Paperloft.xcodeproj
    builtin-create-build-directory /Users/builder/Factory/paperloft/evidence/checkouts/p1-fresh/build/DerivedData/Build/Intermediates.noindex/ExplicitPrecompiledModules

CreateBuildDirectory /Users/builder/Factory/paperloft/evidence/checkouts/p1-fresh/build/DerivedData/Build/Intermediates.noindex/EagerLinkingTBDs/Release
    cd /Users/builder/Factory/paperloft/evidence/checkouts/p1-fresh/Paperloft.xcodeproj
    builtin-create-build-directory /Users/builder/Factory/paperloft/evidence/checkouts/p1-fresh/build/DerivedData/Build/Intermediates.noindex/EagerLinkingTBDs/Release

CreateBuildDirectory /Users/builder/Factory/paperloft/evidence/checkouts/p1-fresh/build/DerivedData/Build/Products/Release
    cd /Users/builder/Factory/paperloft/evidence/checkouts/p1-fresh/Paperloft.xcodeproj
    builtin-create-build-directory /Users/builder/Factory/paperloft/evidence/checkouts/p1-fresh/build/DerivedData/Build/Products/Release

WriteAuxiliaryFile /Users/builder/Factory/paperloft/evidence/checkouts/p1-fresh/build/DerivedData/Build/Intermediates.noindex/Paperloft.build/Release/Paperloft-b93ddc6bcd4d234a5473ab01ad3589c4-VFS/all-product-headers.yaml
    cd /Users/builder/Factory/paperloft/evidence/checkouts/p1-fresh/Paperloft.xcodeproj
    write-file /Users/builder/Factory/paperloft/evidence/checkouts/p1-fresh/build/DerivedData/Build/Intermediates.noindex/Paperloft.build/Release/Paperloft-b93ddc6bcd4d234a5473ab01ad3589c4-VFS/all-product-headers.yaml

CreateBuildDirectory /Users/builder/Factory/paperloft/evidence/checkouts/p1-fresh/build/DerivedData/Build/Products/Release/PackageFrameworks
    cd /Users/builder/Factory/paperloft/evidence/checkouts/p1-fresh/Paperloft.xcodeproj
    builtin-create-build-directory /Users/builder/Factory/paperloft/evidence/checkouts/p1-fresh/build/DerivedData/Build/Products/Release/PackageFrameworks

WriteAuxiliaryFile /Users/builder/Factory/paperloft/evidence/checkouts/p1-fresh/build/DerivedData/Build/Intermediates.noindex/PaperloftKit.build/Release/PaperloftKit-t.build/PaperloftKit.DependencyMetadataFileList (in target 'PaperloftKit' from project 'PaperloftKit')
    cd /Users/builder/Factory/paperloft/evidence/checkouts/p1-fresh/Packages/PaperloftKit
    write-file /Users/builder/Factory/paperloft/evidence/checkouts/p1-fresh/build/DerivedData/Build/Intermediates.noindex/PaperloftKit.build/Release/PaperloftKit-t.build/PaperloftKit.DependencyMetadataFileList

WriteAuxiliaryFile /Users/builder/Factory/paperloft/evidence/checkouts/p1-fresh/build/DerivedData/Build/Intermediates.noindex/PaperloftKit.build/Release/PaperloftKit-t.build/PaperloftKit.modulemap (in target 'PaperloftKit' from project 'PaperloftKit')
    cd /Users/builder/Factory/paperloft/evidence/checkouts/p1-fresh/Packages/PaperloftKit
    write-file /Users/builder/Factory/paperloft/evidence/checkouts/p1-fresh/build/DerivedData/Build/Intermediates.noindex/PaperloftKit.build/Release/PaperloftKit-t.build/PaperloftKit.modulemap

WriteAuxiliaryFile /Users/builder/Factory/paperloft/evidence/checkouts/p1-fresh/build/DerivedData/Build/Intermediates.noindex/PaperloftKit.build/Release/PaperloftKit-t.build/PaperloftKit.DependencyStaticMetadataFileList (in target 'PaperloftKit' from project 'PaperloftKit')
    cd /Users/builder/Factory/paperloft/evidence/checkouts/p1-fresh/Packages/PaperloftKit
    write-file /Users/builder/Factory/paperloft/evidence/checkouts/p1-fresh/build/DerivedData/Build/Intermediates.noindex/PaperloftKit.build/Release/PaperloftKit-t.build/PaperloftKit.DependencyStaticMetadataFileList

WriteAuxiliaryFile /Users/builder/Factory/paperloft/evidence/checkouts/p1-fresh/build/DerivedData/Build/Intermediates.noindex/PaperloftKit.build/Release/PaperloftKit-t.build/Objects-normal/arm64/PaperloftKit_const_extract_protocols.json (in target 'PaperloftKit' from project 'PaperloftKit')
    cd /Users/builder/Factory/paperloft/evidence/checkouts/p1-fresh/Packages/PaperloftKit
    write-file /Users/builder/Factory/paperloft/evidence/checkouts/p1-fresh/build/DerivedData/Build/Intermediates.noindex/PaperloftKit.build/Release/PaperloftKit-t.build/Objects-normal/arm64/PaperloftKit_const_extract_protocols.json

WriteAuxiliaryFile /Users/builder/Factory/paperloft/evidence/checkouts/p1-fresh/build/DerivedData/Build/Intermediates.noindex/PaperloftKit.build/Release/PaperloftKit-t.build/Objects-normal/arm64/PaperloftKit-OutputFileMap.json (in target 'PaperloftKit' from project 'PaperloftKit')
    cd /Users/builder/Factory/paperloft/evidence/checkouts/p1-fresh/Packages/PaperloftKit
    write-file /Users/builder/Factory/paperloft/evidence/checkouts/p1-fresh/build/DerivedData/Build/Intermediates.noindex/PaperloftKit.build/Release/PaperloftKit-t.build/Objects-normal/arm64/PaperloftKit-OutputFileMap.json

WriteAuxiliaryFile /Users/builder/Factory/paperloft/evidence/checkouts/p1-fresh/build/DerivedData/Build/Intermediates.noindex/PaperloftKit.build/Release/PaperloftKit-t.build/Objects-normal/arm64/PaperloftKit.SwiftFileList (in target 'PaperloftKit' from project 'PaperloftKit')
    cd /Users/builder/Factory/paperloft/evidence/checkouts/p1-fresh/Packages/PaperloftKit
    write-file /Users/builder/Factory/paperloft/evidence/checkouts/p1-fresh/build/DerivedData/Build/Intermediates.noindex/PaperloftKit.build/Release/PaperloftKit-t.build/Objects-normal/arm64/PaperloftKit.SwiftFileList

WriteAuxiliaryFile /Users/builder/Factory/paperloft/evidence/checkouts/p1-fresh/build/DerivedData/Build/Intermediates.noindex/PaperloftKit.build/Release/PaperloftKit-t.build/Objects-normal/arm64/PaperloftKit.LinkFileList (in target 'PaperloftKit' from project 'PaperloftKit')
    cd /Users/builder/Factory/paperloft/evidence/checkouts/p1-fresh/Packages/PaperloftKit
    write-file /Users/builder/Factory/paperloft/evidence/checkouts/p1-fresh/build/DerivedData/Build/Intermediates.noindex/PaperloftKit.build/Release/PaperloftKit-t.build/Objects-normal/arm64/PaperloftKit.LinkFileList

WriteAuxiliaryFile /Users/builder/Factory/paperloft/evidence/checkouts/p1-fresh/build/DerivedData/Build/Intermediates.noindex/PaperloftKit.build/Release/PaperloftKit-t.build/Objects-normal/arm64/PaperloftKit.SwiftConstValuesFileList (in target 'PaperloftKit' from project 'PaperloftKit')
    cd /Users/builder/Factory/paperloft/evidence/checkouts/p1-fresh/Packages/PaperloftKit
    write-file /Users/builder/Factory/paperloft/evidence/checkouts/p1-fresh/build/DerivedData/Build/Intermediates.noindex/PaperloftKit.build/Release/PaperloftKit-t.build/Objects-normal/arm64/PaperloftKit.SwiftConstValuesFileList

WriteAuxiliaryFile /Users/builder/Factory/paperloft/evidence/checkouts/p1-fresh/build/DerivedData/Build/Intermediates.noindex/Paperloft.build/Release/PaperloftApp.build/empty-Paperloft\ Receipts.plist (in target 'PaperloftApp' from project 'Paperloft')
    cd /Users/builder/Factory/paperloft/evidence/checkouts/p1-fresh
    write-file /Users/builder/Factory/paperloft/evidence/checkouts/p1-fresh/build/DerivedData/Build/Intermediates.noindex/Paperloft.build/Release/PaperloftApp.build/empty-Paperloft\ Receipts.plist

WriteAuxiliaryFile /Users/builder/Factory/paperloft/evidence/checkouts/p1-fresh/build/DerivedData/Build/Intermediates.noindex/Paperloft.build/Release/PaperloftApp.build/Paperloft\ Receipts.hmap (in target 'PaperloftApp' from project 'Paperloft')
    cd /Users/builder/Factory/paperloft/evidence/checkouts/p1-fresh
    write-file /Users/builder/Factory/paperloft/evidence/checkouts/p1-fresh/build/DerivedData/Build/Intermediates.noindex/Paperloft.build/Release/PaperloftApp.build/Paperloft\ Receipts.hmap

WriteAuxiliaryFile /Users/builder/Factory/paperloft/evidence/checkouts/p1-fresh/build/DerivedData/Build/Intermediates.noindex/Paperloft.build/Release/PaperloftApp.build/Paperloft\ Receipts.DependencyStaticMetadataFileList (in target 'PaperloftApp' from project 'Paperloft')
    cd /Users/builder/Factory/paperloft/evidence/checkouts/p1-fresh
    write-file /Users/builder/Factory/paperloft/evidence/checkouts/p1-fresh/build/DerivedData/Build/Intermediates.noindex/Paperloft.build/Release/PaperloftApp.build/Paperloft\ Receipts.DependencyStaticMetadataFileList

WriteAuxiliaryFile /Users/builder/Factory/paperloft/evidence/checkouts/p1-fresh/build/DerivedData/Build/Intermediates.noindex/Paperloft.build/Release/PaperloftApp.build/Paperloft\ Receipts.DependencyMetadataFileList (in target 'PaperloftApp' from project 'Paperloft')
    cd /Users/builder/Factory/paperloft/evidence/checkouts/p1-fresh
    write-file /Users/builder/Factory/paperloft/evidence/checkouts/p1-fresh/build/DerivedData/Build/Intermediates.noindex/Paperloft.build/Release/PaperloftApp.build/Paperloft\ Receipts.DependencyMetadataFileList

Copy /Users/builder/Factory/paperloft/evidence/checkouts/p1-fresh/build/DerivedData/Build/Intermediates.noindex/GeneratedModuleMaps/PaperloftKit.modulemap /Users/builder/Factory/paperloft/evidence/checkouts/p1-fresh/build/DerivedData/Build/Intermediates.noindex/PaperloftKit.build/Release/PaperloftKit-t.build/PaperloftKit.modulemap (in target 'PaperloftKit' from project 'PaperloftKit')
    cd /Users/builder/Factory/paperloft/evidence/checkouts/p1-fresh/Packages/PaperloftKit
    builtin-copy -exclude .DS_Store -exclude CVS -exclude .svn -exclude .git -exclude .hg -strip-unsigned-binaries -strip-deterministic -strip-tool /Applications/Xcode.app/Contents/Developer/Toolchains/XcodeDefault.xctoolchain/usr/bin/strip -resolve-src-symlinks /Users/builder/Factory/paperloft/evidence/checkouts/p1-fresh/build/DerivedData/Build/Intermediates.noindex/PaperloftKit.build/Release/PaperloftKit-t.build/PaperloftKit.modulemap /Users/builder/Factory/paperloft/evidence/checkouts/p1-fresh/build/DerivedData/Build/Intermediates.noindex/GeneratedModuleMaps

WriteAuxiliaryFile /Users/builder/Factory/paperloft/evidence/checkouts/p1-fresh/build/DerivedData/Build/Intermediates.noindex/Paperloft.build/Release/PaperloftApp.build/Paperloft\ Receipts-project-headers.hmap (in target 'PaperloftApp' from project 'Paperloft')
    cd /Users/builder/Factory/paperloft/evidence/checkouts/p1-fresh
    write-file /Users/builder/Factory/paperloft/evidence/checkouts/p1-fresh/build/DerivedData/Build/Intermediates.noindex/Paperloft.build/Release/PaperloftApp.build/Paperloft\ Receipts-project-headers.hmap

WriteAuxiliaryFile /Users/builder/Factory/paperloft/evidence/checkouts/p1-fresh/build/DerivedData/Build/Intermediates.noindex/Paperloft.build/Release/PaperloftApp.build/Paperloft\ Receipts-own-target-headers.hmap (in target 'PaperloftApp' from project 'Paperloft')
    cd /Users/builder/Factory/paperloft/evidence/checkouts/p1-fresh
    write-file /Users/builder/Factory/paperloft/evidence/checkouts/p1-fresh/build/DerivedData/Build/Intermediates.noindex/Paperloft.build/Release/PaperloftApp.build/Paperloft\ Receipts-own-target-headers.hmap

WriteAuxiliaryFile /Users/builder/Factory/paperloft/evidence/checkouts/p1-fresh/build/DerivedData/Build/Intermediates.noindex/Paperloft.build/Release/PaperloftApp.build/Paperloft\ Receipts-generated-files.hmap (in target 'PaperloftApp' from project 'Paperloft')
    cd /Users/builder/Factory/paperloft/evidence/checkouts/p1-fresh
    write-file /Users/builder/Factory/paperloft/evidence/checkouts/p1-fresh/build/DerivedData/Build/Intermediates.noindex/Paperloft.build/Release/PaperloftApp.build/Paperloft\ Receipts-generated-files.hmap

WriteAuxiliaryFile /Users/builder/Factory/paperloft/evidence/checkouts/p1-fresh/build/DerivedData/Build/Intermediates.noindex/Paperloft.build/Release/PaperloftApp.build/Paperloft\ Receipts-all-target-headers.hmap (in target 'PaperloftApp' from project 'Paperloft')
    cd /Users/builder/Factory/paperloft/evidence/checkouts/p1-fresh
    write-file /Users/builder/Factory/paperloft/evidence/checkouts/p1-fresh/build/DerivedData/Build/Intermediates.noindex/Paperloft.build/Release/PaperloftApp.build/Paperloft\ Receipts-all-target-headers.hmap

WriteAuxiliaryFile /Users/builder/Factory/paperloft/evidence/checkouts/p1-fresh/build/DerivedData/Build/Intermediates.noindex/Paperloft.build/Release/PaperloftApp.build/Paperloft\ Receipts-all-non-framework-target-headers.hmap (in target 'PaperloftApp' from project 'Paperloft')
    cd /Users/builder/Factory/paperloft/evidence/checkouts/p1-fresh
    write-file /Users/builder/Factory/paperloft/evidence/checkouts/p1-fresh/build/DerivedData/Build/Intermediates.noindex/Paperloft.build/Release/PaperloftApp.build/Paperloft\ Receipts-all-non-framework-target-headers.hmap

WriteAuxiliaryFile /Users/builder/Factory/paperloft/evidence/checkouts/p1-fresh/build/DerivedData/Build/Intermediates.noindex/Paperloft.build/Release/PaperloftApp.build/Objects-normal/arm64/PaperloftApp_const_extract_protocols.json (in target 'PaperloftApp' from project 'Paperloft')
    cd /Users/builder/Factory/paperloft/evidence/checkouts/p1-fresh
    write-file /Users/builder/Factory/paperloft/evidence/checkouts/p1-fresh/build/DerivedData/Build/Intermediates.noindex/Paperloft.build/Release/PaperloftApp.build/Objects-normal/arm64/PaperloftApp_const_extract_protocols.json

WriteAuxiliaryFile /Users/builder/Factory/paperloft/evidence/checkouts/p1-fresh/build/DerivedData/Build/Intermediates.noindex/Paperloft.build/Release/PaperloftApp.build/Objects-normal/arm64/PaperloftApp-OutputFileMap.json (in target 'PaperloftApp' from project 'Paperloft')
    cd /Users/builder/Factory/paperloft/evidence/checkouts/p1-fresh
    write-file /Users/builder/Factory/paperloft/evidence/checkouts/p1-fresh/build/DerivedData/Build/Intermediates.noindex/Paperloft.build/Release/PaperloftApp.build/Objects-normal/arm64/PaperloftApp-OutputFileMap.json

WriteAuxiliaryFile /Users/builder/Factory/paperloft/evidence/checkouts/p1-fresh/build/DerivedData/Build/Intermediates.noindex/Paperloft.build/Release/PaperloftApp.build/Objects-normal/arm64/Paperloft\ Receipts.SwiftFileList (in target 'PaperloftApp' from project 'Paperloft')
    cd /Users/builder/Factory/paperloft/evidence/checkouts/p1-fresh
    write-file /Users/builder/Factory/paperloft/evidence/checkouts/p1-fresh/build/DerivedData/Build/Intermediates.noindex/Paperloft.build/Release/PaperloftApp.build/Objects-normal/arm64/Paperloft\ Receipts.SwiftFileList

WriteAuxiliaryFile /Users/builder/Factory/paperloft/evidence/checkouts/p1-fresh/build/DerivedData/Build/Intermediates.noindex/Paperloft.build/Release/PaperloftApp.build/Objects-normal/arm64/Paperloft\ Receipts.SwiftConstValuesFileList (in target 'PaperloftApp' from project 'Paperloft')
    cd /Users/builder/Factory/paperloft/evidence/checkouts/p1-fresh
    write-file /Users/builder/Factory/paperloft/evidence/checkouts/p1-fresh/build/DerivedData/Build/Intermediates.noindex/Paperloft.build/Release/PaperloftApp.build/Objects-normal/arm64/Paperloft\ Receipts.SwiftConstValuesFileList

WriteAuxiliaryFile /Users/builder/Factory/paperloft/evidence/checkouts/p1-fresh/build/DerivedData/Build/Intermediates.noindex/Paperloft.build/Release/PaperloftApp.build/Objects-normal/arm64/Paperloft\ Receipts.LinkFileList (in target 'PaperloftApp' from project 'Paperloft')
    cd /Users/builder/Factory/paperloft/evidence/checkouts/p1-fresh
    write-file /Users/builder/Factory/paperloft/evidence/checkouts/p1-fresh/build/DerivedData/Build/Intermediates.noindex/Paperloft.build/Release/PaperloftApp.build/Objects-normal/arm64/Paperloft\ Receipts.LinkFileList

WriteAuxiliaryFile /Users/builder/Factory/paperloft/evidence/checkouts/p1-fresh/build/DerivedData/Build/Intermediates.noindex/Paperloft.build/Release/PaperloftApp.build/DerivedSources/Entitlements.plist (in target 'PaperloftApp' from project 'Paperloft')
    cd /Users/builder/Factory/paperloft/evidence/checkouts/p1-fresh
    write-file /Users/builder/Factory/paperloft/evidence/checkouts/p1-fresh/build/DerivedData/Build/Intermediates.noindex/Paperloft.build/Release/PaperloftApp.build/DerivedSources/Entitlements.plist

MkDir /Users/builder/Factory/paperloft/evidence/checkouts/p1-fresh/build/DerivedData/Build/Products/Release/Paperloft\ Receipts.app/Contents/Resources (in target 'PaperloftApp' from project 'Paperloft')
    cd /Users/builder/Factory/paperloft/evidence/checkouts/p1-fresh
    /bin/mkdir -p /Users/builder/Factory/paperloft/evidence/checkouts/p1-fresh/build/DerivedData/Build/Products/Release/Paperloft\ Receipts.app/Contents/Resources

MkDir /Users/builder/Factory/paperloft/evidence/checkouts/p1-fresh/build/DerivedData/Build/Products/Release/Paperloft\ Receipts.app/Contents/MacOS (in target 'PaperloftApp' from project 'Paperloft')
    cd /Users/builder/Factory/paperloft/evidence/checkouts/p1-fresh
    /bin/mkdir -p /Users/builder/Factory/paperloft/evidence/checkouts/p1-fresh/build/DerivedData/Build/Products/Release/Paperloft\ Receipts.app/Contents/MacOS

MkDir /Users/builder/Factory/paperloft/evidence/checkouts/p1-fresh/build/DerivedData/Build/Products/Release/Paperloft\ Receipts.app/Contents (in target 'PaperloftApp' from project 'Paperloft')
    cd /Users/builder/Factory/paperloft/evidence/checkouts/p1-fresh
    /bin/mkdir -p /Users/builder/Factory/paperloft/evidence/checkouts/p1-fresh/build/DerivedData/Build/Products/Release/Paperloft\ Receipts.app/Contents

MkDir /Users/builder/Factory/paperloft/evidence/checkouts/p1-fresh/build/DerivedData/Build/Products/Release/Paperloft\ Receipts.app (in target 'PaperloftApp' from project 'Paperloft')
    cd /Users/builder/Factory/paperloft/evidence/checkouts/p1-fresh
    /bin/mkdir -p /Users/builder/Factory/paperloft/evidence/checkouts/p1-fresh/build/DerivedData/Build/Products/Release/Paperloft\ Receipts.app

SwiftDriver PaperloftKit normal arm64 com.apple.xcode.tools.swift.compiler (in target 'PaperloftKit' from project 'PaperloftKit')
    cd /Users/builder/Factory/paperloft/evidence/checkouts/p1-fresh/Paperloft.xcodeproj
    builtin-SwiftDriver -- /Applications/Xcode.app/Contents/Developer/Toolchains/XcodeDefault.xctoolchain/usr/bin/swiftc -parse-as-library -module-name PaperloftKit -O -whole-module-optimization @/Users/builder/Factory/paperloft/evidence/checkouts/p1-fresh/build/DerivedData/Build/Intermediates.noindex/PaperloftKit.build/Release/PaperloftKit-t.build/Objects-normal/arm64/PaperloftKit.SwiftFileList -DSWIFT_PACKAGE -DSWIFT_MODULE_RESOURCE_BUNDLE_UNAVAILABLE -DXcode -plugin-path /Applications/Xcode.app/Contents/Developer/Toolchains/XcodeDefault.xctoolchain/usr/lib/swift/host/plugins/testing -enable-experimental-feature DebugDescriptionMacro -sdk /Applications/Xcode.app/Contents/Developer/Platforms/MacOSX.platform/Developer/SDKs/MacOSX27.0.sdk -target arm64-apple-macos27.0 -g -module-cache-path /Users/builder/Factory/paperloft/evidence/checkouts/p1-fresh/build/DerivedData/ModuleCache.noindex -Xfrontend -serialize-debugging-options -profile-coverage-mapping -profile-generate -warnings-as-errors -swift-version 6 -I /Users/builder/Factory/paperloft/evidence/checkouts/p1-fresh/build/DerivedData/Build/Products/Release -Isystem /Applications/Xcode.app/Contents/Developer/Platforms/MacOSX.platform/Developer/usr/lib -F /Users/builder/Factory/paperloft/evidence/checkouts/p1-fresh/build/DerivedData/Build/Products/Release -F /Applications/Xcode.app/Contents/Developer/Platforms/MacOSX.platform/Developer/Library/Frameworks -c -num-threads 10 -Xcc -ivfsstatcache -Xcc /Users/builder/Factory/paperloft/evidence/checkouts/p1-fresh/build/DerivedData/SDKStatCaches.noindex/macosx27.0-26A425-7231f6df4def33e022ae2eb8f782df1a.sdkstatcache -output-file-map /Users/builder/Factory/paperloft/evidence/checkouts/p1-fresh/build/DerivedData/Build/Intermediates.noindex/PaperloftKit.build/Release/PaperloftKit-t.build/Objects-normal/arm64/PaperloftKit-OutputFileMap.json -save-temps -no-color-diagnostics -explicit-module-build -module-cache-path /Users/builder/Factory/paperloft/evidence/checkouts/p1-fresh/build/DerivedData/Build/Intermediates.noindex/SwiftExplicitPrecompiledModules -clang-scanner-module-cache-path /Users/builder/Factory/paperloft/evidence/checkouts/p1-fresh/build/DerivedData/ModuleCache.noindex -sdk-module-cache-path /Users/builder/Factory/paperloft/evidence/checkouts/p1-fresh/build/DerivedData/SDKExplicitPrecompiledModules -emit-dependencies -emit-module -emit-module-path /Users/builder/Factory/paperloft/evidence/checkouts/p1-fresh/build/DerivedData/Build/Intermediates.noindex/PaperloftKit.build/Release/PaperloftKit-t.build/Objects-normal/arm64/PaperloftKit.swiftmodule -serialize-diagnostics -dependency-scan-serialize-diagnostics-path /Users/builder/Factory/paperloft/evidence/checkouts/p1-fresh/build/DerivedData/Build/Intermediates.noindex/PaperloftKit.build/Release/PaperloftKit-t.build/Objects-normal/arm64/PaperloftKit-dependency-scan.dia -validate-clang-modules-once -clang-build-session-file /Users/builder/Factory/paperloft/evidence/checkouts/p1-fresh/build/DerivedData/ModuleCache.noindex/Session.modulevalidation -Xcc -fmodules-prune-interval\=86400 -Xcc -fmodules-prune-after\=345600 -package-name paperloftkit -emit-const-values -const-gather-protocols-list /Users/builder/Factory/paperloft/evidence/checkouts/p1-fresh/build/DerivedData/Build/Intermediates.noindex/PaperloftKit.build/Release/PaperloftKit-t.build/Objects-normal/arm64/PaperloftKit_const_extract_protocols.json -Xcc -I/Users/builder/Factory/paperloft/evidence/checkouts/p1-fresh/build/DerivedData/Build/Products/Release/include -Xcc -I/Users/builder/Factory/paperloft/evidence/checkouts/p1-fresh/build/DerivedData/Build/Intermediates.noindex/PaperloftKit.build/Release/PaperloftKit-t.build/DerivedSources-normal/arm64 -Xcc -I/Users/builder/Factory/paperloft/evidence/checkouts/p1-fresh/build/DerivedData/Build/Intermediates.noindex/PaperloftKit.build/Release/PaperloftKit-t.build/DerivedSources/arm64 -Xcc -I/Users/builder/Factory/paperloft/evidence/checkouts/p1-fresh/build/DerivedData/Build/Intermediates.noindex/PaperloftKit.build/Release/PaperloftKit-t.build/DerivedSources -Xcc -DSWIFT_PACKAGE -emit-objc-header -emit-objc-header-path /Users/builder/Factory/paperloft/evidence/checkouts/p1-fresh/build/DerivedData/Build/Intermediates.noindex/PaperloftKit.build/Release/PaperloftKit-t.build/Objects-normal/arm64/PaperloftKit-Swift.h -working-directory /Users/builder/Factory/paperloft/evidence/checkouts/p1-fresh/Paperloft.xcodeproj -no-emit-module-separately-wmo

SwiftDriver\ Compilation PaperloftKit normal arm64 com.apple.xcode.tools.swift.compiler (in target 'PaperloftKit' from project 'PaperloftKit')
    cd /Users/builder/Factory/paperloft/evidence/checkouts/p1-fresh/Paperloft.xcodeproj
    builtin-Swift-Compilation -- /Applications/Xcode.app/Contents/Developer/Toolchains/XcodeDefault.xctoolchain/usr/bin/swiftc -parse-as-library -module-name PaperloftKit -O -whole-module-optimization @/Users/builder/Factory/paperloft/evidence/checkouts/p1-fresh/build/DerivedData/Build/Intermediates.noindex/PaperloftKit.build/Release/PaperloftKit-t.build/Objects-normal/arm64/PaperloftKit.SwiftFileList -DSWIFT_PACKAGE -DSWIFT_MODULE_RESOURCE_BUNDLE_UNAVAILABLE -DXcode -plugin-path /Applications/Xcode.app/Contents/Developer/Toolchains/XcodeDefault.xctoolchain/usr/lib/swift/host/plugins/testing -enable-experimental-feature DebugDescriptionMacro -sdk /Applications/Xcode.app/Contents/Developer/Platforms/MacOSX.platform/Developer/SDKs/MacOSX27.0.sdk -target arm64-apple-macos27.0 -g -module-cache-path /Users/builder/Factory/paperloft/evidence/checkouts/p1-fresh/build/DerivedData/ModuleCache.noindex -Xfrontend -serialize-debugging-options -profile-coverage-mapping -profile-generate -warnings-as-errors -swift-version 6 -I /Users/builder/Factory/paperloft/evidence/checkouts/p1-fresh/build/DerivedData/Build/Products/Release -Isystem /Applications/Xcode.app/Contents/Developer/Platforms/MacOSX.platform/Developer/usr/lib -F /Users/builder/Factory/paperloft/evidence/checkouts/p1-fresh/build/DerivedData/Build/Products/Release -F /Applications/Xcode.app/Contents/Developer/Platforms/MacOSX.platform/Developer/Library/Frameworks -c -num-threads 10 -Xcc -ivfsstatcache -Xcc /Users/builder/Factory/paperloft/evidence/checkouts/p1-fresh/build/DerivedData/SDKStatCaches.noindex/macosx27.0-26A425-7231f6df4def33e022ae2eb8f782df1a.sdkstatcache -output-file-map /Users/builder/Factory/paperloft/evidence/checkouts/p1-fresh/build/DerivedData/Build/Intermediates.noindex/PaperloftKit.build/Release/PaperloftKit-t.build/Objects-normal/arm64/PaperloftKit-OutputFileMap.json -save-temps -no-color-diagnostics -explicit-module-build -module-cache-path /Users/builder/Factory/paperloft/evidence/checkouts/p1-fresh/build/DerivedData/Build/Intermediates.noindex/SwiftExplicitPrecompiledModules -clang-scanner-module-cache-path /Users/builder/Factory/paperloft/evidence/checkouts/p1-fresh/build/DerivedData/ModuleCache.noindex -sdk-module-cache-path /Users/builder/Factory/paperloft/evidence/checkouts/p1-fresh/build/DerivedData/SDKExplicitPrecompiledModules -emit-dependencies -emit-module -emit-module-path /Users/builder/Factory/paperloft/evidence/checkouts/p1-fresh/build/DerivedData/Build/Intermediates.noindex/PaperloftKit.build/Release/PaperloftKit-t.build/Objects-normal/arm64/PaperloftKit.swiftmodule -serialize-diagnostics -dependency-scan-serialize-diagnostics-path /Users/builder/Factory/paperloft/evidence/checkouts/p1-fresh/build/DerivedData/Build/Intermediates.noindex/PaperloftKit.build/Release/PaperloftKit-t.build/Objects-normal/arm64/PaperloftKit-dependency-scan.dia -validate-clang-modules-once -clang-build-session-file /Users/builder/Factory/paperloft/evidence/checkouts/p1-fresh/build/DerivedData/ModuleCache.noindex/Session.modulevalidation -Xcc -fmodules-prune-interval\=86400 -Xcc -fmodules-prune-after\=345600 -package-name paperloftkit -emit-const-values -const-gather-protocols-list /Users/builder/Factory/paperloft/evidence/checkouts/p1-fresh/build/DerivedData/Build/Intermediates.noindex/PaperloftKit.build/Release/PaperloftKit-t.build/Objects-normal/arm64/PaperloftKit_const_extract_protocols.json -Xcc -I/Users/builder/Factory/paperloft/evidence/checkouts/p1-fresh/build/DerivedData/Build/Products/Release/include -Xcc -I/Users/builder/Factory/paperloft/evidence/checkouts/p1-fresh/build/DerivedData/Build/Intermediates.noindex/PaperloftKit.build/Release/PaperloftKit-t.build/DerivedSources-normal/arm64 -Xcc -I/Users/builder/Factory/paperloft/evidence/checkouts/p1-fresh/build/DerivedData/Build/Intermediates.noindex/PaperloftKit.build/Release/PaperloftKit-t.build/DerivedSources/arm64 -Xcc -I/Users/builder/Factory/paperloft/evidence/checkouts/p1-fresh/build/DerivedData/Build/Intermediates.noindex/PaperloftKit.build/Release/PaperloftKit-t.build/DerivedSources -Xcc -DSWIFT_PACKAGE -emit-objc-header -emit-objc-header-path /Users/builder/Factory/paperloft/evidence/checkouts/p1-fresh/build/DerivedData/Build/Intermediates.noindex/PaperloftKit.build/Release/PaperloftKit-t.build/Objects-normal/arm64/PaperloftKit-Swift.h -working-directory /Users/builder/Factory/paperloft/evidence/checkouts/p1-fresh/Paperloft.xcodeproj -no-emit-module-separately-wmo

SwiftExplicitDependencyGeneratePcm arm64 /Users/builder/Factory/paperloft/evidence/checkouts/p1-fresh/build/DerivedData/SDKExplicitPrecompiledModules/ptrcheck-P24IW9WQEUQEZLKDPBPVDF4L.pcm

SwiftExplicitDependencyGeneratePcm arm64 /Users/builder/Factory/paperloft/evidence/checkouts/p1-fresh/build/DerivedData/SDKExplicitPrecompiledModules/SwiftShims-AHVEXH50SXDFO2G85L9WSJSNB.pcm

SwiftExplicitDependencyGeneratePcm arm64 /Users/builder/Factory/paperloft/evidence/checkouts/p1-fresh/build/DerivedData/SDKExplicitPrecompiledModules/_AvailabilityInternal-1NPCT1LSJC8T4QZRUU3CE6V8H.pcm

SwiftExplicitDependencyGeneratePcm arm64 /Users/builder/Factory/paperloft/evidence/checkouts/p1-fresh/build/DerivedData/SDKExplicitPrecompiledModules/ptrauth-93O34Q9OQLVX2F9I9O748NDSJ.pcm

SwiftExplicitDependencyGeneratePcm arm64 /Users/builder/Factory/paperloft/evidence/checkouts/p1-fresh/build/DerivedData/SDKExplicitPrecompiledModules/_SwiftConcurrencyShims-9WLJU1I5PGU1348FOQ7LJL9YX.pcm

SwiftExplicitDependencyGeneratePcm arm64 /Users/builder/Factory/paperloft/evidence/checkouts/p1-fresh/build/DerivedData/SDKExplicitPrecompiledModules/_Builtin_stddef-1B0OLM8FW7CLWA6U0C0D3KDDF.pcm

SwiftExplicitDependencyGeneratePcm arm64 /Users/builder/Factory/paperloft/evidence/checkouts/p1-fresh/build/DerivedData/SDKExplicitPrecompiledModules/_Builtin_stdbool-8YRP6IW6U3NPXPN7BVBO0ZRUE.pcm

SwiftExplicitDependencyGeneratePcm arm64 /Users/builder/Factory/paperloft/evidence/checkouts/p1-fresh/build/DerivedData/SDKExplicitPrecompiledModules/_Builtin_float-D786VMBA5RCB9GNBXIMQSTPDD.pcm

SwiftExplicitDependencyGeneratePcm arm64 /Users/builder/Factory/paperloft/evidence/checkouts/p1-fresh/build/DerivedData/SDKExplicitPrecompiledModules/_Builtin_stdarg-BV0PZJQQ3EJAYW2DYU9HMRI6W.pcm

SwiftExplicitDependencyGeneratePcm arm64 /Users/builder/Factory/paperloft/evidence/checkouts/p1-fresh/build/DerivedData/SDKExplicitPrecompiledModules/_DarwinFoundation1-F1LB0R8EIR09899IK330J1FRG.pcm

SwiftExplicitDependencyGeneratePcm arm64 /Users/builder/Factory/paperloft/evidence/checkouts/p1-fresh/build/DerivedData/SDKExplicitPrecompiledModules/_DarwinFoundation2-98CEIJ9E0B1IVRSLNBRT6L8UK.pcm

SwiftExplicitDependencyGeneratePcm arm64 /Users/builder/Factory/paperloft/evidence/checkouts/p1-fresh/build/DerivedData/SDKExplicitPrecompiledModules/_Builtin_limits-RIE18ZHMR8QTDQ7UUX7J9F52.pcm

SwiftExplicitDependencyGeneratePcm arm64 /Users/builder/Factory/paperloft/evidence/checkouts/p1-fresh/build/DerivedData/SDKExplicitPrecompiledModules/_Builtin_tgmath-7IE7IUU9VWECBKJV4HD4XGFIL.pcm

SwiftExplicitDependencyGeneratePcm arm64 /Users/builder/Factory/paperloft/evidence/checkouts/p1-fresh/build/DerivedData/SDKExplicitPrecompiledModules/string_h-4MAVT57HM8V5AF9T78AHX7VTW.pcm

SwiftExplicitDependencyGeneratePcm arm64 /Users/builder/Factory/paperloft/evidence/checkouts/p1-fresh/build/DerivedData/SDKExplicitPrecompiledModules/sys_types-1J45GID6KGKWXQB5JPF3TNPIC.pcm

SwiftExplicitDependencyGeneratePcm arm64 /Users/builder/Factory/paperloft/evidence/checkouts/p1-fresh/build/DerivedData/SDKExplicitPrecompiledModules/_Builtin_stdint-3O6Z647GLIQFIRYB48EWPRH02.pcm

SwiftExplicitDependencyGeneratePcm arm64 /Users/builder/Factory/paperloft/evidence/checkouts/p1-fresh/build/DerivedData/SDKExplicitPrecompiledModules/_DarwinFoundation3-55Z1QML8363O9TFNVZSKE7UU0.pcm

SwiftExplicitDependencyGeneratePcm arm64 /Users/builder/Factory/paperloft/evidence/checkouts/p1-fresh/build/DerivedData/SDKExplicitPrecompiledModules/libDER-96DLMO9MXTFZMO7P0IL73A29Q.pcm

SwiftExplicitDependencyGeneratePcm arm64 /Users/builder/Factory/paperloft/evidence/checkouts/p1-fresh/build/DerivedData/SDKExplicitPrecompiledModules/_Builtin_intrinsics-7HR0RFU4D9H2VCA5JU62AHIVJ.pcm

SwiftExplicitDependencyGeneratePcm arm64 /Users/builder/Factory/paperloft/evidence/checkouts/p1-fresh/build/DerivedData/SDKExplicitPrecompiledModules/_Builtin_stdatomic-D8SP56HZ2S2ID61ONHVJC2G4Z.pcm

SwiftExplicitDependencyGeneratePcm arm64 /Users/builder/Factory/paperloft/evidence/checkouts/p1-fresh/build/DerivedData/SDKExplicitPrecompiledModules/_Builtin_inttypes-9LP1E972C3RWIFBC3WWFJ4AD1.pcm

SwiftExplicitDependencyGeneratePcm arm64 /Users/builder/Factory/paperloft/evidence/checkouts/p1-fresh/build/DerivedData/SDKExplicitPrecompiledModules/Darwin-1ZOEUDC2FFO2SZHYC1GPICFXD.pcm

SwiftExplicitDependencyGeneratePcm arm64 /Users/builder/Factory/paperloft/evidence/checkouts/p1-fresh/build/DerivedData/SDKExplicitPrecompiledModules/simd-BACJZZ7L1DTKSDZGQ24X0Q0UZ.pcm

SwiftExplicitDependencyGeneratePcm arm64 /Users/builder/Factory/paperloft/evidence/checkouts/p1-fresh/build/DerivedData/SDKExplicitPrecompiledModules/CUPS-4JKBXWRR9FD0L1QEE13VDME55.pcm

SwiftExplicitDependencyGeneratePcm arm64 /Users/builder/Factory/paperloft/evidence/checkouts/p1-fresh/build/DerivedData/SDKExplicitPrecompiledModules/Compression-48S5271QKA7AM5V0JXKTGE7BQ.pcm

SwiftExplicitDependencyGeneratePcm arm64 /Users/builder/Factory/paperloft/evidence/checkouts/p1-fresh/build/DerivedData/SDKExplicitPrecompiledModules/launch-8MWJWRJ1CT8FRJ3LVBU64SSZG.pcm

SwiftExplicitDependencyGeneratePcm arm64 /Users/builder/Factory/paperloft/evidence/checkouts/p1-fresh/build/DerivedData/SDKExplicitPrecompiledModules/libkern-8O1K4YKOZC4VAWEHOFHC7AIMV.pcm

SwiftExplicitDependencyGeneratePcm arm64 /Users/builder/Factory/paperloft/evidence/checkouts/p1-fresh/build/DerivedData/SDKExplicitPrecompiledModules/MachO-CJCZ8P0OY5OY8A2GSR756L8SP.pcm

SwiftExplicitDependencyGeneratePcm arm64 /Users/builder/Factory/paperloft/evidence/checkouts/p1-fresh/build/DerivedData/SDKExplicitPrecompiledModules/ObjectiveC-7WVCH0UQY4RQEQKCBA96UBUCZ.pcm

SwiftExplicitDependencyGeneratePcm arm64 /Users/builder/Factory/paperloft/evidence/checkouts/p1-fresh/build/DerivedData/SDKExplicitPrecompiledModules/os_object-91L5RD3RHBF6XTZORSBQG2RV9.pcm

SwiftExplicitDependencyGeneratePcm arm64 /Users/builder/Factory/paperloft/evidence/checkouts/p1-fresh/build/DerivedData/SDKExplicitPrecompiledModules/os_workgroup-8F7QO86MNG1BR7CYRFEV3L5JQ.pcm

SwiftExplicitDependencyGeneratePcm arm64 /Users/builder/Factory/paperloft/evidence/checkouts/p1-fresh/build/DerivedData/SDKExplicitPrecompiledModules/Dispatch-AWL9DND6NNV3SEZFPIQN52HPQ.pcm

SwiftExplicitDependencyGeneratePcm arm64 /Users/builder/Factory/paperloft/evidence/checkouts/p1-fresh/build/DerivedData/SDKExplicitPrecompiledModules/CoreFoundation-CMPHBKCVP3RH4VPXCXG8T8XBA.pcm

SwiftExplicitDependencyGeneratePcm arm64 /Users/builder/Factory/paperloft/evidence/checkouts/p1-fresh/build/DerivedData/SDKExplicitPrecompiledModules/XPC-AJ62GQGCOILYNENP9ATDBS0UA.pcm

SwiftExplicitDependencyGeneratePcm arm64 /Users/builder/Factory/paperloft/evidence/checkouts/p1-fresh/build/DerivedData/SDKExplicitPrecompiledModules/os-64DGJ5FOLNBRATAOOEESFYN8S.pcm

SwiftExplicitDependencyGeneratePcm arm64 /Users/builder/Factory/paperloft/evidence/checkouts/p1-fresh/build/DerivedData/SDKExplicitPrecompiledModules/Security-AQXK7MILNT54JORPGAVBREUUC.pcm

SwiftExplicitDependencyGeneratePcm arm64 /Users/builder/Factory/paperloft/evidence/checkouts/p1-fresh/build/DerivedData/SDKExplicitPrecompiledModules/ColorSync-E4X58MJ9VCSBY6Y11GDDOR0X.pcm

SwiftExplicitDependencyGeneratePcm arm64 /Users/builder/Factory/paperloft/evidence/checkouts/p1-fresh/build/DerivedData/SDKExplicitPrecompiledModules/IOKit-6C8XO0SF531FI9QG1P9B11EIZ.pcm

SwiftExplicitDependencyGeneratePcm arm64 /Users/builder/Factory/paperloft/evidence/checkouts/p1-fresh/build/DerivedData/SDKExplicitPrecompiledModules/CFNetwork-5PSSLJROMYG1I9UER0REKEQRE.pcm

SwiftExplicitDependencyGeneratePcm arm64 /Users/builder/Factory/paperloft/evidence/checkouts/p1-fresh/build/DerivedData/SDKExplicitPrecompiledModules/CoreAudioTypes-B4H122T2ZK3TI45RYXQVLCXFW.pcm

SwiftExplicitDependencyGeneratePcm arm64 /Users/builder/Factory/paperloft/evidence/checkouts/p1-fresh/build/DerivedData/SDKExplicitPrecompiledModules/CoreGraphics-EE991E30X9FL4J6OHPSAUOXAM.pcm

SwiftExplicitDependencyGeneratePcm arm64 /Users/builder/Factory/paperloft/evidence/checkouts/p1-fresh/build/DerivedData/SDKExplicitPrecompiledModules/DiskArbitration-8521SS71U5CMKENU3RRL0XCUP.pcm

SwiftExplicitDependencyGeneratePcm arm64 /Users/builder/Factory/paperloft/evidence/checkouts/p1-fresh/build/DerivedData/SDKExplicitPrecompiledModules/CoreServices-50O51S7XO06RNSHA3J0IDENYP.pcm

SwiftExplicitDependencyGeneratePcm arm64 /Users/builder/Factory/paperloft/evidence/checkouts/p1-fresh/build/DerivedData/SDKExplicitPrecompiledModules/CoreText-3L8O79RRU3H6Q0MY9LL1CZZ4T.pcm

SwiftExplicitDependencyGeneratePcm arm64 /Users/builder/Factory/paperloft/evidence/checkouts/p1-fresh/build/DerivedData/SDKExplicitPrecompiledModules/ImageIO-5FV9TQDT8HF482DEM5VF06J31.pcm

SwiftExplicitDependencyGeneratePcm arm64 /Users/builder/Factory/paperloft/evidence/checkouts/p1-fresh/build/DerivedData/SDKExplicitPrecompiledModules/Foundation-594BZXEJOON6BPWL6K7E9FH6D.pcm

SwiftExplicitDependencyGeneratePcm arm64 /Users/builder/Factory/paperloft/evidence/checkouts/p1-fresh/build/DerivedData/SDKExplicitPrecompiledModules/ApplicationServices-53RW7X20LJDFOC3GU52O1FFXM.pcm

SwiftExplicitDependencyGeneratePcm arm64 /Users/builder/Factory/paperloft/evidence/checkouts/p1-fresh/build/DerivedData/SDKExplicitPrecompiledModules/IOSurface-4GUZ8E4G1Z2WOR9XUS53ALN0X.pcm

SwiftExplicitDependencyGeneratePcm arm64 /Users/builder/Factory/paperloft/evidence/checkouts/p1-fresh/build/DerivedData/SDKExplicitPrecompiledModules/CoreAudio-DOGB7AO162S3NVEZPQUPN61Z7.pcm

SwiftExplicitDependencyGeneratePcm arm64 /Users/builder/Factory/paperloft/evidence/checkouts/p1-fresh/build/DerivedData/SDKExplicitPrecompiledModules/DataDetection-C6H9CQZIVSVKQ8ENV685UMFQX.pcm

SwiftExplicitDependencyGeneratePcm arm64 /Users/builder/Factory/paperloft/evidence/checkouts/p1-fresh/build/DerivedData/SDKExplicitPrecompiledModules/UniformTypeIdentifiers-58WHVSDNI4D23Y88FZ21LPTGC.pcm

SwiftExplicitDependencyGeneratePcm arm64 /Users/builder/Factory/paperloft/evidence/checkouts/p1-fresh/build/DerivedData/SDKExplicitPrecompiledModules/CoreMIDI-77QN4QWK2JLORYUA5TWZ6P5O1.pcm

SwiftExplicitDependencyGeneratePcm arm64 /Users/builder/Factory/paperloft/evidence/checkouts/p1-fresh/build/DerivedData/SDKExplicitPrecompiledModules/OpenGL-BNN3IHQL82DEWO94822JKACIQ.pcm

SwiftExplicitDependencyGeneratePcm arm64 /Users/builder/Factory/paperloft/evidence/checkouts/p1-fresh/build/DerivedData/SDKExplicitPrecompiledModules/Metal-4419Y7EMXV56UV2R0VOFAF395.pcm

SwiftExplicitDependencyGeneratePcm arm64 /Users/builder/Factory/paperloft/evidence/checkouts/p1-fresh/build/DerivedData/SDKExplicitPrecompiledModules/Carbon-71ICETW7NUWH3DN3Y9XY0ZR9T.pcm

SwiftExplicitDependencyGeneratePcm arm64 /Users/builder/Factory/paperloft/evidence/checkouts/p1-fresh/build/DerivedData/SDKExplicitPrecompiledModules/CoreVideo-7Q9094SZD3PNMFVI3U6HE3ZAO.pcm

SwiftExplicitDependencyGeneratePcm arm64 /Users/builder/Factory/paperloft/evidence/checkouts/p1-fresh/build/DerivedData/SDKExplicitPrecompiledModules/AudioToolbox-CEX4Q7WCXMIRKNUIM81M9FU42.pcm

SwiftExplicitDependencyGeneratePcm arm64 /Users/builder/Factory/paperloft/evidence/checkouts/p1-fresh/build/DerivedData/SDKExplicitPrecompiledModules/QuartzCore-VIICUM0CPXITK0JXNA8FE0XE.pcm

SwiftExplicitDependencyGeneratePcm arm64 /Users/builder/Factory/paperloft/evidence/checkouts/p1-fresh/build/DerivedData/SDKExplicitPrecompiledModules/CoreMedia-6HN7RPGMG33M2TWFGDIIIIO1N.pcm

SwiftExplicitDependencyGeneratePcm arm64 /Users/builder/Factory/paperloft/evidence/checkouts/p1-fresh/build/DerivedData/SDKExplicitPrecompiledModules/CoreML-CB884A3NWNGHRT3C5JGYMVENB.pcm

SwiftExplicitDependencyGeneratePcm arm64 /Users/builder/Factory/paperloft/evidence/checkouts/p1-fresh/build/DerivedData/SDKExplicitPrecompiledModules/Accelerate-1IXBZSHT6GKAFFNWYSH2C5MTB.pcm

SwiftExplicitDependencyGeneratePcm arm64 /Users/builder/Factory/paperloft/evidence/checkouts/p1-fresh/build/DerivedData/SDKExplicitPrecompiledModules/CoreImage-O9ANSSHS5LAILQRZ9G3AWIX6.pcm

SwiftExplicitDependencyGeneratePcm arm64 /Users/builder/Factory/paperloft/evidence/checkouts/p1-fresh/build/DerivedData/SDKExplicitPrecompiledModules/AVFAudio-DCTQ2FBELUX06NTBXTQKO3LYD.pcm

SwiftExplicitDependencyGeneratePcm arm64 /Users/builder/Factory/paperloft/evidence/checkouts/p1-fresh/build/DerivedData/SDKExplicitPrecompiledModules/MediaToolbox-DKJ1F50OT9BDT8DLZHB9PLJJK.pcm

SwiftExplicitDependencyGeneratePcm arm64 /Users/builder/Factory/paperloft/evidence/checkouts/p1-fresh/build/DerivedData/SDKExplicitPrecompiledModules/VideoToolbox-20X54TVW5VAZQ9K3H8KAIC2IJ.pcm

SwiftExplicitDependencyGeneratePcm arm64 /Users/builder/Factory/paperloft/evidence/checkouts/p1-fresh/build/DerivedData/SDKExplicitPrecompiledModules/Vision-7WOHVT8EE3XU3OUT4UCEPS8F8.pcm

SwiftExplicitDependencyGeneratePcm arm64 /Users/builder/Factory/paperloft/evidence/checkouts/p1-fresh/build/DerivedData/SDKExplicitPrecompiledModules/AVFoundation-EZOA528NOAPOF6KQX78QUJ7HY.pcm

SwiftCompile normal arm64 Compiling\ Extraction.swift,\ Receipt.swift,\ Recognize.swift /Users/builder/Factory/paperloft/evidence/checkouts/p1-fresh/Packages/PaperloftKit/Sources/PaperloftKit/Extraction.swift /Users/builder/Factory/paperloft/evidence/checkouts/p1-fresh/Packages/PaperloftKit/Sources/PaperloftKit/Receipt.swift /Users/builder/Factory/paperloft/evidence/checkouts/p1-fresh/Packages/PaperloftKit/Sources/PaperloftKit/Recognize.swift /Applications/Xcode.app/Contents/Developer/Toolchains/XcodeDefault.xctoolchain/usr/lib/swift/macosx/prebuilt-modules/27.0/CoreMedia.swiftmodule/arm64e-apple-macos.swiftmodule /Applications/Xcode.app/Contents/Developer/Toolchains/XcodeDefault.xctoolchain/usr/lib/swift/macosx/prebuilt-modules/27.0/Swift.swiftmodule/arm64e-apple-macos.swiftmodule /Applications/Xcode.app/Contents/Developer/Toolchains/XcodeDefault.xctoolchain/usr/lib/swift/macosx/prebuilt-modules/27.0/UniformTypeIdentifiers.swiftmodule/arm64e-apple-macos.swiftmodule /Applications/Xcode.app/Contents/Developer/Toolchains/XcodeDefault.xctoolchain/usr/lib/swift/macosx/prebuilt-modules/27.0/CoreFoundation.swiftmodule/arm64e-apple-macos.swiftmodule /Applications/Xcode.app/Contents/Developer/Toolchains/XcodeDefault.xctoolchain/usr/lib/swift/macosx/prebuilt-modules/27.0/_Builtin_float.swiftmodule/arm64e-apple-macos.swiftmodule /Applications/Xcode.app/Contents/Developer/Toolchains/XcodeDefault.xctoolchain/usr/lib/swift/macosx/prebuilt-modules/27.0/FoundationModels.swiftmodule/arm64e-apple-macos.swiftmodule /Applications/Xcode.app/Contents/Developer/Toolchains/XcodeDefault.xctoolchain/usr/lib/swift/macosx/prebuilt-modules/27.0/_StringProcessing.swiftmodule/arm64e-apple-macos.swiftmodule /Applications/Xcode.app/Contents/Developer/Toolchains/XcodeDefault.xctoolchain/usr/lib/swift/macosx/prebuilt-modules/27.0/CoreMIDI.swiftmodule/arm64e-apple-macos.swiftmodule /Applications/Xcode.app/Contents/Developer/Toolchains/XcodeDefault.xctoolchain/usr/lib/swift/macosx/prebuilt-modules/27.0/CoreVideo.swiftmodule/arm64e-apple-macos.swiftmodule /Applications/Xcode.app/Contents/Developer/Toolchains/XcodeDefault.xctoolchain/usr/lib/swift/macosx/prebuilt-modules/27.0/ObjectiveC.swiftmodule/arm64e-apple-macos.swiftmodule /Applications/Xcode.app/Contents/Developer/Toolchains/XcodeDefault.xctoolchain/usr/lib/swift/macosx/prebuilt-modules/27.0/CoreML.swiftmodule/arm64e-apple-macos.swiftmodule /Applications/Xcode.app/Contents/Developer/Toolchains/XcodeDefault.xctoolchain/usr/lib/swift/macosx/prebuilt-modules/27.0/_DarwinFoundation2.swiftmodule/arm64e-apple-macos.swiftmodule /Applications/Xcode.app/Contents/Developer/Toolchains/XcodeDefault.xctoolchain/usr/lib/swift/macosx/prebuilt-modules/27.0/_DarwinFoundation3.swiftmodule/arm64e-apple-macos.swiftmodule /Applications/Xcode.app/Contents/Developer/Toolchains/XcodeDefault.xctoolchain/usr/lib/swift/macosx/prebuilt-modules/27.0/os.swiftmodule/arm64e-apple-macos.swiftmodule /Applications/Xcode.app/Contents/Developer/Toolchains/XcodeDefault.xctoolchain/usr/lib/swift/macosx/prebuilt-modules/27.0/DataDetection.swiftmodule/arm64e-apple-macos.swiftmodule /Applications/Xcode.app/Contents/Developer/Toolchains/XcodeDefault.xctoolchain/usr/lib/swift/macosx/prebuilt-modules/27.0/ImageIO.swiftmodule/arm64e-apple-macos.swiftmodule /Applications/Xcode.app/Contents/Developer/Toolchains/XcodeDefault.xctoolchain/usr/lib/swift/macosx/prebuilt-modules/27.0/System.swiftmodule/arm64e-apple-macos.swiftmodule /Applications/Xcode.app/Contents/Developer/Toolchains/XcodeDefault.xctoolchain/usr/lib/swift/macosx/prebuilt-modules/27.0/Vision.swiftmodule/arm64e-apple-macos.swiftmodule /Applications/Xcode.app/Contents/Developer/Toolchains/XcodeDefault.xctoolchain/usr/lib/swift/macosx/prebuilt-modules/27.0/VideoToolbox.swiftmodule/arm64e-apple-macos.swiftmodule /Applications/Xcode.app/Contents/Developer/Toolchains/XcodeDefault.xctoolchain/usr/lib/swift/macosx/prebuilt-modules/27.0/simd.swiftmodule/arm64e-apple-macos.swiftmodule /Applications/Xcode.app/Contents/Developer/Toolchains/XcodeDefault.xctoolchain/usr/lib/swift/macosx/prebuilt-modules/27.0/MediaToolbox.swiftmodule/arm64e-apple-macos.swiftmodule /Applications/Xcode.app/Contents/Developer/Toolchains/XcodeDefault.xctoolchain/usr/lib/swift/macosx/prebuilt-modules/27.0/Metal.swiftmodule/arm64e-apple-macos.swiftmodule /Applications/Xcode.app/Contents/Developer/Toolchains/XcodeDefault.xctoolchain/usr/lib/swift/macosx/prebuilt-modules/27.0/Combine.swiftmodule/arm64e-apple-macos.swiftmodule /Applications/Xcode.app/Contents/Developer/Toolchains/XcodeDefault.xctoolchain/usr/lib/swift/macosx/prebuilt-modules/27.0/Accelerate.swiftmodule/arm64e-apple-macos.swiftmodule /Applications/Xcode.app/Contents/Developer/Toolchains/XcodeDefault.xctoolchain/usr/lib/swift/macosx/prebuilt-modules/27.0/XPC.swiftmodule/arm64e-apple-macos.swiftmodule /Applications/Xcode.app/Contents/Developer/Toolchains/XcodeDefault.xctoolchain/usr/lib/swift/macosx/prebuilt-modules/27.0/AVFoundation.swiftmodule/arm64e-apple-macos.swiftmodule /Applications/Xcode.app/Contents/Developer/Toolchains/XcodeDefault.xctoolchain/usr/lib/swift/macosx/prebuilt-modules/27.0/QuartzCore.swiftmodule/arm64e-apple-macos.swiftmodule /Applications/Xcode.app/Contents/Developer/Toolchains/XcodeDefault.xctoolchain/usr/lib/swift/macosx/prebuilt-modules/27.0/Compression.swiftmodule/arm64e-apple-macos.swiftmodule /Applications/Xcode.app/Contents/Developer/Toolchains/XcodeDefault.xctoolchain/usr/lib/swift/macosx/prebuilt-modules/27.0/Synchronization.swiftmodule/arm64e-apple-macos.swiftmodule /Applications/Xcode.app/Contents/Developer/Toolchains/XcodeDefault.xctoolchain/usr/lib/swift/macosx/prebuilt-modules/27.0/AudioToolbox.swiftmodule/arm64e-apple-macos.swiftmodule /Applications/Xcode.app/Contents/Developer/Toolchains/XcodeDefault.xctoolchain/usr/lib/swift/macosx/prebuilt-modules/27.0/CoreImage.swiftmodule/arm64e-apple-macos.swiftmodule /Applications/Xcode.app/Contents/Developer/Toolchains/XcodeDefault.xctoolchain/usr/lib/swift/macosx/prebuilt-modules/27.0/_DarwinFoundation1.swiftmodule/arm64e-apple-macos.swiftmodule /Applications/Xcode.app/Contents/Developer/Toolchains/XcodeDefault.xctoolchain/usr/lib/swift/macosx/prebuilt-modules/27.0/CoreAudio.swiftmodule/arm64e-apple-macos.swiftmodule /Applications/Xcode.app/Contents/Developer/Toolchains/XcodeDefault.xctoolchain/usr/lib/swift/macosx/prebuilt-modules/27.0/Dispatch.swiftmodule/arm64e-apple-macos.swiftmodule /Applications/Xcode.app/Contents/Developer/Toolchains/XcodeDefault.xctoolchain/usr/lib/swift/macosx/prebuilt-modules/27.0/Darwin.swiftmodule/arm64e-apple-macos.swiftmodule /Applications/Xcode.app/Contents/Developer/Toolchains/XcodeDefault.xctoolchain/usr/lib/swift/macosx/prebuilt-modules/27.0/Observation.swiftmodule/arm64e-apple-macos.swiftmodule /Applications/Xcode.app/Contents/Developer/Toolchains/XcodeDefault.xctoolchain/usr/lib/swift/macosx/prebuilt-modules/27.0/_Concurrency.swiftmodule/arm64e-apple-macos.swiftmodule /Applications/Xcode.app/Contents/Developer/Toolchains/XcodeDefault.xctoolchain/usr/lib/swift/macosx/prebuilt-modules/27.0/CoreGraphics.swiftmodule/arm64e-apple-macos.swiftmodule /Applications/Xcode.app/Contents/Developer/Toolchains/XcodeDefault.xctoolchain/usr/lib/swift/macosx/prebuilt-modules/27.0/Foundation.swiftmodule/arm64e-apple-macos.swiftmodule /Applications/Xcode.app/Contents/Developer/Toolchains/XcodeDefault.xctoolchain/usr/lib/swift/macosx/prebuilt-modules/27.0/AVFAudio.swiftmodule/arm64e-apple-macos.swiftmodule /Applications/Xcode.app/Contents/Developer/Toolchains/XcodeDefault.xctoolchain/usr/lib/swift/macosx/prebuilt-modules/27.0/IOKit.swiftmodule/arm64e-apple-macos.swiftmodule /Users/builder/Factory/paperloft/evidence/checkouts/p1-fresh/build/DerivedData/SDKExplicitPrecompiledModules/_DarwinFoundation3-55Z1QML8363O9TFNVZSKE7UU0.pcm /Users/builder/Factory/paperloft/evidence/checkouts/p1-fresh/build/DerivedData/SDKExplicitPrecompiledModules/CoreVideo-7Q9094SZD3PNMFVI3U6HE3ZAO.pcm /Users/builder/Factory/paperloft/evidence/checkouts/p1-fresh/build/DerivedData/SDKExplicitPrecompiledModules/ApplicationServices-53RW7X20LJDFOC3GU52O1FFXM.pcm /Users/builder/Factory/paperloft/evidence/checkouts/p1-fresh/build/DerivedData/SDKExplicitPrecompiledModules/Carbon-71ICETW7NUWH3DN3Y9XY0ZR9T.pcm /Users/builder/Factory/paperloft/evidence/checkouts/p1-fresh/build/DerivedData/SDKExplicitPrecompiledModules/ImageIO-5FV9TQDT8HF482DEM5VF06J31.pcm /Users/builder/Factory/paperloft/evidence/checkouts/p1-fresh/build/DerivedData/SDKExplicitPrecompiledModules/IOSurface-4GUZ8E4G1Z2WOR9XUS53ALN0X.pcm /Users/builder/Factory/paperloft/evidence/checkouts/p1-fresh/build/DerivedData/SDKExplicitPrecompiledModules/_Builtin_stdint-3O6Z647GLIQFIRYB48EWPRH02.pcm /Users/builder/Factory/paperloft/evidence/checkouts/p1-fresh/build/DerivedData/SDKExplicitPrecompiledModules/ptrcheck-P24IW9WQEUQEZLKDPBPVDF4L.pcm /Users/builder/Factory/paperloft/evidence/checkouts/p1-fresh/build/DerivedData/SDKExplicitPrecompiledModules/Compression-48S5271QKA7AM5V0JXKTGE7BQ.pcm /Users/builder/Factory/paperloft/evidence/checkouts/p1-fresh/build/DerivedData/SDKExplicitPrecompiledModules/string_h-4MAVT57HM8V5AF9T78AHX7VTW.pcm /Users/builder/Factory/paperloft/evidence/checkouts/p1-fresh/build/DerivedData/SDKExplicitPrecompiledModules/_Builtin_tgmath-7IE7IUU9VWECBKJV4HD4XGFIL.pcm /Users/builder/Factory/paperloft/evidence/checkouts/p1-fresh/build/DerivedData/SDKExplicitPrecompiledModules/os_workgroup-8F7QO86MNG1BR7CYRFEV3L5JQ.pcm /Users/builder/Factory/paperloft/evidence/checkouts/p1-fresh/build/DerivedData/SDKExplicitPrecompiledModules/CoreImage-O9ANSSHS5LAILQRZ9G3AWIX6.pcm /Users/builder/Factory/paperloft/evidence/checkouts/p1-fresh/build/DerivedData/SDKExplicitPrecompiledModules/ptrauth-93O34Q9OQLVX2F9I9O748NDSJ.pcm /Users/builder/Factory/paperloft/evidence/checkouts/p1-fresh/build/DerivedData/SDKExplicitPrecompiledModules/Security-AQXK7MILNT54JORPGAVBREUUC.pcm /Users/builder/Factory/paperloft/evidence/checkouts/p1-fresh/build/DerivedData/SDKExplicitPrecompiledModules/_Builtin_limits-RIE18ZHMR8QTDQ7UUX7J9F52.pcm /Users/builder/Factory/paperloft/evidence/checkouts/p1-fresh/build/DerivedData/SDKExplicitPrecompiledModules/CoreAudio-DOGB7AO162S3NVEZPQUPN61Z7.pcm /Users/builder/Factory/paperloft/evidence/checkouts/p1-fresh/build/DerivedData/SDKExplicitPrecompiledModules/CFNetwork-5PSSLJROMYG1I9UER0REKEQRE.pcm /Users/builder/Factory/paperloft/evidence/checkouts/p1-fresh/build/DerivedData/SDKExplicitPrecompiledModules/libkern-8O1K4YKOZC4VAWEHOFHC7AIMV.pcm /Users/builder/Factory/paperloft/evidence/checkouts/p1-fresh/build/DerivedData/SDKExplicitPrecompiledModules/Foundation-594BZXEJOON6BPWL6K7E9FH6D.pcm /Users/builder/Factory/paperloft/evidence/checkouts/p1-fresh/build/DerivedData/SDKExplicitPrecompiledModules/Vision-7WOHVT8EE3XU3OUT4UCEPS8F8.pcm /Users/builder/Factory/paperloft/evidence/checkouts/p1-fresh/build/DerivedData/SDKExplicitPrecompiledModules/CoreFoundation-CMPHBKCVP3RH4VPXCXG8T8XBA.pcm /Users/builder/Factory/paperloft/evidence/checkouts/p1-fresh/build/DerivedData/SDKExplicitPrecompiledModules/DataDetection-C6H9CQZIVSVKQ8ENV685UMFQX.pcm /Users/builder/Factory/paperloft/evidence/checkouts/p1-fresh/build/DerivedData/SDKExplicitPrecompiledModules/CoreMIDI-77QN4QWK2JLORYUA5TWZ6P5O1.pcm /Users/builder/Factory/paperloft/evidence/checkouts/p1-fresh/build/DerivedData/SDKExplicitPrecompiledModules/CoreGraphics-EE991E30X9FL4J6OHPSAUOXAM.pcm /Users/builder/Factory/paperloft/evidence/checkouts/p1-fresh/build/DerivedData/SDKExplicitPrecompiledModules/_Builtin_stdbool-8YRP6IW6U3NPXPN7BVBO0ZRUE.pcm /Users/builder/Factory/paperloft/evidence/checkouts/p1-fresh/build/DerivedData/SDKExplicitPrecompiledModules/_Builtin_float-D786VMBA5RCB9GNBXIMQSTPDD.pcm /Users/builder/Factory/paperloft/evidence/checkouts/p1-fresh/build/DerivedData/SDKExplicitPrecompiledModules/ObjectiveC-7WVCH0UQY4RQEQKCBA96UBUCZ.pcm /Users/builder/Factory/paperloft/evidence/checkouts/p1-fresh/build/DerivedData/SDKExplicitPrecompiledModules/_DarwinFoundation2-98CEIJ9E0B1IVRSLNBRT6L8UK.pcm /Users/builder/Factory/paperloft/evidence/checkouts/p1-fresh/build/DerivedData/SDKExplicitPrecompiledModules/os_object-91L5RD3RHBF6XTZORSBQG2RV9.pcm /Users/builder/Factory/paperloft/evidence/checkouts/p1-fresh/build/DerivedData/SDKExplicitPrecompiledModules/DiskArbitration-8521SS71U5CMKENU3RRL0XCUP.pcm /Users/builder/Factory/paperloft/evidence/checkouts/p1-fresh/build/DerivedData/SDKExplicitPrecompiledModules/AVFoundation-EZOA528NOAPOF6KQX78QUJ7HY.pcm /Users/builder/Factory/paperloft/evidence/checkouts/p1-fresh/build/DerivedData/SDKExplicitPrecompiledModules/_Builtin_stddef-1B0OLM8FW7CLWA6U0C0D3KDDF.pcm /Users/builder/Factory/paperloft/evidence/checkouts/p1-fresh/build/DerivedData/SDKExplicitPrecompiledModules/simd-BACJZZ7L1DTKSDZGQ24X0Q0UZ.pcm /Users/builder/Factory/paperloft/evidence/checkouts/p1-fresh/build/DerivedData/SDKExplicitPrecompiledModules/_AvailabilityInternal-1NPCT1LSJC8T4QZRUU3CE6V8H.pcm /Users/builder/Factory/paperloft/evidence/checkouts/p1-fresh/build/DerivedData/SDKExplicitPrecompiledModules/CoreServices-50O51S7XO06RNSHA3J0IDENYP.pcm /Users/builder/Factory/paperloft/evidence/checkouts/p1-fresh/build/DerivedData/SDKExplicitPrecompiledModules/OpenGL-BNN3IHQL82DEWO94822JKACIQ.pcm /Users/builder/Factory/paperloft/evidence/checkouts/p1-fresh/build/DerivedData/SDKExplicitPrecompiledModules/_Builtin_stdatomic-D8SP56HZ2S2ID61ONHVJC2G4Z.pcm /Users/builder/Factory/paperloft/evidence/checkouts/p1-fresh/build/DerivedData/SDKExplicitPrecompiledModules/_DarwinFoundation1-F1LB0R8EIR09899IK330J1FRG.pcm /Users/builder/Factory/paperloft/evidence/checkouts/p1-fresh/build/DerivedData/SDKExplicitPrecompiledModules/AudioToolbox-CEX4Q7WCXMIRKNUIM81M9FU42.pcm /Users/builder/Factory/paperloft/evidence/checkouts/p1-fresh/build/DerivedData/SDKExplicitPrecompiledModules/VideoToolbox-20X54TVW5VAZQ9K3H8KAIC2IJ.pcm /Users/builder/Factory/paperloft/evidence/checkouts/p1-fresh/build/DerivedData/SDKExplicitPrecompiledModules/CoreML-CB884A3NWNGHRT3C5JGYMVENB.pcm /Users/builder/Factory/paperloft/evidence/checkouts/p1-fresh/build/DerivedData/SDKExplicitPrecompiledModules/_Builtin_intrinsics-7HR0RFU4D9H2VCA5JU62AHIVJ.pcm /Users/builder/Factory/paperloft/evidence/checkouts/p1-fresh/build/DerivedData/SDKExplicitPrecompiledModules/Dispatch-AWL9DND6NNV3SEZFPIQN52HPQ.pcm /Users/builder/Factory/paperloft/evidence/checkouts/p1-fresh/build/DerivedData/SDKExplicitPrecompiledModules/_SwiftConcurrencyShims-9WLJU1I5PGU1348FOQ7LJL9YX.pcm /Users/builder/Factory/paperloft/evidence/checkouts/p1-fresh/build/DerivedData/SDKExplicitPrecompiledModules/Metal-4419Y7EMXV56UV2R0VOFAF395.pcm /Users/builder/Factory/paperloft/evidence/checkouts/p1-fresh/build/DerivedData/SDKExplicitPrecompiledModules/MediaToolbox-DKJ1F50OT9BDT8DLZHB9PLJJK.pcm /Users/builder/Factory/paperloft/evidence/checkouts/p1-fresh/build/DerivedData/SDKExplicitPrecompiledModules/IOKit-6C8XO0SF531FI9QG1P9B11EIZ.pcm /Users/builder/Factory/paperloft/evidence/checkouts/p1-fresh/build/DerivedData/SDKExplicitPrecompiledModules/QuartzCore-VIICUM0CPXITK0JXNA8FE0XE.pcm /Users/builder/Factory/paperloft/evidence/checkouts/p1-fresh/build/DerivedData/SDKExplicitPrecompiledModules/libDER-96DLMO9MXTFZMO7P0IL73A29Q.pcm /Users/builder/Factory/paperloft/evidence/checkouts/p1-fresh/build/DerivedData/SDKExplicitPrecompiledModules/sys_types-1J45GID6KGKWXQB5JPF3TNPIC.pcm /Users/builder/Factory/paperloft/evidence/checkouts/p1-fresh/build/DerivedData/SDKExplicitPrecompiledModules/_Builtin_inttypes-9LP1E972C3RWIFBC3WWFJ4AD1.pcm /Users/builder/Factory/paperloft/evidence/checkouts/p1-fresh/build/DerivedData/SDKExplicitPrecompiledModules/CUPS-4JKBXWRR9FD0L1QEE13VDME55.pcm /Users/builder/Factory/paperloft/evidence/checkouts/p1-fresh/build/DerivedData/SDKExplicitPrecompiledModules/Accelerate-1IXBZSHT6GKAFFNWYSH2C5MTB.pcm /Users/builder/Factory/paperloft/evidence/checkouts/p1-fresh/build/DerivedData/SDKExplicitPrecompiledModules/CoreAudioTypes-B4H122T2ZK3TI45RYXQVLCXFW.pcm /Users/builder/Factory/paperloft/evidence/checkouts/p1-fresh/build/DerivedData/SDKExplicitPrecompiledModules/_Builtin_stdarg-BV0PZJQQ3EJAYW2DYU9HMRI6W.pcm /Users/builder/Factory/paperloft/evidence/checkouts/p1-fresh/build/DerivedData/SDKExplicitPrecompiledModules/MachO-CJCZ8P0OY5OY8A2GSR756L8SP.pcm /Users/builder/Factory/paperloft/evidence/checkouts/p1-fresh/build/DerivedData/SDKExplicitPrecompiledModules/launch-8MWJWRJ1CT8FRJ3LVBU64SSZG.pcm /Users/builder/Factory/paperloft/evidence/checkouts/p1-fresh/build/DerivedData/SDKExplicitPrecompiledModules/CoreText-3L8O79RRU3H6Q0MY9LL1CZZ4T.pcm /Users/builder/Factory/paperloft/evidence/checkouts/p1-fresh/build/DerivedData/SDKExplicitPrecompiledModules/CoreMedia-6HN7RPGMG33M2TWFGDIIIIO1N.pcm /Users/builder/Factory/paperloft/evidence/checkouts/p1-fresh/build/DerivedData/SDKExplicitPrecompiledModules/ColorSync-E4X58MJ9VCSBY6Y11GDDOR0X.pcm /Users/builder/Factory/paperloft/evidence/checkouts/p1-fresh/build/DerivedData/SDKExplicitPrecompiledModules/UniformTypeIdentifiers-58WHVSDNI4D23Y88FZ21LPTGC.pcm /Users/builder/Factory/paperloft/evidence/checkouts/p1-fresh/build/DerivedData/SDKExplicitPrecompiledModules/XPC-AJ62GQGCOILYNENP9ATDBS0UA.pcm /Users/builder/Factory/paperloft/evidence/checkouts/p1-fresh/build/DerivedData/SDKExplicitPrecompiledModules/os-64DGJ5FOLNBRATAOOEESFYN8S.pcm /Users/builder/Factory/paperloft/evidence/checkouts/p1-fresh/build/DerivedData/SDKExplicitPrecompiledModules/SwiftShims-AHVEXH50SXDFO2G85L9WSJSNB.pcm /Users/builder/Factory/paperloft/evidence/checkouts/p1-fresh/build/DerivedData/SDKExplicitPrecompiledModules/AVFAudio-DCTQ2FBELUX06NTBXTQKO3LYD.pcm /Users/builder/Factory/paperloft/evidence/checkouts/p1-fresh/build/DerivedData/SDKExplicitPrecompiledModules/Darwin-1ZOEUDC2FFO2SZHYC1GPICFXD.pcm /Users/builder/Factory/paperloft/evidence/checkouts/p1-fresh/build/DerivedData/Build/Intermediates.noindex/PaperloftKit.build/Release/PaperloftKit-t.build/Objects-normal/arm64/PaperloftKit-dependencies-1.json (in target 'PaperloftKit' from project 'PaperloftKit')

SwiftCompile normal arm64 (in target 'PaperloftKit' from project 'PaperloftKit')
    cd /Users/builder/Factory/paperloft/evidence/checkouts/p1-fresh/Paperloft.xcodeproj
    

SwiftDriverJobDiscovery normal arm64 Compiling Extraction.swift, Receipt.swift, Recognize.swift (in target 'PaperloftKit' from project 'PaperloftKit')

SwiftDriver\ Compilation\ Requirements PaperloftKit normal arm64 com.apple.xcode.tools.swift.compiler (in target 'PaperloftKit' from project 'PaperloftKit')
    cd /Users/builder/Factory/paperloft/evidence/checkouts/p1-fresh/Paperloft.xcodeproj
    builtin-Swift-Compilation-Requirements -- /Applications/Xcode.app/Contents/Developer/Toolchains/XcodeDefault.xctoolchain/usr/bin/swiftc -parse-as-library -module-name PaperloftKit -O -whole-module-optimization @/Users/builder/Factory/paperloft/evidence/checkouts/p1-fresh/build/DerivedData/Build/Intermediates.noindex/PaperloftKit.build/Release/PaperloftKit-t.build/Objects-normal/arm64/PaperloftKit.SwiftFileList -DSWIFT_PACKAGE -DSWIFT_MODULE_RESOURCE_BUNDLE_UNAVAILABLE -DXcode -plugin-path /Applications/Xcode.app/Contents/Developer/Toolchains/XcodeDefault.xctoolchain/usr/lib/swift/host/plugins/testing -enable-experimental-feature DebugDescriptionMacro -sdk /Applications/Xcode.app/Contents/Developer/Platforms/MacOSX.platform/Developer/SDKs/MacOSX27.0.sdk -target arm64-apple-macos27.0 -g -module-cache-path /Users/builder/Factory/paperloft/evidence/checkouts/p1-fresh/build/DerivedData/ModuleCache.noindex -Xfrontend -serialize-debugging-options -profile-coverage-mapping -profile-generate -warnings-as-errors -swift-version 6 -I /Users/builder/Factory/paperloft/evidence/checkouts/p1-fresh/build/DerivedData/Build/Products/Release -Isystem /Applications/Xcode.app/Contents/Developer/Platforms/MacOSX.platform/Developer/usr/lib -F /Users/builder/Factory/paperloft/evidence/checkouts/p1-fresh/build/DerivedData/Build/Products/Release -F /Applications/Xcode.app/Contents/Developer/Platforms/MacOSX.platform/Developer/Library/Frameworks -c -num-threads 10 -Xcc -ivfsstatcache -Xcc /Users/builder/Factory/paperloft/evidence/checkouts/p1-fresh/build/DerivedData/SDKStatCaches.noindex/macosx27.0-26A425-7231f6df4def33e022ae2eb8f782df1a.sdkstatcache -output-file-map /Users/builder/Factory/paperloft/evidence/checkouts/p1-fresh/build/DerivedData/Build/Intermediates.noindex/PaperloftKit.build/Release/PaperloftKit-t.build/Objects-normal/arm64/PaperloftKit-OutputFileMap.json -save-temps -no-color-diagnostics -explicit-module-build -module-cache-path /Users/builder/Factory/paperloft/evidence/checkouts/p1-fresh/build/DerivedData/Build/Intermediates.noindex/SwiftExplicitPrecompiledModules -clang-scanner-module-cache-path /Users/builder/Factory/paperloft/evidence/checkouts/p1-fresh/build/DerivedData/ModuleCache.noindex -sdk-module-cache-path /Users/builder/Factory/paperloft/evidence/checkouts/p1-fresh/build/DerivedData/SDKExplicitPrecompiledModules -emit-dependencies -emit-module -emit-module-path /Users/builder/Factory/paperloft/evidence/checkouts/p1-fresh/build/DerivedData/Build/Intermediates.noindex/PaperloftKit.build/Release/PaperloftKit-t.build/Objects-normal/arm64/PaperloftKit.swiftmodule -serialize-diagnostics -dependency-scan-serialize-diagnostics-path /Users/builder/Factory/paperloft/evidence/checkouts/p1-fresh/build/DerivedData/Build/Intermediates.noindex/PaperloftKit.build/Release/PaperloftKit-t.build/Objects-normal/arm64/PaperloftKit-dependency-scan.dia -validate-clang-modules-once -clang-build-session-file /Users/builder/Factory/paperloft/evidence/checkouts/p1-fresh/build/DerivedData/ModuleCache.noindex/Session.modulevalidation -Xcc -fmodules-prune-interval\=86400 -Xcc -fmodules-prune-after\=345600 -package-name paperloftkit -emit-const-values -const-gather-protocols-list /Users/builder/Factory/paperloft/evidence/checkouts/p1-fresh/build/DerivedData/Build/Intermediates.noindex/PaperloftKit.build/Release/PaperloftKit-t.build/Objects-normal/arm64/PaperloftKit_const_extract_protocols.json -Xcc -I/Users/builder/Factory/paperloft/evidence/checkouts/p1-fresh/build/DerivedData/Build/Products/Release/include -Xcc -I/Users/builder/Factory/paperloft/evidence/checkouts/p1-fresh/build/DerivedData/Build/Intermediates.noindex/PaperloftKit.build/Release/PaperloftKit-t.build/DerivedSources-normal/arm64 -Xcc -I/Users/builder/Factory/paperloft/evidence/checkouts/p1-fresh/build/DerivedData/Build/Intermediates.noindex/PaperloftKit.build/Release/PaperloftKit-t.build/DerivedSources/arm64 -Xcc -I/Users/builder/Factory/paperloft/evidence/checkouts/p1-fresh/build/DerivedData/Build/Intermediates.noindex/PaperloftKit.build/Release/PaperloftKit-t.build/DerivedSources -Xcc -DSWIFT_PACKAGE -emit-objc-header -emit-objc-header-path /Users/builder/Factory/paperloft/evidence/checkouts/p1-fresh/build/DerivedData/Build/Intermediates.noindex/PaperloftKit.build/Release/PaperloftKit-t.build/Objects-normal/arm64/PaperloftKit-Swift.h -working-directory /Users/builder/Factory/paperloft/evidence/checkouts/p1-fresh/Paperloft.xcodeproj -no-emit-module-separately-wmo

SwiftMergeGeneratedHeaders /Users/builder/Factory/paperloft/evidence/checkouts/p1-fresh/build/DerivedData/Build/Intermediates.noindex/GeneratedModuleMaps/PaperloftKit-Swift.h /Users/builder/Factory/paperloft/evidence/checkouts/p1-fresh/build/DerivedData/Build/Intermediates.noindex/PaperloftKit.build/Release/PaperloftKit-t.build/Objects-normal/arm64/PaperloftKit-Swift.h (in target 'PaperloftKit' from project 'PaperloftKit')
    cd /Users/builder/Factory/paperloft/evidence/checkouts/p1-fresh/Packages/PaperloftKit
    builtin-swiftHeaderTool -arch arm64 /Users/builder/Factory/paperloft/evidence/checkouts/p1-fresh/build/DerivedData/Build/Intermediates.noindex/PaperloftKit.build/Release/PaperloftKit-t.build/Objects-normal/arm64/PaperloftKit-Swift.h -o /Users/builder/Factory/paperloft/evidence/checkouts/p1-fresh/build/DerivedData/Build/Intermediates.noindex/GeneratedModuleMaps/PaperloftKit-Swift.h

Copy /Users/builder/Factory/paperloft/evidence/checkouts/p1-fresh/build/DerivedData/Build/Products/Release/PaperloftKit.swiftmodule/arm64-apple-macos.abi.json /Users/builder/Factory/paperloft/evidence/checkouts/p1-fresh/build/DerivedData/Build/Intermediates.noindex/PaperloftKit.build/Release/PaperloftKit-t.build/Objects-normal/arm64/PaperloftKit.abi.json (in target 'PaperloftKit' from project 'PaperloftKit')
    cd /Users/builder/Factory/paperloft/evidence/checkouts/p1-fresh/Packages/PaperloftKit
    builtin-copy -exclude .DS_Store -exclude CVS -exclude .svn -exclude .git -exclude .hg -strip-unsigned-binaries -strip-deterministic -strip-tool /Applications/Xcode.app/Contents/Developer/Toolchains/XcodeDefault.xctoolchain/usr/bin/strip -resolve-src-symlinks -rename /Users/builder/Factory/paperloft/evidence/checkouts/p1-fresh/build/DerivedData/Build/Intermediates.noindex/PaperloftKit.build/Release/PaperloftKit-t.build/Objects-normal/arm64/PaperloftKit.abi.json /Users/builder/Factory/paperloft/evidence/checkouts/p1-fresh/build/DerivedData/Build/Products/Release/PaperloftKit.swiftmodule/arm64-apple-macos.abi.json

Copy /Users/builder/Factory/paperloft/evidence/checkouts/p1-fresh/build/DerivedData/Build/Products/Release/PaperloftKit.swiftmodule/arm64-apple-macos.swiftdoc /Users/builder/Factory/paperloft/evidence/checkouts/p1-fresh/build/DerivedData/Build/Intermediates.noindex/PaperloftKit.build/Release/PaperloftKit-t.build/Objects-normal/arm64/PaperloftKit.swiftdoc (in target 'PaperloftKit' from project 'PaperloftKit')
    cd /Users/builder/Factory/paperloft/evidence/checkouts/p1-fresh/Packages/PaperloftKit
    builtin-copy -exclude .DS_Store -exclude CVS -exclude .svn -exclude .git -exclude .hg -strip-unsigned-binaries -strip-deterministic -strip-tool /Applications/Xcode.app/Contents/Developer/Toolchains/XcodeDefault.xctoolchain/usr/bin/strip -resolve-src-symlinks -rename /Users/builder/Factory/paperloft/evidence/checkouts/p1-fresh/build/DerivedData/Build/Intermediates.noindex/PaperloftKit.build/Release/PaperloftKit-t.build/Objects-normal/arm64/PaperloftKit.swiftdoc /Users/builder/Factory/paperloft/evidence/checkouts/p1-fresh/build/DerivedData/Build/Products/Release/PaperloftKit.swiftmodule/arm64-apple-macos.swiftdoc

Copy /Users/builder/Factory/paperloft/evidence/checkouts/p1-fresh/build/DerivedData/Build/Products/Release/PaperloftKit.swiftmodule/arm64-apple-macos.swiftmodule /Users/builder/Factory/paperloft/evidence/checkouts/p1-fresh/build/DerivedData/Build/Intermediates.noindex/PaperloftKit.build/Release/PaperloftKit-t.build/Objects-normal/arm64/PaperloftKit.swiftmodule (in target 'PaperloftKit' from project 'PaperloftKit')
    cd /Users/builder/Factory/paperloft/evidence/checkouts/p1-fresh/Packages/PaperloftKit
    builtin-copy -exclude .DS_Store -exclude CVS -exclude .svn -exclude .git -exclude .hg -strip-unsigned-binaries -strip-deterministic -strip-tool /Applications/Xcode.app/Contents/Developer/Toolchains/XcodeDefault.xctoolchain/usr/bin/strip -resolve-src-symlinks -rename /Users/builder/Factory/paperloft/evidence/checkouts/p1-fresh/build/DerivedData/Build/Intermediates.noindex/PaperloftKit.build/Release/PaperloftKit-t.build/Objects-normal/arm64/PaperloftKit.swiftmodule /Users/builder/Factory/paperloft/evidence/checkouts/p1-fresh/build/DerivedData/Build/Products/Release/PaperloftKit.swiftmodule/arm64-apple-macos.swiftmodule

Ld /Users/builder/Factory/paperloft/evidence/checkouts/p1-fresh/build/DerivedData/Build/Products/Release/PaperloftKit.o normal (in target 'PaperloftKit' from project 'PaperloftKit')
    cd /Users/builder/Factory/paperloft/evidence/checkouts/p1-fresh/Packages/PaperloftKit
    /Applications/Xcode.app/Contents/Developer/Toolchains/XcodeDefault.xctoolchain/usr/bin/clang -Xlinker -reproducible -target arm64-apple-macos27.0 -r -isysroot /Applications/Xcode.app/Contents/Developer/Platforms/MacOSX.platform/Developer/SDKs/MacOSX27.0.sdk -Os -Xlinker -no_warn_duplicate_libraries -F/Users/builder/Factory/paperloft/evidence/checkouts/p1-fresh/build/DerivedData/Build/Intermediates.noindex/EagerLinkingTBDs/Release -F/Users/builder/Factory/paperloft/evidence/checkouts/p1-fresh/build/DerivedData/Build/Products/Release -iframework /Applications/Xcode.app/Contents/Developer/Platforms/MacOSX.platform/Developer/Library/Frameworks -filelist /Users/builder/Factory/paperloft/evidence/checkouts/p1-fresh/build/DerivedData/Build/Intermediates.noindex/PaperloftKit.build/Release/PaperloftKit-t.build/Objects-normal/arm64/PaperloftKit.LinkFileList -nostdlib -Xlinker -object_path_lto -Xlinker /Users/builder/Factory/paperloft/evidence/checkouts/p1-fresh/build/DerivedData/Build/Intermediates.noindex/PaperloftKit.build/Release/PaperloftKit-t.build/Objects-normal/arm64/PaperloftKit_lto.o -Xlinker -debug_variant -Xlinker -dependency_info -Xlinker /Users/builder/Factory/paperloft/evidence/checkouts/p1-fresh/build/DerivedData/Build/Intermediates.noindex/PaperloftKit.build/Release/PaperloftKit-t.build/Objects-normal/arm64/PaperloftKit_dependency_info.dat -fobjc-link-runtime -L/Applications/Xcode.app/Contents/Developer/Toolchains/XcodeDefault.xctoolchain/usr/lib/swift/macosx -L/usr/lib/swift -Xlinker -add_ast_path -Xlinker /Users/builder/Factory/paperloft/evidence/checkouts/p1-fresh/build/DerivedData/Build/Intermediates.noindex/PaperloftKit.build/Release/PaperloftKit-t.build/Objects-normal/arm64/PaperloftKit.swiftmodule -o /Users/builder/Factory/paperloft/evidence/checkouts/p1-fresh/build/DerivedData/Build/Products/Release/PaperloftKit.o

ProcessProductPackaging /Users/builder/Factory/paperloft/evidence/checkouts/p1-fresh/Apps/PaperloftApp/Paperloft.entitlements /Users/builder/Factory/paperloft/evidence/checkouts/p1-fresh/build/DerivedData/Build/Intermediates.noindex/Paperloft.build/Release/PaperloftApp.build/Paperloft\ Receipts.app.xcent (in target 'PaperloftApp' from project 'Paperloft')
    cd /Users/builder/Factory/paperloft/evidence/checkouts/p1-fresh
    
    Entitlements:
    
    {
    "com.apple.security.app-sandbox" = 1;
    "com.apple.security.files.bookmarks.app-scope" = 1;
    "com.apple.security.files.user-selected.read-write" = 1;
    "com.apple.security.get-task-allow" = 1;
}
    
    builtin-productPackagingUtility /Users/builder/Factory/paperloft/evidence/checkouts/p1-fresh/Apps/PaperloftApp/Paperloft.entitlements -entitlements -format xml -o /Users/builder/Factory/paperloft/evidence/checkouts/p1-fresh/build/DerivedData/Build/Intermediates.noindex/Paperloft.build/Release/PaperloftApp.build/Paperloft\ Receipts.app.xcent

ProcessProductPackagingDER /Users/builder/Factory/paperloft/evidence/checkouts/p1-fresh/build/DerivedData/Build/Intermediates.noindex/Paperloft.build/Release/PaperloftApp.build/Paperloft\ Receipts.app.xcent /Users/builder/Factory/paperloft/evidence/checkouts/p1-fresh/build/DerivedData/Build/Intermediates.noindex/Paperloft.build/Release/PaperloftApp.build/Paperloft\ Receipts.app.xcent.der (in target 'PaperloftApp' from project 'Paperloft')
    cd /Users/builder/Factory/paperloft/evidence/checkouts/p1-fresh
    /usr/bin/derq query -f xml -i /Users/builder/Factory/paperloft/evidence/checkouts/p1-fresh/build/DerivedData/Build/Intermediates.noindex/Paperloft.build/Release/PaperloftApp.build/Paperloft\ Receipts.app.xcent -o /Users/builder/Factory/paperloft/evidence/checkouts/p1-fresh/build/DerivedData/Build/Intermediates.noindex/Paperloft.build/Release/PaperloftApp.build/Paperloft\ Receipts.app.xcent.der --raw

SwiftDriver PaperloftApp normal arm64 com.apple.xcode.tools.swift.compiler (in target 'PaperloftApp' from project 'Paperloft')
    cd /Users/builder/Factory/paperloft/evidence/checkouts/p1-fresh
    builtin-SwiftDriver -- /Applications/Xcode.app/Contents/Developer/Toolchains/XcodeDefault.xctoolchain/usr/bin/swiftc -module-name Paperloft_Receipts -O @/Users/builder/Factory/paperloft/evidence/checkouts/p1-fresh/build/DerivedData/Build/Intermediates.noindex/Paperloft.build/Release/PaperloftApp.build/Objects-normal/arm64/Paperloft\ Receipts.SwiftFileList -enable-experimental-feature DebugDescriptionMacro -sdk /Applications/Xcode.app/Contents/Developer/Platforms/MacOSX.platform/Developer/SDKs/MacOSX27.0.sdk -target arm64-apple-macos27.0 -g -module-cache-path /Users/builder/Factory/paperloft/evidence/checkouts/p1-fresh/build/DerivedData/ModuleCache.noindex -Xfrontend -serialize-debugging-options -profile-coverage-mapping -profile-generate -warnings-as-errors -swift-version 6 -I /Users/builder/Factory/paperloft/evidence/checkouts/p1-fresh/build/DerivedData/Build/Products/Release -F /Users/builder/Factory/paperloft/evidence/checkouts/p1-fresh/build/DerivedData/Build/Products/Release/PackageFrameworks -F /Users/builder/Factory/paperloft/evidence/checkouts/p1-fresh/build/DerivedData/Build/Products/Release -parse-as-library -c -j10 -enable-batch-mode -incremental -Xcc -ivfsstatcache -Xcc /Users/builder/Factory/paperloft/evidence/checkouts/p1-fresh/build/DerivedData/SDKStatCaches.noindex/macosx27.0-26A425-7231f6df4def33e022ae2eb8f782df1a.sdkstatcache -output-file-map /Users/builder/Factory/paperloft/evidence/checkouts/p1-fresh/build/DerivedData/Build/Intermediates.noindex/Paperloft.build/Release/PaperloftApp.build/Objects-normal/arm64/PaperloftApp-OutputFileMap.json -save-temps -no-color-diagnostics -explicit-module-build -module-cache-path /Users/builder/Factory/paperloft/evidence/checkouts/p1-fresh/build/DerivedData/Build/Intermediates.noindex/SwiftExplicitPrecompiledModules -clang-scanner-module-cache-path /Users/builder/Factory/paperloft/evidence/checkouts/p1-fresh/build/DerivedData/ModuleCache.noindex -sdk-module-cache-path /Users/builder/Factory/paperloft/evidence/checkouts/p1-fresh/build/DerivedData/SDKExplicitPrecompiledModules -emit-dependencies -emit-module -emit-module-path /Users/builder/Factory/paperloft/evidence/checkouts/p1-fresh/build/DerivedData/Build/Intermediates.noindex/Paperloft.build/Release/PaperloftApp.build/Objects-normal/arm64/Paperloft_Receipts.swiftmodule -serialize-diagnostics -dependency-scan-serialize-diagnostics-path /Users/builder/Factory/paperloft/evidence/checkouts/p1-fresh/build/DerivedData/Build/Intermediates.noindex/Paperloft.build/Release/PaperloftApp.build/Objects-normal/arm64/Paperloft_Receipts-dependency-scan.dia -validate-clang-modules-once -clang-build-session-file /Users/builder/Factory/paperloft/evidence/checkouts/p1-fresh/build/DerivedData/ModuleCache.noindex/Session.modulevalidation -Xcc -fmodules-prune-interval\=86400 -Xcc -fmodules-prune-after\=345600 -emit-const-values -const-gather-protocols-list /Users/builder/Factory/paperloft/evidence/checkouts/p1-fresh/build/DerivedData/Build/Intermediates.noindex/Paperloft.build/Release/PaperloftApp.build/Objects-normal/arm64/PaperloftApp_const_extract_protocols.json -Xcc -iquote -Xcc /Users/builder/Factory/paperloft/evidence/checkouts/p1-fresh/build/DerivedData/Build/Intermediates.noindex/Paperloft.build/Release/PaperloftApp.build/Paperloft\ Receipts-generated-files.hmap -Xcc -I/Users/builder/Factory/paperloft/evidence/checkouts/p1-fresh/build/DerivedData/Build/Intermediates.noindex/Paperloft.build/Release/PaperloftApp.build/Paperloft\ Receipts-own-target-headers.hmap -Xcc -I/Users/builder/Factory/paperloft/evidence/checkouts/p1-fresh/build/DerivedData/Build/Intermediates.noindex/Paperloft.build/Release/PaperloftApp.build/Paperloft\ Receipts-all-non-framework-target-headers.hmap -Xcc -ivfsoverlay -Xcc /Users/builder/Factory/paperloft/evidence/checkouts/p1-fresh/build/DerivedData/Build/Intermediates.noindex/Paperloft.build/Release/Paperloft-b93ddc6bcd4d234a5473ab01ad3589c4-VFS/all-product-headers.yaml -Xcc -iquote -Xcc /Users/builder/Factory/paperloft/evidence/checkouts/p1-fresh/build/DerivedData/Build/Intermediates.noindex/Paperloft.build/Release/PaperloftApp.build/Paperloft\ Receipts-project-headers.hmap -Xcc -I/Users/builder/Factory/paperloft/evidence/checkouts/p1-fresh/build/DerivedData/Build/Products/Release/include -Xcc -I/Users/builder/Factory/paperloft/evidence/checkouts/p1-fresh/build/DerivedData/Build/Intermediates.noindex/Paperloft.build/Release/PaperloftApp.build/DerivedSources-normal/arm64 -Xcc -I/Users/builder/Factory/paperloft/evidence/checkouts/p1-fresh/build/DerivedData/Build/Intermediates.noindex/Paperloft.build/Release/PaperloftApp.build/DerivedSources/arm64 -Xcc -I/Users/builder/Factory/paperloft/evidence/checkouts/p1-fresh/build/DerivedData/Build/Intermediates.noindex/Paperloft.build/Release/PaperloftApp.build/DerivedSources -emit-objc-header -emit-objc-header-path /Users/builder/Factory/paperloft/evidence/checkouts/p1-fresh/build/DerivedData/Build/Intermediates.noindex/Paperloft.build/Release/PaperloftApp.build/Objects-normal/arm64/Paperloft_Receipts-Swift.h -working-directory /Users/builder/Factory/paperloft/evidence/checkouts/p1-fresh -experimental-emit-module-separately -disable-cmo

ExtractAppIntentsMetadata (in target 'PaperloftKit' from project 'PaperloftKit')
    cd /Users/builder/Factory/paperloft/evidence/checkouts/p1-fresh/Packages/PaperloftKit
    /Applications/Xcode.app/Contents/Developer/Toolchains/XcodeDefault.xctoolchain/usr/bin/appintentsmetadataprocessor --toolchain-dir /Applications/Xcode.app/Contents/Developer/Toolchains/XcodeDefault.xctoolchain --module-name PaperloftKit --sdk-root /Applications/Xcode.app/Contents/Developer/Platforms/MacOSX.platform/Developer/SDKs/MacOSX27.0.sdk --xcode-version 27A266a --platform-family macOS --deployment-target 27.0 --bundle-identifier paperloftkit.PaperloftKit --output /Users/builder/Factory/paperloft/evidence/checkouts/p1-fresh/build/DerivedData/Build/Products/Release/PaperloftKit.appintents --target-triple arm64-apple-macos27.0 --binary-file /Users/builder/Factory/paperloft/evidence/checkouts/p1-fresh/build/DerivedData/Build/Products/Release/PaperloftKit.o --dependency-file /Users/builder/Factory/paperloft/evidence/checkouts/p1-fresh/build/DerivedData/Build/Intermediates.noindex/PaperloftKit.build/Release/PaperloftKit-t.build/Objects-normal/arm64/PaperloftKit_dependency_info.dat --stringsdata-file /Users/builder/Factory/paperloft/evidence/checkouts/p1-fresh/build/DerivedData/Build/Intermediates.noindex/PaperloftKit.build/Release/PaperloftKit-t.build/Objects-normal/arm64/ExtractedAppShortcutsMetadata.stringsdata --source-file-list /Users/builder/Factory/paperloft/evidence/checkouts/p1-fresh/build/DerivedData/Build/Intermediates.noindex/PaperloftKit.build/Release/PaperloftKit-t.build/Objects-normal/arm64/PaperloftKit.SwiftFileList --metadata-file-list /Users/builder/Factory/paperloft/evidence/checkouts/p1-fresh/build/DerivedData/Build/Intermediates.noindex/PaperloftKit.build/Release/PaperloftKit-t.build/PaperloftKit.DependencyMetadataFileList --static-metadata-file-list /Users/builder/Factory/paperloft/evidence/checkouts/p1-fresh/build/DerivedData/Build/Intermediates.noindex/PaperloftKit.build/Release/PaperloftKit-t.build/PaperloftKit.DependencyStaticMetadataFileList --swift-const-vals-list /Users/builder/Factory/paperloft/evidence/checkouts/p1-fresh/build/DerivedData/Build/Intermediates.noindex/PaperloftKit.build/Release/PaperloftKit-t.build/Objects-normal/arm64/PaperloftKit.SwiftConstValuesFileList --force --compile-time-extraction --deployment-aware-processing --no-app-shortcuts-localization
2026-09-26 19:57:11.063 appintentsmetadataprocessor[80811:593827] Starting appintentsmetadataprocessor export
2026-09-26 19:57:11.123 appintentsmetadataprocessor[80811:593827] Extracted no relevant App Intents symbols, skipping writing output

CpResource /Users/builder/Factory/paperloft/evidence/checkouts/p1-fresh/build/DerivedData/Build/Products/Release/Paperloft\ Receipts.app/Contents/Resources/PrivacyInfo.xcprivacy /Users/builder/Factory/paperloft/evidence/checkouts/p1-fresh/Apps/PaperloftApp/PrivacyInfo.xcprivacy (in target 'PaperloftApp' from project 'Paperloft')
    cd /Users/builder/Factory/paperloft/evidence/checkouts/p1-fresh
    builtin-copy -exclude .DS_Store -exclude CVS -exclude .svn -exclude .git -exclude .hg -strip-unsigned-binaries -strip-deterministic -strip-tool /Applications/Xcode.app/Contents/Developer/Toolchains/XcodeDefault.xctoolchain/usr/bin/strip -resolve-src-symlinks /Users/builder/Factory/paperloft/evidence/checkouts/p1-fresh/Apps/PaperloftApp/PrivacyInfo.xcprivacy /Users/builder/Factory/paperloft/evidence/checkouts/p1-fresh/build/DerivedData/Build/Products/Release/Paperloft\ Receipts.app/Contents/Resources

ProcessInfoPlistFile /Users/builder/Factory/paperloft/evidence/checkouts/p1-fresh/build/DerivedData/Build/Products/Release/Paperloft\ Receipts.app/Contents/Info.plist /Users/builder/Factory/paperloft/evidence/checkouts/p1-fresh/build/DerivedData/Build/Intermediates.noindex/Paperloft.build/Release/PaperloftApp.build/empty-Paperloft\ Receipts.plist (in target 'PaperloftApp' from project 'Paperloft')
    cd /Users/builder/Factory/paperloft/evidence/checkouts/p1-fresh
    builtin-infoPlistUtility /Users/builder/Factory/paperloft/evidence/checkouts/p1-fresh/build/DerivedData/Build/Intermediates.noindex/Paperloft.build/Release/PaperloftApp.build/empty-Paperloft\ Receipts.plist -producttype com.apple.product-type.application -genpkginfo /Users/builder/Factory/paperloft/evidence/checkouts/p1-fresh/build/DerivedData/Build/Products/Release/Paperloft\ Receipts.app/Contents/PkgInfo -expandbuildsettings -platform macosx -o /Users/builder/Factory/paperloft/evidence/checkouts/p1-fresh/build/DerivedData/Build/Products/Release/Paperloft\ Receipts.app/Contents/Info.plist

SwiftExplicitDependencyGeneratePcm arm64 /Users/builder/Factory/paperloft/evidence/checkouts/p1-fresh/build/DerivedData/SDKExplicitPrecompiledModules/ptrauth-3QV0319LFS2SM0AUEBJHXSHZM.pcm

SwiftExplicitDependencyGeneratePcm arm64 /Users/builder/Factory/paperloft/evidence/checkouts/p1-fresh/build/DerivedData/SDKExplicitPrecompiledModules/_Builtin_stdarg-4LGKRL56PX9JO9UTI419Q1RX4.pcm

SwiftExplicitDependencyGeneratePcm arm64 /Users/builder/Factory/paperloft/evidence/checkouts/p1-fresh/build/DerivedData/SDKExplicitPrecompiledModules/_SwiftConcurrencyShims-2T3A1WZX0YOPIIUPC9GZ510DF.pcm

SwiftExplicitDependencyGeneratePcm arm64 /Users/builder/Factory/paperloft/evidence/checkouts/p1-fresh/build/DerivedData/SDKExplicitPrecompiledModules/DeveloperToolsSupport-6K9Y3WVS5WLOVQGTK556YKTL0.pcm

SwiftExplicitDependencyGeneratePcm arm64 /Users/builder/Factory/paperloft/evidence/checkouts/p1-fresh/build/DerivedData/SDKExplicitPrecompiledModules/SwiftShims-4TKS5TJKAFYPN7HEB384RX5CC.pcm

SwiftExplicitDependencyGeneratePcm arm64 /Users/builder/Factory/paperloft/evidence/checkouts/p1-fresh/build/DerivedData/SDKExplicitPrecompiledModules/_Builtin_stdbool-DGU9KQP0D0F85NAUUNUISF429.pcm

SwiftExplicitDependencyGeneratePcm arm64 /Users/builder/Factory/paperloft/evidence/checkouts/p1-fresh/build/DerivedData/SDKExplicitPrecompiledModules/_Builtin_float-7BLJSKI4QD6YJB334GFUB3L8N.pcm

SwiftExplicitDependencyGeneratePcm arm64 /Users/builder/Factory/paperloft/evidence/checkouts/p1-fresh/build/DerivedData/SDKExplicitPrecompiledModules/_AvailabilityInternal-BJZDKEZWK208JJQE7E6D9X6SO.pcm

SwiftExplicitDependencyGeneratePcm arm64 /Users/builder/Factory/paperloft/evidence/checkouts/p1-fresh/build/DerivedData/SDKExplicitPrecompiledModules/_Builtin_stddef-667LDWAS654JEYSBXB7Q4P2SL.pcm

SwiftExplicitDependencyGeneratePcm arm64 /Users/builder/Factory/paperloft/evidence/checkouts/p1-fresh/build/DerivedData/SDKExplicitPrecompiledModules/ptrcheck-12UGMIZ7M5JX7FUYL3J65M87P.pcm

SwiftExplicitDependencyGeneratePcm arm64 /Users/builder/Factory/paperloft/evidence/checkouts/p1-fresh/build/DerivedData/SDKExplicitPrecompiledModules/_DarwinFoundation1-B9Z31O7S5JX2SXP3H8GD3TKUD.pcm

SwiftExplicitDependencyGeneratePcm arm64 /Users/builder/Factory/paperloft/evidence/checkouts/p1-fresh/build/DerivedData/SDKExplicitPrecompiledModules/ExtensionFoundation-1LN89XHY8HMJYRFIJXXWR4TQH.pcm

SwiftExplicitDependencyGeneratePcm arm64 /Users/builder/Factory/paperloft/evidence/checkouts/p1-fresh/build/DerivedData/SDKExplicitPrecompiledModules/_DarwinFoundation2-583XUEZ1RBVPBLNGZG4M1WZ5R.pcm

SwiftExplicitDependencyGeneratePcm arm64 /Users/builder/Factory/paperloft/evidence/checkouts/p1-fresh/build/DerivedData/SDKExplicitPrecompiledModules/_Builtin_limits-D53LSOE3CZJWJSEB7BXA654LD.pcm

SwiftExplicitDependencyGeneratePcm arm64 /Users/builder/Factory/paperloft/evidence/checkouts/p1-fresh/build/DerivedData/SDKExplicitPrecompiledModules/sys_types-A0KQY35QLMYLX7L41E5VW1VSR.pcm

SwiftExplicitDependencyGeneratePcm arm64 /Users/builder/Factory/paperloft/evidence/checkouts/p1-fresh/build/DerivedData/SDKExplicitPrecompiledModules/string_h-DEL6XFZCS4FW50G2O1IDZ118B.pcm

SwiftExplicitDependencyGeneratePcm arm64 /Users/builder/Factory/paperloft/evidence/checkouts/p1-fresh/build/DerivedData/SDKExplicitPrecompiledModules/_Builtin_stdint-61FHO4G39CH0THB4AGTMNYPJR.pcm

SwiftExplicitDependencyGeneratePcm arm64 /Users/builder/Factory/paperloft/evidence/checkouts/p1-fresh/build/DerivedData/SDKExplicitPrecompiledModules/_Builtin_tgmath-21S4P960LRHH6UZKY7IYUTUON.pcm

SwiftExplicitDependencyGeneratePcm arm64 /Users/builder/Factory/paperloft/evidence/checkouts/p1-fresh/build/DerivedData/SDKExplicitPrecompiledModules/_DarwinFoundation3-EFLKTR0MOE2PLVNP42BOZBTE3.pcm

SwiftExplicitDependencyGeneratePcm arm64 /Users/builder/Factory/paperloft/evidence/checkouts/p1-fresh/build/DerivedData/SDKExplicitPrecompiledModules/libDER-AF6FOP7JNM153RHN96BRVZNSX.pcm

SwiftExplicitDependencyGeneratePcm arm64 /Users/builder/Factory/paperloft/evidence/checkouts/p1-fresh/build/DerivedData/SDKExplicitPrecompiledModules/_Builtin_intrinsics-79BNC3LVBRGOYLL1DYEEURW8V.pcm

SwiftExplicitDependencyGeneratePcm arm64 /Users/builder/Factory/paperloft/evidence/checkouts/p1-fresh/build/DerivedData/SDKExplicitPrecompiledModules/_Builtin_stdatomic-6MTW1QTCIB2W4X9L23WVVIOJC.pcm

SwiftExplicitDependencyGeneratePcm arm64 /Users/builder/Factory/paperloft/evidence/checkouts/p1-fresh/build/DerivedData/SDKExplicitPrecompiledModules/_Builtin_inttypes-C0O3CSG46Q5M5IXJIP1FT0BK6.pcm

SwiftExplicitDependencyGeneratePcm arm64 /Users/builder/Factory/paperloft/evidence/checkouts/p1-fresh/build/DerivedData/SDKExplicitPrecompiledModules/Darwin-464PYFLYJTESVNH96REJF831T.pcm

SwiftExplicitDependencyGeneratePcm arm64 /Users/builder/Factory/paperloft/evidence/checkouts/p1-fresh/build/DerivedData/SDKExplicitPrecompiledModules/simd-8UUR4GO6AL6WFM6HCRW15G4C2.pcm

SwiftExplicitDependencyGeneratePcm arm64 /Users/builder/Factory/paperloft/evidence/checkouts/p1-fresh/build/DerivedData/SDKExplicitPrecompiledModules/launch-C5CZO0S3TSPF2M8VPQ357DGPW.pcm

SwiftExplicitDependencyGeneratePcm arm64 /Users/builder/Factory/paperloft/evidence/checkouts/p1-fresh/build/DerivedData/SDKExplicitPrecompiledModules/MachO-D0E18ZROZFUVLQGGZBIBLD5DT.pcm

SwiftExplicitDependencyGeneratePcm arm64 /Users/builder/Factory/paperloft/evidence/checkouts/p1-fresh/build/DerivedData/SDKExplicitPrecompiledModules/Compression-9R5RVBBJ43CUSMHXBCDBPNZBC.pcm

SwiftExplicitDependencyGeneratePcm arm64 /Users/builder/Factory/paperloft/evidence/checkouts/p1-fresh/build/DerivedData/SDKExplicitPrecompiledModules/CUPS-8O9DD8NNG5A2C728JRY2RDIC5.pcm

SwiftExplicitDependencyGeneratePcm arm64 /Users/builder/Factory/paperloft/evidence/checkouts/p1-fresh/build/DerivedData/SDKExplicitPrecompiledModules/libkern-2K94UAD3JDRBG2IGVPSVIPXK2.pcm

SwiftExplicitDependencyGeneratePcm arm64 /Users/builder/Factory/paperloft/evidence/checkouts/p1-fresh/build/DerivedData/SDKExplicitPrecompiledModules/ObjectiveC-7QS8NHZC1KTMYGG5Q2KW22893.pcm

SwiftExplicitDependencyGeneratePcm arm64 /Users/builder/Factory/paperloft/evidence/checkouts/p1-fresh/build/DerivedData/SDKExplicitPrecompiledModules/Spatial-E1OG8BFFXQMGMSLZUSB4GYWBJ.pcm

SwiftExplicitDependencyGeneratePcm arm64 /Users/builder/Factory/paperloft/evidence/checkouts/p1-fresh/build/DerivedData/SDKExplicitPrecompiledModules/os_object-AWCQAJZ3323GMZJZ0B1KGQE37.pcm

SwiftExplicitDependencyGeneratePcm arm64 /Users/builder/Factory/paperloft/evidence/checkouts/p1-fresh/build/DerivedData/SDKExplicitPrecompiledModules/os_workgroup-8STX2BMDIV51CTY7N706QHZXN.pcm

SwiftExplicitDependencyGeneratePcm arm64 /Users/builder/Factory/paperloft/evidence/checkouts/p1-fresh/build/DerivedData/SDKExplicitPrecompiledModules/Dispatch-RNO33G21XZLTBAGIIU4957XK.pcm

SwiftExplicitDependencyGeneratePcm arm64 /Users/builder/Factory/paperloft/evidence/checkouts/p1-fresh/build/DerivedData/SDKExplicitPrecompiledModules/dnssd-A0S6MN01X4XB2G8R71STW63AT.pcm

SwiftExplicitDependencyGeneratePcm arm64 /Users/builder/Factory/paperloft/evidence/checkouts/p1-fresh/build/DerivedData/SDKExplicitPrecompiledModules/XPC-7JPH8M2PH0FITE0QCAYPDI0K1.pcm

SwiftExplicitDependencyGeneratePcm arm64 /Users/builder/Factory/paperloft/evidence/checkouts/p1-fresh/build/DerivedData/SDKExplicitPrecompiledModules/CoreFoundation-B9VVPMC761J23S4RFCA0DART8.pcm

SwiftExplicitDependencyGeneratePcm arm64 /Users/builder/Factory/paperloft/evidence/checkouts/p1-fresh/build/DerivedData/SDKExplicitPrecompiledModules/os-1T6BCW60YHGX7HZ1GQH9TBZNJ.pcm

SwiftExplicitDependencyGeneratePcm arm64 /Users/builder/Factory/paperloft/evidence/checkouts/p1-fresh/build/DerivedData/SDKExplicitPrecompiledModules/ColorSync-AIE03JY8DEMY8KTRPXLMM0JIJ.pcm

SwiftExplicitDependencyGeneratePcm arm64 /Users/builder/Factory/paperloft/evidence/checkouts/p1-fresh/build/DerivedData/SDKExplicitPrecompiledModules/CoreAudioTypes-BE7X405EQHALDZC2H1P77HL45.pcm

SwiftExplicitDependencyGeneratePcm arm64 /Users/builder/Factory/paperloft/evidence/checkouts/p1-fresh/build/DerivedData/SDKExplicitPrecompiledModules/IOKit-3V4B22OVPF3AM5UBT36ND92YS.pcm

SwiftExplicitDependencyGeneratePcm arm64 /Users/builder/Factory/paperloft/evidence/checkouts/p1-fresh/build/DerivedData/SDKExplicitPrecompiledModules/CFNetwork-5I6B0BGM3JM3QYNVPA02JM7BT.pcm

SwiftExplicitDependencyGeneratePcm arm64 /Users/builder/Factory/paperloft/evidence/checkouts/p1-fresh/build/DerivedData/SDKExplicitPrecompiledModules/Security-6EN1LWU8LCF1N1KMQH747DES4.pcm

SwiftExplicitDependencyGeneratePcm arm64 /Users/builder/Factory/paperloft/evidence/checkouts/p1-fresh/build/DerivedData/SDKExplicitPrecompiledModules/DiskArbitration-5H57OWTBX0G0E9OZ8ZGZU2SCF.pcm

SwiftExplicitDependencyGeneratePcm arm64 /Users/builder/Factory/paperloft/evidence/checkouts/p1-fresh/build/DerivedData/SDKExplicitPrecompiledModules/CoreGraphics-6BPQ68M8AJA80XNVOZJWUTM6L.pcm

SwiftExplicitDependencyGeneratePcm arm64 /Users/builder/Factory/paperloft/evidence/checkouts/p1-fresh/build/DerivedData/SDKExplicitPrecompiledModules/CoreServices-667SZ7KI86BC5ZVP3GGSQLMJK.pcm

SwiftExplicitDependencyGeneratePcm arm64 /Users/builder/Factory/paperloft/evidence/checkouts/p1-fresh/build/DerivedData/SDKExplicitPrecompiledModules/ImageIO-6SU6JSH8P27VTRCV9OS1Z1LZL.pcm

SwiftExplicitDependencyGeneratePcm arm64 /Users/builder/Factory/paperloft/evidence/checkouts/p1-fresh/build/DerivedData/SDKExplicitPrecompiledModules/CoreText-ALX9T0KAMALACHSGE4Z1MP5OB.pcm

SwiftExplicitDependencyGeneratePcm arm64 /Users/builder/Factory/paperloft/evidence/checkouts/p1-fresh/build/DerivedData/SDKExplicitPrecompiledModules/Foundation-7J5PLTHHG221W5GS2L1PGJXQT.pcm

SwiftExplicitDependencyGeneratePcm arm64 /Users/builder/Factory/paperloft/evidence/checkouts/p1-fresh/build/DerivedData/SDKExplicitPrecompiledModules/_LocationEssentials-3UOQ3SQRKJU2CG9P6SKHZLHXE.pcm

SwiftExplicitDependencyGeneratePcm arm64 /Users/builder/Factory/paperloft/evidence/checkouts/p1-fresh/build/DerivedData/SDKExplicitPrecompiledModules/AppIntentsTypeSupport-9F46EA3DY3HQFN45HYTKQDM6M.pcm

SwiftExplicitDependencyGeneratePcm arm64 /Users/builder/Factory/paperloft/evidence/checkouts/p1-fresh/build/DerivedData/SDKExplicitPrecompiledModules/AppIntents-ACQKQVCR6HM7QC63RR0QQ7CRI.pcm

SwiftExplicitDependencyGeneratePcm arm64 /Users/builder/Factory/paperloft/evidence/checkouts/p1-fresh/build/DerivedData/SDKExplicitPrecompiledModules/RelevanceKit-9VAJSR8LC5KLMBG9WEAB2VXDP.pcm

SwiftExplicitDependencyGeneratePcm arm64 /Users/builder/Factory/paperloft/evidence/checkouts/p1-fresh/build/DerivedData/SDKExplicitPrecompiledModules/ApplicationServices-CFKA6OL4CXTA5YCS0WFS9L6SD.pcm

SwiftExplicitDependencyGeneratePcm arm64 /Users/builder/Factory/paperloft/evidence/checkouts/p1-fresh/build/DerivedData/SDKExplicitPrecompiledModules/Network-7H3949MUWW05MWTIRAYSQJGUJ.pcm

SwiftExplicitDependencyGeneratePcm arm64 /Users/builder/Factory/paperloft/evidence/checkouts/p1-fresh/build/DerivedData/SDKExplicitPrecompiledModules/Symbols-1X166HZC3JEEW3LW4SX30S1M7.pcm

SwiftExplicitDependencyGeneratePcm arm64 /Users/builder/Factory/paperloft/evidence/checkouts/p1-fresh/build/DerivedData/SDKExplicitPrecompiledModules/UniformTypeIdentifiers-B22LVUJ4QGOBNUVAHL5N7XDBW.pcm

SwiftExplicitDependencyGeneratePcm arm64 /Users/builder/Factory/paperloft/evidence/checkouts/p1-fresh/build/DerivedData/SDKExplicitPrecompiledModules/CoreData-7J5AVHXNXTAZ6MOOA2LT6XLKQ.pcm

SwiftExplicitDependencyGeneratePcm arm64 /Users/builder/Factory/paperloft/evidence/checkouts/p1-fresh/build/DerivedData/SDKExplicitPrecompiledModules/DataDetection-2JIXTNWC7IEGI0ETNGA71X9KP.pcm

SwiftExplicitDependencyGeneratePcm arm64 /Users/builder/Factory/paperloft/evidence/checkouts/p1-fresh/build/DerivedData/SDKExplicitPrecompiledModules/OSLog-3Z375QU26695UO66RKATZ9ZUK.pcm

SwiftExplicitDependencyGeneratePcm arm64 /Users/builder/Factory/paperloft/evidence/checkouts/p1-fresh/build/DerivedData/SDKExplicitPrecompiledModules/Accessibility-5YNYC438D6BGFJ3D9GFCRIPE0.pcm

SwiftExplicitDependencyGeneratePcm arm64 /Users/builder/Factory/paperloft/evidence/checkouts/p1-fresh/build/DerivedData/SDKExplicitPrecompiledModules/IOSurface-1PJLWSDPM8305UZ2BR1Z08QB5.pcm

SwiftExplicitDependencyGeneratePcm arm64 /Users/builder/Factory/paperloft/evidence/checkouts/p1-fresh/build/DerivedData/SDKExplicitPrecompiledModules/CoreSpotlight-7JUUTMEC4TMJWUVMJZAPGOOPH.pcm

SwiftExplicitDependencyGeneratePcm arm64 /Users/builder/Factory/paperloft/evidence/checkouts/p1-fresh/build/DerivedData/SDKExplicitPrecompiledModules/CoreTransferable-6JUCAP2TVDL49VD1NG0T9QAL1.pcm

SwiftExplicitDependencyGeneratePcm arm64 /Users/builder/Factory/paperloft/evidence/checkouts/p1-fresh/build/DerivedData/SDKExplicitPrecompiledModules/CoreAudio-AM79SOY89VCSHFPWCMYVMYRW9.pcm

SwiftExplicitDependencyGeneratePcm arm64 /Users/builder/Factory/paperloft/evidence/checkouts/p1-fresh/build/DerivedData/SDKExplicitPrecompiledModules/CoreMIDI-9J7XRVBWQD8DVG99T9P7MOUC8.pcm

SwiftExplicitDependencyGeneratePcm arm64 /Users/builder/Factory/paperloft/evidence/checkouts/p1-fresh/build/DerivedData/SDKExplicitPrecompiledModules/CoreLocation-74CV955KKLV6HL0RX2TBWJBN9.pcm

SwiftExplicitDependencyGeneratePcm arm64 /Users/builder/Factory/paperloft/evidence/checkouts/p1-fresh/build/DerivedData/SDKExplicitPrecompiledModules/Carbon-5ECELIOW6YBNH54QSV2DOF7CT.pcm

SwiftExplicitDependencyGeneratePcm arm64 /Users/builder/Factory/paperloft/evidence/checkouts/p1-fresh/build/DerivedData/SDKExplicitPrecompiledModules/Metal-CM1ZKWELRGE2AGUE12R18YKYZ.pcm

SwiftExplicitDependencyGeneratePcm arm64 /Users/builder/Factory/paperloft/evidence/checkouts/p1-fresh/build/DerivedData/SDKExplicitPrecompiledModules/OpenGL-64OFRSMYOVD5AYMXXDF4PYQT2.pcm

SwiftExplicitDependencyGeneratePcm arm64 /Users/builder/Factory/paperloft/evidence/checkouts/p1-fresh/build/DerivedData/SDKExplicitPrecompiledModules/AudioToolbox-845TCC5NHALO7QAORT4FCERLV.pcm

SwiftExplicitDependencyGeneratePcm arm64 /Users/builder/Factory/paperloft/evidence/checkouts/p1-fresh/build/DerivedData/SDKExplicitPrecompiledModules/CoreVideo-BUEANGI8NTV1N5EP3QZQ1VXGA.pcm

SwiftExplicitDependencyGeneratePcm arm64 /Users/builder/Factory/paperloft/evidence/checkouts/p1-fresh/build/DerivedData/SDKExplicitPrecompiledModules/CoreML-85QTJ54V3CQVJEXRNQC43L8A0.pcm

SwiftExplicitDependencyGeneratePcm arm64 /Users/builder/Factory/paperloft/evidence/checkouts/p1-fresh/build/DerivedData/SDKExplicitPrecompiledModules/Accelerate-D6BRGUPUL03JNVPHDVKSJIBQV.pcm

SwiftExplicitDependencyGeneratePcm arm64 /Users/builder/Factory/paperloft/evidence/checkouts/p1-fresh/build/DerivedData/SDKExplicitPrecompiledModules/CoreImage-6XWL1I1Y4IFFM67BSQPM8DU5I.pcm

SwiftExplicitDependencyGeneratePcm arm64 /Users/builder/Factory/paperloft/evidence/checkouts/p1-fresh/build/DerivedData/SDKExplicitPrecompiledModules/CoreMedia-7LA9YMWCDWMXG01ZL0DWV1PW5.pcm

SwiftExplicitDependencyGeneratePcm arm64 /Users/builder/Factory/paperloft/evidence/checkouts/p1-fresh/build/DerivedData/SDKExplicitPrecompiledModules/QuartzCore-90CZMEAD6F1ZDVE1URXDSQKED.pcm

SwiftExplicitDependencyGeneratePcm arm64 /Users/builder/Factory/paperloft/evidence/checkouts/p1-fresh/build/DerivedData/SDKExplicitPrecompiledModules/SwiftUICore-99KVOBL65ATWE3SIBGH0BC4AF.pcm

SwiftExplicitDependencyGeneratePcm arm64 /Users/builder/Factory/paperloft/evidence/checkouts/p1-fresh/build/DerivedData/SDKExplicitPrecompiledModules/VideoToolbox-CY85TYKFYXC02NNNH0IJW63H1.pcm

SwiftExplicitDependencyGeneratePcm arm64 /Users/builder/Factory/paperloft/evidence/checkouts/p1-fresh/build/DerivedData/SDKExplicitPrecompiledModules/Vision-27CR5LA2JNOG1ZX44A8QGFV05.pcm

SwiftExplicitDependencyGeneratePcm arm64 /Users/builder/Factory/paperloft/evidence/checkouts/p1-fresh/build/DerivedData/SDKExplicitPrecompiledModules/MediaToolbox-AH6R1C4TR3BR988HCM8OQUA6R.pcm

SwiftExplicitDependencyGeneratePcm arm64 /Users/builder/Factory/paperloft/evidence/checkouts/p1-fresh/build/DerivedData/SDKExplicitPrecompiledModules/AVFAudio-A3ET40K6U8MYQC63WDBZ21SM1.pcm

SwiftExplicitDependencyGeneratePcm arm64 /Users/builder/Factory/paperloft/evidence/checkouts/p1-fresh/build/DerivedData/SDKExplicitPrecompiledModules/AppKit-EG770D7H9AD9NYG0HT5WLXX5X.pcm

SwiftExplicitDependencyGeneratePcm arm64 /Users/builder/Factory/paperloft/evidence/checkouts/p1-fresh/build/DerivedData/SDKExplicitPrecompiledModules/AVFoundation-CVGM5YMA1GMNKUIFKLR25QR3M.pcm

SwiftExplicitDependencyGeneratePcm arm64 /Users/builder/Factory/paperloft/evidence/checkouts/p1-fresh/build/DerivedData/SDKExplicitPrecompiledModules/SwiftUI-1NCISZ3MZGS1IGD1D8R1YHDCV.pcm

SwiftEmitModule normal arm64 Emitting\ module\ for\ Paperloft_Receipts (in target 'PaperloftApp' from project 'Paperloft')

SwiftCompile normal arm64 (in target 'PaperloftApp' from project 'Paperloft')
    cd /Users/builder/Factory/paperloft/evidence/checkouts/p1-fresh
    

SwiftCompile normal arm64 Compiling\ PaperloftApp.swift /Users/builder/Factory/paperloft/evidence/checkouts/p1-fresh/Apps/PaperloftApp/PaperloftApp.swift (in target 'PaperloftApp' from project 'Paperloft')

SwiftCompile normal arm64 /Users/builder/Factory/paperloft/evidence/checkouts/p1-fresh/Apps/PaperloftApp/PaperloftApp.swift (in target 'PaperloftApp' from project 'Paperloft')
    cd /Users/builder/Factory/paperloft/evidence/checkouts/p1-fresh
    builtin-SwiftPerFileCompile PaperloftApp.swift

SwiftDriverJobDiscovery normal arm64 Emitting module for Paperloft_Receipts (in target 'PaperloftApp' from project 'Paperloft')

SwiftDriver\ Compilation\ Requirements PaperloftApp normal arm64 com.apple.xcode.tools.swift.compiler (in target 'PaperloftApp' from project 'Paperloft')
    cd /Users/builder/Factory/paperloft/evidence/checkouts/p1-fresh
    builtin-Swift-Compilation-Requirements -- /Applications/Xcode.app/Contents/Developer/Toolchains/XcodeDefault.xctoolchain/usr/bin/swiftc -module-name Paperloft_Receipts -O @/Users/builder/Factory/paperloft/evidence/checkouts/p1-fresh/build/DerivedData/Build/Intermediates.noindex/Paperloft.build/Release/PaperloftApp.build/Objects-normal/arm64/Paperloft\ Receipts.SwiftFileList -enable-experimental-feature DebugDescriptionMacro -sdk /Applications/Xcode.app/Contents/Developer/Platforms/MacOSX.platform/Developer/SDKs/MacOSX27.0.sdk -target arm64-apple-macos27.0 -g -module-cache-path /Users/builder/Factory/paperloft/evidence/checkouts/p1-fresh/build/DerivedData/ModuleCache.noindex -Xfrontend -serialize-debugging-options -profile-coverage-mapping -profile-generate -warnings-as-errors -swift-version 6 -I /Users/builder/Factory/paperloft/evidence/checkouts/p1-fresh/build/DerivedData/Build/Products/Release -F /Users/builder/Factory/paperloft/evidence/checkouts/p1-fresh/build/DerivedData/Build/Products/Release/PackageFrameworks -F /Users/builder/Factory/paperloft/evidence/checkouts/p1-fresh/build/DerivedData/Build/Products/Release -parse-as-library -c -j10 -enable-batch-mode -incremental -Xcc -ivfsstatcache -Xcc /Users/builder/Factory/paperloft/evidence/checkouts/p1-fresh/build/DerivedData/SDKStatCaches.noindex/macosx27.0-26A425-7231f6df4def33e022ae2eb8f782df1a.sdkstatcache -output-file-map /Users/builder/Factory/paperloft/evidence/checkouts/p1-fresh/build/DerivedData/Build/Intermediates.noindex/Paperloft.build/Release/PaperloftApp.build/Objects-normal/arm64/PaperloftApp-OutputFileMap.json -save-temps -no-color-diagnostics -explicit-module-build -module-cache-path /Users/builder/Factory/paperloft/evidence/checkouts/p1-fresh/build/DerivedData/Build/Intermediates.noindex/SwiftExplicitPrecompiledModules -clang-scanner-module-cache-path /Users/builder/Factory/paperloft/evidence/checkouts/p1-fresh/build/DerivedData/ModuleCache.noindex -sdk-module-cache-path /Users/builder/Factory/paperloft/evidence/checkouts/p1-fresh/build/DerivedData/SDKExplicitPrecompiledModules -emit-dependencies -emit-module -emit-module-path /Users/builder/Factory/paperloft/evidence/checkouts/p1-fresh/build/DerivedData/Build/Intermediates.noindex/Paperloft.build/Release/PaperloftApp.build/Objects-normal/arm64/Paperloft_Receipts.swiftmodule -serialize-diagnostics -dependency-scan-serialize-diagnostics-path /Users/builder/Factory/paperloft/evidence/checkouts/p1-fresh/build/DerivedData/Build/Intermediates.noindex/Paperloft.build/Release/PaperloftApp.build/Objects-normal/arm64/Paperloft_Receipts-dependency-scan.dia -validate-clang-modules-once -clang-build-session-file /Users/builder/Factory/paperloft/evidence/checkouts/p1-fresh/build/DerivedData/ModuleCache.noindex/Session.modulevalidation -Xcc -fmodules-prune-interval\=86400 -Xcc -fmodules-prune-after\=345600 -emit-const-values -const-gather-protocols-list /Users/builder/Factory/paperloft/evidence/checkouts/p1-fresh/build/DerivedData/Build/Intermediates.noindex/Paperloft.build/Release/PaperloftApp.build/Objects-normal/arm64/PaperloftApp_const_extract_protocols.json -Xcc -iquote -Xcc /Users/builder/Factory/paperloft/evidence/checkouts/p1-fresh/build/DerivedData/Build/Intermediates.noindex/Paperloft.build/Release/PaperloftApp.build/Paperloft\ Receipts-generated-files.hmap -Xcc -I/Users/builder/Factory/paperloft/evidence/checkouts/p1-fresh/build/DerivedData/Build/Intermediates.noindex/Paperloft.build/Release/PaperloftApp.build/Paperloft\ Receipts-own-target-headers.hmap -Xcc -I/Users/builder/Factory/paperloft/evidence/checkouts/p1-fresh/build/DerivedData/Build/Intermediates.noindex/Paperloft.build/Release/PaperloftApp.build/Paperloft\ Receipts-all-non-framework-target-headers.hmap -Xcc -ivfsoverlay -Xcc /Users/builder/Factory/paperloft/evidence/checkouts/p1-fresh/build/DerivedData/Build/Intermediates.noindex/Paperloft.build/Release/Paperloft-b93ddc6bcd4d234a5473ab01ad3589c4-VFS/all-product-headers.yaml -Xcc -iquote -Xcc /Users/builder/Factory/paperloft/evidence/checkouts/p1-fresh/build/DerivedData/Build/Intermediates.noindex/Paperloft.build/Release/PaperloftApp.build/Paperloft\ Receipts-project-headers.hmap -Xcc -I/Users/builder/Factory/paperloft/evidence/checkouts/p1-fresh/build/DerivedData/Build/Products/Release/include -Xcc -I/Users/builder/Factory/paperloft/evidence/checkouts/p1-fresh/build/DerivedData/Build/Intermediates.noindex/Paperloft.build/Release/PaperloftApp.build/DerivedSources-normal/arm64 -Xcc -I/Users/builder/Factory/paperloft/evidence/checkouts/p1-fresh/build/DerivedData/Build/Intermediates.noindex/Paperloft.build/Release/PaperloftApp.build/DerivedSources/arm64 -Xcc -I/Users/builder/Factory/paperloft/evidence/checkouts/p1-fresh/build/DerivedData/Build/Intermediates.noindex/Paperloft.build/Release/PaperloftApp.build/DerivedSources -emit-objc-header -emit-objc-header-path /Users/builder/Factory/paperloft/evidence/checkouts/p1-fresh/build/DerivedData/Build/Intermediates.noindex/Paperloft.build/Release/PaperloftApp.build/Objects-normal/arm64/Paperloft_Receipts-Swift.h -working-directory /Users/builder/Factory/paperloft/evidence/checkouts/p1-fresh -experimental-emit-module-separately -disable-cmo

SwiftMergeGeneratedHeaders /Users/builder/Factory/paperloft/evidence/checkouts/p1-fresh/build/DerivedData/Build/Intermediates.noindex/Paperloft.build/Release/PaperloftApp.build/DerivedSources/Paperloft_Receipts-Swift.h /Users/builder/Factory/paperloft/evidence/checkouts/p1-fresh/build/DerivedData/Build/Intermediates.noindex/Paperloft.build/Release/PaperloftApp.build/Objects-normal/arm64/Paperloft_Receipts-Swift.h (in target 'PaperloftApp' from project 'Paperloft')
    cd /Users/builder/Factory/paperloft/evidence/checkouts/p1-fresh
    builtin-swiftHeaderTool -arch arm64 /Users/builder/Factory/paperloft/evidence/checkouts/p1-fresh/build/DerivedData/Build/Intermediates.noindex/Paperloft.build/Release/PaperloftApp.build/Objects-normal/arm64/Paperloft_Receipts-Swift.h -o /Users/builder/Factory/paperloft/evidence/checkouts/p1-fresh/build/DerivedData/Build/Intermediates.noindex/Paperloft.build/Release/PaperloftApp.build/DerivedSources/Paperloft_Receipts-Swift.h

Copy /Users/builder/Factory/paperloft/evidence/checkouts/p1-fresh/build/DerivedData/Build/Products/Release/Paperloft_Receipts.swiftmodule/arm64-apple-macos.swiftmodule /Users/builder/Factory/paperloft/evidence/checkouts/p1-fresh/build/DerivedData/Build/Intermediates.noindex/Paperloft.build/Release/PaperloftApp.build/Objects-normal/arm64/Paperloft_Receipts.swiftmodule (in target 'PaperloftApp' from project 'Paperloft')
    cd /Users/builder/Factory/paperloft/evidence/checkouts/p1-fresh
    builtin-copy -exclude .DS_Store -exclude CVS -exclude .svn -exclude .git -exclude .hg -strip-unsigned-binaries -strip-deterministic -strip-tool /Applications/Xcode.app/Contents/Developer/Toolchains/XcodeDefault.xctoolchain/usr/bin/strip -resolve-src-symlinks -rename /Users/builder/Factory/paperloft/evidence/checkouts/p1-fresh/build/DerivedData/Build/Intermediates.noindex/Paperloft.build/Release/PaperloftApp.build/Objects-normal/arm64/Paperloft_Receipts.swiftmodule /Users/builder/Factory/paperloft/evidence/checkouts/p1-fresh/build/DerivedData/Build/Products/Release/Paperloft_Receipts.swiftmodule/arm64-apple-macos.swiftmodule

Copy /Users/builder/Factory/paperloft/evidence/checkouts/p1-fresh/build/DerivedData/Build/Products/Release/Paperloft_Receipts.swiftmodule/arm64-apple-macos.abi.json /Users/builder/Factory/paperloft/evidence/checkouts/p1-fresh/build/DerivedData/Build/Intermediates.noindex/Paperloft.build/Release/PaperloftApp.build/Objects-normal/arm64/Paperloft_Receipts.abi.json (in target 'PaperloftApp' from project 'Paperloft')
    cd /Users/builder/Factory/paperloft/evidence/checkouts/p1-fresh
    builtin-copy -exclude .DS_Store -exclude CVS -exclude .svn -exclude .git -exclude .hg -strip-unsigned-binaries -strip-deterministic -strip-tool /Applications/Xcode.app/Contents/Developer/Toolchains/XcodeDefault.xctoolchain/usr/bin/strip -resolve-src-symlinks -rename /Users/builder/Factory/paperloft/evidence/checkouts/p1-fresh/build/DerivedData/Build/Intermediates.noindex/Paperloft.build/Release/PaperloftApp.build/Objects-normal/arm64/Paperloft_Receipts.abi.json /Users/builder/Factory/paperloft/evidence/checkouts/p1-fresh/build/DerivedData/Build/Products/Release/Paperloft_Receipts.swiftmodule/arm64-apple-macos.abi.json

Copy /Users/builder/Factory/paperloft/evidence/checkouts/p1-fresh/build/DerivedData/Build/Products/Release/Paperloft_Receipts.swiftmodule/arm64-apple-macos.swiftdoc /Users/builder/Factory/paperloft/evidence/checkouts/p1-fresh/build/DerivedData/Build/Intermediates.noindex/Paperloft.build/Release/PaperloftApp.build/Objects-normal/arm64/Paperloft_Receipts.swiftdoc (in target 'PaperloftApp' from project 'Paperloft')
    cd /Users/builder/Factory/paperloft/evidence/checkouts/p1-fresh
    builtin-copy -exclude .DS_Store -exclude CVS -exclude .svn -exclude .git -exclude .hg -strip-unsigned-binaries -strip-deterministic -strip-tool /Applications/Xcode.app/Contents/Developer/Toolchains/XcodeDefault.xctoolchain/usr/bin/strip -resolve-src-symlinks -rename /Users/builder/Factory/paperloft/evidence/checkouts/p1-fresh/build/DerivedData/Build/Intermediates.noindex/Paperloft.build/Release/PaperloftApp.build/Objects-normal/arm64/Paperloft_Receipts.swiftdoc /Users/builder/Factory/paperloft/evidence/checkouts/p1-fresh/build/DerivedData/Build/Products/Release/Paperloft_Receipts.swiftmodule/arm64-apple-macos.swiftdoc

Copy /Users/builder/Factory/paperloft/evidence/checkouts/p1-fresh/build/DerivedData/Build/Products/Release/Paperloft_Receipts.swiftmodule/Project/arm64-apple-macos.swiftsourceinfo /Users/builder/Factory/paperloft/evidence/checkouts/p1-fresh/build/DerivedData/Build/Intermediates.noindex/Paperloft.build/Release/PaperloftApp.build/Objects-normal/arm64/Paperloft_Receipts.swiftsourceinfo (in target 'PaperloftApp' from project 'Paperloft')
    cd /Users/builder/Factory/paperloft/evidence/checkouts/p1-fresh
    builtin-copy -exclude .DS_Store -exclude CVS -exclude .svn -exclude .git -exclude .hg -strip-unsigned-binaries -strip-deterministic -strip-tool /Applications/Xcode.app/Contents/Developer/Toolchains/XcodeDefault.xctoolchain/usr/bin/strip -resolve-src-symlinks -rename /Users/builder/Factory/paperloft/evidence/checkouts/p1-fresh/build/DerivedData/Build/Intermediates.noindex/Paperloft.build/Release/PaperloftApp.build/Objects-normal/arm64/Paperloft_Receipts.swiftsourceinfo /Users/builder/Factory/paperloft/evidence/checkouts/p1-fresh/build/DerivedData/Build/Products/Release/Paperloft_Receipts.swiftmodule/Project/arm64-apple-macos.swiftsourceinfo

SwiftDriverJobDiscovery normal arm64 Compiling PaperloftApp.swift (in target 'PaperloftApp' from project 'Paperloft')

SwiftDriver\ Compilation PaperloftApp normal arm64 com.apple.xcode.tools.swift.compiler (in target 'PaperloftApp' from project 'Paperloft')
    cd /Users/builder/Factory/paperloft/evidence/checkouts/p1-fresh
    builtin-Swift-Compilation -- /Applications/Xcode.app/Contents/Developer/Toolchains/XcodeDefault.xctoolchain/usr/bin/swiftc -module-name Paperloft_Receipts -O @/Users/builder/Factory/paperloft/evidence/checkouts/p1-fresh/build/DerivedData/Build/Intermediates.noindex/Paperloft.build/Release/PaperloftApp.build/Objects-normal/arm64/Paperloft\ Receipts.SwiftFileList -enable-experimental-feature DebugDescriptionMacro -sdk /Applications/Xcode.app/Contents/Developer/Platforms/MacOSX.platform/Developer/SDKs/MacOSX27.0.sdk -target arm64-apple-macos27.0 -g -module-cache-path /Users/builder/Factory/paperloft/evidence/checkouts/p1-fresh/build/DerivedData/ModuleCache.noindex -Xfrontend -serialize-debugging-options -profile-coverage-mapping -profile-generate -warnings-as-errors -swift-version 6 -I /Users/builder/Factory/paperloft/evidence/checkouts/p1-fresh/build/DerivedData/Build/Products/Release -F /Users/builder/Factory/paperloft/evidence/checkouts/p1-fresh/build/DerivedData/Build/Products/Release/PackageFrameworks -F /Users/builder/Factory/paperloft/evidence/checkouts/p1-fresh/build/DerivedData/Build/Products/Release -parse-as-library -c -j10 -enable-batch-mode -incremental -Xcc -ivfsstatcache -Xcc /Users/builder/Factory/paperloft/evidence/checkouts/p1-fresh/build/DerivedData/SDKStatCaches.noindex/macosx27.0-26A425-7231f6df4def33e022ae2eb8f782df1a.sdkstatcache -output-file-map /Users/builder/Factory/paperloft/evidence/checkouts/p1-fresh/build/DerivedData/Build/Intermediates.noindex/Paperloft.build/Release/PaperloftApp.build/Objects-normal/arm64/PaperloftApp-OutputFileMap.json -save-temps -no-color-diagnostics -explicit-module-build -module-cache-path /Users/builder/Factory/paperloft/evidence/checkouts/p1-fresh/build/DerivedData/Build/Intermediates.noindex/SwiftExplicitPrecompiledModules -clang-scanner-module-cache-path /Users/builder/Factory/paperloft/evidence/checkouts/p1-fresh/build/DerivedData/ModuleCache.noindex -sdk-module-cache-path /Users/builder/Factory/paperloft/evidence/checkouts/p1-fresh/build/DerivedData/SDKExplicitPrecompiledModules -emit-dependencies -emit-module -emit-module-path /Users/builder/Factory/paperloft/evidence/checkouts/p1-fresh/build/DerivedData/Build/Intermediates.noindex/Paperloft.build/Release/PaperloftApp.build/Objects-normal/arm64/Paperloft_Receipts.swiftmodule -serialize-diagnostics -dependency-scan-serialize-diagnostics-path /Users/builder/Factory/paperloft/evidence/checkouts/p1-fresh/build/DerivedData/Build/Intermediates.noindex/Paperloft.build/Release/PaperloftApp.build/Objects-normal/arm64/Paperloft_Receipts-dependency-scan.dia -validate-clang-modules-once -clang-build-session-file /Users/builder/Factory/paperloft/evidence/checkouts/p1-fresh/build/DerivedData/ModuleCache.noindex/Session.modulevalidation -Xcc -fmodules-prune-interval\=86400 -Xcc -fmodules-prune-after\=345600 -emit-const-values -const-gather-protocols-list /Users/builder/Factory/paperloft/evidence/checkouts/p1-fresh/build/DerivedData/Build/Intermediates.noindex/Paperloft.build/Release/PaperloftApp.build/Objects-normal/arm64/PaperloftApp_const_extract_protocols.json -Xcc -iquote -Xcc /Users/builder/Factory/paperloft/evidence/checkouts/p1-fresh/build/DerivedData/Build/Intermediates.noindex/Paperloft.build/Release/PaperloftApp.build/Paperloft\ Receipts-generated-files.hmap -Xcc -I/Users/builder/Factory/paperloft/evidence/checkouts/p1-fresh/build/DerivedData/Build/Intermediates.noindex/Paperloft.build/Release/PaperloftApp.build/Paperloft\ Receipts-own-target-headers.hmap -Xcc -I/Users/builder/Factory/paperloft/evidence/checkouts/p1-fresh/build/DerivedData/Build/Intermediates.noindex/Paperloft.build/Release/PaperloftApp.build/Paperloft\ Receipts-all-non-framework-target-headers.hmap -Xcc -ivfsoverlay -Xcc /Users/builder/Factory/paperloft/evidence/checkouts/p1-fresh/build/DerivedData/Build/Intermediates.noindex/Paperloft.build/Release/Paperloft-b93ddc6bcd4d234a5473ab01ad3589c4-VFS/all-product-headers.yaml -Xcc -iquote -Xcc /Users/builder/Factory/paperloft/evidence/checkouts/p1-fresh/build/DerivedData/Build/Intermediates.noindex/Paperloft.build/Release/PaperloftApp.build/Paperloft\ Receipts-project-headers.hmap -Xcc -I/Users/builder/Factory/paperloft/evidence/checkouts/p1-fresh/build/DerivedData/Build/Products/Release/include -Xcc -I/Users/builder/Factory/paperloft/evidence/checkouts/p1-fresh/build/DerivedData/Build/Intermediates.noindex/Paperloft.build/Release/PaperloftApp.build/DerivedSources-normal/arm64 -Xcc -I/Users/builder/Factory/paperloft/evidence/checkouts/p1-fresh/build/DerivedData/Build/Intermediates.noindex/Paperloft.build/Release/PaperloftApp.build/DerivedSources/arm64 -Xcc -I/Users/builder/Factory/paperloft/evidence/checkouts/p1-fresh/build/DerivedData/Build/Intermediates.noindex/Paperloft.build/Release/PaperloftApp.build/DerivedSources -emit-objc-header -emit-objc-header-path /Users/builder/Factory/paperloft/evidence/checkouts/p1-fresh/build/DerivedData/Build/Intermediates.noindex/Paperloft.build/Release/PaperloftApp.build/Objects-normal/arm64/Paperloft_Receipts-Swift.h -working-directory /Users/builder/Factory/paperloft/evidence/checkouts/p1-fresh -experimental-emit-module-separately -disable-cmo

Ld /Users/builder/Factory/paperloft/evidence/checkouts/p1-fresh/build/DerivedData/Build/Products/Release/Paperloft\ Receipts.app/Contents/MacOS/Paperloft\ Receipts normal (in target 'PaperloftApp' from project 'Paperloft')
    cd /Users/builder/Factory/paperloft/evidence/checkouts/p1-fresh
    /Applications/Xcode.app/Contents/Developer/Toolchains/XcodeDefault.xctoolchain/usr/bin/clang -Xlinker -reproducible -target arm64-apple-macos27.0 -isysroot /Applications/Xcode.app/Contents/Developer/Platforms/MacOSX.platform/Developer/SDKs/MacOSX27.0.sdk -Os -Xlinker -no_warn_duplicate_libraries -L/Users/builder/Factory/paperloft/evidence/checkouts/p1-fresh/build/DerivedData/Build/Intermediates.noindex/EagerLinkingTBDs/Release -L/Users/builder/Factory/paperloft/evidence/checkouts/p1-fresh/build/DerivedData/Build/Products/Release -F/Users/builder/Factory/paperloft/evidence/checkouts/p1-fresh/build/DerivedData/Build/Intermediates.noindex/EagerLinkingTBDs/Release -F/Users/builder/Factory/paperloft/evidence/checkouts/p1-fresh/build/DerivedData/Build/Products/Release/PackageFrameworks -F/Users/builder/Factory/paperloft/evidence/checkouts/p1-fresh/build/DerivedData/Build/Products/Release -filelist /Users/builder/Factory/paperloft/evidence/checkouts/p1-fresh/build/DerivedData/Build/Intermediates.noindex/Paperloft.build/Release/PaperloftApp.build/Objects-normal/arm64/Paperloft\ Receipts.LinkFileList -Xlinker -object_path_lto -Xlinker /Users/builder/Factory/paperloft/evidence/checkouts/p1-fresh/build/DerivedData/Build/Intermediates.noindex/Paperloft.build/Release/PaperloftApp.build/Objects-normal/arm64/Paperloft\ Receipts_lto.o -Xlinker -debug_variant -Xlinker -dependency_info -Xlinker /Users/builder/Factory/paperloft/evidence/checkouts/p1-fresh/build/DerivedData/Build/Intermediates.noindex/Paperloft.build/Release/PaperloftApp.build/Objects-normal/arm64/Paperloft\ Receipts_dependency_info.dat -fobjc-link-runtime -fprofile-instr-generate -L/Applications/Xcode.app/Contents/Developer/Toolchains/XcodeDefault.xctoolchain/usr/lib/swift/macosx -L/usr/lib/swift -Xlinker -add_ast_path -Xlinker /Users/builder/Factory/paperloft/evidence/checkouts/p1-fresh/build/DerivedData/Build/Intermediates.noindex/Paperloft.build/Release/PaperloftApp.build/Objects-normal/arm64/Paperloft_Receipts.swiftmodule -Xlinker -no_adhoc_codesign -o /Users/builder/Factory/paperloft/evidence/checkouts/p1-fresh/build/DerivedData/Build/Products/Release/Paperloft\ Receipts.app/Contents/MacOS/Paperloft\ Receipts

CopySwiftLibs /Users/builder/Factory/paperloft/evidence/checkouts/p1-fresh/build/DerivedData/Build/Products/Release/Paperloft\ Receipts.app (in target 'PaperloftApp' from project 'Paperloft')
    cd /Users/builder/Factory/paperloft/evidence/checkouts/p1-fresh
    builtin-swiftStdLibTool --copy --verbose --sign - --scan-executable /Users/builder/Factory/paperloft/evidence/checkouts/p1-fresh/build/DerivedData/Build/Products/Release/Paperloft\ Receipts.app/Contents/MacOS/Paperloft\ Receipts --scan-folder /Users/builder/Factory/paperloft/evidence/checkouts/p1-fresh/build/DerivedData/Build/Products/Release/Paperloft\ Receipts.app/Contents/Frameworks --scan-folder /Users/builder/Factory/paperloft/evidence/checkouts/p1-fresh/build/DerivedData/Build/Products/Release/Paperloft\ Receipts.app/Contents/PlugIns --scan-folder /Users/builder/Factory/paperloft/evidence/checkouts/p1-fresh/build/DerivedData/Build/Products/Release/Paperloft\ Receipts.app/Contents/Library/SystemExtensions --scan-folder /Users/builder/Factory/paperloft/evidence/checkouts/p1-fresh/build/DerivedData/Build/Products/Release/Paperloft\ Receipts.app/Contents/Extensions --platform macosx --toolchain /Applications/Xcode.app/Contents/Developer/Toolchains/XcodeDefault.xctoolchain --destination /Users/builder/Factory/paperloft/evidence/checkouts/p1-fresh/build/DerivedData/Build/Products/Release/Paperloft\ Receipts.app/Contents/Frameworks --strip-bitcode --strip-bitcode-tool /Applications/Xcode.app/Contents/Developer/Toolchains/XcodeDefault.xctoolchain/usr/bin/bitcode_strip --emit-dependency-info /Users/builder/Factory/paperloft/evidence/checkouts/p1-fresh/build/DerivedData/Build/Intermediates.noindex/Paperloft.build/Release/PaperloftApp.build/SwiftStdLibToolInputDependencies.dep --filter-for-swift-os

ExtractAppIntentsMetadata (in target 'PaperloftApp' from project 'Paperloft')
    cd /Users/builder/Factory/paperloft/evidence/checkouts/p1-fresh
    /Applications/Xcode.app/Contents/Developer/Toolchains/XcodeDefault.xctoolchain/usr/bin/appintentsmetadataprocessor --toolchain-dir /Applications/Xcode.app/Contents/Developer/Toolchains/XcodeDefault.xctoolchain --module-name Paperloft_Receipts --sdk-root /Applications/Xcode.app/Contents/Developer/Platforms/MacOSX.platform/Developer/SDKs/MacOSX27.0.sdk --xcode-version 27A266a --platform-family macOS --deployment-target 27.0 --bundle-identifier app.paperloft.receipts --output /Users/builder/Factory/paperloft/evidence/checkouts/p1-fresh/build/DerivedData/Build/Products/Release/Paperloft\ Receipts.app/Contents/Resources --target-triple arm64-apple-macos27.0 --binary-file /Users/builder/Factory/paperloft/evidence/checkouts/p1-fresh/build/DerivedData/Build/Products/Release/Paperloft\ Receipts.app/Contents/MacOS/Paperloft\ Receipts --dependency-file /Users/builder/Factory/paperloft/evidence/checkouts/p1-fresh/build/DerivedData/Build/Intermediates.noindex/Paperloft.build/Release/PaperloftApp.build/Objects-normal/arm64/Paperloft\ Receipts_dependency_info.dat --stringsdata-file /Users/builder/Factory/paperloft/evidence/checkouts/p1-fresh/build/DerivedData/Build/Intermediates.noindex/Paperloft.build/Release/PaperloftApp.build/Objects-normal/arm64/ExtractedAppShortcutsMetadata.stringsdata --source-file-list /Users/builder/Factory/paperloft/evidence/checkouts/p1-fresh/build/DerivedData/Build/Intermediates.noindex/Paperloft.build/Release/PaperloftApp.build/Objects-normal/arm64/Paperloft\ Receipts.SwiftFileList --metadata-file-list /Users/builder/Factory/paperloft/evidence/checkouts/p1-fresh/build/DerivedData/Build/Intermediates.noindex/Paperloft.build/Release/PaperloftApp.build/Paperloft\ Receipts.DependencyMetadataFileList --static-metadata-file-list /Users/builder/Factory/paperloft/evidence/checkouts/p1-fresh/build/DerivedData/Build/Intermediates.noindex/Paperloft.build/Release/PaperloftApp.build/Paperloft\ Receipts.DependencyStaticMetadataFileList --swift-const-vals-list /Users/builder/Factory/paperloft/evidence/checkouts/p1-fresh/build/DerivedData/Build/Intermediates.noindex/Paperloft.build/Release/PaperloftApp.build/Objects-normal/arm64/Paperloft\ Receipts.SwiftConstValuesFileList --compile-time-extraction --deployment-aware-processing --no-app-shortcuts-localization
2026-09-26 19:57:15.418 appintentsmetadataprocessor[80932:594374] Starting appintentsmetadataprocessor export
2026-09-26 19:57:15.469 appintentsmetadataprocessor[80932:594374] Extracted no relevant App Intents symbols, skipping writing output

CodeSign /Users/builder/Factory/paperloft/evidence/checkouts/p1-fresh/build/DerivedData/Build/Products/Release/Paperloft\ Receipts.app (in target 'PaperloftApp' from project 'Paperloft')
    cd /Users/builder/Factory/paperloft/evidence/checkouts/p1-fresh
    
    Signing Identity:     "Sign to Run Locally"
    
    /usr/bin/codesign --force --sign - --entitlements /Users/builder/Factory/paperloft/evidence/checkouts/p1-fresh/build/DerivedData/Build/Intermediates.noindex/Paperloft.build/Release/PaperloftApp.build/Paperloft\ Receipts.app.xcent --timestamp\=none --generate-entitlement-der /Users/builder/Factory/paperloft/evidence/checkouts/p1-fresh/build/DerivedData/Build/Products/Release/Paperloft\ Receipts.app

RegisterExecutionPolicyException /Users/builder/Factory/paperloft/evidence/checkouts/p1-fresh/build/DerivedData/Build/Products/Release/Paperloft\ Receipts.app (in target 'PaperloftApp' from project 'Paperloft')
    cd /Users/builder/Factory/paperloft/evidence/checkouts/p1-fresh
    builtin-RegisterExecutionPolicyException /Users/builder/Factory/paperloft/evidence/checkouts/p1-fresh/build/DerivedData/Build/Products/Release/Paperloft\ Receipts.app

Validate /Users/builder/Factory/paperloft/evidence/checkouts/p1-fresh/build/DerivedData/Build/Products/Release/Paperloft\ Receipts.app (in target 'PaperloftApp' from project 'Paperloft')
    cd /Users/builder/Factory/paperloft/evidence/checkouts/p1-fresh
    builtin-validationUtility /Users/builder/Factory/paperloft/evidence/checkouts/p1-fresh/build/DerivedData/Build/Products/Release/Paperloft\ Receipts.app -no-validate-extension -infoplist-subpath Contents/Info.plist

Touch /Users/builder/Factory/paperloft/evidence/checkouts/p1-fresh/build/DerivedData/Build/Products/Release/Paperloft\ Receipts.app (in target 'PaperloftApp' from project 'Paperloft')
    cd /Users/builder/Factory/paperloft/evidence/checkouts/p1-fresh
    /usr/bin/touch -c /Users/builder/Factory/paperloft/evidence/checkouts/p1-fresh/build/DerivedData/Build/Products/Release/Paperloft\ Receipts.app

RegisterWithLaunchServices /Users/builder/Factory/paperloft/evidence/checkouts/p1-fresh/build/DerivedData/Build/Products/Release/Paperloft\ Receipts.app (in target 'PaperloftApp' from project 'Paperloft')
    cd /Users/builder/Factory/paperloft/evidence/checkouts/p1-fresh
    builtin-lsregisterurl --record-path /Users/builder/Factory/paperloft/evidence/checkouts/p1-fresh/build/DerivedData/Build/Intermediates.noindex/XCBuildData/registered-launchservices.txt -- /System/Library/Frameworks/CoreServices.framework/Versions/Current/Frameworks/LaunchServices.framework/Versions/Current/Support/lsregister -f -R -trusted /Users/builder/Factory/paperloft/evidence/checkouts/p1-fresh/build/DerivedData/Build/Products/Release/Paperloft\ Receipts.app

PruneExplicitPrecompiledModules /Users/builder/Factory/paperloft/evidence/checkouts/p1-fresh/build/DerivedData/Build/Intermediates.noindex/ExplicitPrecompiledModules

PruneExplicitPrecompiledModules /Users/builder/Factory/paperloft/evidence/checkouts/p1-fresh/build/DerivedData/SDKExplicitPrecompiledModules

PruneExplicitPrecompiledModules /Users/builder/Factory/paperloft/evidence/checkouts/p1-fresh/build/DerivedData/Build/Intermediates.noindex/SwiftExplicitPrecompiledModules

** BUILD SUCCEEDED **

