Command line invocation:
    /Applications/Xcode.app/Contents/Developer/usr/bin/xcodebuild -project Paperloft.xcodeproj -scheme PaperloftApp -destination platform=macOS -derivedDataPath build/DerivedData SWIFT_TREAT_WARNINGS_AS_ERRORS=YES -configuration Debug clean build

Build settings from command line:
    SWIFT_TREAT_WARNINGS_AS_ERRORS = YES

Resolve Package Graph


Resolved source packages:
  PaperloftKit: /Users/builder/Factory/paperloft/evidence/checkouts/p2-checkpoint6b22fdd/Packages/PaperloftKit @ local

CreateBuildRequest

SendProjectDescription

CreateBuildOperation

** CLEAN SUCCEEDED **

ComputePackagePrebuildTargetDependencyGraph

Prepare packages

CreateBuildRequest

SendProjectDescription

CreateBuildOperation

ComputeTargetDependencyGraph
note: Building targets in dependency order
note: Target dependency graph (3 targets)
    Target 'PaperloftApp' in project 'Paperloft'
        ➜ Explicit dependency on target 'PaperloftKit-product' in project 'PaperloftKit'
    Target 'PaperloftKit-product' in project 'PaperloftKit'
        ➜ Explicit dependency on target 'PaperloftKit' in project 'PaperloftKit'
    Target 'PaperloftKit' in project 'PaperloftKit' (no dependencies)

GatherProvisioningInputs

CreateBuildDescription

ExecuteExternalTool /Applications/Xcode.app/Contents/Developer/Toolchains/XcodeDefault.xctoolchain/usr/bin/swiftc --version

ExecuteExternalTool /Applications/Xcode.app/Contents/Developer/Toolchains/XcodeDefault.xctoolchain/usr/bin/clang -v -E -dM -isysroot /Applications/Xcode.app/Contents/Developer/Platforms/MacOSX.platform/Developer/SDKs/MacOSX27.0.sdk -x c -c /dev/null

ExecuteExternalTool /Applications/Xcode.app/Contents/Developer/Toolchains/XcodeDefault.xctoolchain/usr/bin/ld -version_details

Build description signature: 8091326aeb600bf9acf528d821ffe63d
Build description path: /Users/builder/Factory/paperloft/evidence/checkouts/p2-checkpoint6b22fdd/build/DerivedData/Build/Intermediates.noindex/XCBuildData/8091326aeb600bf9acf528d821ffe63d.xcbuilddata
CreateBuildDirectory /Users/builder/Factory/paperloft/evidence/checkouts/p2-checkpoint6b22fdd/build/DerivedData/SDKExplicitPrecompiledModules
    cd /Users/builder/Factory/paperloft/evidence/checkouts/p2-checkpoint6b22fdd/Paperloft.xcodeproj
    builtin-create-build-directory /Users/builder/Factory/paperloft/evidence/checkouts/p2-checkpoint6b22fdd/build/DerivedData/SDKExplicitPrecompiledModules

CreateBuildDirectory /Users/builder/Factory/paperloft/evidence/checkouts/p2-checkpoint6b22fdd/build/DerivedData/CompilationCache.noindex
    cd /Users/builder/Factory/paperloft/evidence/checkouts/p2-checkpoint6b22fdd/Paperloft.xcodeproj
    builtin-create-build-directory /Users/builder/Factory/paperloft/evidence/checkouts/p2-checkpoint6b22fdd/build/DerivedData/CompilationCache.noindex

CreateBuildDirectory /Users/builder/Factory/paperloft/evidence/checkouts/p2-checkpoint6b22fdd/build/DerivedData/ModuleCache.noindex
    cd /Users/builder/Factory/paperloft/evidence/checkouts/p2-checkpoint6b22fdd/Paperloft.xcodeproj
    builtin-create-build-directory /Users/builder/Factory/paperloft/evidence/checkouts/p2-checkpoint6b22fdd/build/DerivedData/ModuleCache.noindex

CreateBuildDirectory /Users/builder/Factory/paperloft/evidence/checkouts/p2-checkpoint6b22fdd/build/DerivedData/Build/Products
    cd /Users/builder/Factory/paperloft/evidence/checkouts/p2-checkpoint6b22fdd/Paperloft.xcodeproj
    builtin-create-build-directory /Users/builder/Factory/paperloft/evidence/checkouts/p2-checkpoint6b22fdd/build/DerivedData/Build/Products

CreateBuildDirectory /Users/builder/Factory/paperloft/evidence/checkouts/p2-checkpoint6b22fdd/build/DerivedData/Build/Intermediates.noindex
    cd /Users/builder/Factory/paperloft/evidence/checkouts/p2-checkpoint6b22fdd/Paperloft.xcodeproj
    builtin-create-build-directory /Users/builder/Factory/paperloft/evidence/checkouts/p2-checkpoint6b22fdd/build/DerivedData/Build/Intermediates.noindex

ClangStatCache /Applications/Xcode.app/Contents/Developer/Toolchains/XcodeDefault.xctoolchain/usr/bin/clang-stat-cache /Applications/Xcode.app/Contents/Developer/Platforms/MacOSX.platform/Developer/SDKs/MacOSX27.0.sdk /Users/builder/Factory/paperloft/evidence/checkouts/p2-checkpoint6b22fdd/build/DerivedData/SDKStatCaches.noindex/macosx27.0-26A425-7231f6df4def33e022ae2eb8f782df1a.sdkstatcache
    cd /Users/builder/Factory/paperloft/evidence/checkouts/p2-checkpoint6b22fdd/Paperloft.xcodeproj
    /Applications/Xcode.app/Contents/Developer/Toolchains/XcodeDefault.xctoolchain/usr/bin/clang-stat-cache /Applications/Xcode.app/Contents/Developer/Platforms/MacOSX.platform/Developer/SDKs/MacOSX27.0.sdk -o /Users/builder/Factory/paperloft/evidence/checkouts/p2-checkpoint6b22fdd/build/DerivedData/SDKStatCaches.noindex/macosx27.0-26A425-7231f6df4def33e022ae2eb8f782df1a.sdkstatcache

CreateBuildDirectory /Users/builder/Factory/paperloft/evidence/checkouts/p2-checkpoint6b22fdd/build/DerivedData/Build/Intermediates.noindex/SwiftExplicitPrecompiledModules
    cd /Users/builder/Factory/paperloft/evidence/checkouts/p2-checkpoint6b22fdd/Paperloft.xcodeproj
    builtin-create-build-directory /Users/builder/Factory/paperloft/evidence/checkouts/p2-checkpoint6b22fdd/build/DerivedData/Build/Intermediates.noindex/SwiftExplicitPrecompiledModules

CreateBuildDirectory /Users/builder/Factory/paperloft/evidence/checkouts/p2-checkpoint6b22fdd/build/DerivedData/Build/Intermediates.noindex/PrecompiledHeaders
    cd /Users/builder/Factory/paperloft/evidence/checkouts/p2-checkpoint6b22fdd/Paperloft.xcodeproj
    builtin-create-build-directory /Users/builder/Factory/paperloft/evidence/checkouts/p2-checkpoint6b22fdd/build/DerivedData/Build/Intermediates.noindex/PrecompiledHeaders

CreateBuildDirectory /Users/builder/Factory/paperloft/evidence/checkouts/p2-checkpoint6b22fdd/build/DerivedData/Build/Intermediates.noindex/ExplicitPrecompiledModules
    cd /Users/builder/Factory/paperloft/evidence/checkouts/p2-checkpoint6b22fdd/Paperloft.xcodeproj
    builtin-create-build-directory /Users/builder/Factory/paperloft/evidence/checkouts/p2-checkpoint6b22fdd/build/DerivedData/Build/Intermediates.noindex/ExplicitPrecompiledModules

CreateBuildDirectory /Users/builder/Factory/paperloft/evidence/checkouts/p2-checkpoint6b22fdd/build/DerivedData/Build/Intermediates.noindex/EagerLinkingTBDs/Debug
    cd /Users/builder/Factory/paperloft/evidence/checkouts/p2-checkpoint6b22fdd/Paperloft.xcodeproj
    builtin-create-build-directory /Users/builder/Factory/paperloft/evidence/checkouts/p2-checkpoint6b22fdd/build/DerivedData/Build/Intermediates.noindex/EagerLinkingTBDs/Debug

WriteAuxiliaryFile /Users/builder/Factory/paperloft/evidence/checkouts/p2-checkpoint6b22fdd/build/DerivedData/Build/Intermediates.noindex/Paperloft.build/Debug/Paperloft-b93ddc6bcd4d234a5473ab01ad3589c4-VFS/all-product-headers.yaml
    cd /Users/builder/Factory/paperloft/evidence/checkouts/p2-checkpoint6b22fdd/Paperloft.xcodeproj
    write-file /Users/builder/Factory/paperloft/evidence/checkouts/p2-checkpoint6b22fdd/build/DerivedData/Build/Intermediates.noindex/Paperloft.build/Debug/Paperloft-b93ddc6bcd4d234a5473ab01ad3589c4-VFS/all-product-headers.yaml

CreateBuildDirectory /Users/builder/Factory/paperloft/evidence/checkouts/p2-checkpoint6b22fdd/build/DerivedData/Build/Products/Debug
    cd /Users/builder/Factory/paperloft/evidence/checkouts/p2-checkpoint6b22fdd/Paperloft.xcodeproj
    builtin-create-build-directory /Users/builder/Factory/paperloft/evidence/checkouts/p2-checkpoint6b22fdd/build/DerivedData/Build/Products/Debug

CreateBuildDirectory /Users/builder/Factory/paperloft/evidence/checkouts/p2-checkpoint6b22fdd/build/DerivedData/Build/Products/Debug/PackageFrameworks
    cd /Users/builder/Factory/paperloft/evidence/checkouts/p2-checkpoint6b22fdd/Paperloft.xcodeproj
    builtin-create-build-directory /Users/builder/Factory/paperloft/evidence/checkouts/p2-checkpoint6b22fdd/build/DerivedData/Build/Products/Debug/PackageFrameworks

WriteAuxiliaryFile /Users/builder/Factory/paperloft/evidence/checkouts/p2-checkpoint6b22fdd/build/DerivedData/Build/Intermediates.noindex/Paperloft.build/Debug/PaperloftApp.build/Paperloft\ Receipts.hmap (in target 'PaperloftApp' from project 'Paperloft')
    cd /Users/builder/Factory/paperloft/evidence/checkouts/p2-checkpoint6b22fdd
    write-file /Users/builder/Factory/paperloft/evidence/checkouts/p2-checkpoint6b22fdd/build/DerivedData/Build/Intermediates.noindex/Paperloft.build/Debug/PaperloftApp.build/Paperloft\ Receipts.hmap

WriteAuxiliaryFile /Users/builder/Factory/paperloft/evidence/checkouts/p2-checkpoint6b22fdd/build/DerivedData/Build/Intermediates.noindex/Paperloft.build/Debug/PaperloftApp.build/Paperloft\ Receipts-project-headers.hmap (in target 'PaperloftApp' from project 'Paperloft')
    cd /Users/builder/Factory/paperloft/evidence/checkouts/p2-checkpoint6b22fdd
    write-file /Users/builder/Factory/paperloft/evidence/checkouts/p2-checkpoint6b22fdd/build/DerivedData/Build/Intermediates.noindex/Paperloft.build/Debug/PaperloftApp.build/Paperloft\ Receipts-project-headers.hmap

WriteAuxiliaryFile /Users/builder/Factory/paperloft/evidence/checkouts/p2-checkpoint6b22fdd/build/DerivedData/Build/Intermediates.noindex/Paperloft.build/Debug/PaperloftApp.build/Paperloft\ Receipts-own-target-headers.hmap (in target 'PaperloftApp' from project 'Paperloft')
    cd /Users/builder/Factory/paperloft/evidence/checkouts/p2-checkpoint6b22fdd
    write-file /Users/builder/Factory/paperloft/evidence/checkouts/p2-checkpoint6b22fdd/build/DerivedData/Build/Intermediates.noindex/Paperloft.build/Debug/PaperloftApp.build/Paperloft\ Receipts-own-target-headers.hmap

WriteAuxiliaryFile /Users/builder/Factory/paperloft/evidence/checkouts/p2-checkpoint6b22fdd/build/DerivedData/Build/Intermediates.noindex/Paperloft.build/Debug/PaperloftApp.build/empty-Paperloft\ Receipts.plist (in target 'PaperloftApp' from project 'Paperloft')
    cd /Users/builder/Factory/paperloft/evidence/checkouts/p2-checkpoint6b22fdd
    write-file /Users/builder/Factory/paperloft/evidence/checkouts/p2-checkpoint6b22fdd/build/DerivedData/Build/Intermediates.noindex/Paperloft.build/Debug/PaperloftApp.build/empty-Paperloft\ Receipts.plist

WriteAuxiliaryFile /Users/builder/Factory/paperloft/evidence/checkouts/p2-checkpoint6b22fdd/build/DerivedData/Build/Intermediates.noindex/Paperloft.build/Debug/PaperloftApp.build/Paperloft\ Receipts-generated-files.hmap (in target 'PaperloftApp' from project 'Paperloft')
    cd /Users/builder/Factory/paperloft/evidence/checkouts/p2-checkpoint6b22fdd
    write-file /Users/builder/Factory/paperloft/evidence/checkouts/p2-checkpoint6b22fdd/build/DerivedData/Build/Intermediates.noindex/Paperloft.build/Debug/PaperloftApp.build/Paperloft\ Receipts-generated-files.hmap

WriteAuxiliaryFile /Users/builder/Factory/paperloft/evidence/checkouts/p2-checkpoint6b22fdd/build/DerivedData/Build/Intermediates.noindex/PaperloftKit.build/Debug/PaperloftKit-t.build/PaperloftKit.modulemap (in target 'PaperloftKit' from project 'PaperloftKit')
    cd /Users/builder/Factory/paperloft/evidence/checkouts/p2-checkpoint6b22fdd/Packages/PaperloftKit
    write-file /Users/builder/Factory/paperloft/evidence/checkouts/p2-checkpoint6b22fdd/build/DerivedData/Build/Intermediates.noindex/PaperloftKit.build/Debug/PaperloftKit-t.build/PaperloftKit.modulemap

WriteAuxiliaryFile /Users/builder/Factory/paperloft/evidence/checkouts/p2-checkpoint6b22fdd/build/DerivedData/Build/Intermediates.noindex/PaperloftKit.build/Debug/PaperloftKit-t.build/PaperloftKit.DependencyStaticMetadataFileList (in target 'PaperloftKit' from project 'PaperloftKit')
    cd /Users/builder/Factory/paperloft/evidence/checkouts/p2-checkpoint6b22fdd/Packages/PaperloftKit
    write-file /Users/builder/Factory/paperloft/evidence/checkouts/p2-checkpoint6b22fdd/build/DerivedData/Build/Intermediates.noindex/PaperloftKit.build/Debug/PaperloftKit-t.build/PaperloftKit.DependencyStaticMetadataFileList

WriteAuxiliaryFile /Users/builder/Factory/paperloft/evidence/checkouts/p2-checkpoint6b22fdd/build/DerivedData/Build/Intermediates.noindex/PaperloftKit.build/Debug/PaperloftKit-t.build/PaperloftKit.DependencyMetadataFileList (in target 'PaperloftKit' from project 'PaperloftKit')
    cd /Users/builder/Factory/paperloft/evidence/checkouts/p2-checkpoint6b22fdd/Packages/PaperloftKit
    write-file /Users/builder/Factory/paperloft/evidence/checkouts/p2-checkpoint6b22fdd/build/DerivedData/Build/Intermediates.noindex/PaperloftKit.build/Debug/PaperloftKit-t.build/PaperloftKit.DependencyMetadataFileList

WriteAuxiliaryFile /Users/builder/Factory/paperloft/evidence/checkouts/p2-checkpoint6b22fdd/build/DerivedData/Build/Intermediates.noindex/PaperloftKit.build/Debug/PaperloftKit-t.build/Objects-normal/arm64/PaperloftKit_const_extract_protocols.json (in target 'PaperloftKit' from project 'PaperloftKit')
    cd /Users/builder/Factory/paperloft/evidence/checkouts/p2-checkpoint6b22fdd/Packages/PaperloftKit
    write-file /Users/builder/Factory/paperloft/evidence/checkouts/p2-checkpoint6b22fdd/build/DerivedData/Build/Intermediates.noindex/PaperloftKit.build/Debug/PaperloftKit-t.build/Objects-normal/arm64/PaperloftKit_const_extract_protocols.json

WriteAuxiliaryFile /Users/builder/Factory/paperloft/evidence/checkouts/p2-checkpoint6b22fdd/build/DerivedData/Build/Intermediates.noindex/PaperloftKit.build/Debug/PaperloftKit-t.build/Objects-normal/arm64/PaperloftKit.SwiftFileList (in target 'PaperloftKit' from project 'PaperloftKit')
    cd /Users/builder/Factory/paperloft/evidence/checkouts/p2-checkpoint6b22fdd/Packages/PaperloftKit
    write-file /Users/builder/Factory/paperloft/evidence/checkouts/p2-checkpoint6b22fdd/build/DerivedData/Build/Intermediates.noindex/PaperloftKit.build/Debug/PaperloftKit-t.build/Objects-normal/arm64/PaperloftKit.SwiftFileList

WriteAuxiliaryFile /Users/builder/Factory/paperloft/evidence/checkouts/p2-checkpoint6b22fdd/build/DerivedData/Build/Intermediates.noindex/PaperloftKit.build/Debug/PaperloftKit-t.build/Objects-normal/arm64/PaperloftKit.SwiftConstValuesFileList (in target 'PaperloftKit' from project 'PaperloftKit')
    cd /Users/builder/Factory/paperloft/evidence/checkouts/p2-checkpoint6b22fdd/Packages/PaperloftKit
    write-file /Users/builder/Factory/paperloft/evidence/checkouts/p2-checkpoint6b22fdd/build/DerivedData/Build/Intermediates.noindex/PaperloftKit.build/Debug/PaperloftKit-t.build/Objects-normal/arm64/PaperloftKit.SwiftConstValuesFileList

WriteAuxiliaryFile /Users/builder/Factory/paperloft/evidence/checkouts/p2-checkpoint6b22fdd/build/DerivedData/Build/Intermediates.noindex/PaperloftKit.build/Debug/PaperloftKit-t.build/Objects-normal/arm64/PaperloftKit.LinkFileList (in target 'PaperloftKit' from project 'PaperloftKit')
    cd /Users/builder/Factory/paperloft/evidence/checkouts/p2-checkpoint6b22fdd/Packages/PaperloftKit
    write-file /Users/builder/Factory/paperloft/evidence/checkouts/p2-checkpoint6b22fdd/build/DerivedData/Build/Intermediates.noindex/PaperloftKit.build/Debug/PaperloftKit-t.build/Objects-normal/arm64/PaperloftKit.LinkFileList

WriteAuxiliaryFile /Users/builder/Factory/paperloft/evidence/checkouts/p2-checkpoint6b22fdd/build/DerivedData/Build/Intermediates.noindex/PaperloftKit.build/Debug/PaperloftKit-t.build/Objects-normal/arm64/PaperloftKit-OutputFileMap.json (in target 'PaperloftKit' from project 'PaperloftKit')
    cd /Users/builder/Factory/paperloft/evidence/checkouts/p2-checkpoint6b22fdd/Packages/PaperloftKit
    write-file /Users/builder/Factory/paperloft/evidence/checkouts/p2-checkpoint6b22fdd/build/DerivedData/Build/Intermediates.noindex/PaperloftKit.build/Debug/PaperloftKit-t.build/Objects-normal/arm64/PaperloftKit-OutputFileMap.json

WriteAuxiliaryFile /Users/builder/Factory/paperloft/evidence/checkouts/p2-checkpoint6b22fdd/build/DerivedData/Build/Intermediates.noindex/Paperloft.build/Debug/PaperloftApp.build/Paperloft\ Receipts.DependencyStaticMetadataFileList (in target 'PaperloftApp' from project 'Paperloft')
    cd /Users/builder/Factory/paperloft/evidence/checkouts/p2-checkpoint6b22fdd
    write-file /Users/builder/Factory/paperloft/evidence/checkouts/p2-checkpoint6b22fdd/build/DerivedData/Build/Intermediates.noindex/Paperloft.build/Debug/PaperloftApp.build/Paperloft\ Receipts.DependencyStaticMetadataFileList

WriteAuxiliaryFile /Users/builder/Factory/paperloft/evidence/checkouts/p2-checkpoint6b22fdd/build/DerivedData/Build/Intermediates.noindex/Paperloft.build/Debug/PaperloftApp.build/Paperloft\ Receipts.DependencyMetadataFileList (in target 'PaperloftApp' from project 'Paperloft')
    cd /Users/builder/Factory/paperloft/evidence/checkouts/p2-checkpoint6b22fdd
    write-file /Users/builder/Factory/paperloft/evidence/checkouts/p2-checkpoint6b22fdd/build/DerivedData/Build/Intermediates.noindex/Paperloft.build/Debug/PaperloftApp.build/Paperloft\ Receipts.DependencyMetadataFileList

WriteAuxiliaryFile /Users/builder/Factory/paperloft/evidence/checkouts/p2-checkpoint6b22fdd/build/DerivedData/Build/Intermediates.noindex/Paperloft.build/Debug/PaperloftApp.build/Paperloft\ Receipts-all-target-headers.hmap (in target 'PaperloftApp' from project 'Paperloft')
    cd /Users/builder/Factory/paperloft/evidence/checkouts/p2-checkpoint6b22fdd
    write-file /Users/builder/Factory/paperloft/evidence/checkouts/p2-checkpoint6b22fdd/build/DerivedData/Build/Intermediates.noindex/Paperloft.build/Debug/PaperloftApp.build/Paperloft\ Receipts-all-target-headers.hmap

WriteAuxiliaryFile /Users/builder/Factory/paperloft/evidence/checkouts/p2-checkpoint6b22fdd/build/DerivedData/Build/Intermediates.noindex/Paperloft.build/Debug/PaperloftApp.build/Paperloft\ Receipts-all-non-framework-target-headers.hmap (in target 'PaperloftApp' from project 'Paperloft')
    cd /Users/builder/Factory/paperloft/evidence/checkouts/p2-checkpoint6b22fdd
    write-file /Users/builder/Factory/paperloft/evidence/checkouts/p2-checkpoint6b22fdd/build/DerivedData/Build/Intermediates.noindex/Paperloft.build/Debug/PaperloftApp.build/Paperloft\ Receipts-all-non-framework-target-headers.hmap

Copy /Users/builder/Factory/paperloft/evidence/checkouts/p2-checkpoint6b22fdd/build/DerivedData/Build/Intermediates.noindex/GeneratedModuleMaps/PaperloftKit.modulemap /Users/builder/Factory/paperloft/evidence/checkouts/p2-checkpoint6b22fdd/build/DerivedData/Build/Intermediates.noindex/PaperloftKit.build/Debug/PaperloftKit-t.build/PaperloftKit.modulemap (in target 'PaperloftKit' from project 'PaperloftKit')
    cd /Users/builder/Factory/paperloft/evidence/checkouts/p2-checkpoint6b22fdd/Packages/PaperloftKit
    builtin-copy -exclude .DS_Store -exclude CVS -exclude .svn -exclude .git -exclude .hg -resolve-src-symlinks /Users/builder/Factory/paperloft/evidence/checkouts/p2-checkpoint6b22fdd/build/DerivedData/Build/Intermediates.noindex/PaperloftKit.build/Debug/PaperloftKit-t.build/PaperloftKit.modulemap /Users/builder/Factory/paperloft/evidence/checkouts/p2-checkpoint6b22fdd/build/DerivedData/Build/Intermediates.noindex/GeneratedModuleMaps

WriteAuxiliaryFile /Users/builder/Factory/paperloft/evidence/checkouts/p2-checkpoint6b22fdd/build/DerivedData/Build/Intermediates.noindex/Paperloft.build/Debug/PaperloftApp.build/Paperloft\ Receipts-DebugDylibPath-normal-arm64.txt (in target 'PaperloftApp' from project 'Paperloft')
    cd /Users/builder/Factory/paperloft/evidence/checkouts/p2-checkpoint6b22fdd
    write-file /Users/builder/Factory/paperloft/evidence/checkouts/p2-checkpoint6b22fdd/build/DerivedData/Build/Intermediates.noindex/Paperloft.build/Debug/PaperloftApp.build/Paperloft\ Receipts-DebugDylibPath-normal-arm64.txt

WriteAuxiliaryFile /Users/builder/Factory/paperloft/evidence/checkouts/p2-checkpoint6b22fdd/build/DerivedData/Build/Intermediates.noindex/Paperloft.build/Debug/PaperloftApp.build/Paperloft\ Receipts-DebugDylibInstallName-normal-arm64.txt (in target 'PaperloftApp' from project 'Paperloft')
    cd /Users/builder/Factory/paperloft/evidence/checkouts/p2-checkpoint6b22fdd
    write-file /Users/builder/Factory/paperloft/evidence/checkouts/p2-checkpoint6b22fdd/build/DerivedData/Build/Intermediates.noindex/Paperloft.build/Debug/PaperloftApp.build/Paperloft\ Receipts-DebugDylibInstallName-normal-arm64.txt

WriteAuxiliaryFile /Users/builder/Factory/paperloft/evidence/checkouts/p2-checkpoint6b22fdd/build/DerivedData/Build/Intermediates.noindex/Paperloft.build/Debug/PaperloftApp.build/Objects-normal/arm64/PaperloftApp_const_extract_protocols.json (in target 'PaperloftApp' from project 'Paperloft')
    cd /Users/builder/Factory/paperloft/evidence/checkouts/p2-checkpoint6b22fdd
    write-file /Users/builder/Factory/paperloft/evidence/checkouts/p2-checkpoint6b22fdd/build/DerivedData/Build/Intermediates.noindex/Paperloft.build/Debug/PaperloftApp.build/Objects-normal/arm64/PaperloftApp_const_extract_protocols.json

WriteAuxiliaryFile /Users/builder/Factory/paperloft/evidence/checkouts/p2-checkpoint6b22fdd/build/DerivedData/Build/Intermediates.noindex/Paperloft.build/Debug/PaperloftApp.build/Objects-normal/arm64/PaperloftApp-OutputFileMap.json (in target 'PaperloftApp' from project 'Paperloft')
    cd /Users/builder/Factory/paperloft/evidence/checkouts/p2-checkpoint6b22fdd
    write-file /Users/builder/Factory/paperloft/evidence/checkouts/p2-checkpoint6b22fdd/build/DerivedData/Build/Intermediates.noindex/Paperloft.build/Debug/PaperloftApp.build/Objects-normal/arm64/PaperloftApp-OutputFileMap.json

WriteAuxiliaryFile /Users/builder/Factory/paperloft/evidence/checkouts/p2-checkpoint6b22fdd/build/DerivedData/Build/Intermediates.noindex/Paperloft.build/Debug/PaperloftApp.build/Objects-normal/arm64/Paperloft\ Receipts.SwiftFileList (in target 'PaperloftApp' from project 'Paperloft')
    cd /Users/builder/Factory/paperloft/evidence/checkouts/p2-checkpoint6b22fdd
    write-file /Users/builder/Factory/paperloft/evidence/checkouts/p2-checkpoint6b22fdd/build/DerivedData/Build/Intermediates.noindex/Paperloft.build/Debug/PaperloftApp.build/Objects-normal/arm64/Paperloft\ Receipts.SwiftFileList

WriteAuxiliaryFile /Users/builder/Factory/paperloft/evidence/checkouts/p2-checkpoint6b22fdd/build/DerivedData/Build/Intermediates.noindex/Paperloft.build/Debug/PaperloftApp.build/Objects-normal/arm64/Paperloft\ Receipts.SwiftConstValuesFileList (in target 'PaperloftApp' from project 'Paperloft')
    cd /Users/builder/Factory/paperloft/evidence/checkouts/p2-checkpoint6b22fdd
    write-file /Users/builder/Factory/paperloft/evidence/checkouts/p2-checkpoint6b22fdd/build/DerivedData/Build/Intermediates.noindex/Paperloft.build/Debug/PaperloftApp.build/Objects-normal/arm64/Paperloft\ Receipts.SwiftConstValuesFileList

WriteAuxiliaryFile /Users/builder/Factory/paperloft/evidence/checkouts/p2-checkpoint6b22fdd/build/DerivedData/Build/Intermediates.noindex/Paperloft.build/Debug/PaperloftApp.build/Objects-normal/arm64/Paperloft\ Receipts.LinkFileList (in target 'PaperloftApp' from project 'Paperloft')
    cd /Users/builder/Factory/paperloft/evidence/checkouts/p2-checkpoint6b22fdd
    write-file /Users/builder/Factory/paperloft/evidence/checkouts/p2-checkpoint6b22fdd/build/DerivedData/Build/Intermediates.noindex/Paperloft.build/Debug/PaperloftApp.build/Objects-normal/arm64/Paperloft\ Receipts.LinkFileList

WriteAuxiliaryFile /Users/builder/Factory/paperloft/evidence/checkouts/p2-checkpoint6b22fdd/build/DerivedData/Build/Intermediates.noindex/Paperloft.build/Debug/PaperloftApp.build/DerivedSources/Entitlements.plist (in target 'PaperloftApp' from project 'Paperloft')
    cd /Users/builder/Factory/paperloft/evidence/checkouts/p2-checkpoint6b22fdd
    write-file /Users/builder/Factory/paperloft/evidence/checkouts/p2-checkpoint6b22fdd/build/DerivedData/Build/Intermediates.noindex/Paperloft.build/Debug/PaperloftApp.build/DerivedSources/Entitlements.plist

MkDir /Users/builder/Factory/paperloft/evidence/checkouts/p2-checkpoint6b22fdd/build/DerivedData/Build/Products/Debug/Paperloft\ Receipts.app/Contents/MacOS (in target 'PaperloftApp' from project 'Paperloft')
    cd /Users/builder/Factory/paperloft/evidence/checkouts/p2-checkpoint6b22fdd
    /bin/mkdir -p /Users/builder/Factory/paperloft/evidence/checkouts/p2-checkpoint6b22fdd/build/DerivedData/Build/Products/Debug/Paperloft\ Receipts.app/Contents/MacOS

MkDir /Users/builder/Factory/paperloft/evidence/checkouts/p2-checkpoint6b22fdd/build/DerivedData/Build/Products/Debug/Paperloft\ Receipts.app/Contents/Resources (in target 'PaperloftApp' from project 'Paperloft')
    cd /Users/builder/Factory/paperloft/evidence/checkouts/p2-checkpoint6b22fdd
    /bin/mkdir -p /Users/builder/Factory/paperloft/evidence/checkouts/p2-checkpoint6b22fdd/build/DerivedData/Build/Products/Debug/Paperloft\ Receipts.app/Contents/Resources

MkDir /Users/builder/Factory/paperloft/evidence/checkouts/p2-checkpoint6b22fdd/build/DerivedData/Build/Products/Debug/Paperloft\ Receipts.app/Contents (in target 'PaperloftApp' from project 'Paperloft')
    cd /Users/builder/Factory/paperloft/evidence/checkouts/p2-checkpoint6b22fdd
    /bin/mkdir -p /Users/builder/Factory/paperloft/evidence/checkouts/p2-checkpoint6b22fdd/build/DerivedData/Build/Products/Debug/Paperloft\ Receipts.app/Contents

MkDir /Users/builder/Factory/paperloft/evidence/checkouts/p2-checkpoint6b22fdd/build/DerivedData/Build/Products/Debug/Paperloft\ Receipts.app (in target 'PaperloftApp' from project 'Paperloft')
    cd /Users/builder/Factory/paperloft/evidence/checkouts/p2-checkpoint6b22fdd
    /bin/mkdir -p /Users/builder/Factory/paperloft/evidence/checkouts/p2-checkpoint6b22fdd/build/DerivedData/Build/Products/Debug/Paperloft\ Receipts.app

SwiftDriver PaperloftKit normal arm64 com.apple.xcode.tools.swift.compiler (in target 'PaperloftKit' from project 'PaperloftKit')
    cd /Users/builder/Factory/paperloft/evidence/checkouts/p2-checkpoint6b22fdd/Paperloft.xcodeproj
    builtin-SwiftDriver -- /Applications/Xcode.app/Contents/Developer/Toolchains/XcodeDefault.xctoolchain/usr/bin/swiftc -parse-as-library -module-name PaperloftKit -Onone @/Users/builder/Factory/paperloft/evidence/checkouts/p2-checkpoint6b22fdd/build/DerivedData/Build/Intermediates.noindex/PaperloftKit.build/Debug/PaperloftKit-t.build/Objects-normal/arm64/PaperloftKit.SwiftFileList -DSWIFT_PACKAGE -DDEBUG -DSWIFT_MODULE_RESOURCE_BUNDLE_UNAVAILABLE -DXcode -plugin-path /Applications/Xcode.app/Contents/Developer/Toolchains/XcodeDefault.xctoolchain/usr/lib/swift/host/plugins/testing -enable-experimental-feature DebugDescriptionMacro -sdk /Applications/Xcode.app/Contents/Developer/Platforms/MacOSX.platform/Developer/SDKs/MacOSX27.0.sdk -target arm64-apple-macos27.0 -g -module-cache-path /Users/builder/Factory/paperloft/evidence/checkouts/p2-checkpoint6b22fdd/build/DerivedData/ModuleCache.noindex -Xfrontend -serialize-debugging-options -profile-coverage-mapping -profile-generate -enable-testing -warnings-as-errors -index-store-path /Users/builder/Factory/paperloft/evidence/checkouts/p2-checkpoint6b22fdd/build/DerivedData/Index.noindex/DataStore -Xcc -D_LIBCPP_HARDENING_MODE\=_LIBCPP_HARDENING_MODE_DEBUG -swift-version 6 -I /Users/builder/Factory/paperloft/evidence/checkouts/p2-checkpoint6b22fdd/build/DerivedData/Build/Products/Debug -Isystem /Applications/Xcode.app/Contents/Developer/Platforms/MacOSX.platform/Developer/usr/lib -F /Users/builder/Factory/paperloft/evidence/checkouts/p2-checkpoint6b22fdd/build/DerivedData/Build/Products/Debug -F /Applications/Xcode.app/Contents/Developer/Platforms/MacOSX.platform/Developer/Library/Frameworks -c -j10 -enable-batch-mode -incremental -Xcc -ivfsstatcache -Xcc /Users/builder/Factory/paperloft/evidence/checkouts/p2-checkpoint6b22fdd/build/DerivedData/SDKStatCaches.noindex/macosx27.0-26A425-7231f6df4def33e022ae2eb8f782df1a.sdkstatcache -output-file-map /Users/builder/Factory/paperloft/evidence/checkouts/p2-checkpoint6b22fdd/build/DerivedData/Build/Intermediates.noindex/PaperloftKit.build/Debug/PaperloftKit-t.build/Objects-normal/arm64/PaperloftKit-OutputFileMap.json -save-temps -no-color-diagnostics -explicit-module-build -module-cache-path /Users/builder/Factory/paperloft/evidence/checkouts/p2-checkpoint6b22fdd/build/DerivedData/Build/Intermediates.noindex/SwiftExplicitPrecompiledModules -clang-scanner-module-cache-path /Users/builder/Factory/paperloft/evidence/checkouts/p2-checkpoint6b22fdd/build/DerivedData/ModuleCache.noindex -sdk-module-cache-path /Users/builder/Factory/paperloft/evidence/checkouts/p2-checkpoint6b22fdd/build/DerivedData/SDKExplicitPrecompiledModules -emit-dependencies -emit-module -emit-module-path /Users/builder/Factory/paperloft/evidence/checkouts/p2-checkpoint6b22fdd/build/DerivedData/Build/Intermediates.noindex/PaperloftKit.build/Debug/PaperloftKit-t.build/Objects-normal/arm64/PaperloftKit.swiftmodule -serialize-diagnostics -dependency-scan-serialize-diagnostics-path /Users/builder/Factory/paperloft/evidence/checkouts/p2-checkpoint6b22fdd/build/DerivedData/Build/Intermediates.noindex/PaperloftKit.build/Debug/PaperloftKit-t.build/Objects-normal/arm64/PaperloftKit-dependency-scan.dia -validate-clang-modules-once -clang-build-session-file /Users/builder/Factory/paperloft/evidence/checkouts/p2-checkpoint6b22fdd/build/DerivedData/ModuleCache.noindex/Session.modulevalidation -Xcc -fmodules-prune-interval\=86400 -Xcc -fmodules-prune-after\=345600 -package-name paperloftkit -emit-const-values -const-gather-protocols-list /Users/builder/Factory/paperloft/evidence/checkouts/p2-checkpoint6b22fdd/build/DerivedData/Build/Intermediates.noindex/PaperloftKit.build/Debug/PaperloftKit-t.build/Objects-normal/arm64/PaperloftKit_const_extract_protocols.json -Xcc -I/Users/builder/Factory/paperloft/evidence/checkouts/p2-checkpoint6b22fdd/build/DerivedData/Build/Products/Debug/include -Xcc -I/Users/builder/Factory/paperloft/evidence/checkouts/p2-checkpoint6b22fdd/build/DerivedData/Build/Intermediates.noindex/PaperloftKit.build/Debug/PaperloftKit-t.build/DerivedSources-normal/arm64 -Xcc -I/Users/builder/Factory/paperloft/evidence/checkouts/p2-checkpoint6b22fdd/build/DerivedData/Build/Intermediates.noindex/PaperloftKit.build/Debug/PaperloftKit-t.build/DerivedSources/arm64 -Xcc -I/Users/builder/Factory/paperloft/evidence/checkouts/p2-checkpoint6b22fdd/build/DerivedData/Build/Intermediates.noindex/PaperloftKit.build/Debug/PaperloftKit-t.build/DerivedSources -Xcc -DSWIFT_PACKAGE -Xcc -DDEBUG\=1 -emit-objc-header -emit-objc-header-path /Users/builder/Factory/paperloft/evidence/checkouts/p2-checkpoint6b22fdd/build/DerivedData/Build/Intermediates.noindex/PaperloftKit.build/Debug/PaperloftKit-t.build/Objects-normal/arm64/PaperloftKit-Swift.h -working-directory /Users/builder/Factory/paperloft/evidence/checkouts/p2-checkpoint6b22fdd/Paperloft.xcodeproj -experimental-emit-module-separately -disable-cmo

SwiftExplicitDependencyGeneratePcm arm64 /Users/builder/Factory/paperloft/evidence/checkouts/p2-checkpoint6b22fdd/build/DerivedData/SDKExplicitPrecompiledModules/_AvailabilityInternal-BS11MDT6A82UZLSN8X3F73VF.pcm

SwiftExplicitDependencyGeneratePcm arm64 /Users/builder/Factory/paperloft/evidence/checkouts/p2-checkpoint6b22fdd/build/DerivedData/SDKExplicitPrecompiledModules/ptrauth-77LE1P4UK5TJSVKOWTOO9HRI2.pcm

SwiftExplicitDependencyGeneratePcm arm64 /Users/builder/Factory/paperloft/evidence/checkouts/p2-checkpoint6b22fdd/build/DerivedData/SDKExplicitPrecompiledModules/_SwiftConcurrencyShims-3C9PEEPB5OU00W7HX11OZCU87.pcm

SwiftExplicitDependencyGeneratePcm arm64 /Users/builder/Factory/paperloft/evidence/checkouts/p2-checkpoint6b22fdd/build/DerivedData/SDKExplicitPrecompiledModules/_Builtin_stdbool-32VUCDVFZX64D8JBWS0MV3WHW.pcm

SwiftExplicitDependencyGeneratePcm arm64 /Users/builder/Factory/paperloft/evidence/checkouts/p2-checkpoint6b22fdd/build/DerivedData/SDKExplicitPrecompiledModules/_Builtin_stddef-1QD8GG7JNNYAQ2HXQYCI5WPE.pcm

SwiftExplicitDependencyGeneratePcm arm64 /Users/builder/Factory/paperloft/evidence/checkouts/p2-checkpoint6b22fdd/build/DerivedData/SDKExplicitPrecompiledModules/SwiftShims-5SCEARPBSP5LPDWRYHWHD8U4R.pcm

SwiftExplicitDependencyGeneratePcm arm64 /Users/builder/Factory/paperloft/evidence/checkouts/p2-checkpoint6b22fdd/build/DerivedData/SDKExplicitPrecompiledModules/_Builtin_float-8UU99SSFC38DKNTKJ22LXVBXS.pcm

SwiftExplicitDependencyGeneratePcm arm64 /Users/builder/Factory/paperloft/evidence/checkouts/p2-checkpoint6b22fdd/build/DerivedData/SDKExplicitPrecompiledModules/ptrcheck-DPD560MUI83XRG7ICH51P0MMO.pcm

SwiftExplicitDependencyGeneratePcm arm64 /Users/builder/Factory/paperloft/evidence/checkouts/p2-checkpoint6b22fdd/build/DerivedData/SDKExplicitPrecompiledModules/_Builtin_stdarg-4FRMK0UQVELC9D4OZ0O5F99BU.pcm

SwiftExplicitDependencyGeneratePcm arm64 /Users/builder/Factory/paperloft/evidence/checkouts/p2-checkpoint6b22fdd/build/DerivedData/SDKExplicitPrecompiledModules/_DarwinFoundation1-D57JOE4GZE0873ZJERZCLCHNV.pcm

SwiftExplicitDependencyGeneratePcm arm64 /Users/builder/Factory/paperloft/evidence/checkouts/p2-checkpoint6b22fdd/build/DerivedData/SDKExplicitPrecompiledModules/_DarwinFoundation2-A2FV21YFPJ9V9DT8KXRB6V8G3.pcm

SwiftExplicitDependencyGeneratePcm arm64 /Users/builder/Factory/paperloft/evidence/checkouts/p2-checkpoint6b22fdd/build/DerivedData/SDKExplicitPrecompiledModules/_Builtin_limits-CIILRPITNZ2VYD3DMOJQL2ABN.pcm

SwiftExplicitDependencyGeneratePcm arm64 /Users/builder/Factory/paperloft/evidence/checkouts/p2-checkpoint6b22fdd/build/DerivedData/SDKExplicitPrecompiledModules/string_h-CHE8SO320GVTI2QPMK6RG0B3N.pcm

SwiftExplicitDependencyGeneratePcm arm64 /Users/builder/Factory/paperloft/evidence/checkouts/p2-checkpoint6b22fdd/build/DerivedData/SDKExplicitPrecompiledModules/sys_types-ELISOP4MW5Z4QEURBSPPUO1P3.pcm

SwiftExplicitDependencyGeneratePcm arm64 /Users/builder/Factory/paperloft/evidence/checkouts/p2-checkpoint6b22fdd/build/DerivedData/SDKExplicitPrecompiledModules/_Builtin_stdint-APPC8SCA5H443V345Z4RKI3SN.pcm

SwiftExplicitDependencyGeneratePcm arm64 /Users/builder/Factory/paperloft/evidence/checkouts/p2-checkpoint6b22fdd/build/DerivedData/SDKExplicitPrecompiledModules/_Builtin_tgmath-9TQV8Y3547XPUN1NQYUSZY24B.pcm

SwiftExplicitDependencyGeneratePcm arm64 /Users/builder/Factory/paperloft/evidence/checkouts/p2-checkpoint6b22fdd/build/DerivedData/SDKExplicitPrecompiledModules/_DarwinFoundation3-DL2662OU9VQYRQTEZW7RESAGF.pcm

SwiftExplicitDependencyGeneratePcm arm64 /Users/builder/Factory/paperloft/evidence/checkouts/p2-checkpoint6b22fdd/build/DerivedData/SDKExplicitPrecompiledModules/libDER-5WTJ8R1BDFRSPM6OSICB3IFV.pcm

SwiftExplicitDependencyGeneratePcm arm64 /Users/builder/Factory/paperloft/evidence/checkouts/p2-checkpoint6b22fdd/build/DerivedData/SDKExplicitPrecompiledModules/_Builtin_stdatomic-7OUT64MOH147QONRC0ZPWVRMC.pcm

SwiftExplicitDependencyGeneratePcm arm64 /Users/builder/Factory/paperloft/evidence/checkouts/p2-checkpoint6b22fdd/build/DerivedData/SDKExplicitPrecompiledModules/_Builtin_intrinsics-55ULPYM18WO7PA48P2XIXNBG3.pcm

SwiftExplicitDependencyGeneratePcm arm64 /Users/builder/Factory/paperloft/evidence/checkouts/p2-checkpoint6b22fdd/build/DerivedData/SDKExplicitPrecompiledModules/_Builtin_inttypes-D7VLMSW7QOUWLR4Z9PHWSHN2C.pcm

SwiftExplicitDependencyGeneratePcm arm64 /Users/builder/Factory/paperloft/evidence/checkouts/p2-checkpoint6b22fdd/build/DerivedData/SDKExplicitPrecompiledModules/Darwin-D40E0CNFQ6OKGC2KSBB6XKKVI.pcm

SwiftExplicitDependencyGeneratePcm arm64 /Users/builder/Factory/paperloft/evidence/checkouts/p2-checkpoint6b22fdd/build/DerivedData/SDKExplicitPrecompiledModules/simd-18VEUISNF1THT47GYNG2DPQQ4.pcm

SwiftExplicitDependencyGeneratePcm arm64 /Users/builder/Factory/paperloft/evidence/checkouts/p2-checkpoint6b22fdd/build/DerivedData/SDKExplicitPrecompiledModules/launch-1KN1202VP9WAI2BPOVEEKNFPW.pcm

SwiftExplicitDependencyGeneratePcm arm64 /Users/builder/Factory/paperloft/evidence/checkouts/p2-checkpoint6b22fdd/build/DerivedData/SDKExplicitPrecompiledModules/MachO-5TFBY5HCINL976DC9NWGPMSKD.pcm

SwiftExplicitDependencyGeneratePcm arm64 /Users/builder/Factory/paperloft/evidence/checkouts/p2-checkpoint6b22fdd/build/DerivedData/SDKExplicitPrecompiledModules/Compression-60ZE39DHK1PFIGIKP2008F609.pcm

SwiftExplicitDependencyGeneratePcm arm64 /Users/builder/Factory/paperloft/evidence/checkouts/p2-checkpoint6b22fdd/build/DerivedData/SDKExplicitPrecompiledModules/CUPS-6FE4SXK6AJUDMAMBGTSXC13NQ.pcm

SwiftExplicitDependencyGeneratePcm arm64 /Users/builder/Factory/paperloft/evidence/checkouts/p2-checkpoint6b22fdd/build/DerivedData/SDKExplicitPrecompiledModules/libkern-1724TMXK92SLPOFHMHW1349HU.pcm

SwiftExplicitDependencyGeneratePcm arm64 /Users/builder/Factory/paperloft/evidence/checkouts/p2-checkpoint6b22fdd/build/DerivedData/SDKExplicitPrecompiledModules/ObjectiveC-1TRY6ZZLKPY0D53L414M01OJU.pcm

SwiftExplicitDependencyGeneratePcm arm64 /Users/builder/Factory/paperloft/evidence/checkouts/p2-checkpoint6b22fdd/build/DerivedData/SDKExplicitPrecompiledModules/os_object-BS4H9XDYE2220WYGUOXH2YF54.pcm

SwiftExplicitDependencyGeneratePcm arm64 /Users/builder/Factory/paperloft/evidence/checkouts/p2-checkpoint6b22fdd/build/DerivedData/SDKExplicitPrecompiledModules/os_workgroup-AVB3M8PP2QL44OSQ9PQ8CW2RZ.pcm

SwiftExplicitDependencyGeneratePcm arm64 /Users/builder/Factory/paperloft/evidence/checkouts/p2-checkpoint6b22fdd/build/DerivedData/SDKExplicitPrecompiledModules/Dispatch-DFTQ4RO88XLFJTG5FDC78G2QZ.pcm

SwiftExplicitDependencyGeneratePcm arm64 /Users/builder/Factory/paperloft/evidence/checkouts/p2-checkpoint6b22fdd/build/DerivedData/SDKExplicitPrecompiledModules/XPC-BMJD8JB3B2BYDXI43XQB6GFDS.pcm

SwiftExplicitDependencyGeneratePcm arm64 /Users/builder/Factory/paperloft/evidence/checkouts/p2-checkpoint6b22fdd/build/DerivedData/SDKExplicitPrecompiledModules/CoreFoundation-51RO7MESTV91IEJUTLMVJ9VE5.pcm

SwiftExplicitDependencyGeneratePcm arm64 /Users/builder/Factory/paperloft/evidence/checkouts/p2-checkpoint6b22fdd/build/DerivedData/SDKExplicitPrecompiledModules/os-DY6CJCA74QY6H7E4O88E41XL.pcm

SwiftExplicitDependencyGeneratePcm arm64 /Users/builder/Factory/paperloft/evidence/checkouts/p2-checkpoint6b22fdd/build/DerivedData/SDKExplicitPrecompiledModules/IOKit-DEB84JX7DDP7A8A8V6O5OC5ID.pcm

SwiftExplicitDependencyGeneratePcm arm64 /Users/builder/Factory/paperloft/evidence/checkouts/p2-checkpoint6b22fdd/build/DerivedData/SDKExplicitPrecompiledModules/Security-AKICHEMVL98UW1NZCJEFCMR9O.pcm

SwiftExplicitDependencyGeneratePcm arm64 /Users/builder/Factory/paperloft/evidence/checkouts/p2-checkpoint6b22fdd/build/DerivedData/SDKExplicitPrecompiledModules/CoreAudioTypes-9ZNLVOJWWGV3E8UTMR6VQNJA4.pcm

SwiftExplicitDependencyGeneratePcm arm64 /Users/builder/Factory/paperloft/evidence/checkouts/p2-checkpoint6b22fdd/build/DerivedData/SDKExplicitPrecompiledModules/ColorSync-2W3NP9EPIGYHJN6WGU7X7BPGT.pcm

SwiftExplicitDependencyGeneratePcm arm64 /Users/builder/Factory/paperloft/evidence/checkouts/p2-checkpoint6b22fdd/build/DerivedData/SDKExplicitPrecompiledModules/CFNetwork-3RDNYQ5094MFPP5QNNRQZY9N0.pcm

SwiftExplicitDependencyGeneratePcm arm64 /Users/builder/Factory/paperloft/evidence/checkouts/p2-checkpoint6b22fdd/build/DerivedData/SDKExplicitPrecompiledModules/DiskArbitration-1QCBPQL6P95C66B50J1V5QX5J.pcm

SwiftExplicitDependencyGeneratePcm arm64 /Users/builder/Factory/paperloft/evidence/checkouts/p2-checkpoint6b22fdd/build/DerivedData/SDKExplicitPrecompiledModules/CoreGraphics-65QMUOX6HMGEPPMB28BTTH8LI.pcm

SwiftExplicitDependencyGeneratePcm arm64 /Users/builder/Factory/paperloft/evidence/checkouts/p2-checkpoint6b22fdd/build/DerivedData/SDKExplicitPrecompiledModules/CoreServices-1Y0NO5PDF4XJJQGMXCUCR1UW8.pcm

SwiftExplicitDependencyGeneratePcm arm64 /Users/builder/Factory/paperloft/evidence/checkouts/p2-checkpoint6b22fdd/build/DerivedData/SDKExplicitPrecompiledModules/CoreText-A6YU3961K808ZG8GQG8OP8M50.pcm

SwiftExplicitDependencyGeneratePcm arm64 /Users/builder/Factory/paperloft/evidence/checkouts/p2-checkpoint6b22fdd/build/DerivedData/SDKExplicitPrecompiledModules/ImageIO-DI4PVCO0TVUBKUQQWSFHDKCAL.pcm

SwiftExplicitDependencyGeneratePcm arm64 /Users/builder/Factory/paperloft/evidence/checkouts/p2-checkpoint6b22fdd/build/DerivedData/SDKExplicitPrecompiledModules/Foundation-3S4KVRGLW2YSETW1M36TQ706P.pcm

SwiftExplicitDependencyGeneratePcm arm64 /Users/builder/Factory/paperloft/evidence/checkouts/p2-checkpoint6b22fdd/build/DerivedData/SDKExplicitPrecompiledModules/CoreAudio-33611XJD8DM2RM4E7T8P7ZHTL.pcm

SwiftExplicitDependencyGeneratePcm arm64 /Users/builder/Factory/paperloft/evidence/checkouts/p2-checkpoint6b22fdd/build/DerivedData/SDKExplicitPrecompiledModules/DataDetection-C86F4V2KP0SS2YWNDQ5A6DJEF.pcm

SwiftExplicitDependencyGeneratePcm arm64 /Users/builder/Factory/paperloft/evidence/checkouts/p2-checkpoint6b22fdd/build/DerivedData/SDKExplicitPrecompiledModules/ApplicationServices-9OXTMQIXZXKTL4B8H3QUPNPXE.pcm

SwiftExplicitDependencyGeneratePcm arm64 /Users/builder/Factory/paperloft/evidence/checkouts/p2-checkpoint6b22fdd/build/DerivedData/SDKExplicitPrecompiledModules/IOSurface-294ASZSV6V1FD45OU6DVRRCUG.pcm

SwiftExplicitDependencyGeneratePcm arm64 /Users/builder/Factory/paperloft/evidence/checkouts/p2-checkpoint6b22fdd/build/DerivedData/SDKExplicitPrecompiledModules/UniformTypeIdentifiers-B5U4MXJPWBUI3MV6T0HCNV8TD.pcm

SwiftExplicitDependencyGeneratePcm arm64 /Users/builder/Factory/paperloft/evidence/checkouts/p2-checkpoint6b22fdd/build/DerivedData/SDKExplicitPrecompiledModules/LocalAuthentication-4GA9JV28A2P6U9HA377U5JDIP.pcm

SwiftExplicitDependencyGeneratePcm arm64 /Users/builder/Factory/paperloft/evidence/checkouts/p2-checkpoint6b22fdd/build/DerivedData/SDKExplicitPrecompiledModules/CoreMIDI-6CJK3FZWXU92W1BWD7T0AS2SO.pcm

SwiftExplicitDependencyGeneratePcm arm64 /Users/builder/Factory/paperloft/evidence/checkouts/p2-checkpoint6b22fdd/build/DerivedData/SDKExplicitPrecompiledModules/OpenGL-3OMB9LUPRLH1C40OQOVG34JOU.pcm

SwiftExplicitDependencyGeneratePcm arm64 /Users/builder/Factory/paperloft/evidence/checkouts/p2-checkpoint6b22fdd/build/DerivedData/SDKExplicitPrecompiledModules/Metal-6B1YGT4MT9NBCF6GU3D00UWPP.pcm

SwiftExplicitDependencyGeneratePcm arm64 /Users/builder/Factory/paperloft/evidence/checkouts/p2-checkpoint6b22fdd/build/DerivedData/SDKExplicitPrecompiledModules/Carbon-L408IEF3ZZTDMFOE5X911W8Z.pcm

SwiftExplicitDependencyGeneratePcm arm64 /Users/builder/Factory/paperloft/evidence/checkouts/p2-checkpoint6b22fdd/build/DerivedData/SDKExplicitPrecompiledModules/CoreVideo-1CR3PQ3T9Y0MZCXTE58GKUO1F.pcm

SwiftExplicitDependencyGeneratePcm arm64 /Users/builder/Factory/paperloft/evidence/checkouts/p2-checkpoint6b22fdd/build/DerivedData/SDKExplicitPrecompiledModules/AudioToolbox-EKHB438QAITQ04FNPGX6Z645J.pcm

SwiftExplicitDependencyGeneratePcm arm64 /Users/builder/Factory/paperloft/evidence/checkouts/p2-checkpoint6b22fdd/build/DerivedData/SDKExplicitPrecompiledModules/Accelerate-BF7TAJMUC8XAGY0ZGOLL8PI9Z.pcm

SwiftExplicitDependencyGeneratePcm arm64 /Users/builder/Factory/paperloft/evidence/checkouts/p2-checkpoint6b22fdd/build/DerivedData/SDKExplicitPrecompiledModules/CoreMedia-COW4IBHFAC0HWJBHEVPIVPCVO.pcm

SwiftExplicitDependencyGeneratePcm arm64 /Users/builder/Factory/paperloft/evidence/checkouts/p2-checkpoint6b22fdd/build/DerivedData/SDKExplicitPrecompiledModules/CoreML-2OGP86P24OON6YNFTPJP47W7E.pcm

SwiftExplicitDependencyGeneratePcm arm64 /Users/builder/Factory/paperloft/evidence/checkouts/p2-checkpoint6b22fdd/build/DerivedData/SDKExplicitPrecompiledModules/QuartzCore-9JMQJVA5WZXESQ3J4AWZJEYL2.pcm

SwiftExplicitDependencyGeneratePcm arm64 /Users/builder/Factory/paperloft/evidence/checkouts/p2-checkpoint6b22fdd/build/DerivedData/SDKExplicitPrecompiledModules/CoreImage-B55TAW1ZG9401M23E0PSHEYTZ.pcm

SwiftExplicitDependencyGeneratePcm arm64 /Users/builder/Factory/paperloft/evidence/checkouts/p2-checkpoint6b22fdd/build/DerivedData/SDKExplicitPrecompiledModules/AVFAudio-2BJTOV45HEK2KUISL38B37HRR.pcm

SwiftExplicitDependencyGeneratePcm arm64 /Users/builder/Factory/paperloft/evidence/checkouts/p2-checkpoint6b22fdd/build/DerivedData/SDKExplicitPrecompiledModules/MediaToolbox-78PYWUHJZ4S5Q9CETS7CBA5W5.pcm

SwiftExplicitDependencyGeneratePcm arm64 /Users/builder/Factory/paperloft/evidence/checkouts/p2-checkpoint6b22fdd/build/DerivedData/SDKExplicitPrecompiledModules/VideoToolbox-ALBTNP3D1CSVNMUEHNIVREOQR.pcm

SwiftExplicitDependencyGeneratePcm arm64 /Users/builder/Factory/paperloft/evidence/checkouts/p2-checkpoint6b22fdd/build/DerivedData/SDKExplicitPrecompiledModules/Vision-466QMX0CX6W3EH0VIHZH10ATE.pcm

SwiftExplicitDependencyGeneratePcm arm64 /Users/builder/Factory/paperloft/evidence/checkouts/p2-checkpoint6b22fdd/build/DerivedData/SDKExplicitPrecompiledModules/AVFoundation-A61G55B1KP63Q7RHLEO3QVBSI.pcm

SwiftEmitModule normal arm64 Emitting\ module\ for\ PaperloftKit (in target 'PaperloftKit' from project 'PaperloftKit')

SwiftCompile normal arm64 (in target 'PaperloftKit' from project 'PaperloftKit')
    cd /Users/builder/Factory/paperloft/evidence/checkouts/p2-checkpoint6b22fdd/Paperloft.xcodeproj
    

SwiftCompile normal arm64 Compiling\ ReceiptIndex.swift /Users/builder/Factory/paperloft/evidence/checkouts/p2-checkpoint6b22fdd/Packages/PaperloftKit/Sources/PaperloftKit/ReceiptIndex.swift (in target 'PaperloftKit' from project 'PaperloftKit')

SwiftCompile normal arm64 /Users/builder/Factory/paperloft/evidence/checkouts/p2-checkpoint6b22fdd/Packages/PaperloftKit/Sources/PaperloftKit/ReceiptIndex.swift (in target 'PaperloftKit' from project 'PaperloftKit')
    cd /Users/builder/Factory/paperloft/evidence/checkouts/p2-checkpoint6b22fdd/Paperloft.xcodeproj
    builtin-SwiftPerFileCompile ReceiptIndex.swift

SwiftCompile normal arm64 Compiling\ Receipt.swift /Users/builder/Factory/paperloft/evidence/checkouts/p2-checkpoint6b22fdd/Packages/PaperloftKit/Sources/PaperloftKit/Receipt.swift (in target 'PaperloftKit' from project 'PaperloftKit')

SwiftCompile normal arm64 /Users/builder/Factory/paperloft/evidence/checkouts/p2-checkpoint6b22fdd/Packages/PaperloftKit/Sources/PaperloftKit/Receipt.swift (in target 'PaperloftKit' from project 'PaperloftKit')
    cd /Users/builder/Factory/paperloft/evidence/checkouts/p2-checkpoint6b22fdd/Paperloft.xcodeproj
    builtin-SwiftPerFileCompile Receipt.swift

SwiftCompile normal arm64 Compiling\ Recognize.swift /Users/builder/Factory/paperloft/evidence/checkouts/p2-checkpoint6b22fdd/Packages/PaperloftKit/Sources/PaperloftKit/Recognize.swift (in target 'PaperloftKit' from project 'PaperloftKit')

SwiftCompile normal arm64 /Users/builder/Factory/paperloft/evidence/checkouts/p2-checkpoint6b22fdd/Packages/PaperloftKit/Sources/PaperloftKit/Recognize.swift (in target 'PaperloftKit' from project 'PaperloftKit')
    cd /Users/builder/Factory/paperloft/evidence/checkouts/p2-checkpoint6b22fdd/Paperloft.xcodeproj
    builtin-SwiftPerFileCompile Recognize.swift

SwiftCompile normal arm64 Compiling\ ReceiptEngine.swift /Users/builder/Factory/paperloft/evidence/checkouts/p2-checkpoint6b22fdd/Packages/PaperloftKit/Sources/PaperloftKit/ReceiptEngine.swift (in target 'PaperloftKit' from project 'PaperloftKit')

SwiftCompile normal arm64 /Users/builder/Factory/paperloft/evidence/checkouts/p2-checkpoint6b22fdd/Packages/PaperloftKit/Sources/PaperloftKit/ReceiptEngine.swift (in target 'PaperloftKit' from project 'PaperloftKit')
    cd /Users/builder/Factory/paperloft/evidence/checkouts/p2-checkpoint6b22fdd/Paperloft.xcodeproj
    builtin-SwiftPerFileCompile ReceiptEngine.swift

SwiftCompile normal arm64 Compiling\ TextLayout.swift /Users/builder/Factory/paperloft/evidence/checkouts/p2-checkpoint6b22fdd/Packages/PaperloftKit/Sources/PaperloftKit/TextLayout.swift (in target 'PaperloftKit' from project 'PaperloftKit')

SwiftCompile normal arm64 /Users/builder/Factory/paperloft/evidence/checkouts/p2-checkpoint6b22fdd/Packages/PaperloftKit/Sources/PaperloftKit/TextLayout.swift (in target 'PaperloftKit' from project 'PaperloftKit')
    cd /Users/builder/Factory/paperloft/evidence/checkouts/p2-checkpoint6b22fdd/Paperloft.xcodeproj
    builtin-SwiftPerFileCompile TextLayout.swift

SwiftCompile normal arm64 Compiling\ Money.swift /Users/builder/Factory/paperloft/evidence/checkouts/p2-checkpoint6b22fdd/Packages/PaperloftKit/Sources/PaperloftKit/Money.swift (in target 'PaperloftKit' from project 'PaperloftKit')

SwiftCompile normal arm64 /Users/builder/Factory/paperloft/evidence/checkouts/p2-checkpoint6b22fdd/Packages/PaperloftKit/Sources/PaperloftKit/Money.swift (in target 'PaperloftKit' from project 'PaperloftKit')
    cd /Users/builder/Factory/paperloft/evidence/checkouts/p2-checkpoint6b22fdd/Paperloft.xcodeproj
    builtin-SwiftPerFileCompile Money.swift

SwiftCompile normal arm64 Compiling\ Assessment.swift,\ Extraction.swift /Users/builder/Factory/paperloft/evidence/checkouts/p2-checkpoint6b22fdd/Packages/PaperloftKit/Sources/PaperloftKit/Assessment.swift /Users/builder/Factory/paperloft/evidence/checkouts/p2-checkpoint6b22fdd/Packages/PaperloftKit/Sources/PaperloftKit/Extraction.swift (in target 'PaperloftKit' from project 'PaperloftKit')

SwiftCompile normal arm64 /Users/builder/Factory/paperloft/evidence/checkouts/p2-checkpoint6b22fdd/Packages/PaperloftKit/Sources/PaperloftKit/Assessment.swift (in target 'PaperloftKit' from project 'PaperloftKit')
    cd /Users/builder/Factory/paperloft/evidence/checkouts/p2-checkpoint6b22fdd/Paperloft.xcodeproj
    builtin-SwiftPerFileCompile Assessment.swift

SwiftCompile normal arm64 /Users/builder/Factory/paperloft/evidence/checkouts/p2-checkpoint6b22fdd/Packages/PaperloftKit/Sources/PaperloftKit/Extraction.swift (in target 'PaperloftKit' from project 'PaperloftKit')
    cd /Users/builder/Factory/paperloft/evidence/checkouts/p2-checkpoint6b22fdd/Paperloft.xcodeproj
    builtin-SwiftPerFileCompile Extraction.swift

SwiftCompile normal arm64 Compiling\ LibraryFiles.swift /Users/builder/Factory/paperloft/evidence/checkouts/p2-checkpoint6b22fdd/Packages/PaperloftKit/Sources/PaperloftKit/LibraryFiles.swift (in target 'PaperloftKit' from project 'PaperloftKit')

SwiftCompile normal arm64 /Users/builder/Factory/paperloft/evidence/checkouts/p2-checkpoint6b22fdd/Packages/PaperloftKit/Sources/PaperloftKit/LibraryFiles.swift (in target 'PaperloftKit' from project 'PaperloftKit')
    cd /Users/builder/Factory/paperloft/evidence/checkouts/p2-checkpoint6b22fdd/Paperloft.xcodeproj
    builtin-SwiftPerFileCompile LibraryFiles.swift

SwiftCompile normal arm64 Compiling\ LibraryStore.swift /Users/builder/Factory/paperloft/evidence/checkouts/p2-checkpoint6b22fdd/Packages/PaperloftKit/Sources/PaperloftKit/LibraryStore.swift (in target 'PaperloftKit' from project 'PaperloftKit')

SwiftCompile normal arm64 /Users/builder/Factory/paperloft/evidence/checkouts/p2-checkpoint6b22fdd/Packages/PaperloftKit/Sources/PaperloftKit/LibraryStore.swift (in target 'PaperloftKit' from project 'PaperloftKit')
    cd /Users/builder/Factory/paperloft/evidence/checkouts/p2-checkpoint6b22fdd/Paperloft.xcodeproj
    builtin-SwiftPerFileCompile LibraryStore.swift

SwiftCompile normal arm64 Compiling\ LibraryAccess.swift /Users/builder/Factory/paperloft/evidence/checkouts/p2-checkpoint6b22fdd/Packages/PaperloftKit/Sources/PaperloftKit/LibraryAccess.swift (in target 'PaperloftKit' from project 'PaperloftKit')

SwiftCompile normal arm64 /Users/builder/Factory/paperloft/evidence/checkouts/p2-checkpoint6b22fdd/Packages/PaperloftKit/Sources/PaperloftKit/LibraryAccess.swift (in target 'PaperloftKit' from project 'PaperloftKit')
    cd /Users/builder/Factory/paperloft/evidence/checkouts/p2-checkpoint6b22fdd/Paperloft.xcodeproj
    builtin-SwiftPerFileCompile LibraryAccess.swift

SwiftDriverJobDiscovery normal arm64 Emitting module for PaperloftKit (in target 'PaperloftKit' from project 'PaperloftKit')

SwiftDriver\ Compilation\ Requirements PaperloftKit normal arm64 com.apple.xcode.tools.swift.compiler (in target 'PaperloftKit' from project 'PaperloftKit')
    cd /Users/builder/Factory/paperloft/evidence/checkouts/p2-checkpoint6b22fdd/Paperloft.xcodeproj
    builtin-Swift-Compilation-Requirements -- /Applications/Xcode.app/Contents/Developer/Toolchains/XcodeDefault.xctoolchain/usr/bin/swiftc -parse-as-library -module-name PaperloftKit -Onone @/Users/builder/Factory/paperloft/evidence/checkouts/p2-checkpoint6b22fdd/build/DerivedData/Build/Intermediates.noindex/PaperloftKit.build/Debug/PaperloftKit-t.build/Objects-normal/arm64/PaperloftKit.SwiftFileList -DSWIFT_PACKAGE -DDEBUG -DSWIFT_MODULE_RESOURCE_BUNDLE_UNAVAILABLE -DXcode -plugin-path /Applications/Xcode.app/Contents/Developer/Toolchains/XcodeDefault.xctoolchain/usr/lib/swift/host/plugins/testing -enable-experimental-feature DebugDescriptionMacro -sdk /Applications/Xcode.app/Contents/Developer/Platforms/MacOSX.platform/Developer/SDKs/MacOSX27.0.sdk -target arm64-apple-macos27.0 -g -module-cache-path /Users/builder/Factory/paperloft/evidence/checkouts/p2-checkpoint6b22fdd/build/DerivedData/ModuleCache.noindex -Xfrontend -serialize-debugging-options -profile-coverage-mapping -profile-generate -enable-testing -warnings-as-errors -index-store-path /Users/builder/Factory/paperloft/evidence/checkouts/p2-checkpoint6b22fdd/build/DerivedData/Index.noindex/DataStore -Xcc -D_LIBCPP_HARDENING_MODE\=_LIBCPP_HARDENING_MODE_DEBUG -swift-version 6 -I /Users/builder/Factory/paperloft/evidence/checkouts/p2-checkpoint6b22fdd/build/DerivedData/Build/Products/Debug -Isystem /Applications/Xcode.app/Contents/Developer/Platforms/MacOSX.platform/Developer/usr/lib -F /Users/builder/Factory/paperloft/evidence/checkouts/p2-checkpoint6b22fdd/build/DerivedData/Build/Products/Debug -F /Applications/Xcode.app/Contents/Developer/Platforms/MacOSX.platform/Developer/Library/Frameworks -c -j10 -enable-batch-mode -incremental -Xcc -ivfsstatcache -Xcc /Users/builder/Factory/paperloft/evidence/checkouts/p2-checkpoint6b22fdd/build/DerivedData/SDKStatCaches.noindex/macosx27.0-26A425-7231f6df4def33e022ae2eb8f782df1a.sdkstatcache -output-file-map /Users/builder/Factory/paperloft/evidence/checkouts/p2-checkpoint6b22fdd/build/DerivedData/Build/Intermediates.noindex/PaperloftKit.build/Debug/PaperloftKit-t.build/Objects-normal/arm64/PaperloftKit-OutputFileMap.json -save-temps -no-color-diagnostics -explicit-module-build -module-cache-path /Users/builder/Factory/paperloft/evidence/checkouts/p2-checkpoint6b22fdd/build/DerivedData/Build/Intermediates.noindex/SwiftExplicitPrecompiledModules -clang-scanner-module-cache-path /Users/builder/Factory/paperloft/evidence/checkouts/p2-checkpoint6b22fdd/build/DerivedData/ModuleCache.noindex -sdk-module-cache-path /Users/builder/Factory/paperloft/evidence/checkouts/p2-checkpoint6b22fdd/build/DerivedData/SDKExplicitPrecompiledModules -emit-dependencies -emit-module -emit-module-path /Users/builder/Factory/paperloft/evidence/checkouts/p2-checkpoint6b22fdd/build/DerivedData/Build/Intermediates.noindex/PaperloftKit.build/Debug/PaperloftKit-t.build/Objects-normal/arm64/PaperloftKit.swiftmodule -serialize-diagnostics -dependency-scan-serialize-diagnostics-path /Users/builder/Factory/paperloft/evidence/checkouts/p2-checkpoint6b22fdd/build/DerivedData/Build/Intermediates.noindex/PaperloftKit.build/Debug/PaperloftKit-t.build/Objects-normal/arm64/PaperloftKit-dependency-scan.dia -validate-clang-modules-once -clang-build-session-file /Users/builder/Factory/paperloft/evidence/checkouts/p2-checkpoint6b22fdd/build/DerivedData/ModuleCache.noindex/Session.modulevalidation -Xcc -fmodules-prune-interval\=86400 -Xcc -fmodules-prune-after\=345600 -package-name paperloftkit -emit-const-values -const-gather-protocols-list /Users/builder/Factory/paperloft/evidence/checkouts/p2-checkpoint6b22fdd/build/DerivedData/Build/Intermediates.noindex/PaperloftKit.build/Debug/PaperloftKit-t.build/Objects-normal/arm64/PaperloftKit_const_extract_protocols.json -Xcc -I/Users/builder/Factory/paperloft/evidence/checkouts/p2-checkpoint6b22fdd/build/DerivedData/Build/Products/Debug/include -Xcc -I/Users/builder/Factory/paperloft/evidence/checkouts/p2-checkpoint6b22fdd/build/DerivedData/Build/Intermediates.noindex/PaperloftKit.build/Debug/PaperloftKit-t.build/DerivedSources-normal/arm64 -Xcc -I/Users/builder/Factory/paperloft/evidence/checkouts/p2-checkpoint6b22fdd/build/DerivedData/Build/Intermediates.noindex/PaperloftKit.build/Debug/PaperloftKit-t.build/DerivedSources/arm64 -Xcc -I/Users/builder/Factory/paperloft/evidence/checkouts/p2-checkpoint6b22fdd/build/DerivedData/Build/Intermediates.noindex/PaperloftKit.build/Debug/PaperloftKit-t.build/DerivedSources -Xcc -DSWIFT_PACKAGE -Xcc -DDEBUG\=1 -emit-objc-header -emit-objc-header-path /Users/builder/Factory/paperloft/evidence/checkouts/p2-checkpoint6b22fdd/build/DerivedData/Build/Intermediates.noindex/PaperloftKit.build/Debug/PaperloftKit-t.build/Objects-normal/arm64/PaperloftKit-Swift.h -working-directory /Users/builder/Factory/paperloft/evidence/checkouts/p2-checkpoint6b22fdd/Paperloft.xcodeproj -experimental-emit-module-separately -disable-cmo

SwiftDriverJobDiscovery normal arm64 Compiling LibraryAccess.swift (in target 'PaperloftKit' from project 'PaperloftKit')

SwiftMergeGeneratedHeaders /Users/builder/Factory/paperloft/evidence/checkouts/p2-checkpoint6b22fdd/build/DerivedData/Build/Intermediates.noindex/GeneratedModuleMaps/PaperloftKit-Swift.h /Users/builder/Factory/paperloft/evidence/checkouts/p2-checkpoint6b22fdd/build/DerivedData/Build/Intermediates.noindex/PaperloftKit.build/Debug/PaperloftKit-t.build/Objects-normal/arm64/PaperloftKit-Swift.h (in target 'PaperloftKit' from project 'PaperloftKit')
    cd /Users/builder/Factory/paperloft/evidence/checkouts/p2-checkpoint6b22fdd/Packages/PaperloftKit
    builtin-swiftHeaderTool -arch arm64 /Users/builder/Factory/paperloft/evidence/checkouts/p2-checkpoint6b22fdd/build/DerivedData/Build/Intermediates.noindex/PaperloftKit.build/Debug/PaperloftKit-t.build/Objects-normal/arm64/PaperloftKit-Swift.h -o /Users/builder/Factory/paperloft/evidence/checkouts/p2-checkpoint6b22fdd/build/DerivedData/Build/Intermediates.noindex/GeneratedModuleMaps/PaperloftKit-Swift.h

Copy /Users/builder/Factory/paperloft/evidence/checkouts/p2-checkpoint6b22fdd/build/DerivedData/Build/Products/Debug/PaperloftKit.swiftmodule/arm64-apple-macos.swiftmodule /Users/builder/Factory/paperloft/evidence/checkouts/p2-checkpoint6b22fdd/build/DerivedData/Build/Intermediates.noindex/PaperloftKit.build/Debug/PaperloftKit-t.build/Objects-normal/arm64/PaperloftKit.swiftmodule (in target 'PaperloftKit' from project 'PaperloftKit')
    cd /Users/builder/Factory/paperloft/evidence/checkouts/p2-checkpoint6b22fdd/Packages/PaperloftKit
    builtin-copy -exclude .DS_Store -exclude CVS -exclude .svn -exclude .git -exclude .hg -resolve-src-symlinks -rename /Users/builder/Factory/paperloft/evidence/checkouts/p2-checkpoint6b22fdd/build/DerivedData/Build/Intermediates.noindex/PaperloftKit.build/Debug/PaperloftKit-t.build/Objects-normal/arm64/PaperloftKit.swiftmodule /Users/builder/Factory/paperloft/evidence/checkouts/p2-checkpoint6b22fdd/build/DerivedData/Build/Products/Debug/PaperloftKit.swiftmodule/arm64-apple-macos.swiftmodule

Copy /Users/builder/Factory/paperloft/evidence/checkouts/p2-checkpoint6b22fdd/build/DerivedData/Build/Products/Debug/PaperloftKit.swiftmodule/arm64-apple-macos.swiftdoc /Users/builder/Factory/paperloft/evidence/checkouts/p2-checkpoint6b22fdd/build/DerivedData/Build/Intermediates.noindex/PaperloftKit.build/Debug/PaperloftKit-t.build/Objects-normal/arm64/PaperloftKit.swiftdoc (in target 'PaperloftKit' from project 'PaperloftKit')
    cd /Users/builder/Factory/paperloft/evidence/checkouts/p2-checkpoint6b22fdd/Packages/PaperloftKit
    builtin-copy -exclude .DS_Store -exclude CVS -exclude .svn -exclude .git -exclude .hg -resolve-src-symlinks -rename /Users/builder/Factory/paperloft/evidence/checkouts/p2-checkpoint6b22fdd/build/DerivedData/Build/Intermediates.noindex/PaperloftKit.build/Debug/PaperloftKit-t.build/Objects-normal/arm64/PaperloftKit.swiftdoc /Users/builder/Factory/paperloft/evidence/checkouts/p2-checkpoint6b22fdd/build/DerivedData/Build/Products/Debug/PaperloftKit.swiftmodule/arm64-apple-macos.swiftdoc

Copy /Users/builder/Factory/paperloft/evidence/checkouts/p2-checkpoint6b22fdd/build/DerivedData/Build/Products/Debug/PaperloftKit.swiftmodule/arm64-apple-macos.abi.json /Users/builder/Factory/paperloft/evidence/checkouts/p2-checkpoint6b22fdd/build/DerivedData/Build/Intermediates.noindex/PaperloftKit.build/Debug/PaperloftKit-t.build/Objects-normal/arm64/PaperloftKit.abi.json (in target 'PaperloftKit' from project 'PaperloftKit')
    cd /Users/builder/Factory/paperloft/evidence/checkouts/p2-checkpoint6b22fdd/Packages/PaperloftKit
    builtin-copy -exclude .DS_Store -exclude CVS -exclude .svn -exclude .git -exclude .hg -resolve-src-symlinks -rename /Users/builder/Factory/paperloft/evidence/checkouts/p2-checkpoint6b22fdd/build/DerivedData/Build/Intermediates.noindex/PaperloftKit.build/Debug/PaperloftKit-t.build/Objects-normal/arm64/PaperloftKit.abi.json /Users/builder/Factory/paperloft/evidence/checkouts/p2-checkpoint6b22fdd/build/DerivedData/Build/Products/Debug/PaperloftKit.swiftmodule/arm64-apple-macos.abi.json

SwiftDriverJobDiscovery normal arm64 Compiling Money.swift (in target 'PaperloftKit' from project 'PaperloftKit')

Copy /Users/builder/Factory/paperloft/evidence/checkouts/p2-checkpoint6b22fdd/build/DerivedData/Build/Products/Debug/PaperloftKit.swiftmodule/Project/arm64-apple-macos.swiftsourceinfo /Users/builder/Factory/paperloft/evidence/checkouts/p2-checkpoint6b22fdd/build/DerivedData/Build/Intermediates.noindex/PaperloftKit.build/Debug/PaperloftKit-t.build/Objects-normal/arm64/PaperloftKit.swiftsourceinfo (in target 'PaperloftKit' from project 'PaperloftKit')
    cd /Users/builder/Factory/paperloft/evidence/checkouts/p2-checkpoint6b22fdd/Packages/PaperloftKit
    builtin-copy -exclude .DS_Store -exclude CVS -exclude .svn -exclude .git -exclude .hg -resolve-src-symlinks -rename /Users/builder/Factory/paperloft/evidence/checkouts/p2-checkpoint6b22fdd/build/DerivedData/Build/Intermediates.noindex/PaperloftKit.build/Debug/PaperloftKit-t.build/Objects-normal/arm64/PaperloftKit.swiftsourceinfo /Users/builder/Factory/paperloft/evidence/checkouts/p2-checkpoint6b22fdd/build/DerivedData/Build/Products/Debug/PaperloftKit.swiftmodule/Project/arm64-apple-macos.swiftsourceinfo

SwiftDriverJobDiscovery normal arm64 Compiling TextLayout.swift (in target 'PaperloftKit' from project 'PaperloftKit')

ProcessProductPackaging /Users/builder/Factory/paperloft/evidence/checkouts/p2-checkpoint6b22fdd/Apps/PaperloftApp/Paperloft.entitlements /Users/builder/Factory/paperloft/evidence/checkouts/p2-checkpoint6b22fdd/build/DerivedData/Build/Intermediates.noindex/Paperloft.build/Debug/PaperloftApp.build/Paperloft\ Receipts.app.xcent (in target 'PaperloftApp' from project 'Paperloft')
    cd /Users/builder/Factory/paperloft/evidence/checkouts/p2-checkpoint6b22fdd
    
    Entitlements:
    
    {
    "com.apple.security.app-sandbox" = 1;
    "com.apple.security.files.bookmarks.app-scope" = 1;
    "com.apple.security.files.user-selected.read-write" = 1;
    "com.apple.security.get-task-allow" = 1;
}
    
    builtin-productPackagingUtility /Users/builder/Factory/paperloft/evidence/checkouts/p2-checkpoint6b22fdd/Apps/PaperloftApp/Paperloft.entitlements -entitlements -format xml -o /Users/builder/Factory/paperloft/evidence/checkouts/p2-checkpoint6b22fdd/build/DerivedData/Build/Intermediates.noindex/Paperloft.build/Debug/PaperloftApp.build/Paperloft\ Receipts.app.xcent

ProcessProductPackagingDER /Users/builder/Factory/paperloft/evidence/checkouts/p2-checkpoint6b22fdd/build/DerivedData/Build/Intermediates.noindex/Paperloft.build/Debug/PaperloftApp.build/Paperloft\ Receipts.app.xcent /Users/builder/Factory/paperloft/evidence/checkouts/p2-checkpoint6b22fdd/build/DerivedData/Build/Intermediates.noindex/Paperloft.build/Debug/PaperloftApp.build/Paperloft\ Receipts.app.xcent.der (in target 'PaperloftApp' from project 'Paperloft')
    cd /Users/builder/Factory/paperloft/evidence/checkouts/p2-checkpoint6b22fdd
    /usr/bin/derq query -f xml -i /Users/builder/Factory/paperloft/evidence/checkouts/p2-checkpoint6b22fdd/build/DerivedData/Build/Intermediates.noindex/Paperloft.build/Debug/PaperloftApp.build/Paperloft\ Receipts.app.xcent -o /Users/builder/Factory/paperloft/evidence/checkouts/p2-checkpoint6b22fdd/build/DerivedData/Build/Intermediates.noindex/Paperloft.build/Debug/PaperloftApp.build/Paperloft\ Receipts.app.xcent.der --raw

SwiftDriverJobDiscovery normal arm64 Compiling Receipt.swift (in target 'PaperloftKit' from project 'PaperloftKit')

SwiftDriverJobDiscovery normal arm64 Compiling ReceiptEngine.swift (in target 'PaperloftKit' from project 'PaperloftKit')

SwiftDriverJobDiscovery normal arm64 Compiling LibraryStore.swift (in target 'PaperloftKit' from project 'PaperloftKit')

SwiftDriver PaperloftApp normal arm64 com.apple.xcode.tools.swift.compiler (in target 'PaperloftApp' from project 'Paperloft')
    cd /Users/builder/Factory/paperloft/evidence/checkouts/p2-checkpoint6b22fdd
    builtin-SwiftDriver -- /Applications/Xcode.app/Contents/Developer/Toolchains/XcodeDefault.xctoolchain/usr/bin/swiftc -module-name Paperloft_Receipts -Onone @/Users/builder/Factory/paperloft/evidence/checkouts/p2-checkpoint6b22fdd/build/DerivedData/Build/Intermediates.noindex/Paperloft.build/Debug/PaperloftApp.build/Objects-normal/arm64/Paperloft\ Receipts.SwiftFileList -enable-experimental-feature DebugDescriptionMacro -sdk /Applications/Xcode.app/Contents/Developer/Platforms/MacOSX.platform/Developer/SDKs/MacOSX27.0.sdk -target arm64-apple-macos27.0 -g -module-cache-path /Users/builder/Factory/paperloft/evidence/checkouts/p2-checkpoint6b22fdd/build/DerivedData/ModuleCache.noindex -Xfrontend -serialize-debugging-options -profile-coverage-mapping -profile-generate -enable-testing -warnings-as-errors -index-store-path /Users/builder/Factory/paperloft/evidence/checkouts/p2-checkpoint6b22fdd/build/DerivedData/Index.noindex/DataStore -swift-version 6 -I /Users/builder/Factory/paperloft/evidence/checkouts/p2-checkpoint6b22fdd/build/DerivedData/Build/Products/Debug -F /Users/builder/Factory/paperloft/evidence/checkouts/p2-checkpoint6b22fdd/build/DerivedData/Build/Products/Debug/PackageFrameworks -F /Users/builder/Factory/paperloft/evidence/checkouts/p2-checkpoint6b22fdd/build/DerivedData/Build/Products/Debug -parse-as-library -c -j10 -enable-batch-mode -incremental -Xcc -ivfsstatcache -Xcc /Users/builder/Factory/paperloft/evidence/checkouts/p2-checkpoint6b22fdd/build/DerivedData/SDKStatCaches.noindex/macosx27.0-26A425-7231f6df4def33e022ae2eb8f782df1a.sdkstatcache -output-file-map /Users/builder/Factory/paperloft/evidence/checkouts/p2-checkpoint6b22fdd/build/DerivedData/Build/Intermediates.noindex/Paperloft.build/Debug/PaperloftApp.build/Objects-normal/arm64/PaperloftApp-OutputFileMap.json -save-temps -no-color-diagnostics -explicit-module-build -module-cache-path /Users/builder/Factory/paperloft/evidence/checkouts/p2-checkpoint6b22fdd/build/DerivedData/Build/Intermediates.noindex/SwiftExplicitPrecompiledModules -clang-scanner-module-cache-path /Users/builder/Factory/paperloft/evidence/checkouts/p2-checkpoint6b22fdd/build/DerivedData/ModuleCache.noindex -sdk-module-cache-path /Users/builder/Factory/paperloft/evidence/checkouts/p2-checkpoint6b22fdd/build/DerivedData/SDKExplicitPrecompiledModules -emit-dependencies -emit-module -emit-module-path /Users/builder/Factory/paperloft/evidence/checkouts/p2-checkpoint6b22fdd/build/DerivedData/Build/Intermediates.noindex/Paperloft.build/Debug/PaperloftApp.build/Objects-normal/arm64/Paperloft_Receipts.swiftmodule -serialize-diagnostics -dependency-scan-serialize-diagnostics-path /Users/builder/Factory/paperloft/evidence/checkouts/p2-checkpoint6b22fdd/build/DerivedData/Build/Intermediates.noindex/Paperloft.build/Debug/PaperloftApp.build/Objects-normal/arm64/Paperloft_Receipts-dependency-scan.dia -validate-clang-modules-once -clang-build-session-file /Users/builder/Factory/paperloft/evidence/checkouts/p2-checkpoint6b22fdd/build/DerivedData/ModuleCache.noindex/Session.modulevalidation -Xcc -fmodules-prune-interval\=86400 -Xcc -fmodules-prune-after\=345600 -emit-const-values -const-gather-protocols-list /Users/builder/Factory/paperloft/evidence/checkouts/p2-checkpoint6b22fdd/build/DerivedData/Build/Intermediates.noindex/Paperloft.build/Debug/PaperloftApp.build/Objects-normal/arm64/PaperloftApp_const_extract_protocols.json -Xcc -iquote -Xcc /Users/builder/Factory/paperloft/evidence/checkouts/p2-checkpoint6b22fdd/build/DerivedData/Build/Intermediates.noindex/Paperloft.build/Debug/PaperloftApp.build/Paperloft\ Receipts-generated-files.hmap -Xcc -I/Users/builder/Factory/paperloft/evidence/checkouts/p2-checkpoint6b22fdd/build/DerivedData/Build/Intermediates.noindex/Paperloft.build/Debug/PaperloftApp.build/Paperloft\ Receipts-own-target-headers.hmap -Xcc -I/Users/builder/Factory/paperloft/evidence/checkouts/p2-checkpoint6b22fdd/build/DerivedData/Build/Intermediates.noindex/Paperloft.build/Debug/PaperloftApp.build/Paperloft\ Receipts-all-non-framework-target-headers.hmap -Xcc -ivfsoverlay -Xcc /Users/builder/Factory/paperloft/evidence/checkouts/p2-checkpoint6b22fdd/build/DerivedData/Build/Intermediates.noindex/Paperloft.build/Debug/Paperloft-b93ddc6bcd4d234a5473ab01ad3589c4-VFS/all-product-headers.yaml -Xcc -iquote -Xcc /Users/builder/Factory/paperloft/evidence/checkouts/p2-checkpoint6b22fdd/build/DerivedData/Build/Intermediates.noindex/Paperloft.build/Debug/PaperloftApp.build/Paperloft\ Receipts-project-headers.hmap -Xcc -I/Users/builder/Factory/paperloft/evidence/checkouts/p2-checkpoint6b22fdd/build/DerivedData/Build/Products/Debug/include -Xcc -I/Users/builder/Factory/paperloft/evidence/checkouts/p2-checkpoint6b22fdd/build/DerivedData/Build/Intermediates.noindex/Paperloft.build/Debug/PaperloftApp.build/DerivedSources-normal/arm64 -Xcc -I/Users/builder/Factory/paperloft/evidence/checkouts/p2-checkpoint6b22fdd/build/DerivedData/Build/Intermediates.noindex/Paperloft.build/Debug/PaperloftApp.build/DerivedSources/arm64 -Xcc -I/Users/builder/Factory/paperloft/evidence/checkouts/p2-checkpoint6b22fdd/build/DerivedData/Build/Intermediates.noindex/Paperloft.build/Debug/PaperloftApp.build/DerivedSources -emit-objc-header -emit-objc-header-path /Users/builder/Factory/paperloft/evidence/checkouts/p2-checkpoint6b22fdd/build/DerivedData/Build/Intermediates.noindex/Paperloft.build/Debug/PaperloftApp.build/Objects-normal/arm64/Paperloft_Receipts-Swift.h -working-directory /Users/builder/Factory/paperloft/evidence/checkouts/p2-checkpoint6b22fdd -experimental-emit-module-separately -disable-cmo

SwiftDriverJobDiscovery normal arm64 Compiling ReceiptIndex.swift (in target 'PaperloftKit' from project 'PaperloftKit')

SwiftDriverJobDiscovery normal arm64 Compiling LibraryFiles.swift (in target 'PaperloftKit' from project 'PaperloftKit')

SwiftDriverJobDiscovery normal arm64 Compiling Assessment.swift, Extraction.swift (in target 'PaperloftKit' from project 'PaperloftKit')

SwiftExplicitDependencyGeneratePcm arm64 /Users/builder/Factory/paperloft/evidence/checkouts/p2-checkpoint6b22fdd/build/DerivedData/SDKExplicitPrecompiledModules/ptrauth-E6EK1FAMH6JMX958YED8GLP45.pcm

SwiftExplicitDependencyGeneratePcm arm64 /Users/builder/Factory/paperloft/evidence/checkouts/p2-checkpoint6b22fdd/build/DerivedData/SDKExplicitPrecompiledModules/SwiftShims-1J0HG53FELIZYWCG2EUSF0QDB.pcm

SwiftExplicitDependencyGeneratePcm arm64 /Users/builder/Factory/paperloft/evidence/checkouts/p2-checkpoint6b22fdd/build/DerivedData/SDKExplicitPrecompiledModules/_Builtin_stdbool-AC9U8WNRN8E3QLABE3HANBWM7.pcm

SwiftExplicitDependencyGeneratePcm arm64 /Users/builder/Factory/paperloft/evidence/checkouts/p2-checkpoint6b22fdd/build/DerivedData/SDKExplicitPrecompiledModules/ptrcheck-3OBYCTRA0ZBXAOOXFX9E9PE4Y.pcm

SwiftExplicitDependencyGeneratePcm arm64 /Users/builder/Factory/paperloft/evidence/checkouts/p2-checkpoint6b22fdd/build/DerivedData/SDKExplicitPrecompiledModules/_Builtin_float-9XAH9A5F3R4ODG8JP8JLYYDRE.pcm

SwiftExplicitDependencyGeneratePcm arm64 /Users/builder/Factory/paperloft/evidence/checkouts/p2-checkpoint6b22fdd/build/DerivedData/SDKExplicitPrecompiledModules/_AvailabilityInternal-5O6D1NSMYL6OKJ3TMO4KC1HFB.pcm

SwiftExplicitDependencyGeneratePcm arm64 /Users/builder/Factory/paperloft/evidence/checkouts/p2-checkpoint6b22fdd/build/DerivedData/SDKExplicitPrecompiledModules/_Builtin_stddef-6HOC7RE6LHRPU53LKGE03EU0F.pcm

SwiftExplicitDependencyGeneratePcm arm64 /Users/builder/Factory/paperloft/evidence/checkouts/p2-checkpoint6b22fdd/build/DerivedData/SDKExplicitPrecompiledModules/_SwiftConcurrencyShims-6L5HD6Y07IM9JB8WL3U9DQ3E2.pcm

SwiftExplicitDependencyGeneratePcm arm64 /Users/builder/Factory/paperloft/evidence/checkouts/p2-checkpoint6b22fdd/build/DerivedData/SDKExplicitPrecompiledModules/_Builtin_stdarg-4PBZBVI7O6FXAM96IW9BADHPO.pcm

SwiftExplicitDependencyGeneratePcm arm64 /Users/builder/Factory/paperloft/evidence/checkouts/p2-checkpoint6b22fdd/build/DerivedData/SDKExplicitPrecompiledModules/DeveloperToolsSupport-C58CQPHQNN8TF69DCG4J3S2C0.pcm

SwiftExplicitDependencyGeneratePcm arm64 /Users/builder/Factory/paperloft/evidence/checkouts/p2-checkpoint6b22fdd/build/DerivedData/SDKExplicitPrecompiledModules/_DarwinFoundation1-AWIL40E073VOLWYWXNXW3IZCW.pcm

SwiftExplicitDependencyGeneratePcm arm64 /Users/builder/Factory/paperloft/evidence/checkouts/p2-checkpoint6b22fdd/build/DerivedData/SDKExplicitPrecompiledModules/_DarwinFoundation2-B9TDS92CZE8LXVCYFEV7SJ1SK.pcm

SwiftExplicitDependencyGeneratePcm arm64 /Users/builder/Factory/paperloft/evidence/checkouts/p2-checkpoint6b22fdd/build/DerivedData/SDKExplicitPrecompiledModules/ExtensionFoundation-4B60PU6MH7ME6QLC6WW05KAX8.pcm

SwiftExplicitDependencyGeneratePcm arm64 /Users/builder/Factory/paperloft/evidence/checkouts/p2-checkpoint6b22fdd/build/DerivedData/SDKExplicitPrecompiledModules/_Builtin_limits-EUI8WWZ5HU9IZ69YZCKXQUO65.pcm

SwiftExplicitDependencyGeneratePcm arm64 /Users/builder/Factory/paperloft/evidence/checkouts/p2-checkpoint6b22fdd/build/DerivedData/SDKExplicitPrecompiledModules/_Builtin_tgmath-E7O2MLHYW7UXBDM1WKAVZ5QKG.pcm

SwiftExplicitDependencyGeneratePcm arm64 /Users/builder/Factory/paperloft/evidence/checkouts/p2-checkpoint6b22fdd/build/DerivedData/SDKExplicitPrecompiledModules/string_h-E01ZRDLWGA9V04UEGMS37CM9O.pcm

SwiftExplicitDependencyGeneratePcm arm64 /Users/builder/Factory/paperloft/evidence/checkouts/p2-checkpoint6b22fdd/build/DerivedData/SDKExplicitPrecompiledModules/sys_types-75BB13U5BPF7TJO6DO1VEOLZA.pcm

SwiftExplicitDependencyGeneratePcm arm64 /Users/builder/Factory/paperloft/evidence/checkouts/p2-checkpoint6b22fdd/build/DerivedData/SDKExplicitPrecompiledModules/_Builtin_stdint-17KD0INPGNM1HS1IOV3X18XQA.pcm

SwiftExplicitDependencyGeneratePcm arm64 /Users/builder/Factory/paperloft/evidence/checkouts/p2-checkpoint6b22fdd/build/DerivedData/SDKExplicitPrecompiledModules/_DarwinFoundation3-5IPBXYYEJ097E26NX4WL84L8M.pcm

SwiftExplicitDependencyGeneratePcm arm64 /Users/builder/Factory/paperloft/evidence/checkouts/p2-checkpoint6b22fdd/build/DerivedData/SDKExplicitPrecompiledModules/libDER-4YW33WC5WNUV475X2ZGHTQ0OR.pcm

SwiftExplicitDependencyGeneratePcm arm64 /Users/builder/Factory/paperloft/evidence/checkouts/p2-checkpoint6b22fdd/build/DerivedData/SDKExplicitPrecompiledModules/_Builtin_stdatomic-5MLS08GFP92GYFMXK116BNJ2Y.pcm

SwiftExplicitDependencyGeneratePcm arm64 /Users/builder/Factory/paperloft/evidence/checkouts/p2-checkpoint6b22fdd/build/DerivedData/SDKExplicitPrecompiledModules/_Builtin_intrinsics-2271ALS4ILBA901RK4B6KCCHI.pcm

SwiftExplicitDependencyGeneratePcm arm64 /Users/builder/Factory/paperloft/evidence/checkouts/p2-checkpoint6b22fdd/build/DerivedData/SDKExplicitPrecompiledModules/_Builtin_inttypes-85IF2EU2G54X37E7RW85FG8WE.pcm

SwiftExplicitDependencyGeneratePcm arm64 /Users/builder/Factory/paperloft/evidence/checkouts/p2-checkpoint6b22fdd/build/DerivedData/SDKExplicitPrecompiledModules/Darwin-CP9D6K9MLUXENMAUHXGKLLZN0.pcm

SwiftExplicitDependencyGeneratePcm arm64 /Users/builder/Factory/paperloft/evidence/checkouts/p2-checkpoint6b22fdd/build/DerivedData/SDKExplicitPrecompiledModules/simd-DMPMBZ9U418R8BWGNTJ5FC8JO.pcm

SwiftDriverJobDiscovery normal arm64 Compiling Recognize.swift (in target 'PaperloftKit' from project 'PaperloftKit')

SwiftDriver\ Compilation PaperloftKit normal arm64 com.apple.xcode.tools.swift.compiler (in target 'PaperloftKit' from project 'PaperloftKit')
    cd /Users/builder/Factory/paperloft/evidence/checkouts/p2-checkpoint6b22fdd/Paperloft.xcodeproj
    builtin-Swift-Compilation -- /Applications/Xcode.app/Contents/Developer/Toolchains/XcodeDefault.xctoolchain/usr/bin/swiftc -parse-as-library -module-name PaperloftKit -Onone @/Users/builder/Factory/paperloft/evidence/checkouts/p2-checkpoint6b22fdd/build/DerivedData/Build/Intermediates.noindex/PaperloftKit.build/Debug/PaperloftKit-t.build/Objects-normal/arm64/PaperloftKit.SwiftFileList -DSWIFT_PACKAGE -DDEBUG -DSWIFT_MODULE_RESOURCE_BUNDLE_UNAVAILABLE -DXcode -plugin-path /Applications/Xcode.app/Contents/Developer/Toolchains/XcodeDefault.xctoolchain/usr/lib/swift/host/plugins/testing -enable-experimental-feature DebugDescriptionMacro -sdk /Applications/Xcode.app/Contents/Developer/Platforms/MacOSX.platform/Developer/SDKs/MacOSX27.0.sdk -target arm64-apple-macos27.0 -g -module-cache-path /Users/builder/Factory/paperloft/evidence/checkouts/p2-checkpoint6b22fdd/build/DerivedData/ModuleCache.noindex -Xfrontend -serialize-debugging-options -profile-coverage-mapping -profile-generate -enable-testing -warnings-as-errors -index-store-path /Users/builder/Factory/paperloft/evidence/checkouts/p2-checkpoint6b22fdd/build/DerivedData/Index.noindex/DataStore -Xcc -D_LIBCPP_HARDENING_MODE\=_LIBCPP_HARDENING_MODE_DEBUG -swift-version 6 -I /Users/builder/Factory/paperloft/evidence/checkouts/p2-checkpoint6b22fdd/build/DerivedData/Build/Products/Debug -Isystem /Applications/Xcode.app/Contents/Developer/Platforms/MacOSX.platform/Developer/usr/lib -F /Users/builder/Factory/paperloft/evidence/checkouts/p2-checkpoint6b22fdd/build/DerivedData/Build/Products/Debug -F /Applications/Xcode.app/Contents/Developer/Platforms/MacOSX.platform/Developer/Library/Frameworks -c -j10 -enable-batch-mode -incremental -Xcc -ivfsstatcache -Xcc /Users/builder/Factory/paperloft/evidence/checkouts/p2-checkpoint6b22fdd/build/DerivedData/SDKStatCaches.noindex/macosx27.0-26A425-7231f6df4def33e022ae2eb8f782df1a.sdkstatcache -output-file-map /Users/builder/Factory/paperloft/evidence/checkouts/p2-checkpoint6b22fdd/build/DerivedData/Build/Intermediates.noindex/PaperloftKit.build/Debug/PaperloftKit-t.build/Objects-normal/arm64/PaperloftKit-OutputFileMap.json -save-temps -no-color-diagnostics -explicit-module-build -module-cache-path /Users/builder/Factory/paperloft/evidence/checkouts/p2-checkpoint6b22fdd/build/DerivedData/Build/Intermediates.noindex/SwiftExplicitPrecompiledModules -clang-scanner-module-cache-path /Users/builder/Factory/paperloft/evidence/checkouts/p2-checkpoint6b22fdd/build/DerivedData/ModuleCache.noindex -sdk-module-cache-path /Users/builder/Factory/paperloft/evidence/checkouts/p2-checkpoint6b22fdd/build/DerivedData/SDKExplicitPrecompiledModules -emit-dependencies -emit-module -emit-module-path /Users/builder/Factory/paperloft/evidence/checkouts/p2-checkpoint6b22fdd/build/DerivedData/Build/Intermediates.noindex/PaperloftKit.build/Debug/PaperloftKit-t.build/Objects-normal/arm64/PaperloftKit.swiftmodule -serialize-diagnostics -dependency-scan-serialize-diagnostics-path /Users/builder/Factory/paperloft/evidence/checkouts/p2-checkpoint6b22fdd/build/DerivedData/Build/Intermediates.noindex/PaperloftKit.build/Debug/PaperloftKit-t.build/Objects-normal/arm64/PaperloftKit-dependency-scan.dia -validate-clang-modules-once -clang-build-session-file /Users/builder/Factory/paperloft/evidence/checkouts/p2-checkpoint6b22fdd/build/DerivedData/ModuleCache.noindex/Session.modulevalidation -Xcc -fmodules-prune-interval\=86400 -Xcc -fmodules-prune-after\=345600 -package-name paperloftkit -emit-const-values -const-gather-protocols-list /Users/builder/Factory/paperloft/evidence/checkouts/p2-checkpoint6b22fdd/build/DerivedData/Build/Intermediates.noindex/PaperloftKit.build/Debug/PaperloftKit-t.build/Objects-normal/arm64/PaperloftKit_const_extract_protocols.json -Xcc -I/Users/builder/Factory/paperloft/evidence/checkouts/p2-checkpoint6b22fdd/build/DerivedData/Build/Products/Debug/include -Xcc -I/Users/builder/Factory/paperloft/evidence/checkouts/p2-checkpoint6b22fdd/build/DerivedData/Build/Intermediates.noindex/PaperloftKit.build/Debug/PaperloftKit-t.build/DerivedSources-normal/arm64 -Xcc -I/Users/builder/Factory/paperloft/evidence/checkouts/p2-checkpoint6b22fdd/build/DerivedData/Build/Intermediates.noindex/PaperloftKit.build/Debug/PaperloftKit-t.build/DerivedSources/arm64 -Xcc -I/Users/builder/Factory/paperloft/evidence/checkouts/p2-checkpoint6b22fdd/build/DerivedData/Build/Intermediates.noindex/PaperloftKit.build/Debug/PaperloftKit-t.build/DerivedSources -Xcc -DSWIFT_PACKAGE -Xcc -DDEBUG\=1 -emit-objc-header -emit-objc-header-path /Users/builder/Factory/paperloft/evidence/checkouts/p2-checkpoint6b22fdd/build/DerivedData/Build/Intermediates.noindex/PaperloftKit.build/Debug/PaperloftKit-t.build/Objects-normal/arm64/PaperloftKit-Swift.h -working-directory /Users/builder/Factory/paperloft/evidence/checkouts/p2-checkpoint6b22fdd/Paperloft.xcodeproj -experimental-emit-module-separately -disable-cmo

Ld /Users/builder/Factory/paperloft/evidence/checkouts/p2-checkpoint6b22fdd/build/DerivedData/Build/Products/Debug/PaperloftKit.o normal (in target 'PaperloftKit' from project 'PaperloftKit')
    cd /Users/builder/Factory/paperloft/evidence/checkouts/p2-checkpoint6b22fdd/Packages/PaperloftKit
    /Applications/Xcode.app/Contents/Developer/Toolchains/XcodeDefault.xctoolchain/usr/bin/clang -Xlinker -reproducible -target arm64-apple-macos27.0 -r -isysroot /Applications/Xcode.app/Contents/Developer/Platforms/MacOSX.platform/Developer/SDKs/MacOSX27.0.sdk -O0 -Xlinker -no_warn_duplicate_libraries -F/Users/builder/Factory/paperloft/evidence/checkouts/p2-checkpoint6b22fdd/build/DerivedData/Build/Intermediates.noindex/EagerLinkingTBDs/Debug -F/Users/builder/Factory/paperloft/evidence/checkouts/p2-checkpoint6b22fdd/build/DerivedData/Build/Products/Debug -iframework /Applications/Xcode.app/Contents/Developer/Platforms/MacOSX.platform/Developer/Library/Frameworks -filelist /Users/builder/Factory/paperloft/evidence/checkouts/p2-checkpoint6b22fdd/build/DerivedData/Build/Intermediates.noindex/PaperloftKit.build/Debug/PaperloftKit-t.build/Objects-normal/arm64/PaperloftKit.LinkFileList -nostdlib -Xlinker -object_path_lto -Xlinker /Users/builder/Factory/paperloft/evidence/checkouts/p2-checkpoint6b22fdd/build/DerivedData/Build/Intermediates.noindex/PaperloftKit.build/Debug/PaperloftKit-t.build/Objects-normal/arm64/PaperloftKit_lto.o -Xlinker -no_deduplicate -Xlinker -debug_variant -Xlinker -dependency_info -Xlinker /Users/builder/Factory/paperloft/evidence/checkouts/p2-checkpoint6b22fdd/build/DerivedData/Build/Intermediates.noindex/PaperloftKit.build/Debug/PaperloftKit-t.build/Objects-normal/arm64/PaperloftKit_dependency_info.dat -fobjc-link-runtime -L/Applications/Xcode.app/Contents/Developer/Toolchains/XcodeDefault.xctoolchain/usr/lib/swift/macosx -L/usr/lib/swift -Xlinker -add_ast_path -Xlinker /Users/builder/Factory/paperloft/evidence/checkouts/p2-checkpoint6b22fdd/build/DerivedData/Build/Intermediates.noindex/PaperloftKit.build/Debug/PaperloftKit-t.build/Objects-normal/arm64/PaperloftKit.swiftmodule -o /Users/builder/Factory/paperloft/evidence/checkouts/p2-checkpoint6b22fdd/build/DerivedData/Build/Products/Debug/PaperloftKit.o

ExtractAppIntentsMetadata (in target 'PaperloftKit' from project 'PaperloftKit')
    cd /Users/builder/Factory/paperloft/evidence/checkouts/p2-checkpoint6b22fdd/Packages/PaperloftKit
    /Applications/Xcode.app/Contents/Developer/Toolchains/XcodeDefault.xctoolchain/usr/bin/appintentsmetadataprocessor --toolchain-dir /Applications/Xcode.app/Contents/Developer/Toolchains/XcodeDefault.xctoolchain --module-name PaperloftKit --sdk-root /Applications/Xcode.app/Contents/Developer/Platforms/MacOSX.platform/Developer/SDKs/MacOSX27.0.sdk --xcode-version 27A266a --platform-family macOS --deployment-target 27.0 --bundle-identifier paperloftkit.PaperloftKit --output /Users/builder/Factory/paperloft/evidence/checkouts/p2-checkpoint6b22fdd/build/DerivedData/Build/Products/Debug/PaperloftKit.appintents --target-triple arm64-apple-macos27.0 --binary-file /Users/builder/Factory/paperloft/evidence/checkouts/p2-checkpoint6b22fdd/build/DerivedData/Build/Products/Debug/PaperloftKit.o --dependency-file /Users/builder/Factory/paperloft/evidence/checkouts/p2-checkpoint6b22fdd/build/DerivedData/Build/Intermediates.noindex/PaperloftKit.build/Debug/PaperloftKit-t.build/Objects-normal/arm64/PaperloftKit_dependency_info.dat --stringsdata-file /Users/builder/Factory/paperloft/evidence/checkouts/p2-checkpoint6b22fdd/build/DerivedData/Build/Intermediates.noindex/PaperloftKit.build/Debug/PaperloftKit-t.build/Objects-normal/arm64/ExtractedAppShortcutsMetadata.stringsdata --source-file-list /Users/builder/Factory/paperloft/evidence/checkouts/p2-checkpoint6b22fdd/build/DerivedData/Build/Intermediates.noindex/PaperloftKit.build/Debug/PaperloftKit-t.build/Objects-normal/arm64/PaperloftKit.SwiftFileList --metadata-file-list /Users/builder/Factory/paperloft/evidence/checkouts/p2-checkpoint6b22fdd/build/DerivedData/Build/Intermediates.noindex/PaperloftKit.build/Debug/PaperloftKit-t.build/PaperloftKit.DependencyMetadataFileList --static-metadata-file-list /Users/builder/Factory/paperloft/evidence/checkouts/p2-checkpoint6b22fdd/build/DerivedData/Build/Intermediates.noindex/PaperloftKit.build/Debug/PaperloftKit-t.build/PaperloftKit.DependencyStaticMetadataFileList --swift-const-vals-list /Users/builder/Factory/paperloft/evidence/checkouts/p2-checkpoint6b22fdd/build/DerivedData/Build/Intermediates.noindex/PaperloftKit.build/Debug/PaperloftKit-t.build/Objects-normal/arm64/PaperloftKit.SwiftConstValuesFileList --force --compile-time-extraction --deployment-aware-processing --no-app-shortcuts-localization
2026-09-26 21:42:51.098 appintentsmetadataprocessor[25311:889364] Starting appintentsmetadataprocessor export
2026-09-26 21:42:51.152 appintentsmetadataprocessor[25311:889364] Extracted no relevant App Intents symbols, skipping writing output

Ld /Users/builder/Factory/paperloft/evidence/checkouts/p2-checkpoint6b22fdd/build/DerivedData/Build/Products/Debug/Paperloft\ Receipts.app/Contents/MacOS/__preview.dylib normal (in target 'PaperloftApp' from project 'Paperloft')
    cd /Users/builder/Factory/paperloft/evidence/checkouts/p2-checkpoint6b22fdd
    /Applications/Xcode.app/Contents/Developer/Toolchains/XcodeDefault.xctoolchain/usr/bin/clang -Xlinker -reproducible -target arm64-apple-macos27.0 -dynamiclib -isysroot /Applications/Xcode.app/Contents/Developer/Platforms/MacOSX.platform/Developer/SDKs/MacOSX27.0.sdk -Os -Xlinker -no_warn_duplicate_libraries -L/Users/builder/Factory/paperloft/evidence/checkouts/p2-checkpoint6b22fdd/build/DerivedData/Build/Products/Debug -F/Users/builder/Factory/paperloft/evidence/checkouts/p2-checkpoint6b22fdd/build/DerivedData/Build/Products/Debug/PackageFrameworks -F/Users/builder/Factory/paperloft/evidence/checkouts/p2-checkpoint6b22fdd/build/DerivedData/Build/Products/Debug -install_name @rpath/Paperloft\ Receipts.debug.dylib -rdynamic -Xlinker -debug_variant -Xlinker -dependency_info -Xlinker /Users/builder/Factory/paperloft/evidence/checkouts/p2-checkpoint6b22fdd/build/DerivedData/Build/Intermediates.noindex/Paperloft.build/Debug/PaperloftApp.build/Objects-normal/arm64/Paperloft\ Receipts_dependency_info.dat -Xlinker -no_adhoc_codesign -o /Users/builder/Factory/paperloft/evidence/checkouts/p2-checkpoint6b22fdd/build/DerivedData/Build/Products/Debug/Paperloft\ Receipts.app/Contents/MacOS/__preview.dylib

CpResource /Users/builder/Factory/paperloft/evidence/checkouts/p2-checkpoint6b22fdd/build/DerivedData/Build/Products/Debug/Paperloft\ Receipts.app/Contents/Resources/PrivacyInfo.xcprivacy /Users/builder/Factory/paperloft/evidence/checkouts/p2-checkpoint6b22fdd/Apps/PaperloftApp/PrivacyInfo.xcprivacy (in target 'PaperloftApp' from project 'Paperloft')
    cd /Users/builder/Factory/paperloft/evidence/checkouts/p2-checkpoint6b22fdd
    builtin-copy -exclude .DS_Store -exclude CVS -exclude .svn -exclude .git -exclude .hg -strip-unsigned-binaries -strip-deterministic -strip-tool /Applications/Xcode.app/Contents/Developer/Toolchains/XcodeDefault.xctoolchain/usr/bin/strip -resolve-src-symlinks /Users/builder/Factory/paperloft/evidence/checkouts/p2-checkpoint6b22fdd/Apps/PaperloftApp/PrivacyInfo.xcprivacy /Users/builder/Factory/paperloft/evidence/checkouts/p2-checkpoint6b22fdd/build/DerivedData/Build/Products/Debug/Paperloft\ Receipts.app/Contents/Resources

ProcessInfoPlistFile /Users/builder/Factory/paperloft/evidence/checkouts/p2-checkpoint6b22fdd/build/DerivedData/Build/Products/Debug/Paperloft\ Receipts.app/Contents/Info.plist /Users/builder/Factory/paperloft/evidence/checkouts/p2-checkpoint6b22fdd/build/DerivedData/Build/Intermediates.noindex/Paperloft.build/Debug/PaperloftApp.build/empty-Paperloft\ Receipts.plist (in target 'PaperloftApp' from project 'Paperloft')
    cd /Users/builder/Factory/paperloft/evidence/checkouts/p2-checkpoint6b22fdd
    builtin-infoPlistUtility /Users/builder/Factory/paperloft/evidence/checkouts/p2-checkpoint6b22fdd/build/DerivedData/Build/Intermediates.noindex/Paperloft.build/Debug/PaperloftApp.build/empty-Paperloft\ Receipts.plist -producttype com.apple.product-type.application -genpkginfo /Users/builder/Factory/paperloft/evidence/checkouts/p2-checkpoint6b22fdd/build/DerivedData/Build/Products/Debug/Paperloft\ Receipts.app/Contents/PkgInfo -expandbuildsettings -platform macosx -o /Users/builder/Factory/paperloft/evidence/checkouts/p2-checkpoint6b22fdd/build/DerivedData/Build/Products/Debug/Paperloft\ Receipts.app/Contents/Info.plist

SwiftExplicitDependencyGeneratePcm arm64 /Users/builder/Factory/paperloft/evidence/checkouts/p2-checkpoint6b22fdd/build/DerivedData/SDKExplicitPrecompiledModules/MachO-5K1XDBNVNCITH518QP9SRI1QP.pcm

SwiftExplicitDependencyGeneratePcm arm64 /Users/builder/Factory/paperloft/evidence/checkouts/p2-checkpoint6b22fdd/build/DerivedData/SDKExplicitPrecompiledModules/Compression-9EQAOT1LWH5WRZQF2V0L7FBXP.pcm

SwiftExplicitDependencyGeneratePcm arm64 /Users/builder/Factory/paperloft/evidence/checkouts/p2-checkpoint6b22fdd/build/DerivedData/SDKExplicitPrecompiledModules/launch-BOEEG37NQDZUBYVHIKQR87I11.pcm

SwiftExplicitDependencyGeneratePcm arm64 /Users/builder/Factory/paperloft/evidence/checkouts/p2-checkpoint6b22fdd/build/DerivedData/SDKExplicitPrecompiledModules/libkern-5P1F796SU225N79R8CUNQSQ38.pcm

SwiftExplicitDependencyGeneratePcm arm64 /Users/builder/Factory/paperloft/evidence/checkouts/p2-checkpoint6b22fdd/build/DerivedData/SDKExplicitPrecompiledModules/CUPS-21U1RZH9ZFOIDECC5KS5R19TE.pcm

SwiftExplicitDependencyGeneratePcm arm64 /Users/builder/Factory/paperloft/evidence/checkouts/p2-checkpoint6b22fdd/build/DerivedData/SDKExplicitPrecompiledModules/ObjectiveC-EK15LRRX43FALI2LX8BSS1O4B.pcm

SwiftExplicitDependencyGeneratePcm arm64 /Users/builder/Factory/paperloft/evidence/checkouts/p2-checkpoint6b22fdd/build/DerivedData/SDKExplicitPrecompiledModules/Spatial-5CGL7TW7KSJN9SQ2DSMHI3NFL.pcm

SwiftExplicitDependencyGeneratePcm arm64 /Users/builder/Factory/paperloft/evidence/checkouts/p2-checkpoint6b22fdd/build/DerivedData/SDKExplicitPrecompiledModules/os_object-A0LCSXBT0YBIRMIXZAA5FEULT.pcm

SwiftExplicitDependencyGeneratePcm arm64 /Users/builder/Factory/paperloft/evidence/checkouts/p2-checkpoint6b22fdd/build/DerivedData/SDKExplicitPrecompiledModules/os_workgroup-2GDF1LZM9VQ05TDYI4KBVX0MS.pcm

SwiftExplicitDependencyGeneratePcm arm64 /Users/builder/Factory/paperloft/evidence/checkouts/p2-checkpoint6b22fdd/build/DerivedData/SDKExplicitPrecompiledModules/Dispatch-4MI49XK4OWI5K4RDS341UARPA.pcm

SwiftExplicitDependencyGeneratePcm arm64 /Users/builder/Factory/paperloft/evidence/checkouts/p2-checkpoint6b22fdd/build/DerivedData/SDKExplicitPrecompiledModules/dnssd-7G531NZ05VW1Y2NQVCQIHQFZ7.pcm

SwiftExplicitDependencyGeneratePcm arm64 /Users/builder/Factory/paperloft/evidence/checkouts/p2-checkpoint6b22fdd/build/DerivedData/SDKExplicitPrecompiledModules/CoreFoundation-E20872GC4NRZWOUJP4P9E5GZY.pcm

SwiftExplicitDependencyGeneratePcm arm64 /Users/builder/Factory/paperloft/evidence/checkouts/p2-checkpoint6b22fdd/build/DerivedData/SDKExplicitPrecompiledModules/XPC-4TLKX7MO53MMKZUAQ17SYW2MJ.pcm

SwiftExplicitDependencyGeneratePcm arm64 /Users/builder/Factory/paperloft/evidence/checkouts/p2-checkpoint6b22fdd/build/DerivedData/SDKExplicitPrecompiledModules/os-56W8A4S4VVDRM9T7NJDWARGYT.pcm

SwiftExplicitDependencyGeneratePcm arm64 /Users/builder/Factory/paperloft/evidence/checkouts/p2-checkpoint6b22fdd/build/DerivedData/SDKExplicitPrecompiledModules/CFNetwork-7ZODXP4QKYP11Y9J16Y6DER1X.pcm

SwiftExplicitDependencyGeneratePcm arm64 /Users/builder/Factory/paperloft/evidence/checkouts/p2-checkpoint6b22fdd/build/DerivedData/SDKExplicitPrecompiledModules/ColorSync-60PKHTS5HGG4T3329CIUBMJOC.pcm

SwiftExplicitDependencyGeneratePcm arm64 /Users/builder/Factory/paperloft/evidence/checkouts/p2-checkpoint6b22fdd/build/DerivedData/SDKExplicitPrecompiledModules/IOKit-6SYU4C9ZCVFUZVD6FMG0J9NQ1.pcm

SwiftExplicitDependencyGeneratePcm arm64 /Users/builder/Factory/paperloft/evidence/checkouts/p2-checkpoint6b22fdd/build/DerivedData/SDKExplicitPrecompiledModules/Security-E59CWRSG1K9KKZP0RQNDD2ZWJ.pcm

SwiftExplicitDependencyGeneratePcm arm64 /Users/builder/Factory/paperloft/evidence/checkouts/p2-checkpoint6b22fdd/build/DerivedData/SDKExplicitPrecompiledModules/CoreAudioTypes-F2ZNGKAJKRQKOF0WFHI2VM421.pcm

SwiftExplicitDependencyGeneratePcm arm64 /Users/builder/Factory/paperloft/evidence/checkouts/p2-checkpoint6b22fdd/build/DerivedData/SDKExplicitPrecompiledModules/CoreGraphics-36BFQED7QVK3XJ7PNOKEUD9X.pcm

SwiftExplicitDependencyGeneratePcm arm64 /Users/builder/Factory/paperloft/evidence/checkouts/p2-checkpoint6b22fdd/build/DerivedData/SDKExplicitPrecompiledModules/DiskArbitration-9W622Q39TRRZH1HZIOVIIJR0C.pcm

SwiftExplicitDependencyGeneratePcm arm64 /Users/builder/Factory/paperloft/evidence/checkouts/p2-checkpoint6b22fdd/build/DerivedData/SDKExplicitPrecompiledModules/CoreServices-F06T6E3W1FRIT5H6I24174BPA.pcm

SwiftExplicitDependencyGeneratePcm arm64 /Users/builder/Factory/paperloft/evidence/checkouts/p2-checkpoint6b22fdd/build/DerivedData/SDKExplicitPrecompiledModules/ImageIO-9PJAQZI343NTFLI6LZ3RZO3U2.pcm

SwiftExplicitDependencyGeneratePcm arm64 /Users/builder/Factory/paperloft/evidence/checkouts/p2-checkpoint6b22fdd/build/DerivedData/SDKExplicitPrecompiledModules/CoreText-9J30UQHUX4B6BHO3OP0I2EJAS.pcm

SwiftExplicitDependencyGeneratePcm arm64 /Users/builder/Factory/paperloft/evidence/checkouts/p2-checkpoint6b22fdd/build/DerivedData/SDKExplicitPrecompiledModules/Foundation-7WBJYBG243YRM88G4418LPJFA.pcm

SwiftExplicitDependencyGeneratePcm arm64 /Users/builder/Factory/paperloft/evidence/checkouts/p2-checkpoint6b22fdd/build/DerivedData/SDKExplicitPrecompiledModules/LocalAuthentication-1NVPBPIXW4NQIKXJ3OCSGWKGG.pcm

SwiftExplicitDependencyGeneratePcm arm64 /Users/builder/Factory/paperloft/evidence/checkouts/p2-checkpoint6b22fdd/build/DerivedData/SDKExplicitPrecompiledModules/Accessibility-8SGPN160IYRE6TCXBV91BHL6G.pcm

SwiftExplicitDependencyGeneratePcm arm64 /Users/builder/Factory/paperloft/evidence/checkouts/p2-checkpoint6b22fdd/build/DerivedData/SDKExplicitPrecompiledModules/CoreAudio-988W0XYN9SY5Q4A2GIBDCFTBP.pcm

SwiftExplicitDependencyGeneratePcm arm64 /Users/builder/Factory/paperloft/evidence/checkouts/p2-checkpoint6b22fdd/build/DerivedData/SDKExplicitPrecompiledModules/OSLog-D3ZX4WM4AR1CX0EHQL1ZPWEOE.pcm

SwiftExplicitDependencyGeneratePcm arm64 /Users/builder/Factory/paperloft/evidence/checkouts/p2-checkpoint6b22fdd/build/DerivedData/SDKExplicitPrecompiledModules/Symbols-A39E7XXQ1EM9S236TXIAXA21T.pcm

SwiftExplicitDependencyGeneratePcm arm64 /Users/builder/Factory/paperloft/evidence/checkouts/p2-checkpoint6b22fdd/build/DerivedData/SDKExplicitPrecompiledModules/AppIntents-79OW8HR00OITMZ5PTTJC50GP9.pcm

SwiftExplicitDependencyGeneratePcm arm64 /Users/builder/Factory/paperloft/evidence/checkouts/p2-checkpoint6b22fdd/build/DerivedData/SDKExplicitPrecompiledModules/CoreMIDI-6JVZQ30EV6TPHWVBZFJR7F7AC.pcm

SwiftExplicitDependencyGeneratePcm arm64 /Users/builder/Factory/paperloft/evidence/checkouts/p2-checkpoint6b22fdd/build/DerivedData/SDKExplicitPrecompiledModules/ApplicationServices-BPNAQ9DESD6CN83832D1JTSH.pcm

SwiftExplicitDependencyGeneratePcm arm64 /Users/builder/Factory/paperloft/evidence/checkouts/p2-checkpoint6b22fdd/build/DerivedData/SDKExplicitPrecompiledModules/RelevanceKit-6L5ABU36PF6UDOLDGFH9F3LMR.pcm

SwiftExplicitDependencyGeneratePcm arm64 /Users/builder/Factory/paperloft/evidence/checkouts/p2-checkpoint6b22fdd/build/DerivedData/SDKExplicitPrecompiledModules/Network-41FXPWEZQ1URN7FXZLEXGLTC7.pcm

SwiftExplicitDependencyGeneratePcm arm64 /Users/builder/Factory/paperloft/evidence/checkouts/p2-checkpoint6b22fdd/build/DerivedData/SDKExplicitPrecompiledModules/CoreTransferable-NHRJKGGBIMG7DF5VLYG1BQDK.pcm

SwiftExplicitDependencyGeneratePcm arm64 /Users/builder/Factory/paperloft/evidence/checkouts/p2-checkpoint6b22fdd/build/DerivedData/SDKExplicitPrecompiledModules/AppIntentsTypeSupport-EZA31Z6SODJW12GUM4K8HFY9F.pcm

SwiftExplicitDependencyGeneratePcm arm64 /Users/builder/Factory/paperloft/evidence/checkouts/p2-checkpoint6b22fdd/build/DerivedData/SDKExplicitPrecompiledModules/UniformTypeIdentifiers-D1A7IU2K2WW82FF9SK37PPDNT.pcm

SwiftExplicitDependencyGeneratePcm arm64 /Users/builder/Factory/paperloft/evidence/checkouts/p2-checkpoint6b22fdd/build/DerivedData/SDKExplicitPrecompiledModules/IOSurface-574GQVEL5HZ5W5T5MZ3G1YNGH.pcm

SwiftExplicitDependencyGeneratePcm arm64 /Users/builder/Factory/paperloft/evidence/checkouts/p2-checkpoint6b22fdd/build/DerivedData/SDKExplicitPrecompiledModules/_LocationEssentials-2MBWY0PGKJ28R9FBCNNR9WNY0.pcm

SwiftExplicitDependencyGeneratePcm arm64 /Users/builder/Factory/paperloft/evidence/checkouts/p2-checkpoint6b22fdd/build/DerivedData/SDKExplicitPrecompiledModules/DataDetection-A4NSCLJLRSIWP86JEGQL9AGER.pcm

SwiftExplicitDependencyGeneratePcm arm64 /Users/builder/Factory/paperloft/evidence/checkouts/p2-checkpoint6b22fdd/build/DerivedData/SDKExplicitPrecompiledModules/CoreData-B9BYSMJJOI6TSTKP5DLI4VX34.pcm

SwiftExplicitDependencyGeneratePcm arm64 /Users/builder/Factory/paperloft/evidence/checkouts/p2-checkpoint6b22fdd/build/DerivedData/SDKExplicitPrecompiledModules/CoreSpotlight-7HW4490V1BZM37ULGVTBY3ZE3.pcm

SwiftExplicitDependencyGeneratePcm arm64 /Users/builder/Factory/paperloft/evidence/checkouts/p2-checkpoint6b22fdd/build/DerivedData/SDKExplicitPrecompiledModules/CoreLocation-3NPZNK2CPC3BQIZHRSP30BV0O.pcm

SwiftExplicitDependencyGeneratePcm arm64 /Users/builder/Factory/paperloft/evidence/checkouts/p2-checkpoint6b22fdd/build/DerivedData/SDKExplicitPrecompiledModules/Metal-5WNX4720P2ORRKB6XPSORZBTP.pcm

SwiftExplicitDependencyGeneratePcm arm64 /Users/builder/Factory/paperloft/evidence/checkouts/p2-checkpoint6b22fdd/build/DerivedData/SDKExplicitPrecompiledModules/OpenGL-4HNT0BQMKU8L4AJ5RG3Q6I1WL.pcm

SwiftExplicitDependencyGeneratePcm arm64 /Users/builder/Factory/paperloft/evidence/checkouts/p2-checkpoint6b22fdd/build/DerivedData/SDKExplicitPrecompiledModules/Carbon-AS4A78WDWP9PC590IH3O2QRE6.pcm

SwiftExplicitDependencyGeneratePcm arm64 /Users/builder/Factory/paperloft/evidence/checkouts/p2-checkpoint6b22fdd/build/DerivedData/SDKExplicitPrecompiledModules/CoreVideo-CUA1HPUVATOJY6MCF3IYUK9PN.pcm

SwiftExplicitDependencyGeneratePcm arm64 /Users/builder/Factory/paperloft/evidence/checkouts/p2-checkpoint6b22fdd/build/DerivedData/SDKExplicitPrecompiledModules/AudioToolbox-6AJOW4PXQDSYAZXE4TEUP2L61.pcm

SwiftExplicitDependencyGeneratePcm arm64 /Users/builder/Factory/paperloft/evidence/checkouts/p2-checkpoint6b22fdd/build/DerivedData/SDKExplicitPrecompiledModules/QuartzCore-8ZV7JGJCN07A89DGHHG8UI0PG.pcm

SwiftExplicitDependencyGeneratePcm arm64 /Users/builder/Factory/paperloft/evidence/checkouts/p2-checkpoint6b22fdd/build/DerivedData/SDKExplicitPrecompiledModules/CoreImage-6CT9BXENVO0P908YE0OANKF2X.pcm

SwiftExplicitDependencyGeneratePcm arm64 /Users/builder/Factory/paperloft/evidence/checkouts/p2-checkpoint6b22fdd/build/DerivedData/SDKExplicitPrecompiledModules/CoreMedia-7709JIV07Y35IH2KQ6QB6M08Y.pcm

SwiftExplicitDependencyGeneratePcm arm64 /Users/builder/Factory/paperloft/evidence/checkouts/p2-checkpoint6b22fdd/build/DerivedData/SDKExplicitPrecompiledModules/CoreML-E2HXIL2IYBSVL9KBDHWJFH4Z5.pcm

SwiftExplicitDependencyGeneratePcm arm64 /Users/builder/Factory/paperloft/evidence/checkouts/p2-checkpoint6b22fdd/build/DerivedData/SDKExplicitPrecompiledModules/Accelerate-2ZBMS7PJZP2KKIASZLAEUE3BD.pcm

SwiftExplicitDependencyGeneratePcm arm64 /Users/builder/Factory/paperloft/evidence/checkouts/p2-checkpoint6b22fdd/build/DerivedData/SDKExplicitPrecompiledModules/SwiftUICore-B2VNAXD3OQNNWDYMN26KAE85A.pcm

SwiftExplicitDependencyGeneratePcm arm64 /Users/builder/Factory/paperloft/evidence/checkouts/p2-checkpoint6b22fdd/build/DerivedData/SDKExplicitPrecompiledModules/AVFAudio-EN9780D989CWB172EJXKCOOL9.pcm

SwiftExplicitDependencyGeneratePcm arm64 /Users/builder/Factory/paperloft/evidence/checkouts/p2-checkpoint6b22fdd/build/DerivedData/SDKExplicitPrecompiledModules/VideoToolbox-4D37XCG3F65MC8UP7TFVVX6GY.pcm

SwiftExplicitDependencyGeneratePcm arm64 /Users/builder/Factory/paperloft/evidence/checkouts/p2-checkpoint6b22fdd/build/DerivedData/SDKExplicitPrecompiledModules/Vision-CC482M4BY2TRJMRABF838RFXM.pcm

SwiftExplicitDependencyGeneratePcm arm64 /Users/builder/Factory/paperloft/evidence/checkouts/p2-checkpoint6b22fdd/build/DerivedData/SDKExplicitPrecompiledModules/MediaToolbox-BZZ1UQRW0D1V7UMXAGO25FBNC.pcm

SwiftExplicitDependencyGeneratePcm arm64 /Users/builder/Factory/paperloft/evidence/checkouts/p2-checkpoint6b22fdd/build/DerivedData/SDKExplicitPrecompiledModules/AppKit-D0TKEBLHFQK6RU2VXAPZW4PQ5.pcm

SwiftExplicitDependencyGeneratePcm arm64 /Users/builder/Factory/paperloft/evidence/checkouts/p2-checkpoint6b22fdd/build/DerivedData/SDKExplicitPrecompiledModules/AVFoundation-1UOAGEV2Z4YIM09DLC1U751LE.pcm

SwiftExplicitDependencyGeneratePcm arm64 /Users/builder/Factory/paperloft/evidence/checkouts/p2-checkpoint6b22fdd/build/DerivedData/SDKExplicitPrecompiledModules/SwiftUI-9J7H25TVO1U3CDBMAEDHNK6Q3.pcm

SwiftEmitModule normal arm64 Emitting\ module\ for\ Paperloft_Receipts (in target 'PaperloftApp' from project 'Paperloft')

SwiftCompile normal arm64 (in target 'PaperloftApp' from project 'Paperloft')
    cd /Users/builder/Factory/paperloft/evidence/checkouts/p2-checkpoint6b22fdd
    

SwiftCompile normal arm64 Compiling\ PaperloftApp.swift /Users/builder/Factory/paperloft/evidence/checkouts/p2-checkpoint6b22fdd/Apps/PaperloftApp/PaperloftApp.swift (in target 'PaperloftApp' from project 'Paperloft')

SwiftCompile normal arm64 /Users/builder/Factory/paperloft/evidence/checkouts/p2-checkpoint6b22fdd/Apps/PaperloftApp/PaperloftApp.swift (in target 'PaperloftApp' from project 'Paperloft')
    cd /Users/builder/Factory/paperloft/evidence/checkouts/p2-checkpoint6b22fdd
    builtin-SwiftPerFileCompile PaperloftApp.swift

SwiftDriverJobDiscovery normal arm64 Emitting module for Paperloft_Receipts (in target 'PaperloftApp' from project 'Paperloft')

SwiftDriver\ Compilation\ Requirements PaperloftApp normal arm64 com.apple.xcode.tools.swift.compiler (in target 'PaperloftApp' from project 'Paperloft')
    cd /Users/builder/Factory/paperloft/evidence/checkouts/p2-checkpoint6b22fdd
    builtin-Swift-Compilation-Requirements -- /Applications/Xcode.app/Contents/Developer/Toolchains/XcodeDefault.xctoolchain/usr/bin/swiftc -module-name Paperloft_Receipts -Onone @/Users/builder/Factory/paperloft/evidence/checkouts/p2-checkpoint6b22fdd/build/DerivedData/Build/Intermediates.noindex/Paperloft.build/Debug/PaperloftApp.build/Objects-normal/arm64/Paperloft\ Receipts.SwiftFileList -enable-experimental-feature DebugDescriptionMacro -sdk /Applications/Xcode.app/Contents/Developer/Platforms/MacOSX.platform/Developer/SDKs/MacOSX27.0.sdk -target arm64-apple-macos27.0 -g -module-cache-path /Users/builder/Factory/paperloft/evidence/checkouts/p2-checkpoint6b22fdd/build/DerivedData/ModuleCache.noindex -Xfrontend -serialize-debugging-options -profile-coverage-mapping -profile-generate -enable-testing -warnings-as-errors -index-store-path /Users/builder/Factory/paperloft/evidence/checkouts/p2-checkpoint6b22fdd/build/DerivedData/Index.noindex/DataStore -swift-version 6 -I /Users/builder/Factory/paperloft/evidence/checkouts/p2-checkpoint6b22fdd/build/DerivedData/Build/Products/Debug -F /Users/builder/Factory/paperloft/evidence/checkouts/p2-checkpoint6b22fdd/build/DerivedData/Build/Products/Debug/PackageFrameworks -F /Users/builder/Factory/paperloft/evidence/checkouts/p2-checkpoint6b22fdd/build/DerivedData/Build/Products/Debug -parse-as-library -c -j10 -enable-batch-mode -incremental -Xcc -ivfsstatcache -Xcc /Users/builder/Factory/paperloft/evidence/checkouts/p2-checkpoint6b22fdd/build/DerivedData/SDKStatCaches.noindex/macosx27.0-26A425-7231f6df4def33e022ae2eb8f782df1a.sdkstatcache -output-file-map /Users/builder/Factory/paperloft/evidence/checkouts/p2-checkpoint6b22fdd/build/DerivedData/Build/Intermediates.noindex/Paperloft.build/Debug/PaperloftApp.build/Objects-normal/arm64/PaperloftApp-OutputFileMap.json -save-temps -no-color-diagnostics -explicit-module-build -module-cache-path /Users/builder/Factory/paperloft/evidence/checkouts/p2-checkpoint6b22fdd/build/DerivedData/Build/Intermediates.noindex/SwiftExplicitPrecompiledModules -clang-scanner-module-cache-path /Users/builder/Factory/paperloft/evidence/checkouts/p2-checkpoint6b22fdd/build/DerivedData/ModuleCache.noindex -sdk-module-cache-path /Users/builder/Factory/paperloft/evidence/checkouts/p2-checkpoint6b22fdd/build/DerivedData/SDKExplicitPrecompiledModules -emit-dependencies -emit-module -emit-module-path /Users/builder/Factory/paperloft/evidence/checkouts/p2-checkpoint6b22fdd/build/DerivedData/Build/Intermediates.noindex/Paperloft.build/Debug/PaperloftApp.build/Objects-normal/arm64/Paperloft_Receipts.swiftmodule -serialize-diagnostics -dependency-scan-serialize-diagnostics-path /Users/builder/Factory/paperloft/evidence/checkouts/p2-checkpoint6b22fdd/build/DerivedData/Build/Intermediates.noindex/Paperloft.build/Debug/PaperloftApp.build/Objects-normal/arm64/Paperloft_Receipts-dependency-scan.dia -validate-clang-modules-once -clang-build-session-file /Users/builder/Factory/paperloft/evidence/checkouts/p2-checkpoint6b22fdd/build/DerivedData/ModuleCache.noindex/Session.modulevalidation -Xcc -fmodules-prune-interval\=86400 -Xcc -fmodules-prune-after\=345600 -emit-const-values -const-gather-protocols-list /Users/builder/Factory/paperloft/evidence/checkouts/p2-checkpoint6b22fdd/build/DerivedData/Build/Intermediates.noindex/Paperloft.build/Debug/PaperloftApp.build/Objects-normal/arm64/PaperloftApp_const_extract_protocols.json -Xcc -iquote -Xcc /Users/builder/Factory/paperloft/evidence/checkouts/p2-checkpoint6b22fdd/build/DerivedData/Build/Intermediates.noindex/Paperloft.build/Debug/PaperloftApp.build/Paperloft\ Receipts-generated-files.hmap -Xcc -I/Users/builder/Factory/paperloft/evidence/checkouts/p2-checkpoint6b22fdd/build/DerivedData/Build/Intermediates.noindex/Paperloft.build/Debug/PaperloftApp.build/Paperloft\ Receipts-own-target-headers.hmap -Xcc -I/Users/builder/Factory/paperloft/evidence/checkouts/p2-checkpoint6b22fdd/build/DerivedData/Build/Intermediates.noindex/Paperloft.build/Debug/PaperloftApp.build/Paperloft\ Receipts-all-non-framework-target-headers.hmap -Xcc -ivfsoverlay -Xcc /Users/builder/Factory/paperloft/evidence/checkouts/p2-checkpoint6b22fdd/build/DerivedData/Build/Intermediates.noindex/Paperloft.build/Debug/Paperloft-b93ddc6bcd4d234a5473ab01ad3589c4-VFS/all-product-headers.yaml -Xcc -iquote -Xcc /Users/builder/Factory/paperloft/evidence/checkouts/p2-checkpoint6b22fdd/build/DerivedData/Build/Intermediates.noindex/Paperloft.build/Debug/PaperloftApp.build/Paperloft\ Receipts-project-headers.hmap -Xcc -I/Users/builder/Factory/paperloft/evidence/checkouts/p2-checkpoint6b22fdd/build/DerivedData/Build/Products/Debug/include -Xcc -I/Users/builder/Factory/paperloft/evidence/checkouts/p2-checkpoint6b22fdd/build/DerivedData/Build/Intermediates.noindex/Paperloft.build/Debug/PaperloftApp.build/DerivedSources-normal/arm64 -Xcc -I/Users/builder/Factory/paperloft/evidence/checkouts/p2-checkpoint6b22fdd/build/DerivedData/Build/Intermediates.noindex/Paperloft.build/Debug/PaperloftApp.build/DerivedSources/arm64 -Xcc -I/Users/builder/Factory/paperloft/evidence/checkouts/p2-checkpoint6b22fdd/build/DerivedData/Build/Intermediates.noindex/Paperloft.build/Debug/PaperloftApp.build/DerivedSources -emit-objc-header -emit-objc-header-path /Users/builder/Factory/paperloft/evidence/checkouts/p2-checkpoint6b22fdd/build/DerivedData/Build/Intermediates.noindex/Paperloft.build/Debug/PaperloftApp.build/Objects-normal/arm64/Paperloft_Receipts-Swift.h -working-directory /Users/builder/Factory/paperloft/evidence/checkouts/p2-checkpoint6b22fdd -experimental-emit-module-separately -disable-cmo

SwiftMergeGeneratedHeaders /Users/builder/Factory/paperloft/evidence/checkouts/p2-checkpoint6b22fdd/build/DerivedData/Build/Intermediates.noindex/Paperloft.build/Debug/PaperloftApp.build/DerivedSources/Paperloft_Receipts-Swift.h /Users/builder/Factory/paperloft/evidence/checkouts/p2-checkpoint6b22fdd/build/DerivedData/Build/Intermediates.noindex/Paperloft.build/Debug/PaperloftApp.build/Objects-normal/arm64/Paperloft_Receipts-Swift.h (in target 'PaperloftApp' from project 'Paperloft')
    cd /Users/builder/Factory/paperloft/evidence/checkouts/p2-checkpoint6b22fdd
    builtin-swiftHeaderTool -arch arm64 /Users/builder/Factory/paperloft/evidence/checkouts/p2-checkpoint6b22fdd/build/DerivedData/Build/Intermediates.noindex/Paperloft.build/Debug/PaperloftApp.build/Objects-normal/arm64/Paperloft_Receipts-Swift.h -o /Users/builder/Factory/paperloft/evidence/checkouts/p2-checkpoint6b22fdd/build/DerivedData/Build/Intermediates.noindex/Paperloft.build/Debug/PaperloftApp.build/DerivedSources/Paperloft_Receipts-Swift.h

Copy /Users/builder/Factory/paperloft/evidence/checkouts/p2-checkpoint6b22fdd/build/DerivedData/Build/Products/Debug/Paperloft_Receipts.swiftmodule/arm64-apple-macos.swiftdoc /Users/builder/Factory/paperloft/evidence/checkouts/p2-checkpoint6b22fdd/build/DerivedData/Build/Intermediates.noindex/Paperloft.build/Debug/PaperloftApp.build/Objects-normal/arm64/Paperloft_Receipts.swiftdoc (in target 'PaperloftApp' from project 'Paperloft')
    cd /Users/builder/Factory/paperloft/evidence/checkouts/p2-checkpoint6b22fdd
    builtin-copy -exclude .DS_Store -exclude CVS -exclude .svn -exclude .git -exclude .hg -strip-unsigned-binaries -strip-deterministic -strip-tool /Applications/Xcode.app/Contents/Developer/Toolchains/XcodeDefault.xctoolchain/usr/bin/strip -resolve-src-symlinks -rename /Users/builder/Factory/paperloft/evidence/checkouts/p2-checkpoint6b22fdd/build/DerivedData/Build/Intermediates.noindex/Paperloft.build/Debug/PaperloftApp.build/Objects-normal/arm64/Paperloft_Receipts.swiftdoc /Users/builder/Factory/paperloft/evidence/checkouts/p2-checkpoint6b22fdd/build/DerivedData/Build/Products/Debug/Paperloft_Receipts.swiftmodule/arm64-apple-macos.swiftdoc

Copy /Users/builder/Factory/paperloft/evidence/checkouts/p2-checkpoint6b22fdd/build/DerivedData/Build/Products/Debug/Paperloft_Receipts.swiftmodule/arm64-apple-macos.abi.json /Users/builder/Factory/paperloft/evidence/checkouts/p2-checkpoint6b22fdd/build/DerivedData/Build/Intermediates.noindex/Paperloft.build/Debug/PaperloftApp.build/Objects-normal/arm64/Paperloft_Receipts.abi.json (in target 'PaperloftApp' from project 'Paperloft')
    cd /Users/builder/Factory/paperloft/evidence/checkouts/p2-checkpoint6b22fdd
    builtin-copy -exclude .DS_Store -exclude CVS -exclude .svn -exclude .git -exclude .hg -strip-unsigned-binaries -strip-deterministic -strip-tool /Applications/Xcode.app/Contents/Developer/Toolchains/XcodeDefault.xctoolchain/usr/bin/strip -resolve-src-symlinks -rename /Users/builder/Factory/paperloft/evidence/checkouts/p2-checkpoint6b22fdd/build/DerivedData/Build/Intermediates.noindex/Paperloft.build/Debug/PaperloftApp.build/Objects-normal/arm64/Paperloft_Receipts.abi.json /Users/builder/Factory/paperloft/evidence/checkouts/p2-checkpoint6b22fdd/build/DerivedData/Build/Products/Debug/Paperloft_Receipts.swiftmodule/arm64-apple-macos.abi.json

Copy /Users/builder/Factory/paperloft/evidence/checkouts/p2-checkpoint6b22fdd/build/DerivedData/Build/Products/Debug/Paperloft_Receipts.swiftmodule/arm64-apple-macos.swiftmodule /Users/builder/Factory/paperloft/evidence/checkouts/p2-checkpoint6b22fdd/build/DerivedData/Build/Intermediates.noindex/Paperloft.build/Debug/PaperloftApp.build/Objects-normal/arm64/Paperloft_Receipts.swiftmodule (in target 'PaperloftApp' from project 'Paperloft')
    cd /Users/builder/Factory/paperloft/evidence/checkouts/p2-checkpoint6b22fdd
    builtin-copy -exclude .DS_Store -exclude CVS -exclude .svn -exclude .git -exclude .hg -strip-unsigned-binaries -strip-deterministic -strip-tool /Applications/Xcode.app/Contents/Developer/Toolchains/XcodeDefault.xctoolchain/usr/bin/strip -resolve-src-symlinks -rename /Users/builder/Factory/paperloft/evidence/checkouts/p2-checkpoint6b22fdd/build/DerivedData/Build/Intermediates.noindex/Paperloft.build/Debug/PaperloftApp.build/Objects-normal/arm64/Paperloft_Receipts.swiftmodule /Users/builder/Factory/paperloft/evidence/checkouts/p2-checkpoint6b22fdd/build/DerivedData/Build/Products/Debug/Paperloft_Receipts.swiftmodule/arm64-apple-macos.swiftmodule

Copy /Users/builder/Factory/paperloft/evidence/checkouts/p2-checkpoint6b22fdd/build/DerivedData/Build/Products/Debug/Paperloft_Receipts.swiftmodule/Project/arm64-apple-macos.swiftsourceinfo /Users/builder/Factory/paperloft/evidence/checkouts/p2-checkpoint6b22fdd/build/DerivedData/Build/Intermediates.noindex/Paperloft.build/Debug/PaperloftApp.build/Objects-normal/arm64/Paperloft_Receipts.swiftsourceinfo (in target 'PaperloftApp' from project 'Paperloft')
    cd /Users/builder/Factory/paperloft/evidence/checkouts/p2-checkpoint6b22fdd
    builtin-copy -exclude .DS_Store -exclude CVS -exclude .svn -exclude .git -exclude .hg -strip-unsigned-binaries -strip-deterministic -strip-tool /Applications/Xcode.app/Contents/Developer/Toolchains/XcodeDefault.xctoolchain/usr/bin/strip -resolve-src-symlinks -rename /Users/builder/Factory/paperloft/evidence/checkouts/p2-checkpoint6b22fdd/build/DerivedData/Build/Intermediates.noindex/Paperloft.build/Debug/PaperloftApp.build/Objects-normal/arm64/Paperloft_Receipts.swiftsourceinfo /Users/builder/Factory/paperloft/evidence/checkouts/p2-checkpoint6b22fdd/build/DerivedData/Build/Products/Debug/Paperloft_Receipts.swiftmodule/Project/arm64-apple-macos.swiftsourceinfo

SwiftDriverJobDiscovery normal arm64 Compiling PaperloftApp.swift (in target 'PaperloftApp' from project 'Paperloft')

SwiftDriver\ Compilation PaperloftApp normal arm64 com.apple.xcode.tools.swift.compiler (in target 'PaperloftApp' from project 'Paperloft')
    cd /Users/builder/Factory/paperloft/evidence/checkouts/p2-checkpoint6b22fdd
    builtin-Swift-Compilation -- /Applications/Xcode.app/Contents/Developer/Toolchains/XcodeDefault.xctoolchain/usr/bin/swiftc -module-name Paperloft_Receipts -Onone @/Users/builder/Factory/paperloft/evidence/checkouts/p2-checkpoint6b22fdd/build/DerivedData/Build/Intermediates.noindex/Paperloft.build/Debug/PaperloftApp.build/Objects-normal/arm64/Paperloft\ Receipts.SwiftFileList -enable-experimental-feature DebugDescriptionMacro -sdk /Applications/Xcode.app/Contents/Developer/Platforms/MacOSX.platform/Developer/SDKs/MacOSX27.0.sdk -target arm64-apple-macos27.0 -g -module-cache-path /Users/builder/Factory/paperloft/evidence/checkouts/p2-checkpoint6b22fdd/build/DerivedData/ModuleCache.noindex -Xfrontend -serialize-debugging-options -profile-coverage-mapping -profile-generate -enable-testing -warnings-as-errors -index-store-path /Users/builder/Factory/paperloft/evidence/checkouts/p2-checkpoint6b22fdd/build/DerivedData/Index.noindex/DataStore -swift-version 6 -I /Users/builder/Factory/paperloft/evidence/checkouts/p2-checkpoint6b22fdd/build/DerivedData/Build/Products/Debug -F /Users/builder/Factory/paperloft/evidence/checkouts/p2-checkpoint6b22fdd/build/DerivedData/Build/Products/Debug/PackageFrameworks -F /Users/builder/Factory/paperloft/evidence/checkouts/p2-checkpoint6b22fdd/build/DerivedData/Build/Products/Debug -parse-as-library -c -j10 -enable-batch-mode -incremental -Xcc -ivfsstatcache -Xcc /Users/builder/Factory/paperloft/evidence/checkouts/p2-checkpoint6b22fdd/build/DerivedData/SDKStatCaches.noindex/macosx27.0-26A425-7231f6df4def33e022ae2eb8f782df1a.sdkstatcache -output-file-map /Users/builder/Factory/paperloft/evidence/checkouts/p2-checkpoint6b22fdd/build/DerivedData/Build/Intermediates.noindex/Paperloft.build/Debug/PaperloftApp.build/Objects-normal/arm64/PaperloftApp-OutputFileMap.json -save-temps -no-color-diagnostics -explicit-module-build -module-cache-path /Users/builder/Factory/paperloft/evidence/checkouts/p2-checkpoint6b22fdd/build/DerivedData/Build/Intermediates.noindex/SwiftExplicitPrecompiledModules -clang-scanner-module-cache-path /Users/builder/Factory/paperloft/evidence/checkouts/p2-checkpoint6b22fdd/build/DerivedData/ModuleCache.noindex -sdk-module-cache-path /Users/builder/Factory/paperloft/evidence/checkouts/p2-checkpoint6b22fdd/build/DerivedData/SDKExplicitPrecompiledModules -emit-dependencies -emit-module -emit-module-path /Users/builder/Factory/paperloft/evidence/checkouts/p2-checkpoint6b22fdd/build/DerivedData/Build/Intermediates.noindex/Paperloft.build/Debug/PaperloftApp.build/Objects-normal/arm64/Paperloft_Receipts.swiftmodule -serialize-diagnostics -dependency-scan-serialize-diagnostics-path /Users/builder/Factory/paperloft/evidence/checkouts/p2-checkpoint6b22fdd/build/DerivedData/Build/Intermediates.noindex/Paperloft.build/Debug/PaperloftApp.build/Objects-normal/arm64/Paperloft_Receipts-dependency-scan.dia -validate-clang-modules-once -clang-build-session-file /Users/builder/Factory/paperloft/evidence/checkouts/p2-checkpoint6b22fdd/build/DerivedData/ModuleCache.noindex/Session.modulevalidation -Xcc -fmodules-prune-interval\=86400 -Xcc -fmodules-prune-after\=345600 -emit-const-values -const-gather-protocols-list /Users/builder/Factory/paperloft/evidence/checkouts/p2-checkpoint6b22fdd/build/DerivedData/Build/Intermediates.noindex/Paperloft.build/Debug/PaperloftApp.build/Objects-normal/arm64/PaperloftApp_const_extract_protocols.json -Xcc -iquote -Xcc /Users/builder/Factory/paperloft/evidence/checkouts/p2-checkpoint6b22fdd/build/DerivedData/Build/Intermediates.noindex/Paperloft.build/Debug/PaperloftApp.build/Paperloft\ Receipts-generated-files.hmap -Xcc -I/Users/builder/Factory/paperloft/evidence/checkouts/p2-checkpoint6b22fdd/build/DerivedData/Build/Intermediates.noindex/Paperloft.build/Debug/PaperloftApp.build/Paperloft\ Receipts-own-target-headers.hmap -Xcc -I/Users/builder/Factory/paperloft/evidence/checkouts/p2-checkpoint6b22fdd/build/DerivedData/Build/Intermediates.noindex/Paperloft.build/Debug/PaperloftApp.build/Paperloft\ Receipts-all-non-framework-target-headers.hmap -Xcc -ivfsoverlay -Xcc /Users/builder/Factory/paperloft/evidence/checkouts/p2-checkpoint6b22fdd/build/DerivedData/Build/Intermediates.noindex/Paperloft.build/Debug/Paperloft-b93ddc6bcd4d234a5473ab01ad3589c4-VFS/all-product-headers.yaml -Xcc -iquote -Xcc /Users/builder/Factory/paperloft/evidence/checkouts/p2-checkpoint6b22fdd/build/DerivedData/Build/Intermediates.noindex/Paperloft.build/Debug/PaperloftApp.build/Paperloft\ Receipts-project-headers.hmap -Xcc -I/Users/builder/Factory/paperloft/evidence/checkouts/p2-checkpoint6b22fdd/build/DerivedData/Build/Products/Debug/include -Xcc -I/Users/builder/Factory/paperloft/evidence/checkouts/p2-checkpoint6b22fdd/build/DerivedData/Build/Intermediates.noindex/Paperloft.build/Debug/PaperloftApp.build/DerivedSources-normal/arm64 -Xcc -I/Users/builder/Factory/paperloft/evidence/checkouts/p2-checkpoint6b22fdd/build/DerivedData/Build/Intermediates.noindex/Paperloft.build/Debug/PaperloftApp.build/DerivedSources/arm64 -Xcc -I/Users/builder/Factory/paperloft/evidence/checkouts/p2-checkpoint6b22fdd/build/DerivedData/Build/Intermediates.noindex/Paperloft.build/Debug/PaperloftApp.build/DerivedSources -emit-objc-header -emit-objc-header-path /Users/builder/Factory/paperloft/evidence/checkouts/p2-checkpoint6b22fdd/build/DerivedData/Build/Intermediates.noindex/Paperloft.build/Debug/PaperloftApp.build/Objects-normal/arm64/Paperloft_Receipts-Swift.h -working-directory /Users/builder/Factory/paperloft/evidence/checkouts/p2-checkpoint6b22fdd -experimental-emit-module-separately -disable-cmo

Ld /Users/builder/Factory/paperloft/evidence/checkouts/p2-checkpoint6b22fdd/build/DerivedData/Build/Products/Debug/Paperloft\ Receipts.app/Contents/MacOS/Paperloft\ Receipts.debug.dylib normal (in target 'PaperloftApp' from project 'Paperloft')
    cd /Users/builder/Factory/paperloft/evidence/checkouts/p2-checkpoint6b22fdd
    /Applications/Xcode.app/Contents/Developer/Toolchains/XcodeDefault.xctoolchain/usr/bin/clang -Xlinker -reproducible -target arm64-apple-macos27.0 -dynamiclib -isysroot /Applications/Xcode.app/Contents/Developer/Platforms/MacOSX.platform/Developer/SDKs/MacOSX27.0.sdk -Os -Xlinker -no_warn_duplicate_libraries -L/Users/builder/Factory/paperloft/evidence/checkouts/p2-checkpoint6b22fdd/build/DerivedData/Build/Intermediates.noindex/EagerLinkingTBDs/Debug -L/Users/builder/Factory/paperloft/evidence/checkouts/p2-checkpoint6b22fdd/build/DerivedData/Build/Products/Debug -F/Users/builder/Factory/paperloft/evidence/checkouts/p2-checkpoint6b22fdd/build/DerivedData/Build/Intermediates.noindex/EagerLinkingTBDs/Debug -F/Users/builder/Factory/paperloft/evidence/checkouts/p2-checkpoint6b22fdd/build/DerivedData/Build/Products/Debug/PackageFrameworks -F/Users/builder/Factory/paperloft/evidence/checkouts/p2-checkpoint6b22fdd/build/DerivedData/Build/Products/Debug -filelist /Users/builder/Factory/paperloft/evidence/checkouts/p2-checkpoint6b22fdd/build/DerivedData/Build/Intermediates.noindex/Paperloft.build/Debug/PaperloftApp.build/Objects-normal/arm64/Paperloft\ Receipts.LinkFileList -install_name @rpath/Paperloft\ Receipts.debug.dylib -Xlinker -rpath -Xlinker @loader_path -Xlinker -rpath -Xlinker /Users/builder/Factory/paperloft/evidence/checkouts/p2-checkpoint6b22fdd/build/DerivedData/Build/Products/Debug/PackageFrameworks -Xlinker -object_path_lto -Xlinker /Users/builder/Factory/paperloft/evidence/checkouts/p2-checkpoint6b22fdd/build/DerivedData/Build/Intermediates.noindex/Paperloft.build/Debug/PaperloftApp.build/Objects-normal/arm64/Paperloft\ Receipts_lto.o -rdynamic -Xlinker -debug_variant -Xlinker -dependency_info -Xlinker /Users/builder/Factory/paperloft/evidence/checkouts/p2-checkpoint6b22fdd/build/DerivedData/Build/Intermediates.noindex/Paperloft.build/Debug/PaperloftApp.build/Objects-normal/arm64/Paperloft\ Receipts_dependency_info.dat -fobjc-link-runtime -fprofile-instr-generate -L/Applications/Xcode.app/Contents/Developer/Toolchains/XcodeDefault.xctoolchain/usr/lib/swift/macosx -L/usr/lib/swift -Xlinker -add_ast_path -Xlinker /Users/builder/Factory/paperloft/evidence/checkouts/p2-checkpoint6b22fdd/build/DerivedData/Build/Intermediates.noindex/Paperloft.build/Debug/PaperloftApp.build/Objects-normal/arm64/Paperloft_Receipts.swiftmodule -Xlinker -alias -Xlinker _main -Xlinker ___debug_main_executable_dylib_entry_point -Xlinker -no_adhoc_codesign -o /Users/builder/Factory/paperloft/evidence/checkouts/p2-checkpoint6b22fdd/build/DerivedData/Build/Products/Debug/Paperloft\ Receipts.app/Contents/MacOS/Paperloft\ Receipts.debug.dylib

ConstructStubExecutorLinkFileList /Users/builder/Factory/paperloft/evidence/checkouts/p2-checkpoint6b22fdd/build/DerivedData/Build/Intermediates.noindex/Paperloft.build/Debug/PaperloftApp.build/Paperloft\ Receipts-ExecutorLinkFileList-normal-arm64.txt (in target 'PaperloftApp' from project 'Paperloft')
    cd /Users/builder/Factory/paperloft/evidence/checkouts/p2-checkpoint6b22fdd
    construct-stub-executor-link-file-list /Users/builder/Factory/paperloft/evidence/checkouts/p2-checkpoint6b22fdd/build/DerivedData/Build/Products/Debug/Paperloft\ Receipts.app/Contents/MacOS/Paperloft\ Receipts.debug.dylib /Applications/Xcode.app/Contents/Developer/Platforms/MacOSX.platform/Developer/usr/lib/libPreviewsJITStubExecutor_no_swift_entry_point.a /Applications/Xcode.app/Contents/Developer/Platforms/MacOSX.platform/Developer/usr/lib/libPreviewsJITStubExecutor.a --output /Users/builder/Factory/paperloft/evidence/checkouts/p2-checkpoint6b22fdd/build/DerivedData/Build/Intermediates.noindex/Paperloft.build/Debug/PaperloftApp.build/Paperloft\ Receipts-ExecutorLinkFileList-normal-arm64.txt
note: Using stub executor library with Swift entry point. (in target 'PaperloftApp' from project 'Paperloft')

Ld /Users/builder/Factory/paperloft/evidence/checkouts/p2-checkpoint6b22fdd/build/DerivedData/Build/Products/Debug/Paperloft\ Receipts.app/Contents/MacOS/Paperloft\ Receipts normal (in target 'PaperloftApp' from project 'Paperloft')
    cd /Users/builder/Factory/paperloft/evidence/checkouts/p2-checkpoint6b22fdd
    /Applications/Xcode.app/Contents/Developer/Toolchains/XcodeDefault.xctoolchain/usr/bin/clang -Xlinker -reproducible -target arm64-apple-macos27.0 -isysroot /Applications/Xcode.app/Contents/Developer/Platforms/MacOSX.platform/Developer/SDKs/MacOSX27.0.sdk -Os -Xlinker -no_warn_duplicate_libraries -L/Users/builder/Factory/paperloft/evidence/checkouts/p2-checkpoint6b22fdd/build/DerivedData/Build/Products/Debug -F/Users/builder/Factory/paperloft/evidence/checkouts/p2-checkpoint6b22fdd/build/DerivedData/Build/Products/Debug/PackageFrameworks -F/Users/builder/Factory/paperloft/evidence/checkouts/p2-checkpoint6b22fdd/build/DerivedData/Build/Products/Debug -Xlinker -rpath -Xlinker @executable_path -Xlinker -rpath -Xlinker @loader_path -Xlinker -rpath -Xlinker /Users/builder/Factory/paperloft/evidence/checkouts/p2-checkpoint6b22fdd/build/DerivedData/Build/Products/Debug/PackageFrameworks -rdynamic -Xlinker -debug_variant -e ___debug_blank_executor_main -Xlinker -sectcreate -Xlinker __TEXT -Xlinker __debug_dylib -Xlinker /Users/builder/Factory/paperloft/evidence/checkouts/p2-checkpoint6b22fdd/build/DerivedData/Build/Intermediates.noindex/Paperloft.build/Debug/PaperloftApp.build/Paperloft\ Receipts-DebugDylibPath-normal-arm64.txt -Xlinker -sectcreate -Xlinker __TEXT -Xlinker __debug_instlnm -Xlinker /Users/builder/Factory/paperloft/evidence/checkouts/p2-checkpoint6b22fdd/build/DerivedData/Build/Intermediates.noindex/Paperloft.build/Debug/PaperloftApp.build/Paperloft\ Receipts-DebugDylibInstallName-normal-arm64.txt -Xlinker -filelist -Xlinker /Users/builder/Factory/paperloft/evidence/checkouts/p2-checkpoint6b22fdd/build/DerivedData/Build/Intermediates.noindex/Paperloft.build/Debug/PaperloftApp.build/Paperloft\ Receipts-ExecutorLinkFileList-normal-arm64.txt /Users/builder/Factory/paperloft/evidence/checkouts/p2-checkpoint6b22fdd/build/DerivedData/Build/Products/Debug/Paperloft\ Receipts.app/Contents/MacOS/Paperloft\ Receipts.debug.dylib -Xlinker -no_adhoc_codesign -o /Users/builder/Factory/paperloft/evidence/checkouts/p2-checkpoint6b22fdd/build/DerivedData/Build/Products/Debug/Paperloft\ Receipts.app/Contents/MacOS/Paperloft\ Receipts

CopySwiftLibs /Users/builder/Factory/paperloft/evidence/checkouts/p2-checkpoint6b22fdd/build/DerivedData/Build/Products/Debug/Paperloft\ Receipts.app (in target 'PaperloftApp' from project 'Paperloft')
    cd /Users/builder/Factory/paperloft/evidence/checkouts/p2-checkpoint6b22fdd
    builtin-swiftStdLibTool --copy --verbose --sign - --scan-executable /Users/builder/Factory/paperloft/evidence/checkouts/p2-checkpoint6b22fdd/build/DerivedData/Build/Products/Debug/Paperloft\ Receipts.app/Contents/MacOS/Paperloft\ Receipts.debug.dylib --scan-folder /Users/builder/Factory/paperloft/evidence/checkouts/p2-checkpoint6b22fdd/build/DerivedData/Build/Products/Debug/Paperloft\ Receipts.app/Contents/Frameworks --scan-folder /Users/builder/Factory/paperloft/evidence/checkouts/p2-checkpoint6b22fdd/build/DerivedData/Build/Products/Debug/Paperloft\ Receipts.app/Contents/PlugIns --scan-folder /Users/builder/Factory/paperloft/evidence/checkouts/p2-checkpoint6b22fdd/build/DerivedData/Build/Products/Debug/Paperloft\ Receipts.app/Contents/Library/SystemExtensions --scan-folder /Users/builder/Factory/paperloft/evidence/checkouts/p2-checkpoint6b22fdd/build/DerivedData/Build/Products/Debug/Paperloft\ Receipts.app/Contents/Extensions --platform macosx --toolchain /Applications/Xcode.app/Contents/Developer/Toolchains/XcodeDefault.xctoolchain --destination /Users/builder/Factory/paperloft/evidence/checkouts/p2-checkpoint6b22fdd/build/DerivedData/Build/Products/Debug/Paperloft\ Receipts.app/Contents/Frameworks --strip-bitcode --strip-bitcode-tool /Applications/Xcode.app/Contents/Developer/Toolchains/XcodeDefault.xctoolchain/usr/bin/bitcode_strip --emit-dependency-info /Users/builder/Factory/paperloft/evidence/checkouts/p2-checkpoint6b22fdd/build/DerivedData/Build/Intermediates.noindex/Paperloft.build/Debug/PaperloftApp.build/SwiftStdLibToolInputDependencies.dep --filter-for-swift-os

ExtractAppIntentsMetadata (in target 'PaperloftApp' from project 'Paperloft')
    cd /Users/builder/Factory/paperloft/evidence/checkouts/p2-checkpoint6b22fdd
    /Applications/Xcode.app/Contents/Developer/Toolchains/XcodeDefault.xctoolchain/usr/bin/appintentsmetadataprocessor --toolchain-dir /Applications/Xcode.app/Contents/Developer/Toolchains/XcodeDefault.xctoolchain --module-name Paperloft_Receipts --sdk-root /Applications/Xcode.app/Contents/Developer/Platforms/MacOSX.platform/Developer/SDKs/MacOSX27.0.sdk --xcode-version 27A266a --platform-family macOS --deployment-target 27.0 --bundle-identifier app.paperloft.receipts --output /Users/builder/Factory/paperloft/evidence/checkouts/p2-checkpoint6b22fdd/build/DerivedData/Build/Products/Debug/Paperloft\ Receipts.app/Contents/Resources --target-triple arm64-apple-macos27.0 --binary-file /Users/builder/Factory/paperloft/evidence/checkouts/p2-checkpoint6b22fdd/build/DerivedData/Build/Products/Debug/Paperloft\ Receipts.app/Contents/MacOS/Paperloft\ Receipts --dependency-file /Users/builder/Factory/paperloft/evidence/checkouts/p2-checkpoint6b22fdd/build/DerivedData/Build/Intermediates.noindex/Paperloft.build/Debug/PaperloftApp.build/Objects-normal/arm64/Paperloft\ Receipts_dependency_info.dat --stringsdata-file /Users/builder/Factory/paperloft/evidence/checkouts/p2-checkpoint6b22fdd/build/DerivedData/Build/Intermediates.noindex/Paperloft.build/Debug/PaperloftApp.build/Objects-normal/arm64/ExtractedAppShortcutsMetadata.stringsdata --source-file-list /Users/builder/Factory/paperloft/evidence/checkouts/p2-checkpoint6b22fdd/build/DerivedData/Build/Intermediates.noindex/Paperloft.build/Debug/PaperloftApp.build/Objects-normal/arm64/Paperloft\ Receipts.SwiftFileList --metadata-file-list /Users/builder/Factory/paperloft/evidence/checkouts/p2-checkpoint6b22fdd/build/DerivedData/Build/Intermediates.noindex/Paperloft.build/Debug/PaperloftApp.build/Paperloft\ Receipts.DependencyMetadataFileList --static-metadata-file-list /Users/builder/Factory/paperloft/evidence/checkouts/p2-checkpoint6b22fdd/build/DerivedData/Build/Intermediates.noindex/Paperloft.build/Debug/PaperloftApp.build/Paperloft\ Receipts.DependencyStaticMetadataFileList --swift-const-vals-list /Users/builder/Factory/paperloft/evidence/checkouts/p2-checkpoint6b22fdd/build/DerivedData/Build/Intermediates.noindex/Paperloft.build/Debug/PaperloftApp.build/Objects-normal/arm64/Paperloft\ Receipts.SwiftConstValuesFileList --compile-time-extraction --deployment-aware-processing --no-app-shortcuts-localization
2026-09-26 21:42:56.279 appintentsmetadataprocessor[25465:889956] Starting appintentsmetadataprocessor export
2026-09-26 21:42:56.330 appintentsmetadataprocessor[25465:889956] Extracted no relevant App Intents symbols, skipping writing output

CodeSign /Users/builder/Factory/paperloft/evidence/checkouts/p2-checkpoint6b22fdd/build/DerivedData/Build/Products/Debug/Paperloft\ Receipts.app/Contents/MacOS/Paperloft\ Receipts.debug.dylib (in target 'PaperloftApp' from project 'Paperloft')
    cd /Users/builder/Factory/paperloft/evidence/checkouts/p2-checkpoint6b22fdd
    
    Signing Identity:     "Sign to Run Locally"
    
    /usr/bin/codesign --force --sign - --timestamp\=none --generate-entitlement-der /Users/builder/Factory/paperloft/evidence/checkouts/p2-checkpoint6b22fdd/build/DerivedData/Build/Products/Debug/Paperloft\ Receipts.app/Contents/MacOS/Paperloft\ Receipts.debug.dylib

CodeSign /Users/builder/Factory/paperloft/evidence/checkouts/p2-checkpoint6b22fdd/build/DerivedData/Build/Products/Debug/Paperloft\ Receipts.app/Contents/MacOS/__preview.dylib (in target 'PaperloftApp' from project 'Paperloft')
    cd /Users/builder/Factory/paperloft/evidence/checkouts/p2-checkpoint6b22fdd
    
    Signing Identity:     "Sign to Run Locally"
    
    /usr/bin/codesign --force --sign - --timestamp\=none --generate-entitlement-der /Users/builder/Factory/paperloft/evidence/checkouts/p2-checkpoint6b22fdd/build/DerivedData/Build/Products/Debug/Paperloft\ Receipts.app/Contents/MacOS/__preview.dylib

CodeSign /Users/builder/Factory/paperloft/evidence/checkouts/p2-checkpoint6b22fdd/build/DerivedData/Build/Products/Debug/Paperloft\ Receipts.app (in target 'PaperloftApp' from project 'Paperloft')
    cd /Users/builder/Factory/paperloft/evidence/checkouts/p2-checkpoint6b22fdd
    
    Signing Identity:     "Sign to Run Locally"
    
    /usr/bin/codesign --force --sign - --entitlements /Users/builder/Factory/paperloft/evidence/checkouts/p2-checkpoint6b22fdd/build/DerivedData/Build/Intermediates.noindex/Paperloft.build/Debug/PaperloftApp.build/Paperloft\ Receipts.app.xcent --timestamp\=none --generate-entitlement-der /Users/builder/Factory/paperloft/evidence/checkouts/p2-checkpoint6b22fdd/build/DerivedData/Build/Products/Debug/Paperloft\ Receipts.app

RegisterExecutionPolicyException /Users/builder/Factory/paperloft/evidence/checkouts/p2-checkpoint6b22fdd/build/DerivedData/Build/Products/Debug/Paperloft\ Receipts.app (in target 'PaperloftApp' from project 'Paperloft')
    cd /Users/builder/Factory/paperloft/evidence/checkouts/p2-checkpoint6b22fdd
    builtin-RegisterExecutionPolicyException /Users/builder/Factory/paperloft/evidence/checkouts/p2-checkpoint6b22fdd/build/DerivedData/Build/Products/Debug/Paperloft\ Receipts.app

Validate /Users/builder/Factory/paperloft/evidence/checkouts/p2-checkpoint6b22fdd/build/DerivedData/Build/Products/Debug/Paperloft\ Receipts.app (in target 'PaperloftApp' from project 'Paperloft')
    cd /Users/builder/Factory/paperloft/evidence/checkouts/p2-checkpoint6b22fdd
    builtin-validationUtility /Users/builder/Factory/paperloft/evidence/checkouts/p2-checkpoint6b22fdd/build/DerivedData/Build/Products/Debug/Paperloft\ Receipts.app -no-validate-extension -infoplist-subpath Contents/Info.plist

Touch /Users/builder/Factory/paperloft/evidence/checkouts/p2-checkpoint6b22fdd/build/DerivedData/Build/Products/Debug/Paperloft\ Receipts.app (in target 'PaperloftApp' from project 'Paperloft')
    cd /Users/builder/Factory/paperloft/evidence/checkouts/p2-checkpoint6b22fdd
    /usr/bin/touch -c /Users/builder/Factory/paperloft/evidence/checkouts/p2-checkpoint6b22fdd/build/DerivedData/Build/Products/Debug/Paperloft\ Receipts.app

RegisterWithLaunchServices /Users/builder/Factory/paperloft/evidence/checkouts/p2-checkpoint6b22fdd/build/DerivedData/Build/Products/Debug/Paperloft\ Receipts.app (in target 'PaperloftApp' from project 'Paperloft')
    cd /Users/builder/Factory/paperloft/evidence/checkouts/p2-checkpoint6b22fdd
    builtin-lsregisterurl --record-path /Users/builder/Factory/paperloft/evidence/checkouts/p2-checkpoint6b22fdd/build/DerivedData/Build/Intermediates.noindex/XCBuildData/registered-launchservices.txt -- /System/Library/Frameworks/CoreServices.framework/Versions/Current/Frameworks/LaunchServices.framework/Versions/Current/Support/lsregister -f -R -trusted /Users/builder/Factory/paperloft/evidence/checkouts/p2-checkpoint6b22fdd/build/DerivedData/Build/Products/Debug/Paperloft\ Receipts.app

PruneExplicitPrecompiledModules /Users/builder/Factory/paperloft/evidence/checkouts/p2-checkpoint6b22fdd/build/DerivedData/Build/Intermediates.noindex/SwiftExplicitPrecompiledModules

PruneExplicitPrecompiledModules /Users/builder/Factory/paperloft/evidence/checkouts/p2-checkpoint6b22fdd/build/DerivedData/SDKExplicitPrecompiledModules

PruneExplicitPrecompiledModules /Users/builder/Factory/paperloft/evidence/checkouts/p2-checkpoint6b22fdd/build/DerivedData/Build/Intermediates.noindex/ExplicitPrecompiledModules

** BUILD SUCCEEDED **

