Command line invocation:
    /Applications/Xcode.app/Contents/Developer/usr/bin/xcodebuild -project Paperloft.xcodeproj -scheme PaperloftApp -destination platform=macOS -derivedDataPath build/VerifierDerivedData SWIFT_TREAT_WARNINGS_AS_ERRORS=YES -configuration Debug clean build

Build settings from command line:
    SWIFT_TREAT_WARNINGS_AS_ERRORS = YES

Resolve Package Graph


Resolved source packages:
  PaperloftKit: /Users/builder/Factory/paperloft/evidence/checkouts/p2-checkpoint9283f0c/Packages/PaperloftKit @ local

CreateBuildRequest

SendProjectDescription

CreateBuildOperation

** CLEAN SUCCEEDED **

ComputePackagePrebuildTargetDependencyGraph

Prepare packages

CreateBuildRequest

SendProjectDescription

CreateBuildOperation

ComputeTargetDependencyGraph
note: Building targets in dependency order
note: Target dependency graph (3 targets)
    Target 'PaperloftApp' in project 'Paperloft'
        ➜ Explicit dependency on target 'PaperloftKit-product' in project 'PaperloftKit'
    Target 'PaperloftKit-product' in project 'PaperloftKit'
        ➜ Explicit dependency on target 'PaperloftKit' in project 'PaperloftKit'
    Target 'PaperloftKit' in project 'PaperloftKit' (no dependencies)

GatherProvisioningInputs

CreateBuildDescription

ExecuteExternalTool /Applications/Xcode.app/Contents/Developer/Toolchains/XcodeDefault.xctoolchain/usr/bin/swiftc --version

ExecuteExternalTool /Applications/Xcode.app/Contents/Developer/Toolchains/XcodeDefault.xctoolchain/usr/bin/clang -v -E -dM -isysroot /Applications/Xcode.app/Contents/Developer/Platforms/MacOSX.platform/Developer/SDKs/MacOSX27.0.sdk -x c -c /dev/null

ExecuteExternalTool /Applications/Xcode.app/Contents/Developer/Toolchains/XcodeDefault.xctoolchain/usr/bin/ld -version_details

Build description signature: 8daac032753d6271bdbbffc758e18400
Build description path: /Users/builder/Factory/paperloft/evidence/checkouts/p2-checkpoint9283f0c/build/VerifierDerivedData/Build/Intermediates.noindex/XCBuildData/8daac032753d6271bdbbffc758e18400.xcbuilddata
CreateBuildDirectory /Users/builder/Factory/paperloft/evidence/checkouts/p2-checkpoint9283f0c/build/VerifierDerivedData/ModuleCache.noindex
    cd /Users/builder/Factory/paperloft/evidence/checkouts/p2-checkpoint9283f0c/Paperloft.xcodeproj
    builtin-create-build-directory /Users/builder/Factory/paperloft/evidence/checkouts/p2-checkpoint9283f0c/build/VerifierDerivedData/ModuleCache.noindex

CreateBuildDirectory /Users/builder/Factory/paperloft/evidence/checkouts/p2-checkpoint9283f0c/build/VerifierDerivedData/SDKExplicitPrecompiledModules
    cd /Users/builder/Factory/paperloft/evidence/checkouts/p2-checkpoint9283f0c/Paperloft.xcodeproj
    builtin-create-build-directory /Users/builder/Factory/paperloft/evidence/checkouts/p2-checkpoint9283f0c/build/VerifierDerivedData/SDKExplicitPrecompiledModules

CreateBuildDirectory /Users/builder/Factory/paperloft/evidence/checkouts/p2-checkpoint9283f0c/build/VerifierDerivedData/CompilationCache.noindex
    cd /Users/builder/Factory/paperloft/evidence/checkouts/p2-checkpoint9283f0c/Paperloft.xcodeproj
    builtin-create-build-directory /Users/builder/Factory/paperloft/evidence/checkouts/p2-checkpoint9283f0c/build/VerifierDerivedData/CompilationCache.noindex

CreateBuildDirectory /Users/builder/Factory/paperloft/evidence/checkouts/p2-checkpoint9283f0c/build/VerifierDerivedData/Build/Products
    cd /Users/builder/Factory/paperloft/evidence/checkouts/p2-checkpoint9283f0c/Paperloft.xcodeproj
    builtin-create-build-directory /Users/builder/Factory/paperloft/evidence/checkouts/p2-checkpoint9283f0c/build/VerifierDerivedData/Build/Products

CreateBuildDirectory /Users/builder/Factory/paperloft/evidence/checkouts/p2-checkpoint9283f0c/build/VerifierDerivedData/Build/Intermediates.noindex
    cd /Users/builder/Factory/paperloft/evidence/checkouts/p2-checkpoint9283f0c/Paperloft.xcodeproj
    builtin-create-build-directory /Users/builder/Factory/paperloft/evidence/checkouts/p2-checkpoint9283f0c/build/VerifierDerivedData/Build/Intermediates.noindex

ClangStatCache /Applications/Xcode.app/Contents/Developer/Toolchains/XcodeDefault.xctoolchain/usr/bin/clang-stat-cache /Applications/Xcode.app/Contents/Developer/Platforms/MacOSX.platform/Developer/SDKs/MacOSX27.0.sdk /Users/builder/Factory/paperloft/evidence/checkouts/p2-checkpoint9283f0c/build/VerifierDerivedData/SDKStatCaches.noindex/macosx27.0-26A425-7231f6df4def33e022ae2eb8f782df1a.sdkstatcache
    cd /Users/builder/Factory/paperloft/evidence/checkouts/p2-checkpoint9283f0c/Paperloft.xcodeproj
    /Applications/Xcode.app/Contents/Developer/Toolchains/XcodeDefault.xctoolchain/usr/bin/clang-stat-cache /Applications/Xcode.app/Contents/Developer/Platforms/MacOSX.platform/Developer/SDKs/MacOSX27.0.sdk -o /Users/builder/Factory/paperloft/evidence/checkouts/p2-checkpoint9283f0c/build/VerifierDerivedData/SDKStatCaches.noindex/macosx27.0-26A425-7231f6df4def33e022ae2eb8f782df1a.sdkstatcache

CreateBuildDirectory /Users/builder/Factory/paperloft/evidence/checkouts/p2-checkpoint9283f0c/build/VerifierDerivedData/Build/Intermediates.noindex/SwiftExplicitPrecompiledModules
    cd /Users/builder/Factory/paperloft/evidence/checkouts/p2-checkpoint9283f0c/Paperloft.xcodeproj
    builtin-create-build-directory /Users/builder/Factory/paperloft/evidence/checkouts/p2-checkpoint9283f0c/build/VerifierDerivedData/Build/Intermediates.noindex/SwiftExplicitPrecompiledModules

CreateBuildDirectory /Users/builder/Factory/paperloft/evidence/checkouts/p2-checkpoint9283f0c/build/VerifierDerivedData/Build/Intermediates.noindex/PrecompiledHeaders
    cd /Users/builder/Factory/paperloft/evidence/checkouts/p2-checkpoint9283f0c/Paperloft.xcodeproj
    builtin-create-build-directory /Users/builder/Factory/paperloft/evidence/checkouts/p2-checkpoint9283f0c/build/VerifierDerivedData/Build/Intermediates.noindex/PrecompiledHeaders

CreateBuildDirectory /Users/builder/Factory/paperloft/evidence/checkouts/p2-checkpoint9283f0c/build/VerifierDerivedData/Build/Intermediates.noindex/ExplicitPrecompiledModules
    cd /Users/builder/Factory/paperloft/evidence/checkouts/p2-checkpoint9283f0c/Paperloft.xcodeproj
    builtin-create-build-directory /Users/builder/Factory/paperloft/evidence/checkouts/p2-checkpoint9283f0c/build/VerifierDerivedData/Build/Intermediates.noindex/ExplicitPrecompiledModules

CreateBuildDirectory /Users/builder/Factory/paperloft/evidence/checkouts/p2-checkpoint9283f0c/build/VerifierDerivedData/Build/Products/Debug
    cd /Users/builder/Factory/paperloft/evidence/checkouts/p2-checkpoint9283f0c/Paperloft.xcodeproj
    builtin-create-build-directory /Users/builder/Factory/paperloft/evidence/checkouts/p2-checkpoint9283f0c/build/VerifierDerivedData/Build/Products/Debug

CreateBuildDirectory /Users/builder/Factory/paperloft/evidence/checkouts/p2-checkpoint9283f0c/build/VerifierDerivedData/Build/Intermediates.noindex/EagerLinkingTBDs/Debug
    cd /Users/builder/Factory/paperloft/evidence/checkouts/p2-checkpoint9283f0c/Paperloft.xcodeproj
    builtin-create-build-directory /Users/builder/Factory/paperloft/evidence/checkouts/p2-checkpoint9283f0c/build/VerifierDerivedData/Build/Intermediates.noindex/EagerLinkingTBDs/Debug

WriteAuxiliaryFile /Users/builder/Factory/paperloft/evidence/checkouts/p2-checkpoint9283f0c/build/VerifierDerivedData/Build/Intermediates.noindex/Paperloft.build/Debug/Paperloft-b93ddc6bcd4d234a5473ab01ad3589c4-VFS/all-product-headers.yaml
    cd /Users/builder/Factory/paperloft/evidence/checkouts/p2-checkpoint9283f0c/Paperloft.xcodeproj
    write-file /Users/builder/Factory/paperloft/evidence/checkouts/p2-checkpoint9283f0c/build/VerifierDerivedData/Build/Intermediates.noindex/Paperloft.build/Debug/Paperloft-b93ddc6bcd4d234a5473ab01ad3589c4-VFS/all-product-headers.yaml

CreateBuildDirectory /Users/builder/Factory/paperloft/evidence/checkouts/p2-checkpoint9283f0c/build/VerifierDerivedData/Build/Products/Debug/PackageFrameworks
    cd /Users/builder/Factory/paperloft/evidence/checkouts/p2-checkpoint9283f0c/Paperloft.xcodeproj
    builtin-create-build-directory /Users/builder/Factory/paperloft/evidence/checkouts/p2-checkpoint9283f0c/build/VerifierDerivedData/Build/Products/Debug/PackageFrameworks

WriteAuxiliaryFile /Users/builder/Factory/paperloft/evidence/checkouts/p2-checkpoint9283f0c/build/VerifierDerivedData/Build/Intermediates.noindex/PaperloftKit.build/Debug/PaperloftKit-t.build/PaperloftKit.DependencyStaticMetadataFileList (in target 'PaperloftKit' from project 'PaperloftKit')
    cd /Users/builder/Factory/paperloft/evidence/checkouts/p2-checkpoint9283f0c/Packages/PaperloftKit
    write-file /Users/builder/Factory/paperloft/evidence/checkouts/p2-checkpoint9283f0c/build/VerifierDerivedData/Build/Intermediates.noindex/PaperloftKit.build/Debug/PaperloftKit-t.build/PaperloftKit.DependencyStaticMetadataFileList

WriteAuxiliaryFile /Users/builder/Factory/paperloft/evidence/checkouts/p2-checkpoint9283f0c/build/VerifierDerivedData/Build/Intermediates.noindex/PaperloftKit.build/Debug/PaperloftKit-t.build/PaperloftKit.DependencyMetadataFileList (in target 'PaperloftKit' from project 'PaperloftKit')
    cd /Users/builder/Factory/paperloft/evidence/checkouts/p2-checkpoint9283f0c/Packages/PaperloftKit
    write-file /Users/builder/Factory/paperloft/evidence/checkouts/p2-checkpoint9283f0c/build/VerifierDerivedData/Build/Intermediates.noindex/PaperloftKit.build/Debug/PaperloftKit-t.build/PaperloftKit.DependencyMetadataFileList

WriteAuxiliaryFile /Users/builder/Factory/paperloft/evidence/checkouts/p2-checkpoint9283f0c/build/VerifierDerivedData/Build/Intermediates.noindex/PaperloftKit.build/Debug/PaperloftKit-t.build/PaperloftKit.modulemap (in target 'PaperloftKit' from project 'PaperloftKit')
    cd /Users/builder/Factory/paperloft/evidence/checkouts/p2-checkpoint9283f0c/Packages/PaperloftKit
    write-file /Users/builder/Factory/paperloft/evidence/checkouts/p2-checkpoint9283f0c/build/VerifierDerivedData/Build/Intermediates.noindex/PaperloftKit.build/Debug/PaperloftKit-t.build/PaperloftKit.modulemap

WriteAuxiliaryFile /Users/builder/Factory/paperloft/evidence/checkouts/p2-checkpoint9283f0c/build/VerifierDerivedData/Build/Intermediates.noindex/PaperloftKit.build/Debug/PaperloftKit-t.build/Objects-normal/arm64/PaperloftKit.LinkFileList (in target 'PaperloftKit' from project 'PaperloftKit')
    cd /Users/builder/Factory/paperloft/evidence/checkouts/p2-checkpoint9283f0c/Packages/PaperloftKit
    write-file /Users/builder/Factory/paperloft/evidence/checkouts/p2-checkpoint9283f0c/build/VerifierDerivedData/Build/Intermediates.noindex/PaperloftKit.build/Debug/PaperloftKit-t.build/Objects-normal/arm64/PaperloftKit.LinkFileList

WriteAuxiliaryFile /Users/builder/Factory/paperloft/evidence/checkouts/p2-checkpoint9283f0c/build/VerifierDerivedData/Build/Intermediates.noindex/PaperloftKit.build/Debug/PaperloftKit-t.build/Objects-normal/arm64/PaperloftKit-OutputFileMap.json (in target 'PaperloftKit' from project 'PaperloftKit')
    cd /Users/builder/Factory/paperloft/evidence/checkouts/p2-checkpoint9283f0c/Packages/PaperloftKit
    write-file /Users/builder/Factory/paperloft/evidence/checkouts/p2-checkpoint9283f0c/build/VerifierDerivedData/Build/Intermediates.noindex/PaperloftKit.build/Debug/PaperloftKit-t.build/Objects-normal/arm64/PaperloftKit-OutputFileMap.json

WriteAuxiliaryFile /Users/builder/Factory/paperloft/evidence/checkouts/p2-checkpoint9283f0c/build/VerifierDerivedData/Build/Intermediates.noindex/PaperloftKit.build/Debug/PaperloftKit-t.build/Objects-normal/arm64/PaperloftKit.SwiftFileList (in target 'PaperloftKit' from project 'PaperloftKit')
    cd /Users/builder/Factory/paperloft/evidence/checkouts/p2-checkpoint9283f0c/Packages/PaperloftKit
    write-file /Users/builder/Factory/paperloft/evidence/checkouts/p2-checkpoint9283f0c/build/VerifierDerivedData/Build/Intermediates.noindex/PaperloftKit.build/Debug/PaperloftKit-t.build/Objects-normal/arm64/PaperloftKit.SwiftFileList

WriteAuxiliaryFile /Users/builder/Factory/paperloft/evidence/checkouts/p2-checkpoint9283f0c/build/VerifierDerivedData/Build/Intermediates.noindex/PaperloftKit.build/Debug/PaperloftKit-t.build/Objects-normal/arm64/PaperloftKit_const_extract_protocols.json (in target 'PaperloftKit' from project 'PaperloftKit')
    cd /Users/builder/Factory/paperloft/evidence/checkouts/p2-checkpoint9283f0c/Packages/PaperloftKit
    write-file /Users/builder/Factory/paperloft/evidence/checkouts/p2-checkpoint9283f0c/build/VerifierDerivedData/Build/Intermediates.noindex/PaperloftKit.build/Debug/PaperloftKit-t.build/Objects-normal/arm64/PaperloftKit_const_extract_protocols.json

WriteAuxiliaryFile /Users/builder/Factory/paperloft/evidence/checkouts/p2-checkpoint9283f0c/build/VerifierDerivedData/Build/Intermediates.noindex/Paperloft.build/Debug/PaperloftApp.build/empty-Paperloft\ Receipts.plist (in target 'PaperloftApp' from project 'Paperloft')
    cd /Users/builder/Factory/paperloft/evidence/checkouts/p2-checkpoint9283f0c
    write-file /Users/builder/Factory/paperloft/evidence/checkouts/p2-checkpoint9283f0c/build/VerifierDerivedData/Build/Intermediates.noindex/Paperloft.build/Debug/PaperloftApp.build/empty-Paperloft\ Receipts.plist

WriteAuxiliaryFile /Users/builder/Factory/paperloft/evidence/checkouts/p2-checkpoint9283f0c/build/VerifierDerivedData/Build/Intermediates.noindex/PaperloftKit.build/Debug/PaperloftKit-t.build/Objects-normal/arm64/PaperloftKit.SwiftConstValuesFileList (in target 'PaperloftKit' from project 'PaperloftKit')
    cd /Users/builder/Factory/paperloft/evidence/checkouts/p2-checkpoint9283f0c/Packages/PaperloftKit
    write-file /Users/builder/Factory/paperloft/evidence/checkouts/p2-checkpoint9283f0c/build/VerifierDerivedData/Build/Intermediates.noindex/PaperloftKit.build/Debug/PaperloftKit-t.build/Objects-normal/arm64/PaperloftKit.SwiftConstValuesFileList

WriteAuxiliaryFile /Users/builder/Factory/paperloft/evidence/checkouts/p2-checkpoint9283f0c/build/VerifierDerivedData/Build/Intermediates.noindex/Paperloft.build/Debug/PaperloftApp.build/Paperloft\ Receipts.DependencyStaticMetadataFileList (in target 'PaperloftApp' from project 'Paperloft')
    cd /Users/builder/Factory/paperloft/evidence/checkouts/p2-checkpoint9283f0c
    write-file /Users/builder/Factory/paperloft/evidence/checkouts/p2-checkpoint9283f0c/build/VerifierDerivedData/Build/Intermediates.noindex/Paperloft.build/Debug/PaperloftApp.build/Paperloft\ Receipts.DependencyStaticMetadataFileList

WriteAuxiliaryFile /Users/builder/Factory/paperloft/evidence/checkouts/p2-checkpoint9283f0c/build/VerifierDerivedData/Build/Intermediates.noindex/Paperloft.build/Debug/PaperloftApp.build/Paperloft\ Receipts.hmap (in target 'PaperloftApp' from project 'Paperloft')
    cd /Users/builder/Factory/paperloft/evidence/checkouts/p2-checkpoint9283f0c
    write-file /Users/builder/Factory/paperloft/evidence/checkouts/p2-checkpoint9283f0c/build/VerifierDerivedData/Build/Intermediates.noindex/Paperloft.build/Debug/PaperloftApp.build/Paperloft\ Receipts.hmap

WriteAuxiliaryFile /Users/builder/Factory/paperloft/evidence/checkouts/p2-checkpoint9283f0c/build/VerifierDerivedData/Build/Intermediates.noindex/Paperloft.build/Debug/PaperloftApp.build/Paperloft\ Receipts.DependencyMetadataFileList (in target 'PaperloftApp' from project 'Paperloft')
    cd /Users/builder/Factory/paperloft/evidence/checkouts/p2-checkpoint9283f0c
    write-file /Users/builder/Factory/paperloft/evidence/checkouts/p2-checkpoint9283f0c/build/VerifierDerivedData/Build/Intermediates.noindex/Paperloft.build/Debug/PaperloftApp.build/Paperloft\ Receipts.DependencyMetadataFileList

Copy /Users/builder/Factory/paperloft/evidence/checkouts/p2-checkpoint9283f0c/build/VerifierDerivedData/Build/Intermediates.noindex/GeneratedModuleMaps/PaperloftKit.modulemap /Users/builder/Factory/paperloft/evidence/checkouts/p2-checkpoint9283f0c/build/VerifierDerivedData/Build/Intermediates.noindex/PaperloftKit.build/Debug/PaperloftKit-t.build/PaperloftKit.modulemap (in target 'PaperloftKit' from project 'PaperloftKit')
    cd /Users/builder/Factory/paperloft/evidence/checkouts/p2-checkpoint9283f0c/Packages/PaperloftKit
    builtin-copy -exclude .DS_Store -exclude CVS -exclude .svn -exclude .git -exclude .hg -resolve-src-symlinks /Users/builder/Factory/paperloft/evidence/checkouts/p2-checkpoint9283f0c/build/VerifierDerivedData/Build/Intermediates.noindex/PaperloftKit.build/Debug/PaperloftKit-t.build/PaperloftKit.modulemap /Users/builder/Factory/paperloft/evidence/checkouts/p2-checkpoint9283f0c/build/VerifierDerivedData/Build/Intermediates.noindex/GeneratedModuleMaps

WriteAuxiliaryFile /Users/builder/Factory/paperloft/evidence/checkouts/p2-checkpoint9283f0c/build/VerifierDerivedData/Build/Intermediates.noindex/Paperloft.build/Debug/PaperloftApp.build/Paperloft\ Receipts-project-headers.hmap (in target 'PaperloftApp' from project 'Paperloft')
    cd /Users/builder/Factory/paperloft/evidence/checkouts/p2-checkpoint9283f0c
    write-file /Users/builder/Factory/paperloft/evidence/checkouts/p2-checkpoint9283f0c/build/VerifierDerivedData/Build/Intermediates.noindex/Paperloft.build/Debug/PaperloftApp.build/Paperloft\ Receipts-project-headers.hmap

WriteAuxiliaryFile /Users/builder/Factory/paperloft/evidence/checkouts/p2-checkpoint9283f0c/build/VerifierDerivedData/Build/Intermediates.noindex/Paperloft.build/Debug/PaperloftApp.build/Paperloft\ Receipts-generated-files.hmap (in target 'PaperloftApp' from project 'Paperloft')
    cd /Users/builder/Factory/paperloft/evidence/checkouts/p2-checkpoint9283f0c
    write-file /Users/builder/Factory/paperloft/evidence/checkouts/p2-checkpoint9283f0c/build/VerifierDerivedData/Build/Intermediates.noindex/Paperloft.build/Debug/PaperloftApp.build/Paperloft\ Receipts-generated-files.hmap

WriteAuxiliaryFile /Users/builder/Factory/paperloft/evidence/checkouts/p2-checkpoint9283f0c/build/VerifierDerivedData/Build/Intermediates.noindex/Paperloft.build/Debug/PaperloftApp.build/Paperloft\ Receipts-own-target-headers.hmap (in target 'PaperloftApp' from project 'Paperloft')
    cd /Users/builder/Factory/paperloft/evidence/checkouts/p2-checkpoint9283f0c
    write-file /Users/builder/Factory/paperloft/evidence/checkouts/p2-checkpoint9283f0c/build/VerifierDerivedData/Build/Intermediates.noindex/Paperloft.build/Debug/PaperloftApp.build/Paperloft\ Receipts-own-target-headers.hmap

WriteAuxiliaryFile /Users/builder/Factory/paperloft/evidence/checkouts/p2-checkpoint9283f0c/build/VerifierDerivedData/Build/Intermediates.noindex/Paperloft.build/Debug/PaperloftApp.build/Paperloft\ Receipts-all-target-headers.hmap (in target 'PaperloftApp' from project 'Paperloft')
    cd /Users/builder/Factory/paperloft/evidence/checkouts/p2-checkpoint9283f0c
    write-file /Users/builder/Factory/paperloft/evidence/checkouts/p2-checkpoint9283f0c/build/VerifierDerivedData/Build/Intermediates.noindex/Paperloft.build/Debug/PaperloftApp.build/Paperloft\ Receipts-all-target-headers.hmap

WriteAuxiliaryFile /Users/builder/Factory/paperloft/evidence/checkouts/p2-checkpoint9283f0c/build/VerifierDerivedData/Build/Intermediates.noindex/Paperloft.build/Debug/PaperloftApp.build/Paperloft\ Receipts-all-non-framework-target-headers.hmap (in target 'PaperloftApp' from project 'Paperloft')
    cd /Users/builder/Factory/paperloft/evidence/checkouts/p2-checkpoint9283f0c
    write-file /Users/builder/Factory/paperloft/evidence/checkouts/p2-checkpoint9283f0c/build/VerifierDerivedData/Build/Intermediates.noindex/Paperloft.build/Debug/PaperloftApp.build/Paperloft\ Receipts-all-non-framework-target-headers.hmap

WriteAuxiliaryFile /Users/builder/Factory/paperloft/evidence/checkouts/p2-checkpoint9283f0c/build/VerifierDerivedData/Build/Intermediates.noindex/Paperloft.build/Debug/PaperloftApp.build/Paperloft\ Receipts-DebugDylibPath-normal-arm64.txt (in target 'PaperloftApp' from project 'Paperloft')
    cd /Users/builder/Factory/paperloft/evidence/checkouts/p2-checkpoint9283f0c
    write-file /Users/builder/Factory/paperloft/evidence/checkouts/p2-checkpoint9283f0c/build/VerifierDerivedData/Build/Intermediates.noindex/Paperloft.build/Debug/PaperloftApp.build/Paperloft\ Receipts-DebugDylibPath-normal-arm64.txt

WriteAuxiliaryFile /Users/builder/Factory/paperloft/evidence/checkouts/p2-checkpoint9283f0c/build/VerifierDerivedData/Build/Intermediates.noindex/Paperloft.build/Debug/PaperloftApp.build/Paperloft\ Receipts-DebugDylibInstallName-normal-arm64.txt (in target 'PaperloftApp' from project 'Paperloft')
    cd /Users/builder/Factory/paperloft/evidence/checkouts/p2-checkpoint9283f0c
    write-file /Users/builder/Factory/paperloft/evidence/checkouts/p2-checkpoint9283f0c/build/VerifierDerivedData/Build/Intermediates.noindex/Paperloft.build/Debug/PaperloftApp.build/Paperloft\ Receipts-DebugDylibInstallName-normal-arm64.txt

WriteAuxiliaryFile /Users/builder/Factory/paperloft/evidence/checkouts/p2-checkpoint9283f0c/build/VerifierDerivedData/Build/Intermediates.noindex/Paperloft.build/Debug/PaperloftApp.build/Objects-normal/arm64/PaperloftApp_const_extract_protocols.json (in target 'PaperloftApp' from project 'Paperloft')
    cd /Users/builder/Factory/paperloft/evidence/checkouts/p2-checkpoint9283f0c
    write-file /Users/builder/Factory/paperloft/evidence/checkouts/p2-checkpoint9283f0c/build/VerifierDerivedData/Build/Intermediates.noindex/Paperloft.build/Debug/PaperloftApp.build/Objects-normal/arm64/PaperloftApp_const_extract_protocols.json

WriteAuxiliaryFile /Users/builder/Factory/paperloft/evidence/checkouts/p2-checkpoint9283f0c/build/VerifierDerivedData/Build/Intermediates.noindex/Paperloft.build/Debug/PaperloftApp.build/Objects-normal/arm64/PaperloftApp-OutputFileMap.json (in target 'PaperloftApp' from project 'Paperloft')
    cd /Users/builder/Factory/paperloft/evidence/checkouts/p2-checkpoint9283f0c
    write-file /Users/builder/Factory/paperloft/evidence/checkouts/p2-checkpoint9283f0c/build/VerifierDerivedData/Build/Intermediates.noindex/Paperloft.build/Debug/PaperloftApp.build/Objects-normal/arm64/PaperloftApp-OutputFileMap.json

WriteAuxiliaryFile /Users/builder/Factory/paperloft/evidence/checkouts/p2-checkpoint9283f0c/build/VerifierDerivedData/Build/Intermediates.noindex/Paperloft.build/Debug/PaperloftApp.build/Objects-normal/arm64/Paperloft\ Receipts.SwiftFileList (in target 'PaperloftApp' from project 'Paperloft')
    cd /Users/builder/Factory/paperloft/evidence/checkouts/p2-checkpoint9283f0c
    write-file /Users/builder/Factory/paperloft/evidence/checkouts/p2-checkpoint9283f0c/build/VerifierDerivedData/Build/Intermediates.noindex/Paperloft.build/Debug/PaperloftApp.build/Objects-normal/arm64/Paperloft\ Receipts.SwiftFileList

WriteAuxiliaryFile /Users/builder/Factory/paperloft/evidence/checkouts/p2-checkpoint9283f0c/build/VerifierDerivedData/Build/Intermediates.noindex/Paperloft.build/Debug/PaperloftApp.build/Objects-normal/arm64/Paperloft\ Receipts.SwiftConstValuesFileList (in target 'PaperloftApp' from project 'Paperloft')
    cd /Users/builder/Factory/paperloft/evidence/checkouts/p2-checkpoint9283f0c
    write-file /Users/builder/Factory/paperloft/evidence/checkouts/p2-checkpoint9283f0c/build/VerifierDerivedData/Build/Intermediates.noindex/Paperloft.build/Debug/PaperloftApp.build/Objects-normal/arm64/Paperloft\ Receipts.SwiftConstValuesFileList

WriteAuxiliaryFile /Users/builder/Factory/paperloft/evidence/checkouts/p2-checkpoint9283f0c/build/VerifierDerivedData/Build/Intermediates.noindex/Paperloft.build/Debug/PaperloftApp.build/Objects-normal/arm64/Paperloft\ Receipts.LinkFileList (in target 'PaperloftApp' from project 'Paperloft')
    cd /Users/builder/Factory/paperloft/evidence/checkouts/p2-checkpoint9283f0c
    write-file /Users/builder/Factory/paperloft/evidence/checkouts/p2-checkpoint9283f0c/build/VerifierDerivedData/Build/Intermediates.noindex/Paperloft.build/Debug/PaperloftApp.build/Objects-normal/arm64/Paperloft\ Receipts.LinkFileList

WriteAuxiliaryFile /Users/builder/Factory/paperloft/evidence/checkouts/p2-checkpoint9283f0c/build/VerifierDerivedData/Build/Intermediates.noindex/Paperloft.build/Debug/PaperloftApp.build/DerivedSources/Entitlements.plist (in target 'PaperloftApp' from project 'Paperloft')
    cd /Users/builder/Factory/paperloft/evidence/checkouts/p2-checkpoint9283f0c
    write-file /Users/builder/Factory/paperloft/evidence/checkouts/p2-checkpoint9283f0c/build/VerifierDerivedData/Build/Intermediates.noindex/Paperloft.build/Debug/PaperloftApp.build/DerivedSources/Entitlements.plist

MkDir /Users/builder/Factory/paperloft/evidence/checkouts/p2-checkpoint9283f0c/build/VerifierDerivedData/Build/Products/Debug/Paperloft\ Receipts.app/Contents/MacOS (in target 'PaperloftApp' from project 'Paperloft')
    cd /Users/builder/Factory/paperloft/evidence/checkouts/p2-checkpoint9283f0c
    /bin/mkdir -p /Users/builder/Factory/paperloft/evidence/checkouts/p2-checkpoint9283f0c/build/VerifierDerivedData/Build/Products/Debug/Paperloft\ Receipts.app/Contents/MacOS

MkDir /Users/builder/Factory/paperloft/evidence/checkouts/p2-checkpoint9283f0c/build/VerifierDerivedData/Build/Products/Debug/Paperloft\ Receipts.app/Contents (in target 'PaperloftApp' from project 'Paperloft')
    cd /Users/builder/Factory/paperloft/evidence/checkouts/p2-checkpoint9283f0c
    /bin/mkdir -p /Users/builder/Factory/paperloft/evidence/checkouts/p2-checkpoint9283f0c/build/VerifierDerivedData/Build/Products/Debug/Paperloft\ Receipts.app/Contents

MkDir /Users/builder/Factory/paperloft/evidence/checkouts/p2-checkpoint9283f0c/build/VerifierDerivedData/Build/Products/Debug/Paperloft\ Receipts.app (in target 'PaperloftApp' from project 'Paperloft')
    cd /Users/builder/Factory/paperloft/evidence/checkouts/p2-checkpoint9283f0c
    /bin/mkdir -p /Users/builder/Factory/paperloft/evidence/checkouts/p2-checkpoint9283f0c/build/VerifierDerivedData/Build/Products/Debug/Paperloft\ Receipts.app

MkDir /Users/builder/Factory/paperloft/evidence/checkouts/p2-checkpoint9283f0c/build/VerifierDerivedData/Build/Products/Debug/Paperloft\ Receipts.app/Contents/Resources (in target 'PaperloftApp' from project 'Paperloft')
    cd /Users/builder/Factory/paperloft/evidence/checkouts/p2-checkpoint9283f0c
    /bin/mkdir -p /Users/builder/Factory/paperloft/evidence/checkouts/p2-checkpoint9283f0c/build/VerifierDerivedData/Build/Products/Debug/Paperloft\ Receipts.app/Contents/Resources

SwiftDriver PaperloftKit normal arm64 com.apple.xcode.tools.swift.compiler (in target 'PaperloftKit' from project 'PaperloftKit')
    cd /Users/builder/Factory/paperloft/evidence/checkouts/p2-checkpoint9283f0c/Paperloft.xcodeproj
    builtin-SwiftDriver -- /Applications/Xcode.app/Contents/Developer/Toolchains/XcodeDefault.xctoolchain/usr/bin/swiftc -parse-as-library -module-name PaperloftKit -Onone @/Users/builder/Factory/paperloft/evidence/checkouts/p2-checkpoint9283f0c/build/VerifierDerivedData/Build/Intermediates.noindex/PaperloftKit.build/Debug/PaperloftKit-t.build/Objects-normal/arm64/PaperloftKit.SwiftFileList -DSWIFT_PACKAGE -DDEBUG -DSWIFT_MODULE_RESOURCE_BUNDLE_UNAVAILABLE -DXcode -plugin-path /Applications/Xcode.app/Contents/Developer/Toolchains/XcodeDefault.xctoolchain/usr/lib/swift/host/plugins/testing -enable-experimental-feature DebugDescriptionMacro -sdk /Applications/Xcode.app/Contents/Developer/Platforms/MacOSX.platform/Developer/SDKs/MacOSX27.0.sdk -target arm64-apple-macos27.0 -g -module-cache-path /Users/builder/Factory/paperloft/evidence/checkouts/p2-checkpoint9283f0c/build/VerifierDerivedData/ModuleCache.noindex -Xfrontend -serialize-debugging-options -profile-coverage-mapping -profile-generate -enable-testing -warnings-as-errors -index-store-path /Users/builder/Factory/paperloft/evidence/checkouts/p2-checkpoint9283f0c/build/VerifierDerivedData/Index.noindex/DataStore -Xcc -D_LIBCPP_HARDENING_MODE\=_LIBCPP_HARDENING_MODE_DEBUG -swift-version 6 -I /Users/builder/Factory/paperloft/evidence/checkouts/p2-checkpoint9283f0c/build/VerifierDerivedData/Build/Products/Debug -Isystem /Applications/Xcode.app/Contents/Developer/Platforms/MacOSX.platform/Developer/usr/lib -F /Users/builder/Factory/paperloft/evidence/checkouts/p2-checkpoint9283f0c/build/VerifierDerivedData/Build/Products/Debug -F /Applications/Xcode.app/Contents/Developer/Platforms/MacOSX.platform/Developer/Library/Frameworks -c -j10 -enable-batch-mode -incremental -Xcc -ivfsstatcache -Xcc /Users/builder/Factory/paperloft/evidence/checkouts/p2-checkpoint9283f0c/build/VerifierDerivedData/SDKStatCaches.noindex/macosx27.0-26A425-7231f6df4def33e022ae2eb8f782df1a.sdkstatcache -output-file-map /Users/builder/Factory/paperloft/evidence/checkouts/p2-checkpoint9283f0c/build/VerifierDerivedData/Build/Intermediates.noindex/PaperloftKit.build/Debug/PaperloftKit-t.build/Objects-normal/arm64/PaperloftKit-OutputFileMap.json -save-temps -no-color-diagnostics -explicit-module-build -module-cache-path /Users/builder/Factory/paperloft/evidence/checkouts/p2-checkpoint9283f0c/build/VerifierDerivedData/Build/Intermediates.noindex/SwiftExplicitPrecompiledModules -clang-scanner-module-cache-path /Users/builder/Factory/paperloft/evidence/checkouts/p2-checkpoint9283f0c/build/VerifierDerivedData/ModuleCache.noindex -sdk-module-cache-path /Users/builder/Factory/paperloft/evidence/checkouts/p2-checkpoint9283f0c/build/VerifierDerivedData/SDKExplicitPrecompiledModules -emit-dependencies -emit-module -emit-module-path /Users/builder/Factory/paperloft/evidence/checkouts/p2-checkpoint9283f0c/build/VerifierDerivedData/Build/Intermediates.noindex/PaperloftKit.build/Debug/PaperloftKit-t.build/Objects-normal/arm64/PaperloftKit.swiftmodule -serialize-diagnostics -dependency-scan-serialize-diagnostics-path /Users/builder/Factory/paperloft/evidence/checkouts/p2-checkpoint9283f0c/build/VerifierDerivedData/Build/Intermediates.noindex/PaperloftKit.build/Debug/PaperloftKit-t.build/Objects-normal/arm64/PaperloftKit-dependency-scan.dia -validate-clang-modules-once -clang-build-session-file /Users/builder/Factory/paperloft/evidence/checkouts/p2-checkpoint9283f0c/build/VerifierDerivedData/ModuleCache.noindex/Session.modulevalidation -Xcc -fmodules-prune-interval\=86400 -Xcc -fmodules-prune-after\=345600 -package-name paperloftkit -emit-const-values -const-gather-protocols-list /Users/builder/Factory/paperloft/evidence/checkouts/p2-checkpoint9283f0c/build/VerifierDerivedData/Build/Intermediates.noindex/PaperloftKit.build/Debug/PaperloftKit-t.build/Objects-normal/arm64/PaperloftKit_const_extract_protocols.json -Xcc -I/Users/builder/Factory/paperloft/evidence/checkouts/p2-checkpoint9283f0c/build/VerifierDerivedData/Build/Products/Debug/include -Xcc -I/Users/builder/Factory/paperloft/evidence/checkouts/p2-checkpoint9283f0c/build/VerifierDerivedData/Build/Intermediates.noindex/PaperloftKit.build/Debug/PaperloftKit-t.build/DerivedSources-normal/arm64 -Xcc -I/Users/builder/Factory/paperloft/evidence/checkouts/p2-checkpoint9283f0c/build/VerifierDerivedData/Build/Intermediates.noindex/PaperloftKit.build/Debug/PaperloftKit-t.build/DerivedSources/arm64 -Xcc -I/Users/builder/Factory/paperloft/evidence/checkouts/p2-checkpoint9283f0c/build/VerifierDerivedData/Build/Intermediates.noindex/PaperloftKit.build/Debug/PaperloftKit-t.build/DerivedSources -Xcc -DSWIFT_PACKAGE -Xcc -DDEBUG\=1 -emit-objc-header -emit-objc-header-path /Users/builder/Factory/paperloft/evidence/checkouts/p2-checkpoint9283f0c/build/VerifierDerivedData/Build/Intermediates.noindex/PaperloftKit.build/Debug/PaperloftKit-t.build/Objects-normal/arm64/PaperloftKit-Swift.h -working-directory /Users/builder/Factory/paperloft/evidence/checkouts/p2-checkpoint9283f0c/Paperloft.xcodeproj -experimental-emit-module-separately -disable-cmo

SwiftExplicitDependencyGeneratePcm arm64 /Users/builder/Factory/paperloft/evidence/checkouts/p2-checkpoint9283f0c/build/VerifierDerivedData/SDKExplicitPrecompiledModules/_Builtin_float-64Y7OHQ8E2ZWDSJEUSZIA7JWY.pcm

SwiftExplicitDependencyGeneratePcm arm64 /Users/builder/Factory/paperloft/evidence/checkouts/p2-checkpoint9283f0c/build/VerifierDerivedData/SDKExplicitPrecompiledModules/_AvailabilityInternal-21JTF32TK6WG3B4WPDU2413LD.pcm

SwiftExplicitDependencyGeneratePcm arm64 /Users/builder/Factory/paperloft/evidence/checkouts/p2-checkpoint9283f0c/build/VerifierDerivedData/SDKExplicitPrecompiledModules/_SwiftConcurrencyShims-1CYA1FL138703KEADHU3THXCZ.pcm

SwiftExplicitDependencyGeneratePcm arm64 /Users/builder/Factory/paperloft/evidence/checkouts/p2-checkpoint9283f0c/build/VerifierDerivedData/SDKExplicitPrecompiledModules/ptrcheck-A26QZLF29HVQKKA4CFMFAPO9B.pcm

SwiftExplicitDependencyGeneratePcm arm64 /Users/builder/Factory/paperloft/evidence/checkouts/p2-checkpoint9283f0c/build/VerifierDerivedData/SDKExplicitPrecompiledModules/_Builtin_stddef-O7J1825CLW0HJRT03HMIVHFN.pcm

SwiftExplicitDependencyGeneratePcm arm64 /Users/builder/Factory/paperloft/evidence/checkouts/p2-checkpoint9283f0c/build/VerifierDerivedData/SDKExplicitPrecompiledModules/_Builtin_stdarg-E54L0270BB3RPJ36FO59W81IO.pcm

SwiftExplicitDependencyGeneratePcm arm64 /Users/builder/Factory/paperloft/evidence/checkouts/p2-checkpoint9283f0c/build/VerifierDerivedData/SDKExplicitPrecompiledModules/ptrauth-D80FHR3P4LYA6G8331PN8UO9M.pcm

SwiftExplicitDependencyGeneratePcm arm64 /Users/builder/Factory/paperloft/evidence/checkouts/p2-checkpoint9283f0c/build/VerifierDerivedData/SDKExplicitPrecompiledModules/SwiftShims-2QMUTYEWK79Q7P3FEP0VW0ODJ.pcm

SwiftExplicitDependencyGeneratePcm arm64 /Users/builder/Factory/paperloft/evidence/checkouts/p2-checkpoint9283f0c/build/VerifierDerivedData/SDKExplicitPrecompiledModules/_Builtin_stdbool-A7RKCL0HD8WYTSJP3BGXCPOIN.pcm

SwiftExplicitDependencyGeneratePcm arm64 /Users/builder/Factory/paperloft/evidence/checkouts/p2-checkpoint9283f0c/build/VerifierDerivedData/SDKExplicitPrecompiledModules/_DarwinFoundation1-DLH3IKK9260R7M37R8WLOIRYB.pcm

SwiftExplicitDependencyGeneratePcm arm64 /Users/builder/Factory/paperloft/evidence/checkouts/p2-checkpoint9283f0c/build/VerifierDerivedData/SDKExplicitPrecompiledModules/_Builtin_limits-68K3JRA1KZU920JOU65GWAFZH.pcm

SwiftExplicitDependencyGeneratePcm arm64 /Users/builder/Factory/paperloft/evidence/checkouts/p2-checkpoint9283f0c/build/VerifierDerivedData/SDKExplicitPrecompiledModules/_DarwinFoundation2-9I9LTLBX63EK1ZF5G8QU9ADXD.pcm

SwiftExplicitDependencyGeneratePcm arm64 /Users/builder/Factory/paperloft/evidence/checkouts/p2-checkpoint9283f0c/build/VerifierDerivedData/SDKExplicitPrecompiledModules/_Builtin_tgmath-DHSSLO2S5PMBPREQWOVT7DMQF.pcm

SwiftExplicitDependencyGeneratePcm arm64 /Users/builder/Factory/paperloft/evidence/checkouts/p2-checkpoint9283f0c/build/VerifierDerivedData/SDKExplicitPrecompiledModules/sys_types-805HCL3XCJCZPQ8KMRSDH9VWV.pcm

SwiftExplicitDependencyGeneratePcm arm64 /Users/builder/Factory/paperloft/evidence/checkouts/p2-checkpoint9283f0c/build/VerifierDerivedData/SDKExplicitPrecompiledModules/string_h-CQNHO3IS019D6RJKYMPDOZ1G2.pcm

SwiftExplicitDependencyGeneratePcm arm64 /Users/builder/Factory/paperloft/evidence/checkouts/p2-checkpoint9283f0c/build/VerifierDerivedData/SDKExplicitPrecompiledModules/_Builtin_stdint-DR7I7E943DWMFIYVT0KADNU3W.pcm

SwiftExplicitDependencyGeneratePcm arm64 /Users/builder/Factory/paperloft/evidence/checkouts/p2-checkpoint9283f0c/build/VerifierDerivedData/SDKExplicitPrecompiledModules/libDER-84UYVCHXJKATJV6IURLW7QUIW.pcm

SwiftExplicitDependencyGeneratePcm arm64 /Users/builder/Factory/paperloft/evidence/checkouts/p2-checkpoint9283f0c/build/VerifierDerivedData/SDKExplicitPrecompiledModules/_DarwinFoundation3-AEXY7Q8WVK41CO9RYM24QQYY4.pcm

SwiftExplicitDependencyGeneratePcm arm64 /Users/builder/Factory/paperloft/evidence/checkouts/p2-checkpoint9283f0c/build/VerifierDerivedData/SDKExplicitPrecompiledModules/_Builtin_stdatomic-3EE7YPRUZ4RNS0D051MLZACBM.pcm

SwiftExplicitDependencyGeneratePcm arm64 /Users/builder/Factory/paperloft/evidence/checkouts/p2-checkpoint9283f0c/build/VerifierDerivedData/SDKExplicitPrecompiledModules/_Builtin_intrinsics-1ITUY73H7MDT9243V808FWT2.pcm

SwiftExplicitDependencyGeneratePcm arm64 /Users/builder/Factory/paperloft/evidence/checkouts/p2-checkpoint9283f0c/build/VerifierDerivedData/SDKExplicitPrecompiledModules/_Builtin_inttypes-3PT05G0XPUJ7QLQA3E562N9TD.pcm

SwiftExplicitDependencyGeneratePcm arm64 /Users/builder/Factory/paperloft/evidence/checkouts/p2-checkpoint9283f0c/build/VerifierDerivedData/SDKExplicitPrecompiledModules/Darwin-C22L4JZ7D1LOWR4SNYA1UEQE6.pcm

SwiftExplicitDependencyGeneratePcm arm64 /Users/builder/Factory/paperloft/evidence/checkouts/p2-checkpoint9283f0c/build/VerifierDerivedData/SDKExplicitPrecompiledModules/simd-AQ68S8IZ2LAI23HKKCDN5E3YF.pcm

SwiftExplicitDependencyGeneratePcm arm64 /Users/builder/Factory/paperloft/evidence/checkouts/p2-checkpoint9283f0c/build/VerifierDerivedData/SDKExplicitPrecompiledModules/MachO-CPYBAAQQRSS8H4WPPZ4WCRHFJ.pcm

SwiftExplicitDependencyGeneratePcm arm64 /Users/builder/Factory/paperloft/evidence/checkouts/p2-checkpoint9283f0c/build/VerifierDerivedData/SDKExplicitPrecompiledModules/libkern-C15F5PYIV0MIFY83QDZY2DKKQ.pcm

SwiftExplicitDependencyGeneratePcm arm64 /Users/builder/Factory/paperloft/evidence/checkouts/p2-checkpoint9283f0c/build/VerifierDerivedData/SDKExplicitPrecompiledModules/launch-2CPJ2UIZ0N2M4H4D3FVEB46XK.pcm

SwiftExplicitDependencyGeneratePcm arm64 /Users/builder/Factory/paperloft/evidence/checkouts/p2-checkpoint9283f0c/build/VerifierDerivedData/SDKExplicitPrecompiledModules/CUPS-LZDKSVVTBVRAYFR6QFSXV0AY.pcm

SwiftExplicitDependencyGeneratePcm arm64 /Users/builder/Factory/paperloft/evidence/checkouts/p2-checkpoint9283f0c/build/VerifierDerivedData/SDKExplicitPrecompiledModules/Compression-CDTG4WDCXJVA14CXI1NGLESDA.pcm

SwiftExplicitDependencyGeneratePcm arm64 /Users/builder/Factory/paperloft/evidence/checkouts/p2-checkpoint9283f0c/build/VerifierDerivedData/SDKExplicitPrecompiledModules/ObjectiveC-AKD2MY0EMXBIKUD16URBJVU56.pcm

SwiftExplicitDependencyGeneratePcm arm64 /Users/builder/Factory/paperloft/evidence/checkouts/p2-checkpoint9283f0c/build/VerifierDerivedData/SDKExplicitPrecompiledModules/os_object-CEJ3PII0KZRMC85JA6NU54K5O.pcm

SwiftExplicitDependencyGeneratePcm arm64 /Users/builder/Factory/paperloft/evidence/checkouts/p2-checkpoint9283f0c/build/VerifierDerivedData/SDKExplicitPrecompiledModules/os_workgroup-VZK2EA2UP2BJZRXI41ZRMF1D.pcm

SwiftExplicitDependencyGeneratePcm arm64 /Users/builder/Factory/paperloft/evidence/checkouts/p2-checkpoint9283f0c/build/VerifierDerivedData/SDKExplicitPrecompiledModules/Dispatch-9XCFDUHES6GJRH678SWCP11VS.pcm

SwiftExplicitDependencyGeneratePcm arm64 /Users/builder/Factory/paperloft/evidence/checkouts/p2-checkpoint9283f0c/build/VerifierDerivedData/SDKExplicitPrecompiledModules/CoreFoundation-9FHDVVR1Y3MSOWK21PKI6SRWE.pcm

SwiftExplicitDependencyGeneratePcm arm64 /Users/builder/Factory/paperloft/evidence/checkouts/p2-checkpoint9283f0c/build/VerifierDerivedData/SDKExplicitPrecompiledModules/XPC-24KS6MN5H58J14NQC306C4ZG8.pcm

SwiftExplicitDependencyGeneratePcm arm64 /Users/builder/Factory/paperloft/evidence/checkouts/p2-checkpoint9283f0c/build/VerifierDerivedData/SDKExplicitPrecompiledModules/os-BK12DEGU5NUCR86EQRIATPFMN.pcm

SwiftExplicitDependencyGeneratePcm arm64 /Users/builder/Factory/paperloft/evidence/checkouts/p2-checkpoint9283f0c/build/VerifierDerivedData/SDKExplicitPrecompiledModules/IOKit-DHURVQ41809XTH5QAE6T5WE3O.pcm

SwiftExplicitDependencyGeneratePcm arm64 /Users/builder/Factory/paperloft/evidence/checkouts/p2-checkpoint9283f0c/build/VerifierDerivedData/SDKExplicitPrecompiledModules/ColorSync-3FTHDBI17K322120PLPEOHHQE.pcm

SwiftExplicitDependencyGeneratePcm arm64 /Users/builder/Factory/paperloft/evidence/checkouts/p2-checkpoint9283f0c/build/VerifierDerivedData/SDKExplicitPrecompiledModules/CoreAudioTypes-AS8C224EU10NFVQ8SFEJ8IKL6.pcm

SwiftExplicitDependencyGeneratePcm arm64 /Users/builder/Factory/paperloft/evidence/checkouts/p2-checkpoint9283f0c/build/VerifierDerivedData/SDKExplicitPrecompiledModules/CFNetwork-MSK49RXNN2ABWNJTOX1KKG9Y.pcm

SwiftExplicitDependencyGeneratePcm arm64 /Users/builder/Factory/paperloft/evidence/checkouts/p2-checkpoint9283f0c/build/VerifierDerivedData/SDKExplicitPrecompiledModules/Security-4L24FIH3ORGLZNFO3YLLQ6U0T.pcm

SwiftExplicitDependencyGeneratePcm arm64 /Users/builder/Factory/paperloft/evidence/checkouts/p2-checkpoint9283f0c/build/VerifierDerivedData/SDKExplicitPrecompiledModules/DiskArbitration-4FFBCL1U7JW8YN7QX5VYDE9ML.pcm

SwiftExplicitDependencyGeneratePcm arm64 /Users/builder/Factory/paperloft/evidence/checkouts/p2-checkpoint9283f0c/build/VerifierDerivedData/SDKExplicitPrecompiledModules/CoreGraphics-1EN4T36D7I1B2T1J2IO4CVJL4.pcm

SwiftExplicitDependencyGeneratePcm arm64 /Users/builder/Factory/paperloft/evidence/checkouts/p2-checkpoint9283f0c/build/VerifierDerivedData/SDKExplicitPrecompiledModules/CoreServices-DPVF58ZOV743X8SM43Q58ODHC.pcm

SwiftExplicitDependencyGeneratePcm arm64 /Users/builder/Factory/paperloft/evidence/checkouts/p2-checkpoint9283f0c/build/VerifierDerivedData/SDKExplicitPrecompiledModules/ImageIO-1PR1XNOBSEZ3G85HQMOVJBM44.pcm

SwiftExplicitDependencyGeneratePcm arm64 /Users/builder/Factory/paperloft/evidence/checkouts/p2-checkpoint9283f0c/build/VerifierDerivedData/SDKExplicitPrecompiledModules/CoreText-72H7TL10HBMTWX0O22LJ2LO3Y.pcm

SwiftExplicitDependencyGeneratePcm arm64 /Users/builder/Factory/paperloft/evidence/checkouts/p2-checkpoint9283f0c/build/VerifierDerivedData/SDKExplicitPrecompiledModules/Foundation-EPA8QVHO3CFWBL3E55FXJTFWY.pcm

SwiftExplicitDependencyGeneratePcm arm64 /Users/builder/Factory/paperloft/evidence/checkouts/p2-checkpoint9283f0c/build/VerifierDerivedData/SDKExplicitPrecompiledModules/ApplicationServices-8RWOOL88OGAWZA4MTFWOEQSFH.pcm

SwiftExplicitDependencyGeneratePcm arm64 /Users/builder/Factory/paperloft/evidence/checkouts/p2-checkpoint9283f0c/build/VerifierDerivedData/SDKExplicitPrecompiledModules/IOSurface-9BI18KEGOIYE3B96QOBN30O2L.pcm

SwiftExplicitDependencyGeneratePcm arm64 /Users/builder/Factory/paperloft/evidence/checkouts/p2-checkpoint9283f0c/build/VerifierDerivedData/SDKExplicitPrecompiledModules/UniformTypeIdentifiers-5WO6IKKFXMLEWZX50MOM6A24F.pcm

SwiftExplicitDependencyGeneratePcm arm64 /Users/builder/Factory/paperloft/evidence/checkouts/p2-checkpoint9283f0c/build/VerifierDerivedData/SDKExplicitPrecompiledModules/DataDetection-DDXZSXW8MPQVE8GRWZZEOFPG9.pcm

SwiftExplicitDependencyGeneratePcm arm64 /Users/builder/Factory/paperloft/evidence/checkouts/p2-checkpoint9283f0c/build/VerifierDerivedData/SDKExplicitPrecompiledModules/CoreMIDI-7BOC1IWFWKJ77SPUN3MY9SRY8.pcm

SwiftExplicitDependencyGeneratePcm arm64 /Users/builder/Factory/paperloft/evidence/checkouts/p2-checkpoint9283f0c/build/VerifierDerivedData/SDKExplicitPrecompiledModules/CoreAudio-B7B4KYZ3LCM76C5G7QQVV1BDT.pcm

SwiftExplicitDependencyGeneratePcm arm64 /Users/builder/Factory/paperloft/evidence/checkouts/p2-checkpoint9283f0c/build/VerifierDerivedData/SDKExplicitPrecompiledModules/LocalAuthentication-DFPJMOFDMQLNJGS0J93L01ZN2.pcm

SwiftExplicitDependencyGeneratePcm arm64 /Users/builder/Factory/paperloft/evidence/checkouts/p2-checkpoint9283f0c/build/VerifierDerivedData/SDKExplicitPrecompiledModules/Metal-58ICFA2SLM9Y7UBXFIXN0CE73.pcm

SwiftExplicitDependencyGeneratePcm arm64 /Users/builder/Factory/paperloft/evidence/checkouts/p2-checkpoint9283f0c/build/VerifierDerivedData/SDKExplicitPrecompiledModules/OpenGL-EP1PHE73OINYLN8838MGYPL45.pcm

SwiftExplicitDependencyGeneratePcm arm64 /Users/builder/Factory/paperloft/evidence/checkouts/p2-checkpoint9283f0c/build/VerifierDerivedData/SDKExplicitPrecompiledModules/Carbon-4SD8FJ1LWNGFWNP3GVCCMLM6S.pcm

SwiftExplicitDependencyGeneratePcm arm64 /Users/builder/Factory/paperloft/evidence/checkouts/p2-checkpoint9283f0c/build/VerifierDerivedData/SDKExplicitPrecompiledModules/CoreVideo-81DP0MKH5VHABHZ8NF02GS5F9.pcm

SwiftExplicitDependencyGeneratePcm arm64 /Users/builder/Factory/paperloft/evidence/checkouts/p2-checkpoint9283f0c/build/VerifierDerivedData/SDKExplicitPrecompiledModules/AudioToolbox-IH7S5QG9RCRAR7VB2KFCJN6O.pcm

SwiftExplicitDependencyGeneratePcm arm64 /Users/builder/Factory/paperloft/evidence/checkouts/p2-checkpoint9283f0c/build/VerifierDerivedData/SDKExplicitPrecompiledModules/Accelerate-A3IWOMQ4YEU87NBI4PNKSDCH6.pcm

SwiftExplicitDependencyGeneratePcm arm64 /Users/builder/Factory/paperloft/evidence/checkouts/p2-checkpoint9283f0c/build/VerifierDerivedData/SDKExplicitPrecompiledModules/CoreImage-6MERSLMISWHFPQ9316MQ2Q6QO.pcm

SwiftExplicitDependencyGeneratePcm arm64 /Users/builder/Factory/paperloft/evidence/checkouts/p2-checkpoint9283f0c/build/VerifierDerivedData/SDKExplicitPrecompiledModules/CoreMedia-1VCW77D152MIMJNBIHHPKEUO.pcm

SwiftExplicitDependencyGeneratePcm arm64 /Users/builder/Factory/paperloft/evidence/checkouts/p2-checkpoint9283f0c/build/VerifierDerivedData/SDKExplicitPrecompiledModules/CoreML-5EMBDUATQU30X5AJ4TWMVZBQS.pcm

SwiftExplicitDependencyGeneratePcm arm64 /Users/builder/Factory/paperloft/evidence/checkouts/p2-checkpoint9283f0c/build/VerifierDerivedData/SDKExplicitPrecompiledModules/QuartzCore-8PILFQI5TLDUGZVAMJM6CS53V.pcm

SwiftExplicitDependencyGeneratePcm arm64 /Users/builder/Factory/paperloft/evidence/checkouts/p2-checkpoint9283f0c/build/VerifierDerivedData/SDKExplicitPrecompiledModules/MediaToolbox-6E766OQ9PZ44NU24ND4CE02RJ.pcm

SwiftExplicitDependencyGeneratePcm arm64 /Users/builder/Factory/paperloft/evidence/checkouts/p2-checkpoint9283f0c/build/VerifierDerivedData/SDKExplicitPrecompiledModules/VideoToolbox-CMLMPZM3V23F3QFJRG7S0AVM1.pcm

SwiftExplicitDependencyGeneratePcm arm64 /Users/builder/Factory/paperloft/evidence/checkouts/p2-checkpoint9283f0c/build/VerifierDerivedData/SDKExplicitPrecompiledModules/AVFAudio-1Z3G5ULND6MOIXUUZY06XPPEV.pcm

SwiftExplicitDependencyGeneratePcm arm64 /Users/builder/Factory/paperloft/evidence/checkouts/p2-checkpoint9283f0c/build/VerifierDerivedData/SDKExplicitPrecompiledModules/Vision-8NGD4A3QRD49P40FBECMNX02U.pcm

SwiftExplicitDependencyGeneratePcm arm64 /Users/builder/Factory/paperloft/evidence/checkouts/p2-checkpoint9283f0c/build/VerifierDerivedData/SDKExplicitPrecompiledModules/AVFoundation-BQN2LG2044K04LXB9KDJ130WD.pcm

SwiftEmitModule normal arm64 Emitting\ module\ for\ PaperloftKit (in target 'PaperloftKit' from project 'PaperloftKit')

SwiftCompile normal arm64 (in target 'PaperloftKit' from project 'PaperloftKit')
    cd /Users/builder/Factory/paperloft/evidence/checkouts/p2-checkpoint9283f0c/Paperloft.xcodeproj
    

SwiftCompile normal arm64 Compiling\ Money.swift /Users/builder/Factory/paperloft/evidence/checkouts/p2-checkpoint9283f0c/Packages/PaperloftKit/Sources/PaperloftKit/Money.swift (in target 'PaperloftKit' from project 'PaperloftKit')

SwiftCompile normal arm64 /Users/builder/Factory/paperloft/evidence/checkouts/p2-checkpoint9283f0c/Packages/PaperloftKit/Sources/PaperloftKit/Money.swift (in target 'PaperloftKit' from project 'PaperloftKit')
    cd /Users/builder/Factory/paperloft/evidence/checkouts/p2-checkpoint9283f0c/Paperloft.xcodeproj
    builtin-SwiftPerFileCompile Money.swift

SwiftCompile normal arm64 Compiling\ Recognize.swift /Users/builder/Factory/paperloft/evidence/checkouts/p2-checkpoint9283f0c/Packages/PaperloftKit/Sources/PaperloftKit/Recognize.swift (in target 'PaperloftKit' from project 'PaperloftKit')

SwiftCompile normal arm64 /Users/builder/Factory/paperloft/evidence/checkouts/p2-checkpoint9283f0c/Packages/PaperloftKit/Sources/PaperloftKit/Recognize.swift (in target 'PaperloftKit' from project 'PaperloftKit')
    cd /Users/builder/Factory/paperloft/evidence/checkouts/p2-checkpoint9283f0c/Paperloft.xcodeproj
    builtin-SwiftPerFileCompile Recognize.swift

SwiftCompile normal arm64 Compiling\ ReceiptEngine.swift /Users/builder/Factory/paperloft/evidence/checkouts/p2-checkpoint9283f0c/Packages/PaperloftKit/Sources/PaperloftKit/ReceiptEngine.swift (in target 'PaperloftKit' from project 'PaperloftKit')

SwiftCompile normal arm64 /Users/builder/Factory/paperloft/evidence/checkouts/p2-checkpoint9283f0c/Packages/PaperloftKit/Sources/PaperloftKit/ReceiptEngine.swift (in target 'PaperloftKit' from project 'PaperloftKit')
    cd /Users/builder/Factory/paperloft/evidence/checkouts/p2-checkpoint9283f0c/Paperloft.xcodeproj
    builtin-SwiftPerFileCompile ReceiptEngine.swift

SwiftCompile normal arm64 Compiling\ Receipt.swift /Users/builder/Factory/paperloft/evidence/checkouts/p2-checkpoint9283f0c/Packages/PaperloftKit/Sources/PaperloftKit/Receipt.swift (in target 'PaperloftKit' from project 'PaperloftKit')

SwiftCompile normal arm64 /Users/builder/Factory/paperloft/evidence/checkouts/p2-checkpoint9283f0c/Packages/PaperloftKit/Sources/PaperloftKit/Receipt.swift (in target 'PaperloftKit' from project 'PaperloftKit')
    cd /Users/builder/Factory/paperloft/evidence/checkouts/p2-checkpoint9283f0c/Paperloft.xcodeproj
    builtin-SwiftPerFileCompile Receipt.swift

SwiftCompile normal arm64 Compiling\ ReceiptIndex.swift /Users/builder/Factory/paperloft/evidence/checkouts/p2-checkpoint9283f0c/Packages/PaperloftKit/Sources/PaperloftKit/ReceiptIndex.swift (in target 'PaperloftKit' from project 'PaperloftKit')

SwiftCompile normal arm64 /Users/builder/Factory/paperloft/evidence/checkouts/p2-checkpoint9283f0c/Packages/PaperloftKit/Sources/PaperloftKit/ReceiptIndex.swift (in target 'PaperloftKit' from project 'PaperloftKit')
    cd /Users/builder/Factory/paperloft/evidence/checkouts/p2-checkpoint9283f0c/Paperloft.xcodeproj
    builtin-SwiftPerFileCompile ReceiptIndex.swift

SwiftCompile normal arm64 Compiling\ TextLayout.swift /Users/builder/Factory/paperloft/evidence/checkouts/p2-checkpoint9283f0c/Packages/PaperloftKit/Sources/PaperloftKit/TextLayout.swift (in target 'PaperloftKit' from project 'PaperloftKit')

SwiftCompile normal arm64 /Users/builder/Factory/paperloft/evidence/checkouts/p2-checkpoint9283f0c/Packages/PaperloftKit/Sources/PaperloftKit/TextLayout.swift (in target 'PaperloftKit' from project 'PaperloftKit')
    cd /Users/builder/Factory/paperloft/evidence/checkouts/p2-checkpoint9283f0c/Paperloft.xcodeproj
    builtin-SwiftPerFileCompile TextLayout.swift

SwiftCompile normal arm64 Compiling\ LibraryAccess.swift /Users/builder/Factory/paperloft/evidence/checkouts/p2-checkpoint9283f0c/Packages/PaperloftKit/Sources/PaperloftKit/LibraryAccess.swift (in target 'PaperloftKit' from project 'PaperloftKit')

SwiftCompile normal arm64 /Users/builder/Factory/paperloft/evidence/checkouts/p2-checkpoint9283f0c/Packages/PaperloftKit/Sources/PaperloftKit/LibraryAccess.swift (in target 'PaperloftKit' from project 'PaperloftKit')
    cd /Users/builder/Factory/paperloft/evidence/checkouts/p2-checkpoint9283f0c/Paperloft.xcodeproj
    builtin-SwiftPerFileCompile LibraryAccess.swift

SwiftCompile normal arm64 Compiling\ LibraryStore.swift /Users/builder/Factory/paperloft/evidence/checkouts/p2-checkpoint9283f0c/Packages/PaperloftKit/Sources/PaperloftKit/LibraryStore.swift (in target 'PaperloftKit' from project 'PaperloftKit')

SwiftCompile normal arm64 /Users/builder/Factory/paperloft/evidence/checkouts/p2-checkpoint9283f0c/Packages/PaperloftKit/Sources/PaperloftKit/LibraryStore.swift (in target 'PaperloftKit' from project 'PaperloftKit')
    cd /Users/builder/Factory/paperloft/evidence/checkouts/p2-checkpoint9283f0c/Paperloft.xcodeproj
    builtin-SwiftPerFileCompile LibraryStore.swift

SwiftCompile normal arm64 Compiling\ LibraryFiles.swift /Users/builder/Factory/paperloft/evidence/checkouts/p2-checkpoint9283f0c/Packages/PaperloftKit/Sources/PaperloftKit/LibraryFiles.swift (in target 'PaperloftKit' from project 'PaperloftKit')

SwiftCompile normal arm64 /Users/builder/Factory/paperloft/evidence/checkouts/p2-checkpoint9283f0c/Packages/PaperloftKit/Sources/PaperloftKit/LibraryFiles.swift (in target 'PaperloftKit' from project 'PaperloftKit')
    cd /Users/builder/Factory/paperloft/evidence/checkouts/p2-checkpoint9283f0c/Paperloft.xcodeproj
    builtin-SwiftPerFileCompile LibraryFiles.swift

SwiftCompile normal arm64 Compiling\ Assessment.swift,\ Extraction.swift /Users/builder/Factory/paperloft/evidence/checkouts/p2-checkpoint9283f0c/Packages/PaperloftKit/Sources/PaperloftKit/Assessment.swift /Users/builder/Factory/paperloft/evidence/checkouts/p2-checkpoint9283f0c/Packages/PaperloftKit/Sources/PaperloftKit/Extraction.swift (in target 'PaperloftKit' from project 'PaperloftKit')

SwiftCompile normal arm64 /Users/builder/Factory/paperloft/evidence/checkouts/p2-checkpoint9283f0c/Packages/PaperloftKit/Sources/PaperloftKit/Assessment.swift (in target 'PaperloftKit' from project 'PaperloftKit')
    cd /Users/builder/Factory/paperloft/evidence/checkouts/p2-checkpoint9283f0c/Paperloft.xcodeproj
    builtin-SwiftPerFileCompile Assessment.swift

SwiftCompile normal arm64 /Users/builder/Factory/paperloft/evidence/checkouts/p2-checkpoint9283f0c/Packages/PaperloftKit/Sources/PaperloftKit/Extraction.swift (in target 'PaperloftKit' from project 'PaperloftKit')
    cd /Users/builder/Factory/paperloft/evidence/checkouts/p2-checkpoint9283f0c/Paperloft.xcodeproj
    builtin-SwiftPerFileCompile Extraction.swift

SwiftDriverJobDiscovery normal arm64 Emitting module for PaperloftKit (in target 'PaperloftKit' from project 'PaperloftKit')

SwiftDriver\ Compilation\ Requirements PaperloftKit normal arm64 com.apple.xcode.tools.swift.compiler (in target 'PaperloftKit' from project 'PaperloftKit')
    cd /Users/builder/Factory/paperloft/evidence/checkouts/p2-checkpoint9283f0c/Paperloft.xcodeproj
    builtin-Swift-Compilation-Requirements -- /Applications/Xcode.app/Contents/Developer/Toolchains/XcodeDefault.xctoolchain/usr/bin/swiftc -parse-as-library -module-name PaperloftKit -Onone @/Users/builder/Factory/paperloft/evidence/checkouts/p2-checkpoint9283f0c/build/VerifierDerivedData/Build/Intermediates.noindex/PaperloftKit.build/Debug/PaperloftKit-t.build/Objects-normal/arm64/PaperloftKit.SwiftFileList -DSWIFT_PACKAGE -DDEBUG -DSWIFT_MODULE_RESOURCE_BUNDLE_UNAVAILABLE -DXcode -plugin-path /Applications/Xcode.app/Contents/Developer/Toolchains/XcodeDefault.xctoolchain/usr/lib/swift/host/plugins/testing -enable-experimental-feature DebugDescriptionMacro -sdk /Applications/Xcode.app/Contents/Developer/Platforms/MacOSX.platform/Developer/SDKs/MacOSX27.0.sdk -target arm64-apple-macos27.0 -g -module-cache-path /Users/builder/Factory/paperloft/evidence/checkouts/p2-checkpoint9283f0c/build/VerifierDerivedData/ModuleCache.noindex -Xfrontend -serialize-debugging-options -profile-coverage-mapping -profile-generate -enable-testing -warnings-as-errors -index-store-path /Users/builder/Factory/paperloft/evidence/checkouts/p2-checkpoint9283f0c/build/VerifierDerivedData/Index.noindex/DataStore -Xcc -D_LIBCPP_HARDENING_MODE\=_LIBCPP_HARDENING_MODE_DEBUG -swift-version 6 -I /Users/builder/Factory/paperloft/evidence/checkouts/p2-checkpoint9283f0c/build/VerifierDerivedData/Build/Products/Debug -Isystem /Applications/Xcode.app/Contents/Developer/Platforms/MacOSX.platform/Developer/usr/lib -F /Users/builder/Factory/paperloft/evidence/checkouts/p2-checkpoint9283f0c/build/VerifierDerivedData/Build/Products/Debug -F /Applications/Xcode.app/Contents/Developer/Platforms/MacOSX.platform/Developer/Library/Frameworks -c -j10 -enable-batch-mode -incremental -Xcc -ivfsstatcache -Xcc /Users/builder/Factory/paperloft/evidence/checkouts/p2-checkpoint9283f0c/build/VerifierDerivedData/SDKStatCaches.noindex/macosx27.0-26A425-7231f6df4def33e022ae2eb8f782df1a.sdkstatcache -output-file-map /Users/builder/Factory/paperloft/evidence/checkouts/p2-checkpoint9283f0c/build/VerifierDerivedData/Build/Intermediates.noindex/PaperloftKit.build/Debug/PaperloftKit-t.build/Objects-normal/arm64/PaperloftKit-OutputFileMap.json -save-temps -no-color-diagnostics -explicit-module-build -module-cache-path /Users/builder/Factory/paperloft/evidence/checkouts/p2-checkpoint9283f0c/build/VerifierDerivedData/Build/Intermediates.noindex/SwiftExplicitPrecompiledModules -clang-scanner-module-cache-path /Users/builder/Factory/paperloft/evidence/checkouts/p2-checkpoint9283f0c/build/VerifierDerivedData/ModuleCache.noindex -sdk-module-cache-path /Users/builder/Factory/paperloft/evidence/checkouts/p2-checkpoint9283f0c/build/VerifierDerivedData/SDKExplicitPrecompiledModules -emit-dependencies -emit-module -emit-module-path /Users/builder/Factory/paperloft/evidence/checkouts/p2-checkpoint9283f0c/build/VerifierDerivedData/Build/Intermediates.noindex/PaperloftKit.build/Debug/PaperloftKit-t.build/Objects-normal/arm64/PaperloftKit.swiftmodule -serialize-diagnostics -dependency-scan-serialize-diagnostics-path /Users/builder/Factory/paperloft/evidence/checkouts/p2-checkpoint9283f0c/build/VerifierDerivedData/Build/Intermediates.noindex/PaperloftKit.build/Debug/PaperloftKit-t.build/Objects-normal/arm64/PaperloftKit-dependency-scan.dia -validate-clang-modules-once -clang-build-session-file /Users/builder/Factory/paperloft/evidence/checkouts/p2-checkpoint9283f0c/build/VerifierDerivedData/ModuleCache.noindex/Session.modulevalidation -Xcc -fmodules-prune-interval\=86400 -Xcc -fmodules-prune-after\=345600 -package-name paperloftkit -emit-const-values -const-gather-protocols-list /Users/builder/Factory/paperloft/evidence/checkouts/p2-checkpoint9283f0c/build/VerifierDerivedData/Build/Intermediates.noindex/PaperloftKit.build/Debug/PaperloftKit-t.build/Objects-normal/arm64/PaperloftKit_const_extract_protocols.json -Xcc -I/Users/builder/Factory/paperloft/evidence/checkouts/p2-checkpoint9283f0c/build/VerifierDerivedData/Build/Products/Debug/include -Xcc -I/Users/builder/Factory/paperloft/evidence/checkouts/p2-checkpoint9283f0c/build/VerifierDerivedData/Build/Intermediates.noindex/PaperloftKit.build/Debug/PaperloftKit-t.build/DerivedSources-normal/arm64 -Xcc -I/Users/builder/Factory/paperloft/evidence/checkouts/p2-checkpoint9283f0c/build/VerifierDerivedData/Build/Intermediates.noindex/PaperloftKit.build/Debug/PaperloftKit-t.build/DerivedSources/arm64 -Xcc -I/Users/builder/Factory/paperloft/evidence/checkouts/p2-checkpoint9283f0c/build/VerifierDerivedData/Build/Intermediates.noindex/PaperloftKit.build/Debug/PaperloftKit-t.build/DerivedSources -Xcc -DSWIFT_PACKAGE -Xcc -DDEBUG\=1 -emit-objc-header -emit-objc-header-path /Users/builder/Factory/paperloft/evidence/checkouts/p2-checkpoint9283f0c/build/VerifierDerivedData/Build/Intermediates.noindex/PaperloftKit.build/Debug/PaperloftKit-t.build/Objects-normal/arm64/PaperloftKit-Swift.h -working-directory /Users/builder/Factory/paperloft/evidence/checkouts/p2-checkpoint9283f0c/Paperloft.xcodeproj -experimental-emit-module-separately -disable-cmo

SwiftDriverJobDiscovery normal arm64 Compiling Money.swift (in target 'PaperloftKit' from project 'PaperloftKit')

SwiftMergeGeneratedHeaders /Users/builder/Factory/paperloft/evidence/checkouts/p2-checkpoint9283f0c/build/VerifierDerivedData/Build/Intermediates.noindex/GeneratedModuleMaps/PaperloftKit-Swift.h /Users/builder/Factory/paperloft/evidence/checkouts/p2-checkpoint9283f0c/build/VerifierDerivedData/Build/Intermediates.noindex/PaperloftKit.build/Debug/PaperloftKit-t.build/Objects-normal/arm64/PaperloftKit-Swift.h (in target 'PaperloftKit' from project 'PaperloftKit')
    cd /Users/builder/Factory/paperloft/evidence/checkouts/p2-checkpoint9283f0c/Packages/PaperloftKit
    builtin-swiftHeaderTool -arch arm64 /Users/builder/Factory/paperloft/evidence/checkouts/p2-checkpoint9283f0c/build/VerifierDerivedData/Build/Intermediates.noindex/PaperloftKit.build/Debug/PaperloftKit-t.build/Objects-normal/arm64/PaperloftKit-Swift.h -o /Users/builder/Factory/paperloft/evidence/checkouts/p2-checkpoint9283f0c/build/VerifierDerivedData/Build/Intermediates.noindex/GeneratedModuleMaps/PaperloftKit-Swift.h

Copy /Users/builder/Factory/paperloft/evidence/checkouts/p2-checkpoint9283f0c/build/VerifierDerivedData/Build/Products/Debug/PaperloftKit.swiftmodule/arm64-apple-macos.swiftmodule /Users/builder/Factory/paperloft/evidence/checkouts/p2-checkpoint9283f0c/build/VerifierDerivedData/Build/Intermediates.noindex/PaperloftKit.build/Debug/PaperloftKit-t.build/Objects-normal/arm64/PaperloftKit.swiftmodule (in target 'PaperloftKit' from project 'PaperloftKit')
    cd /Users/builder/Factory/paperloft/evidence/checkouts/p2-checkpoint9283f0c/Packages/PaperloftKit
    builtin-copy -exclude .DS_Store -exclude CVS -exclude .svn -exclude .git -exclude .hg -resolve-src-symlinks -rename /Users/builder/Factory/paperloft/evidence/checkouts/p2-checkpoint9283f0c/build/VerifierDerivedData/Build/Intermediates.noindex/PaperloftKit.build/Debug/PaperloftKit-t.build/Objects-normal/arm64/PaperloftKit.swiftmodule /Users/builder/Factory/paperloft/evidence/checkouts/p2-checkpoint9283f0c/build/VerifierDerivedData/Build/Products/Debug/PaperloftKit.swiftmodule/arm64-apple-macos.swiftmodule

SwiftDriverJobDiscovery normal arm64 Compiling LibraryAccess.swift (in target 'PaperloftKit' from project 'PaperloftKit')

Copy /Users/builder/Factory/paperloft/evidence/checkouts/p2-checkpoint9283f0c/build/VerifierDerivedData/Build/Products/Debug/PaperloftKit.swiftmodule/arm64-apple-macos.swiftdoc /Users/builder/Factory/paperloft/evidence/checkouts/p2-checkpoint9283f0c/build/VerifierDerivedData/Build/Intermediates.noindex/PaperloftKit.build/Debug/PaperloftKit-t.build/Objects-normal/arm64/PaperloftKit.swiftdoc (in target 'PaperloftKit' from project 'PaperloftKit')
    cd /Users/builder/Factory/paperloft/evidence/checkouts/p2-checkpoint9283f0c/Packages/PaperloftKit
    builtin-copy -exclude .DS_Store -exclude CVS -exclude .svn -exclude .git -exclude .hg -resolve-src-symlinks -rename /Users/builder/Factory/paperloft/evidence/checkouts/p2-checkpoint9283f0c/build/VerifierDerivedData/Build/Intermediates.noindex/PaperloftKit.build/Debug/PaperloftKit-t.build/Objects-normal/arm64/PaperloftKit.swiftdoc /Users/builder/Factory/paperloft/evidence/checkouts/p2-checkpoint9283f0c/build/VerifierDerivedData/Build/Products/Debug/PaperloftKit.swiftmodule/arm64-apple-macos.swiftdoc

Copy /Users/builder/Factory/paperloft/evidence/checkouts/p2-checkpoint9283f0c/build/VerifierDerivedData/Build/Products/Debug/PaperloftKit.swiftmodule/arm64-apple-macos.abi.json /Users/builder/Factory/paperloft/evidence/checkouts/p2-checkpoint9283f0c/build/VerifierDerivedData/Build/Intermediates.noindex/PaperloftKit.build/Debug/PaperloftKit-t.build/Objects-normal/arm64/PaperloftKit.abi.json (in target 'PaperloftKit' from project 'PaperloftKit')
    cd /Users/builder/Factory/paperloft/evidence/checkouts/p2-checkpoint9283f0c/Packages/PaperloftKit
    builtin-copy -exclude .DS_Store -exclude CVS -exclude .svn -exclude .git -exclude .hg -resolve-src-symlinks -rename /Users/builder/Factory/paperloft/evidence/checkouts/p2-checkpoint9283f0c/build/VerifierDerivedData/Build/Intermediates.noindex/PaperloftKit.build/Debug/PaperloftKit-t.build/Objects-normal/arm64/PaperloftKit.abi.json /Users/builder/Factory/paperloft/evidence/checkouts/p2-checkpoint9283f0c/build/VerifierDerivedData/Build/Products/Debug/PaperloftKit.swiftmodule/arm64-apple-macos.abi.json

Copy /Users/builder/Factory/paperloft/evidence/checkouts/p2-checkpoint9283f0c/build/VerifierDerivedData/Build/Products/Debug/PaperloftKit.swiftmodule/Project/arm64-apple-macos.swiftsourceinfo /Users/builder/Factory/paperloft/evidence/checkouts/p2-checkpoint9283f0c/build/VerifierDerivedData/Build/Intermediates.noindex/PaperloftKit.build/Debug/PaperloftKit-t.build/Objects-normal/arm64/PaperloftKit.swiftsourceinfo (in target 'PaperloftKit' from project 'PaperloftKit')
    cd /Users/builder/Factory/paperloft/evidence/checkouts/p2-checkpoint9283f0c/Packages/PaperloftKit
    builtin-copy -exclude .DS_Store -exclude CVS -exclude .svn -exclude .git -exclude .hg -resolve-src-symlinks -rename /Users/builder/Factory/paperloft/evidence/checkouts/p2-checkpoint9283f0c/build/VerifierDerivedData/Build/Intermediates.noindex/PaperloftKit.build/Debug/PaperloftKit-t.build/Objects-normal/arm64/PaperloftKit.swiftsourceinfo /Users/builder/Factory/paperloft/evidence/checkouts/p2-checkpoint9283f0c/build/VerifierDerivedData/Build/Products/Debug/PaperloftKit.swiftmodule/Project/arm64-apple-macos.swiftsourceinfo

SwiftDriverJobDiscovery normal arm64 Compiling TextLayout.swift (in target 'PaperloftKit' from project 'PaperloftKit')

ProcessProductPackaging /Users/builder/Factory/paperloft/evidence/checkouts/p2-checkpoint9283f0c/Apps/PaperloftApp/Paperloft.entitlements /Users/builder/Factory/paperloft/evidence/checkouts/p2-checkpoint9283f0c/build/VerifierDerivedData/Build/Intermediates.noindex/Paperloft.build/Debug/PaperloftApp.build/Paperloft\ Receipts.app.xcent (in target 'PaperloftApp' from project 'Paperloft')
    cd /Users/builder/Factory/paperloft/evidence/checkouts/p2-checkpoint9283f0c
    
    Entitlements:
    
    {
    "com.apple.security.app-sandbox" = 1;
    "com.apple.security.files.bookmarks.app-scope" = 1;
    "com.apple.security.files.user-selected.read-write" = 1;
    "com.apple.security.get-task-allow" = 1;
}
    
    builtin-productPackagingUtility /Users/builder/Factory/paperloft/evidence/checkouts/p2-checkpoint9283f0c/Apps/PaperloftApp/Paperloft.entitlements -entitlements -format xml -o /Users/builder/Factory/paperloft/evidence/checkouts/p2-checkpoint9283f0c/build/VerifierDerivedData/Build/Intermediates.noindex/Paperloft.build/Debug/PaperloftApp.build/Paperloft\ Receipts.app.xcent

ProcessProductPackagingDER /Users/builder/Factory/paperloft/evidence/checkouts/p2-checkpoint9283f0c/build/VerifierDerivedData/Build/Intermediates.noindex/Paperloft.build/Debug/PaperloftApp.build/Paperloft\ Receipts.app.xcent /Users/builder/Factory/paperloft/evidence/checkouts/p2-checkpoint9283f0c/build/VerifierDerivedData/Build/Intermediates.noindex/Paperloft.build/Debug/PaperloftApp.build/Paperloft\ Receipts.app.xcent.der (in target 'PaperloftApp' from project 'Paperloft')
    cd /Users/builder/Factory/paperloft/evidence/checkouts/p2-checkpoint9283f0c
    /usr/bin/derq query -f xml -i /Users/builder/Factory/paperloft/evidence/checkouts/p2-checkpoint9283f0c/build/VerifierDerivedData/Build/Intermediates.noindex/Paperloft.build/Debug/PaperloftApp.build/Paperloft\ Receipts.app.xcent -o /Users/builder/Factory/paperloft/evidence/checkouts/p2-checkpoint9283f0c/build/VerifierDerivedData/Build/Intermediates.noindex/Paperloft.build/Debug/PaperloftApp.build/Paperloft\ Receipts.app.xcent.der --raw

SwiftDriver PaperloftApp normal arm64 com.apple.xcode.tools.swift.compiler (in target 'PaperloftApp' from project 'Paperloft')
    cd /Users/builder/Factory/paperloft/evidence/checkouts/p2-checkpoint9283f0c
    builtin-SwiftDriver -- /Applications/Xcode.app/Contents/Developer/Toolchains/XcodeDefault.xctoolchain/usr/bin/swiftc -module-name Paperloft_Receipts -Onone @/Users/builder/Factory/paperloft/evidence/checkouts/p2-checkpoint9283f0c/build/VerifierDerivedData/Build/Intermediates.noindex/Paperloft.build/Debug/PaperloftApp.build/Objects-normal/arm64/Paperloft\ Receipts.SwiftFileList -enable-experimental-feature DebugDescriptionMacro -sdk /Applications/Xcode.app/Contents/Developer/Platforms/MacOSX.platform/Developer/SDKs/MacOSX27.0.sdk -target arm64-apple-macos27.0 -g -module-cache-path /Users/builder/Factory/paperloft/evidence/checkouts/p2-checkpoint9283f0c/build/VerifierDerivedData/ModuleCache.noindex -Xfrontend -serialize-debugging-options -profile-coverage-mapping -profile-generate -enable-testing -warnings-as-errors -index-store-path /Users/builder/Factory/paperloft/evidence/checkouts/p2-checkpoint9283f0c/build/VerifierDerivedData/Index.noindex/DataStore -swift-version 6 -I /Users/builder/Factory/paperloft/evidence/checkouts/p2-checkpoint9283f0c/build/VerifierDerivedData/Build/Products/Debug -F /Users/builder/Factory/paperloft/evidence/checkouts/p2-checkpoint9283f0c/build/VerifierDerivedData/Build/Products/Debug/PackageFrameworks -F /Users/builder/Factory/paperloft/evidence/checkouts/p2-checkpoint9283f0c/build/VerifierDerivedData/Build/Products/Debug -parse-as-library -c -j10 -enable-batch-mode -incremental -Xcc -ivfsstatcache -Xcc /Users/builder/Factory/paperloft/evidence/checkouts/p2-checkpoint9283f0c/build/VerifierDerivedData/SDKStatCaches.noindex/macosx27.0-26A425-7231f6df4def33e022ae2eb8f782df1a.sdkstatcache -output-file-map /Users/builder/Factory/paperloft/evidence/checkouts/p2-checkpoint9283f0c/build/VerifierDerivedData/Build/Intermediates.noindex/Paperloft.build/Debug/PaperloftApp.build/Objects-normal/arm64/PaperloftApp-OutputFileMap.json -save-temps -no-color-diagnostics -explicit-module-build -module-cache-path /Users/builder/Factory/paperloft/evidence/checkouts/p2-checkpoint9283f0c/build/VerifierDerivedData/Build/Intermediates.noindex/SwiftExplicitPrecompiledModules -clang-scanner-module-cache-path /Users/builder/Factory/paperloft/evidence/checkouts/p2-checkpoint9283f0c/build/VerifierDerivedData/ModuleCache.noindex -sdk-module-cache-path /Users/builder/Factory/paperloft/evidence/checkouts/p2-checkpoint9283f0c/build/VerifierDerivedData/SDKExplicitPrecompiledModules -emit-dependencies -emit-module -emit-module-path /Users/builder/Factory/paperloft/evidence/checkouts/p2-checkpoint9283f0c/build/VerifierDerivedData/Build/Intermediates.noindex/Paperloft.build/Debug/PaperloftApp.build/Objects-normal/arm64/Paperloft_Receipts.swiftmodule -serialize-diagnostics -dependency-scan-serialize-diagnostics-path /Users/builder/Factory/paperloft/evidence/checkouts/p2-checkpoint9283f0c/build/VerifierDerivedData/Build/Intermediates.noindex/Paperloft.build/Debug/PaperloftApp.build/Objects-normal/arm64/Paperloft_Receipts-dependency-scan.dia -validate-clang-modules-once -clang-build-session-file /Users/builder/Factory/paperloft/evidence/checkouts/p2-checkpoint9283f0c/build/VerifierDerivedData/ModuleCache.noindex/Session.modulevalidation -Xcc -fmodules-prune-interval\=86400 -Xcc -fmodules-prune-after\=345600 -emit-const-values -const-gather-protocols-list /Users/builder/Factory/paperloft/evidence/checkouts/p2-checkpoint9283f0c/build/VerifierDerivedData/Build/Intermediates.noindex/Paperloft.build/Debug/PaperloftApp.build/Objects-normal/arm64/PaperloftApp_const_extract_protocols.json -Xcc -iquote -Xcc /Users/builder/Factory/paperloft/evidence/checkouts/p2-checkpoint9283f0c/build/VerifierDerivedData/Build/Intermediates.noindex/Paperloft.build/Debug/PaperloftApp.build/Paperloft\ Receipts-generated-files.hmap -Xcc -I/Users/builder/Factory/paperloft/evidence/checkouts/p2-checkpoint9283f0c/build/VerifierDerivedData/Build/Intermediates.noindex/Paperloft.build/Debug/PaperloftApp.build/Paperloft\ Receipts-own-target-headers.hmap -Xcc -I/Users/builder/Factory/paperloft/evidence/checkouts/p2-checkpoint9283f0c/build/VerifierDerivedData/Build/Intermediates.noindex/Paperloft.build/Debug/PaperloftApp.build/Paperloft\ Receipts-all-non-framework-target-headers.hmap -Xcc -ivfsoverlay -Xcc /Users/builder/Factory/paperloft/evidence/checkouts/p2-checkpoint9283f0c/build/VerifierDerivedData/Build/Intermediates.noindex/Paperloft.build/Debug/Paperloft-b93ddc6bcd4d234a5473ab01ad3589c4-VFS/all-product-headers.yaml -Xcc -iquote -Xcc /Users/builder/Factory/paperloft/evidence/checkouts/p2-checkpoint9283f0c/build/VerifierDerivedData/Build/Intermediates.noindex/Paperloft.build/Debug/PaperloftApp.build/Paperloft\ Receipts-project-headers.hmap -Xcc -I/Users/builder/Factory/paperloft/evidence/checkouts/p2-checkpoint9283f0c/build/VerifierDerivedData/Build/Products/Debug/include -Xcc -I/Users/builder/Factory/paperloft/evidence/checkouts/p2-checkpoint9283f0c/build/VerifierDerivedData/Build/Intermediates.noindex/Paperloft.build/Debug/PaperloftApp.build/DerivedSources-normal/arm64 -Xcc -I/Users/builder/Factory/paperloft/evidence/checkouts/p2-checkpoint9283f0c/build/VerifierDerivedData/Build/Intermediates.noindex/Paperloft.build/Debug/PaperloftApp.build/DerivedSources/arm64 -Xcc -I/Users/builder/Factory/paperloft/evidence/checkouts/p2-checkpoint9283f0c/build/VerifierDerivedData/Build/Intermediates.noindex/Paperloft.build/Debug/PaperloftApp.build/DerivedSources -emit-objc-header -emit-objc-header-path /Users/builder/Factory/paperloft/evidence/checkouts/p2-checkpoint9283f0c/build/VerifierDerivedData/Build/Intermediates.noindex/Paperloft.build/Debug/PaperloftApp.build/Objects-normal/arm64/Paperloft_Receipts-Swift.h -working-directory /Users/builder/Factory/paperloft/evidence/checkouts/p2-checkpoint9283f0c -experimental-emit-module-separately -disable-cmo

SwiftDriverJobDiscovery normal arm64 Compiling ReceiptEngine.swift (in target 'PaperloftKit' from project 'PaperloftKit')

SwiftDriverJobDiscovery normal arm64 Compiling Receipt.swift (in target 'PaperloftKit' from project 'PaperloftKit')

SwiftDriverJobDiscovery normal arm64 Compiling ReceiptIndex.swift (in target 'PaperloftKit' from project 'PaperloftKit')

SwiftDriverJobDiscovery normal arm64 Compiling LibraryStore.swift (in target 'PaperloftKit' from project 'PaperloftKit')

SwiftDriverJobDiscovery normal arm64 Compiling LibraryFiles.swift (in target 'PaperloftKit' from project 'PaperloftKit')

SwiftDriverJobDiscovery normal arm64 Compiling Assessment.swift, Extraction.swift (in target 'PaperloftKit' from project 'PaperloftKit')

SwiftExplicitDependencyGeneratePcm arm64 /Users/builder/Factory/paperloft/evidence/checkouts/p2-checkpoint9283f0c/build/VerifierDerivedData/SDKExplicitPrecompiledModules/_Builtin_stdbool-B3BJ7VBIRZYV2IR8BBXW117LR.pcm

SwiftExplicitDependencyGeneratePcm arm64 /Users/builder/Factory/paperloft/evidence/checkouts/p2-checkpoint9283f0c/build/VerifierDerivedData/SDKExplicitPrecompiledModules/_AvailabilityInternal-3HNI3O22Y6V029K4DU62RT3LQ.pcm

SwiftExplicitDependencyGeneratePcm arm64 /Users/builder/Factory/paperloft/evidence/checkouts/p2-checkpoint9283f0c/build/VerifierDerivedData/SDKExplicitPrecompiledModules/_SwiftConcurrencyShims-DIMEKDH35Q1EDVNC75LB1F93F.pcm

SwiftExplicitDependencyGeneratePcm arm64 /Users/builder/Factory/paperloft/evidence/checkouts/p2-checkpoint9283f0c/build/VerifierDerivedData/SDKExplicitPrecompiledModules/ptrauth-30H8E4ZDNSP23MX3P7CFVD14A.pcm

SwiftExplicitDependencyGeneratePcm arm64 /Users/builder/Factory/paperloft/evidence/checkouts/p2-checkpoint9283f0c/build/VerifierDerivedData/SDKExplicitPrecompiledModules/_Builtin_stdarg-1F445DYB9QAFKS55BVPY4DTGT.pcm

SwiftExplicitDependencyGeneratePcm arm64 /Users/builder/Factory/paperloft/evidence/checkouts/p2-checkpoint9283f0c/build/VerifierDerivedData/SDKExplicitPrecompiledModules/SwiftShims-2GRSNSGRGBZWKGR6WBFNGYTWL.pcm

SwiftExplicitDependencyGeneratePcm arm64 /Users/builder/Factory/paperloft/evidence/checkouts/p2-checkpoint9283f0c/build/VerifierDerivedData/SDKExplicitPrecompiledModules/_Builtin_stddef-91ZPAZ6864AUJEF6H0A2U9BBR.pcm

SwiftExplicitDependencyGeneratePcm arm64 /Users/builder/Factory/paperloft/evidence/checkouts/p2-checkpoint9283f0c/build/VerifierDerivedData/SDKExplicitPrecompiledModules/DeveloperToolsSupport-47KQR6SIGICCO616WTG2Y472L.pcm

SwiftExplicitDependencyGeneratePcm arm64 /Users/builder/Factory/paperloft/evidence/checkouts/p2-checkpoint9283f0c/build/VerifierDerivedData/SDKExplicitPrecompiledModules/ptrcheck-9VBJGLQUXRGXHTS8K52V372F6.pcm

SwiftExplicitDependencyGeneratePcm arm64 /Users/builder/Factory/paperloft/evidence/checkouts/p2-checkpoint9283f0c/build/VerifierDerivedData/SDKExplicitPrecompiledModules/_Builtin_float-BFMJQUZ0MJ5JJNGQPD4LS8EK1.pcm

SwiftExplicitDependencyGeneratePcm arm64 /Users/builder/Factory/paperloft/evidence/checkouts/p2-checkpoint9283f0c/build/VerifierDerivedData/SDKExplicitPrecompiledModules/_DarwinFoundation1-4PBYUXD43DFO2OYU5WK3WTQRB.pcm

SwiftExplicitDependencyGeneratePcm arm64 /Users/builder/Factory/paperloft/evidence/checkouts/p2-checkpoint9283f0c/build/VerifierDerivedData/SDKExplicitPrecompiledModules/ExtensionFoundation-8VTZ6Z1O7WVX21BDQQ8OM86GK.pcm

SwiftExplicitDependencyGeneratePcm arm64 /Users/builder/Factory/paperloft/evidence/checkouts/p2-checkpoint9283f0c/build/VerifierDerivedData/SDKExplicitPrecompiledModules/_DarwinFoundation2-78MVOUHIY0Y2W7R7M07OP2YMO.pcm

SwiftExplicitDependencyGeneratePcm arm64 /Users/builder/Factory/paperloft/evidence/checkouts/p2-checkpoint9283f0c/build/VerifierDerivedData/SDKExplicitPrecompiledModules/_Builtin_limits-21RBKZPPNPLP8GLUJKXWEVPMS.pcm

SwiftExplicitDependencyGeneratePcm arm64 /Users/builder/Factory/paperloft/evidence/checkouts/p2-checkpoint9283f0c/build/VerifierDerivedData/SDKExplicitPrecompiledModules/sys_types-DXWAZFPWE0TMLQB0RLL17A1VC.pcm

SwiftExplicitDependencyGeneratePcm arm64 /Users/builder/Factory/paperloft/evidence/checkouts/p2-checkpoint9283f0c/build/VerifierDerivedData/SDKExplicitPrecompiledModules/string_h-A7XVRCZJY997Y929V8CH794SZ.pcm

SwiftExplicitDependencyGeneratePcm arm64 /Users/builder/Factory/paperloft/evidence/checkouts/p2-checkpoint9283f0c/build/VerifierDerivedData/SDKExplicitPrecompiledModules/_Builtin_tgmath-ABQTHV5UWF3MAUJS43FHYPNWC.pcm

SwiftExplicitDependencyGeneratePcm arm64 /Users/builder/Factory/paperloft/evidence/checkouts/p2-checkpoint9283f0c/build/VerifierDerivedData/SDKExplicitPrecompiledModules/_Builtin_stdint-1585E1QMLWPHN063723IO0H35.pcm

SwiftExplicitDependencyGeneratePcm arm64 /Users/builder/Factory/paperloft/evidence/checkouts/p2-checkpoint9283f0c/build/VerifierDerivedData/SDKExplicitPrecompiledModules/_Builtin_stdatomic-6BT5H5S2Q9TU2VB4NAYQ3TAFP.pcm

SwiftExplicitDependencyGeneratePcm arm64 /Users/builder/Factory/paperloft/evidence/checkouts/p2-checkpoint9283f0c/build/VerifierDerivedData/SDKExplicitPrecompiledModules/libDER-D1SNAAVUAAERHJBTBZ0IKAC2N.pcm

SwiftExplicitDependencyGeneratePcm arm64 /Users/builder/Factory/paperloft/evidence/checkouts/p2-checkpoint9283f0c/build/VerifierDerivedData/SDKExplicitPrecompiledModules/_DarwinFoundation3-47SBQS96NXJCLAETMPKSJABUZ.pcm

SwiftExplicitDependencyGeneratePcm arm64 /Users/builder/Factory/paperloft/evidence/checkouts/p2-checkpoint9283f0c/build/VerifierDerivedData/SDKExplicitPrecompiledModules/_Builtin_intrinsics-2180T0TU8Q6ULVG1ZN33FZ38V.pcm

SwiftExplicitDependencyGeneratePcm arm64 /Users/builder/Factory/paperloft/evidence/checkouts/p2-checkpoint9283f0c/build/VerifierDerivedData/SDKExplicitPrecompiledModules/_Builtin_inttypes-AZ0J8N4SLHVV5MRMQ8NUA2PTL.pcm

SwiftExplicitDependencyGeneratePcm arm64 /Users/builder/Factory/paperloft/evidence/checkouts/p2-checkpoint9283f0c/build/VerifierDerivedData/SDKExplicitPrecompiledModules/Darwin-9GP656XZQHWRL002Z7Q0U7LUK.pcm

SwiftExplicitDependencyGeneratePcm arm64 /Users/builder/Factory/paperloft/evidence/checkouts/p2-checkpoint9283f0c/build/VerifierDerivedData/SDKExplicitPrecompiledModules/simd-2P4BHUGNFO8AYCZ16IRI8HF8I.pcm

SwiftDriverJobDiscovery normal arm64 Compiling Recognize.swift (in target 'PaperloftKit' from project 'PaperloftKit')

SwiftDriver\ Compilation PaperloftKit normal arm64 com.apple.xcode.tools.swift.compiler (in target 'PaperloftKit' from project 'PaperloftKit')
    cd /Users/builder/Factory/paperloft/evidence/checkouts/p2-checkpoint9283f0c/Paperloft.xcodeproj
    builtin-Swift-Compilation -- /Applications/Xcode.app/Contents/Developer/Toolchains/XcodeDefault.xctoolchain/usr/bin/swiftc -parse-as-library -module-name PaperloftKit -Onone @/Users/builder/Factory/paperloft/evidence/checkouts/p2-checkpoint9283f0c/build/VerifierDerivedData/Build/Intermediates.noindex/PaperloftKit.build/Debug/PaperloftKit-t.build/Objects-normal/arm64/PaperloftKit.SwiftFileList -DSWIFT_PACKAGE -DDEBUG -DSWIFT_MODULE_RESOURCE_BUNDLE_UNAVAILABLE -DXcode -plugin-path /Applications/Xcode.app/Contents/Developer/Toolchains/XcodeDefault.xctoolchain/usr/lib/swift/host/plugins/testing -enable-experimental-feature DebugDescriptionMacro -sdk /Applications/Xcode.app/Contents/Developer/Platforms/MacOSX.platform/Developer/SDKs/MacOSX27.0.sdk -target arm64-apple-macos27.0 -g -module-cache-path /Users/builder/Factory/paperloft/evidence/checkouts/p2-checkpoint9283f0c/build/VerifierDerivedData/ModuleCache.noindex -Xfrontend -serialize-debugging-options -profile-coverage-mapping -profile-generate -enable-testing -warnings-as-errors -index-store-path /Users/builder/Factory/paperloft/evidence/checkouts/p2-checkpoint9283f0c/build/VerifierDerivedData/Index.noindex/DataStore -Xcc -D_LIBCPP_HARDENING_MODE\=_LIBCPP_HARDENING_MODE_DEBUG -swift-version 6 -I /Users/builder/Factory/paperloft/evidence/checkouts/p2-checkpoint9283f0c/build/VerifierDerivedData/Build/Products/Debug -Isystem /Applications/Xcode.app/Contents/Developer/Platforms/MacOSX.platform/Developer/usr/lib -F /Users/builder/Factory/paperloft/evidence/checkouts/p2-checkpoint9283f0c/build/VerifierDerivedData/Build/Products/Debug -F /Applications/Xcode.app/Contents/Developer/Platforms/MacOSX.platform/Developer/Library/Frameworks -c -j10 -enable-batch-mode -incremental -Xcc -ivfsstatcache -Xcc /Users/builder/Factory/paperloft/evidence/checkouts/p2-checkpoint9283f0c/build/VerifierDerivedData/SDKStatCaches.noindex/macosx27.0-26A425-7231f6df4def33e022ae2eb8f782df1a.sdkstatcache -output-file-map /Users/builder/Factory/paperloft/evidence/checkouts/p2-checkpoint9283f0c/build/VerifierDerivedData/Build/Intermediates.noindex/PaperloftKit.build/Debug/PaperloftKit-t.build/Objects-normal/arm64/PaperloftKit-OutputFileMap.json -save-temps -no-color-diagnostics -explicit-module-build -module-cache-path /Users/builder/Factory/paperloft/evidence/checkouts/p2-checkpoint9283f0c/build/VerifierDerivedData/Build/Intermediates.noindex/SwiftExplicitPrecompiledModules -clang-scanner-module-cache-path /Users/builder/Factory/paperloft/evidence/checkouts/p2-checkpoint9283f0c/build/VerifierDerivedData/ModuleCache.noindex -sdk-module-cache-path /Users/builder/Factory/paperloft/evidence/checkouts/p2-checkpoint9283f0c/build/VerifierDerivedData/SDKExplicitPrecompiledModules -emit-dependencies -emit-module -emit-module-path /Users/builder/Factory/paperloft/evidence/checkouts/p2-checkpoint9283f0c/build/VerifierDerivedData/Build/Intermediates.noindex/PaperloftKit.build/Debug/PaperloftKit-t.build/Objects-normal/arm64/PaperloftKit.swiftmodule -serialize-diagnostics -dependency-scan-serialize-diagnostics-path /Users/builder/Factory/paperloft/evidence/checkouts/p2-checkpoint9283f0c/build/VerifierDerivedData/Build/Intermediates.noindex/PaperloftKit.build/Debug/PaperloftKit-t.build/Objects-normal/arm64/PaperloftKit-dependency-scan.dia -validate-clang-modules-once -clang-build-session-file /Users/builder/Factory/paperloft/evidence/checkouts/p2-checkpoint9283f0c/build/VerifierDerivedData/ModuleCache.noindex/Session.modulevalidation -Xcc -fmodules-prune-interval\=86400 -Xcc -fmodules-prune-after\=345600 -package-name paperloftkit -emit-const-values -const-gather-protocols-list /Users/builder/Factory/paperloft/evidence/checkouts/p2-checkpoint9283f0c/build/VerifierDerivedData/Build/Intermediates.noindex/PaperloftKit.build/Debug/PaperloftKit-t.build/Objects-normal/arm64/PaperloftKit_const_extract_protocols.json -Xcc -I/Users/builder/Factory/paperloft/evidence/checkouts/p2-checkpoint9283f0c/build/VerifierDerivedData/Build/Products/Debug/include -Xcc -I/Users/builder/Factory/paperloft/evidence/checkouts/p2-checkpoint9283f0c/build/VerifierDerivedData/Build/Intermediates.noindex/PaperloftKit.build/Debug/PaperloftKit-t.build/DerivedSources-normal/arm64 -Xcc -I/Users/builder/Factory/paperloft/evidence/checkouts/p2-checkpoint9283f0c/build/VerifierDerivedData/Build/Intermediates.noindex/PaperloftKit.build/Debug/PaperloftKit-t.build/DerivedSources/arm64 -Xcc -I/Users/builder/Factory/paperloft/evidence/checkouts/p2-checkpoint9283f0c/build/VerifierDerivedData/Build/Intermediates.noindex/PaperloftKit.build/Debug/PaperloftKit-t.build/DerivedSources -Xcc -DSWIFT_PACKAGE -Xcc -DDEBUG\=1 -emit-objc-header -emit-objc-header-path /Users/builder/Factory/paperloft/evidence/checkouts/p2-checkpoint9283f0c/build/VerifierDerivedData/Build/Intermediates.noindex/PaperloftKit.build/Debug/PaperloftKit-t.build/Objects-normal/arm64/PaperloftKit-Swift.h -working-directory /Users/builder/Factory/paperloft/evidence/checkouts/p2-checkpoint9283f0c/Paperloft.xcodeproj -experimental-emit-module-separately -disable-cmo

Ld /Users/builder/Factory/paperloft/evidence/checkouts/p2-checkpoint9283f0c/build/VerifierDerivedData/Build/Products/Debug/PaperloftKit.o normal (in target 'PaperloftKit' from project 'PaperloftKit')
    cd /Users/builder/Factory/paperloft/evidence/checkouts/p2-checkpoint9283f0c/Packages/PaperloftKit
    /Applications/Xcode.app/Contents/Developer/Toolchains/XcodeDefault.xctoolchain/usr/bin/clang -Xlinker -reproducible -target arm64-apple-macos27.0 -r -isysroot /Applications/Xcode.app/Contents/Developer/Platforms/MacOSX.platform/Developer/SDKs/MacOSX27.0.sdk -O0 -Xlinker -no_warn_duplicate_libraries -F/Users/builder/Factory/paperloft/evidence/checkouts/p2-checkpoint9283f0c/build/VerifierDerivedData/Build/Intermediates.noindex/EagerLinkingTBDs/Debug -F/Users/builder/Factory/paperloft/evidence/checkouts/p2-checkpoint9283f0c/build/VerifierDerivedData/Build/Products/Debug -iframework /Applications/Xcode.app/Contents/Developer/Platforms/MacOSX.platform/Developer/Library/Frameworks -filelist /Users/builder/Factory/paperloft/evidence/checkouts/p2-checkpoint9283f0c/build/VerifierDerivedData/Build/Intermediates.noindex/PaperloftKit.build/Debug/PaperloftKit-t.build/Objects-normal/arm64/PaperloftKit.LinkFileList -nostdlib -Xlinker -object_path_lto -Xlinker /Users/builder/Factory/paperloft/evidence/checkouts/p2-checkpoint9283f0c/build/VerifierDerivedData/Build/Intermediates.noindex/PaperloftKit.build/Debug/PaperloftKit-t.build/Objects-normal/arm64/PaperloftKit_lto.o -Xlinker -no_deduplicate -Xlinker -debug_variant -Xlinker -dependency_info -Xlinker /Users/builder/Factory/paperloft/evidence/checkouts/p2-checkpoint9283f0c/build/VerifierDerivedData/Build/Intermediates.noindex/PaperloftKit.build/Debug/PaperloftKit-t.build/Objects-normal/arm64/PaperloftKit_dependency_info.dat -fobjc-link-runtime -L/Applications/Xcode.app/Contents/Developer/Toolchains/XcodeDefault.xctoolchain/usr/lib/swift/macosx -L/usr/lib/swift -Xlinker -add_ast_path -Xlinker /Users/builder/Factory/paperloft/evidence/checkouts/p2-checkpoint9283f0c/build/VerifierDerivedData/Build/Intermediates.noindex/PaperloftKit.build/Debug/PaperloftKit-t.build/Objects-normal/arm64/PaperloftKit.swiftmodule -o /Users/builder/Factory/paperloft/evidence/checkouts/p2-checkpoint9283f0c/build/VerifierDerivedData/Build/Products/Debug/PaperloftKit.o

ExtractAppIntentsMetadata (in target 'PaperloftKit' from project 'PaperloftKit')
    cd /Users/builder/Factory/paperloft/evidence/checkouts/p2-checkpoint9283f0c/Packages/PaperloftKit
    /Applications/Xcode.app/Contents/Developer/Toolchains/XcodeDefault.xctoolchain/usr/bin/appintentsmetadataprocessor --toolchain-dir /Applications/Xcode.app/Contents/Developer/Toolchains/XcodeDefault.xctoolchain --module-name PaperloftKit --sdk-root /Applications/Xcode.app/Contents/Developer/Platforms/MacOSX.platform/Developer/SDKs/MacOSX27.0.sdk --xcode-version 27A266a --platform-family macOS --deployment-target 27.0 --bundle-identifier paperloftkit.PaperloftKit --output /Users/builder/Factory/paperloft/evidence/checkouts/p2-checkpoint9283f0c/build/VerifierDerivedData/Build/Products/Debug/PaperloftKit.appintents --target-triple arm64-apple-macos27.0 --binary-file /Users/builder/Factory/paperloft/evidence/checkouts/p2-checkpoint9283f0c/build/VerifierDerivedData/Build/Products/Debug/PaperloftKit.o --dependency-file /Users/builder/Factory/paperloft/evidence/checkouts/p2-checkpoint9283f0c/build/VerifierDerivedData/Build/Intermediates.noindex/PaperloftKit.build/Debug/PaperloftKit-t.build/Objects-normal/arm64/PaperloftKit_dependency_info.dat --stringsdata-file /Users/builder/Factory/paperloft/evidence/checkouts/p2-checkpoint9283f0c/build/VerifierDerivedData/Build/Intermediates.noindex/PaperloftKit.build/Debug/PaperloftKit-t.build/Objects-normal/arm64/ExtractedAppShortcutsMetadata.stringsdata --source-file-list /Users/builder/Factory/paperloft/evidence/checkouts/p2-checkpoint9283f0c/build/VerifierDerivedData/Build/Intermediates.noindex/PaperloftKit.build/Debug/PaperloftKit-t.build/Objects-normal/arm64/PaperloftKit.SwiftFileList --metadata-file-list /Users/builder/Factory/paperloft/evidence/checkouts/p2-checkpoint9283f0c/build/VerifierDerivedData/Build/Intermediates.noindex/PaperloftKit.build/Debug/PaperloftKit-t.build/PaperloftKit.DependencyMetadataFileList --static-metadata-file-list /Users/builder/Factory/paperloft/evidence/checkouts/p2-checkpoint9283f0c/build/VerifierDerivedData/Build/Intermediates.noindex/PaperloftKit.build/Debug/PaperloftKit-t.build/PaperloftKit.DependencyStaticMetadataFileList --swift-const-vals-list /Users/builder/Factory/paperloft/evidence/checkouts/p2-checkpoint9283f0c/build/VerifierDerivedData/Build/Intermediates.noindex/PaperloftKit.build/Debug/PaperloftKit-t.build/Objects-normal/arm64/PaperloftKit.SwiftConstValuesFileList --force --compile-time-extraction --deployment-aware-processing --no-app-shortcuts-localization
2026-09-26 22:03:31.539 appintentsmetadataprocessor[33511:942775] Starting appintentsmetadataprocessor export
2026-09-26 22:03:31.592 appintentsmetadataprocessor[33511:942775] Extracted no relevant App Intents symbols, skipping writing output

Ld /Users/builder/Factory/paperloft/evidence/checkouts/p2-checkpoint9283f0c/build/VerifierDerivedData/Build/Products/Debug/Paperloft\ Receipts.app/Contents/MacOS/__preview.dylib normal (in target 'PaperloftApp' from project 'Paperloft')
    cd /Users/builder/Factory/paperloft/evidence/checkouts/p2-checkpoint9283f0c
    /Applications/Xcode.app/Contents/Developer/Toolchains/XcodeDefault.xctoolchain/usr/bin/clang -Xlinker -reproducible -target arm64-apple-macos27.0 -dynamiclib -isysroot /Applications/Xcode.app/Contents/Developer/Platforms/MacOSX.platform/Developer/SDKs/MacOSX27.0.sdk -Os -Xlinker -no_warn_duplicate_libraries -L/Users/builder/Factory/paperloft/evidence/checkouts/p2-checkpoint9283f0c/build/VerifierDerivedData/Build/Products/Debug -F/Users/builder/Factory/paperloft/evidence/checkouts/p2-checkpoint9283f0c/build/VerifierDerivedData/Build/Products/Debug/PackageFrameworks -F/Users/builder/Factory/paperloft/evidence/checkouts/p2-checkpoint9283f0c/build/VerifierDerivedData/Build/Products/Debug -install_name @rpath/Paperloft\ Receipts.debug.dylib -rdynamic -Xlinker -debug_variant -Xlinker -dependency_info -Xlinker /Users/builder/Factory/paperloft/evidence/checkouts/p2-checkpoint9283f0c/build/VerifierDerivedData/Build/Intermediates.noindex/Paperloft.build/Debug/PaperloftApp.build/Objects-normal/arm64/Paperloft\ Receipts_dependency_info.dat -Xlinker -no_adhoc_codesign -o /Users/builder/Factory/paperloft/evidence/checkouts/p2-checkpoint9283f0c/build/VerifierDerivedData/Build/Products/Debug/Paperloft\ Receipts.app/Contents/MacOS/__preview.dylib

CpResource /Users/builder/Factory/paperloft/evidence/checkouts/p2-checkpoint9283f0c/build/VerifierDerivedData/Build/Products/Debug/Paperloft\ Receipts.app/Contents/Resources/PrivacyInfo.xcprivacy /Users/builder/Factory/paperloft/evidence/checkouts/p2-checkpoint9283f0c/Apps/PaperloftApp/PrivacyInfo.xcprivacy (in target 'PaperloftApp' from project 'Paperloft')
    cd /Users/builder/Factory/paperloft/evidence/checkouts/p2-checkpoint9283f0c
    builtin-copy -exclude .DS_Store -exclude CVS -exclude .svn -exclude .git -exclude .hg -strip-unsigned-binaries -strip-deterministic -strip-tool /Applications/Xcode.app/Contents/Developer/Toolchains/XcodeDefault.xctoolchain/usr/bin/strip -resolve-src-symlinks /Users/builder/Factory/paperloft/evidence/checkouts/p2-checkpoint9283f0c/Apps/PaperloftApp/PrivacyInfo.xcprivacy /Users/builder/Factory/paperloft/evidence/checkouts/p2-checkpoint9283f0c/build/VerifierDerivedData/Build/Products/Debug/Paperloft\ Receipts.app/Contents/Resources

ProcessInfoPlistFile /Users/builder/Factory/paperloft/evidence/checkouts/p2-checkpoint9283f0c/build/VerifierDerivedData/Build/Products/Debug/Paperloft\ Receipts.app/Contents/Info.plist /Users/builder/Factory/paperloft/evidence/checkouts/p2-checkpoint9283f0c/build/VerifierDerivedData/Build/Intermediates.noindex/Paperloft.build/Debug/PaperloftApp.build/empty-Paperloft\ Receipts.plist (in target 'PaperloftApp' from project 'Paperloft')
    cd /Users/builder/Factory/paperloft/evidence/checkouts/p2-checkpoint9283f0c
    builtin-infoPlistUtility /Users/builder/Factory/paperloft/evidence/checkouts/p2-checkpoint9283f0c/build/VerifierDerivedData/Build/Intermediates.noindex/Paperloft.build/Debug/PaperloftApp.build/empty-Paperloft\ Receipts.plist -producttype com.apple.product-type.application -genpkginfo /Users/builder/Factory/paperloft/evidence/checkouts/p2-checkpoint9283f0c/build/VerifierDerivedData/Build/Products/Debug/Paperloft\ Receipts.app/Contents/PkgInfo -expandbuildsettings -platform macosx -o /Users/builder/Factory/paperloft/evidence/checkouts/p2-checkpoint9283f0c/build/VerifierDerivedData/Build/Products/Debug/Paperloft\ Receipts.app/Contents/Info.plist

SwiftExplicitDependencyGeneratePcm arm64 /Users/builder/Factory/paperloft/evidence/checkouts/p2-checkpoint9283f0c/build/VerifierDerivedData/SDKExplicitPrecompiledModules/launch-AF3XDN7OLITWTK09DQP5TL06U.pcm

SwiftExplicitDependencyGeneratePcm arm64 /Users/builder/Factory/paperloft/evidence/checkouts/p2-checkpoint9283f0c/build/VerifierDerivedData/SDKExplicitPrecompiledModules/Compression-CKG689H1YLF0W4ZMK44B5B9CM.pcm

SwiftExplicitDependencyGeneratePcm arm64 /Users/builder/Factory/paperloft/evidence/checkouts/p2-checkpoint9283f0c/build/VerifierDerivedData/SDKExplicitPrecompiledModules/MachO-1G49MKCH1D8M35R0TMDSCSX9J.pcm

SwiftExplicitDependencyGeneratePcm arm64 /Users/builder/Factory/paperloft/evidence/checkouts/p2-checkpoint9283f0c/build/VerifierDerivedData/SDKExplicitPrecompiledModules/libkern-99GRUXMTJBZDTZ54PJDG6VOFN.pcm

SwiftExplicitDependencyGeneratePcm arm64 /Users/builder/Factory/paperloft/evidence/checkouts/p2-checkpoint9283f0c/build/VerifierDerivedData/SDKExplicitPrecompiledModules/CUPS-8D1GITTXC6F8QNQUV7ADERPGY.pcm

SwiftExplicitDependencyGeneratePcm arm64 /Users/builder/Factory/paperloft/evidence/checkouts/p2-checkpoint9283f0c/build/VerifierDerivedData/SDKExplicitPrecompiledModules/ObjectiveC-EF4VFN9S3JTPJ0MYQ21SB3516.pcm

SwiftExplicitDependencyGeneratePcm arm64 /Users/builder/Factory/paperloft/evidence/checkouts/p2-checkpoint9283f0c/build/VerifierDerivedData/SDKExplicitPrecompiledModules/Spatial-EHT6ARSUL5ZEXBHMN3235TPH3.pcm

SwiftExplicitDependencyGeneratePcm arm64 /Users/builder/Factory/paperloft/evidence/checkouts/p2-checkpoint9283f0c/build/VerifierDerivedData/SDKExplicitPrecompiledModules/os_object-MZ4T3CGUL8AMEI30N2OAVIA3.pcm

SwiftExplicitDependencyGeneratePcm arm64 /Users/builder/Factory/paperloft/evidence/checkouts/p2-checkpoint9283f0c/build/VerifierDerivedData/SDKExplicitPrecompiledModules/os_workgroup-9M31CTD8R6GHZJJDTU13DJ8AY.pcm

SwiftExplicitDependencyGeneratePcm arm64 /Users/builder/Factory/paperloft/evidence/checkouts/p2-checkpoint9283f0c/build/VerifierDerivedData/SDKExplicitPrecompiledModules/Dispatch-6K6WPYI7CQ8AIIOAGNFNT1EKT.pcm

SwiftExplicitDependencyGeneratePcm arm64 /Users/builder/Factory/paperloft/evidence/checkouts/p2-checkpoint9283f0c/build/VerifierDerivedData/SDKExplicitPrecompiledModules/XPC-AKQ4JP7TV9BKROXZS0UMQG413.pcm

SwiftExplicitDependencyGeneratePcm arm64 /Users/builder/Factory/paperloft/evidence/checkouts/p2-checkpoint9283f0c/build/VerifierDerivedData/SDKExplicitPrecompiledModules/dnssd-5JA2Y0IW2EGR7ZPEGAAVMA1TS.pcm

SwiftExplicitDependencyGeneratePcm arm64 /Users/builder/Factory/paperloft/evidence/checkouts/p2-checkpoint9283f0c/build/VerifierDerivedData/SDKExplicitPrecompiledModules/CoreFoundation-96DIN4A9HC59BUPRPOWZ00TXF.pcm

SwiftExplicitDependencyGeneratePcm arm64 /Users/builder/Factory/paperloft/evidence/checkouts/p2-checkpoint9283f0c/build/VerifierDerivedData/SDKExplicitPrecompiledModules/os-4304VWMYNLABWGL3GOTSCLHW3.pcm

SwiftExplicitDependencyGeneratePcm arm64 /Users/builder/Factory/paperloft/evidence/checkouts/p2-checkpoint9283f0c/build/VerifierDerivedData/SDKExplicitPrecompiledModules/ColorSync-7ZGF4O12W1LWGTMELAQ8ZF2RQ.pcm

SwiftExplicitDependencyGeneratePcm arm64 /Users/builder/Factory/paperloft/evidence/checkouts/p2-checkpoint9283f0c/build/VerifierDerivedData/SDKExplicitPrecompiledModules/CFNetwork-9GL4151ABGTHJCOELAOT08Y8E.pcm

SwiftExplicitDependencyGeneratePcm arm64 /Users/builder/Factory/paperloft/evidence/checkouts/p2-checkpoint9283f0c/build/VerifierDerivedData/SDKExplicitPrecompiledModules/Security-3WYTCBIZXNM596GCI2YD5VJKJ.pcm

SwiftExplicitDependencyGeneratePcm arm64 /Users/builder/Factory/paperloft/evidence/checkouts/p2-checkpoint9283f0c/build/VerifierDerivedData/SDKExplicitPrecompiledModules/CoreAudioTypes-EUXIZ1IRWML490G4I2F1XQUSX.pcm

SwiftExplicitDependencyGeneratePcm arm64 /Users/builder/Factory/paperloft/evidence/checkouts/p2-checkpoint9283f0c/build/VerifierDerivedData/SDKExplicitPrecompiledModules/IOKit-2VCZXQ5IHVUCOR2OTR79R68OL.pcm

SwiftExplicitDependencyGeneratePcm arm64 /Users/builder/Factory/paperloft/evidence/checkouts/p2-checkpoint9283f0c/build/VerifierDerivedData/SDKExplicitPrecompiledModules/CoreGraphics-DAUOCOL9C4EIFJUJOJ7H57147.pcm

SwiftExplicitDependencyGeneratePcm arm64 /Users/builder/Factory/paperloft/evidence/checkouts/p2-checkpoint9283f0c/build/VerifierDerivedData/SDKExplicitPrecompiledModules/DiskArbitration-80S6G4SSV13PV4YR7ILC1CVSP.pcm

SwiftExplicitDependencyGeneratePcm arm64 /Users/builder/Factory/paperloft/evidence/checkouts/p2-checkpoint9283f0c/build/VerifierDerivedData/SDKExplicitPrecompiledModules/CoreServices-781RK1ZZ0ZHEPEBTC0BKBDHK5.pcm

SwiftExplicitDependencyGeneratePcm arm64 /Users/builder/Factory/paperloft/evidence/checkouts/p2-checkpoint9283f0c/build/VerifierDerivedData/SDKExplicitPrecompiledModules/ImageIO-3X6FX9VGTA651U96J8VBHOMIE.pcm

SwiftExplicitDependencyGeneratePcm arm64 /Users/builder/Factory/paperloft/evidence/checkouts/p2-checkpoint9283f0c/build/VerifierDerivedData/SDKExplicitPrecompiledModules/CoreText-87YX2NXYE2K8M2TJJELJ3FQSC.pcm

SwiftExplicitDependencyGeneratePcm arm64 /Users/builder/Factory/paperloft/evidence/checkouts/p2-checkpoint9283f0c/build/VerifierDerivedData/SDKExplicitPrecompiledModules/Foundation-I8D5KNAX2VKD7L6935ZNPTWS.pcm

SwiftExplicitDependencyGeneratePcm arm64 /Users/builder/Factory/paperloft/evidence/checkouts/p2-checkpoint9283f0c/build/VerifierDerivedData/SDKExplicitPrecompiledModules/Symbols-9TY6C1DTUWUPEMDF9VMBCQZ6L.pcm

SwiftExplicitDependencyGeneratePcm arm64 /Users/builder/Factory/paperloft/evidence/checkouts/p2-checkpoint9283f0c/build/VerifierDerivedData/SDKExplicitPrecompiledModules/Network-89LBLA3Q8E428TWG6OXVAQHWU.pcm

SwiftExplicitDependencyGeneratePcm arm64 /Users/builder/Factory/paperloft/evidence/checkouts/p2-checkpoint9283f0c/build/VerifierDerivedData/SDKExplicitPrecompiledModules/_LocationEssentials-BBSONJ9K4NIJOD7SSICDGBXIL.pcm

SwiftExplicitDependencyGeneratePcm arm64 /Users/builder/Factory/paperloft/evidence/checkouts/p2-checkpoint9283f0c/build/VerifierDerivedData/SDKExplicitPrecompiledModules/UniformTypeIdentifiers-27T0EAM5459NJVSZJVH4D0KID.pcm

SwiftExplicitDependencyGeneratePcm arm64 /Users/builder/Factory/paperloft/evidence/checkouts/p2-checkpoint9283f0c/build/VerifierDerivedData/SDKExplicitPrecompiledModules/OSLog-97GUYYPREBM0BGEQW1XQDZUZ.pcm

SwiftExplicitDependencyGeneratePcm arm64 /Users/builder/Factory/paperloft/evidence/checkouts/p2-checkpoint9283f0c/build/VerifierDerivedData/SDKExplicitPrecompiledModules/AppIntents-BP1MEHAEZE3C4NNYV1YF2AQ0O.pcm

SwiftExplicitDependencyGeneratePcm arm64 /Users/builder/Factory/paperloft/evidence/checkouts/p2-checkpoint9283f0c/build/VerifierDerivedData/SDKExplicitPrecompiledModules/CoreTransferable-5WGFCDZ2555QYS89QMCBALWVN.pcm

SwiftExplicitDependencyGeneratePcm arm64 /Users/builder/Factory/paperloft/evidence/checkouts/p2-checkpoint9283f0c/build/VerifierDerivedData/SDKExplicitPrecompiledModules/ApplicationServices-178OM9E8ABSRN7VCN3YMU2P9I.pcm

SwiftExplicitDependencyGeneratePcm arm64 /Users/builder/Factory/paperloft/evidence/checkouts/p2-checkpoint9283f0c/build/VerifierDerivedData/SDKExplicitPrecompiledModules/Accessibility-9K1Z8IXJ8FFMV748DXEZ8U6DH.pcm

SwiftExplicitDependencyGeneratePcm arm64 /Users/builder/Factory/paperloft/evidence/checkouts/p2-checkpoint9283f0c/build/VerifierDerivedData/SDKExplicitPrecompiledModules/CoreData-1FTFJ9LHLNHA8P2CZT08KYBCX.pcm

SwiftExplicitDependencyGeneratePcm arm64 /Users/builder/Factory/paperloft/evidence/checkouts/p2-checkpoint9283f0c/build/VerifierDerivedData/SDKExplicitPrecompiledModules/AppIntentsTypeSupport-4OX6DF6DNUV9V8Q7BX7V7APHB.pcm

SwiftExplicitDependencyGeneratePcm arm64 /Users/builder/Factory/paperloft/evidence/checkouts/p2-checkpoint9283f0c/build/VerifierDerivedData/SDKExplicitPrecompiledModules/DataDetection-DLI84TSSRZAQ7O72LI09NWUYC.pcm

SwiftExplicitDependencyGeneratePcm arm64 /Users/builder/Factory/paperloft/evidence/checkouts/p2-checkpoint9283f0c/build/VerifierDerivedData/SDKExplicitPrecompiledModules/CoreAudio-A0JLAREWDRMZYMEBU517A6UA.pcm

SwiftExplicitDependencyGeneratePcm arm64 /Users/builder/Factory/paperloft/evidence/checkouts/p2-checkpoint9283f0c/build/VerifierDerivedData/SDKExplicitPrecompiledModules/CoreLocation-63C800W2BTUI9D4JKTMHGTMMB.pcm

SwiftExplicitDependencyGeneratePcm arm64 /Users/builder/Factory/paperloft/evidence/checkouts/p2-checkpoint9283f0c/build/VerifierDerivedData/SDKExplicitPrecompiledModules/CoreSpotlight-BCKXR2XE6AR9PN4HAD5WEHIIF.pcm

SwiftExplicitDependencyGeneratePcm arm64 /Users/builder/Factory/paperloft/evidence/checkouts/p2-checkpoint9283f0c/build/VerifierDerivedData/SDKExplicitPrecompiledModules/CoreMIDI-9ICU4QQGPJ9722Q2R93AJH2EV.pcm

SwiftExplicitDependencyGeneratePcm arm64 /Users/builder/Factory/paperloft/evidence/checkouts/p2-checkpoint9283f0c/build/VerifierDerivedData/SDKExplicitPrecompiledModules/LocalAuthentication-1ZZAS9U8FC100TS6UWCS8B5CF.pcm

SwiftExplicitDependencyGeneratePcm arm64 /Users/builder/Factory/paperloft/evidence/checkouts/p2-checkpoint9283f0c/build/VerifierDerivedData/SDKExplicitPrecompiledModules/IOSurface-EXMRDORG7U6XGN0VP7RM24U03.pcm

SwiftExplicitDependencyGeneratePcm arm64 /Users/builder/Factory/paperloft/evidence/checkouts/p2-checkpoint9283f0c/build/VerifierDerivedData/SDKExplicitPrecompiledModules/RelevanceKit-8D3PSOW9AUGMC3ORGW53AT13K.pcm

SwiftExplicitDependencyGeneratePcm arm64 /Users/builder/Factory/paperloft/evidence/checkouts/p2-checkpoint9283f0c/build/VerifierDerivedData/SDKExplicitPrecompiledModules/Carbon-CB7V512NCJYHE76VBU7GWT5R0.pcm

SwiftExplicitDependencyGeneratePcm arm64 /Users/builder/Factory/paperloft/evidence/checkouts/p2-checkpoint9283f0c/build/VerifierDerivedData/SDKExplicitPrecompiledModules/Metal-EBM4NJ6S6DOMO9LACMMGOKEP9.pcm

SwiftExplicitDependencyGeneratePcm arm64 /Users/builder/Factory/paperloft/evidence/checkouts/p2-checkpoint9283f0c/build/VerifierDerivedData/SDKExplicitPrecompiledModules/OpenGL-A8115EBYXG4HQGQUSU5T0A99P.pcm

SwiftExplicitDependencyGeneratePcm arm64 /Users/builder/Factory/paperloft/evidence/checkouts/p2-checkpoint9283f0c/build/VerifierDerivedData/SDKExplicitPrecompiledModules/AudioToolbox-7ABNBEZ4UMWX38FRIDAXVC4P6.pcm

SwiftExplicitDependencyGeneratePcm arm64 /Users/builder/Factory/paperloft/evidence/checkouts/p2-checkpoint9283f0c/build/VerifierDerivedData/SDKExplicitPrecompiledModules/CoreVideo-5FEWLM8F20GL86909SC61KFVC.pcm

SwiftExplicitDependencyGeneratePcm arm64 /Users/builder/Factory/paperloft/evidence/checkouts/p2-checkpoint9283f0c/build/VerifierDerivedData/SDKExplicitPrecompiledModules/Accelerate-715JXJ8VFMB2787E5OI27ZD5C.pcm

SwiftExplicitDependencyGeneratePcm arm64 /Users/builder/Factory/paperloft/evidence/checkouts/p2-checkpoint9283f0c/build/VerifierDerivedData/SDKExplicitPrecompiledModules/CoreImage-CU43VTWID627Y0BG2XLON6C9R.pcm

SwiftExplicitDependencyGeneratePcm arm64 /Users/builder/Factory/paperloft/evidence/checkouts/p2-checkpoint9283f0c/build/VerifierDerivedData/SDKExplicitPrecompiledModules/CoreML-E7G464Q4L839L87D6FDMDBBAT.pcm

SwiftExplicitDependencyGeneratePcm arm64 /Users/builder/Factory/paperloft/evidence/checkouts/p2-checkpoint9283f0c/build/VerifierDerivedData/SDKExplicitPrecompiledModules/QuartzCore-2BKMPZ8ASB0BMM4TDHRSR8K77.pcm

SwiftExplicitDependencyGeneratePcm arm64 /Users/builder/Factory/paperloft/evidence/checkouts/p2-checkpoint9283f0c/build/VerifierDerivedData/SDKExplicitPrecompiledModules/CoreMedia-7TTOP6NG5UG4W516XQ9UUTSG0.pcm

SwiftExplicitDependencyGeneratePcm arm64 /Users/builder/Factory/paperloft/evidence/checkouts/p2-checkpoint9283f0c/build/VerifierDerivedData/SDKExplicitPrecompiledModules/SwiftUICore-396N43ETPVQRE9JKO8N5COW3P.pcm

SwiftExplicitDependencyGeneratePcm arm64 /Users/builder/Factory/paperloft/evidence/checkouts/p2-checkpoint9283f0c/build/VerifierDerivedData/SDKExplicitPrecompiledModules/Vision-A1ON4U98YOQ2F7A4M8P03R2XA.pcm

SwiftExplicitDependencyGeneratePcm arm64 /Users/builder/Factory/paperloft/evidence/checkouts/p2-checkpoint9283f0c/build/VerifierDerivedData/SDKExplicitPrecompiledModules/MediaToolbox-1EKJ1FEAW949U9WZAM05PQVZ4.pcm

SwiftExplicitDependencyGeneratePcm arm64 /Users/builder/Factory/paperloft/evidence/checkouts/p2-checkpoint9283f0c/build/VerifierDerivedData/SDKExplicitPrecompiledModules/AVFAudio-16QE6LAW8SQAHJE0A4LOAK9HR.pcm

SwiftExplicitDependencyGeneratePcm arm64 /Users/builder/Factory/paperloft/evidence/checkouts/p2-checkpoint9283f0c/build/VerifierDerivedData/SDKExplicitPrecompiledModules/VideoToolbox-DX27BR5CKZYTMGKD4J8RIBI1I.pcm

SwiftExplicitDependencyGeneratePcm arm64 /Users/builder/Factory/paperloft/evidence/checkouts/p2-checkpoint9283f0c/build/VerifierDerivedData/SDKExplicitPrecompiledModules/AppKit-BLCCQOU5G8O8UF9OKIUWVFCF1.pcm

SwiftExplicitDependencyGeneratePcm arm64 /Users/builder/Factory/paperloft/evidence/checkouts/p2-checkpoint9283f0c/build/VerifierDerivedData/SDKExplicitPrecompiledModules/AVFoundation-BXD8UL0VPU9WBRLOQVUJOJKZ2.pcm

SwiftExplicitDependencyGeneratePcm arm64 /Users/builder/Factory/paperloft/evidence/checkouts/p2-checkpoint9283f0c/build/VerifierDerivedData/SDKExplicitPrecompiledModules/SwiftUI-EM4NI4T6D9FGHJ3GJ26RIBDT.pcm

SwiftCompile normal arm64 Compiling\ PaperloftApp.swift /Users/builder/Factory/paperloft/evidence/checkouts/p2-checkpoint9283f0c/Apps/PaperloftApp/PaperloftApp.swift (in target 'PaperloftApp' from project 'Paperloft')

SwiftCompile normal arm64 /Users/builder/Factory/paperloft/evidence/checkouts/p2-checkpoint9283f0c/Apps/PaperloftApp/PaperloftApp.swift (in target 'PaperloftApp' from project 'Paperloft')
    cd /Users/builder/Factory/paperloft/evidence/checkouts/p2-checkpoint9283f0c
    builtin-SwiftPerFileCompile PaperloftApp.swift

SwiftEmitModule normal arm64 Emitting\ module\ for\ Paperloft_Receipts (in target 'PaperloftApp' from project 'Paperloft')

SwiftCompile normal arm64 (in target 'PaperloftApp' from project 'Paperloft')
    cd /Users/builder/Factory/paperloft/evidence/checkouts/p2-checkpoint9283f0c
    

SwiftDriverJobDiscovery normal arm64 Emitting module for Paperloft_Receipts (in target 'PaperloftApp' from project 'Paperloft')

SwiftDriver\ Compilation\ Requirements PaperloftApp normal arm64 com.apple.xcode.tools.swift.compiler (in target 'PaperloftApp' from project 'Paperloft')
    cd /Users/builder/Factory/paperloft/evidence/checkouts/p2-checkpoint9283f0c
    builtin-Swift-Compilation-Requirements -- /Applications/Xcode.app/Contents/Developer/Toolchains/XcodeDefault.xctoolchain/usr/bin/swiftc -module-name Paperloft_Receipts -Onone @/Users/builder/Factory/paperloft/evidence/checkouts/p2-checkpoint9283f0c/build/VerifierDerivedData/Build/Intermediates.noindex/Paperloft.build/Debug/PaperloftApp.build/Objects-normal/arm64/Paperloft\ Receipts.SwiftFileList -enable-experimental-feature DebugDescriptionMacro -sdk /Applications/Xcode.app/Contents/Developer/Platforms/MacOSX.platform/Developer/SDKs/MacOSX27.0.sdk -target arm64-apple-macos27.0 -g -module-cache-path /Users/builder/Factory/paperloft/evidence/checkouts/p2-checkpoint9283f0c/build/VerifierDerivedData/ModuleCache.noindex -Xfrontend -serialize-debugging-options -profile-coverage-mapping -profile-generate -enable-testing -warnings-as-errors -index-store-path /Users/builder/Factory/paperloft/evidence/checkouts/p2-checkpoint9283f0c/build/VerifierDerivedData/Index.noindex/DataStore -swift-version 6 -I /Users/builder/Factory/paperloft/evidence/checkouts/p2-checkpoint9283f0c/build/VerifierDerivedData/Build/Products/Debug -F /Users/builder/Factory/paperloft/evidence/checkouts/p2-checkpoint9283f0c/build/VerifierDerivedData/Build/Products/Debug/PackageFrameworks -F /Users/builder/Factory/paperloft/evidence/checkouts/p2-checkpoint9283f0c/build/VerifierDerivedData/Build/Products/Debug -parse-as-library -c -j10 -enable-batch-mode -incremental -Xcc -ivfsstatcache -Xcc /Users/builder/Factory/paperloft/evidence/checkouts/p2-checkpoint9283f0c/build/VerifierDerivedData/SDKStatCaches.noindex/macosx27.0-26A425-7231f6df4def33e022ae2eb8f782df1a.sdkstatcache -output-file-map /Users/builder/Factory/paperloft/evidence/checkouts/p2-checkpoint9283f0c/build/VerifierDerivedData/Build/Intermediates.noindex/Paperloft.build/Debug/PaperloftApp.build/Objects-normal/arm64/PaperloftApp-OutputFileMap.json -save-temps -no-color-diagnostics -explicit-module-build -module-cache-path /Users/builder/Factory/paperloft/evidence/checkouts/p2-checkpoint9283f0c/build/VerifierDerivedData/Build/Intermediates.noindex/SwiftExplicitPrecompiledModules -clang-scanner-module-cache-path /Users/builder/Factory/paperloft/evidence/checkouts/p2-checkpoint9283f0c/build/VerifierDerivedData/ModuleCache.noindex -sdk-module-cache-path /Users/builder/Factory/paperloft/evidence/checkouts/p2-checkpoint9283f0c/build/VerifierDerivedData/SDKExplicitPrecompiledModules -emit-dependencies -emit-module -emit-module-path /Users/builder/Factory/paperloft/evidence/checkouts/p2-checkpoint9283f0c/build/VerifierDerivedData/Build/Intermediates.noindex/Paperloft.build/Debug/PaperloftApp.build/Objects-normal/arm64/Paperloft_Receipts.swiftmodule -serialize-diagnostics -dependency-scan-serialize-diagnostics-path /Users/builder/Factory/paperloft/evidence/checkouts/p2-checkpoint9283f0c/build/VerifierDerivedData/Build/Intermediates.noindex/Paperloft.build/Debug/PaperloftApp.build/Objects-normal/arm64/Paperloft_Receipts-dependency-scan.dia -validate-clang-modules-once -clang-build-session-file /Users/builder/Factory/paperloft/evidence/checkouts/p2-checkpoint9283f0c/build/VerifierDerivedData/ModuleCache.noindex/Session.modulevalidation -Xcc -fmodules-prune-interval\=86400 -Xcc -fmodules-prune-after\=345600 -emit-const-values -const-gather-protocols-list /Users/builder/Factory/paperloft/evidence/checkouts/p2-checkpoint9283f0c/build/VerifierDerivedData/Build/Intermediates.noindex/Paperloft.build/Debug/PaperloftApp.build/Objects-normal/arm64/PaperloftApp_const_extract_protocols.json -Xcc -iquote -Xcc /Users/builder/Factory/paperloft/evidence/checkouts/p2-checkpoint9283f0c/build/VerifierDerivedData/Build/Intermediates.noindex/Paperloft.build/Debug/PaperloftApp.build/Paperloft\ Receipts-generated-files.hmap -Xcc -I/Users/builder/Factory/paperloft/evidence/checkouts/p2-checkpoint9283f0c/build/VerifierDerivedData/Build/Intermediates.noindex/Paperloft.build/Debug/PaperloftApp.build/Paperloft\ Receipts-own-target-headers.hmap -Xcc -I/Users/builder/Factory/paperloft/evidence/checkouts/p2-checkpoint9283f0c/build/VerifierDerivedData/Build/Intermediates.noindex/Paperloft.build/Debug/PaperloftApp.build/Paperloft\ Receipts-all-non-framework-target-headers.hmap -Xcc -ivfsoverlay -Xcc /Users/builder/Factory/paperloft/evidence/checkouts/p2-checkpoint9283f0c/build/VerifierDerivedData/Build/Intermediates.noindex/Paperloft.build/Debug/Paperloft-b93ddc6bcd4d234a5473ab01ad3589c4-VFS/all-product-headers.yaml -Xcc -iquote -Xcc /Users/builder/Factory/paperloft/evidence/checkouts/p2-checkpoint9283f0c/build/VerifierDerivedData/Build/Intermediates.noindex/Paperloft.build/Debug/PaperloftApp.build/Paperloft\ Receipts-project-headers.hmap -Xcc -I/Users/builder/Factory/paperloft/evidence/checkouts/p2-checkpoint9283f0c/build/VerifierDerivedData/Build/Products/Debug/include -Xcc -I/Users/builder/Factory/paperloft/evidence/checkouts/p2-checkpoint9283f0c/build/VerifierDerivedData/Build/Intermediates.noindex/Paperloft.build/Debug/PaperloftApp.build/DerivedSources-normal/arm64 -Xcc -I/Users/builder/Factory/paperloft/evidence/checkouts/p2-checkpoint9283f0c/build/VerifierDerivedData/Build/Intermediates.noindex/Paperloft.build/Debug/PaperloftApp.build/DerivedSources/arm64 -Xcc -I/Users/builder/Factory/paperloft/evidence/checkouts/p2-checkpoint9283f0c/build/VerifierDerivedData/Build/Intermediates.noindex/Paperloft.build/Debug/PaperloftApp.build/DerivedSources -emit-objc-header -emit-objc-header-path /Users/builder/Factory/paperloft/evidence/checkouts/p2-checkpoint9283f0c/build/VerifierDerivedData/Build/Intermediates.noindex/Paperloft.build/Debug/PaperloftApp.build/Objects-normal/arm64/Paperloft_Receipts-Swift.h -working-directory /Users/builder/Factory/paperloft/evidence/checkouts/p2-checkpoint9283f0c -experimental-emit-module-separately -disable-cmo

SwiftMergeGeneratedHeaders /Users/builder/Factory/paperloft/evidence/checkouts/p2-checkpoint9283f0c/build/VerifierDerivedData/Build/Intermediates.noindex/Paperloft.build/Debug/PaperloftApp.build/DerivedSources/Paperloft_Receipts-Swift.h /Users/builder/Factory/paperloft/evidence/checkouts/p2-checkpoint9283f0c/build/VerifierDerivedData/Build/Intermediates.noindex/Paperloft.build/Debug/PaperloftApp.build/Objects-normal/arm64/Paperloft_Receipts-Swift.h (in target 'PaperloftApp' from project 'Paperloft')
    cd /Users/builder/Factory/paperloft/evidence/checkouts/p2-checkpoint9283f0c
    builtin-swiftHeaderTool -arch arm64 /Users/builder/Factory/paperloft/evidence/checkouts/p2-checkpoint9283f0c/build/VerifierDerivedData/Build/Intermediates.noindex/Paperloft.build/Debug/PaperloftApp.build/Objects-normal/arm64/Paperloft_Receipts-Swift.h -o /Users/builder/Factory/paperloft/evidence/checkouts/p2-checkpoint9283f0c/build/VerifierDerivedData/Build/Intermediates.noindex/Paperloft.build/Debug/PaperloftApp.build/DerivedSources/Paperloft_Receipts-Swift.h

Copy /Users/builder/Factory/paperloft/evidence/checkouts/p2-checkpoint9283f0c/build/VerifierDerivedData/Build/Products/Debug/Paperloft_Receipts.swiftmodule/arm64-apple-macos.swiftdoc /Users/builder/Factory/paperloft/evidence/checkouts/p2-checkpoint9283f0c/build/VerifierDerivedData/Build/Intermediates.noindex/Paperloft.build/Debug/PaperloftApp.build/Objects-normal/arm64/Paperloft_Receipts.swiftdoc (in target 'PaperloftApp' from project 'Paperloft')
    cd /Users/builder/Factory/paperloft/evidence/checkouts/p2-checkpoint9283f0c
    builtin-copy -exclude .DS_Store -exclude CVS -exclude .svn -exclude .git -exclude .hg -strip-unsigned-binaries -strip-deterministic -strip-tool /Applications/Xcode.app/Contents/Developer/Toolchains/XcodeDefault.xctoolchain/usr/bin/strip -resolve-src-symlinks -rename /Users/builder/Factory/paperloft/evidence/checkouts/p2-checkpoint9283f0c/build/VerifierDerivedData/Build/Intermediates.noindex/Paperloft.build/Debug/PaperloftApp.build/Objects-normal/arm64/Paperloft_Receipts.swiftdoc /Users/builder/Factory/paperloft/evidence/checkouts/p2-checkpoint9283f0c/build/VerifierDerivedData/Build/Products/Debug/Paperloft_Receipts.swiftmodule/arm64-apple-macos.swiftdoc

Copy /Users/builder/Factory/paperloft/evidence/checkouts/p2-checkpoint9283f0c/build/VerifierDerivedData/Build/Products/Debug/Paperloft_Receipts.swiftmodule/arm64-apple-macos.abi.json /Users/builder/Factory/paperloft/evidence/checkouts/p2-checkpoint9283f0c/build/VerifierDerivedData/Build/Intermediates.noindex/Paperloft.build/Debug/PaperloftApp.build/Objects-normal/arm64/Paperloft_Receipts.abi.json (in target 'PaperloftApp' from project 'Paperloft')
    cd /Users/builder/Factory/paperloft/evidence/checkouts/p2-checkpoint9283f0c
    builtin-copy -exclude .DS_Store -exclude CVS -exclude .svn -exclude .git -exclude .hg -strip-unsigned-binaries -strip-deterministic -strip-tool /Applications/Xcode.app/Contents/Developer/Toolchains/XcodeDefault.xctoolchain/usr/bin/strip -resolve-src-symlinks -rename /Users/builder/Factory/paperloft/evidence/checkouts/p2-checkpoint9283f0c/build/VerifierDerivedData/Build/Intermediates.noindex/Paperloft.build/Debug/PaperloftApp.build/Objects-normal/arm64/Paperloft_Receipts.abi.json /Users/builder/Factory/paperloft/evidence/checkouts/p2-checkpoint9283f0c/build/VerifierDerivedData/Build/Products/Debug/Paperloft_Receipts.swiftmodule/arm64-apple-macos.abi.json

Copy /Users/builder/Factory/paperloft/evidence/checkouts/p2-checkpoint9283f0c/build/VerifierDerivedData/Build/Products/Debug/Paperloft_Receipts.swiftmodule/arm64-apple-macos.swiftmodule /Users/builder/Factory/paperloft/evidence/checkouts/p2-checkpoint9283f0c/build/VerifierDerivedData/Build/Intermediates.noindex/Paperloft.build/Debug/PaperloftApp.build/Objects-normal/arm64/Paperloft_Receipts.swiftmodule (in target 'PaperloftApp' from project 'Paperloft')
    cd /Users/builder/Factory/paperloft/evidence/checkouts/p2-checkpoint9283f0c
    builtin-copy -exclude .DS_Store -exclude CVS -exclude .svn -exclude .git -exclude .hg -strip-unsigned-binaries -strip-deterministic -strip-tool /Applications/Xcode.app/Contents/Developer/Toolchains/XcodeDefault.xctoolchain/usr/bin/strip -resolve-src-symlinks -rename /Users/builder/Factory/paperloft/evidence/checkouts/p2-checkpoint9283f0c/build/VerifierDerivedData/Build/Intermediates.noindex/Paperloft.build/Debug/PaperloftApp.build/Objects-normal/arm64/Paperloft_Receipts.swiftmodule /Users/builder/Factory/paperloft/evidence/checkouts/p2-checkpoint9283f0c/build/VerifierDerivedData/Build/Products/Debug/Paperloft_Receipts.swiftmodule/arm64-apple-macos.swiftmodule

Copy /Users/builder/Factory/paperloft/evidence/checkouts/p2-checkpoint9283f0c/build/VerifierDerivedData/Build/Products/Debug/Paperloft_Receipts.swiftmodule/Project/arm64-apple-macos.swiftsourceinfo /Users/builder/Factory/paperloft/evidence/checkouts/p2-checkpoint9283f0c/build/VerifierDerivedData/Build/Intermediates.noindex/Paperloft.build/Debug/PaperloftApp.build/Objects-normal/arm64/Paperloft_Receipts.swiftsourceinfo (in target 'PaperloftApp' from project 'Paperloft')
    cd /Users/builder/Factory/paperloft/evidence/checkouts/p2-checkpoint9283f0c
    builtin-copy -exclude .DS_Store -exclude CVS -exclude .svn -exclude .git -exclude .hg -strip-unsigned-binaries -strip-deterministic -strip-tool /Applications/Xcode.app/Contents/Developer/Toolchains/XcodeDefault.xctoolchain/usr/bin/strip -resolve-src-symlinks -rename /Users/builder/Factory/paperloft/evidence/checkouts/p2-checkpoint9283f0c/build/VerifierDerivedData/Build/Intermediates.noindex/Paperloft.build/Debug/PaperloftApp.build/Objects-normal/arm64/Paperloft_Receipts.swiftsourceinfo /Users/builder/Factory/paperloft/evidence/checkouts/p2-checkpoint9283f0c/build/VerifierDerivedData/Build/Products/Debug/Paperloft_Receipts.swiftmodule/Project/arm64-apple-macos.swiftsourceinfo

SwiftDriverJobDiscovery normal arm64 Compiling PaperloftApp.swift (in target 'PaperloftApp' from project 'Paperloft')

SwiftDriver\ Compilation PaperloftApp normal arm64 com.apple.xcode.tools.swift.compiler (in target 'PaperloftApp' from project 'Paperloft')
    cd /Users/builder/Factory/paperloft/evidence/checkouts/p2-checkpoint9283f0c
    builtin-Swift-Compilation -- /Applications/Xcode.app/Contents/Developer/Toolchains/XcodeDefault.xctoolchain/usr/bin/swiftc -module-name Paperloft_Receipts -Onone @/Users/builder/Factory/paperloft/evidence/checkouts/p2-checkpoint9283f0c/build/VerifierDerivedData/Build/Intermediates.noindex/Paperloft.build/Debug/PaperloftApp.build/Objects-normal/arm64/Paperloft\ Receipts.SwiftFileList -enable-experimental-feature DebugDescriptionMacro -sdk /Applications/Xcode.app/Contents/Developer/Platforms/MacOSX.platform/Developer/SDKs/MacOSX27.0.sdk -target arm64-apple-macos27.0 -g -module-cache-path /Users/builder/Factory/paperloft/evidence/checkouts/p2-checkpoint9283f0c/build/VerifierDerivedData/ModuleCache.noindex -Xfrontend -serialize-debugging-options -profile-coverage-mapping -profile-generate -enable-testing -warnings-as-errors -index-store-path /Users/builder/Factory/paperloft/evidence/checkouts/p2-checkpoint9283f0c/build/VerifierDerivedData/Index.noindex/DataStore -swift-version 6 -I /Users/builder/Factory/paperloft/evidence/checkouts/p2-checkpoint9283f0c/build/VerifierDerivedData/Build/Products/Debug -F /Users/builder/Factory/paperloft/evidence/checkouts/p2-checkpoint9283f0c/build/VerifierDerivedData/Build/Products/Debug/PackageFrameworks -F /Users/builder/Factory/paperloft/evidence/checkouts/p2-checkpoint9283f0c/build/VerifierDerivedData/Build/Products/Debug -parse-as-library -c -j10 -enable-batch-mode -incremental -Xcc -ivfsstatcache -Xcc /Users/builder/Factory/paperloft/evidence/checkouts/p2-checkpoint9283f0c/build/VerifierDerivedData/SDKStatCaches.noindex/macosx27.0-26A425-7231f6df4def33e022ae2eb8f782df1a.sdkstatcache -output-file-map /Users/builder/Factory/paperloft/evidence/checkouts/p2-checkpoint9283f0c/build/VerifierDerivedData/Build/Intermediates.noindex/Paperloft.build/Debug/PaperloftApp.build/Objects-normal/arm64/PaperloftApp-OutputFileMap.json -save-temps -no-color-diagnostics -explicit-module-build -module-cache-path /Users/builder/Factory/paperloft/evidence/checkouts/p2-checkpoint9283f0c/build/VerifierDerivedData/Build/Intermediates.noindex/SwiftExplicitPrecompiledModules -clang-scanner-module-cache-path /Users/builder/Factory/paperloft/evidence/checkouts/p2-checkpoint9283f0c/build/VerifierDerivedData/ModuleCache.noindex -sdk-module-cache-path /Users/builder/Factory/paperloft/evidence/checkouts/p2-checkpoint9283f0c/build/VerifierDerivedData/SDKExplicitPrecompiledModules -emit-dependencies -emit-module -emit-module-path /Users/builder/Factory/paperloft/evidence/checkouts/p2-checkpoint9283f0c/build/VerifierDerivedData/Build/Intermediates.noindex/Paperloft.build/Debug/PaperloftApp.build/Objects-normal/arm64/Paperloft_Receipts.swiftmodule -serialize-diagnostics -dependency-scan-serialize-diagnostics-path /Users/builder/Factory/paperloft/evidence/checkouts/p2-checkpoint9283f0c/build/VerifierDerivedData/Build/Intermediates.noindex/Paperloft.build/Debug/PaperloftApp.build/Objects-normal/arm64/Paperloft_Receipts-dependency-scan.dia -validate-clang-modules-once -clang-build-session-file /Users/builder/Factory/paperloft/evidence/checkouts/p2-checkpoint9283f0c/build/VerifierDerivedData/ModuleCache.noindex/Session.modulevalidation -Xcc -fmodules-prune-interval\=86400 -Xcc -fmodules-prune-after\=345600 -emit-const-values -const-gather-protocols-list /Users/builder/Factory/paperloft/evidence/checkouts/p2-checkpoint9283f0c/build/VerifierDerivedData/Build/Intermediates.noindex/Paperloft.build/Debug/PaperloftApp.build/Objects-normal/arm64/PaperloftApp_const_extract_protocols.json -Xcc -iquote -Xcc /Users/builder/Factory/paperloft/evidence/checkouts/p2-checkpoint9283f0c/build/VerifierDerivedData/Build/Intermediates.noindex/Paperloft.build/Debug/PaperloftApp.build/Paperloft\ Receipts-generated-files.hmap -Xcc -I/Users/builder/Factory/paperloft/evidence/checkouts/p2-checkpoint9283f0c/build/VerifierDerivedData/Build/Intermediates.noindex/Paperloft.build/Debug/PaperloftApp.build/Paperloft\ Receipts-own-target-headers.hmap -Xcc -I/Users/builder/Factory/paperloft/evidence/checkouts/p2-checkpoint9283f0c/build/VerifierDerivedData/Build/Intermediates.noindex/Paperloft.build/Debug/PaperloftApp.build/Paperloft\ Receipts-all-non-framework-target-headers.hmap -Xcc -ivfsoverlay -Xcc /Users/builder/Factory/paperloft/evidence/checkouts/p2-checkpoint9283f0c/build/VerifierDerivedData/Build/Intermediates.noindex/Paperloft.build/Debug/Paperloft-b93ddc6bcd4d234a5473ab01ad3589c4-VFS/all-product-headers.yaml -Xcc -iquote -Xcc /Users/builder/Factory/paperloft/evidence/checkouts/p2-checkpoint9283f0c/build/VerifierDerivedData/Build/Intermediates.noindex/Paperloft.build/Debug/PaperloftApp.build/Paperloft\ Receipts-project-headers.hmap -Xcc -I/Users/builder/Factory/paperloft/evidence/checkouts/p2-checkpoint9283f0c/build/VerifierDerivedData/Build/Products/Debug/include -Xcc -I/Users/builder/Factory/paperloft/evidence/checkouts/p2-checkpoint9283f0c/build/VerifierDerivedData/Build/Intermediates.noindex/Paperloft.build/Debug/PaperloftApp.build/DerivedSources-normal/arm64 -Xcc -I/Users/builder/Factory/paperloft/evidence/checkouts/p2-checkpoint9283f0c/build/VerifierDerivedData/Build/Intermediates.noindex/Paperloft.build/Debug/PaperloftApp.build/DerivedSources/arm64 -Xcc -I/Users/builder/Factory/paperloft/evidence/checkouts/p2-checkpoint9283f0c/build/VerifierDerivedData/Build/Intermediates.noindex/Paperloft.build/Debug/PaperloftApp.build/DerivedSources -emit-objc-header -emit-objc-header-path /Users/builder/Factory/paperloft/evidence/checkouts/p2-checkpoint9283f0c/build/VerifierDerivedData/Build/Intermediates.noindex/Paperloft.build/Debug/PaperloftApp.build/Objects-normal/arm64/Paperloft_Receipts-Swift.h -working-directory /Users/builder/Factory/paperloft/evidence/checkouts/p2-checkpoint9283f0c -experimental-emit-module-separately -disable-cmo

Ld /Users/builder/Factory/paperloft/evidence/checkouts/p2-checkpoint9283f0c/build/VerifierDerivedData/Build/Products/Debug/Paperloft\ Receipts.app/Contents/MacOS/Paperloft\ Receipts.debug.dylib normal (in target 'PaperloftApp' from project 'Paperloft')
    cd /Users/builder/Factory/paperloft/evidence/checkouts/p2-checkpoint9283f0c
    /Applications/Xcode.app/Contents/Developer/Toolchains/XcodeDefault.xctoolchain/usr/bin/clang -Xlinker -reproducible -target arm64-apple-macos27.0 -dynamiclib -isysroot /Applications/Xcode.app/Contents/Developer/Platforms/MacOSX.platform/Developer/SDKs/MacOSX27.0.sdk -Os -Xlinker -no_warn_duplicate_libraries -L/Users/builder/Factory/paperloft/evidence/checkouts/p2-checkpoint9283f0c/build/VerifierDerivedData/Build/Intermediates.noindex/EagerLinkingTBDs/Debug -L/Users/builder/Factory/paperloft/evidence/checkouts/p2-checkpoint9283f0c/build/VerifierDerivedData/Build/Products/Debug -F/Users/builder/Factory/paperloft/evidence/checkouts/p2-checkpoint9283f0c/build/VerifierDerivedData/Build/Intermediates.noindex/EagerLinkingTBDs/Debug -F/Users/builder/Factory/paperloft/evidence/checkouts/p2-checkpoint9283f0c/build/VerifierDerivedData/Build/Products/Debug/PackageFrameworks -F/Users/builder/Factory/paperloft/evidence/checkouts/p2-checkpoint9283f0c/build/VerifierDerivedData/Build/Products/Debug -filelist /Users/builder/Factory/paperloft/evidence/checkouts/p2-checkpoint9283f0c/build/VerifierDerivedData/Build/Intermediates.noindex/Paperloft.build/Debug/PaperloftApp.build/Objects-normal/arm64/Paperloft\ Receipts.LinkFileList -install_name @rpath/Paperloft\ Receipts.debug.dylib -Xlinker -rpath -Xlinker @loader_path -Xlinker -rpath -Xlinker /Users/builder/Factory/paperloft/evidence/checkouts/p2-checkpoint9283f0c/build/VerifierDerivedData/Build/Products/Debug/PackageFrameworks -Xlinker -object_path_lto -Xlinker /Users/builder/Factory/paperloft/evidence/checkouts/p2-checkpoint9283f0c/build/VerifierDerivedData/Build/Intermediates.noindex/Paperloft.build/Debug/PaperloftApp.build/Objects-normal/arm64/Paperloft\ Receipts_lto.o -rdynamic -Xlinker -debug_variant -Xlinker -dependency_info -Xlinker /Users/builder/Factory/paperloft/evidence/checkouts/p2-checkpoint9283f0c/build/VerifierDerivedData/Build/Intermediates.noindex/Paperloft.build/Debug/PaperloftApp.build/Objects-normal/arm64/Paperloft\ Receipts_dependency_info.dat -fobjc-link-runtime -fprofile-instr-generate -L/Applications/Xcode.app/Contents/Developer/Toolchains/XcodeDefault.xctoolchain/usr/lib/swift/macosx -L/usr/lib/swift -Xlinker -add_ast_path -Xlinker /Users/builder/Factory/paperloft/evidence/checkouts/p2-checkpoint9283f0c/build/VerifierDerivedData/Build/Intermediates.noindex/Paperloft.build/Debug/PaperloftApp.build/Objects-normal/arm64/Paperloft_Receipts.swiftmodule -Xlinker -alias -Xlinker _main -Xlinker ___debug_main_executable_dylib_entry_point -Xlinker -no_adhoc_codesign -o /Users/builder/Factory/paperloft/evidence/checkouts/p2-checkpoint9283f0c/build/VerifierDerivedData/Build/Products/Debug/Paperloft\ Receipts.app/Contents/MacOS/Paperloft\ Receipts.debug.dylib

ConstructStubExecutorLinkFileList /Users/builder/Factory/paperloft/evidence/checkouts/p2-checkpoint9283f0c/build/VerifierDerivedData/Build/Intermediates.noindex/Paperloft.build/Debug/PaperloftApp.build/Paperloft\ Receipts-ExecutorLinkFileList-normal-arm64.txt (in target 'PaperloftApp' from project 'Paperloft')
    cd /Users/builder/Factory/paperloft/evidence/checkouts/p2-checkpoint9283f0c
    construct-stub-executor-link-file-list /Users/builder/Factory/paperloft/evidence/checkouts/p2-checkpoint9283f0c/build/VerifierDerivedData/Build/Products/Debug/Paperloft\ Receipts.app/Contents/MacOS/Paperloft\ Receipts.debug.dylib /Applications/Xcode.app/Contents/Developer/Platforms/MacOSX.platform/Developer/usr/lib/libPreviewsJITStubExecutor_no_swift_entry_point.a /Applications/Xcode.app/Contents/Developer/Platforms/MacOSX.platform/Developer/usr/lib/libPreviewsJITStubExecutor.a --output /Users/builder/Factory/paperloft/evidence/checkouts/p2-checkpoint9283f0c/build/VerifierDerivedData/Build/Intermediates.noindex/Paperloft.build/Debug/PaperloftApp.build/Paperloft\ Receipts-ExecutorLinkFileList-normal-arm64.txt
note: Using stub executor library with Swift entry point. (in target 'PaperloftApp' from project 'Paperloft')

Ld /Users/builder/Factory/paperloft/evidence/checkouts/p2-checkpoint9283f0c/build/VerifierDerivedData/Build/Products/Debug/Paperloft\ Receipts.app/Contents/MacOS/Paperloft\ Receipts normal (in target 'PaperloftApp' from project 'Paperloft')
    cd /Users/builder/Factory/paperloft/evidence/checkouts/p2-checkpoint9283f0c
    /Applications/Xcode.app/Contents/Developer/Toolchains/XcodeDefault.xctoolchain/usr/bin/clang -Xlinker -reproducible -target arm64-apple-macos27.0 -isysroot /Applications/Xcode.app/Contents/Developer/Platforms/MacOSX.platform/Developer/SDKs/MacOSX27.0.sdk -Os -Xlinker -no_warn_duplicate_libraries -L/Users/builder/Factory/paperloft/evidence/checkouts/p2-checkpoint9283f0c/build/VerifierDerivedData/Build/Products/Debug -F/Users/builder/Factory/paperloft/evidence/checkouts/p2-checkpoint9283f0c/build/VerifierDerivedData/Build/Products/Debug/PackageFrameworks -F/Users/builder/Factory/paperloft/evidence/checkouts/p2-checkpoint9283f0c/build/VerifierDerivedData/Build/Products/Debug -Xlinker -rpath -Xlinker @executable_path -Xlinker -rpath -Xlinker @loader_path -Xlinker -rpath -Xlinker /Users/builder/Factory/paperloft/evidence/checkouts/p2-checkpoint9283f0c/build/VerifierDerivedData/Build/Products/Debug/PackageFrameworks -rdynamic -Xlinker -debug_variant -e ___debug_blank_executor_main -Xlinker -sectcreate -Xlinker __TEXT -Xlinker __debug_dylib -Xlinker /Users/builder/Factory/paperloft/evidence/checkouts/p2-checkpoint9283f0c/build/VerifierDerivedData/Build/Intermediates.noindex/Paperloft.build/Debug/PaperloftApp.build/Paperloft\ Receipts-DebugDylibPath-normal-arm64.txt -Xlinker -sectcreate -Xlinker __TEXT -Xlinker __debug_instlnm -Xlinker /Users/builder/Factory/paperloft/evidence/checkouts/p2-checkpoint9283f0c/build/VerifierDerivedData/Build/Intermediates.noindex/Paperloft.build/Debug/PaperloftApp.build/Paperloft\ Receipts-DebugDylibInstallName-normal-arm64.txt -Xlinker -filelist -Xlinker /Users/builder/Factory/paperloft/evidence/checkouts/p2-checkpoint9283f0c/build/VerifierDerivedData/Build/Intermediates.noindex/Paperloft.build/Debug/PaperloftApp.build/Paperloft\ Receipts-ExecutorLinkFileList-normal-arm64.txt /Users/builder/Factory/paperloft/evidence/checkouts/p2-checkpoint9283f0c/build/VerifierDerivedData/Build/Products/Debug/Paperloft\ Receipts.app/Contents/MacOS/Paperloft\ Receipts.debug.dylib -Xlinker -no_adhoc_codesign -o /Users/builder/Factory/paperloft/evidence/checkouts/p2-checkpoint9283f0c/build/VerifierDerivedData/Build/Products/Debug/Paperloft\ Receipts.app/Contents/MacOS/Paperloft\ Receipts

CopySwiftLibs /Users/builder/Factory/paperloft/evidence/checkouts/p2-checkpoint9283f0c/build/VerifierDerivedData/Build/Products/Debug/Paperloft\ Receipts.app (in target 'PaperloftApp' from project 'Paperloft')
    cd /Users/builder/Factory/paperloft/evidence/checkouts/p2-checkpoint9283f0c
    builtin-swiftStdLibTool --copy --verbose --sign - --scan-executable /Users/builder/Factory/paperloft/evidence/checkouts/p2-checkpoint9283f0c/build/VerifierDerivedData/Build/Products/Debug/Paperloft\ Receipts.app/Contents/MacOS/Paperloft\ Receipts.debug.dylib --scan-folder /Users/builder/Factory/paperloft/evidence/checkouts/p2-checkpoint9283f0c/build/VerifierDerivedData/Build/Products/Debug/Paperloft\ Receipts.app/Contents/Frameworks --scan-folder /Users/builder/Factory/paperloft/evidence/checkouts/p2-checkpoint9283f0c/build/VerifierDerivedData/Build/Products/Debug/Paperloft\ Receipts.app/Contents/PlugIns --scan-folder /Users/builder/Factory/paperloft/evidence/checkouts/p2-checkpoint9283f0c/build/VerifierDerivedData/Build/Products/Debug/Paperloft\ Receipts.app/Contents/Library/SystemExtensions --scan-folder /Users/builder/Factory/paperloft/evidence/checkouts/p2-checkpoint9283f0c/build/VerifierDerivedData/Build/Products/Debug/Paperloft\ Receipts.app/Contents/Extensions --platform macosx --toolchain /Applications/Xcode.app/Contents/Developer/Toolchains/XcodeDefault.xctoolchain --destination /Users/builder/Factory/paperloft/evidence/checkouts/p2-checkpoint9283f0c/build/VerifierDerivedData/Build/Products/Debug/Paperloft\ Receipts.app/Contents/Frameworks --strip-bitcode --strip-bitcode-tool /Applications/Xcode.app/Contents/Developer/Toolchains/XcodeDefault.xctoolchain/usr/bin/bitcode_strip --emit-dependency-info /Users/builder/Factory/paperloft/evidence/checkouts/p2-checkpoint9283f0c/build/VerifierDerivedData/Build/Intermediates.noindex/Paperloft.build/Debug/PaperloftApp.build/SwiftStdLibToolInputDependencies.dep --filter-for-swift-os

ExtractAppIntentsMetadata (in target 'PaperloftApp' from project 'Paperloft')
    cd /Users/builder/Factory/paperloft/evidence/checkouts/p2-checkpoint9283f0c
    /Applications/Xcode.app/Contents/Developer/Toolchains/XcodeDefault.xctoolchain/usr/bin/appintentsmetadataprocessor --toolchain-dir /Applications/Xcode.app/Contents/Developer/Toolchains/XcodeDefault.xctoolchain --module-name Paperloft_Receipts --sdk-root /Applications/Xcode.app/Contents/Developer/Platforms/MacOSX.platform/Developer/SDKs/MacOSX27.0.sdk --xcode-version 27A266a --platform-family macOS --deployment-target 27.0 --bundle-identifier app.paperloft.receipts --output /Users/builder/Factory/paperloft/evidence/checkouts/p2-checkpoint9283f0c/build/VerifierDerivedData/Build/Products/Debug/Paperloft\ Receipts.app/Contents/Resources --target-triple arm64-apple-macos27.0 --binary-file /Users/builder/Factory/paperloft/evidence/checkouts/p2-checkpoint9283f0c/build/VerifierDerivedData/Build/Products/Debug/Paperloft\ Receipts.app/Contents/MacOS/Paperloft\ Receipts --dependency-file /Users/builder/Factory/paperloft/evidence/checkouts/p2-checkpoint9283f0c/build/VerifierDerivedData/Build/Intermediates.noindex/Paperloft.build/Debug/PaperloftApp.build/Objects-normal/arm64/Paperloft\ Receipts_dependency_info.dat --stringsdata-file /Users/builder/Factory/paperloft/evidence/checkouts/p2-checkpoint9283f0c/build/VerifierDerivedData/Build/Intermediates.noindex/Paperloft.build/Debug/PaperloftApp.build/Objects-normal/arm64/ExtractedAppShortcutsMetadata.stringsdata --source-file-list /Users/builder/Factory/paperloft/evidence/checkouts/p2-checkpoint9283f0c/build/VerifierDerivedData/Build/Intermediates.noindex/Paperloft.build/Debug/PaperloftApp.build/Objects-normal/arm64/Paperloft\ Receipts.SwiftFileList --metadata-file-list /Users/builder/Factory/paperloft/evidence/checkouts/p2-checkpoint9283f0c/build/VerifierDerivedData/Build/Intermediates.noindex/Paperloft.build/Debug/PaperloftApp.build/Paperloft\ Receipts.DependencyMetadataFileList --static-metadata-file-list /Users/builder/Factory/paperloft/evidence/checkouts/p2-checkpoint9283f0c/build/VerifierDerivedData/Build/Intermediates.noindex/Paperloft.build/Debug/PaperloftApp.build/Paperloft\ Receipts.DependencyStaticMetadataFileList --swift-const-vals-list /Users/builder/Factory/paperloft/evidence/checkouts/p2-checkpoint9283f0c/build/VerifierDerivedData/Build/Intermediates.noindex/Paperloft.build/Debug/PaperloftApp.build/Objects-normal/arm64/Paperloft\ Receipts.SwiftConstValuesFileList --compile-time-extraction --deployment-aware-processing --no-app-shortcuts-localization
2026-09-26 22:03:36.987 appintentsmetadataprocessor[33655:943366] Starting appintentsmetadataprocessor export
2026-09-26 22:03:37.038 appintentsmetadataprocessor[33655:943366] Extracted no relevant App Intents symbols, skipping writing output

CodeSign /Users/builder/Factory/paperloft/evidence/checkouts/p2-checkpoint9283f0c/build/VerifierDerivedData/Build/Products/Debug/Paperloft\ Receipts.app/Contents/MacOS/Paperloft\ Receipts.debug.dylib (in target 'PaperloftApp' from project 'Paperloft')
    cd /Users/builder/Factory/paperloft/evidence/checkouts/p2-checkpoint9283f0c
    
    Signing Identity:     "Sign to Run Locally"
    
    /usr/bin/codesign --force --sign - --timestamp\=none --generate-entitlement-der /Users/builder/Factory/paperloft/evidence/checkouts/p2-checkpoint9283f0c/build/VerifierDerivedData/Build/Products/Debug/Paperloft\ Receipts.app/Contents/MacOS/Paperloft\ Receipts.debug.dylib

CodeSign /Users/builder/Factory/paperloft/evidence/checkouts/p2-checkpoint9283f0c/build/VerifierDerivedData/Build/Products/Debug/Paperloft\ Receipts.app/Contents/MacOS/__preview.dylib (in target 'PaperloftApp' from project 'Paperloft')
    cd /Users/builder/Factory/paperloft/evidence/checkouts/p2-checkpoint9283f0c
    
    Signing Identity:     "Sign to Run Locally"
    
    /usr/bin/codesign --force --sign - --timestamp\=none --generate-entitlement-der /Users/builder/Factory/paperloft/evidence/checkouts/p2-checkpoint9283f0c/build/VerifierDerivedData/Build/Products/Debug/Paperloft\ Receipts.app/Contents/MacOS/__preview.dylib

CodeSign /Users/builder/Factory/paperloft/evidence/checkouts/p2-checkpoint9283f0c/build/VerifierDerivedData/Build/Products/Debug/Paperloft\ Receipts.app (in target 'PaperloftApp' from project 'Paperloft')
    cd /Users/builder/Factory/paperloft/evidence/checkouts/p2-checkpoint9283f0c
    
    Signing Identity:     "Sign to Run Locally"
    
    /usr/bin/codesign --force --sign - --entitlements /Users/builder/Factory/paperloft/evidence/checkouts/p2-checkpoint9283f0c/build/VerifierDerivedData/Build/Intermediates.noindex/Paperloft.build/Debug/PaperloftApp.build/Paperloft\ Receipts.app.xcent --timestamp\=none --generate-entitlement-der /Users/builder/Factory/paperloft/evidence/checkouts/p2-checkpoint9283f0c/build/VerifierDerivedData/Build/Products/Debug/Paperloft\ Receipts.app

RegisterExecutionPolicyException /Users/builder/Factory/paperloft/evidence/checkouts/p2-checkpoint9283f0c/build/VerifierDerivedData/Build/Products/Debug/Paperloft\ Receipts.app (in target 'PaperloftApp' from project 'Paperloft')
    cd /Users/builder/Factory/paperloft/evidence/checkouts/p2-checkpoint9283f0c
    builtin-RegisterExecutionPolicyException /Users/builder/Factory/paperloft/evidence/checkouts/p2-checkpoint9283f0c/build/VerifierDerivedData/Build/Products/Debug/Paperloft\ Receipts.app

Validate /Users/builder/Factory/paperloft/evidence/checkouts/p2-checkpoint9283f0c/build/VerifierDerivedData/Build/Products/Debug/Paperloft\ Receipts.app (in target 'PaperloftApp' from project 'Paperloft')
    cd /Users/builder/Factory/paperloft/evidence/checkouts/p2-checkpoint9283f0c
    builtin-validationUtility /Users/builder/Factory/paperloft/evidence/checkouts/p2-checkpoint9283f0c/build/VerifierDerivedData/Build/Products/Debug/Paperloft\ Receipts.app -no-validate-extension -infoplist-subpath Contents/Info.plist

Touch /Users/builder/Factory/paperloft/evidence/checkouts/p2-checkpoint9283f0c/build/VerifierDerivedData/Build/Products/Debug/Paperloft\ Receipts.app (in target 'PaperloftApp' from project 'Paperloft')
    cd /Users/builder/Factory/paperloft/evidence/checkouts/p2-checkpoint9283f0c
    /usr/bin/touch -c /Users/builder/Factory/paperloft/evidence/checkouts/p2-checkpoint9283f0c/build/VerifierDerivedData/Build/Products/Debug/Paperloft\ Receipts.app

RegisterWithLaunchServices /Users/builder/Factory/paperloft/evidence/checkouts/p2-checkpoint9283f0c/build/VerifierDerivedData/Build/Products/Debug/Paperloft\ Receipts.app (in target 'PaperloftApp' from project 'Paperloft')
    cd /Users/builder/Factory/paperloft/evidence/checkouts/p2-checkpoint9283f0c
    builtin-lsregisterurl --record-path /Users/builder/Factory/paperloft/evidence/checkouts/p2-checkpoint9283f0c/build/VerifierDerivedData/Build/Intermediates.noindex/XCBuildData/registered-launchservices.txt -- /System/Library/Frameworks/CoreServices.framework/Versions/Current/Frameworks/LaunchServices.framework/Versions/Current/Support/lsregister -f -R -trusted /Users/builder/Factory/paperloft/evidence/checkouts/p2-checkpoint9283f0c/build/VerifierDerivedData/Build/Products/Debug/Paperloft\ Receipts.app

PruneExplicitPrecompiledModules /Users/builder/Factory/paperloft/evidence/checkouts/p2-checkpoint9283f0c/build/VerifierDerivedData/SDKExplicitPrecompiledModules

PruneExplicitPrecompiledModules /Users/builder/Factory/paperloft/evidence/checkouts/p2-checkpoint9283f0c/build/VerifierDerivedData/Build/Intermediates.noindex/ExplicitPrecompiledModules

PruneExplicitPrecompiledModules /Users/builder/Factory/paperloft/evidence/checkouts/p2-checkpoint9283f0c/build/VerifierDerivedData/Build/Intermediates.noindex/SwiftExplicitPrecompiledModules

** BUILD SUCCEEDED **

