Command line invocation:
    /Applications/Xcode.app/Contents/Developer/usr/bin/xcodebuild -project Paperloft.xcodeproj -scheme PaperloftApp -destination platform=macOS SWIFT_TREAT_WARNINGS_AS_ERRORS=YES -derivedDataPath /Users/builder/Factory/paperloft/evidence/checkouts/p2-checkpoint47fdb2c/build/CoverageDerivedData-Shp9Jd -configuration Debug -enableCodeCoverage YES -resultBundlePath build/Tests-20260926-222804.xcresult clean test

Build settings from command line:
    SWIFT_TREAT_WARNINGS_AS_ERRORS = YES

Resolve Package Graph


Resolved source packages:
  PaperloftKit: /Users/builder/Factory/paperloft/evidence/checkouts/p2-checkpoint47fdb2c/Packages/PaperloftKit @ local

Writing result bundle at path:
	/Users/builder/Factory/paperloft/evidence/checkouts/p2-checkpoint47fdb2c/build/Tests-20260926-222804.xcresult

CreateBuildRequest

SendProjectDescription

CreateBuildOperation


Result bundle written to path:
	/Users/builder/Factory/paperloft/evidence/checkouts/p2-checkpoint47fdb2c/build/Tests-20260926-222804.xcresult

** CLEAN SUCCEEDED **

ComputePackagePrebuildTargetDependencyGraph

Prepare packages

CreateBuildRequest

SendProjectDescription

CreateBuildOperation

ComputeTargetDependencyGraph
note: Building targets in dependency order
note: Target dependency graph (5 targets)
    Target 'PaperloftUITests' in project 'Paperloft'
        ➜ Explicit dependency on target 'PaperloftApp' in project 'Paperloft'
    Target 'PaperloftKitTests' in project 'Paperloft'
        ➜ Explicit dependency on target 'PaperloftKit-product' in project 'PaperloftKit'
    Target 'PaperloftApp' in project 'Paperloft'
        ➜ Explicit dependency on target 'PaperloftKit-product' in project 'PaperloftKit'
    Target 'PaperloftKit-product' in project 'PaperloftKit'
        ➜ Explicit dependency on target 'PaperloftKit' in project 'PaperloftKit'
    Target 'PaperloftKit' in project 'PaperloftKit' (no dependencies)

GatherProvisioningInputs

CreateBuildDescription

ExecuteExternalTool /Applications/Xcode.app/Contents/Developer/Toolchains/XcodeDefault.xctoolchain/usr/bin/swiftc --version

ExecuteExternalTool /Applications/Xcode.app/Contents/Developer/Toolchains/XcodeDefault.xctoolchain/usr/bin/clang -v -E -dM -isysroot /Applications/Xcode.app/Contents/Developer/Platforms/MacOSX.platform/Developer/SDKs/MacOSX27.0.sdk -x c -c /dev/null

ExecuteExternalTool /Applications/Xcode.app/Contents/Developer/Toolchains/XcodeDefault.xctoolchain/usr/bin/ld -version_details

Build description signature: 3958199fd89a35dd0bab542c3dbce851
Build description path: /Users/builder/Factory/paperloft/evidence/checkouts/p2-checkpoint47fdb2c/build/CoverageDerivedData-Shp9Jd/Build/Intermediates.noindex/XCBuildData/3958199fd89a35dd0bab542c3dbce851.xcbuilddata
CreateBuildDirectory /Users/builder/Factory/paperloft/evidence/checkouts/p2-checkpoint47fdb2c/build/CoverageDerivedData-Shp9Jd/SDKExplicitPrecompiledModules
    cd /Users/builder/Factory/paperloft/evidence/checkouts/p2-checkpoint47fdb2c/Paperloft.xcodeproj
    builtin-create-build-directory /Users/builder/Factory/paperloft/evidence/checkouts/p2-checkpoint47fdb2c/build/CoverageDerivedData-Shp9Jd/SDKExplicitPrecompiledModules

CreateBuildDirectory /Users/builder/Factory/paperloft/evidence/checkouts/p2-checkpoint47fdb2c/build/CoverageDerivedData-Shp9Jd/ModuleCache.noindex
    cd /Users/builder/Factory/paperloft/evidence/checkouts/p2-checkpoint47fdb2c/Paperloft.xcodeproj
    builtin-create-build-directory /Users/builder/Factory/paperloft/evidence/checkouts/p2-checkpoint47fdb2c/build/CoverageDerivedData-Shp9Jd/ModuleCache.noindex

CreateBuildDirectory /Users/builder/Factory/paperloft/evidence/checkouts/p2-checkpoint47fdb2c/build/CoverageDerivedData-Shp9Jd/CompilationCache.noindex
    cd /Users/builder/Factory/paperloft/evidence/checkouts/p2-checkpoint47fdb2c/Paperloft.xcodeproj
    builtin-create-build-directory /Users/builder/Factory/paperloft/evidence/checkouts/p2-checkpoint47fdb2c/build/CoverageDerivedData-Shp9Jd/CompilationCache.noindex

ClangStatCache /Applications/Xcode.app/Contents/Developer/Toolchains/XcodeDefault.xctoolchain/usr/bin/clang-stat-cache /Applications/Xcode.app/Contents/Developer/Platforms/MacOSX.platform/Developer/SDKs/MacOSX27.0.sdk /Users/builder/Factory/paperloft/evidence/checkouts/p2-checkpoint47fdb2c/build/CoverageDerivedData-Shp9Jd/SDKStatCaches.noindex/macosx27.0-26A425-7231f6df4def33e022ae2eb8f782df1a.sdkstatcache
    cd /Users/builder/Factory/paperloft/evidence/checkouts/p2-checkpoint47fdb2c/Paperloft.xcodeproj
    /Applications/Xcode.app/Contents/Developer/Toolchains/XcodeDefault.xctoolchain/usr/bin/clang-stat-cache /Applications/Xcode.app/Contents/Developer/Platforms/MacOSX.platform/Developer/SDKs/MacOSX27.0.sdk -o /Users/builder/Factory/paperloft/evidence/checkouts/p2-checkpoint47fdb2c/build/CoverageDerivedData-Shp9Jd/SDKStatCaches.noindex/macosx27.0-26A425-7231f6df4def33e022ae2eb8f782df1a.sdkstatcache

CreateBuildDirectory /Users/builder/Factory/paperloft/evidence/checkouts/p2-checkpoint47fdb2c/build/CoverageDerivedData-Shp9Jd/Build/Products
    cd /Users/builder/Factory/paperloft/evidence/checkouts/p2-checkpoint47fdb2c/Paperloft.xcodeproj
    builtin-create-build-directory /Users/builder/Factory/paperloft/evidence/checkouts/p2-checkpoint47fdb2c/build/CoverageDerivedData-Shp9Jd/Build/Products

CreateBuildDirectory /Users/builder/Factory/paperloft/evidence/checkouts/p2-checkpoint47fdb2c/build/CoverageDerivedData-Shp9Jd/Build/Intermediates.noindex
    cd /Users/builder/Factory/paperloft/evidence/checkouts/p2-checkpoint47fdb2c/Paperloft.xcodeproj
    builtin-create-build-directory /Users/builder/Factory/paperloft/evidence/checkouts/p2-checkpoint47fdb2c/build/CoverageDerivedData-Shp9Jd/Build/Intermediates.noindex

CreateBuildDirectory /Users/builder/Factory/paperloft/evidence/checkouts/p2-checkpoint47fdb2c/build/CoverageDerivedData-Shp9Jd/Build/Products/Debug
    cd /Users/builder/Factory/paperloft/evidence/checkouts/p2-checkpoint47fdb2c/Paperloft.xcodeproj
    builtin-create-build-directory /Users/builder/Factory/paperloft/evidence/checkouts/p2-checkpoint47fdb2c/build/CoverageDerivedData-Shp9Jd/Build/Products/Debug

CreateBuildDirectory /Users/builder/Factory/paperloft/evidence/checkouts/p2-checkpoint47fdb2c/build/CoverageDerivedData-Shp9Jd/Build/Intermediates.noindex/SwiftExplicitPrecompiledModules
    cd /Users/builder/Factory/paperloft/evidence/checkouts/p2-checkpoint47fdb2c/Paperloft.xcodeproj
    builtin-create-build-directory /Users/builder/Factory/paperloft/evidence/checkouts/p2-checkpoint47fdb2c/build/CoverageDerivedData-Shp9Jd/Build/Intermediates.noindex/SwiftExplicitPrecompiledModules

CreateBuildDirectory /Users/builder/Factory/paperloft/evidence/checkouts/p2-checkpoint47fdb2c/build/CoverageDerivedData-Shp9Jd/Build/Intermediates.noindex/PrecompiledHeaders
    cd /Users/builder/Factory/paperloft/evidence/checkouts/p2-checkpoint47fdb2c/Paperloft.xcodeproj
    builtin-create-build-directory /Users/builder/Factory/paperloft/evidence/checkouts/p2-checkpoint47fdb2c/build/CoverageDerivedData-Shp9Jd/Build/Intermediates.noindex/PrecompiledHeaders

CreateBuildDirectory /Users/builder/Factory/paperloft/evidence/checkouts/p2-checkpoint47fdb2c/build/CoverageDerivedData-Shp9Jd/Build/Intermediates.noindex/ExplicitPrecompiledModules
    cd /Users/builder/Factory/paperloft/evidence/checkouts/p2-checkpoint47fdb2c/Paperloft.xcodeproj
    builtin-create-build-directory /Users/builder/Factory/paperloft/evidence/checkouts/p2-checkpoint47fdb2c/build/CoverageDerivedData-Shp9Jd/Build/Intermediates.noindex/ExplicitPrecompiledModules

WriteAuxiliaryFile /Users/builder/Factory/paperloft/evidence/checkouts/p2-checkpoint47fdb2c/build/CoverageDerivedData-Shp9Jd/Build/Intermediates.noindex/Paperloft.build/Debug/Paperloft-b93ddc6bcd4d234a5473ab01ad3589c4-VFS/all-product-headers.yaml
    cd /Users/builder/Factory/paperloft/evidence/checkouts/p2-checkpoint47fdb2c/Paperloft.xcodeproj
    write-file /Users/builder/Factory/paperloft/evidence/checkouts/p2-checkpoint47fdb2c/build/CoverageDerivedData-Shp9Jd/Build/Intermediates.noindex/Paperloft.build/Debug/Paperloft-b93ddc6bcd4d234a5473ab01ad3589c4-VFS/all-product-headers.yaml

CreateBuildDirectory /Users/builder/Factory/paperloft/evidence/checkouts/p2-checkpoint47fdb2c/build/CoverageDerivedData-Shp9Jd/Build/Intermediates.noindex/EagerLinkingTBDs/Debug
    cd /Users/builder/Factory/paperloft/evidence/checkouts/p2-checkpoint47fdb2c/Paperloft.xcodeproj
    builtin-create-build-directory /Users/builder/Factory/paperloft/evidence/checkouts/p2-checkpoint47fdb2c/build/CoverageDerivedData-Shp9Jd/Build/Intermediates.noindex/EagerLinkingTBDs/Debug

CreateBuildDirectory /Users/builder/Factory/paperloft/evidence/checkouts/p2-checkpoint47fdb2c/build/CoverageDerivedData-Shp9Jd/Build/Products/Debug/PackageFrameworks
    cd /Users/builder/Factory/paperloft/evidence/checkouts/p2-checkpoint47fdb2c/Paperloft.xcodeproj
    builtin-create-build-directory /Users/builder/Factory/paperloft/evidence/checkouts/p2-checkpoint47fdb2c/build/CoverageDerivedData-Shp9Jd/Build/Products/Debug/PackageFrameworks

WriteAuxiliaryFile /Users/builder/Factory/paperloft/evidence/checkouts/p2-checkpoint47fdb2c/build/CoverageDerivedData-Shp9Jd/Build/Intermediates.noindex/Paperloft.build/Debug/PaperloftKitTests.build/empty-PaperloftKitTests.plist (in target 'PaperloftKitTests' from project 'Paperloft')
    cd /Users/builder/Factory/paperloft/evidence/checkouts/p2-checkpoint47fdb2c
    write-file /Users/builder/Factory/paperloft/evidence/checkouts/p2-checkpoint47fdb2c/build/CoverageDerivedData-Shp9Jd/Build/Intermediates.noindex/Paperloft.build/Debug/PaperloftKitTests.build/empty-PaperloftKitTests.plist

WriteAuxiliaryFile /Users/builder/Factory/paperloft/evidence/checkouts/p2-checkpoint47fdb2c/build/CoverageDerivedData-Shp9Jd/Build/Intermediates.noindex/Paperloft.build/Debug/PaperloftUITests.build/PaperloftUITests-project-headers.hmap (in target 'PaperloftUITests' from project 'Paperloft')
    cd /Users/builder/Factory/paperloft/evidence/checkouts/p2-checkpoint47fdb2c
    write-file /Users/builder/Factory/paperloft/evidence/checkouts/p2-checkpoint47fdb2c/build/CoverageDerivedData-Shp9Jd/Build/Intermediates.noindex/Paperloft.build/Debug/PaperloftUITests.build/PaperloftUITests-project-headers.hmap

WriteAuxiliaryFile /Users/builder/Factory/paperloft/evidence/checkouts/p2-checkpoint47fdb2c/build/CoverageDerivedData-Shp9Jd/Build/Intermediates.noindex/Paperloft.build/Debug/PaperloftUITests.build/PaperloftUITests.hmap (in target 'PaperloftUITests' from project 'Paperloft')
    cd /Users/builder/Factory/paperloft/evidence/checkouts/p2-checkpoint47fdb2c
    write-file /Users/builder/Factory/paperloft/evidence/checkouts/p2-checkpoint47fdb2c/build/CoverageDerivedData-Shp9Jd/Build/Intermediates.noindex/Paperloft.build/Debug/PaperloftUITests.build/PaperloftUITests.hmap

WriteAuxiliaryFile /Users/builder/Factory/paperloft/evidence/checkouts/p2-checkpoint47fdb2c/build/CoverageDerivedData-Shp9Jd/Build/Intermediates.noindex/Paperloft.build/Debug/PaperloftUITests.build/ProductTypeInfoPlistAdditions.plist (in target 'PaperloftUITests' from project 'Paperloft')
    cd /Users/builder/Factory/paperloft/evidence/checkouts/p2-checkpoint47fdb2c
    write-file /Users/builder/Factory/paperloft/evidence/checkouts/p2-checkpoint47fdb2c/build/CoverageDerivedData-Shp9Jd/Build/Intermediates.noindex/Paperloft.build/Debug/PaperloftUITests.build/ProductTypeInfoPlistAdditions.plist

WriteAuxiliaryFile /Users/builder/Factory/paperloft/evidence/checkouts/p2-checkpoint47fdb2c/build/CoverageDerivedData-Shp9Jd/Build/Intermediates.noindex/Paperloft.build/Debug/PaperloftUITests.build/PaperloftUITests-own-target-headers.hmap (in target 'PaperloftUITests' from project 'Paperloft')
    cd /Users/builder/Factory/paperloft/evidence/checkouts/p2-checkpoint47fdb2c
    write-file /Users/builder/Factory/paperloft/evidence/checkouts/p2-checkpoint47fdb2c/build/CoverageDerivedData-Shp9Jd/Build/Intermediates.noindex/Paperloft.build/Debug/PaperloftUITests.build/PaperloftUITests-own-target-headers.hmap

WriteAuxiliaryFile /Users/builder/Factory/paperloft/evidence/checkouts/p2-checkpoint47fdb2c/build/CoverageDerivedData-Shp9Jd/Build/Intermediates.noindex/Paperloft.build/Debug/PaperloftUITests.build/PaperloftUITests-generated-files.hmap (in target 'PaperloftUITests' from project 'Paperloft')
    cd /Users/builder/Factory/paperloft/evidence/checkouts/p2-checkpoint47fdb2c
    write-file /Users/builder/Factory/paperloft/evidence/checkouts/p2-checkpoint47fdb2c/build/CoverageDerivedData-Shp9Jd/Build/Intermediates.noindex/Paperloft.build/Debug/PaperloftUITests.build/PaperloftUITests-generated-files.hmap

WriteAuxiliaryFile /Users/builder/Factory/paperloft/evidence/checkouts/p2-checkpoint47fdb2c/build/CoverageDerivedData-Shp9Jd/Build/Intermediates.noindex/Paperloft.build/Debug/PaperloftUITests.build/PaperloftUITests-all-target-headers.hmap (in target 'PaperloftUITests' from project 'Paperloft')
    cd /Users/builder/Factory/paperloft/evidence/checkouts/p2-checkpoint47fdb2c
    write-file /Users/builder/Factory/paperloft/evidence/checkouts/p2-checkpoint47fdb2c/build/CoverageDerivedData-Shp9Jd/Build/Intermediates.noindex/Paperloft.build/Debug/PaperloftUITests.build/PaperloftUITests-all-target-headers.hmap

WriteAuxiliaryFile /Users/builder/Factory/paperloft/evidence/checkouts/p2-checkpoint47fdb2c/build/CoverageDerivedData-Shp9Jd/Build/Intermediates.noindex/Paperloft.build/Debug/PaperloftUITests.build/empty-PaperloftUITests.plist (in target 'PaperloftUITests' from project 'Paperloft')
    cd /Users/builder/Factory/paperloft/evidence/checkouts/p2-checkpoint47fdb2c
    write-file /Users/builder/Factory/paperloft/evidence/checkouts/p2-checkpoint47fdb2c/build/CoverageDerivedData-Shp9Jd/Build/Intermediates.noindex/Paperloft.build/Debug/PaperloftUITests.build/empty-PaperloftUITests.plist

WriteAuxiliaryFile /Users/builder/Factory/paperloft/evidence/checkouts/p2-checkpoint47fdb2c/build/CoverageDerivedData-Shp9Jd/Build/Intermediates.noindex/Paperloft.build/Debug/PaperloftKitTests.build/PaperloftKitTests.hmap (in target 'PaperloftKitTests' from project 'Paperloft')
    cd /Users/builder/Factory/paperloft/evidence/checkouts/p2-checkpoint47fdb2c
    write-file /Users/builder/Factory/paperloft/evidence/checkouts/p2-checkpoint47fdb2c/build/CoverageDerivedData-Shp9Jd/Build/Intermediates.noindex/Paperloft.build/Debug/PaperloftKitTests.build/PaperloftKitTests.hmap

WriteAuxiliaryFile /Users/builder/Factory/paperloft/evidence/checkouts/p2-checkpoint47fdb2c/build/CoverageDerivedData-Shp9Jd/Build/Intermediates.noindex/Paperloft.build/Debug/PaperloftUITests.build/PaperloftUITests.DependencyMetadataFileList (in target 'PaperloftUITests' from project 'Paperloft')
    cd /Users/builder/Factory/paperloft/evidence/checkouts/p2-checkpoint47fdb2c
    write-file /Users/builder/Factory/paperloft/evidence/checkouts/p2-checkpoint47fdb2c/build/CoverageDerivedData-Shp9Jd/Build/Intermediates.noindex/Paperloft.build/Debug/PaperloftUITests.build/PaperloftUITests.DependencyMetadataFileList

WriteAuxiliaryFile /Users/builder/Factory/paperloft/evidence/checkouts/p2-checkpoint47fdb2c/build/CoverageDerivedData-Shp9Jd/Build/Intermediates.noindex/Paperloft.build/Debug/PaperloftUITests.build/PaperloftUITests.DependencyStaticMetadataFileList (in target 'PaperloftUITests' from project 'Paperloft')
    cd /Users/builder/Factory/paperloft/evidence/checkouts/p2-checkpoint47fdb2c
    write-file /Users/builder/Factory/paperloft/evidence/checkouts/p2-checkpoint47fdb2c/build/CoverageDerivedData-Shp9Jd/Build/Intermediates.noindex/Paperloft.build/Debug/PaperloftUITests.build/PaperloftUITests.DependencyStaticMetadataFileList

WriteAuxiliaryFile /Users/builder/Factory/paperloft/evidence/checkouts/p2-checkpoint47fdb2c/build/CoverageDerivedData-Shp9Jd/Build/Intermediates.noindex/Paperloft.build/Debug/PaperloftUITests.build/PaperloftUITests-all-non-framework-target-headers.hmap (in target 'PaperloftUITests' from project 'Paperloft')
    cd /Users/builder/Factory/paperloft/evidence/checkouts/p2-checkpoint47fdb2c
    write-file /Users/builder/Factory/paperloft/evidence/checkouts/p2-checkpoint47fdb2c/build/CoverageDerivedData-Shp9Jd/Build/Intermediates.noindex/Paperloft.build/Debug/PaperloftUITests.build/PaperloftUITests-all-non-framework-target-headers.hmap

WriteAuxiliaryFile /Users/builder/Factory/paperloft/evidence/checkouts/p2-checkpoint47fdb2c/build/CoverageDerivedData-Shp9Jd/Build/Intermediates.noindex/Paperloft.build/Debug/PaperloftUITests.build/Objects-normal/arm64/PaperloftUITests_const_extract_protocols.json (in target 'PaperloftUITests' from project 'Paperloft')
    cd /Users/builder/Factory/paperloft/evidence/checkouts/p2-checkpoint47fdb2c
    write-file /Users/builder/Factory/paperloft/evidence/checkouts/p2-checkpoint47fdb2c/build/CoverageDerivedData-Shp9Jd/Build/Intermediates.noindex/Paperloft.build/Debug/PaperloftUITests.build/Objects-normal/arm64/PaperloftUITests_const_extract_protocols.json

WriteAuxiliaryFile /Users/builder/Factory/paperloft/evidence/checkouts/p2-checkpoint47fdb2c/build/CoverageDerivedData-Shp9Jd/Build/Intermediates.noindex/Paperloft.build/Debug/PaperloftUITests.build/Objects-normal/arm64/PaperloftUITests.SwiftFileList (in target 'PaperloftUITests' from project 'Paperloft')
    cd /Users/builder/Factory/paperloft/evidence/checkouts/p2-checkpoint47fdb2c
    write-file /Users/builder/Factory/paperloft/evidence/checkouts/p2-checkpoint47fdb2c/build/CoverageDerivedData-Shp9Jd/Build/Intermediates.noindex/Paperloft.build/Debug/PaperloftUITests.build/Objects-normal/arm64/PaperloftUITests.SwiftFileList

WriteAuxiliaryFile /Users/builder/Factory/paperloft/evidence/checkouts/p2-checkpoint47fdb2c/build/CoverageDerivedData-Shp9Jd/Build/Intermediates.noindex/Paperloft.build/Debug/PaperloftUITests.build/Objects-normal/arm64/PaperloftUITests.SwiftConstValuesFileList (in target 'PaperloftUITests' from project 'Paperloft')
    cd /Users/builder/Factory/paperloft/evidence/checkouts/p2-checkpoint47fdb2c
    write-file /Users/builder/Factory/paperloft/evidence/checkouts/p2-checkpoint47fdb2c/build/CoverageDerivedData-Shp9Jd/Build/Intermediates.noindex/Paperloft.build/Debug/PaperloftUITests.build/Objects-normal/arm64/PaperloftUITests.SwiftConstValuesFileList

WriteAuxiliaryFile /Users/builder/Factory/paperloft/evidence/checkouts/p2-checkpoint47fdb2c/build/CoverageDerivedData-Shp9Jd/Build/Intermediates.noindex/Paperloft.build/Debug/PaperloftUITests.build/Objects-normal/arm64/PaperloftUITests.LinkFileList (in target 'PaperloftUITests' from project 'Paperloft')
    cd /Users/builder/Factory/paperloft/evidence/checkouts/p2-checkpoint47fdb2c
    write-file /Users/builder/Factory/paperloft/evidence/checkouts/p2-checkpoint47fdb2c/build/CoverageDerivedData-Shp9Jd/Build/Intermediates.noindex/Paperloft.build/Debug/PaperloftUITests.build/Objects-normal/arm64/PaperloftUITests.LinkFileList

WriteAuxiliaryFile /Users/builder/Factory/paperloft/evidence/checkouts/p2-checkpoint47fdb2c/build/CoverageDerivedData-Shp9Jd/Build/Intermediates.noindex/Paperloft.build/Debug/PaperloftUITests.build/Objects-normal/arm64/PaperloftUITests-OutputFileMap.json (in target 'PaperloftUITests' from project 'Paperloft')
    cd /Users/builder/Factory/paperloft/evidence/checkouts/p2-checkpoint47fdb2c
    write-file /Users/builder/Factory/paperloft/evidence/checkouts/p2-checkpoint47fdb2c/build/CoverageDerivedData-Shp9Jd/Build/Intermediates.noindex/Paperloft.build/Debug/PaperloftUITests.build/Objects-normal/arm64/PaperloftUITests-OutputFileMap.json

WriteAuxiliaryFile /Users/builder/Factory/paperloft/evidence/checkouts/p2-checkpoint47fdb2c/build/CoverageDerivedData-Shp9Jd/Build/Intermediates.noindex/Paperloft.build/Debug/PaperloftUITests.build/DerivedSources/Entitlements.plist (in target 'PaperloftUITests' from project 'Paperloft')
    cd /Users/builder/Factory/paperloft/evidence/checkouts/p2-checkpoint47fdb2c
    write-file /Users/builder/Factory/paperloft/evidence/checkouts/p2-checkpoint47fdb2c/build/CoverageDerivedData-Shp9Jd/Build/Intermediates.noindex/Paperloft.build/Debug/PaperloftUITests.build/DerivedSources/Entitlements.plist

WriteAuxiliaryFile /Users/builder/Factory/paperloft/evidence/checkouts/p2-checkpoint47fdb2c/build/CoverageDerivedData-Shp9Jd/Build/Intermediates.noindex/Paperloft.build/Debug/PaperloftKitTests.build/PaperloftKitTests.DependencyStaticMetadataFileList (in target 'PaperloftKitTests' from project 'Paperloft')
    cd /Users/builder/Factory/paperloft/evidence/checkouts/p2-checkpoint47fdb2c
    write-file /Users/builder/Factory/paperloft/evidence/checkouts/p2-checkpoint47fdb2c/build/CoverageDerivedData-Shp9Jd/Build/Intermediates.noindex/Paperloft.build/Debug/PaperloftKitTests.build/PaperloftKitTests.DependencyStaticMetadataFileList

WriteAuxiliaryFile /Users/builder/Factory/paperloft/evidence/checkouts/p2-checkpoint47fdb2c/build/CoverageDerivedData-Shp9Jd/Build/Intermediates.noindex/Paperloft.build/Debug/PaperloftKitTests.build/PaperloftKitTests.DependencyMetadataFileList (in target 'PaperloftKitTests' from project 'Paperloft')
    cd /Users/builder/Factory/paperloft/evidence/checkouts/p2-checkpoint47fdb2c
    write-file /Users/builder/Factory/paperloft/evidence/checkouts/p2-checkpoint47fdb2c/build/CoverageDerivedData-Shp9Jd/Build/Intermediates.noindex/Paperloft.build/Debug/PaperloftKitTests.build/PaperloftKitTests.DependencyMetadataFileList

WriteAuxiliaryFile /Users/builder/Factory/paperloft/evidence/checkouts/p2-checkpoint47fdb2c/build/CoverageDerivedData-Shp9Jd/Build/Intermediates.noindex/Paperloft.build/Debug/PaperloftKitTests.build/PaperloftKitTests-project-headers.hmap (in target 'PaperloftKitTests' from project 'Paperloft')
    cd /Users/builder/Factory/paperloft/evidence/checkouts/p2-checkpoint47fdb2c
    write-file /Users/builder/Factory/paperloft/evidence/checkouts/p2-checkpoint47fdb2c/build/CoverageDerivedData-Shp9Jd/Build/Intermediates.noindex/Paperloft.build/Debug/PaperloftKitTests.build/PaperloftKitTests-project-headers.hmap

WriteAuxiliaryFile /Users/builder/Factory/paperloft/evidence/checkouts/p2-checkpoint47fdb2c/build/CoverageDerivedData-Shp9Jd/Build/Intermediates.noindex/Paperloft.build/Debug/PaperloftKitTests.build/PaperloftKitTests-own-target-headers.hmap (in target 'PaperloftKitTests' from project 'Paperloft')
    cd /Users/builder/Factory/paperloft/evidence/checkouts/p2-checkpoint47fdb2c
    write-file /Users/builder/Factory/paperloft/evidence/checkouts/p2-checkpoint47fdb2c/build/CoverageDerivedData-Shp9Jd/Build/Intermediates.noindex/Paperloft.build/Debug/PaperloftKitTests.build/PaperloftKitTests-own-target-headers.hmap

WriteAuxiliaryFile /Users/builder/Factory/paperloft/evidence/checkouts/p2-checkpoint47fdb2c/build/CoverageDerivedData-Shp9Jd/Build/Intermediates.noindex/Paperloft.build/Debug/PaperloftKitTests.build/PaperloftKitTests-generated-files.hmap (in target 'PaperloftKitTests' from project 'Paperloft')
    cd /Users/builder/Factory/paperloft/evidence/checkouts/p2-checkpoint47fdb2c
    write-file /Users/builder/Factory/paperloft/evidence/checkouts/p2-checkpoint47fdb2c/build/CoverageDerivedData-Shp9Jd/Build/Intermediates.noindex/Paperloft.build/Debug/PaperloftKitTests.build/PaperloftKitTests-generated-files.hmap

WriteAuxiliaryFile /Users/builder/Factory/paperloft/evidence/checkouts/p2-checkpoint47fdb2c/build/CoverageDerivedData-Shp9Jd/Build/Intermediates.noindex/Paperloft.build/Debug/PaperloftKitTests.build/PaperloftKitTests-all-target-headers.hmap (in target 'PaperloftKitTests' from project 'Paperloft')
    cd /Users/builder/Factory/paperloft/evidence/checkouts/p2-checkpoint47fdb2c
    write-file /Users/builder/Factory/paperloft/evidence/checkouts/p2-checkpoint47fdb2c/build/CoverageDerivedData-Shp9Jd/Build/Intermediates.noindex/Paperloft.build/Debug/PaperloftKitTests.build/PaperloftKitTests-all-target-headers.hmap

WriteAuxiliaryFile /Users/builder/Factory/paperloft/evidence/checkouts/p2-checkpoint47fdb2c/build/CoverageDerivedData-Shp9Jd/Build/Intermediates.noindex/Paperloft.build/Debug/PaperloftKitTests.build/PaperloftKitTests-all-non-framework-target-headers.hmap (in target 'PaperloftKitTests' from project 'Paperloft')
    cd /Users/builder/Factory/paperloft/evidence/checkouts/p2-checkpoint47fdb2c
    write-file /Users/builder/Factory/paperloft/evidence/checkouts/p2-checkpoint47fdb2c/build/CoverageDerivedData-Shp9Jd/Build/Intermediates.noindex/Paperloft.build/Debug/PaperloftKitTests.build/PaperloftKitTests-all-non-framework-target-headers.hmap

WriteAuxiliaryFile /Users/builder/Factory/paperloft/evidence/checkouts/p2-checkpoint47fdb2c/build/CoverageDerivedData-Shp9Jd/Build/Intermediates.noindex/Paperloft.build/Debug/PaperloftKitTests.build/Objects-normal/arm64/PaperloftKitTests_const_extract_protocols.json (in target 'PaperloftKitTests' from project 'Paperloft')
    cd /Users/builder/Factory/paperloft/evidence/checkouts/p2-checkpoint47fdb2c
    write-file /Users/builder/Factory/paperloft/evidence/checkouts/p2-checkpoint47fdb2c/build/CoverageDerivedData-Shp9Jd/Build/Intermediates.noindex/Paperloft.build/Debug/PaperloftKitTests.build/Objects-normal/arm64/PaperloftKitTests_const_extract_protocols.json

WriteAuxiliaryFile /Users/builder/Factory/paperloft/evidence/checkouts/p2-checkpoint47fdb2c/build/CoverageDerivedData-Shp9Jd/Build/Intermediates.noindex/Paperloft.build/Debug/PaperloftKitTests.build/Objects-normal/arm64/PaperloftKitTests.SwiftFileList (in target 'PaperloftKitTests' from project 'Paperloft')
    cd /Users/builder/Factory/paperloft/evidence/checkouts/p2-checkpoint47fdb2c
    write-file /Users/builder/Factory/paperloft/evidence/checkouts/p2-checkpoint47fdb2c/build/CoverageDerivedData-Shp9Jd/Build/Intermediates.noindex/Paperloft.build/Debug/PaperloftKitTests.build/Objects-normal/arm64/PaperloftKitTests.SwiftFileList

WriteAuxiliaryFile /Users/builder/Factory/paperloft/evidence/checkouts/p2-checkpoint47fdb2c/build/CoverageDerivedData-Shp9Jd/Build/Intermediates.noindex/Paperloft.build/Debug/PaperloftKitTests.build/Objects-normal/arm64/PaperloftKitTests.SwiftConstValuesFileList (in target 'PaperloftKitTests' from project 'Paperloft')
    cd /Users/builder/Factory/paperloft/evidence/checkouts/p2-checkpoint47fdb2c
    write-file /Users/builder/Factory/paperloft/evidence/checkouts/p2-checkpoint47fdb2c/build/CoverageDerivedData-Shp9Jd/Build/Intermediates.noindex/Paperloft.build/Debug/PaperloftKitTests.build/Objects-normal/arm64/PaperloftKitTests.SwiftConstValuesFileList

WriteAuxiliaryFile /Users/builder/Factory/paperloft/evidence/checkouts/p2-checkpoint47fdb2c/build/CoverageDerivedData-Shp9Jd/Build/Intermediates.noindex/Paperloft.build/Debug/PaperloftKitTests.build/Objects-normal/arm64/PaperloftKitTests.LinkFileList (in target 'PaperloftKitTests' from project 'Paperloft')
    cd /Users/builder/Factory/paperloft/evidence/checkouts/p2-checkpoint47fdb2c
    write-file /Users/builder/Factory/paperloft/evidence/checkouts/p2-checkpoint47fdb2c/build/CoverageDerivedData-Shp9Jd/Build/Intermediates.noindex/Paperloft.build/Debug/PaperloftKitTests.build/Objects-normal/arm64/PaperloftKitTests.LinkFileList

WriteAuxiliaryFile /Users/builder/Factory/paperloft/evidence/checkouts/p2-checkpoint47fdb2c/build/CoverageDerivedData-Shp9Jd/Build/Intermediates.noindex/Paperloft.build/Debug/PaperloftKitTests.build/Objects-normal/arm64/PaperloftKitTests-OutputFileMap.json (in target 'PaperloftKitTests' from project 'Paperloft')
    cd /Users/builder/Factory/paperloft/evidence/checkouts/p2-checkpoint47fdb2c
    write-file /Users/builder/Factory/paperloft/evidence/checkouts/p2-checkpoint47fdb2c/build/CoverageDerivedData-Shp9Jd/Build/Intermediates.noindex/Paperloft.build/Debug/PaperloftKitTests.build/Objects-normal/arm64/PaperloftKitTests-OutputFileMap.json

WriteAuxiliaryFile /Users/builder/Factory/paperloft/evidence/checkouts/p2-checkpoint47fdb2c/build/CoverageDerivedData-Shp9Jd/Build/Intermediates.noindex/PaperloftKit.build/Debug/PaperloftKit-t.build/PaperloftKit.modulemap (in target 'PaperloftKit' from project 'PaperloftKit')
    cd /Users/builder/Factory/paperloft/evidence/checkouts/p2-checkpoint47fdb2c/Packages/PaperloftKit
    write-file /Users/builder/Factory/paperloft/evidence/checkouts/p2-checkpoint47fdb2c/build/CoverageDerivedData-Shp9Jd/Build/Intermediates.noindex/PaperloftKit.build/Debug/PaperloftKit-t.build/PaperloftKit.modulemap

WriteAuxiliaryFile /Users/builder/Factory/paperloft/evidence/checkouts/p2-checkpoint47fdb2c/build/CoverageDerivedData-Shp9Jd/Build/Intermediates.noindex/PaperloftKit.build/Debug/PaperloftKit-t.build/PaperloftKit.DependencyMetadataFileList (in target 'PaperloftKit' from project 'PaperloftKit')
    cd /Users/builder/Factory/paperloft/evidence/checkouts/p2-checkpoint47fdb2c/Packages/PaperloftKit
    write-file /Users/builder/Factory/paperloft/evidence/checkouts/p2-checkpoint47fdb2c/build/CoverageDerivedData-Shp9Jd/Build/Intermediates.noindex/PaperloftKit.build/Debug/PaperloftKit-t.build/PaperloftKit.DependencyMetadataFileList

WriteAuxiliaryFile /Users/builder/Factory/paperloft/evidence/checkouts/p2-checkpoint47fdb2c/build/CoverageDerivedData-Shp9Jd/Build/Intermediates.noindex/PaperloftKit.build/Debug/PaperloftKit-t.build/PaperloftKit.DependencyStaticMetadataFileList (in target 'PaperloftKit' from project 'PaperloftKit')
    cd /Users/builder/Factory/paperloft/evidence/checkouts/p2-checkpoint47fdb2c/Packages/PaperloftKit
    write-file /Users/builder/Factory/paperloft/evidence/checkouts/p2-checkpoint47fdb2c/build/CoverageDerivedData-Shp9Jd/Build/Intermediates.noindex/PaperloftKit.build/Debug/PaperloftKit-t.build/PaperloftKit.DependencyStaticMetadataFileList

WriteAuxiliaryFile /Users/builder/Factory/paperloft/evidence/checkouts/p2-checkpoint47fdb2c/build/CoverageDerivedData-Shp9Jd/Build/Intermediates.noindex/PaperloftKit.build/Debug/PaperloftKit-t.build/Objects-normal/arm64/PaperloftKit.SwiftFileList (in target 'PaperloftKit' from project 'PaperloftKit')
    cd /Users/builder/Factory/paperloft/evidence/checkouts/p2-checkpoint47fdb2c/Packages/PaperloftKit
    write-file /Users/builder/Factory/paperloft/evidence/checkouts/p2-checkpoint47fdb2c/build/CoverageDerivedData-Shp9Jd/Build/Intermediates.noindex/PaperloftKit.build/Debug/PaperloftKit-t.build/Objects-normal/arm64/PaperloftKit.SwiftFileList

WriteAuxiliaryFile /Users/builder/Factory/paperloft/evidence/checkouts/p2-checkpoint47fdb2c/build/CoverageDerivedData-Shp9Jd/Build/Intermediates.noindex/PaperloftKit.build/Debug/PaperloftKit-t.build/Objects-normal/arm64/PaperloftKit_const_extract_protocols.json (in target 'PaperloftKit' from project 'PaperloftKit')
    cd /Users/builder/Factory/paperloft/evidence/checkouts/p2-checkpoint47fdb2c/Packages/PaperloftKit
    write-file /Users/builder/Factory/paperloft/evidence/checkouts/p2-checkpoint47fdb2c/build/CoverageDerivedData-Shp9Jd/Build/Intermediates.noindex/PaperloftKit.build/Debug/PaperloftKit-t.build/Objects-normal/arm64/PaperloftKit_const_extract_protocols.json

WriteAuxiliaryFile /Users/builder/Factory/paperloft/evidence/checkouts/p2-checkpoint47fdb2c/build/CoverageDerivedData-Shp9Jd/Build/Intermediates.noindex/PaperloftKit.build/Debug/PaperloftKit-t.build/Objects-normal/arm64/PaperloftKit.SwiftConstValuesFileList (in target 'PaperloftKit' from project 'PaperloftKit')
    cd /Users/builder/Factory/paperloft/evidence/checkouts/p2-checkpoint47fdb2c/Packages/PaperloftKit
    write-file /Users/builder/Factory/paperloft/evidence/checkouts/p2-checkpoint47fdb2c/build/CoverageDerivedData-Shp9Jd/Build/Intermediates.noindex/PaperloftKit.build/Debug/PaperloftKit-t.build/Objects-normal/arm64/PaperloftKit.SwiftConstValuesFileList

WriteAuxiliaryFile /Users/builder/Factory/paperloft/evidence/checkouts/p2-checkpoint47fdb2c/build/CoverageDerivedData-Shp9Jd/Build/Intermediates.noindex/PaperloftKit.build/Debug/PaperloftKit-t.build/Objects-normal/arm64/PaperloftKit.LinkFileList (in target 'PaperloftKit' from project 'PaperloftKit')
    cd /Users/builder/Factory/paperloft/evidence/checkouts/p2-checkpoint47fdb2c/Packages/PaperloftKit
    write-file /Users/builder/Factory/paperloft/evidence/checkouts/p2-checkpoint47fdb2c/build/CoverageDerivedData-Shp9Jd/Build/Intermediates.noindex/PaperloftKit.build/Debug/PaperloftKit-t.build/Objects-normal/arm64/PaperloftKit.LinkFileList

WriteAuxiliaryFile /Users/builder/Factory/paperloft/evidence/checkouts/p2-checkpoint47fdb2c/build/CoverageDerivedData-Shp9Jd/Build/Intermediates.noindex/PaperloftKit.build/Debug/PaperloftKit-t.build/Objects-normal/arm64/PaperloftKit-OutputFileMap.json (in target 'PaperloftKit' from project 'PaperloftKit')
    cd /Users/builder/Factory/paperloft/evidence/checkouts/p2-checkpoint47fdb2c/Packages/PaperloftKit
    write-file /Users/builder/Factory/paperloft/evidence/checkouts/p2-checkpoint47fdb2c/build/CoverageDerivedData-Shp9Jd/Build/Intermediates.noindex/PaperloftKit.build/Debug/PaperloftKit-t.build/Objects-normal/arm64/PaperloftKit-OutputFileMap.json

WriteAuxiliaryFile /Users/builder/Factory/paperloft/evidence/checkouts/p2-checkpoint47fdb2c/build/CoverageDerivedData-Shp9Jd/Build/Intermediates.noindex/Paperloft.build/Debug/PaperloftApp.build/empty-Paperloft\ Receipts.plist (in target 'PaperloftApp' from project 'Paperloft')
    cd /Users/builder/Factory/paperloft/evidence/checkouts/p2-checkpoint47fdb2c
    write-file /Users/builder/Factory/paperloft/evidence/checkouts/p2-checkpoint47fdb2c/build/CoverageDerivedData-Shp9Jd/Build/Intermediates.noindex/Paperloft.build/Debug/PaperloftApp.build/empty-Paperloft\ Receipts.plist

WriteAuxiliaryFile /Users/builder/Factory/paperloft/evidence/checkouts/p2-checkpoint47fdb2c/build/CoverageDerivedData-Shp9Jd/Build/Intermediates.noindex/Paperloft.build/Debug/PaperloftApp.build/Paperloft\ Receipts.hmap (in target 'PaperloftApp' from project 'Paperloft')
    cd /Users/builder/Factory/paperloft/evidence/checkouts/p2-checkpoint47fdb2c
    write-file /Users/builder/Factory/paperloft/evidence/checkouts/p2-checkpoint47fdb2c/build/CoverageDerivedData-Shp9Jd/Build/Intermediates.noindex/Paperloft.build/Debug/PaperloftApp.build/Paperloft\ Receipts.hmap

WriteAuxiliaryFile /Users/builder/Factory/paperloft/evidence/checkouts/p2-checkpoint47fdb2c/build/CoverageDerivedData-Shp9Jd/Build/Intermediates.noindex/Paperloft.build/Debug/PaperloftApp.build/Paperloft\ Receipts.DependencyStaticMetadataFileList (in target 'PaperloftApp' from project 'Paperloft')
    cd /Users/builder/Factory/paperloft/evidence/checkouts/p2-checkpoint47fdb2c
    write-file /Users/builder/Factory/paperloft/evidence/checkouts/p2-checkpoint47fdb2c/build/CoverageDerivedData-Shp9Jd/Build/Intermediates.noindex/Paperloft.build/Debug/PaperloftApp.build/Paperloft\ Receipts.DependencyStaticMetadataFileList

WriteAuxiliaryFile /Users/builder/Factory/paperloft/evidence/checkouts/p2-checkpoint47fdb2c/build/CoverageDerivedData-Shp9Jd/Build/Intermediates.noindex/Paperloft.build/Debug/PaperloftApp.build/Paperloft\ Receipts.DependencyMetadataFileList (in target 'PaperloftApp' from project 'Paperloft')
    cd /Users/builder/Factory/paperloft/evidence/checkouts/p2-checkpoint47fdb2c
    write-file /Users/builder/Factory/paperloft/evidence/checkouts/p2-checkpoint47fdb2c/build/CoverageDerivedData-Shp9Jd/Build/Intermediates.noindex/Paperloft.build/Debug/PaperloftApp.build/Paperloft\ Receipts.DependencyMetadataFileList

Copy /Users/builder/Factory/paperloft/evidence/checkouts/p2-checkpoint47fdb2c/build/CoverageDerivedData-Shp9Jd/Build/Intermediates.noindex/GeneratedModuleMaps/PaperloftKit.modulemap /Users/builder/Factory/paperloft/evidence/checkouts/p2-checkpoint47fdb2c/build/CoverageDerivedData-Shp9Jd/Build/Intermediates.noindex/PaperloftKit.build/Debug/PaperloftKit-t.build/PaperloftKit.modulemap (in target 'PaperloftKit' from project 'PaperloftKit')
    cd /Users/builder/Factory/paperloft/evidence/checkouts/p2-checkpoint47fdb2c/Packages/PaperloftKit
    builtin-copy -exclude .DS_Store -exclude CVS -exclude .svn -exclude .git -exclude .hg -resolve-src-symlinks /Users/builder/Factory/paperloft/evidence/checkouts/p2-checkpoint47fdb2c/build/CoverageDerivedData-Shp9Jd/Build/Intermediates.noindex/PaperloftKit.build/Debug/PaperloftKit-t.build/PaperloftKit.modulemap /Users/builder/Factory/paperloft/evidence/checkouts/p2-checkpoint47fdb2c/build/CoverageDerivedData-Shp9Jd/Build/Intermediates.noindex/GeneratedModuleMaps

WriteAuxiliaryFile /Users/builder/Factory/paperloft/evidence/checkouts/p2-checkpoint47fdb2c/build/CoverageDerivedData-Shp9Jd/Build/Intermediates.noindex/Paperloft.build/Debug/PaperloftApp.build/Paperloft\ Receipts-project-headers.hmap (in target 'PaperloftApp' from project 'Paperloft')
    cd /Users/builder/Factory/paperloft/evidence/checkouts/p2-checkpoint47fdb2c
    write-file /Users/builder/Factory/paperloft/evidence/checkouts/p2-checkpoint47fdb2c/build/CoverageDerivedData-Shp9Jd/Build/Intermediates.noindex/Paperloft.build/Debug/PaperloftApp.build/Paperloft\ Receipts-project-headers.hmap

WriteAuxiliaryFile /Users/builder/Factory/paperloft/evidence/checkouts/p2-checkpoint47fdb2c/build/CoverageDerivedData-Shp9Jd/Build/Intermediates.noindex/Paperloft.build/Debug/PaperloftApp.build/Paperloft\ Receipts-own-target-headers.hmap (in target 'PaperloftApp' from project 'Paperloft')
    cd /Users/builder/Factory/paperloft/evidence/checkouts/p2-checkpoint47fdb2c
    write-file /Users/builder/Factory/paperloft/evidence/checkouts/p2-checkpoint47fdb2c/build/CoverageDerivedData-Shp9Jd/Build/Intermediates.noindex/Paperloft.build/Debug/PaperloftApp.build/Paperloft\ Receipts-own-target-headers.hmap

WriteAuxiliaryFile /Users/builder/Factory/paperloft/evidence/checkouts/p2-checkpoint47fdb2c/build/CoverageDerivedData-Shp9Jd/Build/Intermediates.noindex/Paperloft.build/Debug/PaperloftApp.build/Paperloft\ Receipts-generated-files.hmap (in target 'PaperloftApp' from project 'Paperloft')
    cd /Users/builder/Factory/paperloft/evidence/checkouts/p2-checkpoint47fdb2c
    write-file /Users/builder/Factory/paperloft/evidence/checkouts/p2-checkpoint47fdb2c/build/CoverageDerivedData-Shp9Jd/Build/Intermediates.noindex/Paperloft.build/Debug/PaperloftApp.build/Paperloft\ Receipts-generated-files.hmap

WriteAuxiliaryFile /Users/builder/Factory/paperloft/evidence/checkouts/p2-checkpoint47fdb2c/build/CoverageDerivedData-Shp9Jd/Build/Intermediates.noindex/Paperloft.build/Debug/PaperloftApp.build/Paperloft\ Receipts-all-target-headers.hmap (in target 'PaperloftApp' from project 'Paperloft')
    cd /Users/builder/Factory/paperloft/evidence/checkouts/p2-checkpoint47fdb2c
    write-file /Users/builder/Factory/paperloft/evidence/checkouts/p2-checkpoint47fdb2c/build/CoverageDerivedData-Shp9Jd/Build/Intermediates.noindex/Paperloft.build/Debug/PaperloftApp.build/Paperloft\ Receipts-all-target-headers.hmap

WriteAuxiliaryFile /Users/builder/Factory/paperloft/evidence/checkouts/p2-checkpoint47fdb2c/build/CoverageDerivedData-Shp9Jd/Build/Intermediates.noindex/Paperloft.build/Debug/PaperloftApp.build/Paperloft\ Receipts-all-non-framework-target-headers.hmap (in target 'PaperloftApp' from project 'Paperloft')
    cd /Users/builder/Factory/paperloft/evidence/checkouts/p2-checkpoint47fdb2c
    write-file /Users/builder/Factory/paperloft/evidence/checkouts/p2-checkpoint47fdb2c/build/CoverageDerivedData-Shp9Jd/Build/Intermediates.noindex/Paperloft.build/Debug/PaperloftApp.build/Paperloft\ Receipts-all-non-framework-target-headers.hmap

WriteAuxiliaryFile /Users/builder/Factory/paperloft/evidence/checkouts/p2-checkpoint47fdb2c/build/CoverageDerivedData-Shp9Jd/Build/Intermediates.noindex/Paperloft.build/Debug/PaperloftApp.build/Paperloft\ Receipts-DebugDylibPath-normal-arm64.txt (in target 'PaperloftApp' from project 'Paperloft')
    cd /Users/builder/Factory/paperloft/evidence/checkouts/p2-checkpoint47fdb2c
    write-file /Users/builder/Factory/paperloft/evidence/checkouts/p2-checkpoint47fdb2c/build/CoverageDerivedData-Shp9Jd/Build/Intermediates.noindex/Paperloft.build/Debug/PaperloftApp.build/Paperloft\ Receipts-DebugDylibPath-normal-arm64.txt

WriteAuxiliaryFile /Users/builder/Factory/paperloft/evidence/checkouts/p2-checkpoint47fdb2c/build/CoverageDerivedData-Shp9Jd/Build/Intermediates.noindex/Paperloft.build/Debug/PaperloftApp.build/Paperloft\ Receipts-DebugDylibInstallName-normal-arm64.txt (in target 'PaperloftApp' from project 'Paperloft')
    cd /Users/builder/Factory/paperloft/evidence/checkouts/p2-checkpoint47fdb2c
    write-file /Users/builder/Factory/paperloft/evidence/checkouts/p2-checkpoint47fdb2c/build/CoverageDerivedData-Shp9Jd/Build/Intermediates.noindex/Paperloft.build/Debug/PaperloftApp.build/Paperloft\ Receipts-DebugDylibInstallName-normal-arm64.txt

WriteAuxiliaryFile /Users/builder/Factory/paperloft/evidence/checkouts/p2-checkpoint47fdb2c/build/CoverageDerivedData-Shp9Jd/Build/Intermediates.noindex/Paperloft.build/Debug/PaperloftApp.build/Objects-normal/arm64/PaperloftApp_const_extract_protocols.json (in target 'PaperloftApp' from project 'Paperloft')
    cd /Users/builder/Factory/paperloft/evidence/checkouts/p2-checkpoint47fdb2c
    write-file /Users/builder/Factory/paperloft/evidence/checkouts/p2-checkpoint47fdb2c/build/CoverageDerivedData-Shp9Jd/Build/Intermediates.noindex/Paperloft.build/Debug/PaperloftApp.build/Objects-normal/arm64/PaperloftApp_const_extract_protocols.json

WriteAuxiliaryFile /Users/builder/Factory/paperloft/evidence/checkouts/p2-checkpoint47fdb2c/build/CoverageDerivedData-Shp9Jd/Build/Intermediates.noindex/Paperloft.build/Debug/PaperloftApp.build/Objects-normal/arm64/PaperloftApp-OutputFileMap.json (in target 'PaperloftApp' from project 'Paperloft')
    cd /Users/builder/Factory/paperloft/evidence/checkouts/p2-checkpoint47fdb2c
    write-file /Users/builder/Factory/paperloft/evidence/checkouts/p2-checkpoint47fdb2c/build/CoverageDerivedData-Shp9Jd/Build/Intermediates.noindex/Paperloft.build/Debug/PaperloftApp.build/Objects-normal/arm64/PaperloftApp-OutputFileMap.json

WriteAuxiliaryFile /Users/builder/Factory/paperloft/evidence/checkouts/p2-checkpoint47fdb2c/build/CoverageDerivedData-Shp9Jd/Build/Intermediates.noindex/Paperloft.build/Debug/PaperloftApp.build/Objects-normal/arm64/Paperloft\ Receipts.SwiftFileList (in target 'PaperloftApp' from project 'Paperloft')
    cd /Users/builder/Factory/paperloft/evidence/checkouts/p2-checkpoint47fdb2c
    write-file /Users/builder/Factory/paperloft/evidence/checkouts/p2-checkpoint47fdb2c/build/CoverageDerivedData-Shp9Jd/Build/Intermediates.noindex/Paperloft.build/Debug/PaperloftApp.build/Objects-normal/arm64/Paperloft\ Receipts.SwiftFileList

WriteAuxiliaryFile /Users/builder/Factory/paperloft/evidence/checkouts/p2-checkpoint47fdb2c/build/CoverageDerivedData-Shp9Jd/Build/Intermediates.noindex/Paperloft.build/Debug/PaperloftApp.build/Objects-normal/arm64/Paperloft\ Receipts.SwiftConstValuesFileList (in target 'PaperloftApp' from project 'Paperloft')
    cd /Users/builder/Factory/paperloft/evidence/checkouts/p2-checkpoint47fdb2c
    write-file /Users/builder/Factory/paperloft/evidence/checkouts/p2-checkpoint47fdb2c/build/CoverageDerivedData-Shp9Jd/Build/Intermediates.noindex/Paperloft.build/Debug/PaperloftApp.build/Objects-normal/arm64/Paperloft\ Receipts.SwiftConstValuesFileList

WriteAuxiliaryFile /Users/builder/Factory/paperloft/evidence/checkouts/p2-checkpoint47fdb2c/build/CoverageDerivedData-Shp9Jd/Build/Intermediates.noindex/Paperloft.build/Debug/PaperloftApp.build/Objects-normal/arm64/Paperloft\ Receipts.LinkFileList (in target 'PaperloftApp' from project 'Paperloft')
    cd /Users/builder/Factory/paperloft/evidence/checkouts/p2-checkpoint47fdb2c
    write-file /Users/builder/Factory/paperloft/evidence/checkouts/p2-checkpoint47fdb2c/build/CoverageDerivedData-Shp9Jd/Build/Intermediates.noindex/Paperloft.build/Debug/PaperloftApp.build/Objects-normal/arm64/Paperloft\ Receipts.LinkFileList

WriteAuxiliaryFile /Users/builder/Factory/paperloft/evidence/checkouts/p2-checkpoint47fdb2c/build/CoverageDerivedData-Shp9Jd/Build/Intermediates.noindex/Paperloft.build/Debug/PaperloftApp.build/DerivedSources/Entitlements.plist (in target 'PaperloftApp' from project 'Paperloft')
    cd /Users/builder/Factory/paperloft/evidence/checkouts/p2-checkpoint47fdb2c
    write-file /Users/builder/Factory/paperloft/evidence/checkouts/p2-checkpoint47fdb2c/build/CoverageDerivedData-Shp9Jd/Build/Intermediates.noindex/Paperloft.build/Debug/PaperloftApp.build/DerivedSources/Entitlements.plist

MkDir /Users/builder/Factory/paperloft/evidence/checkouts/p2-checkpoint47fdb2c/build/CoverageDerivedData-Shp9Jd/Build/Products/Debug/PaperloftUITests-Runner.app/Contents/PlugIns/PaperloftUITests.xctest (in target 'PaperloftUITests' from project 'Paperloft')
    cd /Users/builder/Factory/paperloft/evidence/checkouts/p2-checkpoint47fdb2c
    /bin/mkdir -p /Users/builder/Factory/paperloft/evidence/checkouts/p2-checkpoint47fdb2c/build/CoverageDerivedData-Shp9Jd/Build/Products/Debug/PaperloftUITests-Runner.app/Contents/PlugIns/PaperloftUITests.xctest

MkDir /Users/builder/Factory/paperloft/evidence/checkouts/p2-checkpoint47fdb2c/build/CoverageDerivedData-Shp9Jd/Build/Products/Debug/PaperloftUITests-Runner.app/Contents/PlugIns/PaperloftUITests.xctest/Contents (in target 'PaperloftUITests' from project 'Paperloft')
    cd /Users/builder/Factory/paperloft/evidence/checkouts/p2-checkpoint47fdb2c
    /bin/mkdir -p /Users/builder/Factory/paperloft/evidence/checkouts/p2-checkpoint47fdb2c/build/CoverageDerivedData-Shp9Jd/Build/Products/Debug/PaperloftUITests-Runner.app/Contents/PlugIns/PaperloftUITests.xctest/Contents

MkDir /Users/builder/Factory/paperloft/evidence/checkouts/p2-checkpoint47fdb2c/build/CoverageDerivedData-Shp9Jd/Build/Products/Debug/PaperloftUITests-Runner.app/Contents/PlugIns/PaperloftUITests.xctest/Contents/MacOS (in target 'PaperloftUITests' from project 'Paperloft')
    cd /Users/builder/Factory/paperloft/evidence/checkouts/p2-checkpoint47fdb2c
    /bin/mkdir -p /Users/builder/Factory/paperloft/evidence/checkouts/p2-checkpoint47fdb2c/build/CoverageDerivedData-Shp9Jd/Build/Products/Debug/PaperloftUITests-Runner.app/Contents/PlugIns/PaperloftUITests.xctest/Contents/MacOS

MkDir /Users/builder/Factory/paperloft/evidence/checkouts/p2-checkpoint47fdb2c/build/CoverageDerivedData-Shp9Jd/Build/Products/Debug/PaperloftKitTests.xctest/Contents (in target 'PaperloftKitTests' from project 'Paperloft')
    cd /Users/builder/Factory/paperloft/evidence/checkouts/p2-checkpoint47fdb2c
    /bin/mkdir -p /Users/builder/Factory/paperloft/evidence/checkouts/p2-checkpoint47fdb2c/build/CoverageDerivedData-Shp9Jd/Build/Products/Debug/PaperloftKitTests.xctest/Contents

MkDir /Users/builder/Factory/paperloft/evidence/checkouts/p2-checkpoint47fdb2c/build/CoverageDerivedData-Shp9Jd/Build/Products/Debug/PaperloftKitTests.xctest/Contents/MacOS (in target 'PaperloftKitTests' from project 'Paperloft')
    cd /Users/builder/Factory/paperloft/evidence/checkouts/p2-checkpoint47fdb2c
    /bin/mkdir -p /Users/builder/Factory/paperloft/evidence/checkouts/p2-checkpoint47fdb2c/build/CoverageDerivedData-Shp9Jd/Build/Products/Debug/PaperloftKitTests.xctest/Contents/MacOS

MkDir /Users/builder/Factory/paperloft/evidence/checkouts/p2-checkpoint47fdb2c/build/CoverageDerivedData-Shp9Jd/Build/Products/Debug/PaperloftKitTests.xctest (in target 'PaperloftKitTests' from project 'Paperloft')
    cd /Users/builder/Factory/paperloft/evidence/checkouts/p2-checkpoint47fdb2c
    /bin/mkdir -p /Users/builder/Factory/paperloft/evidence/checkouts/p2-checkpoint47fdb2c/build/CoverageDerivedData-Shp9Jd/Build/Products/Debug/PaperloftKitTests.xctest

MkDir /Users/builder/Factory/paperloft/evidence/checkouts/p2-checkpoint47fdb2c/build/CoverageDerivedData-Shp9Jd/Build/Products/Debug/Paperloft\ Receipts.app/Contents/Resources (in target 'PaperloftApp' from project 'Paperloft')
    cd /Users/builder/Factory/paperloft/evidence/checkouts/p2-checkpoint47fdb2c
    /bin/mkdir -p /Users/builder/Factory/paperloft/evidence/checkouts/p2-checkpoint47fdb2c/build/CoverageDerivedData-Shp9Jd/Build/Products/Debug/Paperloft\ Receipts.app/Contents/Resources

MkDir /Users/builder/Factory/paperloft/evidence/checkouts/p2-checkpoint47fdb2c/build/CoverageDerivedData-Shp9Jd/Build/Products/Debug/Paperloft\ Receipts.app/Contents/MacOS (in target 'PaperloftApp' from project 'Paperloft')
    cd /Users/builder/Factory/paperloft/evidence/checkouts/p2-checkpoint47fdb2c
    /bin/mkdir -p /Users/builder/Factory/paperloft/evidence/checkouts/p2-checkpoint47fdb2c/build/CoverageDerivedData-Shp9Jd/Build/Products/Debug/Paperloft\ Receipts.app/Contents/MacOS

MkDir /Users/builder/Factory/paperloft/evidence/checkouts/p2-checkpoint47fdb2c/build/CoverageDerivedData-Shp9Jd/Build/Products/Debug/Paperloft\ Receipts.app/Contents (in target 'PaperloftApp' from project 'Paperloft')
    cd /Users/builder/Factory/paperloft/evidence/checkouts/p2-checkpoint47fdb2c
    /bin/mkdir -p /Users/builder/Factory/paperloft/evidence/checkouts/p2-checkpoint47fdb2c/build/CoverageDerivedData-Shp9Jd/Build/Products/Debug/Paperloft\ Receipts.app/Contents

MkDir /Users/builder/Factory/paperloft/evidence/checkouts/p2-checkpoint47fdb2c/build/CoverageDerivedData-Shp9Jd/Build/Products/Debug/Paperloft\ Receipts.app (in target 'PaperloftApp' from project 'Paperloft')
    cd /Users/builder/Factory/paperloft/evidence/checkouts/p2-checkpoint47fdb2c
    /bin/mkdir -p /Users/builder/Factory/paperloft/evidence/checkouts/p2-checkpoint47fdb2c/build/CoverageDerivedData-Shp9Jd/Build/Products/Debug/Paperloft\ Receipts.app

SwiftDriver PaperloftKit normal arm64 com.apple.xcode.tools.swift.compiler (in target 'PaperloftKit' from project 'PaperloftKit')
    cd /Users/builder/Factory/paperloft/evidence/checkouts/p2-checkpoint47fdb2c/Paperloft.xcodeproj
    builtin-SwiftDriver -- /Applications/Xcode.app/Contents/Developer/Toolchains/XcodeDefault.xctoolchain/usr/bin/swiftc -parse-as-library -module-name PaperloftKit -Onone @/Users/builder/Factory/paperloft/evidence/checkouts/p2-checkpoint47fdb2c/build/CoverageDerivedData-Shp9Jd/Build/Intermediates.noindex/PaperloftKit.build/Debug/PaperloftKit-t.build/Objects-normal/arm64/PaperloftKit.SwiftFileList -DSWIFT_PACKAGE -DDEBUG -DSWIFT_MODULE_RESOURCE_BUNDLE_UNAVAILABLE -DXcode -plugin-path /Applications/Xcode.app/Contents/Developer/Toolchains/XcodeDefault.xctoolchain/usr/lib/swift/host/plugins/testing -enable-experimental-feature DebugDescriptionMacro -sdk /Applications/Xcode.app/Contents/Developer/Platforms/MacOSX.platform/Developer/SDKs/MacOSX27.0.sdk -target arm64-apple-macos27.0 -g -module-cache-path /Users/builder/Factory/paperloft/evidence/checkouts/p2-checkpoint47fdb2c/build/CoverageDerivedData-Shp9Jd/ModuleCache.noindex -Xfrontend -serialize-debugging-options -profile-coverage-mapping -profile-generate -enable-testing -warnings-as-errors -index-store-path /Users/builder/Factory/paperloft/evidence/checkouts/p2-checkpoint47fdb2c/build/CoverageDerivedData-Shp9Jd/Index.noindex/DataStore -Xcc -D_LIBCPP_HARDENING_MODE\=_LIBCPP_HARDENING_MODE_DEBUG -swift-version 6 -I /Users/builder/Factory/paperloft/evidence/checkouts/p2-checkpoint47fdb2c/build/CoverageDerivedData-Shp9Jd/Build/Products/Debug -Isystem /Applications/Xcode.app/Contents/Developer/Platforms/MacOSX.platform/Developer/usr/lib -F /Users/builder/Factory/paperloft/evidence/checkouts/p2-checkpoint47fdb2c/build/CoverageDerivedData-Shp9Jd/Build/Products/Debug -F /Applications/Xcode.app/Contents/Developer/Platforms/MacOSX.platform/Developer/Library/Frameworks -c -j10 -enable-batch-mode -incremental -Xcc -ivfsstatcache -Xcc /Users/builder/Factory/paperloft/evidence/checkouts/p2-checkpoint47fdb2c/build/CoverageDerivedData-Shp9Jd/SDKStatCaches.noindex/macosx27.0-26A425-7231f6df4def33e022ae2eb8f782df1a.sdkstatcache -output-file-map /Users/builder/Factory/paperloft/evidence/checkouts/p2-checkpoint47fdb2c/build/CoverageDerivedData-Shp9Jd/Build/Intermediates.noindex/PaperloftKit.build/Debug/PaperloftKit-t.build/Objects-normal/arm64/PaperloftKit-OutputFileMap.json -save-temps -no-color-diagnostics -explicit-module-build -module-cache-path /Users/builder/Factory/paperloft/evidence/checkouts/p2-checkpoint47fdb2c/build/CoverageDerivedData-Shp9Jd/Build/Intermediates.noindex/SwiftExplicitPrecompiledModules -clang-scanner-module-cache-path /Users/builder/Factory/paperloft/evidence/checkouts/p2-checkpoint47fdb2c/build/CoverageDerivedData-Shp9Jd/ModuleCache.noindex -sdk-module-cache-path /Users/builder/Factory/paperloft/evidence/checkouts/p2-checkpoint47fdb2c/build/CoverageDerivedData-Shp9Jd/SDKExplicitPrecompiledModules -emit-dependencies -emit-module -emit-module-path /Users/builder/Factory/paperloft/evidence/checkouts/p2-checkpoint47fdb2c/build/CoverageDerivedData-Shp9Jd/Build/Intermediates.noindex/PaperloftKit.build/Debug/PaperloftKit-t.build/Objects-normal/arm64/PaperloftKit.swiftmodule -serialize-diagnostics -dependency-scan-serialize-diagnostics-path /Users/builder/Factory/paperloft/evidence/checkouts/p2-checkpoint47fdb2c/build/CoverageDerivedData-Shp9Jd/Build/Intermediates.noindex/PaperloftKit.build/Debug/PaperloftKit-t.build/Objects-normal/arm64/PaperloftKit-dependency-scan.dia -validate-clang-modules-once -clang-build-session-file /Users/builder/Factory/paperloft/evidence/checkouts/p2-checkpoint47fdb2c/build/CoverageDerivedData-Shp9Jd/ModuleCache.noindex/Session.modulevalidation -Xcc -fmodules-prune-interval\=86400 -Xcc -fmodules-prune-after\=345600 -package-name paperloftkit -emit-const-values -const-gather-protocols-list /Users/builder/Factory/paperloft/evidence/checkouts/p2-checkpoint47fdb2c/build/CoverageDerivedData-Shp9Jd/Build/Intermediates.noindex/PaperloftKit.build/Debug/PaperloftKit-t.build/Objects-normal/arm64/PaperloftKit_const_extract_protocols.json -Xcc -I/Users/builder/Factory/paperloft/evidence/checkouts/p2-checkpoint47fdb2c/build/CoverageDerivedData-Shp9Jd/Build/Products/Debug/include -Xcc -I/Users/builder/Factory/paperloft/evidence/checkouts/p2-checkpoint47fdb2c/build/CoverageDerivedData-Shp9Jd/Build/Intermediates.noindex/PaperloftKit.build/Debug/PaperloftKit-t.build/DerivedSources-normal/arm64 -Xcc -I/Users/builder/Factory/paperloft/evidence/checkouts/p2-checkpoint47fdb2c/build/CoverageDerivedData-Shp9Jd/Build/Intermediates.noindex/PaperloftKit.build/Debug/PaperloftKit-t.build/DerivedSources/arm64 -Xcc -I/Users/builder/Factory/paperloft/evidence/checkouts/p2-checkpoint47fdb2c/build/CoverageDerivedData-Shp9Jd/Build/Intermediates.noindex/PaperloftKit.build/Debug/PaperloftKit-t.build/DerivedSources -Xcc -DSWIFT_PACKAGE -Xcc -DDEBUG\=1 -emit-objc-header -emit-objc-header-path /Users/builder/Factory/paperloft/evidence/checkouts/p2-checkpoint47fdb2c/build/CoverageDerivedData-Shp9Jd/Build/Intermediates.noindex/PaperloftKit.build/Debug/PaperloftKit-t.build/Objects-normal/arm64/PaperloftKit-Swift.h -working-directory /Users/builder/Factory/paperloft/evidence/checkouts/p2-checkpoint47fdb2c/Paperloft.xcodeproj -experimental-emit-module-separately -disable-cmo

SwiftExplicitDependencyGeneratePcm arm64 /Users/builder/Factory/paperloft/evidence/checkouts/p2-checkpoint47fdb2c/build/CoverageDerivedData-Shp9Jd/SDKExplicitPrecompiledModules/_Builtin_stdbool-DZH2LFXILCVYGKQQ7IOCRUS86.pcm

SwiftExplicitDependencyGeneratePcm arm64 /Users/builder/Factory/paperloft/evidence/checkouts/p2-checkpoint47fdb2c/build/CoverageDerivedData-Shp9Jd/SDKExplicitPrecompiledModules/_SwiftConcurrencyShims-7TXVFHL4GXH8V7IL5LGIUMTYW.pcm

SwiftExplicitDependencyGeneratePcm arm64 /Users/builder/Factory/paperloft/evidence/checkouts/p2-checkpoint47fdb2c/build/CoverageDerivedData-Shp9Jd/SDKExplicitPrecompiledModules/_Builtin_stddef-CMPL1WJ36JYZBOBQBPFGOBRLW.pcm

SwiftExplicitDependencyGeneratePcm arm64 /Users/builder/Factory/paperloft/evidence/checkouts/p2-checkpoint47fdb2c/build/CoverageDerivedData-Shp9Jd/SDKExplicitPrecompiledModules/SwiftShims-5W3BJXMYF2C09UHK45MW8B71J.pcm

SwiftExplicitDependencyGeneratePcm arm64 /Users/builder/Factory/paperloft/evidence/checkouts/p2-checkpoint47fdb2c/build/CoverageDerivedData-Shp9Jd/SDKExplicitPrecompiledModules/ptrcheck-AO7ZD5DU87C8NRW672IJG8W3X.pcm

SwiftExplicitDependencyGeneratePcm arm64 /Users/builder/Factory/paperloft/evidence/checkouts/p2-checkpoint47fdb2c/build/CoverageDerivedData-Shp9Jd/SDKExplicitPrecompiledModules/_Builtin_float-ACAOIHH039AFETJLH3NFK1MEG.pcm

SwiftExplicitDependencyGeneratePcm arm64 /Users/builder/Factory/paperloft/evidence/checkouts/p2-checkpoint47fdb2c/build/CoverageDerivedData-Shp9Jd/SDKExplicitPrecompiledModules/ptrauth-8WP75KWWATTUBYDFXT9SNS8MV.pcm

SwiftExplicitDependencyGeneratePcm arm64 /Users/builder/Factory/paperloft/evidence/checkouts/p2-checkpoint47fdb2c/build/CoverageDerivedData-Shp9Jd/SDKExplicitPrecompiledModules/_AvailabilityInternal-BG3273TW3HXHHE49KZZ2P4MRP.pcm

SwiftExplicitDependencyGeneratePcm arm64 /Users/builder/Factory/paperloft/evidence/checkouts/p2-checkpoint47fdb2c/build/CoverageDerivedData-Shp9Jd/SDKExplicitPrecompiledModules/_Builtin_stdarg-DAKJ4SO7CMDJGFOGXS7YUEBZF.pcm

SwiftExplicitDependencyGeneratePcm arm64 /Users/builder/Factory/paperloft/evidence/checkouts/p2-checkpoint47fdb2c/build/CoverageDerivedData-Shp9Jd/SDKExplicitPrecompiledModules/_DarwinFoundation1-D1KGMVSYPA6MUHNVZ3QNTUS0J.pcm

SwiftExplicitDependencyGeneratePcm arm64 /Users/builder/Factory/paperloft/evidence/checkouts/p2-checkpoint47fdb2c/build/CoverageDerivedData-Shp9Jd/SDKExplicitPrecompiledModules/_DarwinFoundation2-6VI360VEZ6NYDPF2FI0DFQAQ7.pcm

SwiftExplicitDependencyGeneratePcm arm64 /Users/builder/Factory/paperloft/evidence/checkouts/p2-checkpoint47fdb2c/build/CoverageDerivedData-Shp9Jd/SDKExplicitPrecompiledModules/_Builtin_limits-CN8U7X7PAP7G7SSVH2ECJT93H.pcm

SwiftExplicitDependencyGeneratePcm arm64 /Users/builder/Factory/paperloft/evidence/checkouts/p2-checkpoint47fdb2c/build/CoverageDerivedData-Shp9Jd/SDKExplicitPrecompiledModules/_Builtin_stdint-CEQ7QQQG7JSWWCSYZHFQE5UGZ.pcm

SwiftExplicitDependencyGeneratePcm arm64 /Users/builder/Factory/paperloft/evidence/checkouts/p2-checkpoint47fdb2c/build/CoverageDerivedData-Shp9Jd/SDKExplicitPrecompiledModules/string_h-BD24ASLAVXZZ7G0FZR3C6D826.pcm

SwiftExplicitDependencyGeneratePcm arm64 /Users/builder/Factory/paperloft/evidence/checkouts/p2-checkpoint47fdb2c/build/CoverageDerivedData-Shp9Jd/SDKExplicitPrecompiledModules/_Builtin_tgmath-7JGRHHPL8OAGMMR0CU8C1EV59.pcm

SwiftExplicitDependencyGeneratePcm arm64 /Users/builder/Factory/paperloft/evidence/checkouts/p2-checkpoint47fdb2c/build/CoverageDerivedData-Shp9Jd/SDKExplicitPrecompiledModules/sys_types-DQQ8GQ6868YXVFJA8E11DM5KJ.pcm

SwiftExplicitDependencyGeneratePcm arm64 /Users/builder/Factory/paperloft/evidence/checkouts/p2-checkpoint47fdb2c/build/CoverageDerivedData-Shp9Jd/SDKExplicitPrecompiledModules/libDER-47O83WKE5WUKHH5MTW1ZLST5T.pcm

SwiftExplicitDependencyGeneratePcm arm64 /Users/builder/Factory/paperloft/evidence/checkouts/p2-checkpoint47fdb2c/build/CoverageDerivedData-Shp9Jd/SDKExplicitPrecompiledModules/_Builtin_stdatomic-NM4Y1CX3BRQBZNCWF5XL31IO.pcm

SwiftExplicitDependencyGeneratePcm arm64 /Users/builder/Factory/paperloft/evidence/checkouts/p2-checkpoint47fdb2c/build/CoverageDerivedData-Shp9Jd/SDKExplicitPrecompiledModules/_Builtin_intrinsics-19NPFUG4CG95CHNTWWTDVZMIQ.pcm

SwiftExplicitDependencyGeneratePcm arm64 /Users/builder/Factory/paperloft/evidence/checkouts/p2-checkpoint47fdb2c/build/CoverageDerivedData-Shp9Jd/SDKExplicitPrecompiledModules/_DarwinFoundation3-3TB0C2MWG6M8TU914DG1D490I.pcm

SwiftExplicitDependencyGeneratePcm arm64 /Users/builder/Factory/paperloft/evidence/checkouts/p2-checkpoint47fdb2c/build/CoverageDerivedData-Shp9Jd/SDKExplicitPrecompiledModules/_Builtin_inttypes-60LTKAYYN3EA0V1OPRK6MOHQX.pcm

SwiftExplicitDependencyGeneratePcm arm64 /Users/builder/Factory/paperloft/evidence/checkouts/p2-checkpoint47fdb2c/build/CoverageDerivedData-Shp9Jd/SDKExplicitPrecompiledModules/Darwin-8KRVF95SC09EHMZ0S1UQBB9Z1.pcm

SwiftExplicitDependencyGeneratePcm arm64 /Users/builder/Factory/paperloft/evidence/checkouts/p2-checkpoint47fdb2c/build/CoverageDerivedData-Shp9Jd/SDKExplicitPrecompiledModules/simd-9KU2AQDWM9X20ZZKYGLBQ5OFX.pcm

SwiftExplicitDependencyGeneratePcm arm64 /Users/builder/Factory/paperloft/evidence/checkouts/p2-checkpoint47fdb2c/build/CoverageDerivedData-Shp9Jd/SDKExplicitPrecompiledModules/MachO-614H1F1C7GOJ2S8J6S7Z8UFRH.pcm

SwiftExplicitDependencyGeneratePcm arm64 /Users/builder/Factory/paperloft/evidence/checkouts/p2-checkpoint47fdb2c/build/CoverageDerivedData-Shp9Jd/SDKExplicitPrecompiledModules/CUPS-1H334U107772GWSK0H9FEQX81.pcm

SwiftExplicitDependencyGeneratePcm arm64 /Users/builder/Factory/paperloft/evidence/checkouts/p2-checkpoint47fdb2c/build/CoverageDerivedData-Shp9Jd/SDKExplicitPrecompiledModules/Compression-F1CP7NO19DMSZJMSC77F6C9TE.pcm

SwiftExplicitDependencyGeneratePcm arm64 /Users/builder/Factory/paperloft/evidence/checkouts/p2-checkpoint47fdb2c/build/CoverageDerivedData-Shp9Jd/SDKExplicitPrecompiledModules/libkern-B3J7KMWKRLX8U26QY91ZA9RFN.pcm

SwiftExplicitDependencyGeneratePcm arm64 /Users/builder/Factory/paperloft/evidence/checkouts/p2-checkpoint47fdb2c/build/CoverageDerivedData-Shp9Jd/SDKExplicitPrecompiledModules/launch-AI8UXK1W7AVBTFFHI9IXIHF86.pcm

SwiftExplicitDependencyGeneratePcm arm64 /Users/builder/Factory/paperloft/evidence/checkouts/p2-checkpoint47fdb2c/build/CoverageDerivedData-Shp9Jd/SDKExplicitPrecompiledModules/ObjectiveC-8HKO10KP1KW7R8ZQ27EHDORRF.pcm

SwiftExplicitDependencyGeneratePcm arm64 /Users/builder/Factory/paperloft/evidence/checkouts/p2-checkpoint47fdb2c/build/CoverageDerivedData-Shp9Jd/SDKExplicitPrecompiledModules/os_object-7JUQ937K222M4VKWB44OQSGYN.pcm

SwiftExplicitDependencyGeneratePcm arm64 /Users/builder/Factory/paperloft/evidence/checkouts/p2-checkpoint47fdb2c/build/CoverageDerivedData-Shp9Jd/SDKExplicitPrecompiledModules/os_workgroup-2L8B930QNBI1OSN8URT7140X4.pcm

SwiftExplicitDependencyGeneratePcm arm64 /Users/builder/Factory/paperloft/evidence/checkouts/p2-checkpoint47fdb2c/build/CoverageDerivedData-Shp9Jd/SDKExplicitPrecompiledModules/Dispatch-BZ5TXG9QLD44IVQB012O1HOB4.pcm

SwiftExplicitDependencyGeneratePcm arm64 /Users/builder/Factory/paperloft/evidence/checkouts/p2-checkpoint47fdb2c/build/CoverageDerivedData-Shp9Jd/SDKExplicitPrecompiledModules/CoreFoundation-2RAUJCFY9AVMG7Y26JRF8J83K.pcm

SwiftExplicitDependencyGeneratePcm arm64 /Users/builder/Factory/paperloft/evidence/checkouts/p2-checkpoint47fdb2c/build/CoverageDerivedData-Shp9Jd/SDKExplicitPrecompiledModules/XPC-43SSFCMRUPXVBKC4MZV8IXHXH.pcm

SwiftExplicitDependencyGeneratePcm arm64 /Users/builder/Factory/paperloft/evidence/checkouts/p2-checkpoint47fdb2c/build/CoverageDerivedData-Shp9Jd/SDKExplicitPrecompiledModules/os-8EAOEXX2XVBB2R57ZRGTD0NL1.pcm

SwiftExplicitDependencyGeneratePcm arm64 /Users/builder/Factory/paperloft/evidence/checkouts/p2-checkpoint47fdb2c/build/CoverageDerivedData-Shp9Jd/SDKExplicitPrecompiledModules/ColorSync-C0D19KZUCKQKOSQA6S2NJ2YZC.pcm

SwiftExplicitDependencyGeneratePcm arm64 /Users/builder/Factory/paperloft/evidence/checkouts/p2-checkpoint47fdb2c/build/CoverageDerivedData-Shp9Jd/SDKExplicitPrecompiledModules/Security-DB7J10N10B5IH2NMGK2RA4XZW.pcm

SwiftExplicitDependencyGeneratePcm arm64 /Users/builder/Factory/paperloft/evidence/checkouts/p2-checkpoint47fdb2c/build/CoverageDerivedData-Shp9Jd/SDKExplicitPrecompiledModules/CoreAudioTypes-ETWJ0SV3XEM4GTRCPOYCBUXAW.pcm

SwiftExplicitDependencyGeneratePcm arm64 /Users/builder/Factory/paperloft/evidence/checkouts/p2-checkpoint47fdb2c/build/CoverageDerivedData-Shp9Jd/SDKExplicitPrecompiledModules/IOKit-CX58KN6I7DZJ8C7A7ZAR38P8S.pcm

SwiftExplicitDependencyGeneratePcm arm64 /Users/builder/Factory/paperloft/evidence/checkouts/p2-checkpoint47fdb2c/build/CoverageDerivedData-Shp9Jd/SDKExplicitPrecompiledModules/CFNetwork-BKMK01QBEZJFU7LDWFNDS62ZX.pcm

SwiftExplicitDependencyGeneratePcm arm64 /Users/builder/Factory/paperloft/evidence/checkouts/p2-checkpoint47fdb2c/build/CoverageDerivedData-Shp9Jd/SDKExplicitPrecompiledModules/CoreGraphics-8HFEIMHPK1NJPLU9932VMBEJF.pcm

SwiftExplicitDependencyGeneratePcm arm64 /Users/builder/Factory/paperloft/evidence/checkouts/p2-checkpoint47fdb2c/build/CoverageDerivedData-Shp9Jd/SDKExplicitPrecompiledModules/DiskArbitration-6FW976WSDGRN1ZCNWOUYODV6M.pcm

SwiftExplicitDependencyGeneratePcm arm64 /Users/builder/Factory/paperloft/evidence/checkouts/p2-checkpoint47fdb2c/build/CoverageDerivedData-Shp9Jd/SDKExplicitPrecompiledModules/CoreServices-9RLKVVKHLZPX59465F95RKG5W.pcm

SwiftExplicitDependencyGeneratePcm arm64 /Users/builder/Factory/paperloft/evidence/checkouts/p2-checkpoint47fdb2c/build/CoverageDerivedData-Shp9Jd/SDKExplicitPrecompiledModules/ImageIO-8MYIMZM74F8A95W6BNJ7MCM41.pcm

SwiftExplicitDependencyGeneratePcm arm64 /Users/builder/Factory/paperloft/evidence/checkouts/p2-checkpoint47fdb2c/build/CoverageDerivedData-Shp9Jd/SDKExplicitPrecompiledModules/CoreText-4M9UQ06FJM4BP4EL5Y7K9LL9Q.pcm

SwiftExplicitDependencyGeneratePcm arm64 /Users/builder/Factory/paperloft/evidence/checkouts/p2-checkpoint47fdb2c/build/CoverageDerivedData-Shp9Jd/SDKExplicitPrecompiledModules/Foundation-6AAZNL81V5NCSKEDVOTZQ29P9.pcm

SwiftExplicitDependencyGeneratePcm arm64 /Users/builder/Factory/paperloft/evidence/checkouts/p2-checkpoint47fdb2c/build/CoverageDerivedData-Shp9Jd/SDKExplicitPrecompiledModules/CoreMIDI-C3XZ1H7XX1UA7T53CG37DYBMB.pcm

SwiftExplicitDependencyGeneratePcm arm64 /Users/builder/Factory/paperloft/evidence/checkouts/p2-checkpoint47fdb2c/build/CoverageDerivedData-Shp9Jd/SDKExplicitPrecompiledModules/IOSurface-85JY54HEBYYBD09YKSO4J75RY.pcm

SwiftExplicitDependencyGeneratePcm arm64 /Users/builder/Factory/paperloft/evidence/checkouts/p2-checkpoint47fdb2c/build/CoverageDerivedData-Shp9Jd/SDKExplicitPrecompiledModules/ApplicationServices-7BRH80TDFW74PWD62TYM83K8N.pcm

SwiftExplicitDependencyGeneratePcm arm64 /Users/builder/Factory/paperloft/evidence/checkouts/p2-checkpoint47fdb2c/build/CoverageDerivedData-Shp9Jd/SDKExplicitPrecompiledModules/UniformTypeIdentifiers-DOSF18YHRX6K4K9PCEWNJFSJ5.pcm

SwiftExplicitDependencyGeneratePcm arm64 /Users/builder/Factory/paperloft/evidence/checkouts/p2-checkpoint47fdb2c/build/CoverageDerivedData-Shp9Jd/SDKExplicitPrecompiledModules/LocalAuthentication-EO0XALBW2U1CJTU2RDBIP2DZ4.pcm

SwiftExplicitDependencyGeneratePcm arm64 /Users/builder/Factory/paperloft/evidence/checkouts/p2-checkpoint47fdb2c/build/CoverageDerivedData-Shp9Jd/SDKExplicitPrecompiledModules/CoreAudio-12BOEII3BL3U6D63GJQ3K596Z.pcm

SwiftExplicitDependencyGeneratePcm arm64 /Users/builder/Factory/paperloft/evidence/checkouts/p2-checkpoint47fdb2c/build/CoverageDerivedData-Shp9Jd/SDKExplicitPrecompiledModules/DataDetection-E72I13WREIUYPX7XK6R1S5SM3.pcm

SwiftExplicitDependencyGeneratePcm arm64 /Users/builder/Factory/paperloft/evidence/checkouts/p2-checkpoint47fdb2c/build/CoverageDerivedData-Shp9Jd/SDKExplicitPrecompiledModules/OpenGL-2UZMQD8BI1DO1YZ148JO3V9PM.pcm

SwiftExplicitDependencyGeneratePcm arm64 /Users/builder/Factory/paperloft/evidence/checkouts/p2-checkpoint47fdb2c/build/CoverageDerivedData-Shp9Jd/SDKExplicitPrecompiledModules/Metal-72IPALGAKGZGDDBKWKIJW3DM9.pcm

SwiftExplicitDependencyGeneratePcm arm64 /Users/builder/Factory/paperloft/evidence/checkouts/p2-checkpoint47fdb2c/build/CoverageDerivedData-Shp9Jd/SDKExplicitPrecompiledModules/Carbon-E46DV0XFFOGLNZJO0BYKVEKZ1.pcm

SwiftExplicitDependencyGeneratePcm arm64 /Users/builder/Factory/paperloft/evidence/checkouts/p2-checkpoint47fdb2c/build/CoverageDerivedData-Shp9Jd/SDKExplicitPrecompiledModules/CoreVideo-651NSHWRBXUZW19N2LU1XRF6U.pcm

SwiftExplicitDependencyGeneratePcm arm64 /Users/builder/Factory/paperloft/evidence/checkouts/p2-checkpoint47fdb2c/build/CoverageDerivedData-Shp9Jd/SDKExplicitPrecompiledModules/AudioToolbox-752ULDATO9CZWIIRW1RPVS0B7.pcm

SwiftExplicitDependencyGeneratePcm arm64 /Users/builder/Factory/paperloft/evidence/checkouts/p2-checkpoint47fdb2c/build/CoverageDerivedData-Shp9Jd/SDKExplicitPrecompiledModules/QuartzCore-9LHMS5XMLDARE1XMBBGE68YHK.pcm

SwiftExplicitDependencyGeneratePcm arm64 /Users/builder/Factory/paperloft/evidence/checkouts/p2-checkpoint47fdb2c/build/CoverageDerivedData-Shp9Jd/SDKExplicitPrecompiledModules/Accelerate-8Z1IOW5LBC0CBK5T6HJSULA6H.pcm

SwiftExplicitDependencyGeneratePcm arm64 /Users/builder/Factory/paperloft/evidence/checkouts/p2-checkpoint47fdb2c/build/CoverageDerivedData-Shp9Jd/SDKExplicitPrecompiledModules/CoreMedia-5F9QQZLTUUUI7XIH52R8EXKA1.pcm

SwiftExplicitDependencyGeneratePcm arm64 /Users/builder/Factory/paperloft/evidence/checkouts/p2-checkpoint47fdb2c/build/CoverageDerivedData-Shp9Jd/SDKExplicitPrecompiledModules/CoreImage-9JRL9VGE2SZKF3VCNP17VIU15.pcm

SwiftExplicitDependencyGeneratePcm arm64 /Users/builder/Factory/paperloft/evidence/checkouts/p2-checkpoint47fdb2c/build/CoverageDerivedData-Shp9Jd/SDKExplicitPrecompiledModules/CoreML-EL0D2LFD1WUKDHHAZXR9PI1ZD.pcm

SwiftExplicitDependencyGeneratePcm arm64 /Users/builder/Factory/paperloft/evidence/checkouts/p2-checkpoint47fdb2c/build/CoverageDerivedData-Shp9Jd/SDKExplicitPrecompiledModules/Vision-EUV9KWYO22NQQKAZSBGGNKR2X.pcm

SwiftExplicitDependencyGeneratePcm arm64 /Users/builder/Factory/paperloft/evidence/checkouts/p2-checkpoint47fdb2c/build/CoverageDerivedData-Shp9Jd/SDKExplicitPrecompiledModules/VideoToolbox-UDOPPIFOC2LMUCVAGQ1IRVG0.pcm

SwiftExplicitDependencyGeneratePcm arm64 /Users/builder/Factory/paperloft/evidence/checkouts/p2-checkpoint47fdb2c/build/CoverageDerivedData-Shp9Jd/SDKExplicitPrecompiledModules/MediaToolbox-B5YZ1G0QW1RDBHXEMY7GPIRZM.pcm

SwiftExplicitDependencyGeneratePcm arm64 /Users/builder/Factory/paperloft/evidence/checkouts/p2-checkpoint47fdb2c/build/CoverageDerivedData-Shp9Jd/SDKExplicitPrecompiledModules/AVFAudio-AIVC8WNLMRKGUJVJ7I8GV2U5L.pcm

SwiftExplicitDependencyGeneratePcm arm64 /Users/builder/Factory/paperloft/evidence/checkouts/p2-checkpoint47fdb2c/build/CoverageDerivedData-Shp9Jd/SDKExplicitPrecompiledModules/AVFoundation-6E7LAOC5IBH4YLM5JDM9WT6RR.pcm

SwiftCompile normal arm64 Compiling\ Recognize.swift /Users/builder/Factory/paperloft/evidence/checkouts/p2-checkpoint47fdb2c/Packages/PaperloftKit/Sources/PaperloftKit/Recognize.swift (in target 'PaperloftKit' from project 'PaperloftKit')

SwiftCompile normal arm64 /Users/builder/Factory/paperloft/evidence/checkouts/p2-checkpoint47fdb2c/Packages/PaperloftKit/Sources/PaperloftKit/Recognize.swift (in target 'PaperloftKit' from project 'PaperloftKit')
    cd /Users/builder/Factory/paperloft/evidence/checkouts/p2-checkpoint47fdb2c/Paperloft.xcodeproj
    builtin-SwiftPerFileCompile Recognize.swift

SwiftEmitModule normal arm64 Emitting\ module\ for\ PaperloftKit (in target 'PaperloftKit' from project 'PaperloftKit')

SwiftCompile normal arm64 (in target 'PaperloftKit' from project 'PaperloftKit')
    cd /Users/builder/Factory/paperloft/evidence/checkouts/p2-checkpoint47fdb2c/Paperloft.xcodeproj
    

SwiftCompile normal arm64 Compiling\ LibraryFiles.swift /Users/builder/Factory/paperloft/evidence/checkouts/p2-checkpoint47fdb2c/Packages/PaperloftKit/Sources/PaperloftKit/LibraryFiles.swift (in target 'PaperloftKit' from project 'PaperloftKit')

SwiftCompile normal arm64 /Users/builder/Factory/paperloft/evidence/checkouts/p2-checkpoint47fdb2c/Packages/PaperloftKit/Sources/PaperloftKit/LibraryFiles.swift (in target 'PaperloftKit' from project 'PaperloftKit')
    cd /Users/builder/Factory/paperloft/evidence/checkouts/p2-checkpoint47fdb2c/Paperloft.xcodeproj
    builtin-SwiftPerFileCompile LibraryFiles.swift

SwiftCompile normal arm64 Compiling\ ReceiptEngine.swift /Users/builder/Factory/paperloft/evidence/checkouts/p2-checkpoint47fdb2c/Packages/PaperloftKit/Sources/PaperloftKit/ReceiptEngine.swift (in target 'PaperloftKit' from project 'PaperloftKit')

SwiftCompile normal arm64 /Users/builder/Factory/paperloft/evidence/checkouts/p2-checkpoint47fdb2c/Packages/PaperloftKit/Sources/PaperloftKit/ReceiptEngine.swift (in target 'PaperloftKit' from project 'PaperloftKit')
    cd /Users/builder/Factory/paperloft/evidence/checkouts/p2-checkpoint47fdb2c/Paperloft.xcodeproj
    builtin-SwiftPerFileCompile ReceiptEngine.swift

SwiftCompile normal arm64 Compiling\ Money.swift /Users/builder/Factory/paperloft/evidence/checkouts/p2-checkpoint47fdb2c/Packages/PaperloftKit/Sources/PaperloftKit/Money.swift (in target 'PaperloftKit' from project 'PaperloftKit')

SwiftCompile normal arm64 /Users/builder/Factory/paperloft/evidence/checkouts/p2-checkpoint47fdb2c/Packages/PaperloftKit/Sources/PaperloftKit/Money.swift (in target 'PaperloftKit' from project 'PaperloftKit')
    cd /Users/builder/Factory/paperloft/evidence/checkouts/p2-checkpoint47fdb2c/Paperloft.xcodeproj
    builtin-SwiftPerFileCompile Money.swift

SwiftCompile normal arm64 Compiling\ ReceiptIndex.swift /Users/builder/Factory/paperloft/evidence/checkouts/p2-checkpoint47fdb2c/Packages/PaperloftKit/Sources/PaperloftKit/ReceiptIndex.swift (in target 'PaperloftKit' from project 'PaperloftKit')

SwiftCompile normal arm64 /Users/builder/Factory/paperloft/evidence/checkouts/p2-checkpoint47fdb2c/Packages/PaperloftKit/Sources/PaperloftKit/ReceiptIndex.swift (in target 'PaperloftKit' from project 'PaperloftKit')
    cd /Users/builder/Factory/paperloft/evidence/checkouts/p2-checkpoint47fdb2c/Paperloft.xcodeproj
    builtin-SwiftPerFileCompile ReceiptIndex.swift

SwiftCompile normal arm64 Compiling\ LibraryAccess.swift /Users/builder/Factory/paperloft/evidence/checkouts/p2-checkpoint47fdb2c/Packages/PaperloftKit/Sources/PaperloftKit/LibraryAccess.swift (in target 'PaperloftKit' from project 'PaperloftKit')

SwiftCompile normal arm64 /Users/builder/Factory/paperloft/evidence/checkouts/p2-checkpoint47fdb2c/Packages/PaperloftKit/Sources/PaperloftKit/LibraryAccess.swift (in target 'PaperloftKit' from project 'PaperloftKit')
    cd /Users/builder/Factory/paperloft/evidence/checkouts/p2-checkpoint47fdb2c/Paperloft.xcodeproj
    builtin-SwiftPerFileCompile LibraryAccess.swift

SwiftCompile normal arm64 Compiling\ TextLayout.swift /Users/builder/Factory/paperloft/evidence/checkouts/p2-checkpoint47fdb2c/Packages/PaperloftKit/Sources/PaperloftKit/TextLayout.swift (in target 'PaperloftKit' from project 'PaperloftKit')

SwiftCompile normal arm64 /Users/builder/Factory/paperloft/evidence/checkouts/p2-checkpoint47fdb2c/Packages/PaperloftKit/Sources/PaperloftKit/TextLayout.swift (in target 'PaperloftKit' from project 'PaperloftKit')
    cd /Users/builder/Factory/paperloft/evidence/checkouts/p2-checkpoint47fdb2c/Paperloft.xcodeproj
    builtin-SwiftPerFileCompile TextLayout.swift

SwiftCompile normal arm64 Compiling\ Assessment.swift,\ Extraction.swift /Users/builder/Factory/paperloft/evidence/checkouts/p2-checkpoint47fdb2c/Packages/PaperloftKit/Sources/PaperloftKit/Assessment.swift /Users/builder/Factory/paperloft/evidence/checkouts/p2-checkpoint47fdb2c/Packages/PaperloftKit/Sources/PaperloftKit/Extraction.swift (in target 'PaperloftKit' from project 'PaperloftKit')

SwiftCompile normal arm64 /Users/builder/Factory/paperloft/evidence/checkouts/p2-checkpoint47fdb2c/Packages/PaperloftKit/Sources/PaperloftKit/Assessment.swift (in target 'PaperloftKit' from project 'PaperloftKit')
    cd /Users/builder/Factory/paperloft/evidence/checkouts/p2-checkpoint47fdb2c/Paperloft.xcodeproj
    builtin-SwiftPerFileCompile Assessment.swift

SwiftCompile normal arm64 /Users/builder/Factory/paperloft/evidence/checkouts/p2-checkpoint47fdb2c/Packages/PaperloftKit/Sources/PaperloftKit/Extraction.swift (in target 'PaperloftKit' from project 'PaperloftKit')
    cd /Users/builder/Factory/paperloft/evidence/checkouts/p2-checkpoint47fdb2c/Paperloft.xcodeproj
    builtin-SwiftPerFileCompile Extraction.swift

SwiftCompile normal arm64 Compiling\ Receipt.swift /Users/builder/Factory/paperloft/evidence/checkouts/p2-checkpoint47fdb2c/Packages/PaperloftKit/Sources/PaperloftKit/Receipt.swift (in target 'PaperloftKit' from project 'PaperloftKit')

SwiftCompile normal arm64 /Users/builder/Factory/paperloft/evidence/checkouts/p2-checkpoint47fdb2c/Packages/PaperloftKit/Sources/PaperloftKit/Receipt.swift (in target 'PaperloftKit' from project 'PaperloftKit')
    cd /Users/builder/Factory/paperloft/evidence/checkouts/p2-checkpoint47fdb2c/Paperloft.xcodeproj
    builtin-SwiftPerFileCompile Receipt.swift

SwiftCompile normal arm64 Compiling\ LibraryStore.swift /Users/builder/Factory/paperloft/evidence/checkouts/p2-checkpoint47fdb2c/Packages/PaperloftKit/Sources/PaperloftKit/LibraryStore.swift (in target 'PaperloftKit' from project 'PaperloftKit')

SwiftCompile normal arm64 /Users/builder/Factory/paperloft/evidence/checkouts/p2-checkpoint47fdb2c/Packages/PaperloftKit/Sources/PaperloftKit/LibraryStore.swift (in target 'PaperloftKit' from project 'PaperloftKit')
    cd /Users/builder/Factory/paperloft/evidence/checkouts/p2-checkpoint47fdb2c/Paperloft.xcodeproj
    builtin-SwiftPerFileCompile LibraryStore.swift

SwiftDriverJobDiscovery normal arm64 Emitting module for PaperloftKit (in target 'PaperloftKit' from project 'PaperloftKit')

SwiftDriver\ Compilation\ Requirements PaperloftKit normal arm64 com.apple.xcode.tools.swift.compiler (in target 'PaperloftKit' from project 'PaperloftKit')
    cd /Users/builder/Factory/paperloft/evidence/checkouts/p2-checkpoint47fdb2c/Paperloft.xcodeproj
    builtin-Swift-Compilation-Requirements -- /Applications/Xcode.app/Contents/Developer/Toolchains/XcodeDefault.xctoolchain/usr/bin/swiftc -parse-as-library -module-name PaperloftKit -Onone @/Users/builder/Factory/paperloft/evidence/checkouts/p2-checkpoint47fdb2c/build/CoverageDerivedData-Shp9Jd/Build/Intermediates.noindex/PaperloftKit.build/Debug/PaperloftKit-t.build/Objects-normal/arm64/PaperloftKit.SwiftFileList -DSWIFT_PACKAGE -DDEBUG -DSWIFT_MODULE_RESOURCE_BUNDLE_UNAVAILABLE -DXcode -plugin-path /Applications/Xcode.app/Contents/Developer/Toolchains/XcodeDefault.xctoolchain/usr/lib/swift/host/plugins/testing -enable-experimental-feature DebugDescriptionMacro -sdk /Applications/Xcode.app/Contents/Developer/Platforms/MacOSX.platform/Developer/SDKs/MacOSX27.0.sdk -target arm64-apple-macos27.0 -g -module-cache-path /Users/builder/Factory/paperloft/evidence/checkouts/p2-checkpoint47fdb2c/build/CoverageDerivedData-Shp9Jd/ModuleCache.noindex -Xfrontend -serialize-debugging-options -profile-coverage-mapping -profile-generate -enable-testing -warnings-as-errors -index-store-path /Users/builder/Factory/paperloft/evidence/checkouts/p2-checkpoint47fdb2c/build/CoverageDerivedData-Shp9Jd/Index.noindex/DataStore -Xcc -D_LIBCPP_HARDENING_MODE\=_LIBCPP_HARDENING_MODE_DEBUG -swift-version 6 -I /Users/builder/Factory/paperloft/evidence/checkouts/p2-checkpoint47fdb2c/build/CoverageDerivedData-Shp9Jd/Build/Products/Debug -Isystem /Applications/Xcode.app/Contents/Developer/Platforms/MacOSX.platform/Developer/usr/lib -F /Users/builder/Factory/paperloft/evidence/checkouts/p2-checkpoint47fdb2c/build/CoverageDerivedData-Shp9Jd/Build/Products/Debug -F /Applications/Xcode.app/Contents/Developer/Platforms/MacOSX.platform/Developer/Library/Frameworks -c -j10 -enable-batch-mode -incremental -Xcc -ivfsstatcache -Xcc /Users/builder/Factory/paperloft/evidence/checkouts/p2-checkpoint47fdb2c/build/CoverageDerivedData-Shp9Jd/SDKStatCaches.noindex/macosx27.0-26A425-7231f6df4def33e022ae2eb8f782df1a.sdkstatcache -output-file-map /Users/builder/Factory/paperloft/evidence/checkouts/p2-checkpoint47fdb2c/build/CoverageDerivedData-Shp9Jd/Build/Intermediates.noindex/PaperloftKit.build/Debug/PaperloftKit-t.build/Objects-normal/arm64/PaperloftKit-OutputFileMap.json -save-temps -no-color-diagnostics -explicit-module-build -module-cache-path /Users/builder/Factory/paperloft/evidence/checkouts/p2-checkpoint47fdb2c/build/CoverageDerivedData-Shp9Jd/Build/Intermediates.noindex/SwiftExplicitPrecompiledModules -clang-scanner-module-cache-path /Users/builder/Factory/paperloft/evidence/checkouts/p2-checkpoint47fdb2c/build/CoverageDerivedData-Shp9Jd/ModuleCache.noindex -sdk-module-cache-path /Users/builder/Factory/paperloft/evidence/checkouts/p2-checkpoint47fdb2c/build/CoverageDerivedData-Shp9Jd/SDKExplicitPrecompiledModules -emit-dependencies -emit-module -emit-module-path /Users/builder/Factory/paperloft/evidence/checkouts/p2-checkpoint47fdb2c/build/CoverageDerivedData-Shp9Jd/Build/Intermediates.noindex/PaperloftKit.build/Debug/PaperloftKit-t.build/Objects-normal/arm64/PaperloftKit.swiftmodule -serialize-diagnostics -dependency-scan-serialize-diagnostics-path /Users/builder/Factory/paperloft/evidence/checkouts/p2-checkpoint47fdb2c/build/CoverageDerivedData-Shp9Jd/Build/Intermediates.noindex/PaperloftKit.build/Debug/PaperloftKit-t.build/Objects-normal/arm64/PaperloftKit-dependency-scan.dia -validate-clang-modules-once -clang-build-session-file /Users/builder/Factory/paperloft/evidence/checkouts/p2-checkpoint47fdb2c/build/CoverageDerivedData-Shp9Jd/ModuleCache.noindex/Session.modulevalidation -Xcc -fmodules-prune-interval\=86400 -Xcc -fmodules-prune-after\=345600 -package-name paperloftkit -emit-const-values -const-gather-protocols-list /Users/builder/Factory/paperloft/evidence/checkouts/p2-checkpoint47fdb2c/build/CoverageDerivedData-Shp9Jd/Build/Intermediates.noindex/PaperloftKit.build/Debug/PaperloftKit-t.build/Objects-normal/arm64/PaperloftKit_const_extract_protocols.json -Xcc -I/Users/builder/Factory/paperloft/evidence/checkouts/p2-checkpoint47fdb2c/build/CoverageDerivedData-Shp9Jd/Build/Products/Debug/include -Xcc -I/Users/builder/Factory/paperloft/evidence/checkouts/p2-checkpoint47fdb2c/build/CoverageDerivedData-Shp9Jd/Build/Intermediates.noindex/PaperloftKit.build/Debug/PaperloftKit-t.build/DerivedSources-normal/arm64 -Xcc -I/Users/builder/Factory/paperloft/evidence/checkouts/p2-checkpoint47fdb2c/build/CoverageDerivedData-Shp9Jd/Build/Intermediates.noindex/PaperloftKit.build/Debug/PaperloftKit-t.build/DerivedSources/arm64 -Xcc -I/Users/builder/Factory/paperloft/evidence/checkouts/p2-checkpoint47fdb2c/build/CoverageDerivedData-Shp9Jd/Build/Intermediates.noindex/PaperloftKit.build/Debug/PaperloftKit-t.build/DerivedSources -Xcc -DSWIFT_PACKAGE -Xcc -DDEBUG\=1 -emit-objc-header -emit-objc-header-path /Users/builder/Factory/paperloft/evidence/checkouts/p2-checkpoint47fdb2c/build/CoverageDerivedData-Shp9Jd/Build/Intermediates.noindex/PaperloftKit.build/Debug/PaperloftKit-t.build/Objects-normal/arm64/PaperloftKit-Swift.h -working-directory /Users/builder/Factory/paperloft/evidence/checkouts/p2-checkpoint47fdb2c/Paperloft.xcodeproj -experimental-emit-module-separately -disable-cmo

SwiftDriverJobDiscovery normal arm64 Compiling TextLayout.swift (in target 'PaperloftKit' from project 'PaperloftKit')

SwiftDriverJobDiscovery normal arm64 Compiling Money.swift (in target 'PaperloftKit' from project 'PaperloftKit')

SwiftMergeGeneratedHeaders /Users/builder/Factory/paperloft/evidence/checkouts/p2-checkpoint47fdb2c/build/CoverageDerivedData-Shp9Jd/Build/Intermediates.noindex/GeneratedModuleMaps/PaperloftKit-Swift.h /Users/builder/Factory/paperloft/evidence/checkouts/p2-checkpoint47fdb2c/build/CoverageDerivedData-Shp9Jd/Build/Intermediates.noindex/PaperloftKit.build/Debug/PaperloftKit-t.build/Objects-normal/arm64/PaperloftKit-Swift.h (in target 'PaperloftKit' from project 'PaperloftKit')
    cd /Users/builder/Factory/paperloft/evidence/checkouts/p2-checkpoint47fdb2c/Packages/PaperloftKit
    builtin-swiftHeaderTool -arch arm64 /Users/builder/Factory/paperloft/evidence/checkouts/p2-checkpoint47fdb2c/build/CoverageDerivedData-Shp9Jd/Build/Intermediates.noindex/PaperloftKit.build/Debug/PaperloftKit-t.build/Objects-normal/arm64/PaperloftKit-Swift.h -o /Users/builder/Factory/paperloft/evidence/checkouts/p2-checkpoint47fdb2c/build/CoverageDerivedData-Shp9Jd/Build/Intermediates.noindex/GeneratedModuleMaps/PaperloftKit-Swift.h

Copy /Users/builder/Factory/paperloft/evidence/checkouts/p2-checkpoint47fdb2c/build/CoverageDerivedData-Shp9Jd/Build/Products/Debug/PaperloftKit.swiftmodule/arm64-apple-macos.swiftmodule /Users/builder/Factory/paperloft/evidence/checkouts/p2-checkpoint47fdb2c/build/CoverageDerivedData-Shp9Jd/Build/Intermediates.noindex/PaperloftKit.build/Debug/PaperloftKit-t.build/Objects-normal/arm64/PaperloftKit.swiftmodule (in target 'PaperloftKit' from project 'PaperloftKit')
    cd /Users/builder/Factory/paperloft/evidence/checkouts/p2-checkpoint47fdb2c/Packages/PaperloftKit
    builtin-copy -exclude .DS_Store -exclude CVS -exclude .svn -exclude .git -exclude .hg -resolve-src-symlinks -rename /Users/builder/Factory/paperloft/evidence/checkouts/p2-checkpoint47fdb2c/build/CoverageDerivedData-Shp9Jd/Build/Intermediates.noindex/PaperloftKit.build/Debug/PaperloftKit-t.build/Objects-normal/arm64/PaperloftKit.swiftmodule /Users/builder/Factory/paperloft/evidence/checkouts/p2-checkpoint47fdb2c/build/CoverageDerivedData-Shp9Jd/Build/Products/Debug/PaperloftKit.swiftmodule/arm64-apple-macos.swiftmodule

Copy /Users/builder/Factory/paperloft/evidence/checkouts/p2-checkpoint47fdb2c/build/CoverageDerivedData-Shp9Jd/Build/Products/Debug/PaperloftKit.swiftmodule/arm64-apple-macos.swiftdoc /Users/builder/Factory/paperloft/evidence/checkouts/p2-checkpoint47fdb2c/build/CoverageDerivedData-Shp9Jd/Build/Intermediates.noindex/PaperloftKit.build/Debug/PaperloftKit-t.build/Objects-normal/arm64/PaperloftKit.swiftdoc (in target 'PaperloftKit' from project 'PaperloftKit')
    cd /Users/builder/Factory/paperloft/evidence/checkouts/p2-checkpoint47fdb2c/Packages/PaperloftKit
    builtin-copy -exclude .DS_Store -exclude CVS -exclude .svn -exclude .git -exclude .hg -resolve-src-symlinks -rename /Users/builder/Factory/paperloft/evidence/checkouts/p2-checkpoint47fdb2c/build/CoverageDerivedData-Shp9Jd/Build/Intermediates.noindex/PaperloftKit.build/Debug/PaperloftKit-t.build/Objects-normal/arm64/PaperloftKit.swiftdoc /Users/builder/Factory/paperloft/evidence/checkouts/p2-checkpoint47fdb2c/build/CoverageDerivedData-Shp9Jd/Build/Products/Debug/PaperloftKit.swiftmodule/arm64-apple-macos.swiftdoc

Copy /Users/builder/Factory/paperloft/evidence/checkouts/p2-checkpoint47fdb2c/build/CoverageDerivedData-Shp9Jd/Build/Products/Debug/PaperloftKit.swiftmodule/arm64-apple-macos.abi.json /Users/builder/Factory/paperloft/evidence/checkouts/p2-checkpoint47fdb2c/build/CoverageDerivedData-Shp9Jd/Build/Intermediates.noindex/PaperloftKit.build/Debug/PaperloftKit-t.build/Objects-normal/arm64/PaperloftKit.abi.json (in target 'PaperloftKit' from project 'PaperloftKit')
    cd /Users/builder/Factory/paperloft/evidence/checkouts/p2-checkpoint47fdb2c/Packages/PaperloftKit
    builtin-copy -exclude .DS_Store -exclude CVS -exclude .svn -exclude .git -exclude .hg -resolve-src-symlinks -rename /Users/builder/Factory/paperloft/evidence/checkouts/p2-checkpoint47fdb2c/build/CoverageDerivedData-Shp9Jd/Build/Intermediates.noindex/PaperloftKit.build/Debug/PaperloftKit-t.build/Objects-normal/arm64/PaperloftKit.abi.json /Users/builder/Factory/paperloft/evidence/checkouts/p2-checkpoint47fdb2c/build/CoverageDerivedData-Shp9Jd/Build/Products/Debug/PaperloftKit.swiftmodule/arm64-apple-macos.abi.json

Copy /Users/builder/Factory/paperloft/evidence/checkouts/p2-checkpoint47fdb2c/build/CoverageDerivedData-Shp9Jd/Build/Products/Debug/PaperloftKit.swiftmodule/Project/arm64-apple-macos.swiftsourceinfo /Users/builder/Factory/paperloft/evidence/checkouts/p2-checkpoint47fdb2c/build/CoverageDerivedData-Shp9Jd/Build/Intermediates.noindex/PaperloftKit.build/Debug/PaperloftKit-t.build/Objects-normal/arm64/PaperloftKit.swiftsourceinfo (in target 'PaperloftKit' from project 'PaperloftKit')
    cd /Users/builder/Factory/paperloft/evidence/checkouts/p2-checkpoint47fdb2c/Packages/PaperloftKit
    builtin-copy -exclude .DS_Store -exclude CVS -exclude .svn -exclude .git -exclude .hg -resolve-src-symlinks -rename /Users/builder/Factory/paperloft/evidence/checkouts/p2-checkpoint47fdb2c/build/CoverageDerivedData-Shp9Jd/Build/Intermediates.noindex/PaperloftKit.build/Debug/PaperloftKit-t.build/Objects-normal/arm64/PaperloftKit.swiftsourceinfo /Users/builder/Factory/paperloft/evidence/checkouts/p2-checkpoint47fdb2c/build/CoverageDerivedData-Shp9Jd/Build/Products/Debug/PaperloftKit.swiftmodule/Project/arm64-apple-macos.swiftsourceinfo

ProcessProductPackaging /Users/builder/Factory/paperloft/evidence/checkouts/p2-checkpoint47fdb2c/Apps/PaperloftApp/Paperloft.entitlements /Users/builder/Factory/paperloft/evidence/checkouts/p2-checkpoint47fdb2c/build/CoverageDerivedData-Shp9Jd/Build/Intermediates.noindex/Paperloft.build/Debug/PaperloftApp.build/Paperloft\ Receipts.app.xcent (in target 'PaperloftApp' from project 'Paperloft')
    cd /Users/builder/Factory/paperloft/evidence/checkouts/p2-checkpoint47fdb2c
    
    Entitlements:
    
    {
    "com.apple.security.app-sandbox" = 1;
    "com.apple.security.files.bookmarks.app-scope" = 1;
    "com.apple.security.files.user-selected.read-write" = 1;
    "com.apple.security.get-task-allow" = 1;
}
    
    builtin-productPackagingUtility /Users/builder/Factory/paperloft/evidence/checkouts/p2-checkpoint47fdb2c/Apps/PaperloftApp/Paperloft.entitlements -entitlements -format xml -o /Users/builder/Factory/paperloft/evidence/checkouts/p2-checkpoint47fdb2c/build/CoverageDerivedData-Shp9Jd/Build/Intermediates.noindex/Paperloft.build/Debug/PaperloftApp.build/Paperloft\ Receipts.app.xcent

SwiftDriver PaperloftKitTests normal arm64 com.apple.xcode.tools.swift.compiler (in target 'PaperloftKitTests' from project 'Paperloft')
    cd /Users/builder/Factory/paperloft/evidence/checkouts/p2-checkpoint47fdb2c
    builtin-SwiftDriver -- /Applications/Xcode.app/Contents/Developer/Toolchains/XcodeDefault.xctoolchain/usr/bin/swiftc -module-name PaperloftKitTests -Onone @/Users/builder/Factory/paperloft/evidence/checkouts/p2-checkpoint47fdb2c/build/CoverageDerivedData-Shp9Jd/Build/Intermediates.noindex/Paperloft.build/Debug/PaperloftKitTests.build/Objects-normal/arm64/PaperloftKitTests.SwiftFileList -plugin-path /Applications/Xcode.app/Contents/Developer/Toolchains/XcodeDefault.xctoolchain/usr/lib/swift/host/plugins/testing -enable-experimental-feature DebugDescriptionMacro -sdk /Applications/Xcode.app/Contents/Developer/Platforms/MacOSX.platform/Developer/SDKs/MacOSX27.0.sdk -target arm64-apple-macos27.0 -g -module-cache-path /Users/builder/Factory/paperloft/evidence/checkouts/p2-checkpoint47fdb2c/build/CoverageDerivedData-Shp9Jd/ModuleCache.noindex -Xfrontend -serialize-debugging-options -profile-coverage-mapping -profile-generate -enable-testing -warnings-as-errors -index-store-path /Users/builder/Factory/paperloft/evidence/checkouts/p2-checkpoint47fdb2c/build/CoverageDerivedData-Shp9Jd/Index.noindex/DataStore -swift-version 6 -I /Users/builder/Factory/paperloft/evidence/checkouts/p2-checkpoint47fdb2c/build/CoverageDerivedData-Shp9Jd/Build/Products/Debug -Isystem /Applications/Xcode.app/Contents/Developer/Platforms/MacOSX.platform/Developer/usr/lib -F /Users/builder/Factory/paperloft/evidence/checkouts/p2-checkpoint47fdb2c/build/CoverageDerivedData-Shp9Jd/Build/Products/Debug/PackageFrameworks -F /Users/builder/Factory/paperloft/evidence/checkouts/p2-checkpoint47fdb2c/build/CoverageDerivedData-Shp9Jd/Build/Products/Debug -F /Applications/Xcode.app/Contents/Developer/Platforms/MacOSX.platform/Developer/Library/Frameworks -c -j10 -enable-batch-mode -incremental -Xcc -ivfsstatcache -Xcc /Users/builder/Factory/paperloft/evidence/checkouts/p2-checkpoint47fdb2c/build/CoverageDerivedData-Shp9Jd/SDKStatCaches.noindex/macosx27.0-26A425-7231f6df4def33e022ae2eb8f782df1a.sdkstatcache -output-file-map /Users/builder/Factory/paperloft/evidence/checkouts/p2-checkpoint47fdb2c/build/CoverageDerivedData-Shp9Jd/Build/Intermediates.noindex/Paperloft.build/Debug/PaperloftKitTests.build/Objects-normal/arm64/PaperloftKitTests-OutputFileMap.json -save-temps -no-color-diagnostics -explicit-module-build -module-cache-path /Users/builder/Factory/paperloft/evidence/checkouts/p2-checkpoint47fdb2c/build/CoverageDerivedData-Shp9Jd/Build/Intermediates.noindex/SwiftExplicitPrecompiledModules -clang-scanner-module-cache-path /Users/builder/Factory/paperloft/evidence/checkouts/p2-checkpoint47fdb2c/build/CoverageDerivedData-Shp9Jd/ModuleCache.noindex -sdk-module-cache-path /Users/builder/Factory/paperloft/evidence/checkouts/p2-checkpoint47fdb2c/build/CoverageDerivedData-Shp9Jd/SDKExplicitPrecompiledModules -emit-dependencies -emit-module -emit-module-path /Users/builder/Factory/paperloft/evidence/checkouts/p2-checkpoint47fdb2c/build/CoverageDerivedData-Shp9Jd/Build/Intermediates.noindex/Paperloft.build/Debug/PaperloftKitTests.build/Objects-normal/arm64/PaperloftKitTests.swiftmodule -serialize-diagnostics -dependency-scan-serialize-diagnostics-path /Users/builder/Factory/paperloft/evidence/checkouts/p2-checkpoint47fdb2c/build/CoverageDerivedData-Shp9Jd/Build/Intermediates.noindex/Paperloft.build/Debug/PaperloftKitTests.build/Objects-normal/arm64/PaperloftKitTests-dependency-scan.dia -validate-clang-modules-once -clang-build-session-file /Users/builder/Factory/paperloft/evidence/checkouts/p2-checkpoint47fdb2c/build/CoverageDerivedData-Shp9Jd/ModuleCache.noindex/Session.modulevalidation -Xcc -fmodules-prune-interval\=86400 -Xcc -fmodules-prune-after\=345600 -emit-const-values -const-gather-protocols-list /Users/builder/Factory/paperloft/evidence/checkouts/p2-checkpoint47fdb2c/build/CoverageDerivedData-Shp9Jd/Build/Intermediates.noindex/Paperloft.build/Debug/PaperloftKitTests.build/Objects-normal/arm64/PaperloftKitTests_const_extract_protocols.json -Xcc -iquote -Xcc /Users/builder/Factory/paperloft/evidence/checkouts/p2-checkpoint47fdb2c/build/CoverageDerivedData-Shp9Jd/Build/Intermediates.noindex/Paperloft.build/Debug/PaperloftKitTests.build/PaperloftKitTests-generated-files.hmap -Xcc -I/Users/builder/Factory/paperloft/evidence/checkouts/p2-checkpoint47fdb2c/build/CoverageDerivedData-Shp9Jd/Build/Intermediates.noindex/Paperloft.build/Debug/PaperloftKitTests.build/PaperloftKitTests-own-target-headers.hmap -Xcc -I/Users/builder/Factory/paperloft/evidence/checkouts/p2-checkpoint47fdb2c/build/CoverageDerivedData-Shp9Jd/Build/Intermediates.noindex/Paperloft.build/Debug/PaperloftKitTests.build/PaperloftKitTests-all-non-framework-target-headers.hmap -Xcc -ivfsoverlay -Xcc /Users/builder/Factory/paperloft/evidence/checkouts/p2-checkpoint47fdb2c/build/CoverageDerivedData-Shp9Jd/Build/Intermediates.noindex/Paperloft.build/Debug/Paperloft-b93ddc6bcd4d234a5473ab01ad3589c4-VFS/all-product-headers.yaml -Xcc -iquote -Xcc /Users/builder/Factory/paperloft/evidence/checkouts/p2-checkpoint47fdb2c/build/CoverageDerivedData-Shp9Jd/Build/Intermediates.noindex/Paperloft.build/Debug/PaperloftKitTests.build/PaperloftKitTests-project-headers.hmap -Xcc -I/Users/builder/Factory/paperloft/evidence/checkouts/p2-checkpoint47fdb2c/build/CoverageDerivedData-Shp9Jd/Build/Products/Debug/include -Xcc -I/Users/builder/Factory/paperloft/evidence/checkouts/p2-checkpoint47fdb2c/build/CoverageDerivedData-Shp9Jd/Build/Intermediates.noindex/Paperloft.build/Debug/PaperloftKitTests.build/DerivedSources-normal/arm64 -Xcc -I/Users/builder/Factory/paperloft/evidence/checkouts/p2-checkpoint47fdb2c/build/CoverageDerivedData-Shp9Jd/Build/Intermediates.noindex/Paperloft.build/Debug/PaperloftKitTests.build/DerivedSources/arm64 -Xcc -I/Users/builder/Factory/paperloft/evidence/checkouts/p2-checkpoint47fdb2c/build/CoverageDerivedData-Shp9Jd/Build/Intermediates.noindex/Paperloft.build/Debug/PaperloftKitTests.build/DerivedSources -emit-objc-header -emit-objc-header-path /Users/builder/Factory/paperloft/evidence/checkouts/p2-checkpoint47fdb2c/build/CoverageDerivedData-Shp9Jd/Build/Intermediates.noindex/Paperloft.build/Debug/PaperloftKitTests.build/Objects-normal/arm64/PaperloftKitTests-Swift.h -working-directory /Users/builder/Factory/paperloft/evidence/checkouts/p2-checkpoint47fdb2c -experimental-emit-module-separately -disable-cmo

ProcessProductPackagingDER /Users/builder/Factory/paperloft/evidence/checkouts/p2-checkpoint47fdb2c/build/CoverageDerivedData-Shp9Jd/Build/Intermediates.noindex/Paperloft.build/Debug/PaperloftApp.build/Paperloft\ Receipts.app.xcent /Users/builder/Factory/paperloft/evidence/checkouts/p2-checkpoint47fdb2c/build/CoverageDerivedData-Shp9Jd/Build/Intermediates.noindex/Paperloft.build/Debug/PaperloftApp.build/Paperloft\ Receipts.app.xcent.der (in target 'PaperloftApp' from project 'Paperloft')
    cd /Users/builder/Factory/paperloft/evidence/checkouts/p2-checkpoint47fdb2c
    /usr/bin/derq query -f xml -i /Users/builder/Factory/paperloft/evidence/checkouts/p2-checkpoint47fdb2c/build/CoverageDerivedData-Shp9Jd/Build/Intermediates.noindex/Paperloft.build/Debug/PaperloftApp.build/Paperloft\ Receipts.app.xcent -o /Users/builder/Factory/paperloft/evidence/checkouts/p2-checkpoint47fdb2c/build/CoverageDerivedData-Shp9Jd/Build/Intermediates.noindex/Paperloft.build/Debug/PaperloftApp.build/Paperloft\ Receipts.app.xcent.der --raw

SwiftDriver PaperloftApp normal arm64 com.apple.xcode.tools.swift.compiler (in target 'PaperloftApp' from project 'Paperloft')
    cd /Users/builder/Factory/paperloft/evidence/checkouts/p2-checkpoint47fdb2c
    builtin-SwiftDriver -- /Applications/Xcode.app/Contents/Developer/Toolchains/XcodeDefault.xctoolchain/usr/bin/swiftc -module-name Paperloft_Receipts -Onone @/Users/builder/Factory/paperloft/evidence/checkouts/p2-checkpoint47fdb2c/build/CoverageDerivedData-Shp9Jd/Build/Intermediates.noindex/Paperloft.build/Debug/PaperloftApp.build/Objects-normal/arm64/Paperloft\ Receipts.SwiftFileList -enable-experimental-feature DebugDescriptionMacro -sdk /Applications/Xcode.app/Contents/Developer/Platforms/MacOSX.platform/Developer/SDKs/MacOSX27.0.sdk -target arm64-apple-macos27.0 -g -module-cache-path /Users/builder/Factory/paperloft/evidence/checkouts/p2-checkpoint47fdb2c/build/CoverageDerivedData-Shp9Jd/ModuleCache.noindex -Xfrontend -serialize-debugging-options -profile-coverage-mapping -profile-generate -enable-testing -warnings-as-errors -index-store-path /Users/builder/Factory/paperloft/evidence/checkouts/p2-checkpoint47fdb2c/build/CoverageDerivedData-Shp9Jd/Index.noindex/DataStore -swift-version 6 -I /Users/builder/Factory/paperloft/evidence/checkouts/p2-checkpoint47fdb2c/build/CoverageDerivedData-Shp9Jd/Build/Products/Debug -F /Users/builder/Factory/paperloft/evidence/checkouts/p2-checkpoint47fdb2c/build/CoverageDerivedData-Shp9Jd/Build/Products/Debug/PackageFrameworks -F /Users/builder/Factory/paperloft/evidence/checkouts/p2-checkpoint47fdb2c/build/CoverageDerivedData-Shp9Jd/Build/Products/Debug -parse-as-library -c -j10 -enable-batch-mode -incremental -Xcc -ivfsstatcache -Xcc /Users/builder/Factory/paperloft/evidence/checkouts/p2-checkpoint47fdb2c/build/CoverageDerivedData-Shp9Jd/SDKStatCaches.noindex/macosx27.0-26A425-7231f6df4def33e022ae2eb8f782df1a.sdkstatcache -output-file-map /Users/builder/Factory/paperloft/evidence/checkouts/p2-checkpoint47fdb2c/build/CoverageDerivedData-Shp9Jd/Build/Intermediates.noindex/Paperloft.build/Debug/PaperloftApp.build/Objects-normal/arm64/PaperloftApp-OutputFileMap.json -save-temps -no-color-diagnostics -explicit-module-build -module-cache-path /Users/builder/Factory/paperloft/evidence/checkouts/p2-checkpoint47fdb2c/build/CoverageDerivedData-Shp9Jd/Build/Intermediates.noindex/SwiftExplicitPrecompiledModules -clang-scanner-module-cache-path /Users/builder/Factory/paperloft/evidence/checkouts/p2-checkpoint47fdb2c/build/CoverageDerivedData-Shp9Jd/ModuleCache.noindex -sdk-module-cache-path /Users/builder/Factory/paperloft/evidence/checkouts/p2-checkpoint47fdb2c/build/CoverageDerivedData-Shp9Jd/SDKExplicitPrecompiledModules -emit-dependencies -emit-module -emit-module-path /Users/builder/Factory/paperloft/evidence/checkouts/p2-checkpoint47fdb2c/build/CoverageDerivedData-Shp9Jd/Build/Intermediates.noindex/Paperloft.build/Debug/PaperloftApp.build/Objects-normal/arm64/Paperloft_Receipts.swiftmodule -serialize-diagnostics -dependency-scan-serialize-diagnostics-path /Users/builder/Factory/paperloft/evidence/checkouts/p2-checkpoint47fdb2c/build/CoverageDerivedData-Shp9Jd/Build/Intermediates.noindex/Paperloft.build/Debug/PaperloftApp.build/Objects-normal/arm64/Paperloft_Receipts-dependency-scan.dia -validate-clang-modules-once -clang-build-session-file /Users/builder/Factory/paperloft/evidence/checkouts/p2-checkpoint47fdb2c/build/CoverageDerivedData-Shp9Jd/ModuleCache.noindex/Session.modulevalidation -Xcc -fmodules-prune-interval\=86400 -Xcc -fmodules-prune-after\=345600 -emit-const-values -const-gather-protocols-list /Users/builder/Factory/paperloft/evidence/checkouts/p2-checkpoint47fdb2c/build/CoverageDerivedData-Shp9Jd/Build/Intermediates.noindex/Paperloft.build/Debug/PaperloftApp.build/Objects-normal/arm64/PaperloftApp_const_extract_protocols.json -Xcc -iquote -Xcc /Users/builder/Factory/paperloft/evidence/checkouts/p2-checkpoint47fdb2c/build/CoverageDerivedData-Shp9Jd/Build/Intermediates.noindex/Paperloft.build/Debug/PaperloftApp.build/Paperloft\ Receipts-generated-files.hmap -Xcc -I/Users/builder/Factory/paperloft/evidence/checkouts/p2-checkpoint47fdb2c/build/CoverageDerivedData-Shp9Jd/Build/Intermediates.noindex/Paperloft.build/Debug/PaperloftApp.build/Paperloft\ Receipts-own-target-headers.hmap -Xcc -I/Users/builder/Factory/paperloft/evidence/checkouts/p2-checkpoint47fdb2c/build/CoverageDerivedData-Shp9Jd/Build/Intermediates.noindex/Paperloft.build/Debug/PaperloftApp.build/Paperloft\ Receipts-all-non-framework-target-headers.hmap -Xcc -ivfsoverlay -Xcc /Users/builder/Factory/paperloft/evidence/checkouts/p2-checkpoint47fdb2c/build/CoverageDerivedData-Shp9Jd/Build/Intermediates.noindex/Paperloft.build/Debug/Paperloft-b93ddc6bcd4d234a5473ab01ad3589c4-VFS/all-product-headers.yaml -Xcc -iquote -Xcc /Users/builder/Factory/paperloft/evidence/checkouts/p2-checkpoint47fdb2c/build/CoverageDerivedData-Shp9Jd/Build/Intermediates.noindex/Paperloft.build/Debug/PaperloftApp.build/Paperloft\ Receipts-project-headers.hmap -Xcc -I/Users/builder/Factory/paperloft/evidence/checkouts/p2-checkpoint47fdb2c/build/CoverageDerivedData-Shp9Jd/Build/Products/Debug/include -Xcc -I/Users/builder/Factory/paperloft/evidence/checkouts/p2-checkpoint47fdb2c/build/CoverageDerivedData-Shp9Jd/Build/Intermediates.noindex/Paperloft.build/Debug/PaperloftApp.build/DerivedSources-normal/arm64 -Xcc -I/Users/builder/Factory/paperloft/evidence/checkouts/p2-checkpoint47fdb2c/build/CoverageDerivedData-Shp9Jd/Build/Intermediates.noindex/Paperloft.build/Debug/PaperloftApp.build/DerivedSources/arm64 -Xcc -I/Users/builder/Factory/paperloft/evidence/checkouts/p2-checkpoint47fdb2c/build/CoverageDerivedData-Shp9Jd/Build/Intermediates.noindex/Paperloft.build/Debug/PaperloftApp.build/DerivedSources -emit-objc-header -emit-objc-header-path /Users/builder/Factory/paperloft/evidence/checkouts/p2-checkpoint47fdb2c/build/CoverageDerivedData-Shp9Jd/Build/Intermediates.noindex/Paperloft.build/Debug/PaperloftApp.build/Objects-normal/arm64/Paperloft_Receipts-Swift.h -working-directory /Users/builder/Factory/paperloft/evidence/checkouts/p2-checkpoint47fdb2c -experimental-emit-module-separately -disable-cmo

SwiftDriverJobDiscovery normal arm64 Compiling LibraryAccess.swift (in target 'PaperloftKit' from project 'PaperloftKit')

SwiftDriverJobDiscovery normal arm64 Compiling Receipt.swift (in target 'PaperloftKit' from project 'PaperloftKit')

SwiftDriverJobDiscovery normal arm64 Compiling ReceiptEngine.swift (in target 'PaperloftKit' from project 'PaperloftKit')

SwiftDriverJobDiscovery normal arm64 Compiling ReceiptIndex.swift (in target 'PaperloftKit' from project 'PaperloftKit')

SwiftDriverJobDiscovery normal arm64 Compiling LibraryFiles.swift (in target 'PaperloftKit' from project 'PaperloftKit')

SwiftDriverJobDiscovery normal arm64 Compiling LibraryStore.swift (in target 'PaperloftKit' from project 'PaperloftKit')

SwiftDriverJobDiscovery normal arm64 Compiling Assessment.swift, Extraction.swift (in target 'PaperloftKit' from project 'PaperloftKit')

SwiftExplicitDependencyGeneratePcm arm64 /Users/builder/Factory/paperloft/evidence/checkouts/p2-checkpoint47fdb2c/build/CoverageDerivedData-Shp9Jd/SDKExplicitPrecompiledModules/_Builtin_float-8VQJ1DDT2GGMR7NB10NEYX7TV.pcm

SwiftExplicitDependencyGeneratePcm arm64 /Users/builder/Factory/paperloft/evidence/checkouts/p2-checkpoint47fdb2c/build/CoverageDerivedData-Shp9Jd/SDKExplicitPrecompiledModules/ptrauth-B97DKW00CTAQ7Z3XMMH8UEWSC.pcm

SwiftExplicitDependencyGeneratePcm arm64 /Users/builder/Factory/paperloft/evidence/checkouts/p2-checkpoint47fdb2c/build/CoverageDerivedData-Shp9Jd/SDKExplicitPrecompiledModules/_Builtin_stddef-AHQJB8DLA0XRVXYOPCJIALOMU.pcm

SwiftExplicitDependencyGeneratePcm arm64 /Users/builder/Factory/paperloft/evidence/checkouts/p2-checkpoint47fdb2c/build/CoverageDerivedData-Shp9Jd/SDKExplicitPrecompiledModules/ptrcheck-1YL1Z2B6S8EPGQTQQPM8YNY1T.pcm

SwiftExplicitDependencyGeneratePcm arm64 /Users/builder/Factory/paperloft/evidence/checkouts/p2-checkpoint47fdb2c/build/CoverageDerivedData-Shp9Jd/SDKExplicitPrecompiledModules/_Builtin_stdbool-8PNJXBPVIP7S85HX5KOQFK38P.pcm

SwiftExplicitDependencyGeneratePcm arm64 /Users/builder/Factory/paperloft/evidence/checkouts/p2-checkpoint47fdb2c/build/CoverageDerivedData-Shp9Jd/SDKExplicitPrecompiledModules/SwiftShims-4DSY3URXQ6L6NPKW4RNGP6XYI.pcm

SwiftExplicitDependencyGeneratePcm arm64 /Users/builder/Factory/paperloft/evidence/checkouts/p2-checkpoint47fdb2c/build/CoverageDerivedData-Shp9Jd/SDKExplicitPrecompiledModules/_SwiftConcurrencyShims-7JUF6CD73XE62J3QCNGC5QNJC.pcm

SwiftExplicitDependencyGeneratePcm arm64 /Users/builder/Factory/paperloft/evidence/checkouts/p2-checkpoint47fdb2c/build/CoverageDerivedData-Shp9Jd/SDKExplicitPrecompiledModules/_AvailabilityInternal-79K9DLIBUAE4SAZ9IL8Y7N5FN.pcm

SwiftExplicitDependencyGeneratePcm arm64 /Users/builder/Factory/paperloft/evidence/checkouts/p2-checkpoint47fdb2c/build/CoverageDerivedData-Shp9Jd/SDKExplicitPrecompiledModules/_Builtin_stdarg-72RDOI5OJV1D7O6F7LO7H1SQI.pcm

SwiftExplicitDependencyGeneratePcm arm64 /Users/builder/Factory/paperloft/evidence/checkouts/p2-checkpoint47fdb2c/build/CoverageDerivedData-Shp9Jd/SDKExplicitPrecompiledModules/DeveloperToolsSupport-AGJ268MZIEK5EA5BD545BB7GI.pcm

SwiftExplicitDependencyGeneratePcm arm64 /Users/builder/Factory/paperloft/evidence/checkouts/p2-checkpoint47fdb2c/build/CoverageDerivedData-Shp9Jd/SDKExplicitPrecompiledModules/_DarwinFoundation1-C4PSIJKNVQ3VRDXUHB5911JPW.pcm

SwiftExplicitDependencyGeneratePcm arm64 /Users/builder/Factory/paperloft/evidence/checkouts/p2-checkpoint47fdb2c/build/CoverageDerivedData-Shp9Jd/SDKExplicitPrecompiledModules/ExtensionFoundation-5Z5WPD1VCO2HWFNWN75E7I8DF.pcm

SwiftExplicitDependencyGeneratePcm arm64 /Users/builder/Factory/paperloft/evidence/checkouts/p2-checkpoint47fdb2c/build/CoverageDerivedData-Shp9Jd/SDKExplicitPrecompiledModules/_Builtin_limits-7IFZ2N8QK9Q6E68F2CWQA8B7W.pcm

SwiftExplicitDependencyGeneratePcm arm64 /Users/builder/Factory/paperloft/evidence/checkouts/p2-checkpoint47fdb2c/build/CoverageDerivedData-Shp9Jd/SDKExplicitPrecompiledModules/_DarwinFoundation2-B46XAAK36I4U4SSGV5XZ4TXMC.pcm

SwiftExplicitDependencyGeneratePcm arm64 /Users/builder/Factory/paperloft/evidence/checkouts/p2-checkpoint47fdb2c/build/CoverageDerivedData-Shp9Jd/SDKExplicitPrecompiledModules/_Builtin_stdint-8RXVQPCY5ZWJGFH7BOP7EFKZ7.pcm

SwiftExplicitDependencyGeneratePcm arm64 /Users/builder/Factory/paperloft/evidence/checkouts/p2-checkpoint47fdb2c/build/CoverageDerivedData-Shp9Jd/SDKExplicitPrecompiledModules/_Builtin_tgmath-8HRPG89IF75CQO9PG9L3VHD3V.pcm

SwiftExplicitDependencyGeneratePcm arm64 /Users/builder/Factory/paperloft/evidence/checkouts/p2-checkpoint47fdb2c/build/CoverageDerivedData-Shp9Jd/SDKExplicitPrecompiledModules/sys_types-ET5RUTLU23DGJCLZBGQOGCJD4.pcm

SwiftExplicitDependencyGeneratePcm arm64 /Users/builder/Factory/paperloft/evidence/checkouts/p2-checkpoint47fdb2c/build/CoverageDerivedData-Shp9Jd/SDKExplicitPrecompiledModules/string_h-ERA2ASGNFGYHZ846LZHVHSQQQ.pcm

SwiftExplicitDependencyGeneratePcm arm64 /Users/builder/Factory/paperloft/evidence/checkouts/p2-checkpoint47fdb2c/build/CoverageDerivedData-Shp9Jd/SDKExplicitPrecompiledModules/libDER-EQ2FRABJ57FIHFA82PEZKKPS2.pcm

SwiftExplicitDependencyGeneratePcm arm64 /Users/builder/Factory/paperloft/evidence/checkouts/p2-checkpoint47fdb2c/build/CoverageDerivedData-Shp9Jd/SDKExplicitPrecompiledModules/_Builtin_stdatomic-8666IJ01CIBDGG2Y66QAZPOTK.pcm

SwiftExplicitDependencyGeneratePcm arm64 /Users/builder/Factory/paperloft/evidence/checkouts/p2-checkpoint47fdb2c/build/CoverageDerivedData-Shp9Jd/SDKExplicitPrecompiledModules/_Builtin_intrinsics-488YZ23HPO46LDJ4FAZ7SHSR1.pcm

SwiftExplicitDependencyGeneratePcm arm64 /Users/builder/Factory/paperloft/evidence/checkouts/p2-checkpoint47fdb2c/build/CoverageDerivedData-Shp9Jd/SDKExplicitPrecompiledModules/_DarwinFoundation3-D937WMB8ABHNYW4PX5KH2SVWP.pcm

SwiftExplicitDependencyGeneratePcm arm64 /Users/builder/Factory/paperloft/evidence/checkouts/p2-checkpoint47fdb2c/build/CoverageDerivedData-Shp9Jd/SDKExplicitPrecompiledModules/_Builtin_inttypes-8QTUW8CSE6WLW61HLZMMCUHBP.pcm

SwiftExplicitDependencyGeneratePcm arm64 /Users/builder/Factory/paperloft/evidence/checkouts/p2-checkpoint47fdb2c/build/CoverageDerivedData-Shp9Jd/SDKExplicitPrecompiledModules/Darwin-4AWDS3OD7FT86Z3DP8DUONECQ.pcm

SwiftExplicitDependencyGeneratePcm arm64 /Users/builder/Factory/paperloft/evidence/checkouts/p2-checkpoint47fdb2c/build/CoverageDerivedData-Shp9Jd/SDKExplicitPrecompiledModules/simd-COGU8ABWVMET5F9CG9PMRM5BO.pcm

SwiftDriverJobDiscovery normal arm64 Compiling Recognize.swift (in target 'PaperloftKit' from project 'PaperloftKit')

SwiftDriver\ Compilation PaperloftKit normal arm64 com.apple.xcode.tools.swift.compiler (in target 'PaperloftKit' from project 'PaperloftKit')
    cd /Users/builder/Factory/paperloft/evidence/checkouts/p2-checkpoint47fdb2c/Paperloft.xcodeproj
    builtin-Swift-Compilation -- /Applications/Xcode.app/Contents/Developer/Toolchains/XcodeDefault.xctoolchain/usr/bin/swiftc -parse-as-library -module-name PaperloftKit -Onone @/Users/builder/Factory/paperloft/evidence/checkouts/p2-checkpoint47fdb2c/build/CoverageDerivedData-Shp9Jd/Build/Intermediates.noindex/PaperloftKit.build/Debug/PaperloftKit-t.build/Objects-normal/arm64/PaperloftKit.SwiftFileList -DSWIFT_PACKAGE -DDEBUG -DSWIFT_MODULE_RESOURCE_BUNDLE_UNAVAILABLE -DXcode -plugin-path /Applications/Xcode.app/Contents/Developer/Toolchains/XcodeDefault.xctoolchain/usr/lib/swift/host/plugins/testing -enable-experimental-feature DebugDescriptionMacro -sdk /Applications/Xcode.app/Contents/Developer/Platforms/MacOSX.platform/Developer/SDKs/MacOSX27.0.sdk -target arm64-apple-macos27.0 -g -module-cache-path /Users/builder/Factory/paperloft/evidence/checkouts/p2-checkpoint47fdb2c/build/CoverageDerivedData-Shp9Jd/ModuleCache.noindex -Xfrontend -serialize-debugging-options -profile-coverage-mapping -profile-generate -enable-testing -warnings-as-errors -index-store-path /Users/builder/Factory/paperloft/evidence/checkouts/p2-checkpoint47fdb2c/build/CoverageDerivedData-Shp9Jd/Index.noindex/DataStore -Xcc -D_LIBCPP_HARDENING_MODE\=_LIBCPP_HARDENING_MODE_DEBUG -swift-version 6 -I /Users/builder/Factory/paperloft/evidence/checkouts/p2-checkpoint47fdb2c/build/CoverageDerivedData-Shp9Jd/Build/Products/Debug -Isystem /Applications/Xcode.app/Contents/Developer/Platforms/MacOSX.platform/Developer/usr/lib -F /Users/builder/Factory/paperloft/evidence/checkouts/p2-checkpoint47fdb2c/build/CoverageDerivedData-Shp9Jd/Build/Products/Debug -F /Applications/Xcode.app/Contents/Developer/Platforms/MacOSX.platform/Developer/Library/Frameworks -c -j10 -enable-batch-mode -incremental -Xcc -ivfsstatcache -Xcc /Users/builder/Factory/paperloft/evidence/checkouts/p2-checkpoint47fdb2c/build/CoverageDerivedData-Shp9Jd/SDKStatCaches.noindex/macosx27.0-26A425-7231f6df4def33e022ae2eb8f782df1a.sdkstatcache -output-file-map /Users/builder/Factory/paperloft/evidence/checkouts/p2-checkpoint47fdb2c/build/CoverageDerivedData-Shp9Jd/Build/Intermediates.noindex/PaperloftKit.build/Debug/PaperloftKit-t.build/Objects-normal/arm64/PaperloftKit-OutputFileMap.json -save-temps -no-color-diagnostics -explicit-module-build -module-cache-path /Users/builder/Factory/paperloft/evidence/checkouts/p2-checkpoint47fdb2c/build/CoverageDerivedData-Shp9Jd/Build/Intermediates.noindex/SwiftExplicitPrecompiledModules -clang-scanner-module-cache-path /Users/builder/Factory/paperloft/evidence/checkouts/p2-checkpoint47fdb2c/build/CoverageDerivedData-Shp9Jd/ModuleCache.noindex -sdk-module-cache-path /Users/builder/Factory/paperloft/evidence/checkouts/p2-checkpoint47fdb2c/build/CoverageDerivedData-Shp9Jd/SDKExplicitPrecompiledModules -emit-dependencies -emit-module -emit-module-path /Users/builder/Factory/paperloft/evidence/checkouts/p2-checkpoint47fdb2c/build/CoverageDerivedData-Shp9Jd/Build/Intermediates.noindex/PaperloftKit.build/Debug/PaperloftKit-t.build/Objects-normal/arm64/PaperloftKit.swiftmodule -serialize-diagnostics -dependency-scan-serialize-diagnostics-path /Users/builder/Factory/paperloft/evidence/checkouts/p2-checkpoint47fdb2c/build/CoverageDerivedData-Shp9Jd/Build/Intermediates.noindex/PaperloftKit.build/Debug/PaperloftKit-t.build/Objects-normal/arm64/PaperloftKit-dependency-scan.dia -validate-clang-modules-once -clang-build-session-file /Users/builder/Factory/paperloft/evidence/checkouts/p2-checkpoint47fdb2c/build/CoverageDerivedData-Shp9Jd/ModuleCache.noindex/Session.modulevalidation -Xcc -fmodules-prune-interval\=86400 -Xcc -fmodules-prune-after\=345600 -package-name paperloftkit -emit-const-values -const-gather-protocols-list /Users/builder/Factory/paperloft/evidence/checkouts/p2-checkpoint47fdb2c/build/CoverageDerivedData-Shp9Jd/Build/Intermediates.noindex/PaperloftKit.build/Debug/PaperloftKit-t.build/Objects-normal/arm64/PaperloftKit_const_extract_protocols.json -Xcc -I/Users/builder/Factory/paperloft/evidence/checkouts/p2-checkpoint47fdb2c/build/CoverageDerivedData-Shp9Jd/Build/Products/Debug/include -Xcc -I/Users/builder/Factory/paperloft/evidence/checkouts/p2-checkpoint47fdb2c/build/CoverageDerivedData-Shp9Jd/Build/Intermediates.noindex/PaperloftKit.build/Debug/PaperloftKit-t.build/DerivedSources-normal/arm64 -Xcc -I/Users/builder/Factory/paperloft/evidence/checkouts/p2-checkpoint47fdb2c/build/CoverageDerivedData-Shp9Jd/Build/Intermediates.noindex/PaperloftKit.build/Debug/PaperloftKit-t.build/DerivedSources/arm64 -Xcc -I/Users/builder/Factory/paperloft/evidence/checkouts/p2-checkpoint47fdb2c/build/CoverageDerivedData-Shp9Jd/Build/Intermediates.noindex/PaperloftKit.build/Debug/PaperloftKit-t.build/DerivedSources -Xcc -DSWIFT_PACKAGE -Xcc -DDEBUG\=1 -emit-objc-header -emit-objc-header-path /Users/builder/Factory/paperloft/evidence/checkouts/p2-checkpoint47fdb2c/build/CoverageDerivedData-Shp9Jd/Build/Intermediates.noindex/PaperloftKit.build/Debug/PaperloftKit-t.build/Objects-normal/arm64/PaperloftKit-Swift.h -working-directory /Users/builder/Factory/paperloft/evidence/checkouts/p2-checkpoint47fdb2c/Paperloft.xcodeproj -experimental-emit-module-separately -disable-cmo

Ld /Users/builder/Factory/paperloft/evidence/checkouts/p2-checkpoint47fdb2c/build/CoverageDerivedData-Shp9Jd/Build/Products/Debug/PaperloftKit.o normal (in target 'PaperloftKit' from project 'PaperloftKit')
    cd /Users/builder/Factory/paperloft/evidence/checkouts/p2-checkpoint47fdb2c/Packages/PaperloftKit
    /Applications/Xcode.app/Contents/Developer/Toolchains/XcodeDefault.xctoolchain/usr/bin/clang -Xlinker -reproducible -target arm64-apple-macos27.0 -r -isysroot /Applications/Xcode.app/Contents/Developer/Platforms/MacOSX.platform/Developer/SDKs/MacOSX27.0.sdk -O0 -Xlinker -no_warn_duplicate_libraries -F/Users/builder/Factory/paperloft/evidence/checkouts/p2-checkpoint47fdb2c/build/CoverageDerivedData-Shp9Jd/Build/Intermediates.noindex/EagerLinkingTBDs/Debug -F/Users/builder/Factory/paperloft/evidence/checkouts/p2-checkpoint47fdb2c/build/CoverageDerivedData-Shp9Jd/Build/Products/Debug -iframework /Applications/Xcode.app/Contents/Developer/Platforms/MacOSX.platform/Developer/Library/Frameworks -filelist /Users/builder/Factory/paperloft/evidence/checkouts/p2-checkpoint47fdb2c/build/CoverageDerivedData-Shp9Jd/Build/Intermediates.noindex/PaperloftKit.build/Debug/PaperloftKit-t.build/Objects-normal/arm64/PaperloftKit.LinkFileList -nostdlib -Xlinker -object_path_lto -Xlinker /Users/builder/Factory/paperloft/evidence/checkouts/p2-checkpoint47fdb2c/build/CoverageDerivedData-Shp9Jd/Build/Intermediates.noindex/PaperloftKit.build/Debug/PaperloftKit-t.build/Objects-normal/arm64/PaperloftKit_lto.o -Xlinker -no_deduplicate -Xlinker -debug_variant -Xlinker -dependency_info -Xlinker /Users/builder/Factory/paperloft/evidence/checkouts/p2-checkpoint47fdb2c/build/CoverageDerivedData-Shp9Jd/Build/Intermediates.noindex/PaperloftKit.build/Debug/PaperloftKit-t.build/Objects-normal/arm64/PaperloftKit_dependency_info.dat -fobjc-link-runtime -L/Applications/Xcode.app/Contents/Developer/Toolchains/XcodeDefault.xctoolchain/usr/lib/swift/macosx -L/usr/lib/swift -Xlinker -add_ast_path -Xlinker /Users/builder/Factory/paperloft/evidence/checkouts/p2-checkpoint47fdb2c/build/CoverageDerivedData-Shp9Jd/Build/Intermediates.noindex/PaperloftKit.build/Debug/PaperloftKit-t.build/Objects-normal/arm64/PaperloftKit.swiftmodule -o /Users/builder/Factory/paperloft/evidence/checkouts/p2-checkpoint47fdb2c/build/CoverageDerivedData-Shp9Jd/Build/Products/Debug/PaperloftKit.o

ExtractAppIntentsMetadata (in target 'PaperloftKit' from project 'PaperloftKit')
    cd /Users/builder/Factory/paperloft/evidence/checkouts/p2-checkpoint47fdb2c/Packages/PaperloftKit
    /Applications/Xcode.app/Contents/Developer/Toolchains/XcodeDefault.xctoolchain/usr/bin/appintentsmetadataprocessor --toolchain-dir /Applications/Xcode.app/Contents/Developer/Toolchains/XcodeDefault.xctoolchain --module-name PaperloftKit --sdk-root /Applications/Xcode.app/Contents/Developer/Platforms/MacOSX.platform/Developer/SDKs/MacOSX27.0.sdk --xcode-version 27A266a --platform-family macOS --deployment-target 27.0 --bundle-identifier paperloftkit.PaperloftKit --output /Users/builder/Factory/paperloft/evidence/checkouts/p2-checkpoint47fdb2c/build/CoverageDerivedData-Shp9Jd/Build/Products/Debug/PaperloftKit.appintents --target-triple arm64-apple-macos27.0 --binary-file /Users/builder/Factory/paperloft/evidence/checkouts/p2-checkpoint47fdb2c/build/CoverageDerivedData-Shp9Jd/Build/Products/Debug/PaperloftKit.o --dependency-file /Users/builder/Factory/paperloft/evidence/checkouts/p2-checkpoint47fdb2c/build/CoverageDerivedData-Shp9Jd/Build/Intermediates.noindex/PaperloftKit.build/Debug/PaperloftKit-t.build/Objects-normal/arm64/PaperloftKit_dependency_info.dat --stringsdata-file /Users/builder/Factory/paperloft/evidence/checkouts/p2-checkpoint47fdb2c/build/CoverageDerivedData-Shp9Jd/Build/Intermediates.noindex/PaperloftKit.build/Debug/PaperloftKit-t.build/Objects-normal/arm64/ExtractedAppShortcutsMetadata.stringsdata --source-file-list /Users/builder/Factory/paperloft/evidence/checkouts/p2-checkpoint47fdb2c/build/CoverageDerivedData-Shp9Jd/Build/Intermediates.noindex/PaperloftKit.build/Debug/PaperloftKit-t.build/Objects-normal/arm64/PaperloftKit.SwiftFileList --metadata-file-list /Users/builder/Factory/paperloft/evidence/checkouts/p2-checkpoint47fdb2c/build/CoverageDerivedData-Shp9Jd/Build/Intermediates.noindex/PaperloftKit.build/Debug/PaperloftKit-t.build/PaperloftKit.DependencyMetadataFileList --static-metadata-file-list /Users/builder/Factory/paperloft/evidence/checkouts/p2-checkpoint47fdb2c/build/CoverageDerivedData-Shp9Jd/Build/Intermediates.noindex/PaperloftKit.build/Debug/PaperloftKit-t.build/PaperloftKit.DependencyStaticMetadataFileList --swift-const-vals-list /Users/builder/Factory/paperloft/evidence/checkouts/p2-checkpoint47fdb2c/build/CoverageDerivedData-Shp9Jd/Build/Intermediates.noindex/PaperloftKit.build/Debug/PaperloftKit-t.build/Objects-normal/arm64/PaperloftKit.SwiftConstValuesFileList --force --compile-time-extraction --deployment-aware-processing --no-app-shortcuts-localization
2026-09-26 22:28:15.747 appintentsmetadataprocessor[45966:1020283] Starting appintentsmetadataprocessor export
2026-09-26 22:28:15.802 appintentsmetadataprocessor[45966:1020283] Extracted no relevant App Intents symbols, skipping writing output

ProcessInfoPlistFile /Users/builder/Factory/paperloft/evidence/checkouts/p2-checkpoint47fdb2c/build/CoverageDerivedData-Shp9Jd/Build/Products/Debug/PaperloftKitTests.xctest/Contents/Info.plist /Users/builder/Factory/paperloft/evidence/checkouts/p2-checkpoint47fdb2c/build/CoverageDerivedData-Shp9Jd/Build/Intermediates.noindex/Paperloft.build/Debug/PaperloftKitTests.build/empty-PaperloftKitTests.plist (in target 'PaperloftKitTests' from project 'Paperloft')
    cd /Users/builder/Factory/paperloft/evidence/checkouts/p2-checkpoint47fdb2c
    builtin-infoPlistUtility /Users/builder/Factory/paperloft/evidence/checkouts/p2-checkpoint47fdb2c/build/CoverageDerivedData-Shp9Jd/Build/Intermediates.noindex/Paperloft.build/Debug/PaperloftKitTests.build/empty-PaperloftKitTests.plist -producttype com.apple.product-type.bundle.unit-test -expandbuildsettings -platform macosx -o /Users/builder/Factory/paperloft/evidence/checkouts/p2-checkpoint47fdb2c/build/CoverageDerivedData-Shp9Jd/Build/Products/Debug/PaperloftKitTests.xctest/Contents/Info.plist

CpResource /Users/builder/Factory/paperloft/evidence/checkouts/p2-checkpoint47fdb2c/build/CoverageDerivedData-Shp9Jd/Build/Products/Debug/Paperloft\ Receipts.app/Contents/Resources/PrivacyInfo.xcprivacy /Users/builder/Factory/paperloft/evidence/checkouts/p2-checkpoint47fdb2c/Apps/PaperloftApp/PrivacyInfo.xcprivacy (in target 'PaperloftApp' from project 'Paperloft')
    cd /Users/builder/Factory/paperloft/evidence/checkouts/p2-checkpoint47fdb2c
    builtin-copy -exclude .DS_Store -exclude CVS -exclude .svn -exclude .git -exclude .hg -strip-unsigned-binaries -strip-deterministic -strip-tool /Applications/Xcode.app/Contents/Developer/Toolchains/XcodeDefault.xctoolchain/usr/bin/strip -resolve-src-symlinks /Users/builder/Factory/paperloft/evidence/checkouts/p2-checkpoint47fdb2c/Apps/PaperloftApp/PrivacyInfo.xcprivacy /Users/builder/Factory/paperloft/evidence/checkouts/p2-checkpoint47fdb2c/build/CoverageDerivedData-Shp9Jd/Build/Products/Debug/Paperloft\ Receipts.app/Contents/Resources

Ld /Users/builder/Factory/paperloft/evidence/checkouts/p2-checkpoint47fdb2c/build/CoverageDerivedData-Shp9Jd/Build/Products/Debug/Paperloft\ Receipts.app/Contents/MacOS/__preview.dylib normal (in target 'PaperloftApp' from project 'Paperloft')
    cd /Users/builder/Factory/paperloft/evidence/checkouts/p2-checkpoint47fdb2c
    /Applications/Xcode.app/Contents/Developer/Toolchains/XcodeDefault.xctoolchain/usr/bin/clang -Xlinker -reproducible -target arm64-apple-macos27.0 -dynamiclib -isysroot /Applications/Xcode.app/Contents/Developer/Platforms/MacOSX.platform/Developer/SDKs/MacOSX27.0.sdk -Os -Xlinker -no_warn_duplicate_libraries -L/Users/builder/Factory/paperloft/evidence/checkouts/p2-checkpoint47fdb2c/build/CoverageDerivedData-Shp9Jd/Build/Products/Debug -F/Users/builder/Factory/paperloft/evidence/checkouts/p2-checkpoint47fdb2c/build/CoverageDerivedData-Shp9Jd/Build/Products/Debug/PackageFrameworks -F/Users/builder/Factory/paperloft/evidence/checkouts/p2-checkpoint47fdb2c/build/CoverageDerivedData-Shp9Jd/Build/Products/Debug -install_name @rpath/Paperloft\ Receipts.debug.dylib -rdynamic -Xlinker -debug_variant -Xlinker -dependency_info -Xlinker /Users/builder/Factory/paperloft/evidence/checkouts/p2-checkpoint47fdb2c/build/CoverageDerivedData-Shp9Jd/Build/Intermediates.noindex/Paperloft.build/Debug/PaperloftApp.build/Objects-normal/arm64/Paperloft\ Receipts_dependency_info.dat -Xlinker -no_adhoc_codesign -o /Users/builder/Factory/paperloft/evidence/checkouts/p2-checkpoint47fdb2c/build/CoverageDerivedData-Shp9Jd/Build/Products/Debug/Paperloft\ Receipts.app/Contents/MacOS/__preview.dylib

ProcessInfoPlistFile /Users/builder/Factory/paperloft/evidence/checkouts/p2-checkpoint47fdb2c/build/CoverageDerivedData-Shp9Jd/Build/Products/Debug/Paperloft\ Receipts.app/Contents/Info.plist /Users/builder/Factory/paperloft/evidence/checkouts/p2-checkpoint47fdb2c/build/CoverageDerivedData-Shp9Jd/Build/Intermediates.noindex/Paperloft.build/Debug/PaperloftApp.build/empty-Paperloft\ Receipts.plist (in target 'PaperloftApp' from project 'Paperloft')
    cd /Users/builder/Factory/paperloft/evidence/checkouts/p2-checkpoint47fdb2c
    builtin-infoPlistUtility /Users/builder/Factory/paperloft/evidence/checkouts/p2-checkpoint47fdb2c/build/CoverageDerivedData-Shp9Jd/Build/Intermediates.noindex/Paperloft.build/Debug/PaperloftApp.build/empty-Paperloft\ Receipts.plist -producttype com.apple.product-type.application -genpkginfo /Users/builder/Factory/paperloft/evidence/checkouts/p2-checkpoint47fdb2c/build/CoverageDerivedData-Shp9Jd/Build/Products/Debug/Paperloft\ Receipts.app/Contents/PkgInfo -expandbuildsettings -platform macosx -o /Users/builder/Factory/paperloft/evidence/checkouts/p2-checkpoint47fdb2c/build/CoverageDerivedData-Shp9Jd/Build/Products/Debug/Paperloft\ Receipts.app/Contents/Info.plist

SwiftExplicitDependencyGeneratePcm arm64 /Users/builder/Factory/paperloft/evidence/checkouts/p2-checkpoint47fdb2c/build/CoverageDerivedData-Shp9Jd/SDKExplicitPrecompiledModules/CUPS-60WLYP1AQ35I4J5NHWUZWECS7.pcm

SwiftExplicitDependencyGeneratePcm arm64 /Users/builder/Factory/paperloft/evidence/checkouts/p2-checkpoint47fdb2c/build/CoverageDerivedData-Shp9Jd/SDKExplicitPrecompiledModules/Compression-D8RXMCWEIBR9IX4FSZFDH7CA2.pcm

SwiftExplicitDependencyGeneratePcm arm64 /Users/builder/Factory/paperloft/evidence/checkouts/p2-checkpoint47fdb2c/build/CoverageDerivedData-Shp9Jd/SDKExplicitPrecompiledModules/launch-36L2LQW8ZIVFCF67SPA2J6XJ4.pcm

SwiftExplicitDependencyGeneratePcm arm64 /Users/builder/Factory/paperloft/evidence/checkouts/p2-checkpoint47fdb2c/build/CoverageDerivedData-Shp9Jd/SDKExplicitPrecompiledModules/MachO-5YR6IZR1VL5QN8HL4WEQ4IEEG.pcm

SwiftExplicitDependencyGeneratePcm arm64 /Users/builder/Factory/paperloft/evidence/checkouts/p2-checkpoint47fdb2c/build/CoverageDerivedData-Shp9Jd/SDKExplicitPrecompiledModules/libkern-68MA66O8GU30VPCGPO58BYEI.pcm

SwiftExplicitDependencyGeneratePcm arm64 /Users/builder/Factory/paperloft/evidence/checkouts/p2-checkpoint47fdb2c/build/CoverageDerivedData-Shp9Jd/SDKExplicitPrecompiledModules/ObjectiveC-A74FEGS08UFKGI3DOKMEC005Z.pcm

SwiftExplicitDependencyGeneratePcm arm64 /Users/builder/Factory/paperloft/evidence/checkouts/p2-checkpoint47fdb2c/build/CoverageDerivedData-Shp9Jd/SDKExplicitPrecompiledModules/Spatial-7BVD82IK1RAQNFFXBA93342TO.pcm

SwiftExplicitDependencyGeneratePcm arm64 /Users/builder/Factory/paperloft/evidence/checkouts/p2-checkpoint47fdb2c/build/CoverageDerivedData-Shp9Jd/SDKExplicitPrecompiledModules/os_object-2VQVE4S7ARIW8U6IF17W7UFG9.pcm

SwiftExplicitDependencyCompileModuleFromInterface arm64 /Users/builder/Factory/paperloft/evidence/checkouts/p2-checkpoint47fdb2c/build/CoverageDerivedData-Shp9Jd/Build/Intermediates.noindex/SwiftExplicitPrecompiledModules/Testing-32SFLFFJBHWXD.swiftmodule

SwiftExplicitDependencyGeneratePcm arm64 /Users/builder/Factory/paperloft/evidence/checkouts/p2-checkpoint47fdb2c/build/CoverageDerivedData-Shp9Jd/SDKExplicitPrecompiledModules/os_workgroup-D1VS8F18P05D88T8C3M3ACMQ7.pcm

SwiftExplicitDependencyGeneratePcm arm64 /Users/builder/Factory/paperloft/evidence/checkouts/p2-checkpoint47fdb2c/build/CoverageDerivedData-Shp9Jd/SDKExplicitPrecompiledModules/Dispatch-3A0DPPJL0U0PKQSSY0YA931HN.pcm

SwiftExplicitDependencyGeneratePcm arm64 /Users/builder/Factory/paperloft/evidence/checkouts/p2-checkpoint47fdb2c/build/CoverageDerivedData-Shp9Jd/SDKExplicitPrecompiledModules/XPC-8YTE9Z0NX05HRR13P8R8S5OKQ.pcm

SwiftExplicitDependencyGeneratePcm arm64 /Users/builder/Factory/paperloft/evidence/checkouts/p2-checkpoint47fdb2c/build/CoverageDerivedData-Shp9Jd/SDKExplicitPrecompiledModules/CoreFoundation-CWKXZLAWVFK9NXL3XU0FBMF3S.pcm

SwiftExplicitDependencyGeneratePcm arm64 /Users/builder/Factory/paperloft/evidence/checkouts/p2-checkpoint47fdb2c/build/CoverageDerivedData-Shp9Jd/SDKExplicitPrecompiledModules/dnssd-11H98OOZKM7HDGTX9O0UKTNGF.pcm

SwiftExplicitDependencyGeneratePcm arm64 /Users/builder/Factory/paperloft/evidence/checkouts/p2-checkpoint47fdb2c/build/CoverageDerivedData-Shp9Jd/SDKExplicitPrecompiledModules/os-I9C9IU6IMIIYK2XCINRV8MO8.pcm

SwiftExplicitDependencyGeneratePcm arm64 /Users/builder/Factory/paperloft/evidence/checkouts/p2-checkpoint47fdb2c/build/CoverageDerivedData-Shp9Jd/SDKExplicitPrecompiledModules/CFNetwork-9G9I507LG6FKNUKB16MS7B00N.pcm

SwiftExplicitDependencyGeneratePcm arm64 /Users/builder/Factory/paperloft/evidence/checkouts/p2-checkpoint47fdb2c/build/CoverageDerivedData-Shp9Jd/SDKExplicitPrecompiledModules/CoreAudioTypes-D0S36LBNKGUXZ4XEVVQ25M92Q.pcm

SwiftExplicitDependencyGeneratePcm arm64 /Users/builder/Factory/paperloft/evidence/checkouts/p2-checkpoint47fdb2c/build/CoverageDerivedData-Shp9Jd/SDKExplicitPrecompiledModules/Security-YTQ63PN5D32LXPTIOE9TELSE.pcm

SwiftExplicitDependencyGeneratePcm arm64 /Users/builder/Factory/paperloft/evidence/checkouts/p2-checkpoint47fdb2c/build/CoverageDerivedData-Shp9Jd/SDKExplicitPrecompiledModules/ColorSync-CW2GWB5E3T6XN6AFDUQ95P9UK.pcm

SwiftExplicitDependencyGeneratePcm arm64 /Users/builder/Factory/paperloft/evidence/checkouts/p2-checkpoint47fdb2c/build/CoverageDerivedData-Shp9Jd/SDKExplicitPrecompiledModules/IOKit-47GKGPZSW9CCJ4RJ3ITG58XFA.pcm

SwiftExplicitDependencyGeneratePcm arm64 /Users/builder/Factory/paperloft/evidence/checkouts/p2-checkpoint47fdb2c/build/CoverageDerivedData-Shp9Jd/SDKExplicitPrecompiledModules/CoreGraphics-8S5HNZHIFMF2YUWSXVB6EWR7H.pcm

SwiftExplicitDependencyGeneratePcm arm64 /Users/builder/Factory/paperloft/evidence/checkouts/p2-checkpoint47fdb2c/build/CoverageDerivedData-Shp9Jd/SDKExplicitPrecompiledModules/DiskArbitration-961SR11X8XZIW6KQG8Q7NS4U9.pcm

SwiftExplicitDependencyGeneratePcm arm64 /Users/builder/Factory/paperloft/evidence/checkouts/p2-checkpoint47fdb2c/build/CoverageDerivedData-Shp9Jd/SDKExplicitPrecompiledModules/CoreServices-1SRBVJLDM03OYEMMX3516UDGE.pcm

SwiftExplicitDependencyGeneratePcm arm64 /Users/builder/Factory/paperloft/evidence/checkouts/p2-checkpoint47fdb2c/build/CoverageDerivedData-Shp9Jd/SDKExplicitPrecompiledModules/CoreText-6BY6ZPQZD355YKW517MRHL5E8.pcm

SwiftExplicitDependencyGeneratePcm arm64 /Users/builder/Factory/paperloft/evidence/checkouts/p2-checkpoint47fdb2c/build/CoverageDerivedData-Shp9Jd/SDKExplicitPrecompiledModules/ImageIO-4EED1TIH2T2QNBJ9D6YLRN6ZM.pcm

SwiftExplicitDependencyGeneratePcm arm64 /Users/builder/Factory/paperloft/evidence/checkouts/p2-checkpoint47fdb2c/build/CoverageDerivedData-Shp9Jd/SDKExplicitPrecompiledModules/Foundation-798KLDOZ1A6BZ74UL2N9F92DN.pcm

SwiftExplicitDependencyGeneratePcm arm64 /Users/builder/Factory/paperloft/evidence/checkouts/p2-checkpoint47fdb2c/build/CoverageDerivedData-Shp9Jd/SDKExplicitPrecompiledModules/CoreData-BCJSWSGA42VABAJ7NIWJ4543R.pcm

SwiftExplicitDependencyGeneratePcm arm64 /Users/builder/Factory/paperloft/evidence/checkouts/p2-checkpoint47fdb2c/build/CoverageDerivedData-Shp9Jd/SDKExplicitPrecompiledModules/DataDetection-1ZGF7T3CTJLVA89OLD011RRPS.pcm

SwiftExplicitDependencyGeneratePcm arm64 /Users/builder/Factory/paperloft/evidence/checkouts/p2-checkpoint47fdb2c/build/CoverageDerivedData-Shp9Jd/SDKExplicitPrecompiledModules/_LocationEssentials-ENOH2IZ2G1KN0UB3EHRRDHYGC.pcm

SwiftExplicitDependencyGeneratePcm arm64 /Users/builder/Factory/paperloft/evidence/checkouts/p2-checkpoint47fdb2c/build/CoverageDerivedData-Shp9Jd/SDKExplicitPrecompiledModules/Accessibility-52879LNLNH3BF1BVFG96M858B.pcm

SwiftExplicitDependencyGeneratePcm arm64 /Users/builder/Factory/paperloft/evidence/checkouts/p2-checkpoint47fdb2c/build/CoverageDerivedData-Shp9Jd/SDKExplicitPrecompiledModules/ApplicationServices-5ZM33H50FXETRKPCTRPO4WPY6.pcm

SwiftExplicitDependencyGeneratePcm arm64 /Users/builder/Factory/paperloft/evidence/checkouts/p2-checkpoint47fdb2c/build/CoverageDerivedData-Shp9Jd/SDKExplicitPrecompiledModules/AppIntentsTypeSupport-720XJYEWWN1VGSLN79GWOOU9M.pcm

SwiftExplicitDependencyGeneratePcm arm64 /Users/builder/Factory/paperloft/evidence/checkouts/p2-checkpoint47fdb2c/build/CoverageDerivedData-Shp9Jd/SDKExplicitPrecompiledModules/AppIntents-5PHAVOMH3GPKVAKH6ZHPVI034.pcm

SwiftExplicitDependencyGeneratePcm arm64 /Users/builder/Factory/paperloft/evidence/checkouts/p2-checkpoint47fdb2c/build/CoverageDerivedData-Shp9Jd/SDKExplicitPrecompiledModules/Network-9HHMVHSGAJNO9F5LBZWY8J67.pcm

SwiftExplicitDependencyGeneratePcm arm64 /Users/builder/Factory/paperloft/evidence/checkouts/p2-checkpoint47fdb2c/build/CoverageDerivedData-Shp9Jd/SDKExplicitPrecompiledModules/LocalAuthentication-EV61J2T7NUJ2XLVOB78BPRMJM.pcm

SwiftExplicitDependencyGeneratePcm arm64 /Users/builder/Factory/paperloft/evidence/checkouts/p2-checkpoint47fdb2c/build/CoverageDerivedData-Shp9Jd/SDKExplicitPrecompiledModules/RelevanceKit-EMK0DQ7VYY70752LKUAKIK9AV.pcm

SwiftExplicitDependencyGeneratePcm arm64 /Users/builder/Factory/paperloft/evidence/checkouts/p2-checkpoint47fdb2c/build/CoverageDerivedData-Shp9Jd/SDKExplicitPrecompiledModules/CoreAudio-CR5UQ78D6OLJ5GB0SFE64X014.pcm

SwiftExplicitDependencyGeneratePcm arm64 /Users/builder/Factory/paperloft/evidence/checkouts/p2-checkpoint47fdb2c/build/CoverageDerivedData-Shp9Jd/SDKExplicitPrecompiledModules/Symbols-63W0E7J0S4EWPUAZAK057GQV0.pcm

SwiftExplicitDependencyGeneratePcm arm64 /Users/builder/Factory/paperloft/evidence/checkouts/p2-checkpoint47fdb2c/build/CoverageDerivedData-Shp9Jd/SDKExplicitPrecompiledModules/OSLog-2JAOKG94G52R2Y4L8D1FE3FUY.pcm

SwiftExplicitDependencyGeneratePcm arm64 /Users/builder/Factory/paperloft/evidence/checkouts/p2-checkpoint47fdb2c/build/CoverageDerivedData-Shp9Jd/SDKExplicitPrecompiledModules/CoreMIDI-4VLOZ3UI9JZH4F1IN2R0QGNDT.pcm

SwiftExplicitDependencyGeneratePcm arm64 /Users/builder/Factory/paperloft/evidence/checkouts/p2-checkpoint47fdb2c/build/CoverageDerivedData-Shp9Jd/SDKExplicitPrecompiledModules/CoreLocation-7V7FIUI9K6KJGPH54XIJ6354A.pcm

SwiftExplicitDependencyCompileModuleFromInterface arm64 /Users/builder/Factory/paperloft/evidence/checkouts/p2-checkpoint47fdb2c/build/CoverageDerivedData-Shp9Jd/Build/Intermediates.noindex/SwiftExplicitPrecompiledModules/_Testing_Foundation-1MC9OROS496SN.swiftmodule

SwiftExplicitDependencyGeneratePcm arm64 /Users/builder/Factory/paperloft/evidence/checkouts/p2-checkpoint47fdb2c/build/CoverageDerivedData-Shp9Jd/SDKExplicitPrecompiledModules/UniformTypeIdentifiers-57RORQGW6YFABBJCN1XPSNZMG.pcm

SwiftExplicitDependencyGeneratePcm arm64 /Users/builder/Factory/paperloft/evidence/checkouts/p2-checkpoint47fdb2c/build/CoverageDerivedData-Shp9Jd/SDKExplicitPrecompiledModules/IOSurface-5J5VK2L6YJJ9251TBQ8QGFX88.pcm

SwiftExplicitDependencyGeneratePcm arm64 /Users/builder/Factory/paperloft/evidence/checkouts/p2-checkpoint47fdb2c/build/CoverageDerivedData-Shp9Jd/SDKExplicitPrecompiledModules/CoreTransferable-368UM6DT6LKEFW6O3A1DUH2ZX.pcm

SwiftExplicitDependencyGeneratePcm arm64 /Users/builder/Factory/paperloft/evidence/checkouts/p2-checkpoint47fdb2c/build/CoverageDerivedData-Shp9Jd/SDKExplicitPrecompiledModules/Carbon-E6Q0I4KC6XLF4NYX3607BMBNM.pcm

SwiftExplicitDependencyCompileModuleFromInterface arm64 /Users/builder/Factory/paperloft/evidence/checkouts/p2-checkpoint47fdb2c/build/CoverageDerivedData-Shp9Jd/Build/Intermediates.noindex/SwiftExplicitPrecompiledModules/_Testing_CoreGraphics-IKKFA3X7WLIC.swiftmodule

SwiftExplicitDependencyGeneratePcm arm64 /Users/builder/Factory/paperloft/evidence/checkouts/p2-checkpoint47fdb2c/build/CoverageDerivedData-Shp9Jd/SDKExplicitPrecompiledModules/CoreSpotlight-5A05MVJEEW5Q6TZMVLLXLBGU9.pcm

SwiftExplicitDependencyGeneratePcm arm64 /Users/builder/Factory/paperloft/evidence/checkouts/p2-checkpoint47fdb2c/build/CoverageDerivedData-Shp9Jd/SDKExplicitPrecompiledModules/OpenGL-BKV1GBBP43B9UV9KE3LXNPM9X.pcm

SwiftExplicitDependencyGeneratePcm arm64 /Users/builder/Factory/paperloft/evidence/checkouts/p2-checkpoint47fdb2c/build/CoverageDerivedData-Shp9Jd/SDKExplicitPrecompiledModules/Metal-EJP4MOXAQQK1KWIFB00SCNZ1S.pcm

SwiftExplicitDependencyGeneratePcm arm64 /Users/builder/Factory/paperloft/evidence/checkouts/p2-checkpoint47fdb2c/build/CoverageDerivedData-Shp9Jd/SDKExplicitPrecompiledModules/AudioToolbox-3I9R9AIMW49EWWRFUUUBABZU.pcm

SwiftExplicitDependencyGeneratePcm arm64 /Users/builder/Factory/paperloft/evidence/checkouts/p2-checkpoint47fdb2c/build/CoverageDerivedData-Shp9Jd/SDKExplicitPrecompiledModules/CoreVideo-85IK8DPSJT1VPS88K7BMXC9IS.pcm

SwiftExplicitDependencyGeneratePcm arm64 /Users/builder/Factory/paperloft/evidence/checkouts/p2-checkpoint47fdb2c/build/CoverageDerivedData-Shp9Jd/SDKExplicitPrecompiledModules/CoreMedia-5RN94GOT1ATEYSQI4G779X5HJ.pcm

SwiftExplicitDependencyGeneratePcm arm64 /Users/builder/Factory/paperloft/evidence/checkouts/p2-checkpoint47fdb2c/build/CoverageDerivedData-Shp9Jd/SDKExplicitPrecompiledModules/Accelerate-B7DD9OTQKNEAV7FSBWWAV0W2M.pcm

SwiftExplicitDependencyGeneratePcm arm64 /Users/builder/Factory/paperloft/evidence/checkouts/p2-checkpoint47fdb2c/build/CoverageDerivedData-Shp9Jd/SDKExplicitPrecompiledModules/QuartzCore-XUUO3JUUEVMDUDB7ABKYUK6D.pcm

SwiftExplicitDependencyGeneratePcm arm64 /Users/builder/Factory/paperloft/evidence/checkouts/p2-checkpoint47fdb2c/build/CoverageDerivedData-Shp9Jd/SDKExplicitPrecompiledModules/CoreML-5T0CMF5O62KQHSN3LID9WTRYQ.pcm

SwiftExplicitDependencyGeneratePcm arm64 /Users/builder/Factory/paperloft/evidence/checkouts/p2-checkpoint47fdb2c/build/CoverageDerivedData-Shp9Jd/SDKExplicitPrecompiledModules/CoreImage-BGP6SDZBOP3XBTX4M1FUYW37Z.pcm

SwiftExplicitDependencyGeneratePcm arm64 /Users/builder/Factory/paperloft/evidence/checkouts/p2-checkpoint47fdb2c/build/CoverageDerivedData-Shp9Jd/SDKExplicitPrecompiledModules/SwiftUICore-22IEB2H25MIG0PCZBHQVVFX0H.pcm

SwiftExplicitDependencyGeneratePcm arm64 /Users/builder/Factory/paperloft/evidence/checkouts/p2-checkpoint47fdb2c/build/CoverageDerivedData-Shp9Jd/SDKExplicitPrecompiledModules/AVFAudio-EQ9TEYZFXUEAER2M55V58DGHY.pcm

SwiftExplicitDependencyGeneratePcm arm64 /Users/builder/Factory/paperloft/evidence/checkouts/p2-checkpoint47fdb2c/build/CoverageDerivedData-Shp9Jd/SDKExplicitPrecompiledModules/Vision-98J16A8I93R87LFPGGHPG9V03.pcm

SwiftExplicitDependencyGeneratePcm arm64 /Users/builder/Factory/paperloft/evidence/checkouts/p2-checkpoint47fdb2c/build/CoverageDerivedData-Shp9Jd/SDKExplicitPrecompiledModules/MediaToolbox-53JDUNQ2E5RV9JKY0I6RXU5FR.pcm

SwiftExplicitDependencyGeneratePcm arm64 /Users/builder/Factory/paperloft/evidence/checkouts/p2-checkpoint47fdb2c/build/CoverageDerivedData-Shp9Jd/SDKExplicitPrecompiledModules/VideoToolbox-LIS71CDTCUS8TGMHYT66A4R.pcm

SwiftExplicitDependencyGeneratePcm arm64 /Users/builder/Factory/paperloft/evidence/checkouts/p2-checkpoint47fdb2c/build/CoverageDerivedData-Shp9Jd/SDKExplicitPrecompiledModules/AppKit-5AC46Y309S8V7TIS22DJ5R3OC.pcm

SwiftExplicitDependencyGeneratePcm arm64 /Users/builder/Factory/paperloft/evidence/checkouts/p2-checkpoint47fdb2c/build/CoverageDerivedData-Shp9Jd/SDKExplicitPrecompiledModules/AVFoundation-485GCIL4S0KBQCGMV9CFSEVC7.pcm

SwiftEmitModule normal arm64 Emitting\ module\ for\ PaperloftKitTests (in target 'PaperloftKitTests' from project 'Paperloft')

SwiftCompile normal arm64 (in target 'PaperloftKitTests' from project 'Paperloft')
    cd /Users/builder/Factory/paperloft/evidence/checkouts/p2-checkpoint47fdb2c
    

SwiftCompile normal arm64 Compiling\ ClassificationRecoveryTests.swift /Users/builder/Factory/paperloft/evidence/checkouts/p2-checkpoint47fdb2c/Packages/PaperloftKit/Tests/PaperloftKitTests/ClassificationRecoveryTests.swift (in target 'PaperloftKitTests' from project 'Paperloft')

SwiftCompile normal arm64 /Users/builder/Factory/paperloft/evidence/checkouts/p2-checkpoint47fdb2c/Packages/PaperloftKit/Tests/PaperloftKitTests/ClassificationRecoveryTests.swift (in target 'PaperloftKitTests' from project 'Paperloft')
    cd /Users/builder/Factory/paperloft/evidence/checkouts/p2-checkpoint47fdb2c
    builtin-SwiftPerFileCompile ClassificationRecoveryTests.swift

SwiftCompile normal arm64 Compiling\ ReceiptTests.swift /Users/builder/Factory/paperloft/evidence/checkouts/p2-checkpoint47fdb2c/Packages/PaperloftKit/Tests/PaperloftKitTests/ReceiptTests.swift (in target 'PaperloftKitTests' from project 'Paperloft')

SwiftCompile normal arm64 /Users/builder/Factory/paperloft/evidence/checkouts/p2-checkpoint47fdb2c/Packages/PaperloftKit/Tests/PaperloftKitTests/ReceiptTests.swift (in target 'PaperloftKitTests' from project 'Paperloft')
    cd /Users/builder/Factory/paperloft/evidence/checkouts/p2-checkpoint47fdb2c
    builtin-SwiftPerFileCompile ReceiptTests.swift

SwiftCompile normal arm64 Compiling\ LibraryTests.swift /Users/builder/Factory/paperloft/evidence/checkouts/p2-checkpoint47fdb2c/Packages/PaperloftKit/Tests/PaperloftKitTests/LibraryTests.swift (in target 'PaperloftKitTests' from project 'Paperloft')

SwiftCompile normal arm64 /Users/builder/Factory/paperloft/evidence/checkouts/p2-checkpoint47fdb2c/Packages/PaperloftKit/Tests/PaperloftKitTests/LibraryTests.swift (in target 'PaperloftKitTests' from project 'Paperloft')
    cd /Users/builder/Factory/paperloft/evidence/checkouts/p2-checkpoint47fdb2c
    builtin-SwiftPerFileCompile LibraryTests.swift

SwiftCompile normal arm64 Compiling\ ResilienceTests.swift /Users/builder/Factory/paperloft/evidence/checkouts/p2-checkpoint47fdb2c/Packages/PaperloftKit/Tests/PaperloftKitTests/ResilienceTests.swift (in target 'PaperloftKitTests' from project 'Paperloft')

SwiftCompile normal arm64 /Users/builder/Factory/paperloft/evidence/checkouts/p2-checkpoint47fdb2c/Packages/PaperloftKit/Tests/PaperloftKitTests/ResilienceTests.swift (in target 'PaperloftKitTests' from project 'Paperloft')
    cd /Users/builder/Factory/paperloft/evidence/checkouts/p2-checkpoint47fdb2c
    builtin-SwiftPerFileCompile ResilienceTests.swift

SwiftCompile normal arm64 Compiling\ IndexTests.swift /Users/builder/Factory/paperloft/evidence/checkouts/p2-checkpoint47fdb2c/Packages/PaperloftKit/Tests/PaperloftKitTests/IndexTests.swift (in target 'PaperloftKitTests' from project 'Paperloft')

SwiftCompile normal arm64 /Users/builder/Factory/paperloft/evidence/checkouts/p2-checkpoint47fdb2c/Packages/PaperloftKit/Tests/PaperloftKitTests/IndexTests.swift (in target 'PaperloftKitTests' from project 'Paperloft')
    cd /Users/builder/Factory/paperloft/evidence/checkouts/p2-checkpoint47fdb2c
    builtin-SwiftPerFileCompile IndexTests.swift

SwiftCompile normal arm64 Compiling\ TextLayoutTests.swift /Users/builder/Factory/paperloft/evidence/checkouts/p2-checkpoint47fdb2c/Packages/PaperloftKit/Tests/PaperloftKitTests/TextLayoutTests.swift (in target 'PaperloftKitTests' from project 'Paperloft')

SwiftCompile normal arm64 /Users/builder/Factory/paperloft/evidence/checkouts/p2-checkpoint47fdb2c/Packages/PaperloftKit/Tests/PaperloftKitTests/TextLayoutTests.swift (in target 'PaperloftKitTests' from project 'Paperloft')
    cd /Users/builder/Factory/paperloft/evidence/checkouts/p2-checkpoint47fdb2c
    builtin-SwiftPerFileCompile TextLayoutTests.swift

SwiftCompile normal arm64 Compiling\ ValidationTests.swift /Users/builder/Factory/paperloft/evidence/checkouts/p2-checkpoint47fdb2c/Packages/PaperloftKit/Tests/PaperloftKitTests/ValidationTests.swift (in target 'PaperloftKitTests' from project 'Paperloft')

SwiftCompile normal arm64 /Users/builder/Factory/paperloft/evidence/checkouts/p2-checkpoint47fdb2c/Packages/PaperloftKit/Tests/PaperloftKitTests/ValidationTests.swift (in target 'PaperloftKitTests' from project 'Paperloft')
    cd /Users/builder/Factory/paperloft/evidence/checkouts/p2-checkpoint47fdb2c
    builtin-SwiftPerFileCompile ValidationTests.swift

SwiftCompile normal arm64 Compiling\ ParserRobustnessTests.swift /Users/builder/Factory/paperloft/evidence/checkouts/p2-checkpoint47fdb2c/Packages/PaperloftKit/Tests/PaperloftKitTests/ParserRobustnessTests.swift (in target 'PaperloftKitTests' from project 'Paperloft')

SwiftCompile normal arm64 /Users/builder/Factory/paperloft/evidence/checkouts/p2-checkpoint47fdb2c/Packages/PaperloftKit/Tests/PaperloftKitTests/ParserRobustnessTests.swift (in target 'PaperloftKitTests' from project 'Paperloft')
    cd /Users/builder/Factory/paperloft/evidence/checkouts/p2-checkpoint47fdb2c
    builtin-SwiftPerFileCompile ParserRobustnessTests.swift

SwiftCompile normal arm64 Compiling\ ExtractionTests.swift /Users/builder/Factory/paperloft/evidence/checkouts/p2-checkpoint47fdb2c/Packages/PaperloftKit/Tests/PaperloftKitTests/ExtractionTests.swift (in target 'PaperloftKitTests' from project 'Paperloft')

SwiftCompile normal arm64 /Users/builder/Factory/paperloft/evidence/checkouts/p2-checkpoint47fdb2c/Packages/PaperloftKit/Tests/PaperloftKitTests/ExtractionTests.swift (in target 'PaperloftKitTests' from project 'Paperloft')
    cd /Users/builder/Factory/paperloft/evidence/checkouts/p2-checkpoint47fdb2c
    builtin-SwiftPerFileCompile ExtractionTests.swift

SwiftExplicitDependencyGeneratePcm arm64 /Users/builder/Factory/paperloft/evidence/checkouts/p2-checkpoint47fdb2c/build/CoverageDerivedData-Shp9Jd/SDKExplicitPrecompiledModules/SwiftUI-A9TZHCF0AWHBZYUDPC7ICBLML.pcm

SwiftDriverJobDiscovery normal arm64 Emitting module for PaperloftKitTests (in target 'PaperloftKitTests' from project 'Paperloft')

SwiftDriver\ Compilation\ Requirements PaperloftKitTests normal arm64 com.apple.xcode.tools.swift.compiler (in target 'PaperloftKitTests' from project 'Paperloft')
    cd /Users/builder/Factory/paperloft/evidence/checkouts/p2-checkpoint47fdb2c
    builtin-Swift-Compilation-Requirements -- /Applications/Xcode.app/Contents/Developer/Toolchains/XcodeDefault.xctoolchain/usr/bin/swiftc -module-name PaperloftKitTests -Onone @/Users/builder/Factory/paperloft/evidence/checkouts/p2-checkpoint47fdb2c/build/CoverageDerivedData-Shp9Jd/Build/Intermediates.noindex/Paperloft.build/Debug/PaperloftKitTests.build/Objects-normal/arm64/PaperloftKitTests.SwiftFileList -plugin-path /Applications/Xcode.app/Contents/Developer/Toolchains/XcodeDefault.xctoolchain/usr/lib/swift/host/plugins/testing -enable-experimental-feature DebugDescriptionMacro -sdk /Applications/Xcode.app/Contents/Developer/Platforms/MacOSX.platform/Developer/SDKs/MacOSX27.0.sdk -target arm64-apple-macos27.0 -g -module-cache-path /Users/builder/Factory/paperloft/evidence/checkouts/p2-checkpoint47fdb2c/build/CoverageDerivedData-Shp9Jd/ModuleCache.noindex -Xfrontend -serialize-debugging-options -profile-coverage-mapping -profile-generate -enable-testing -warnings-as-errors -index-store-path /Users/builder/Factory/paperloft/evidence/checkouts/p2-checkpoint47fdb2c/build/CoverageDerivedData-Shp9Jd/Index.noindex/DataStore -swift-version 6 -I /Users/builder/Factory/paperloft/evidence/checkouts/p2-checkpoint47fdb2c/build/CoverageDerivedData-Shp9Jd/Build/Products/Debug -Isystem /Applications/Xcode.app/Contents/Developer/Platforms/MacOSX.platform/Developer/usr/lib -F /Users/builder/Factory/paperloft/evidence/checkouts/p2-checkpoint47fdb2c/build/CoverageDerivedData-Shp9Jd/Build/Products/Debug/PackageFrameworks -F /Users/builder/Factory/paperloft/evidence/checkouts/p2-checkpoint47fdb2c/build/CoverageDerivedData-Shp9Jd/Build/Products/Debug -F /Applications/Xcode.app/Contents/Developer/Platforms/MacOSX.platform/Developer/Library/Frameworks -c -j10 -enable-batch-mode -incremental -Xcc -ivfsstatcache -Xcc /Users/builder/Factory/paperloft/evidence/checkouts/p2-checkpoint47fdb2c/build/CoverageDerivedData-Shp9Jd/SDKStatCaches.noindex/macosx27.0-26A425-7231f6df4def33e022ae2eb8f782df1a.sdkstatcache -output-file-map /Users/builder/Factory/paperloft/evidence/checkouts/p2-checkpoint47fdb2c/build/CoverageDerivedData-Shp9Jd/Build/Intermediates.noindex/Paperloft.build/Debug/PaperloftKitTests.build/Objects-normal/arm64/PaperloftKitTests-OutputFileMap.json -save-temps -no-color-diagnostics -explicit-module-build -module-cache-path /Users/builder/Factory/paperloft/evidence/checkouts/p2-checkpoint47fdb2c/build/CoverageDerivedData-Shp9Jd/Build/Intermediates.noindex/SwiftExplicitPrecompiledModules -clang-scanner-module-cache-path /Users/builder/Factory/paperloft/evidence/checkouts/p2-checkpoint47fdb2c/build/CoverageDerivedData-Shp9Jd/ModuleCache.noindex -sdk-module-cache-path /Users/builder/Factory/paperloft/evidence/checkouts/p2-checkpoint47fdb2c/build/CoverageDerivedData-Shp9Jd/SDKExplicitPrecompiledModules -emit-dependencies -emit-module -emit-module-path /Users/builder/Factory/paperloft/evidence/checkouts/p2-checkpoint47fdb2c/build/CoverageDerivedData-Shp9Jd/Build/Intermediates.noindex/Paperloft.build/Debug/PaperloftKitTests.build/Objects-normal/arm64/PaperloftKitTests.swiftmodule -serialize-diagnostics -dependency-scan-serialize-diagnostics-path /Users/builder/Factory/paperloft/evidence/checkouts/p2-checkpoint47fdb2c/build/CoverageDerivedData-Shp9Jd/Build/Intermediates.noindex/Paperloft.build/Debug/PaperloftKitTests.build/Objects-normal/arm64/PaperloftKitTests-dependency-scan.dia -validate-clang-modules-once -clang-build-session-file /Users/builder/Factory/paperloft/evidence/checkouts/p2-checkpoint47fdb2c/build/CoverageDerivedData-Shp9Jd/ModuleCache.noindex/Session.modulevalidation -Xcc -fmodules-prune-interval\=86400 -Xcc -fmodules-prune-after\=345600 -emit-const-values -const-gather-protocols-list /Users/builder/Factory/paperloft/evidence/checkouts/p2-checkpoint47fdb2c/build/CoverageDerivedData-Shp9Jd/Build/Intermediates.noindex/Paperloft.build/Debug/PaperloftKitTests.build/Objects-normal/arm64/PaperloftKitTests_const_extract_protocols.json -Xcc -iquote -Xcc /Users/builder/Factory/paperloft/evidence/checkouts/p2-checkpoint47fdb2c/build/CoverageDerivedData-Shp9Jd/Build/Intermediates.noindex/Paperloft.build/Debug/PaperloftKitTests.build/PaperloftKitTests-generated-files.hmap -Xcc -I/Users/builder/Factory/paperloft/evidence/checkouts/p2-checkpoint47fdb2c/build/CoverageDerivedData-Shp9Jd/Build/Intermediates.noindex/Paperloft.build/Debug/PaperloftKitTests.build/PaperloftKitTests-own-target-headers.hmap -Xcc -I/Users/builder/Factory/paperloft/evidence/checkouts/p2-checkpoint47fdb2c/build/CoverageDerivedData-Shp9Jd/Build/Intermediates.noindex/Paperloft.build/Debug/PaperloftKitTests.build/PaperloftKitTests-all-non-framework-target-headers.hmap -Xcc -ivfsoverlay -Xcc /Users/builder/Factory/paperloft/evidence/checkouts/p2-checkpoint47fdb2c/build/CoverageDerivedData-Shp9Jd/Build/Intermediates.noindex/Paperloft.build/Debug/Paperloft-b93ddc6bcd4d234a5473ab01ad3589c4-VFS/all-product-headers.yaml -Xcc -iquote -Xcc /Users/builder/Factory/paperloft/evidence/checkouts/p2-checkpoint47fdb2c/build/CoverageDerivedData-Shp9Jd/Build/Intermediates.noindex/Paperloft.build/Debug/PaperloftKitTests.build/PaperloftKitTests-project-headers.hmap -Xcc -I/Users/builder/Factory/paperloft/evidence/checkouts/p2-checkpoint47fdb2c/build/CoverageDerivedData-Shp9Jd/Build/Products/Debug/include -Xcc -I/Users/builder/Factory/paperloft/evidence/checkouts/p2-checkpoint47fdb2c/build/CoverageDerivedData-Shp9Jd/Build/Intermediates.noindex/Paperloft.build/Debug/PaperloftKitTests.build/DerivedSources-normal/arm64 -Xcc -I/Users/builder/Factory/paperloft/evidence/checkouts/p2-checkpoint47fdb2c/build/CoverageDerivedData-Shp9Jd/Build/Intermediates.noindex/Paperloft.build/Debug/PaperloftKitTests.build/DerivedSources/arm64 -Xcc -I/Users/builder/Factory/paperloft/evidence/checkouts/p2-checkpoint47fdb2c/build/CoverageDerivedData-Shp9Jd/Build/Intermediates.noindex/Paperloft.build/Debug/PaperloftKitTests.build/DerivedSources -emit-objc-header -emit-objc-header-path /Users/builder/Factory/paperloft/evidence/checkouts/p2-checkpoint47fdb2c/build/CoverageDerivedData-Shp9Jd/Build/Intermediates.noindex/Paperloft.build/Debug/PaperloftKitTests.build/Objects-normal/arm64/PaperloftKitTests-Swift.h -working-directory /Users/builder/Factory/paperloft/evidence/checkouts/p2-checkpoint47fdb2c -experimental-emit-module-separately -disable-cmo

SwiftEmitModule normal arm64 Emitting\ module\ for\ Paperloft_Receipts (in target 'PaperloftApp' from project 'Paperloft')

SwiftCompile normal arm64 (in target 'PaperloftApp' from project 'Paperloft')
    cd /Users/builder/Factory/paperloft/evidence/checkouts/p2-checkpoint47fdb2c
    

SwiftMergeGeneratedHeaders /Users/builder/Factory/paperloft/evidence/checkouts/p2-checkpoint47fdb2c/build/CoverageDerivedData-Shp9Jd/Build/Intermediates.noindex/Paperloft.build/Debug/PaperloftKitTests.build/DerivedSources/PaperloftKitTests-Swift.h /Users/builder/Factory/paperloft/evidence/checkouts/p2-checkpoint47fdb2c/build/CoverageDerivedData-Shp9Jd/Build/Intermediates.noindex/Paperloft.build/Debug/PaperloftKitTests.build/Objects-normal/arm64/PaperloftKitTests-Swift.h (in target 'PaperloftKitTests' from project 'Paperloft')
    cd /Users/builder/Factory/paperloft/evidence/checkouts/p2-checkpoint47fdb2c
    builtin-swiftHeaderTool -arch arm64 /Users/builder/Factory/paperloft/evidence/checkouts/p2-checkpoint47fdb2c/build/CoverageDerivedData-Shp9Jd/Build/Intermediates.noindex/Paperloft.build/Debug/PaperloftKitTests.build/Objects-normal/arm64/PaperloftKitTests-Swift.h -o /Users/builder/Factory/paperloft/evidence/checkouts/p2-checkpoint47fdb2c/build/CoverageDerivedData-Shp9Jd/Build/Intermediates.noindex/Paperloft.build/Debug/PaperloftKitTests.build/DerivedSources/PaperloftKitTests-Swift.h

SwiftDriverJobDiscovery normal arm64 Compiling TextLayoutTests.swift (in target 'PaperloftKitTests' from project 'Paperloft')

Copy /Users/builder/Factory/paperloft/evidence/checkouts/p2-checkpoint47fdb2c/build/CoverageDerivedData-Shp9Jd/Build/Products/Debug/PaperloftKitTests.swiftmodule/arm64-apple-macos.swiftmodule /Users/builder/Factory/paperloft/evidence/checkouts/p2-checkpoint47fdb2c/build/CoverageDerivedData-Shp9Jd/Build/Intermediates.noindex/Paperloft.build/Debug/PaperloftKitTests.build/Objects-normal/arm64/PaperloftKitTests.swiftmodule (in target 'PaperloftKitTests' from project 'Paperloft')
    cd /Users/builder/Factory/paperloft/evidence/checkouts/p2-checkpoint47fdb2c
    builtin-copy -exclude .DS_Store -exclude CVS -exclude .svn -exclude .git -exclude .hg -strip-unsigned-binaries -strip-deterministic -strip-tool /Applications/Xcode.app/Contents/Developer/Toolchains/XcodeDefault.xctoolchain/usr/bin/strip -resolve-src-symlinks -rename /Users/builder/Factory/paperloft/evidence/checkouts/p2-checkpoint47fdb2c/build/CoverageDerivedData-Shp9Jd/Build/Intermediates.noindex/Paperloft.build/Debug/PaperloftKitTests.build/Objects-normal/arm64/PaperloftKitTests.swiftmodule /Users/builder/Factory/paperloft/evidence/checkouts/p2-checkpoint47fdb2c/build/CoverageDerivedData-Shp9Jd/Build/Products/Debug/PaperloftKitTests.swiftmodule/arm64-apple-macos.swiftmodule

Copy /Users/builder/Factory/paperloft/evidence/checkouts/p2-checkpoint47fdb2c/build/CoverageDerivedData-Shp9Jd/Build/Products/Debug/PaperloftKitTests.swiftmodule/arm64-apple-macos.swiftdoc /Users/builder/Factory/paperloft/evidence/checkouts/p2-checkpoint47fdb2c/build/CoverageDerivedData-Shp9Jd/Build/Intermediates.noindex/Paperloft.build/Debug/PaperloftKitTests.build/Objects-normal/arm64/PaperloftKitTests.swiftdoc (in target 'PaperloftKitTests' from project 'Paperloft')
    cd /Users/builder/Factory/paperloft/evidence/checkouts/p2-checkpoint47fdb2c
    builtin-copy -exclude .DS_Store -exclude CVS -exclude .svn -exclude .git -exclude .hg -strip-unsigned-binaries -strip-deterministic -strip-tool /Applications/Xcode.app/Contents/Developer/Toolchains/XcodeDefault.xctoolchain/usr/bin/strip -resolve-src-symlinks -rename /Users/builder/Factory/paperloft/evidence/checkouts/p2-checkpoint47fdb2c/build/CoverageDerivedData-Shp9Jd/Build/Intermediates.noindex/Paperloft.build/Debug/PaperloftKitTests.build/Objects-normal/arm64/PaperloftKitTests.swiftdoc /Users/builder/Factory/paperloft/evidence/checkouts/p2-checkpoint47fdb2c/build/CoverageDerivedData-Shp9Jd/Build/Products/Debug/PaperloftKitTests.swiftmodule/arm64-apple-macos.swiftdoc

Copy /Users/builder/Factory/paperloft/evidence/checkouts/p2-checkpoint47fdb2c/build/CoverageDerivedData-Shp9Jd/Build/Products/Debug/PaperloftKitTests.swiftmodule/arm64-apple-macos.abi.json /Users/builder/Factory/paperloft/evidence/checkouts/p2-checkpoint47fdb2c/build/CoverageDerivedData-Shp9Jd/Build/Intermediates.noindex/Paperloft.build/Debug/PaperloftKitTests.build/Objects-normal/arm64/PaperloftKitTests.abi.json (in target 'PaperloftKitTests' from project 'Paperloft')
    cd /Users/builder/Factory/paperloft/evidence/checkouts/p2-checkpoint47fdb2c
    builtin-copy -exclude .DS_Store -exclude CVS -exclude .svn -exclude .git -exclude .hg -strip-unsigned-binaries -strip-deterministic -strip-tool /Applications/Xcode.app/Contents/Developer/Toolchains/XcodeDefault.xctoolchain/usr/bin/strip -resolve-src-symlinks -rename /Users/builder/Factory/paperloft/evidence/checkouts/p2-checkpoint47fdb2c/build/CoverageDerivedData-Shp9Jd/Build/Intermediates.noindex/Paperloft.build/Debug/PaperloftKitTests.build/Objects-normal/arm64/PaperloftKitTests.abi.json /Users/builder/Factory/paperloft/evidence/checkouts/p2-checkpoint47fdb2c/build/CoverageDerivedData-Shp9Jd/Build/Products/Debug/PaperloftKitTests.swiftmodule/arm64-apple-macos.abi.json

Copy /Users/builder/Factory/paperloft/evidence/checkouts/p2-checkpoint47fdb2c/build/CoverageDerivedData-Shp9Jd/Build/Products/Debug/PaperloftKitTests.swiftmodule/Project/arm64-apple-macos.swiftsourceinfo /Users/builder/Factory/paperloft/evidence/checkouts/p2-checkpoint47fdb2c/build/CoverageDerivedData-Shp9Jd/Build/Intermediates.noindex/Paperloft.build/Debug/PaperloftKitTests.build/Objects-normal/arm64/PaperloftKitTests.swiftsourceinfo (in target 'PaperloftKitTests' from project 'Paperloft')
    cd /Users/builder/Factory/paperloft/evidence/checkouts/p2-checkpoint47fdb2c
    builtin-copy -exclude .DS_Store -exclude CVS -exclude .svn -exclude .git -exclude .hg -strip-unsigned-binaries -strip-deterministic -strip-tool /Applications/Xcode.app/Contents/Developer/Toolchains/XcodeDefault.xctoolchain/usr/bin/strip -resolve-src-symlinks -rename /Users/builder/Factory/paperloft/evidence/checkouts/p2-checkpoint47fdb2c/build/CoverageDerivedData-Shp9Jd/Build/Intermediates.noindex/Paperloft.build/Debug/PaperloftKitTests.build/Objects-normal/arm64/PaperloftKitTests.swiftsourceinfo /Users/builder/Factory/paperloft/evidence/checkouts/p2-checkpoint47fdb2c/build/CoverageDerivedData-Shp9Jd/Build/Products/Debug/PaperloftKitTests.swiftmodule/Project/arm64-apple-macos.swiftsourceinfo

SwiftCompile normal arm64 Compiling\ PaperloftApp.swift /Users/builder/Factory/paperloft/evidence/checkouts/p2-checkpoint47fdb2c/Apps/PaperloftApp/PaperloftApp.swift (in target 'PaperloftApp' from project 'Paperloft')

SwiftCompile normal arm64 /Users/builder/Factory/paperloft/evidence/checkouts/p2-checkpoint47fdb2c/Apps/PaperloftApp/PaperloftApp.swift (in target 'PaperloftApp' from project 'Paperloft')
    cd /Users/builder/Factory/paperloft/evidence/checkouts/p2-checkpoint47fdb2c
    builtin-SwiftPerFileCompile PaperloftApp.swift

SwiftDriverJobDiscovery normal arm64 Compiling ClassificationRecoveryTests.swift (in target 'PaperloftKitTests' from project 'Paperloft')

SwiftDriverJobDiscovery normal arm64 Compiling ReceiptTests.swift (in target 'PaperloftKitTests' from project 'Paperloft')

SwiftDriverJobDiscovery normal arm64 Emitting module for Paperloft_Receipts (in target 'PaperloftApp' from project 'Paperloft')

SwiftDriver\ Compilation\ Requirements PaperloftApp normal arm64 com.apple.xcode.tools.swift.compiler (in target 'PaperloftApp' from project 'Paperloft')
    cd /Users/builder/Factory/paperloft/evidence/checkouts/p2-checkpoint47fdb2c
    builtin-Swift-Compilation-Requirements -- /Applications/Xcode.app/Contents/Developer/Toolchains/XcodeDefault.xctoolchain/usr/bin/swiftc -module-name Paperloft_Receipts -Onone @/Users/builder/Factory/paperloft/evidence/checkouts/p2-checkpoint47fdb2c/build/CoverageDerivedData-Shp9Jd/Build/Intermediates.noindex/Paperloft.build/Debug/PaperloftApp.build/Objects-normal/arm64/Paperloft\ Receipts.SwiftFileList -enable-experimental-feature DebugDescriptionMacro -sdk /Applications/Xcode.app/Contents/Developer/Platforms/MacOSX.platform/Developer/SDKs/MacOSX27.0.sdk -target arm64-apple-macos27.0 -g -module-cache-path /Users/builder/Factory/paperloft/evidence/checkouts/p2-checkpoint47fdb2c/build/CoverageDerivedData-Shp9Jd/ModuleCache.noindex -Xfrontend -serialize-debugging-options -profile-coverage-mapping -profile-generate -enable-testing -warnings-as-errors -index-store-path /Users/builder/Factory/paperloft/evidence/checkouts/p2-checkpoint47fdb2c/build/CoverageDerivedData-Shp9Jd/Index.noindex/DataStore -swift-version 6 -I /Users/builder/Factory/paperloft/evidence/checkouts/p2-checkpoint47fdb2c/build/CoverageDerivedData-Shp9Jd/Build/Products/Debug -F /Users/builder/Factory/paperloft/evidence/checkouts/p2-checkpoint47fdb2c/build/CoverageDerivedData-Shp9Jd/Build/Products/Debug/PackageFrameworks -F /Users/builder/Factory/paperloft/evidence/checkouts/p2-checkpoint47fdb2c/build/CoverageDerivedData-Shp9Jd/Build/Products/Debug -parse-as-library -c -j10 -enable-batch-mode -incremental -Xcc -ivfsstatcache -Xcc /Users/builder/Factory/paperloft/evidence/checkouts/p2-checkpoint47fdb2c/build/CoverageDerivedData-Shp9Jd/SDKStatCaches.noindex/macosx27.0-26A425-7231f6df4def33e022ae2eb8f782df1a.sdkstatcache -output-file-map /Users/builder/Factory/paperloft/evidence/checkouts/p2-checkpoint47fdb2c/build/CoverageDerivedData-Shp9Jd/Build/Intermediates.noindex/Paperloft.build/Debug/PaperloftApp.build/Objects-normal/arm64/PaperloftApp-OutputFileMap.json -save-temps -no-color-diagnostics -explicit-module-build -module-cache-path /Users/builder/Factory/paperloft/evidence/checkouts/p2-checkpoint47fdb2c/build/CoverageDerivedData-Shp9Jd/Build/Intermediates.noindex/SwiftExplicitPrecompiledModules -clang-scanner-module-cache-path /Users/builder/Factory/paperloft/evidence/checkouts/p2-checkpoint47fdb2c/build/CoverageDerivedData-Shp9Jd/ModuleCache.noindex -sdk-module-cache-path /Users/builder/Factory/paperloft/evidence/checkouts/p2-checkpoint47fdb2c/build/CoverageDerivedData-Shp9Jd/SDKExplicitPrecompiledModules -emit-dependencies -emit-module -emit-module-path /Users/builder/Factory/paperloft/evidence/checkouts/p2-checkpoint47fdb2c/build/CoverageDerivedData-Shp9Jd/Build/Intermediates.noindex/Paperloft.build/Debug/PaperloftApp.build/Objects-normal/arm64/Paperloft_Receipts.swiftmodule -serialize-diagnostics -dependency-scan-serialize-diagnostics-path /Users/builder/Factory/paperloft/evidence/checkouts/p2-checkpoint47fdb2c/build/CoverageDerivedData-Shp9Jd/Build/Intermediates.noindex/Paperloft.build/Debug/PaperloftApp.build/Objects-normal/arm64/Paperloft_Receipts-dependency-scan.dia -validate-clang-modules-once -clang-build-session-file /Users/builder/Factory/paperloft/evidence/checkouts/p2-checkpoint47fdb2c/build/CoverageDerivedData-Shp9Jd/ModuleCache.noindex/Session.modulevalidation -Xcc -fmodules-prune-interval\=86400 -Xcc -fmodules-prune-after\=345600 -emit-const-values -const-gather-protocols-list /Users/builder/Factory/paperloft/evidence/checkouts/p2-checkpoint47fdb2c/build/CoverageDerivedData-Shp9Jd/Build/Intermediates.noindex/Paperloft.build/Debug/PaperloftApp.build/Objects-normal/arm64/PaperloftApp_const_extract_protocols.json -Xcc -iquote -Xcc /Users/builder/Factory/paperloft/evidence/checkouts/p2-checkpoint47fdb2c/build/CoverageDerivedData-Shp9Jd/Build/Intermediates.noindex/Paperloft.build/Debug/PaperloftApp.build/Paperloft\ Receipts-generated-files.hmap -Xcc -I/Users/builder/Factory/paperloft/evidence/checkouts/p2-checkpoint47fdb2c/build/CoverageDerivedData-Shp9Jd/Build/Intermediates.noindex/Paperloft.build/Debug/PaperloftApp.build/Paperloft\ Receipts-own-target-headers.hmap -Xcc -I/Users/builder/Factory/paperloft/evidence/checkouts/p2-checkpoint47fdb2c/build/CoverageDerivedData-Shp9Jd/Build/Intermediates.noindex/Paperloft.build/Debug/PaperloftApp.build/Paperloft\ Receipts-all-non-framework-target-headers.hmap -Xcc -ivfsoverlay -Xcc /Users/builder/Factory/paperloft/evidence/checkouts/p2-checkpoint47fdb2c/build/CoverageDerivedData-Shp9Jd/Build/Intermediates.noindex/Paperloft.build/Debug/Paperloft-b93ddc6bcd4d234a5473ab01ad3589c4-VFS/all-product-headers.yaml -Xcc -iquote -Xcc /Users/builder/Factory/paperloft/evidence/checkouts/p2-checkpoint47fdb2c/build/CoverageDerivedData-Shp9Jd/Build/Intermediates.noindex/Paperloft.build/Debug/PaperloftApp.build/Paperloft\ Receipts-project-headers.hmap -Xcc -I/Users/builder/Factory/paperloft/evidence/checkouts/p2-checkpoint47fdb2c/build/CoverageDerivedData-Shp9Jd/Build/Products/Debug/include -Xcc -I/Users/builder/Factory/paperloft/evidence/checkouts/p2-checkpoint47fdb2c/build/CoverageDerivedData-Shp9Jd/Build/Intermediates.noindex/Paperloft.build/Debug/PaperloftApp.build/DerivedSources-normal/arm64 -Xcc -I/Users/builder/Factory/paperloft/evidence/checkouts/p2-checkpoint47fdb2c/build/CoverageDerivedData-Shp9Jd/Build/Intermediates.noindex/Paperloft.build/Debug/PaperloftApp.build/DerivedSources/arm64 -Xcc -I/Users/builder/Factory/paperloft/evidence/checkouts/p2-checkpoint47fdb2c/build/CoverageDerivedData-Shp9Jd/Build/Intermediates.noindex/Paperloft.build/Debug/PaperloftApp.build/DerivedSources -emit-objc-header -emit-objc-header-path /Users/builder/Factory/paperloft/evidence/checkouts/p2-checkpoint47fdb2c/build/CoverageDerivedData-Shp9Jd/Build/Intermediates.noindex/Paperloft.build/Debug/PaperloftApp.build/Objects-normal/arm64/Paperloft_Receipts-Swift.h -working-directory /Users/builder/Factory/paperloft/evidence/checkouts/p2-checkpoint47fdb2c -experimental-emit-module-separately -disable-cmo

SwiftMergeGeneratedHeaders /Users/builder/Factory/paperloft/evidence/checkouts/p2-checkpoint47fdb2c/build/CoverageDerivedData-Shp9Jd/Build/Intermediates.noindex/Paperloft.build/Debug/PaperloftApp.build/DerivedSources/Paperloft_Receipts-Swift.h /Users/builder/Factory/paperloft/evidence/checkouts/p2-checkpoint47fdb2c/build/CoverageDerivedData-Shp9Jd/Build/Intermediates.noindex/Paperloft.build/Debug/PaperloftApp.build/Objects-normal/arm64/Paperloft_Receipts-Swift.h (in target 'PaperloftApp' from project 'Paperloft')
    cd /Users/builder/Factory/paperloft/evidence/checkouts/p2-checkpoint47fdb2c
    builtin-swiftHeaderTool -arch arm64 /Users/builder/Factory/paperloft/evidence/checkouts/p2-checkpoint47fdb2c/build/CoverageDerivedData-Shp9Jd/Build/Intermediates.noindex/Paperloft.build/Debug/PaperloftApp.build/Objects-normal/arm64/Paperloft_Receipts-Swift.h -o /Users/builder/Factory/paperloft/evidence/checkouts/p2-checkpoint47fdb2c/build/CoverageDerivedData-Shp9Jd/Build/Intermediates.noindex/Paperloft.build/Debug/PaperloftApp.build/DerivedSources/Paperloft_Receipts-Swift.h

Copy /Users/builder/Factory/paperloft/evidence/checkouts/p2-checkpoint47fdb2c/build/CoverageDerivedData-Shp9Jd/Build/Products/Debug/Paperloft_Receipts.swiftmodule/arm64-apple-macos.swiftdoc /Users/builder/Factory/paperloft/evidence/checkouts/p2-checkpoint47fdb2c/build/CoverageDerivedData-Shp9Jd/Build/Intermediates.noindex/Paperloft.build/Debug/PaperloftApp.build/Objects-normal/arm64/Paperloft_Receipts.swiftdoc (in target 'PaperloftApp' from project 'Paperloft')
    cd /Users/builder/Factory/paperloft/evidence/checkouts/p2-checkpoint47fdb2c
    builtin-copy -exclude .DS_Store -exclude CVS -exclude .svn -exclude .git -exclude .hg -strip-unsigned-binaries -strip-deterministic -strip-tool /Applications/Xcode.app/Contents/Developer/Toolchains/XcodeDefault.xctoolchain/usr/bin/strip -resolve-src-symlinks -rename /Users/builder/Factory/paperloft/evidence/checkouts/p2-checkpoint47fdb2c/build/CoverageDerivedData-Shp9Jd/Build/Intermediates.noindex/Paperloft.build/Debug/PaperloftApp.build/Objects-normal/arm64/Paperloft_Receipts.swiftdoc /Users/builder/Factory/paperloft/evidence/checkouts/p2-checkpoint47fdb2c/build/CoverageDerivedData-Shp9Jd/Build/Products/Debug/Paperloft_Receipts.swiftmodule/arm64-apple-macos.swiftdoc

Copy /Users/builder/Factory/paperloft/evidence/checkouts/p2-checkpoint47fdb2c/build/CoverageDerivedData-Shp9Jd/Build/Products/Debug/Paperloft_Receipts.swiftmodule/arm64-apple-macos.swiftmodule /Users/builder/Factory/paperloft/evidence/checkouts/p2-checkpoint47fdb2c/build/CoverageDerivedData-Shp9Jd/Build/Intermediates.noindex/Paperloft.build/Debug/PaperloftApp.build/Objects-normal/arm64/Paperloft_Receipts.swiftmodule (in target 'PaperloftApp' from project 'Paperloft')
    cd /Users/builder/Factory/paperloft/evidence/checkouts/p2-checkpoint47fdb2c
    builtin-copy -exclude .DS_Store -exclude CVS -exclude .svn -exclude .git -exclude .hg -strip-unsigned-binaries -strip-deterministic -strip-tool /Applications/Xcode.app/Contents/Developer/Toolchains/XcodeDefault.xctoolchain/usr/bin/strip -resolve-src-symlinks -rename /Users/builder/Factory/paperloft/evidence/checkouts/p2-checkpoint47fdb2c/build/CoverageDerivedData-Shp9Jd/Build/Intermediates.noindex/Paperloft.build/Debug/PaperloftApp.build/Objects-normal/arm64/Paperloft_Receipts.swiftmodule /Users/builder/Factory/paperloft/evidence/checkouts/p2-checkpoint47fdb2c/build/CoverageDerivedData-Shp9Jd/Build/Products/Debug/Paperloft_Receipts.swiftmodule/arm64-apple-macos.swiftmodule

Copy /Users/builder/Factory/paperloft/evidence/checkouts/p2-checkpoint47fdb2c/build/CoverageDerivedData-Shp9Jd/Build/Products/Debug/Paperloft_Receipts.swiftmodule/arm64-apple-macos.abi.json /Users/builder/Factory/paperloft/evidence/checkouts/p2-checkpoint47fdb2c/build/CoverageDerivedData-Shp9Jd/Build/Intermediates.noindex/Paperloft.build/Debug/PaperloftApp.build/Objects-normal/arm64/Paperloft_Receipts.abi.json (in target 'PaperloftApp' from project 'Paperloft')
    cd /Users/builder/Factory/paperloft/evidence/checkouts/p2-checkpoint47fdb2c
    builtin-copy -exclude .DS_Store -exclude CVS -exclude .svn -exclude .git -exclude .hg -strip-unsigned-binaries -strip-deterministic -strip-tool /Applications/Xcode.app/Contents/Developer/Toolchains/XcodeDefault.xctoolchain/usr/bin/strip -resolve-src-symlinks -rename /Users/builder/Factory/paperloft/evidence/checkouts/p2-checkpoint47fdb2c/build/CoverageDerivedData-Shp9Jd/Build/Intermediates.noindex/Paperloft.build/Debug/PaperloftApp.build/Objects-normal/arm64/Paperloft_Receipts.abi.json /Users/builder/Factory/paperloft/evidence/checkouts/p2-checkpoint47fdb2c/build/CoverageDerivedData-Shp9Jd/Build/Products/Debug/Paperloft_Receipts.swiftmodule/arm64-apple-macos.abi.json

Copy /Users/builder/Factory/paperloft/evidence/checkouts/p2-checkpoint47fdb2c/build/CoverageDerivedData-Shp9Jd/Build/Products/Debug/Paperloft_Receipts.swiftmodule/Project/arm64-apple-macos.swiftsourceinfo /Users/builder/Factory/paperloft/evidence/checkouts/p2-checkpoint47fdb2c/build/CoverageDerivedData-Shp9Jd/Build/Intermediates.noindex/Paperloft.build/Debug/PaperloftApp.build/Objects-normal/arm64/Paperloft_Receipts.swiftsourceinfo (in target 'PaperloftApp' from project 'Paperloft')
    cd /Users/builder/Factory/paperloft/evidence/checkouts/p2-checkpoint47fdb2c
    builtin-copy -exclude .DS_Store -exclude CVS -exclude .svn -exclude .git -exclude .hg -strip-unsigned-binaries -strip-deterministic -strip-tool /Applications/Xcode.app/Contents/Developer/Toolchains/XcodeDefault.xctoolchain/usr/bin/strip -resolve-src-symlinks -rename /Users/builder/Factory/paperloft/evidence/checkouts/p2-checkpoint47fdb2c/build/CoverageDerivedData-Shp9Jd/Build/Intermediates.noindex/Paperloft.build/Debug/PaperloftApp.build/Objects-normal/arm64/Paperloft_Receipts.swiftsourceinfo /Users/builder/Factory/paperloft/evidence/checkouts/p2-checkpoint47fdb2c/build/CoverageDerivedData-Shp9Jd/Build/Products/Debug/Paperloft_Receipts.swiftmodule/Project/arm64-apple-macos.swiftsourceinfo

ProcessProductPackaging "" /Users/builder/Factory/paperloft/evidence/checkouts/p2-checkpoint47fdb2c/build/CoverageDerivedData-Shp9Jd/Build/Intermediates.noindex/Paperloft.build/Debug/PaperloftUITests.build/PaperloftUITests.xctest.xcent (in target 'PaperloftUITests' from project 'Paperloft')
    cd /Users/builder/Factory/paperloft/evidence/checkouts/p2-checkpoint47fdb2c
    
    Entitlements:
    
    {
    "com.apple.application-identifier" = "app.paperloft.PaperloftUITests.xctrunner";
    "com.apple.security.app-sandbox" = 1;
    "com.apple.security.get-task-allow" = 1;
    "com.apple.security.network.client" = 1;
    "com.apple.security.temporary-exception.files.absolute-path.read-only" =     (
        "/"
    );
    "com.apple.security.temporary-exception.mach-lookup.global-name" =     (
        "com.apple.testmanagerd",
        "com.apple.dt.testmanagerd.runner",
        "com.apple.coresymbolicationd",
        "com.apple.coredevice.version",
        "com.apple.coredevice.service",
        "com.apple.remoted"
    );
    "com.apple.security.temporary-exception.mach-lookup.local-name" =     (
        "com.apple.axserver"
    );
    "com.apple.security.temporary-exception.sbpl" =     (
        "(allow hid-control)",
        "(allow signal)"
    );
}
    
    builtin-productPackagingUtility -entitlements -format xml -o /Users/builder/Factory/paperloft/evidence/checkouts/p2-checkpoint47fdb2c/build/CoverageDerivedData-Shp9Jd/Build/Intermediates.noindex/Paperloft.build/Debug/PaperloftUITests.build/PaperloftUITests.xctest.xcent

ProcessProductPackagingDER /Users/builder/Factory/paperloft/evidence/checkouts/p2-checkpoint47fdb2c/build/CoverageDerivedData-Shp9Jd/Build/Intermediates.noindex/Paperloft.build/Debug/PaperloftUITests.build/PaperloftUITests.xctest.xcent /Users/builder/Factory/paperloft/evidence/checkouts/p2-checkpoint47fdb2c/build/CoverageDerivedData-Shp9Jd/Build/Intermediates.noindex/Paperloft.build/Debug/PaperloftUITests.build/PaperloftUITests.xctest.xcent.der (in target 'PaperloftUITests' from project 'Paperloft')
    cd /Users/builder/Factory/paperloft/evidence/checkouts/p2-checkpoint47fdb2c
    /usr/bin/derq query -f xml -i /Users/builder/Factory/paperloft/evidence/checkouts/p2-checkpoint47fdb2c/build/CoverageDerivedData-Shp9Jd/Build/Intermediates.noindex/Paperloft.build/Debug/PaperloftUITests.build/PaperloftUITests.xctest.xcent -o /Users/builder/Factory/paperloft/evidence/checkouts/p2-checkpoint47fdb2c/build/CoverageDerivedData-Shp9Jd/Build/Intermediates.noindex/Paperloft.build/Debug/PaperloftUITests.build/PaperloftUITests.xctest.xcent.der --raw

SwiftDriver PaperloftUITests normal arm64 com.apple.xcode.tools.swift.compiler (in target 'PaperloftUITests' from project 'Paperloft')
    cd /Users/builder/Factory/paperloft/evidence/checkouts/p2-checkpoint47fdb2c
    builtin-SwiftDriver -- /Applications/Xcode.app/Contents/Developer/Toolchains/XcodeDefault.xctoolchain/usr/bin/swiftc -module-name PaperloftUITests -Onone @/Users/builder/Factory/paperloft/evidence/checkouts/p2-checkpoint47fdb2c/build/CoverageDerivedData-Shp9Jd/Build/Intermediates.noindex/Paperloft.build/Debug/PaperloftUITests.build/Objects-normal/arm64/PaperloftUITests.SwiftFileList -module-alias Testing\=_Testing_Unavailable -plugin-path /Applications/Xcode.app/Contents/Developer/Toolchains/XcodeDefault.xctoolchain/usr/lib/swift/host/plugins/testing -enable-experimental-feature DebugDescriptionMacro -sdk /Applications/Xcode.app/Contents/Developer/Platforms/MacOSX.platform/Developer/SDKs/MacOSX27.0.sdk -target arm64-apple-macos27.0 -g -module-cache-path /Users/builder/Factory/paperloft/evidence/checkouts/p2-checkpoint47fdb2c/build/CoverageDerivedData-Shp9Jd/ModuleCache.noindex -Xfrontend -serialize-debugging-options -profile-coverage-mapping -profile-generate -enable-testing -warnings-as-errors -index-store-path /Users/builder/Factory/paperloft/evidence/checkouts/p2-checkpoint47fdb2c/build/CoverageDerivedData-Shp9Jd/Index.noindex/DataStore -swift-version 6 -I /Users/builder/Factory/paperloft/evidence/checkouts/p2-checkpoint47fdb2c/build/CoverageDerivedData-Shp9Jd/Build/Products/Debug -Isystem /Applications/Xcode.app/Contents/Developer/Platforms/MacOSX.platform/Developer/usr/lib -F /Users/builder/Factory/paperloft/evidence/checkouts/p2-checkpoint47fdb2c/build/CoverageDerivedData-Shp9Jd/Build/Products/Debug -F /Applications/Xcode.app/Contents/Developer/Platforms/MacOSX.platform/Developer/Library/Frameworks -c -j10 -enable-batch-mode -incremental -Xcc -ivfsstatcache -Xcc /Users/builder/Factory/paperloft/evidence/checkouts/p2-checkpoint47fdb2c/build/CoverageDerivedData-Shp9Jd/SDKStatCaches.noindex/macosx27.0-26A425-7231f6df4def33e022ae2eb8f782df1a.sdkstatcache -output-file-map /Users/builder/Factory/paperloft/evidence/checkouts/p2-checkpoint47fdb2c/build/CoverageDerivedData-Shp9Jd/Build/Intermediates.noindex/Paperloft.build/Debug/PaperloftUITests.build/Objects-normal/arm64/PaperloftUITests-OutputFileMap.json -save-temps -no-color-diagnostics -explicit-module-build -module-cache-path /Users/builder/Factory/paperloft/evidence/checkouts/p2-checkpoint47fdb2c/build/CoverageDerivedData-Shp9Jd/Build/Intermediates.noindex/SwiftExplicitPrecompiledModules -clang-scanner-module-cache-path /Users/builder/Factory/paperloft/evidence/checkouts/p2-checkpoint47fdb2c/build/CoverageDerivedData-Shp9Jd/ModuleCache.noindex -sdk-module-cache-path /Users/builder/Factory/paperloft/evidence/checkouts/p2-checkpoint47fdb2c/build/CoverageDerivedData-Shp9Jd/SDKExplicitPrecompiledModules -emit-dependencies -emit-module -emit-module-path /Users/builder/Factory/paperloft/evidence/checkouts/p2-checkpoint47fdb2c/build/CoverageDerivedData-Shp9Jd/Build/Intermediates.noindex/Paperloft.build/Debug/PaperloftUITests.build/Objects-normal/arm64/PaperloftUITests.swiftmodule -serialize-diagnostics -dependency-scan-serialize-diagnostics-path /Users/builder/Factory/paperloft/evidence/checkouts/p2-checkpoint47fdb2c/build/CoverageDerivedData-Shp9Jd/Build/Intermediates.noindex/Paperloft.build/Debug/PaperloftUITests.build/Objects-normal/arm64/PaperloftUITests-dependency-scan.dia -validate-clang-modules-once -clang-build-session-file /Users/builder/Factory/paperloft/evidence/checkouts/p2-checkpoint47fdb2c/build/CoverageDerivedData-Shp9Jd/ModuleCache.noindex/Session.modulevalidation -Xcc -fmodules-prune-interval\=86400 -Xcc -fmodules-prune-after\=345600 -emit-const-values -const-gather-protocols-list /Users/builder/Factory/paperloft/evidence/checkouts/p2-checkpoint47fdb2c/build/CoverageDerivedData-Shp9Jd/Build/Intermediates.noindex/Paperloft.build/Debug/PaperloftUITests.build/Objects-normal/arm64/PaperloftUITests_const_extract_protocols.json -Xcc -iquote -Xcc /Users/builder/Factory/paperloft/evidence/checkouts/p2-checkpoint47fdb2c/build/CoverageDerivedData-Shp9Jd/Build/Intermediates.noindex/Paperloft.build/Debug/PaperloftUITests.build/PaperloftUITests-generated-files.hmap -Xcc -I/Users/builder/Factory/paperloft/evidence/checkouts/p2-checkpoint47fdb2c/build/CoverageDerivedData-Shp9Jd/Build/Intermediates.noindex/Paperloft.build/Debug/PaperloftUITests.build/PaperloftUITests-own-target-headers.hmap -Xcc -I/Users/builder/Factory/paperloft/evidence/checkouts/p2-checkpoint47fdb2c/build/CoverageDerivedData-Shp9Jd/Build/Intermediates.noindex/Paperloft.build/Debug/PaperloftUITests.build/PaperloftUITests-all-non-framework-target-headers.hmap -Xcc -ivfsoverlay -Xcc /Users/builder/Factory/paperloft/evidence/checkouts/p2-checkpoint47fdb2c/build/CoverageDerivedData-Shp9Jd/Build/Intermediates.noindex/Paperloft.build/Debug/Paperloft-b93ddc6bcd4d234a5473ab01ad3589c4-VFS/all-product-headers.yaml -Xcc -iquote -Xcc /Users/builder/Factory/paperloft/evidence/checkouts/p2-checkpoint47fdb2c/build/CoverageDerivedData-Shp9Jd/Build/Intermediates.noindex/Paperloft.build/Debug/PaperloftUITests.build/PaperloftUITests-project-headers.hmap -Xcc -I/Users/builder/Factory/paperloft/evidence/checkouts/p2-checkpoint47fdb2c/build/CoverageDerivedData-Shp9Jd/Build/Products/Debug/include -Xcc -I/Users/builder/Factory/paperloft/evidence/checkouts/p2-checkpoint47fdb2c/build/CoverageDerivedData-Shp9Jd/Build/Intermediates.noindex/Paperloft.build/Debug/PaperloftUITests.build/DerivedSources-normal/arm64 -Xcc -I/Users/builder/Factory/paperloft/evidence/checkouts/p2-checkpoint47fdb2c/build/CoverageDerivedData-Shp9Jd/Build/Intermediates.noindex/Paperloft.build/Debug/PaperloftUITests.build/DerivedSources/arm64 -Xcc -I/Users/builder/Factory/paperloft/evidence/checkouts/p2-checkpoint47fdb2c/build/CoverageDerivedData-Shp9Jd/Build/Intermediates.noindex/Paperloft.build/Debug/PaperloftUITests.build/DerivedSources -emit-objc-header -emit-objc-header-path /Users/builder/Factory/paperloft/evidence/checkouts/p2-checkpoint47fdb2c/build/CoverageDerivedData-Shp9Jd/Build/Intermediates.noindex/Paperloft.build/Debug/PaperloftUITests.build/Objects-normal/arm64/PaperloftUITests-Swift.h -working-directory /Users/builder/Factory/paperloft/evidence/checkouts/p2-checkpoint47fdb2c -experimental-emit-module-separately -disable-cmo

SwiftDriverJobDiscovery normal arm64 Compiling ValidationTests.swift (in target 'PaperloftKitTests' from project 'Paperloft')

SwiftDriverJobDiscovery normal arm64 Compiling ParserRobustnessTests.swift (in target 'PaperloftKitTests' from project 'Paperloft')

SwiftDriverJobDiscovery normal arm64 Compiling ExtractionTests.swift (in target 'PaperloftKitTests' from project 'Paperloft')

SwiftDriverJobDiscovery normal arm64 Compiling IndexTests.swift (in target 'PaperloftKitTests' from project 'Paperloft')

SwiftDriverJobDiscovery normal arm64 Compiling LibraryTests.swift (in target 'PaperloftKitTests' from project 'Paperloft')

SwiftExplicitDependencyGeneratePcm arm64 /Users/builder/Factory/paperloft/evidence/checkouts/p2-checkpoint47fdb2c/build/CoverageDerivedData-Shp9Jd/Build/Intermediates.noindex/SwiftExplicitPrecompiledModules/XCUIAutomation-CNEA3QU8PT5OHFFZN3K4UBOUQ.pcm

SwiftExplicitDependencyCompileModuleFromInterface arm64 /Users/builder/Factory/paperloft/evidence/checkouts/p2-checkpoint47fdb2c/build/CoverageDerivedData-Shp9Jd/Build/Intermediates.noindex/SwiftExplicitPrecompiledModules/XCUIAutomation-2MEUJ0FQXN6SP.swiftmodule

SwiftExplicitDependencyGeneratePcm arm64 /Users/builder/Factory/paperloft/evidence/checkouts/p2-checkpoint47fdb2c/build/CoverageDerivedData-Shp9Jd/Build/Intermediates.noindex/SwiftExplicitPrecompiledModules/XCTest-GUAT1IUDYBR5O8AEOCGB1FXI.pcm

SwiftExplicitDependencyCompileModuleFromInterface arm64 /Users/builder/Factory/paperloft/evidence/checkouts/p2-checkpoint47fdb2c/build/CoverageDerivedData-Shp9Jd/Build/Intermediates.noindex/SwiftExplicitPrecompiledModules/XCTest-3NCUZMKI0218Z.swiftmodule

SwiftEmitModule normal arm64 Emitting\ module\ for\ PaperloftUITests (in target 'PaperloftUITests' from project 'Paperloft')

SwiftCompile normal arm64 (in target 'PaperloftUITests' from project 'Paperloft')
    cd /Users/builder/Factory/paperloft/evidence/checkouts/p2-checkpoint47fdb2c
    

SwiftCompile normal arm64 Compiling\ TestSupport.swift /Users/builder/Factory/paperloft/evidence/checkouts/p2-checkpoint47fdb2c/Tests/PaperloftUITests/TestSupport.swift (in target 'PaperloftUITests' from project 'Paperloft')

SwiftCompile normal arm64 /Users/builder/Factory/paperloft/evidence/checkouts/p2-checkpoint47fdb2c/Tests/PaperloftUITests/TestSupport.swift (in target 'PaperloftUITests' from project 'Paperloft')
    cd /Users/builder/Factory/paperloft/evidence/checkouts/p2-checkpoint47fdb2c
    builtin-SwiftPerFileCompile TestSupport.swift

SwiftCompile normal arm64 Compiling\ NavigationTests.swift /Users/builder/Factory/paperloft/evidence/checkouts/p2-checkpoint47fdb2c/Tests/PaperloftUITests/NavigationTests.swift (in target 'PaperloftUITests' from project 'Paperloft')

SwiftCompile normal arm64 /Users/builder/Factory/paperloft/evidence/checkouts/p2-checkpoint47fdb2c/Tests/PaperloftUITests/NavigationTests.swift (in target 'PaperloftUITests' from project 'Paperloft')
    cd /Users/builder/Factory/paperloft/evidence/checkouts/p2-checkpoint47fdb2c
    builtin-SwiftPerFileCompile NavigationTests.swift

SwiftDriverJobDiscovery normal arm64 Compiling ResilienceTests.swift (in target 'PaperloftKitTests' from project 'Paperloft')

SwiftDriver\ Compilation PaperloftKitTests normal arm64 com.apple.xcode.tools.swift.compiler (in target 'PaperloftKitTests' from project 'Paperloft')
    cd /Users/builder/Factory/paperloft/evidence/checkouts/p2-checkpoint47fdb2c
    builtin-Swift-Compilation -- /Applications/Xcode.app/Contents/Developer/Toolchains/XcodeDefault.xctoolchain/usr/bin/swiftc -module-name PaperloftKitTests -Onone @/Users/builder/Factory/paperloft/evidence/checkouts/p2-checkpoint47fdb2c/build/CoverageDerivedData-Shp9Jd/Build/Intermediates.noindex/Paperloft.build/Debug/PaperloftKitTests.build/Objects-normal/arm64/PaperloftKitTests.SwiftFileList -plugin-path /Applications/Xcode.app/Contents/Developer/Toolchains/XcodeDefault.xctoolchain/usr/lib/swift/host/plugins/testing -enable-experimental-feature DebugDescriptionMacro -sdk /Applications/Xcode.app/Contents/Developer/Platforms/MacOSX.platform/Developer/SDKs/MacOSX27.0.sdk -target arm64-apple-macos27.0 -g -module-cache-path /Users/builder/Factory/paperloft/evidence/checkouts/p2-checkpoint47fdb2c/build/CoverageDerivedData-Shp9Jd/ModuleCache.noindex -Xfrontend -serialize-debugging-options -profile-coverage-mapping -profile-generate -enable-testing -warnings-as-errors -index-store-path /Users/builder/Factory/paperloft/evidence/checkouts/p2-checkpoint47fdb2c/build/CoverageDerivedData-Shp9Jd/Index.noindex/DataStore -swift-version 6 -I /Users/builder/Factory/paperloft/evidence/checkouts/p2-checkpoint47fdb2c/build/CoverageDerivedData-Shp9Jd/Build/Products/Debug -Isystem /Applications/Xcode.app/Contents/Developer/Platforms/MacOSX.platform/Developer/usr/lib -F /Users/builder/Factory/paperloft/evidence/checkouts/p2-checkpoint47fdb2c/build/CoverageDerivedData-Shp9Jd/Build/Products/Debug/PackageFrameworks -F /Users/builder/Factory/paperloft/evidence/checkouts/p2-checkpoint47fdb2c/build/CoverageDerivedData-Shp9Jd/Build/Products/Debug -F /Applications/Xcode.app/Contents/Developer/Platforms/MacOSX.platform/Developer/Library/Frameworks -c -j10 -enable-batch-mode -incremental -Xcc -ivfsstatcache -Xcc /Users/builder/Factory/paperloft/evidence/checkouts/p2-checkpoint47fdb2c/build/CoverageDerivedData-Shp9Jd/SDKStatCaches.noindex/macosx27.0-26A425-7231f6df4def33e022ae2eb8f782df1a.sdkstatcache -output-file-map /Users/builder/Factory/paperloft/evidence/checkouts/p2-checkpoint47fdb2c/build/CoverageDerivedData-Shp9Jd/Build/Intermediates.noindex/Paperloft.build/Debug/PaperloftKitTests.build/Objects-normal/arm64/PaperloftKitTests-OutputFileMap.json -save-temps -no-color-diagnostics -explicit-module-build -module-cache-path /Users/builder/Factory/paperloft/evidence/checkouts/p2-checkpoint47fdb2c/build/CoverageDerivedData-Shp9Jd/Build/Intermediates.noindex/SwiftExplicitPrecompiledModules -clang-scanner-module-cache-path /Users/builder/Factory/paperloft/evidence/checkouts/p2-checkpoint47fdb2c/build/CoverageDerivedData-Shp9Jd/ModuleCache.noindex -sdk-module-cache-path /Users/builder/Factory/paperloft/evidence/checkouts/p2-checkpoint47fdb2c/build/CoverageDerivedData-Shp9Jd/SDKExplicitPrecompiledModules -emit-dependencies -emit-module -emit-module-path /Users/builder/Factory/paperloft/evidence/checkouts/p2-checkpoint47fdb2c/build/CoverageDerivedData-Shp9Jd/Build/Intermediates.noindex/Paperloft.build/Debug/PaperloftKitTests.build/Objects-normal/arm64/PaperloftKitTests.swiftmodule -serialize-diagnostics -dependency-scan-serialize-diagnostics-path /Users/builder/Factory/paperloft/evidence/checkouts/p2-checkpoint47fdb2c/build/CoverageDerivedData-Shp9Jd/Build/Intermediates.noindex/Paperloft.build/Debug/PaperloftKitTests.build/Objects-normal/arm64/PaperloftKitTests-dependency-scan.dia -validate-clang-modules-once -clang-build-session-file /Users/builder/Factory/paperloft/evidence/checkouts/p2-checkpoint47fdb2c/build/CoverageDerivedData-Shp9Jd/ModuleCache.noindex/Session.modulevalidation -Xcc -fmodules-prune-interval\=86400 -Xcc -fmodules-prune-after\=345600 -emit-const-values -const-gather-protocols-list /Users/builder/Factory/paperloft/evidence/checkouts/p2-checkpoint47fdb2c/build/CoverageDerivedData-Shp9Jd/Build/Intermediates.noindex/Paperloft.build/Debug/PaperloftKitTests.build/Objects-normal/arm64/PaperloftKitTests_const_extract_protocols.json -Xcc -iquote -Xcc /Users/builder/Factory/paperloft/evidence/checkouts/p2-checkpoint47fdb2c/build/CoverageDerivedData-Shp9Jd/Build/Intermediates.noindex/Paperloft.build/Debug/PaperloftKitTests.build/PaperloftKitTests-generated-files.hmap -Xcc -I/Users/builder/Factory/paperloft/evidence/checkouts/p2-checkpoint47fdb2c/build/CoverageDerivedData-Shp9Jd/Build/Intermediates.noindex/Paperloft.build/Debug/PaperloftKitTests.build/PaperloftKitTests-own-target-headers.hmap -Xcc -I/Users/builder/Factory/paperloft/evidence/checkouts/p2-checkpoint47fdb2c/build/CoverageDerivedData-Shp9Jd/Build/Intermediates.noindex/Paperloft.build/Debug/PaperloftKitTests.build/PaperloftKitTests-all-non-framework-target-headers.hmap -Xcc -ivfsoverlay -Xcc /Users/builder/Factory/paperloft/evidence/checkouts/p2-checkpoint47fdb2c/build/CoverageDerivedData-Shp9Jd/Build/Intermediates.noindex/Paperloft.build/Debug/Paperloft-b93ddc6bcd4d234a5473ab01ad3589c4-VFS/all-product-headers.yaml -Xcc -iquote -Xcc /Users/builder/Factory/paperloft/evidence/checkouts/p2-checkpoint47fdb2c/build/CoverageDerivedData-Shp9Jd/Build/Intermediates.noindex/Paperloft.build/Debug/PaperloftKitTests.build/PaperloftKitTests-project-headers.hmap -Xcc -I/Users/builder/Factory/paperloft/evidence/checkouts/p2-checkpoint47fdb2c/build/CoverageDerivedData-Shp9Jd/Build/Products/Debug/include -Xcc -I/Users/builder/Factory/paperloft/evidence/checkouts/p2-checkpoint47fdb2c/build/CoverageDerivedData-Shp9Jd/Build/Intermediates.noindex/Paperloft.build/Debug/PaperloftKitTests.build/DerivedSources-normal/arm64 -Xcc -I/Users/builder/Factory/paperloft/evidence/checkouts/p2-checkpoint47fdb2c/build/CoverageDerivedData-Shp9Jd/Build/Intermediates.noindex/Paperloft.build/Debug/PaperloftKitTests.build/DerivedSources/arm64 -Xcc -I/Users/builder/Factory/paperloft/evidence/checkouts/p2-checkpoint47fdb2c/build/CoverageDerivedData-Shp9Jd/Build/Intermediates.noindex/Paperloft.build/Debug/PaperloftKitTests.build/DerivedSources -emit-objc-header -emit-objc-header-path /Users/builder/Factory/paperloft/evidence/checkouts/p2-checkpoint47fdb2c/build/CoverageDerivedData-Shp9Jd/Build/Intermediates.noindex/Paperloft.build/Debug/PaperloftKitTests.build/Objects-normal/arm64/PaperloftKitTests-Swift.h -working-directory /Users/builder/Factory/paperloft/evidence/checkouts/p2-checkpoint47fdb2c -experimental-emit-module-separately -disable-cmo

Ld /Users/builder/Factory/paperloft/evidence/checkouts/p2-checkpoint47fdb2c/build/CoverageDerivedData-Shp9Jd/Build/Products/Debug/PaperloftKitTests.xctest/Contents/MacOS/PaperloftKitTests normal (in target 'PaperloftKitTests' from project 'Paperloft')
    cd /Users/builder/Factory/paperloft/evidence/checkouts/p2-checkpoint47fdb2c
    /Applications/Xcode.app/Contents/Developer/Toolchains/XcodeDefault.xctoolchain/usr/bin/clang -Xlinker -reproducible -target arm64-apple-macos27.0 -bundle -isysroot /Applications/Xcode.app/Contents/Developer/Platforms/MacOSX.platform/Developer/SDKs/MacOSX27.0.sdk -Os -Xlinker -no_warn_duplicate_libraries -L/Users/builder/Factory/paperloft/evidence/checkouts/p2-checkpoint47fdb2c/build/CoverageDerivedData-Shp9Jd/Build/Intermediates.noindex/EagerLinkingTBDs/Debug -L/Users/builder/Factory/paperloft/evidence/checkouts/p2-checkpoint47fdb2c/build/CoverageDerivedData-Shp9Jd/Build/Products/Debug -L/Applications/Xcode.app/Contents/Developer/Platforms/MacOSX.platform/Developer/usr/lib -F/Users/builder/Factory/paperloft/evidence/checkouts/p2-checkpoint47fdb2c/build/CoverageDerivedData-Shp9Jd/Build/Intermediates.noindex/EagerLinkingTBDs/Debug -F/Users/builder/Factory/paperloft/evidence/checkouts/p2-checkpoint47fdb2c/build/CoverageDerivedData-Shp9Jd/Build/Products/Debug/PackageFrameworks -F/Users/builder/Factory/paperloft/evidence/checkouts/p2-checkpoint47fdb2c/build/CoverageDerivedData-Shp9Jd/Build/Products/Debug -iframework /Applications/Xcode.app/Contents/Developer/Platforms/MacOSX.platform/Developer/Library/Frameworks -filelist /Users/builder/Factory/paperloft/evidence/checkouts/p2-checkpoint47fdb2c/build/CoverageDerivedData-Shp9Jd/Build/Intermediates.noindex/Paperloft.build/Debug/PaperloftKitTests.build/Objects-normal/arm64/PaperloftKitTests.LinkFileList -Xlinker -rpath -Xlinker @loader_path -Xlinker -rpath -Xlinker /Users/builder/Factory/paperloft/evidence/checkouts/p2-checkpoint47fdb2c/build/CoverageDerivedData-Shp9Jd/Build/Products/Debug/PackageFrameworks -Xlinker -rpath -Xlinker @loader_path/../Frameworks -Xlinker -object_path_lto -Xlinker /Users/builder/Factory/paperloft/evidence/checkouts/p2-checkpoint47fdb2c/build/CoverageDerivedData-Shp9Jd/Build/Intermediates.noindex/Paperloft.build/Debug/PaperloftKitTests.build/Objects-normal/arm64/PaperloftKitTests_lto.o -rdynamic -Xlinker -debug_variant -Xlinker -dependency_info -Xlinker /Users/builder/Factory/paperloft/evidence/checkouts/p2-checkpoint47fdb2c/build/CoverageDerivedData-Shp9Jd/Build/Intermediates.noindex/Paperloft.build/Debug/PaperloftKitTests.build/Objects-normal/arm64/PaperloftKitTests_dependency_info.dat -fobjc-link-runtime -fprofile-instr-generate -L/Applications/Xcode.app/Contents/Developer/Toolchains/XcodeDefault.xctoolchain/usr/lib/swift/macosx -L/usr/lib/swift -Xlinker -add_ast_path -Xlinker /Users/builder/Factory/paperloft/evidence/checkouts/p2-checkpoint47fdb2c/build/CoverageDerivedData-Shp9Jd/Build/Intermediates.noindex/Paperloft.build/Debug/PaperloftKitTests.build/Objects-normal/arm64/PaperloftKitTests.swiftmodule -Xlinker -needed_framework -Xlinker XCTest -framework XCTest -Xlinker -needed-lXCTestSwiftSupport -lXCTestSwiftSupport -Xlinker -no_adhoc_codesign -o /Users/builder/Factory/paperloft/evidence/checkouts/p2-checkpoint47fdb2c/build/CoverageDerivedData-Shp9Jd/Build/Products/Debug/PaperloftKitTests.xctest/Contents/MacOS/PaperloftKitTests

SwiftDriverJobDiscovery normal arm64 Compiling TestSupport.swift (in target 'PaperloftUITests' from project 'Paperloft')

SwiftDriverJobDiscovery normal arm64 Emitting module for PaperloftUITests (in target 'PaperloftUITests' from project 'Paperloft')

SwiftDriver\ Compilation\ Requirements PaperloftUITests normal arm64 com.apple.xcode.tools.swift.compiler (in target 'PaperloftUITests' from project 'Paperloft')
    cd /Users/builder/Factory/paperloft/evidence/checkouts/p2-checkpoint47fdb2c
    builtin-Swift-Compilation-Requirements -- /Applications/Xcode.app/Contents/Developer/Toolchains/XcodeDefault.xctoolchain/usr/bin/swiftc -module-name PaperloftUITests -Onone @/Users/builder/Factory/paperloft/evidence/checkouts/p2-checkpoint47fdb2c/build/CoverageDerivedData-Shp9Jd/Build/Intermediates.noindex/Paperloft.build/Debug/PaperloftUITests.build/Objects-normal/arm64/PaperloftUITests.SwiftFileList -module-alias Testing\=_Testing_Unavailable -plugin-path /Applications/Xcode.app/Contents/Developer/Toolchains/XcodeDefault.xctoolchain/usr/lib/swift/host/plugins/testing -enable-experimental-feature DebugDescriptionMacro -sdk /Applications/Xcode.app/Contents/Developer/Platforms/MacOSX.platform/Developer/SDKs/MacOSX27.0.sdk -target arm64-apple-macos27.0 -g -module-cache-path /Users/builder/Factory/paperloft/evidence/checkouts/p2-checkpoint47fdb2c/build/CoverageDerivedData-Shp9Jd/ModuleCache.noindex -Xfrontend -serialize-debugging-options -profile-coverage-mapping -profile-generate -enable-testing -warnings-as-errors -index-store-path /Users/builder/Factory/paperloft/evidence/checkouts/p2-checkpoint47fdb2c/build/CoverageDerivedData-Shp9Jd/Index.noindex/DataStore -swift-version 6 -I /Users/builder/Factory/paperloft/evidence/checkouts/p2-checkpoint47fdb2c/build/CoverageDerivedData-Shp9Jd/Build/Products/Debug -Isystem /Applications/Xcode.app/Contents/Developer/Platforms/MacOSX.platform/Developer/usr/lib -F /Users/builder/Factory/paperloft/evidence/checkouts/p2-checkpoint47fdb2c/build/CoverageDerivedData-Shp9Jd/Build/Products/Debug -F /Applications/Xcode.app/Contents/Developer/Platforms/MacOSX.platform/Developer/Library/Frameworks -c -j10 -enable-batch-mode -incremental -Xcc -ivfsstatcache -Xcc /Users/builder/Factory/paperloft/evidence/checkouts/p2-checkpoint47fdb2c/build/CoverageDerivedData-Shp9Jd/SDKStatCaches.noindex/macosx27.0-26A425-7231f6df4def33e022ae2eb8f782df1a.sdkstatcache -output-file-map /Users/builder/Factory/paperloft/evidence/checkouts/p2-checkpoint47fdb2c/build/CoverageDerivedData-Shp9Jd/Build/Intermediates.noindex/Paperloft.build/Debug/PaperloftUITests.build/Objects-normal/arm64/PaperloftUITests-OutputFileMap.json -save-temps -no-color-diagnostics -explicit-module-build -module-cache-path /Users/builder/Factory/paperloft/evidence/checkouts/p2-checkpoint47fdb2c/build/CoverageDerivedData-Shp9Jd/Build/Intermediates.noindex/SwiftExplicitPrecompiledModules -clang-scanner-module-cache-path /Users/builder/Factory/paperloft/evidence/checkouts/p2-checkpoint47fdb2c/build/CoverageDerivedData-Shp9Jd/ModuleCache.noindex -sdk-module-cache-path /Users/builder/Factory/paperloft/evidence/checkouts/p2-checkpoint47fdb2c/build/CoverageDerivedData-Shp9Jd/SDKExplicitPrecompiledModules -emit-dependencies -emit-module -emit-module-path /Users/builder/Factory/paperloft/evidence/checkouts/p2-checkpoint47fdb2c/build/CoverageDerivedData-Shp9Jd/Build/Intermediates.noindex/Paperloft.build/Debug/PaperloftUITests.build/Objects-normal/arm64/PaperloftUITests.swiftmodule -serialize-diagnostics -dependency-scan-serialize-diagnostics-path /Users/builder/Factory/paperloft/evidence/checkouts/p2-checkpoint47fdb2c/build/CoverageDerivedData-Shp9Jd/Build/Intermediates.noindex/Paperloft.build/Debug/PaperloftUITests.build/Objects-normal/arm64/PaperloftUITests-dependency-scan.dia -validate-clang-modules-once -clang-build-session-file /Users/builder/Factory/paperloft/evidence/checkouts/p2-checkpoint47fdb2c/build/CoverageDerivedData-Shp9Jd/ModuleCache.noindex/Session.modulevalidation -Xcc -fmodules-prune-interval\=86400 -Xcc -fmodules-prune-after\=345600 -emit-const-values -const-gather-protocols-list /Users/builder/Factory/paperloft/evidence/checkouts/p2-checkpoint47fdb2c/build/CoverageDerivedData-Shp9Jd/Build/Intermediates.noindex/Paperloft.build/Debug/PaperloftUITests.build/Objects-normal/arm64/PaperloftUITests_const_extract_protocols.json -Xcc -iquote -Xcc /Users/builder/Factory/paperloft/evidence/checkouts/p2-checkpoint47fdb2c/build/CoverageDerivedData-Shp9Jd/Build/Intermediates.noindex/Paperloft.build/Debug/PaperloftUITests.build/PaperloftUITests-generated-files.hmap -Xcc -I/Users/builder/Factory/paperloft/evidence/checkouts/p2-checkpoint47fdb2c/build/CoverageDerivedData-Shp9Jd/Build/Intermediates.noindex/Paperloft.build/Debug/PaperloftUITests.build/PaperloftUITests-own-target-headers.hmap -Xcc -I/Users/builder/Factory/paperloft/evidence/checkouts/p2-checkpoint47fdb2c/build/CoverageDerivedData-Shp9Jd/Build/Intermediates.noindex/Paperloft.build/Debug/PaperloftUITests.build/PaperloftUITests-all-non-framework-target-headers.hmap -Xcc -ivfsoverlay -Xcc /Users/builder/Factory/paperloft/evidence/checkouts/p2-checkpoint47fdb2c/build/CoverageDerivedData-Shp9Jd/Build/Intermediates.noindex/Paperloft.build/Debug/Paperloft-b93ddc6bcd4d234a5473ab01ad3589c4-VFS/all-product-headers.yaml -Xcc -iquote -Xcc /Users/builder/Factory/paperloft/evidence/checkouts/p2-checkpoint47fdb2c/build/CoverageDerivedData-Shp9Jd/Build/Intermediates.noindex/Paperloft.build/Debug/PaperloftUITests.build/PaperloftUITests-project-headers.hmap -Xcc -I/Users/builder/Factory/paperloft/evidence/checkouts/p2-checkpoint47fdb2c/build/CoverageDerivedData-Shp9Jd/Build/Products/Debug/include -Xcc -I/Users/builder/Factory/paperloft/evidence/checkouts/p2-checkpoint47fdb2c/build/CoverageDerivedData-Shp9Jd/Build/Intermediates.noindex/Paperloft.build/Debug/PaperloftUITests.build/DerivedSources-normal/arm64 -Xcc -I/Users/builder/Factory/paperloft/evidence/checkouts/p2-checkpoint47fdb2c/build/CoverageDerivedData-Shp9Jd/Build/Intermediates.noindex/Paperloft.build/Debug/PaperloftUITests.build/DerivedSources/arm64 -Xcc -I/Users/builder/Factory/paperloft/evidence/checkouts/p2-checkpoint47fdb2c/build/CoverageDerivedData-Shp9Jd/Build/Intermediates.noindex/Paperloft.build/Debug/PaperloftUITests.build/DerivedSources -emit-objc-header -emit-objc-header-path /Users/builder/Factory/paperloft/evidence/checkouts/p2-checkpoint47fdb2c/build/CoverageDerivedData-Shp9Jd/Build/Intermediates.noindex/Paperloft.build/Debug/PaperloftUITests.build/Objects-normal/arm64/PaperloftUITests-Swift.h -working-directory /Users/builder/Factory/paperloft/evidence/checkouts/p2-checkpoint47fdb2c -experimental-emit-module-separately -disable-cmo

SwiftMergeGeneratedHeaders /Users/builder/Factory/paperloft/evidence/checkouts/p2-checkpoint47fdb2c/build/CoverageDerivedData-Shp9Jd/Build/Intermediates.noindex/Paperloft.build/Debug/PaperloftUITests.build/DerivedSources/PaperloftUITests-Swift.h /Users/builder/Factory/paperloft/evidence/checkouts/p2-checkpoint47fdb2c/build/CoverageDerivedData-Shp9Jd/Build/Intermediates.noindex/Paperloft.build/Debug/PaperloftUITests.build/Objects-normal/arm64/PaperloftUITests-Swift.h (in target 'PaperloftUITests' from project 'Paperloft')
    cd /Users/builder/Factory/paperloft/evidence/checkouts/p2-checkpoint47fdb2c
    builtin-swiftHeaderTool -arch arm64 /Users/builder/Factory/paperloft/evidence/checkouts/p2-checkpoint47fdb2c/build/CoverageDerivedData-Shp9Jd/Build/Intermediates.noindex/Paperloft.build/Debug/PaperloftUITests.build/Objects-normal/arm64/PaperloftUITests-Swift.h -o /Users/builder/Factory/paperloft/evidence/checkouts/p2-checkpoint47fdb2c/build/CoverageDerivedData-Shp9Jd/Build/Intermediates.noindex/Paperloft.build/Debug/PaperloftUITests.build/DerivedSources/PaperloftUITests-Swift.h

Copy /Users/builder/Factory/paperloft/evidence/checkouts/p2-checkpoint47fdb2c/build/CoverageDerivedData-Shp9Jd/Build/Products/Debug/PaperloftUITests.swiftmodule/arm64-apple-macos.abi.json /Users/builder/Factory/paperloft/evidence/checkouts/p2-checkpoint47fdb2c/build/CoverageDerivedData-Shp9Jd/Build/Intermediates.noindex/Paperloft.build/Debug/PaperloftUITests.build/Objects-normal/arm64/PaperloftUITests.abi.json (in target 'PaperloftUITests' from project 'Paperloft')
    cd /Users/builder/Factory/paperloft/evidence/checkouts/p2-checkpoint47fdb2c
    builtin-copy -exclude .DS_Store -exclude CVS -exclude .svn -exclude .git -exclude .hg -strip-unsigned-binaries -strip-deterministic -strip-tool /Applications/Xcode.app/Contents/Developer/Toolchains/XcodeDefault.xctoolchain/usr/bin/strip -resolve-src-symlinks -rename /Users/builder/Factory/paperloft/evidence/checkouts/p2-checkpoint47fdb2c/build/CoverageDerivedData-Shp9Jd/Build/Intermediates.noindex/Paperloft.build/Debug/PaperloftUITests.build/Objects-normal/arm64/PaperloftUITests.abi.json /Users/builder/Factory/paperloft/evidence/checkouts/p2-checkpoint47fdb2c/build/CoverageDerivedData-Shp9Jd/Build/Products/Debug/PaperloftUITests.swiftmodule/arm64-apple-macos.abi.json

Copy /Users/builder/Factory/paperloft/evidence/checkouts/p2-checkpoint47fdb2c/build/CoverageDerivedData-Shp9Jd/Build/Products/Debug/PaperloftUITests.swiftmodule/arm64-apple-macos.swiftdoc /Users/builder/Factory/paperloft/evidence/checkouts/p2-checkpoint47fdb2c/build/CoverageDerivedData-Shp9Jd/Build/Intermediates.noindex/Paperloft.build/Debug/PaperloftUITests.build/Objects-normal/arm64/PaperloftUITests.swiftdoc (in target 'PaperloftUITests' from project 'Paperloft')
    cd /Users/builder/Factory/paperloft/evidence/checkouts/p2-checkpoint47fdb2c
    builtin-copy -exclude .DS_Store -exclude CVS -exclude .svn -exclude .git -exclude .hg -strip-unsigned-binaries -strip-deterministic -strip-tool /Applications/Xcode.app/Contents/Developer/Toolchains/XcodeDefault.xctoolchain/usr/bin/strip -resolve-src-symlinks -rename /Users/builder/Factory/paperloft/evidence/checkouts/p2-checkpoint47fdb2c/build/CoverageDerivedData-Shp9Jd/Build/Intermediates.noindex/Paperloft.build/Debug/PaperloftUITests.build/Objects-normal/arm64/PaperloftUITests.swiftdoc /Users/builder/Factory/paperloft/evidence/checkouts/p2-checkpoint47fdb2c/build/CoverageDerivedData-Shp9Jd/Build/Products/Debug/PaperloftUITests.swiftmodule/arm64-apple-macos.swiftdoc

Copy /Users/builder/Factory/paperloft/evidence/checkouts/p2-checkpoint47fdb2c/build/CoverageDerivedData-Shp9Jd/Build/Products/Debug/PaperloftUITests.swiftmodule/arm64-apple-macos.swiftmodule /Users/builder/Factory/paperloft/evidence/checkouts/p2-checkpoint47fdb2c/build/CoverageDerivedData-Shp9Jd/Build/Intermediates.noindex/Paperloft.build/Debug/PaperloftUITests.build/Objects-normal/arm64/PaperloftUITests.swiftmodule (in target 'PaperloftUITests' from project 'Paperloft')
    cd /Users/builder/Factory/paperloft/evidence/checkouts/p2-checkpoint47fdb2c
    builtin-copy -exclude .DS_Store -exclude CVS -exclude .svn -exclude .git -exclude .hg -strip-unsigned-binaries -strip-deterministic -strip-tool /Applications/Xcode.app/Contents/Developer/Toolchains/XcodeDefault.xctoolchain/usr/bin/strip -resolve-src-symlinks -rename /Users/builder/Factory/paperloft/evidence/checkouts/p2-checkpoint47fdb2c/build/CoverageDerivedData-Shp9Jd/Build/Intermediates.noindex/Paperloft.build/Debug/PaperloftUITests.build/Objects-normal/arm64/PaperloftUITests.swiftmodule /Users/builder/Factory/paperloft/evidence/checkouts/p2-checkpoint47fdb2c/build/CoverageDerivedData-Shp9Jd/Build/Products/Debug/PaperloftUITests.swiftmodule/arm64-apple-macos.swiftmodule

Copy /Users/builder/Factory/paperloft/evidence/checkouts/p2-checkpoint47fdb2c/build/CoverageDerivedData-Shp9Jd/Build/Products/Debug/PaperloftUITests.swiftmodule/Project/arm64-apple-macos.swiftsourceinfo /Users/builder/Factory/paperloft/evidence/checkouts/p2-checkpoint47fdb2c/build/CoverageDerivedData-Shp9Jd/Build/Intermediates.noindex/Paperloft.build/Debug/PaperloftUITests.build/Objects-normal/arm64/PaperloftUITests.swiftsourceinfo (in target 'PaperloftUITests' from project 'Paperloft')
    cd /Users/builder/Factory/paperloft/evidence/checkouts/p2-checkpoint47fdb2c
    builtin-copy -exclude .DS_Store -exclude CVS -exclude .svn -exclude .git -exclude .hg -strip-unsigned-binaries -strip-deterministic -strip-tool /Applications/Xcode.app/Contents/Developer/Toolchains/XcodeDefault.xctoolchain/usr/bin/strip -resolve-src-symlinks -rename /Users/builder/Factory/paperloft/evidence/checkouts/p2-checkpoint47fdb2c/build/CoverageDerivedData-Shp9Jd/Build/Intermediates.noindex/Paperloft.build/Debug/PaperloftUITests.build/Objects-normal/arm64/PaperloftUITests.swiftsourceinfo /Users/builder/Factory/paperloft/evidence/checkouts/p2-checkpoint47fdb2c/build/CoverageDerivedData-Shp9Jd/Build/Products/Debug/PaperloftUITests.swiftmodule/Project/arm64-apple-macos.swiftsourceinfo

CopySwiftLibs /Users/builder/Factory/paperloft/evidence/checkouts/p2-checkpoint47fdb2c/build/CoverageDerivedData-Shp9Jd/Build/Products/Debug/PaperloftKitTests.xctest (in target 'PaperloftKitTests' from project 'Paperloft')
    cd /Users/builder/Factory/paperloft/evidence/checkouts/p2-checkpoint47fdb2c
    builtin-swiftStdLibTool --copy --verbose --sign - --scan-executable /Users/builder/Factory/paperloft/evidence/checkouts/p2-checkpoint47fdb2c/build/CoverageDerivedData-Shp9Jd/Build/Products/Debug/PaperloftKitTests.xctest/Contents/MacOS/PaperloftKitTests --scan-folder /Users/builder/Factory/paperloft/evidence/checkouts/p2-checkpoint47fdb2c/build/CoverageDerivedData-Shp9Jd/Build/Products/Debug/PaperloftKitTests.xctest/Contents/Frameworks --scan-folder /Users/builder/Factory/paperloft/evidence/checkouts/p2-checkpoint47fdb2c/build/CoverageDerivedData-Shp9Jd/Build/Products/Debug/PaperloftKitTests.xctest/Contents/PlugIns --scan-folder /Users/builder/Factory/paperloft/evidence/checkouts/p2-checkpoint47fdb2c/build/CoverageDerivedData-Shp9Jd/Build/Products/Debug/PaperloftKitTests.xctest/Contents/Library/SystemExtensions --scan-folder /Users/builder/Factory/paperloft/evidence/checkouts/p2-checkpoint47fdb2c/build/CoverageDerivedData-Shp9Jd/Build/Products/Debug/PaperloftKitTests.xctest/Contents/Extensions --platform macosx --toolchain /Applications/Xcode.app/Contents/Developer/Toolchains/XcodeDefault.xctoolchain --destination /Users/builder/Factory/paperloft/evidence/checkouts/p2-checkpoint47fdb2c/build/CoverageDerivedData-Shp9Jd/Build/Products/Debug/PaperloftKitTests.xctest/Contents/Frameworks --strip-bitcode --scan-executable /Applications/Xcode.app/Contents/Developer/Platforms/MacOSX.platform/Developer/usr/lib/libXCTestSwiftSupport.dylib --strip-bitcode-tool /Applications/Xcode.app/Contents/Developer/Toolchains/XcodeDefault.xctoolchain/usr/bin/bitcode_strip --emit-dependency-info /Users/builder/Factory/paperloft/evidence/checkouts/p2-checkpoint47fdb2c/build/CoverageDerivedData-Shp9Jd/Build/Intermediates.noindex/Paperloft.build/Debug/PaperloftKitTests.build/SwiftStdLibToolInputDependencies.dep --filter-for-swift-os

ExtractAppIntentsMetadata (in target 'PaperloftKitTests' from project 'Paperloft')
    cd /Users/builder/Factory/paperloft/evidence/checkouts/p2-checkpoint47fdb2c
    /Applications/Xcode.app/Contents/Developer/Toolchains/XcodeDefault.xctoolchain/usr/bin/appintentsmetadataprocessor --toolchain-dir /Applications/Xcode.app/Contents/Developer/Toolchains/XcodeDefault.xctoolchain --module-name PaperloftKitTests --sdk-root /Applications/Xcode.app/Contents/Developer/Platforms/MacOSX.platform/Developer/SDKs/MacOSX27.0.sdk --xcode-version 27A266a --platform-family macOS --deployment-target 27.0 --bundle-identifier app.paperloft.PaperloftKitTests --output /Users/builder/Factory/paperloft/evidence/checkouts/p2-checkpoint47fdb2c/build/CoverageDerivedData-Shp9Jd/Build/Products/Debug/PaperloftKitTests.xctest/Contents/Resources --target-triple arm64-apple-macos27.0 --binary-file /Users/builder/Factory/paperloft/evidence/checkouts/p2-checkpoint47fdb2c/build/CoverageDerivedData-Shp9Jd/Build/Products/Debug/PaperloftKitTests.xctest/Contents/MacOS/PaperloftKitTests --dependency-file /Users/builder/Factory/paperloft/evidence/checkouts/p2-checkpoint47fdb2c/build/CoverageDerivedData-Shp9Jd/Build/Intermediates.noindex/Paperloft.build/Debug/PaperloftKitTests.build/Objects-normal/arm64/PaperloftKitTests_dependency_info.dat --stringsdata-file /Users/builder/Factory/paperloft/evidence/checkouts/p2-checkpoint47fdb2c/build/CoverageDerivedData-Shp9Jd/Build/Intermediates.noindex/Paperloft.build/Debug/PaperloftKitTests.build/Objects-normal/arm64/ExtractedAppShortcutsMetadata.stringsdata --source-file-list /Users/builder/Factory/paperloft/evidence/checkouts/p2-checkpoint47fdb2c/build/CoverageDerivedData-Shp9Jd/Build/Intermediates.noindex/Paperloft.build/Debug/PaperloftKitTests.build/Objects-normal/arm64/PaperloftKitTests.SwiftFileList --metadata-file-list /Users/builder/Factory/paperloft/evidence/checkouts/p2-checkpoint47fdb2c/build/CoverageDerivedData-Shp9Jd/Build/Intermediates.noindex/Paperloft.build/Debug/PaperloftKitTests.build/PaperloftKitTests.DependencyMetadataFileList --static-metadata-file-list /Users/builder/Factory/paperloft/evidence/checkouts/p2-checkpoint47fdb2c/build/CoverageDerivedData-Shp9Jd/Build/Intermediates.noindex/Paperloft.build/Debug/PaperloftKitTests.build/PaperloftKitTests.DependencyStaticMetadataFileList --swift-const-vals-list /Users/builder/Factory/paperloft/evidence/checkouts/p2-checkpoint47fdb2c/build/CoverageDerivedData-Shp9Jd/Build/Intermediates.noindex/Paperloft.build/Debug/PaperloftKitTests.build/Objects-normal/arm64/PaperloftKitTests.SwiftConstValuesFileList --compile-time-extraction --deployment-aware-processing --no-app-shortcuts-localization
2026-09-26 22:28:19.944 appintentsmetadataprocessor[46079:1020823] Starting appintentsmetadataprocessor export
2026-09-26 22:28:19.999 appintentsmetadataprocessor[46079:1020823] Extracted no relevant App Intents symbols, skipping writing output

CodeSign /Users/builder/Factory/paperloft/evidence/checkouts/p2-checkpoint47fdb2c/build/CoverageDerivedData-Shp9Jd/Build/Products/Debug/PaperloftKitTests.xctest (in target 'PaperloftKitTests' from project 'Paperloft')
    cd /Users/builder/Factory/paperloft/evidence/checkouts/p2-checkpoint47fdb2c
    
    Signing Identity:     "Sign to Run Locally"
    
    /usr/bin/codesign --force --sign - --timestamp\=none --generate-entitlement-der /Users/builder/Factory/paperloft/evidence/checkouts/p2-checkpoint47fdb2c/build/CoverageDerivedData-Shp9Jd/Build/Products/Debug/PaperloftKitTests.xctest

RegisterExecutionPolicyException /Users/builder/Factory/paperloft/evidence/checkouts/p2-checkpoint47fdb2c/build/CoverageDerivedData-Shp9Jd/Build/Products/Debug/PaperloftKitTests.xctest (in target 'PaperloftKitTests' from project 'Paperloft')
    cd /Users/builder/Factory/paperloft/evidence/checkouts/p2-checkpoint47fdb2c
    builtin-RegisterExecutionPolicyException /Users/builder/Factory/paperloft/evidence/checkouts/p2-checkpoint47fdb2c/build/CoverageDerivedData-Shp9Jd/Build/Products/Debug/PaperloftKitTests.xctest

Touch /Users/builder/Factory/paperloft/evidence/checkouts/p2-checkpoint47fdb2c/build/CoverageDerivedData-Shp9Jd/Build/Products/Debug/PaperloftKitTests.xctest (in target 'PaperloftKitTests' from project 'Paperloft')
    cd /Users/builder/Factory/paperloft/evidence/checkouts/p2-checkpoint47fdb2c
    /usr/bin/touch -c /Users/builder/Factory/paperloft/evidence/checkouts/p2-checkpoint47fdb2c/build/CoverageDerivedData-Shp9Jd/Build/Products/Debug/PaperloftKitTests.xctest

SwiftDriverJobDiscovery normal arm64 Compiling NavigationTests.swift (in target 'PaperloftUITests' from project 'Paperloft')

SwiftDriver\ Compilation PaperloftUITests normal arm64 com.apple.xcode.tools.swift.compiler (in target 'PaperloftUITests' from project 'Paperloft')
    cd /Users/builder/Factory/paperloft/evidence/checkouts/p2-checkpoint47fdb2c
    builtin-Swift-Compilation -- /Applications/Xcode.app/Contents/Developer/Toolchains/XcodeDefault.xctoolchain/usr/bin/swiftc -module-name PaperloftUITests -Onone @/Users/builder/Factory/paperloft/evidence/checkouts/p2-checkpoint47fdb2c/build/CoverageDerivedData-Shp9Jd/Build/Intermediates.noindex/Paperloft.build/Debug/PaperloftUITests.build/Objects-normal/arm64/PaperloftUITests.SwiftFileList -module-alias Testing\=_Testing_Unavailable -plugin-path /Applications/Xcode.app/Contents/Developer/Toolchains/XcodeDefault.xctoolchain/usr/lib/swift/host/plugins/testing -enable-experimental-feature DebugDescriptionMacro -sdk /Applications/Xcode.app/Contents/Developer/Platforms/MacOSX.platform/Developer/SDKs/MacOSX27.0.sdk -target arm64-apple-macos27.0 -g -module-cache-path /Users/builder/Factory/paperloft/evidence/checkouts/p2-checkpoint47fdb2c/build/CoverageDerivedData-Shp9Jd/ModuleCache.noindex -Xfrontend -serialize-debugging-options -profile-coverage-mapping -profile-generate -enable-testing -warnings-as-errors -index-store-path /Users/builder/Factory/paperloft/evidence/checkouts/p2-checkpoint47fdb2c/build/CoverageDerivedData-Shp9Jd/Index.noindex/DataStore -swift-version 6 -I /Users/builder/Factory/paperloft/evidence/checkouts/p2-checkpoint47fdb2c/build/CoverageDerivedData-Shp9Jd/Build/Products/Debug -Isystem /Applications/Xcode.app/Contents/Developer/Platforms/MacOSX.platform/Developer/usr/lib -F /Users/builder/Factory/paperloft/evidence/checkouts/p2-checkpoint47fdb2c/build/CoverageDerivedData-Shp9Jd/Build/Products/Debug -F /Applications/Xcode.app/Contents/Developer/Platforms/MacOSX.platform/Developer/Library/Frameworks -c -j10 -enable-batch-mode -incremental -Xcc -ivfsstatcache -Xcc /Users/builder/Factory/paperloft/evidence/checkouts/p2-checkpoint47fdb2c/build/CoverageDerivedData-Shp9Jd/SDKStatCaches.noindex/macosx27.0-26A425-7231f6df4def33e022ae2eb8f782df1a.sdkstatcache -output-file-map /Users/builder/Factory/paperloft/evidence/checkouts/p2-checkpoint47fdb2c/build/CoverageDerivedData-Shp9Jd/Build/Intermediates.noindex/Paperloft.build/Debug/PaperloftUITests.build/Objects-normal/arm64/PaperloftUITests-OutputFileMap.json -save-temps -no-color-diagnostics -explicit-module-build -module-cache-path /Users/builder/Factory/paperloft/evidence/checkouts/p2-checkpoint47fdb2c/build/CoverageDerivedData-Shp9Jd/Build/Intermediates.noindex/SwiftExplicitPrecompiledModules -clang-scanner-module-cache-path /Users/builder/Factory/paperloft/evidence/checkouts/p2-checkpoint47fdb2c/build/CoverageDerivedData-Shp9Jd/ModuleCache.noindex -sdk-module-cache-path /Users/builder/Factory/paperloft/evidence/checkouts/p2-checkpoint47fdb2c/build/CoverageDerivedData-Shp9Jd/SDKExplicitPrecompiledModules -emit-dependencies -emit-module -emit-module-path /Users/builder/Factory/paperloft/evidence/checkouts/p2-checkpoint47fdb2c/build/CoverageDerivedData-Shp9Jd/Build/Intermediates.noindex/Paperloft.build/Debug/PaperloftUITests.build/Objects-normal/arm64/PaperloftUITests.swiftmodule -serialize-diagnostics -dependency-scan-serialize-diagnostics-path /Users/builder/Factory/paperloft/evidence/checkouts/p2-checkpoint47fdb2c/build/CoverageDerivedData-Shp9Jd/Build/Intermediates.noindex/Paperloft.build/Debug/PaperloftUITests.build/Objects-normal/arm64/PaperloftUITests-dependency-scan.dia -validate-clang-modules-once -clang-build-session-file /Users/builder/Factory/paperloft/evidence/checkouts/p2-checkpoint47fdb2c/build/CoverageDerivedData-Shp9Jd/ModuleCache.noindex/Session.modulevalidation -Xcc -fmodules-prune-interval\=86400 -Xcc -fmodules-prune-after\=345600 -emit-const-values -const-gather-protocols-list /Users/builder/Factory/paperloft/evidence/checkouts/p2-checkpoint47fdb2c/build/CoverageDerivedData-Shp9Jd/Build/Intermediates.noindex/Paperloft.build/Debug/PaperloftUITests.build/Objects-normal/arm64/PaperloftUITests_const_extract_protocols.json -Xcc -iquote -Xcc /Users/builder/Factory/paperloft/evidence/checkouts/p2-checkpoint47fdb2c/build/CoverageDerivedData-Shp9Jd/Build/Intermediates.noindex/Paperloft.build/Debug/PaperloftUITests.build/PaperloftUITests-generated-files.hmap -Xcc -I/Users/builder/Factory/paperloft/evidence/checkouts/p2-checkpoint47fdb2c/build/CoverageDerivedData-Shp9Jd/Build/Intermediates.noindex/Paperloft.build/Debug/PaperloftUITests.build/PaperloftUITests-own-target-headers.hmap -Xcc -I/Users/builder/Factory/paperloft/evidence/checkouts/p2-checkpoint47fdb2c/build/CoverageDerivedData-Shp9Jd/Build/Intermediates.noindex/Paperloft.build/Debug/PaperloftUITests.build/PaperloftUITests-all-non-framework-target-headers.hmap -Xcc -ivfsoverlay -Xcc /Users/builder/Factory/paperloft/evidence/checkouts/p2-checkpoint47fdb2c/build/CoverageDerivedData-Shp9Jd/Build/Intermediates.noindex/Paperloft.build/Debug/Paperloft-b93ddc6bcd4d234a5473ab01ad3589c4-VFS/all-product-headers.yaml -Xcc -iquote -Xcc /Users/builder/Factory/paperloft/evidence/checkouts/p2-checkpoint47fdb2c/build/CoverageDerivedData-Shp9Jd/Build/Intermediates.noindex/Paperloft.build/Debug/PaperloftUITests.build/PaperloftUITests-project-headers.hmap -Xcc -I/Users/builder/Factory/paperloft/evidence/checkouts/p2-checkpoint47fdb2c/build/CoverageDerivedData-Shp9Jd/Build/Products/Debug/include -Xcc -I/Users/builder/Factory/paperloft/evidence/checkouts/p2-checkpoint47fdb2c/build/CoverageDerivedData-Shp9Jd/Build/Intermediates.noindex/Paperloft.build/Debug/PaperloftUITests.build/DerivedSources-normal/arm64 -Xcc -I/Users/builder/Factory/paperloft/evidence/checkouts/p2-checkpoint47fdb2c/build/CoverageDerivedData-Shp9Jd/Build/Intermediates.noindex/Paperloft.build/Debug/PaperloftUITests.build/DerivedSources/arm64 -Xcc -I/Users/builder/Factory/paperloft/evidence/checkouts/p2-checkpoint47fdb2c/build/CoverageDerivedData-Shp9Jd/Build/Intermediates.noindex/Paperloft.build/Debug/PaperloftUITests.build/DerivedSources -emit-objc-header -emit-objc-header-path /Users/builder/Factory/paperloft/evidence/checkouts/p2-checkpoint47fdb2c/build/CoverageDerivedData-Shp9Jd/Build/Intermediates.noindex/Paperloft.build/Debug/PaperloftUITests.build/Objects-normal/arm64/PaperloftUITests-Swift.h -working-directory /Users/builder/Factory/paperloft/evidence/checkouts/p2-checkpoint47fdb2c -experimental-emit-module-separately -disable-cmo

SwiftDriverJobDiscovery normal arm64 Compiling PaperloftApp.swift (in target 'PaperloftApp' from project 'Paperloft')

SwiftDriver\ Compilation PaperloftApp normal arm64 com.apple.xcode.tools.swift.compiler (in target 'PaperloftApp' from project 'Paperloft')
    cd /Users/builder/Factory/paperloft/evidence/checkouts/p2-checkpoint47fdb2c
    builtin-Swift-Compilation -- /Applications/Xcode.app/Contents/Developer/Toolchains/XcodeDefault.xctoolchain/usr/bin/swiftc -module-name Paperloft_Receipts -Onone @/Users/builder/Factory/paperloft/evidence/checkouts/p2-checkpoint47fdb2c/build/CoverageDerivedData-Shp9Jd/Build/Intermediates.noindex/Paperloft.build/Debug/PaperloftApp.build/Objects-normal/arm64/Paperloft\ Receipts.SwiftFileList -enable-experimental-feature DebugDescriptionMacro -sdk /Applications/Xcode.app/Contents/Developer/Platforms/MacOSX.platform/Developer/SDKs/MacOSX27.0.sdk -target arm64-apple-macos27.0 -g -module-cache-path /Users/builder/Factory/paperloft/evidence/checkouts/p2-checkpoint47fdb2c/build/CoverageDerivedData-Shp9Jd/ModuleCache.noindex -Xfrontend -serialize-debugging-options -profile-coverage-mapping -profile-generate -enable-testing -warnings-as-errors -index-store-path /Users/builder/Factory/paperloft/evidence/checkouts/p2-checkpoint47fdb2c/build/CoverageDerivedData-Shp9Jd/Index.noindex/DataStore -swift-version 6 -I /Users/builder/Factory/paperloft/evidence/checkouts/p2-checkpoint47fdb2c/build/CoverageDerivedData-Shp9Jd/Build/Products/Debug -F /Users/builder/Factory/paperloft/evidence/checkouts/p2-checkpoint47fdb2c/build/CoverageDerivedData-Shp9Jd/Build/Products/Debug/PackageFrameworks -F /Users/builder/Factory/paperloft/evidence/checkouts/p2-checkpoint47fdb2c/build/CoverageDerivedData-Shp9Jd/Build/Products/Debug -parse-as-library -c -j10 -enable-batch-mode -incremental -Xcc -ivfsstatcache -Xcc /Users/builder/Factory/paperloft/evidence/checkouts/p2-checkpoint47fdb2c/build/CoverageDerivedData-Shp9Jd/SDKStatCaches.noindex/macosx27.0-26A425-7231f6df4def33e022ae2eb8f782df1a.sdkstatcache -output-file-map /Users/builder/Factory/paperloft/evidence/checkouts/p2-checkpoint47fdb2c/build/CoverageDerivedData-Shp9Jd/Build/Intermediates.noindex/Paperloft.build/Debug/PaperloftApp.build/Objects-normal/arm64/PaperloftApp-OutputFileMap.json -save-temps -no-color-diagnostics -explicit-module-build -module-cache-path /Users/builder/Factory/paperloft/evidence/checkouts/p2-checkpoint47fdb2c/build/CoverageDerivedData-Shp9Jd/Build/Intermediates.noindex/SwiftExplicitPrecompiledModules -clang-scanner-module-cache-path /Users/builder/Factory/paperloft/evidence/checkouts/p2-checkpoint47fdb2c/build/CoverageDerivedData-Shp9Jd/ModuleCache.noindex -sdk-module-cache-path /Users/builder/Factory/paperloft/evidence/checkouts/p2-checkpoint47fdb2c/build/CoverageDerivedData-Shp9Jd/SDKExplicitPrecompiledModules -emit-dependencies -emit-module -emit-module-path /Users/builder/Factory/paperloft/evidence/checkouts/p2-checkpoint47fdb2c/build/CoverageDerivedData-Shp9Jd/Build/Intermediates.noindex/Paperloft.build/Debug/PaperloftApp.build/Objects-normal/arm64/Paperloft_Receipts.swiftmodule -serialize-diagnostics -dependency-scan-serialize-diagnostics-path /Users/builder/Factory/paperloft/evidence/checkouts/p2-checkpoint47fdb2c/build/CoverageDerivedData-Shp9Jd/Build/Intermediates.noindex/Paperloft.build/Debug/PaperloftApp.build/Objects-normal/arm64/Paperloft_Receipts-dependency-scan.dia -validate-clang-modules-once -clang-build-session-file /Users/builder/Factory/paperloft/evidence/checkouts/p2-checkpoint47fdb2c/build/CoverageDerivedData-Shp9Jd/ModuleCache.noindex/Session.modulevalidation -Xcc -fmodules-prune-interval\=86400 -Xcc -fmodules-prune-after\=345600 -emit-const-values -const-gather-protocols-list /Users/builder/Factory/paperloft/evidence/checkouts/p2-checkpoint47fdb2c/build/CoverageDerivedData-Shp9Jd/Build/Intermediates.noindex/Paperloft.build/Debug/PaperloftApp.build/Objects-normal/arm64/PaperloftApp_const_extract_protocols.json -Xcc -iquote -Xcc /Users/builder/Factory/paperloft/evidence/checkouts/p2-checkpoint47fdb2c/build/CoverageDerivedData-Shp9Jd/Build/Intermediates.noindex/Paperloft.build/Debug/PaperloftApp.build/Paperloft\ Receipts-generated-files.hmap -Xcc -I/Users/builder/Factory/paperloft/evidence/checkouts/p2-checkpoint47fdb2c/build/CoverageDerivedData-Shp9Jd/Build/Intermediates.noindex/Paperloft.build/Debug/PaperloftApp.build/Paperloft\ Receipts-own-target-headers.hmap -Xcc -I/Users/builder/Factory/paperloft/evidence/checkouts/p2-checkpoint47fdb2c/build/CoverageDerivedData-Shp9Jd/Build/Intermediates.noindex/Paperloft.build/Debug/PaperloftApp.build/Paperloft\ Receipts-all-non-framework-target-headers.hmap -Xcc -ivfsoverlay -Xcc /Users/builder/Factory/paperloft/evidence/checkouts/p2-checkpoint47fdb2c/build/CoverageDerivedData-Shp9Jd/Build/Intermediates.noindex/Paperloft.build/Debug/Paperloft-b93ddc6bcd4d234a5473ab01ad3589c4-VFS/all-product-headers.yaml -Xcc -iquote -Xcc /Users/builder/Factory/paperloft/evidence/checkouts/p2-checkpoint47fdb2c/build/CoverageDerivedData-Shp9Jd/Build/Intermediates.noindex/Paperloft.build/Debug/PaperloftApp.build/Paperloft\ Receipts-project-headers.hmap -Xcc -I/Users/builder/Factory/paperloft/evidence/checkouts/p2-checkpoint47fdb2c/build/CoverageDerivedData-Shp9Jd/Build/Products/Debug/include -Xcc -I/Users/builder/Factory/paperloft/evidence/checkouts/p2-checkpoint47fdb2c/build/CoverageDerivedData-Shp9Jd/Build/Intermediates.noindex/Paperloft.build/Debug/PaperloftApp.build/DerivedSources-normal/arm64 -Xcc -I/Users/builder/Factory/paperloft/evidence/checkouts/p2-checkpoint47fdb2c/build/CoverageDerivedData-Shp9Jd/Build/Intermediates.noindex/Paperloft.build/Debug/PaperloftApp.build/DerivedSources/arm64 -Xcc -I/Users/builder/Factory/paperloft/evidence/checkouts/p2-checkpoint47fdb2c/build/CoverageDerivedData-Shp9Jd/Build/Intermediates.noindex/Paperloft.build/Debug/PaperloftApp.build/DerivedSources -emit-objc-header -emit-objc-header-path /Users/builder/Factory/paperloft/evidence/checkouts/p2-checkpoint47fdb2c/build/CoverageDerivedData-Shp9Jd/Build/Intermediates.noindex/Paperloft.build/Debug/PaperloftApp.build/Objects-normal/arm64/Paperloft_Receipts-Swift.h -working-directory /Users/builder/Factory/paperloft/evidence/checkouts/p2-checkpoint47fdb2c -experimental-emit-module-separately -disable-cmo

Ld /Users/builder/Factory/paperloft/evidence/checkouts/p2-checkpoint47fdb2c/build/CoverageDerivedData-Shp9Jd/Build/Products/Debug/Paperloft\ Receipts.app/Contents/MacOS/Paperloft\ Receipts.debug.dylib normal (in target 'PaperloftApp' from project 'Paperloft')
    cd /Users/builder/Factory/paperloft/evidence/checkouts/p2-checkpoint47fdb2c
    /Applications/Xcode.app/Contents/Developer/Toolchains/XcodeDefault.xctoolchain/usr/bin/clang -Xlinker -reproducible -target arm64-apple-macos27.0 -dynamiclib -isysroot /Applications/Xcode.app/Contents/Developer/Platforms/MacOSX.platform/Developer/SDKs/MacOSX27.0.sdk -Os -Xlinker -no_warn_duplicate_libraries -L/Users/builder/Factory/paperloft/evidence/checkouts/p2-checkpoint47fdb2c/build/CoverageDerivedData-Shp9Jd/Build/Intermediates.noindex/EagerLinkingTBDs/Debug -L/Users/builder/Factory/paperloft/evidence/checkouts/p2-checkpoint47fdb2c/build/CoverageDerivedData-Shp9Jd/Build/Products/Debug -F/Users/builder/Factory/paperloft/evidence/checkouts/p2-checkpoint47fdb2c/build/CoverageDerivedData-Shp9Jd/Build/Intermediates.noindex/EagerLinkingTBDs/Debug -F/Users/builder/Factory/paperloft/evidence/checkouts/p2-checkpoint47fdb2c/build/CoverageDerivedData-Shp9Jd/Build/Products/Debug/PackageFrameworks -F/Users/builder/Factory/paperloft/evidence/checkouts/p2-checkpoint47fdb2c/build/CoverageDerivedData-Shp9Jd/Build/Products/Debug -filelist /Users/builder/Factory/paperloft/evidence/checkouts/p2-checkpoint47fdb2c/build/CoverageDerivedData-Shp9Jd/Build/Intermediates.noindex/Paperloft.build/Debug/PaperloftApp.build/Objects-normal/arm64/Paperloft\ Receipts.LinkFileList -install_name @rpath/Paperloft\ Receipts.debug.dylib -Xlinker -rpath -Xlinker @loader_path -Xlinker -rpath -Xlinker /Users/builder/Factory/paperloft/evidence/checkouts/p2-checkpoint47fdb2c/build/CoverageDerivedData-Shp9Jd/Build/Products/Debug/PackageFrameworks -Xlinker -object_path_lto -Xlinker /Users/builder/Factory/paperloft/evidence/checkouts/p2-checkpoint47fdb2c/build/CoverageDerivedData-Shp9Jd/Build/Intermediates.noindex/Paperloft.build/Debug/PaperloftApp.build/Objects-normal/arm64/Paperloft\ Receipts_lto.o -rdynamic -Xlinker -debug_variant -Xlinker -dependency_info -Xlinker /Users/builder/Factory/paperloft/evidence/checkouts/p2-checkpoint47fdb2c/build/CoverageDerivedData-Shp9Jd/Build/Intermediates.noindex/Paperloft.build/Debug/PaperloftApp.build/Objects-normal/arm64/Paperloft\ Receipts_dependency_info.dat -fobjc-link-runtime -fprofile-instr-generate -L/Applications/Xcode.app/Contents/Developer/Toolchains/XcodeDefault.xctoolchain/usr/lib/swift/macosx -L/usr/lib/swift -Xlinker -add_ast_path -Xlinker /Users/builder/Factory/paperloft/evidence/checkouts/p2-checkpoint47fdb2c/build/CoverageDerivedData-Shp9Jd/Build/Intermediates.noindex/Paperloft.build/Debug/PaperloftApp.build/Objects-normal/arm64/Paperloft_Receipts.swiftmodule -Xlinker -alias -Xlinker _main -Xlinker ___debug_main_executable_dylib_entry_point -Xlinker -no_adhoc_codesign -o /Users/builder/Factory/paperloft/evidence/checkouts/p2-checkpoint47fdb2c/build/CoverageDerivedData-Shp9Jd/Build/Products/Debug/Paperloft\ Receipts.app/Contents/MacOS/Paperloft\ Receipts.debug.dylib

ConstructStubExecutorLinkFileList /Users/builder/Factory/paperloft/evidence/checkouts/p2-checkpoint47fdb2c/build/CoverageDerivedData-Shp9Jd/Build/Intermediates.noindex/Paperloft.build/Debug/PaperloftApp.build/Paperloft\ Receipts-ExecutorLinkFileList-normal-arm64.txt (in target 'PaperloftApp' from project 'Paperloft')
    cd /Users/builder/Factory/paperloft/evidence/checkouts/p2-checkpoint47fdb2c
    construct-stub-executor-link-file-list /Users/builder/Factory/paperloft/evidence/checkouts/p2-checkpoint47fdb2c/build/CoverageDerivedData-Shp9Jd/Build/Products/Debug/Paperloft\ Receipts.app/Contents/MacOS/Paperloft\ Receipts.debug.dylib /Applications/Xcode.app/Contents/Developer/Platforms/MacOSX.platform/Developer/usr/lib/libPreviewsJITStubExecutor_no_swift_entry_point.a /Applications/Xcode.app/Contents/Developer/Platforms/MacOSX.platform/Developer/usr/lib/libPreviewsJITStubExecutor.a --output /Users/builder/Factory/paperloft/evidence/checkouts/p2-checkpoint47fdb2c/build/CoverageDerivedData-Shp9Jd/Build/Intermediates.noindex/Paperloft.build/Debug/PaperloftApp.build/Paperloft\ Receipts-ExecutorLinkFileList-normal-arm64.txt
note: Using stub executor library with Swift entry point. (in target 'PaperloftApp' from project 'Paperloft')

Ld /Users/builder/Factory/paperloft/evidence/checkouts/p2-checkpoint47fdb2c/build/CoverageDerivedData-Shp9Jd/Build/Products/Debug/Paperloft\ Receipts.app/Contents/MacOS/Paperloft\ Receipts normal (in target 'PaperloftApp' from project 'Paperloft')
    cd /Users/builder/Factory/paperloft/evidence/checkouts/p2-checkpoint47fdb2c
    /Applications/Xcode.app/Contents/Developer/Toolchains/XcodeDefault.xctoolchain/usr/bin/clang -Xlinker -reproducible -target arm64-apple-macos27.0 -isysroot /Applications/Xcode.app/Contents/Developer/Platforms/MacOSX.platform/Developer/SDKs/MacOSX27.0.sdk -Os -Xlinker -no_warn_duplicate_libraries -L/Users/builder/Factory/paperloft/evidence/checkouts/p2-checkpoint47fdb2c/build/CoverageDerivedData-Shp9Jd/Build/Products/Debug -F/Users/builder/Factory/paperloft/evidence/checkouts/p2-checkpoint47fdb2c/build/CoverageDerivedData-Shp9Jd/Build/Products/Debug/PackageFrameworks -F/Users/builder/Factory/paperloft/evidence/checkouts/p2-checkpoint47fdb2c/build/CoverageDerivedData-Shp9Jd/Build/Products/Debug -Xlinker -rpath -Xlinker @executable_path -Xlinker -rpath -Xlinker @loader_path -Xlinker -rpath -Xlinker /Users/builder/Factory/paperloft/evidence/checkouts/p2-checkpoint47fdb2c/build/CoverageDerivedData-Shp9Jd/Build/Products/Debug/PackageFrameworks -rdynamic -Xlinker -debug_variant -e ___debug_blank_executor_main -Xlinker -sectcreate -Xlinker __TEXT -Xlinker __debug_dylib -Xlinker /Users/builder/Factory/paperloft/evidence/checkouts/p2-checkpoint47fdb2c/build/CoverageDerivedData-Shp9Jd/Build/Intermediates.noindex/Paperloft.build/Debug/PaperloftApp.build/Paperloft\ Receipts-DebugDylibPath-normal-arm64.txt -Xlinker -sectcreate -Xlinker __TEXT -Xlinker __debug_instlnm -Xlinker /Users/builder/Factory/paperloft/evidence/checkouts/p2-checkpoint47fdb2c/build/CoverageDerivedData-Shp9Jd/Build/Intermediates.noindex/Paperloft.build/Debug/PaperloftApp.build/Paperloft\ Receipts-DebugDylibInstallName-normal-arm64.txt -Xlinker -filelist -Xlinker /Users/builder/Factory/paperloft/evidence/checkouts/p2-checkpoint47fdb2c/build/CoverageDerivedData-Shp9Jd/Build/Intermediates.noindex/Paperloft.build/Debug/PaperloftApp.build/Paperloft\ Receipts-ExecutorLinkFileList-normal-arm64.txt /Users/builder/Factory/paperloft/evidence/checkouts/p2-checkpoint47fdb2c/build/CoverageDerivedData-Shp9Jd/Build/Products/Debug/Paperloft\ Receipts.app/Contents/MacOS/Paperloft\ Receipts.debug.dylib -Xlinker -no_adhoc_codesign -o /Users/builder/Factory/paperloft/evidence/checkouts/p2-checkpoint47fdb2c/build/CoverageDerivedData-Shp9Jd/Build/Products/Debug/Paperloft\ Receipts.app/Contents/MacOS/Paperloft\ Receipts

CopySwiftLibs /Users/builder/Factory/paperloft/evidence/checkouts/p2-checkpoint47fdb2c/build/CoverageDerivedData-Shp9Jd/Build/Products/Debug/Paperloft\ Receipts.app (in target 'PaperloftApp' from project 'Paperloft')
    cd /Users/builder/Factory/paperloft/evidence/checkouts/p2-checkpoint47fdb2c
    builtin-swiftStdLibTool --copy --verbose --sign - --scan-executable /Users/builder/Factory/paperloft/evidence/checkouts/p2-checkpoint47fdb2c/build/CoverageDerivedData-Shp9Jd/Build/Products/Debug/Paperloft\ Receipts.app/Contents/MacOS/Paperloft\ Receipts.debug.dylib --scan-folder /Users/builder/Factory/paperloft/evidence/checkouts/p2-checkpoint47fdb2c/build/CoverageDerivedData-Shp9Jd/Build/Products/Debug/Paperloft\ Receipts.app/Contents/Frameworks --scan-folder /Users/builder/Factory/paperloft/evidence/checkouts/p2-checkpoint47fdb2c/build/CoverageDerivedData-Shp9Jd/Build/Products/Debug/Paperloft\ Receipts.app/Contents/PlugIns --scan-folder /Users/builder/Factory/paperloft/evidence/checkouts/p2-checkpoint47fdb2c/build/CoverageDerivedData-Shp9Jd/Build/Products/Debug/Paperloft\ Receipts.app/Contents/Library/SystemExtensions --scan-folder /Users/builder/Factory/paperloft/evidence/checkouts/p2-checkpoint47fdb2c/build/CoverageDerivedData-Shp9Jd/Build/Products/Debug/Paperloft\ Receipts.app/Contents/Extensions --platform macosx --toolchain /Applications/Xcode.app/Contents/Developer/Toolchains/XcodeDefault.xctoolchain --destination /Users/builder/Factory/paperloft/evidence/checkouts/p2-checkpoint47fdb2c/build/CoverageDerivedData-Shp9Jd/Build/Products/Debug/Paperloft\ Receipts.app/Contents/Frameworks --strip-bitcode --strip-bitcode-tool /Applications/Xcode.app/Contents/Developer/Toolchains/XcodeDefault.xctoolchain/usr/bin/bitcode_strip --emit-dependency-info /Users/builder/Factory/paperloft/evidence/checkouts/p2-checkpoint47fdb2c/build/CoverageDerivedData-Shp9Jd/Build/Intermediates.noindex/Paperloft.build/Debug/PaperloftApp.build/SwiftStdLibToolInputDependencies.dep --filter-for-swift-os

ExtractAppIntentsMetadata (in target 'PaperloftApp' from project 'Paperloft')
    cd /Users/builder/Factory/paperloft/evidence/checkouts/p2-checkpoint47fdb2c
    /Applications/Xcode.app/Contents/Developer/Toolchains/XcodeDefault.xctoolchain/usr/bin/appintentsmetadataprocessor --toolchain-dir /Applications/Xcode.app/Contents/Developer/Toolchains/XcodeDefault.xctoolchain --module-name Paperloft_Receipts --sdk-root /Applications/Xcode.app/Contents/Developer/Platforms/MacOSX.platform/Developer/SDKs/MacOSX27.0.sdk --xcode-version 27A266a --platform-family macOS --deployment-target 27.0 --bundle-identifier app.paperloft.receipts --output /Users/builder/Factory/paperloft/evidence/checkouts/p2-checkpoint47fdb2c/build/CoverageDerivedData-Shp9Jd/Build/Products/Debug/Paperloft\ Receipts.app/Contents/Resources --target-triple arm64-apple-macos27.0 --binary-file /Users/builder/Factory/paperloft/evidence/checkouts/p2-checkpoint47fdb2c/build/CoverageDerivedData-Shp9Jd/Build/Products/Debug/Paperloft\ Receipts.app/Contents/MacOS/Paperloft\ Receipts --dependency-file /Users/builder/Factory/paperloft/evidence/checkouts/p2-checkpoint47fdb2c/build/CoverageDerivedData-Shp9Jd/Build/Intermediates.noindex/Paperloft.build/Debug/PaperloftApp.build/Objects-normal/arm64/Paperloft\ Receipts_dependency_info.dat --stringsdata-file /Users/builder/Factory/paperloft/evidence/checkouts/p2-checkpoint47fdb2c/build/CoverageDerivedData-Shp9Jd/Build/Intermediates.noindex/Paperloft.build/Debug/PaperloftApp.build/Objects-normal/arm64/ExtractedAppShortcutsMetadata.stringsdata --source-file-list /Users/builder/Factory/paperloft/evidence/checkouts/p2-checkpoint47fdb2c/build/CoverageDerivedData-Shp9Jd/Build/Intermediates.noindex/Paperloft.build/Debug/PaperloftApp.build/Objects-normal/arm64/Paperloft\ Receipts.SwiftFileList --metadata-file-list /Users/builder/Factory/paperloft/evidence/checkouts/p2-checkpoint47fdb2c/build/CoverageDerivedData-Shp9Jd/Build/Intermediates.noindex/Paperloft.build/Debug/PaperloftApp.build/Paperloft\ Receipts.DependencyMetadataFileList --static-metadata-file-list /Users/builder/Factory/paperloft/evidence/checkouts/p2-checkpoint47fdb2c/build/CoverageDerivedData-Shp9Jd/Build/Intermediates.noindex/Paperloft.build/Debug/PaperloftApp.build/Paperloft\ Receipts.DependencyStaticMetadataFileList --swift-const-vals-list /Users/builder/Factory/paperloft/evidence/checkouts/p2-checkpoint47fdb2c/build/CoverageDerivedData-Shp9Jd/Build/Intermediates.noindex/Paperloft.build/Debug/PaperloftApp.build/Objects-normal/arm64/Paperloft\ Receipts.SwiftConstValuesFileList --compile-time-extraction --deployment-aware-processing --no-app-shortcuts-localization
2026-09-26 22:28:20.727 appintentsmetadataprocessor[46086:1020920] Starting appintentsmetadataprocessor export
2026-09-26 22:28:20.782 appintentsmetadataprocessor[46086:1020920] Extracted no relevant App Intents symbols, skipping writing output

CodeSign /Users/builder/Factory/paperloft/evidence/checkouts/p2-checkpoint47fdb2c/build/CoverageDerivedData-Shp9Jd/Build/Products/Debug/Paperloft\ Receipts.app/Contents/MacOS/Paperloft\ Receipts.debug.dylib (in target 'PaperloftApp' from project 'Paperloft')
    cd /Users/builder/Factory/paperloft/evidence/checkouts/p2-checkpoint47fdb2c
    
    Signing Identity:     "Sign to Run Locally"
    
    /usr/bin/codesign --force --sign - --timestamp\=none --generate-entitlement-der /Users/builder/Factory/paperloft/evidence/checkouts/p2-checkpoint47fdb2c/build/CoverageDerivedData-Shp9Jd/Build/Products/Debug/Paperloft\ Receipts.app/Contents/MacOS/Paperloft\ Receipts.debug.dylib

CodeSign /Users/builder/Factory/paperloft/evidence/checkouts/p2-checkpoint47fdb2c/build/CoverageDerivedData-Shp9Jd/Build/Products/Debug/Paperloft\ Receipts.app/Contents/MacOS/__preview.dylib (in target 'PaperloftApp' from project 'Paperloft')
    cd /Users/builder/Factory/paperloft/evidence/checkouts/p2-checkpoint47fdb2c
    
    Signing Identity:     "Sign to Run Locally"
    
    /usr/bin/codesign --force --sign - --timestamp\=none --generate-entitlement-der /Users/builder/Factory/paperloft/evidence/checkouts/p2-checkpoint47fdb2c/build/CoverageDerivedData-Shp9Jd/Build/Products/Debug/Paperloft\ Receipts.app/Contents/MacOS/__preview.dylib

CodeSign /Users/builder/Factory/paperloft/evidence/checkouts/p2-checkpoint47fdb2c/build/CoverageDerivedData-Shp9Jd/Build/Products/Debug/Paperloft\ Receipts.app (in target 'PaperloftApp' from project 'Paperloft')
    cd /Users/builder/Factory/paperloft/evidence/checkouts/p2-checkpoint47fdb2c
    
    Signing Identity:     "Sign to Run Locally"
    
    /usr/bin/codesign --force --sign - --entitlements /Users/builder/Factory/paperloft/evidence/checkouts/p2-checkpoint47fdb2c/build/CoverageDerivedData-Shp9Jd/Build/Intermediates.noindex/Paperloft.build/Debug/PaperloftApp.build/Paperloft\ Receipts.app.xcent --timestamp\=none --generate-entitlement-der /Users/builder/Factory/paperloft/evidence/checkouts/p2-checkpoint47fdb2c/build/CoverageDerivedData-Shp9Jd/Build/Products/Debug/Paperloft\ Receipts.app

RegisterExecutionPolicyException /Users/builder/Factory/paperloft/evidence/checkouts/p2-checkpoint47fdb2c/build/CoverageDerivedData-Shp9Jd/Build/Products/Debug/Paperloft\ Receipts.app (in target 'PaperloftApp' from project 'Paperloft')
    cd /Users/builder/Factory/paperloft/evidence/checkouts/p2-checkpoint47fdb2c
    builtin-RegisterExecutionPolicyException /Users/builder/Factory/paperloft/evidence/checkouts/p2-checkpoint47fdb2c/build/CoverageDerivedData-Shp9Jd/Build/Products/Debug/Paperloft\ Receipts.app

Validate /Users/builder/Factory/paperloft/evidence/checkouts/p2-checkpoint47fdb2c/build/CoverageDerivedData-Shp9Jd/Build/Products/Debug/Paperloft\ Receipts.app (in target 'PaperloftApp' from project 'Paperloft')
    cd /Users/builder/Factory/paperloft/evidence/checkouts/p2-checkpoint47fdb2c
    builtin-validationUtility /Users/builder/Factory/paperloft/evidence/checkouts/p2-checkpoint47fdb2c/build/CoverageDerivedData-Shp9Jd/Build/Products/Debug/Paperloft\ Receipts.app -no-validate-extension -infoplist-subpath Contents/Info.plist

Touch /Users/builder/Factory/paperloft/evidence/checkouts/p2-checkpoint47fdb2c/build/CoverageDerivedData-Shp9Jd/Build/Products/Debug/Paperloft\ Receipts.app (in target 'PaperloftApp' from project 'Paperloft')
    cd /Users/builder/Factory/paperloft/evidence/checkouts/p2-checkpoint47fdb2c
    /usr/bin/touch -c /Users/builder/Factory/paperloft/evidence/checkouts/p2-checkpoint47fdb2c/build/CoverageDerivedData-Shp9Jd/Build/Products/Debug/Paperloft\ Receipts.app

RegisterWithLaunchServices /Users/builder/Factory/paperloft/evidence/checkouts/p2-checkpoint47fdb2c/build/CoverageDerivedData-Shp9Jd/Build/Products/Debug/Paperloft\ Receipts.app (in target 'PaperloftApp' from project 'Paperloft')
    cd /Users/builder/Factory/paperloft/evidence/checkouts/p2-checkpoint47fdb2c
    builtin-lsregisterurl --record-path /Users/builder/Factory/paperloft/evidence/checkouts/p2-checkpoint47fdb2c/build/CoverageDerivedData-Shp9Jd/Build/Intermediates.noindex/XCBuildData/registered-launchservices.txt -- /System/Library/Frameworks/CoreServices.framework/Versions/Current/Frameworks/LaunchServices.framework/Versions/Current/Support/lsregister -f -R -trusted /Users/builder/Factory/paperloft/evidence/checkouts/p2-checkpoint47fdb2c/build/CoverageDerivedData-Shp9Jd/Build/Products/Debug/Paperloft\ Receipts.app

ProcessInfoPlistFile /Users/builder/Factory/paperloft/evidence/checkouts/p2-checkpoint47fdb2c/build/CoverageDerivedData-Shp9Jd/Build/Products/Debug/PaperloftUITests-Runner.app/Contents/PlugIns/PaperloftUITests.xctest/Contents/Info.plist /Users/builder/Factory/paperloft/evidence/checkouts/p2-checkpoint47fdb2c/build/CoverageDerivedData-Shp9Jd/Build/Intermediates.noindex/Paperloft.build/Debug/PaperloftUITests.build/empty-PaperloftUITests.plist (in target 'PaperloftUITests' from project 'Paperloft')
    cd /Users/builder/Factory/paperloft/evidence/checkouts/p2-checkpoint47fdb2c
    builtin-infoPlistUtility /Users/builder/Factory/paperloft/evidence/checkouts/p2-checkpoint47fdb2c/build/CoverageDerivedData-Shp9Jd/Build/Intermediates.noindex/Paperloft.build/Debug/PaperloftUITests.build/empty-PaperloftUITests.plist -producttype com.apple.product-type.bundle.ui-testing -expandbuildsettings -platform macosx -additionalcontentfile /Users/builder/Factory/paperloft/evidence/checkouts/p2-checkpoint47fdb2c/build/CoverageDerivedData-Shp9Jd/Build/Intermediates.noindex/Paperloft.build/Debug/PaperloftUITests.build/ProductTypeInfoPlistAdditions.plist -o /Users/builder/Factory/paperloft/evidence/checkouts/p2-checkpoint47fdb2c/build/CoverageDerivedData-Shp9Jd/Build/Products/Debug/PaperloftUITests-Runner.app/Contents/PlugIns/PaperloftUITests.xctest/Contents/Info.plist

Ld /Users/builder/Factory/paperloft/evidence/checkouts/p2-checkpoint47fdb2c/build/CoverageDerivedData-Shp9Jd/Build/Products/Debug/PaperloftUITests-Runner.app/Contents/PlugIns/PaperloftUITests.xctest/Contents/MacOS/PaperloftUITests normal (in target 'PaperloftUITests' from project 'Paperloft')
    cd /Users/builder/Factory/paperloft/evidence/checkouts/p2-checkpoint47fdb2c
    /Applications/Xcode.app/Contents/Developer/Toolchains/XcodeDefault.xctoolchain/usr/bin/clang -Xlinker -reproducible -target arm64-apple-macos27.0 -bundle -isysroot /Applications/Xcode.app/Contents/Developer/Platforms/MacOSX.platform/Developer/SDKs/MacOSX27.0.sdk -Os -Xlinker -no_warn_duplicate_libraries -L/Users/builder/Factory/paperloft/evidence/checkouts/p2-checkpoint47fdb2c/build/CoverageDerivedData-Shp9Jd/Build/Intermediates.noindex/EagerLinkingTBDs/Debug -L/Users/builder/Factory/paperloft/evidence/checkouts/p2-checkpoint47fdb2c/build/CoverageDerivedData-Shp9Jd/Build/Products/Debug -L/Applications/Xcode.app/Contents/Developer/Platforms/MacOSX.platform/Developer/usr/lib -F/Users/builder/Factory/paperloft/evidence/checkouts/p2-checkpoint47fdb2c/build/CoverageDerivedData-Shp9Jd/Build/Intermediates.noindex/EagerLinkingTBDs/Debug -F/Users/builder/Factory/paperloft/evidence/checkouts/p2-checkpoint47fdb2c/build/CoverageDerivedData-Shp9Jd/Build/Products/Debug -iframework /Applications/Xcode.app/Contents/Developer/Platforms/MacOSX.platform/Developer/Library/Frameworks -filelist /Users/builder/Factory/paperloft/evidence/checkouts/p2-checkpoint47fdb2c/build/CoverageDerivedData-Shp9Jd/Build/Intermediates.noindex/Paperloft.build/Debug/PaperloftUITests.build/Objects-normal/arm64/PaperloftUITests.LinkFileList -Xlinker -rpath -Xlinker @loader_path/../Frameworks -Xlinker -object_path_lto -Xlinker /Users/builder/Factory/paperloft/evidence/checkouts/p2-checkpoint47fdb2c/build/CoverageDerivedData-Shp9Jd/Build/Intermediates.noindex/Paperloft.build/Debug/PaperloftUITests.build/Objects-normal/arm64/PaperloftUITests_lto.o -rdynamic -Xlinker -debug_variant -Xlinker -dependency_info -Xlinker /Users/builder/Factory/paperloft/evidence/checkouts/p2-checkpoint47fdb2c/build/CoverageDerivedData-Shp9Jd/Build/Intermediates.noindex/Paperloft.build/Debug/PaperloftUITests.build/Objects-normal/arm64/PaperloftUITests_dependency_info.dat -fobjc-link-runtime -fprofile-instr-generate -L/Applications/Xcode.app/Contents/Developer/Toolchains/XcodeDefault.xctoolchain/usr/lib/swift/macosx -L/usr/lib/swift -Xlinker -add_ast_path -Xlinker /Users/builder/Factory/paperloft/evidence/checkouts/p2-checkpoint47fdb2c/build/CoverageDerivedData-Shp9Jd/Build/Intermediates.noindex/Paperloft.build/Debug/PaperloftUITests.build/Objects-normal/arm64/PaperloftUITests.swiftmodule -Xlinker -needed_framework -Xlinker XCTest -framework XCTest -Xlinker -needed-lXCTestSwiftSupport -lXCTestSwiftSupport -Xlinker -no_adhoc_codesign -o /Users/builder/Factory/paperloft/evidence/checkouts/p2-checkpoint47fdb2c/build/CoverageDerivedData-Shp9Jd/Build/Products/Debug/PaperloftUITests-Runner.app/Contents/PlugIns/PaperloftUITests.xctest/Contents/MacOS/PaperloftUITests

CopySwiftLibs /Users/builder/Factory/paperloft/evidence/checkouts/p2-checkpoint47fdb2c/build/CoverageDerivedData-Shp9Jd/Build/Products/Debug/PaperloftUITests-Runner.app/Contents/PlugIns/PaperloftUITests.xctest (in target 'PaperloftUITests' from project 'Paperloft')
    cd /Users/builder/Factory/paperloft/evidence/checkouts/p2-checkpoint47fdb2c
    builtin-swiftStdLibTool --copy --verbose --sign - --scan-executable /Users/builder/Factory/paperloft/evidence/checkouts/p2-checkpoint47fdb2c/build/CoverageDerivedData-Shp9Jd/Build/Products/Debug/PaperloftUITests-Runner.app/Contents/PlugIns/PaperloftUITests.xctest/Contents/MacOS/PaperloftUITests --scan-folder /Users/builder/Factory/paperloft/evidence/checkouts/p2-checkpoint47fdb2c/build/CoverageDerivedData-Shp9Jd/Build/Products/Debug/PaperloftUITests-Runner.app/Contents/PlugIns/PaperloftUITests.xctest/Contents/Frameworks --scan-folder /Users/builder/Factory/paperloft/evidence/checkouts/p2-checkpoint47fdb2c/build/CoverageDerivedData-Shp9Jd/Build/Products/Debug/PaperloftUITests-Runner.app/Contents/PlugIns/PaperloftUITests.xctest/Contents/PlugIns --scan-folder /Users/builder/Factory/paperloft/evidence/checkouts/p2-checkpoint47fdb2c/build/CoverageDerivedData-Shp9Jd/Build/Products/Debug/PaperloftUITests-Runner.app/Contents/PlugIns/PaperloftUITests.xctest/Contents/Library/SystemExtensions --scan-folder /Users/builder/Factory/paperloft/evidence/checkouts/p2-checkpoint47fdb2c/build/CoverageDerivedData-Shp9Jd/Build/Products/Debug/PaperloftUITests-Runner.app/Contents/PlugIns/PaperloftUITests.xctest/Contents/Extensions --platform macosx --toolchain /Applications/Xcode.app/Contents/Developer/Toolchains/XcodeDefault.xctoolchain --destination /Users/builder/Factory/paperloft/evidence/checkouts/p2-checkpoint47fdb2c/build/CoverageDerivedData-Shp9Jd/Build/Products/Debug/PaperloftUITests-Runner.app/Contents/PlugIns/PaperloftUITests.xctest/Contents/Frameworks --strip-bitcode --scan-executable /Applications/Xcode.app/Contents/Developer/Platforms/MacOSX.platform/Developer/usr/lib/libXCTestSwiftSupport.dylib --strip-bitcode-tool /Applications/Xcode.app/Contents/Developer/Toolchains/XcodeDefault.xctoolchain/usr/bin/bitcode_strip --emit-dependency-info /Users/builder/Factory/paperloft/evidence/checkouts/p2-checkpoint47fdb2c/build/CoverageDerivedData-Shp9Jd/Build/Intermediates.noindex/Paperloft.build/Debug/PaperloftUITests.build/SwiftStdLibToolInputDependencies.dep --filter-for-swift-os

ExtractAppIntentsMetadata (in target 'PaperloftUITests' from project 'Paperloft')
    cd /Users/builder/Factory/paperloft/evidence/checkouts/p2-checkpoint47fdb2c
    /Applications/Xcode.app/Contents/Developer/Toolchains/XcodeDefault.xctoolchain/usr/bin/appintentsmetadataprocessor --toolchain-dir /Applications/Xcode.app/Contents/Developer/Toolchains/XcodeDefault.xctoolchain --module-name PaperloftUITests --sdk-root /Applications/Xcode.app/Contents/Developer/Platforms/MacOSX.platform/Developer/SDKs/MacOSX27.0.sdk --xcode-version 27A266a --platform-family macOS --deployment-target 27.0 --bundle-identifier app.paperloft.PaperloftUITests --output /Users/builder/Factory/paperloft/evidence/checkouts/p2-checkpoint47fdb2c/build/CoverageDerivedData-Shp9Jd/Build/Products/Debug/PaperloftUITests-Runner.app/Contents/PlugIns/PaperloftUITests.xctest/Contents/Resources --target-triple arm64-apple-macos27.0 --binary-file /Users/builder/Factory/paperloft/evidence/checkouts/p2-checkpoint47fdb2c/build/CoverageDerivedData-Shp9Jd/Build/Products/Debug/PaperloftUITests-Runner.app/Contents/PlugIns/PaperloftUITests.xctest/Contents/MacOS/PaperloftUITests --dependency-file /Users/builder/Factory/paperloft/evidence/checkouts/p2-checkpoint47fdb2c/build/CoverageDerivedData-Shp9Jd/Build/Intermediates.noindex/Paperloft.build/Debug/PaperloftUITests.build/Objects-normal/arm64/PaperloftUITests_dependency_info.dat --stringsdata-file /Users/builder/Factory/paperloft/evidence/checkouts/p2-checkpoint47fdb2c/build/CoverageDerivedData-Shp9Jd/Build/Intermediates.noindex/Paperloft.build/Debug/PaperloftUITests.build/Objects-normal/arm64/ExtractedAppShortcutsMetadata.stringsdata --source-file-list /Users/builder/Factory/paperloft/evidence/checkouts/p2-checkpoint47fdb2c/build/CoverageDerivedData-Shp9Jd/Build/Intermediates.noindex/Paperloft.build/Debug/PaperloftUITests.build/Objects-normal/arm64/PaperloftUITests.SwiftFileList --metadata-file-list /Users/builder/Factory/paperloft/evidence/checkouts/p2-checkpoint47fdb2c/build/CoverageDerivedData-Shp9Jd/Build/Intermediates.noindex/Paperloft.build/Debug/PaperloftUITests.build/PaperloftUITests.DependencyMetadataFileList --static-metadata-file-list /Users/builder/Factory/paperloft/evidence/checkouts/p2-checkpoint47fdb2c/build/CoverageDerivedData-Shp9Jd/Build/Intermediates.noindex/Paperloft.build/Debug/PaperloftUITests.build/PaperloftUITests.DependencyStaticMetadataFileList --swift-const-vals-list /Users/builder/Factory/paperloft/evidence/checkouts/p2-checkpoint47fdb2c/build/CoverageDerivedData-Shp9Jd/Build/Intermediates.noindex/Paperloft.build/Debug/PaperloftUITests.build/Objects-normal/arm64/PaperloftUITests.SwiftConstValuesFileList --compile-time-extraction --deployment-aware-processing --no-app-shortcuts-localization
2026-09-26 22:28:21.100 appintentsmetadataprocessor[46095:1020981] Starting appintentsmetadataprocessor export
2026-09-26 22:28:21.151 appintentsmetadataprocessor[46095:1020981] Extracted no relevant App Intents symbols, skipping writing output

CopyPlistFile /Users/builder/Factory/paperloft/evidence/checkouts/p2-checkpoint47fdb2c/build/CoverageDerivedData-Shp9Jd/Build/Products/Debug/PaperloftUITests-Runner.app/Contents/Info.plist /Applications/Xcode.app/Contents/Developer/Platforms/MacOSX.platform/Developer/Library/Xcode/Agents/XCTRunner.app/Contents/Info.plist (in target 'PaperloftUITests' from project 'Paperloft')
    cd /Users/builder/Factory/paperloft/evidence/checkouts/p2-checkpoint47fdb2c
    builtin-copyPlist --validate --convert xml1 --macro-expansion WRAPPEDPRODUCTNAME PaperloftUITests-Runner --macro-expansion WRAPPEDPRODUCTBUNDLEIDENTIFIER app.paperloft.PaperloftUITests.xctrunner --macro-expansion TESTPRODUCTNAME PaperloftUITests --macro-expansion TESTPRODUCTBUNDLEIDENTIFIER app.paperloft.PaperloftUITests --copy-value UIDeviceFamily /Users/builder/Factory/paperloft/evidence/checkouts/p2-checkpoint47fdb2c/build/CoverageDerivedData-Shp9Jd/Build/Products/Debug/PaperloftUITests-Runner.app/Contents/PlugIns/PaperloftUITests.xctest/Contents/Info.plist --outdir /Users/builder/Factory/paperloft/evidence/checkouts/p2-checkpoint47fdb2c/build/CoverageDerivedData-Shp9Jd/Build/Products/Debug/PaperloftUITests-Runner.app/Contents -- /Applications/Xcode.app/Contents/Developer/Platforms/MacOSX.platform/Developer/Library/Xcode/Agents/XCTRunner.app/Contents/Info.plist

Copy /Users/builder/Factory/paperloft/evidence/checkouts/p2-checkpoint47fdb2c/build/CoverageDerivedData-Shp9Jd/Build/Products/Debug/PaperloftUITests-Runner.app/Contents/PkgInfo /Applications/Xcode.app/Contents/Developer/Platforms/MacOSX.platform/Developer/Library/Xcode/Agents/XCTRunner.app/Contents/PkgInfo (in target 'PaperloftUITests' from project 'Paperloft')
    cd /Users/builder/Factory/paperloft/evidence/checkouts/p2-checkpoint47fdb2c
    builtin-copy -exclude .DS_Store -exclude CVS -exclude .svn -exclude .git -exclude .hg -strip-unsigned-binaries -strip-deterministic -strip-tool /Applications/Xcode.app/Contents/Developer/Toolchains/XcodeDefault.xctoolchain/usr/bin/strip -resolve-src-symlinks /Applications/Xcode.app/Contents/Developer/Platforms/MacOSX.platform/Developer/Library/Xcode/Agents/XCTRunner.app/Contents/PkgInfo /Users/builder/Factory/paperloft/evidence/checkouts/p2-checkpoint47fdb2c/build/CoverageDerivedData-Shp9Jd/Build/Products/Debug/PaperloftUITests-Runner.app/Contents

MkDir /Users/builder/Factory/paperloft/evidence/checkouts/p2-checkpoint47fdb2c/build/CoverageDerivedData-Shp9Jd/Build/Products/Debug/PaperloftUITests-Runner.app (in target 'PaperloftUITests' from project 'Paperloft')
    cd /Users/builder/Factory/paperloft/evidence/checkouts/p2-checkpoint47fdb2c
    /bin/mkdir -p /Users/builder/Factory/paperloft/evidence/checkouts/p2-checkpoint47fdb2c/build/CoverageDerivedData-Shp9Jd/Build/Products/Debug/PaperloftUITests-Runner.app

CopyAndPreserveArchs /Users/builder/Factory/paperloft/evidence/checkouts/p2-checkpoint47fdb2c/build/CoverageDerivedData-Shp9Jd/Build/Products/Debug/PaperloftUITests-Runner.app/Contents/MacOS/PaperloftUITests-Runner (in target 'PaperloftUITests' from project 'Paperloft')
    cd /Users/builder/Factory/paperloft/evidence/checkouts/p2-checkpoint47fdb2c
    /Applications/Xcode.app/Contents/Developer/Toolchains/XcodeDefault.xctoolchain/usr/bin/lipo /Applications/Xcode.app/Contents/Developer/Platforms/MacOSX.platform/Developer/Library/Xcode/Agents/XCTRunner.app/Contents/MacOS/XCTRunner -output /Users/builder/Factory/paperloft/evidence/checkouts/p2-checkpoint47fdb2c/build/CoverageDerivedData-Shp9Jd/Build/Products/Debug/PaperloftUITests-Runner.app/Contents/MacOS/PaperloftUITests-Runner -extract arm64

CodeSign /Users/builder/Factory/paperloft/evidence/checkouts/p2-checkpoint47fdb2c/build/CoverageDerivedData-Shp9Jd/Build/Products/Debug/PaperloftUITests-Runner.app/Contents/PlugIns/PaperloftUITests.xctest (in target 'PaperloftUITests' from project 'Paperloft')
    cd /Users/builder/Factory/paperloft/evidence/checkouts/p2-checkpoint47fdb2c
    
    Signing Identity:     "Sign to Run Locally"
    
    /usr/bin/codesign --force --sign - --entitlements /Users/builder/Factory/paperloft/evidence/checkouts/p2-checkpoint47fdb2c/build/CoverageDerivedData-Shp9Jd/Build/Intermediates.noindex/Paperloft.build/Debug/PaperloftUITests.build/PaperloftUITests.xctest.xcent --timestamp\=none --generate-entitlement-der /Users/builder/Factory/paperloft/evidence/checkouts/p2-checkpoint47fdb2c/build/CoverageDerivedData-Shp9Jd/Build/Products/Debug/PaperloftUITests-Runner.app/Contents/PlugIns/PaperloftUITests.xctest

CodeSign /Users/builder/Factory/paperloft/evidence/checkouts/p2-checkpoint47fdb2c/build/CoverageDerivedData-Shp9Jd/Build/Products/Debug/PaperloftUITests-Runner.app (in target 'PaperloftUITests' from project 'Paperloft')
    cd /Users/builder/Factory/paperloft/evidence/checkouts/p2-checkpoint47fdb2c
    
    Signing Identity:     "Sign to Run Locally"
    
    /usr/bin/codesign --force --sign - --entitlements /Users/builder/Factory/paperloft/evidence/checkouts/p2-checkpoint47fdb2c/build/CoverageDerivedData-Shp9Jd/Build/Intermediates.noindex/Paperloft.build/Debug/PaperloftUITests.build/PaperloftUITests.xctest.xcent --timestamp\=none --generate-entitlement-der /Users/builder/Factory/paperloft/evidence/checkouts/p2-checkpoint47fdb2c/build/CoverageDerivedData-Shp9Jd/Build/Products/Debug/PaperloftUITests-Runner.app
/Users/builder/Factory/paperloft/evidence/checkouts/p2-checkpoint47fdb2c/build/CoverageDerivedData-Shp9Jd/Build/Products/Debug/PaperloftUITests-Runner.app: replacing existing signature

RegisterExecutionPolicyException /Users/builder/Factory/paperloft/evidence/checkouts/p2-checkpoint47fdb2c/build/CoverageDerivedData-Shp9Jd/Build/Products/Debug/PaperloftUITests-Runner.app/Contents/PlugIns/PaperloftUITests.xctest (in target 'PaperloftUITests' from project 'Paperloft')
    cd /Users/builder/Factory/paperloft/evidence/checkouts/p2-checkpoint47fdb2c
    builtin-RegisterExecutionPolicyException /Users/builder/Factory/paperloft/evidence/checkouts/p2-checkpoint47fdb2c/build/CoverageDerivedData-Shp9Jd/Build/Products/Debug/PaperloftUITests-Runner.app/Contents/PlugIns/PaperloftUITests.xctest

Touch /Users/builder/Factory/paperloft/evidence/checkouts/p2-checkpoint47fdb2c/build/CoverageDerivedData-Shp9Jd/Build/Products/Debug/PaperloftUITests-Runner.app/Contents/PlugIns/PaperloftUITests.xctest (in target 'PaperloftUITests' from project 'Paperloft')
    cd /Users/builder/Factory/paperloft/evidence/checkouts/p2-checkpoint47fdb2c
    /usr/bin/touch -c /Users/builder/Factory/paperloft/evidence/checkouts/p2-checkpoint47fdb2c/build/CoverageDerivedData-Shp9Jd/Build/Products/Debug/PaperloftUITests-Runner.app/Contents/PlugIns/PaperloftUITests.xctest

PruneExplicitPrecompiledModules /Users/builder/Factory/paperloft/evidence/checkouts/p2-checkpoint47fdb2c/build/CoverageDerivedData-Shp9Jd/Build/Intermediates.noindex/SwiftExplicitPrecompiledModules

PruneExplicitPrecompiledModules /Users/builder/Factory/paperloft/evidence/checkouts/p2-checkpoint47fdb2c/build/CoverageDerivedData-Shp9Jd/SDKExplicitPrecompiledModules

PruneExplicitPrecompiledModules /Users/builder/Factory/paperloft/evidence/checkouts/p2-checkpoint47fdb2c/build/CoverageDerivedData-Shp9Jd/Build/Intermediates.noindex/ExplicitPrecompiledModules

2026-09-26 22:28:21.271 xcodebuild[45614:1018903]  DVTAssertions: Warning in IDEFrameworks/IDEFoundation/Execution/LaunchSystem/IDELaunchSession.m:395
Details:  setRunnablePIDWithDiagnostics:logSection:andCompletionHandler: called without a completion handler - blocking until diagnostics setup completes. Callers should migrate to using a completion handler for better performance.
Object:   <IDELaunchSession: 0x7c1df84000>
Method:   -setRunnablePIDWithDiagnostics:logSection:andCompletionHandler:
Thread:   <NSThread: 0x7c21464280>{number = 20, name = (null)}
Please file a bug at https://feedbackassistant.apple.com with this warning message and any useful information you can provide.
Test Suite 'All tests' started at 2026-09-26 22:28:22.063.
Test Suite 'All tests' passed at 2026-09-26 22:28:22.064.
	 Executed 0 tests, with 0 failures (0 unexpected) in 0.000 (0.001) seconds
◇ Test run started.
↳ Testing Library Version: 2084
↳ Target Platform: arm64e-apple-macos14.0
◇ Test indexRebuildRestoresSearchFromLibraryAlone() started.
◇ Test separateColumnsPreserveAmountsOnTheirRows() started.
◇ Test randomizedThousandFileOperationsPreserveEveryOriginal() started.
◇ Test rotatedRowsAreNotMistakenForAdjacentLines() started.
◇ Suite ResilienceTests started.
◇ Test moveAndUndoRestoreOriginalIdentityAndBytes() started.
◇ Test parserPrefersIssueDateOverDueDate() started.
◇ Test symlinkedCategoryCannotEscapeLibrary() started.
◇ Test invoiceOpticalCharacterConfusionIsRecognized() started.
◇ Test partialClassificationFailurePreservesReviewButNeverAutoFiles() started.
◇ Test stubReturnsInjectedFields() started.
◇ Test emptyAndInvalidFragmentsDoNotCreateText() started.
◇ Test parserRecognizesNonFinancialText() started.
◇ Test adjacentHeaderDoesNotBecomePartOfVendor() started.
◇ Test filenameDoesNotTraversePaths() started.
◇ Test engineReviewFileSearchUndoAndSourceChange() started.
◇ Test parserUsesFinalTotalRatherThanTenderedCash() started.
◇ Test assessmentRequiresAgreementAndValidFields() started.
◇ Test cardPaymentAndAmountDueAreRecognized() started.
◇ Test calendarValidation() started.
◇ Test duplicatesAndModifiedDestinationsAreNeverOverwritten() started.
◇ Test amountsKeepTheirCents() started.
◇ Test savingsRefundsAndDecimalSeparatorsDoNotBecomeWrongTotals() started.
◇ Test decodedDatesAreValidated() started.
◇ Test exactMoneyRejectsRoundingAndOverflow() started.
◇ Test currencyPrecisionAndUnicodeFilenames() started.
◇ Test copyCollisionsAndUndoPreserveExistingFiles() started.
◇ Test extractionPayloadWithoutClassificationDiagnosticRemainsReadable() started.
◇ Test emptyCorruptLockedAndLongPDFsFailClearly() started.
✔ Test stubReturnsInjectedFields() passed after 0.012 seconds.
✔ Test rotatedRowsAreNotMistakenForAdjacentLines() passed after 0.012 seconds.
✔ Test emptyAndInvalidFragmentsDoNotCreateText() passed after 0.012 seconds.
✔ Test parserRecognizesNonFinancialText() passed after 0.012 seconds.
✔ Test filenameDoesNotTraversePaths() passed after 0.012 seconds.
✔ Test invoiceOpticalCharacterConfusionIsRecognized() passed after 0.012 seconds.
✔ Test calendarValidation() passed after 0.012 seconds.
✔ Test cardPaymentAndAmountDueAreRecognized() passed after 0.012 seconds.
✔ Test separateColumnsPreserveAmountsOnTheirRows() passed after 0.013 seconds.
✔ Test amountsKeepTheirCents() passed after 0.012 seconds.
✔ Test symlinkedCategoryCannotEscapeLibrary() passed after 0.014 seconds.
✔ Test adjacentHeaderDoesNotBecomePartOfVendor() passed after 0.014 seconds.
✔ Test decodedDatesAreValidated() passed after 0.015 seconds.
✔ Test parserPrefersIssueDateOverDueDate() passed after 0.016 seconds.
✔ Test currencyPrecisionAndUnicodeFilenames() passed after 0.015 seconds.
✔ Test savingsRefundsAndDecimalSeparatorsDoNotBecomeWrongTotals() passed after 0.015 seconds.
✔ Test extractionPayloadWithoutClassificationDiagnosticRemainsReadable() passed after 0.015 seconds.
✔ Test parserUsesFinalTotalRatherThanTenderedCash() passed after 0.015 seconds.
✔ Test exactMoneyRejectsRoundingAndOverflow() passed after 0.015 seconds.
✔ Test partialClassificationFailurePreservesReviewButNeverAutoFiles() passed after 0.014 seconds.
CoreGraphics PDF has logged an error. Set environment variable "CG_PDF_VERBOSE" to learn more.
✔ Test assessmentRequiresAgreementAndValidFields() passed after 0.021 seconds.
✔ Test moveAndUndoRestoreOriginalIdentityAndBytes() passed after 0.029 seconds.
✔ Test emptyCorruptLockedAndLongPDFsFailClearly() passed after 0.026 seconds.
◇ Test fiftyMegapixelImageIsRejectedBeforeOCR() started.
✔ Test duplicatesAndModifiedDestinationsAreNeverOverwritten() passed after 0.033 seconds.
✔ Test indexRebuildRestoresSearchFromLibraryAlone() passed after 0.041 seconds.
✔ Test copyCollisionsAndUndoPreserveExistingFiles() passed after 0.056 seconds.
✔ Test engineReviewFileSearchUndoAndSourceChange() passed after 0.057 seconds.
✔ Test fiftyMegapixelImageIsRejectedBeforeOCR() passed after 0.386 seconds.
◇ Test ordinaryImageAndPDFCompleteWithoutCrashing() started.
2026-09-26 22:28:22.565675-0700 xctest[46100:1021012] [e5rt] Unable to find a valid E5 in provided path /System/Library/PrivateFrameworks/TextRecognition.framework/Resources/cr_tr_model_latincyrillic_v3_e5.mlmodelc.bundle/. Found bundles : { }. Expected : { H13S.bundle H13C.bundle H13G.bundle H13D.bundle H13.bundle H13P.bundle universal.bundle jit.bundle }. @ GetE5PathFromCompositeBundle
2026-09-26 22:28:22.565784-0700 xctest[46100:1021011] [e5rt] Unable to find a valid E5 in provided path /System/Library/PrivateFrameworks/TextRecognition.framework/Resources/cr_td_model_v3_e5.mlmodelc.bundle/. Found bundles : { }. Expected : { H13S.bundle H13C.bundle H13G.bundle H13D.bundle H13.bundle H13P.bundle universal.bundle jit.bundle }. @ GetE5PathFromCompositeBundle
2026-09-26 22:28:22.570611-0700 xctest[46100:1021056] [e5rt] Unable to find a valid E5 in provided path /System/Library/PrivateFrameworks/TextRecognition.framework/Resources/cr_orientation_model_v1_e5.mlmodelc.bundle/. Found bundles : { }. Expected : { H13S.bundle H13C.bundle H13G.bundle H13D.bundle H13.bundle H13P.bundle universal.bundle jit.bundle }. @ GetE5PathFromCompositeBundle
✔ Test ordinaryImageAndPDFCompleteWithoutCrashing() passed after 0.542 seconds.
◇ Test missingLibraryAndInvalidPermissionHaveActionableErrors() started.
2026-09-26 22:28:23.029070-0700 xctest[46100:1021058] [bookmark] BookmarkData: invalid header
✔ Test missingLibraryAndInvalidPermissionHaveActionableErrors() passed after 0.001 seconds.
✔ Suite ResilienceTests passed after 0.962 seconds.
✔ Test randomizedThousandFileOperationsPreserveEveryOriginal() passed after 16.604 seconds.
✔ Test run with 31 tests in 1 suite passed after 16.605 seconds.
2026-09-26 22:28:39.545970-0700 PaperloftUITests-Runner[46255:1022103] [Default] Running tests...
Test Suite 'All tests' started at 2026-09-26 22:28:39.639.
Test Suite 'PaperloftUITests.xctest' started at 2026-09-26 22:28:39.639.
Test Suite 'NavigationTests' started at 2026-09-26 22:28:39.639.
Test Case '-[PaperloftUITests.NavigationTests testSidebarNavigation]' started.
    t =     0.00s Start Test at 2026-09-26 22:28:39.640
    t =     0.15s Set Up
    t =     0.16s Open app.paperloft.receipts
    t =     0.16s     Launch app.paperloft.receipts
2026-09-26 22:28:39.873 xcodebuild[45614:1018598] [MT] IDELaunchParametersSnapshot: debugger version lookup failed for path '<nil>': noURL
2026-09-26 22:28:39.873 xcodebuild[45614:1018598] [MT] IDELaunchParametersSnapshot: no debugger version
    t =     0.90s         Wait for accessibility to load
    t =     1.15s         Setting up automation session
    t =     1.20s         Wait for app.paperloft.receipts to idle
    t =     1.21s Open app.paperloft.receipts
    t =     1.22s     Activate app.paperloft.receipts
    t =     1.24s         Wait for app.paperloft.receipts to idle
    t =     1.24s Wait for app.paperloft.receipts to become Running Foreground
    t =     1.25s Waiting 10.0s for "content.title" StaticText to exist
    t =     2.30s     Checking `Expect predicate `existsNoRetry == 1` for object "content.title" StaticText`
    t =     2.30s         Checking existence of `"content.title" StaticText`
    t =     2.55s Click "sidebar.inbox" Button
    t =     2.55s     Wait for app.paperloft.receipts to idle
    t =     2.56s     Find the "sidebar.inbox" Button
    t =     2.62s     Check for interrupting elements affecting "sidebar.inbox" Button
    t =     2.67s     Synthesize event
    t =     3.19s     Wait for app.paperloft.receipts to idle
    t =     3.19s Find the "content.title" StaticText
    t =     3.26s Click "sidebar.library" Button
    t =     3.26s     Wait for app.paperloft.receipts to idle
    t =     3.26s     Find the "sidebar.library" Button
    t =     3.31s     Check for interrupting elements affecting "sidebar.library" Button
    t =     3.33s     Synthesize event
    t =     3.79s     Wait for app.paperloft.receipts to idle
    t =     3.80s Find the "content.title" StaticText
    t =     3.86s Click "sidebar.history" Button
    t =     3.86s     Wait for app.paperloft.receipts to idle
    t =     3.87s     Find the "sidebar.history" Button
    t =     3.92s     Check for interrupting elements affecting "sidebar.history" Button
    t =     3.94s     Synthesize event
    t =     4.44s     Wait for app.paperloft.receipts to idle
    t =     4.44s Find the "content.title" StaticText
    t =     4.49s Terminate app.paperloft.receipts:46258
    t =     5.56s Tear Down
Test Case '-[PaperloftUITests.NavigationTests testSidebarNavigation]' passed (5.766 seconds).
Test Suite 'NavigationTests' passed at 2026-09-26 22:28:45.407.
	 Executed 1 test, with 0 failures (0 unexpected) in 5.766 (5.767) seconds
Test Suite 'PaperloftUITests.xctest' passed at 2026-09-26 22:28:45.407.
	 Executed 1 test, with 0 failures (0 unexpected) in 5.766 (5.768) seconds
Test Suite 'All tests' passed at 2026-09-26 22:28:45.412.
	 Executed 1 test, with 0 failures (0 unexpected) in 5.766 (5.773) seconds
2026-09-26 22:28:45.681 xcodebuild[45614:1018598] [MT] IDETestOperationsObserverDebug: 24.445 elapsed -- Testing started completed.
2026-09-26 22:28:45.681 xcodebuild[45614:1018598] [MT] IDETestOperationsObserverDebug: 0.000 sec, +0.000 sec -- start
2026-09-26 22:28:45.681 xcodebuild[45614:1018598] [MT] IDETestOperationsObserverDebug: 24.445 sec, +24.445 sec -- end

Test session results, code coverage, and logs:
	/Users/builder/Factory/paperloft/evidence/checkouts/p2-checkpoint47fdb2c/build/Tests-20260926-222804.xcresult

** TEST SUCCEEDED **

Testing started
Command line invocation:
    /Applications/Xcode.app/Contents/Developer/usr/bin/xcodebuild -project Paperloft.xcodeproj -scheme PaperloftApp -destination platform=macOS SWIFT_TREAT_WARNINGS_AS_ERRORS=YES -derivedDataPath build/DerivedData -configuration Debug clean build

Build settings from command line:
    SWIFT_TREAT_WARNINGS_AS_ERRORS = YES

Resolve Package Graph


Resolved source packages:
  PaperloftKit: /Users/builder/Factory/paperloft/evidence/checkouts/p2-checkpoint47fdb2c/Packages/PaperloftKit @ local

CreateBuildRequest

SendProjectDescription

CreateBuildOperation

** CLEAN SUCCEEDED **

ComputePackagePrebuildTargetDependencyGraph

Prepare packages

CreateBuildRequest

SendProjectDescription

CreateBuildOperation

ComputeTargetDependencyGraph
note: Building targets in dependency order
note: Target dependency graph (3 targets)
    Target 'PaperloftApp' in project 'Paperloft'
        ➜ Explicit dependency on target 'PaperloftKit-product' in project 'PaperloftKit'
    Target 'PaperloftKit-product' in project 'PaperloftKit'
        ➜ Explicit dependency on target 'PaperloftKit' in project 'PaperloftKit'
    Target 'PaperloftKit' in project 'PaperloftKit' (no dependencies)

GatherProvisioningInputs

CreateBuildDescription

ExecuteExternalTool /Applications/Xcode.app/Contents/Developer/Toolchains/XcodeDefault.xctoolchain/usr/bin/swiftc --version

ExecuteExternalTool /Applications/Xcode.app/Contents/Developer/Toolchains/XcodeDefault.xctoolchain/usr/bin/clang -v -E -dM -isysroot /Applications/Xcode.app/Contents/Developer/Platforms/MacOSX.platform/Developer/SDKs/MacOSX27.0.sdk -x c -c /dev/null

ExecuteExternalTool /Applications/Xcode.app/Contents/Developer/Toolchains/XcodeDefault.xctoolchain/usr/bin/ld -version_details

Build description signature: 85c6937478d06125da15ddaaaf4f5e8e
Build description path: /Users/builder/Factory/paperloft/evidence/checkouts/p2-checkpoint47fdb2c/build/DerivedData/Build/Intermediates.noindex/XCBuildData/85c6937478d06125da15ddaaaf4f5e8e.xcbuilddata
CreateBuildDirectory /Users/builder/Factory/paperloft/evidence/checkouts/p2-checkpoint47fdb2c/build/DerivedData/ModuleCache.noindex
    cd /Users/builder/Factory/paperloft/evidence/checkouts/p2-checkpoint47fdb2c/Paperloft.xcodeproj
    builtin-create-build-directory /Users/builder/Factory/paperloft/evidence/checkouts/p2-checkpoint47fdb2c/build/DerivedData/ModuleCache.noindex

CreateBuildDirectory /Users/builder/Factory/paperloft/evidence/checkouts/p2-checkpoint47fdb2c/build/DerivedData/SDKExplicitPrecompiledModules
    cd /Users/builder/Factory/paperloft/evidence/checkouts/p2-checkpoint47fdb2c/Paperloft.xcodeproj
    builtin-create-build-directory /Users/builder/Factory/paperloft/evidence/checkouts/p2-checkpoint47fdb2c/build/DerivedData/SDKExplicitPrecompiledModules

CreateBuildDirectory /Users/builder/Factory/paperloft/evidence/checkouts/p2-checkpoint47fdb2c/build/DerivedData/CompilationCache.noindex
    cd /Users/builder/Factory/paperloft/evidence/checkouts/p2-checkpoint47fdb2c/Paperloft.xcodeproj
    builtin-create-build-directory /Users/builder/Factory/paperloft/evidence/checkouts/p2-checkpoint47fdb2c/build/DerivedData/CompilationCache.noindex

CreateBuildDirectory /Users/builder/Factory/paperloft/evidence/checkouts/p2-checkpoint47fdb2c/build/DerivedData/Build/Products
    cd /Users/builder/Factory/paperloft/evidence/checkouts/p2-checkpoint47fdb2c/Paperloft.xcodeproj
    builtin-create-build-directory /Users/builder/Factory/paperloft/evidence/checkouts/p2-checkpoint47fdb2c/build/DerivedData/Build/Products

CreateBuildDirectory /Users/builder/Factory/paperloft/evidence/checkouts/p2-checkpoint47fdb2c/build/DerivedData/Build/Intermediates.noindex
    cd /Users/builder/Factory/paperloft/evidence/checkouts/p2-checkpoint47fdb2c/Paperloft.xcodeproj
    builtin-create-build-directory /Users/builder/Factory/paperloft/evidence/checkouts/p2-checkpoint47fdb2c/build/DerivedData/Build/Intermediates.noindex

ClangStatCache /Applications/Xcode.app/Contents/Developer/Toolchains/XcodeDefault.xctoolchain/usr/bin/clang-stat-cache /Applications/Xcode.app/Contents/Developer/Platforms/MacOSX.platform/Developer/SDKs/MacOSX27.0.sdk /Users/builder/Factory/paperloft/evidence/checkouts/p2-checkpoint47fdb2c/build/DerivedData/SDKStatCaches.noindex/macosx27.0-26A425-7231f6df4def33e022ae2eb8f782df1a.sdkstatcache
    cd /Users/builder/Factory/paperloft/evidence/checkouts/p2-checkpoint47fdb2c/Paperloft.xcodeproj
    /Applications/Xcode.app/Contents/Developer/Toolchains/XcodeDefault.xctoolchain/usr/bin/clang-stat-cache /Applications/Xcode.app/Contents/Developer/Platforms/MacOSX.platform/Developer/SDKs/MacOSX27.0.sdk -o /Users/builder/Factory/paperloft/evidence/checkouts/p2-checkpoint47fdb2c/build/DerivedData/SDKStatCaches.noindex/macosx27.0-26A425-7231f6df4def33e022ae2eb8f782df1a.sdkstatcache

CreateBuildDirectory /Users/builder/Factory/paperloft/evidence/checkouts/p2-checkpoint47fdb2c/build/DerivedData/Build/Intermediates.noindex/SwiftExplicitPrecompiledModules
    cd /Users/builder/Factory/paperloft/evidence/checkouts/p2-checkpoint47fdb2c/Paperloft.xcodeproj
    builtin-create-build-directory /Users/builder/Factory/paperloft/evidence/checkouts/p2-checkpoint47fdb2c/build/DerivedData/Build/Intermediates.noindex/SwiftExplicitPrecompiledModules

CreateBuildDirectory /Users/builder/Factory/paperloft/evidence/checkouts/p2-checkpoint47fdb2c/build/DerivedData/Build/Intermediates.noindex/PrecompiledHeaders
    cd /Users/builder/Factory/paperloft/evidence/checkouts/p2-checkpoint47fdb2c/Paperloft.xcodeproj
    builtin-create-build-directory /Users/builder/Factory/paperloft/evidence/checkouts/p2-checkpoint47fdb2c/build/DerivedData/Build/Intermediates.noindex/PrecompiledHeaders

CreateBuildDirectory /Users/builder/Factory/paperloft/evidence/checkouts/p2-checkpoint47fdb2c/build/DerivedData/Build/Intermediates.noindex/ExplicitPrecompiledModules
    cd /Users/builder/Factory/paperloft/evidence/checkouts/p2-checkpoint47fdb2c/Paperloft.xcodeproj
    builtin-create-build-directory /Users/builder/Factory/paperloft/evidence/checkouts/p2-checkpoint47fdb2c/build/DerivedData/Build/Intermediates.noindex/ExplicitPrecompiledModules

CreateBuildDirectory /Users/builder/Factory/paperloft/evidence/checkouts/p2-checkpoint47fdb2c/build/DerivedData/Build/Intermediates.noindex/EagerLinkingTBDs/Debug
    cd /Users/builder/Factory/paperloft/evidence/checkouts/p2-checkpoint47fdb2c/Paperloft.xcodeproj
    builtin-create-build-directory /Users/builder/Factory/paperloft/evidence/checkouts/p2-checkpoint47fdb2c/build/DerivedData/Build/Intermediates.noindex/EagerLinkingTBDs/Debug

WriteAuxiliaryFile /Users/builder/Factory/paperloft/evidence/checkouts/p2-checkpoint47fdb2c/build/DerivedData/Build/Intermediates.noindex/Paperloft.build/Debug/Paperloft-b93ddc6bcd4d234a5473ab01ad3589c4-VFS/all-product-headers.yaml
    cd /Users/builder/Factory/paperloft/evidence/checkouts/p2-checkpoint47fdb2c/Paperloft.xcodeproj
    write-file /Users/builder/Factory/paperloft/evidence/checkouts/p2-checkpoint47fdb2c/build/DerivedData/Build/Intermediates.noindex/Paperloft.build/Debug/Paperloft-b93ddc6bcd4d234a5473ab01ad3589c4-VFS/all-product-headers.yaml

CreateBuildDirectory /Users/builder/Factory/paperloft/evidence/checkouts/p2-checkpoint47fdb2c/build/DerivedData/Build/Products/Debug
    cd /Users/builder/Factory/paperloft/evidence/checkouts/p2-checkpoint47fdb2c/Paperloft.xcodeproj
    builtin-create-build-directory /Users/builder/Factory/paperloft/evidence/checkouts/p2-checkpoint47fdb2c/build/DerivedData/Build/Products/Debug

CreateBuildDirectory /Users/builder/Factory/paperloft/evidence/checkouts/p2-checkpoint47fdb2c/build/DerivedData/Build/Products/Debug/PackageFrameworks
    cd /Users/builder/Factory/paperloft/evidence/checkouts/p2-checkpoint47fdb2c/Paperloft.xcodeproj
    builtin-create-build-directory /Users/builder/Factory/paperloft/evidence/checkouts/p2-checkpoint47fdb2c/build/DerivedData/Build/Products/Debug/PackageFrameworks

WriteAuxiliaryFile /Users/builder/Factory/paperloft/evidence/checkouts/p2-checkpoint47fdb2c/build/DerivedData/Build/Intermediates.noindex/Paperloft.build/Debug/PaperloftApp.build/empty-Paperloft\ Receipts.plist (in target 'PaperloftApp' from project 'Paperloft')
    cd /Users/builder/Factory/paperloft/evidence/checkouts/p2-checkpoint47fdb2c
    write-file /Users/builder/Factory/paperloft/evidence/checkouts/p2-checkpoint47fdb2c/build/DerivedData/Build/Intermediates.noindex/Paperloft.build/Debug/PaperloftApp.build/empty-Paperloft\ Receipts.plist

WriteAuxiliaryFile /Users/builder/Factory/paperloft/evidence/checkouts/p2-checkpoint47fdb2c/build/DerivedData/Build/Intermediates.noindex/PaperloftKit.build/Debug/PaperloftKit-t.build/PaperloftKit.DependencyStaticMetadataFileList (in target 'PaperloftKit' from project 'PaperloftKit')
    cd /Users/builder/Factory/paperloft/evidence/checkouts/p2-checkpoint47fdb2c/Packages/PaperloftKit
    write-file /Users/builder/Factory/paperloft/evidence/checkouts/p2-checkpoint47fdb2c/build/DerivedData/Build/Intermediates.noindex/PaperloftKit.build/Debug/PaperloftKit-t.build/PaperloftKit.DependencyStaticMetadataFileList

WriteAuxiliaryFile /Users/builder/Factory/paperloft/evidence/checkouts/p2-checkpoint47fdb2c/build/DerivedData/Build/Intermediates.noindex/PaperloftKit.build/Debug/PaperloftKit-t.build/PaperloftKit.DependencyMetadataFileList (in target 'PaperloftKit' from project 'PaperloftKit')
    cd /Users/builder/Factory/paperloft/evidence/checkouts/p2-checkpoint47fdb2c/Packages/PaperloftKit
    write-file /Users/builder/Factory/paperloft/evidence/checkouts/p2-checkpoint47fdb2c/build/DerivedData/Build/Intermediates.noindex/PaperloftKit.build/Debug/PaperloftKit-t.build/PaperloftKit.DependencyMetadataFileList

WriteAuxiliaryFile /Users/builder/Factory/paperloft/evidence/checkouts/p2-checkpoint47fdb2c/build/DerivedData/Build/Intermediates.noindex/PaperloftKit.build/Debug/PaperloftKit-t.build/PaperloftKit.modulemap (in target 'PaperloftKit' from project 'PaperloftKit')
    cd /Users/builder/Factory/paperloft/evidence/checkouts/p2-checkpoint47fdb2c/Packages/PaperloftKit
    write-file /Users/builder/Factory/paperloft/evidence/checkouts/p2-checkpoint47fdb2c/build/DerivedData/Build/Intermediates.noindex/PaperloftKit.build/Debug/PaperloftKit-t.build/PaperloftKit.modulemap

WriteAuxiliaryFile /Users/builder/Factory/paperloft/evidence/checkouts/p2-checkpoint47fdb2c/build/DerivedData/Build/Intermediates.noindex/PaperloftKit.build/Debug/PaperloftKit-t.build/Objects-normal/arm64/PaperloftKit.SwiftFileList (in target 'PaperloftKit' from project 'PaperloftKit')
    cd /Users/builder/Factory/paperloft/evidence/checkouts/p2-checkpoint47fdb2c/Packages/PaperloftKit
    write-file /Users/builder/Factory/paperloft/evidence/checkouts/p2-checkpoint47fdb2c/build/DerivedData/Build/Intermediates.noindex/PaperloftKit.build/Debug/PaperloftKit-t.build/Objects-normal/arm64/PaperloftKit.SwiftFileList

WriteAuxiliaryFile /Users/builder/Factory/paperloft/evidence/checkouts/p2-checkpoint47fdb2c/build/DerivedData/Build/Intermediates.noindex/PaperloftKit.build/Debug/PaperloftKit-t.build/Objects-normal/arm64/PaperloftKit_const_extract_protocols.json (in target 'PaperloftKit' from project 'PaperloftKit')
    cd /Users/builder/Factory/paperloft/evidence/checkouts/p2-checkpoint47fdb2c/Packages/PaperloftKit
    write-file /Users/builder/Factory/paperloft/evidence/checkouts/p2-checkpoint47fdb2c/build/DerivedData/Build/Intermediates.noindex/PaperloftKit.build/Debug/PaperloftKit-t.build/Objects-normal/arm64/PaperloftKit_const_extract_protocols.json

WriteAuxiliaryFile /Users/builder/Factory/paperloft/evidence/checkouts/p2-checkpoint47fdb2c/build/DerivedData/Build/Intermediates.noindex/PaperloftKit.build/Debug/PaperloftKit-t.build/Objects-normal/arm64/PaperloftKit.LinkFileList (in target 'PaperloftKit' from project 'PaperloftKit')
    cd /Users/builder/Factory/paperloft/evidence/checkouts/p2-checkpoint47fdb2c/Packages/PaperloftKit
    write-file /Users/builder/Factory/paperloft/evidence/checkouts/p2-checkpoint47fdb2c/build/DerivedData/Build/Intermediates.noindex/PaperloftKit.build/Debug/PaperloftKit-t.build/Objects-normal/arm64/PaperloftKit.LinkFileList

WriteAuxiliaryFile /Users/builder/Factory/paperloft/evidence/checkouts/p2-checkpoint47fdb2c/build/DerivedData/Build/Intermediates.noindex/PaperloftKit.build/Debug/PaperloftKit-t.build/Objects-normal/arm64/PaperloftKit.SwiftConstValuesFileList (in target 'PaperloftKit' from project 'PaperloftKit')
    cd /Users/builder/Factory/paperloft/evidence/checkouts/p2-checkpoint47fdb2c/Packages/PaperloftKit
    write-file /Users/builder/Factory/paperloft/evidence/checkouts/p2-checkpoint47fdb2c/build/DerivedData/Build/Intermediates.noindex/PaperloftKit.build/Debug/PaperloftKit-t.build/Objects-normal/arm64/PaperloftKit.SwiftConstValuesFileList

WriteAuxiliaryFile /Users/builder/Factory/paperloft/evidence/checkouts/p2-checkpoint47fdb2c/build/DerivedData/Build/Intermediates.noindex/PaperloftKit.build/Debug/PaperloftKit-t.build/Objects-normal/arm64/PaperloftKit-OutputFileMap.json (in target 'PaperloftKit' from project 'PaperloftKit')
    cd /Users/builder/Factory/paperloft/evidence/checkouts/p2-checkpoint47fdb2c/Packages/PaperloftKit
    write-file /Users/builder/Factory/paperloft/evidence/checkouts/p2-checkpoint47fdb2c/build/DerivedData/Build/Intermediates.noindex/PaperloftKit.build/Debug/PaperloftKit-t.build/Objects-normal/arm64/PaperloftKit-OutputFileMap.json

WriteAuxiliaryFile /Users/builder/Factory/paperloft/evidence/checkouts/p2-checkpoint47fdb2c/build/DerivedData/Build/Intermediates.noindex/Paperloft.build/Debug/PaperloftApp.build/Paperloft\ Receipts.hmap (in target 'PaperloftApp' from project 'Paperloft')
    cd /Users/builder/Factory/paperloft/evidence/checkouts/p2-checkpoint47fdb2c
    write-file /Users/builder/Factory/paperloft/evidence/checkouts/p2-checkpoint47fdb2c/build/DerivedData/Build/Intermediates.noindex/Paperloft.build/Debug/PaperloftApp.build/Paperloft\ Receipts.hmap

WriteAuxiliaryFile /Users/builder/Factory/paperloft/evidence/checkouts/p2-checkpoint47fdb2c/build/DerivedData/Build/Intermediates.noindex/Paperloft.build/Debug/PaperloftApp.build/Paperloft\ Receipts.DependencyStaticMetadataFileList (in target 'PaperloftApp' from project 'Paperloft')
    cd /Users/builder/Factory/paperloft/evidence/checkouts/p2-checkpoint47fdb2c
    write-file /Users/builder/Factory/paperloft/evidence/checkouts/p2-checkpoint47fdb2c/build/DerivedData/Build/Intermediates.noindex/Paperloft.build/Debug/PaperloftApp.build/Paperloft\ Receipts.DependencyStaticMetadataFileList

WriteAuxiliaryFile /Users/builder/Factory/paperloft/evidence/checkouts/p2-checkpoint47fdb2c/build/DerivedData/Build/Intermediates.noindex/Paperloft.build/Debug/PaperloftApp.build/Paperloft\ Receipts.DependencyMetadataFileList (in target 'PaperloftApp' from project 'Paperloft')
    cd /Users/builder/Factory/paperloft/evidence/checkouts/p2-checkpoint47fdb2c
    write-file /Users/builder/Factory/paperloft/evidence/checkouts/p2-checkpoint47fdb2c/build/DerivedData/Build/Intermediates.noindex/Paperloft.build/Debug/PaperloftApp.build/Paperloft\ Receipts.DependencyMetadataFileList

WriteAuxiliaryFile /Users/builder/Factory/paperloft/evidence/checkouts/p2-checkpoint47fdb2c/build/DerivedData/Build/Intermediates.noindex/Paperloft.build/Debug/PaperloftApp.build/Paperloft\ Receipts-project-headers.hmap (in target 'PaperloftApp' from project 'Paperloft')
    cd /Users/builder/Factory/paperloft/evidence/checkouts/p2-checkpoint47fdb2c
    write-file /Users/builder/Factory/paperloft/evidence/checkouts/p2-checkpoint47fdb2c/build/DerivedData/Build/Intermediates.noindex/Paperloft.build/Debug/PaperloftApp.build/Paperloft\ Receipts-project-headers.hmap

WriteAuxiliaryFile /Users/builder/Factory/paperloft/evidence/checkouts/p2-checkpoint47fdb2c/build/DerivedData/Build/Intermediates.noindex/Paperloft.build/Debug/PaperloftApp.build/Paperloft\ Receipts-own-target-headers.hmap (in target 'PaperloftApp' from project 'Paperloft')
    cd /Users/builder/Factory/paperloft/evidence/checkouts/p2-checkpoint47fdb2c
    write-file /Users/builder/Factory/paperloft/evidence/checkouts/p2-checkpoint47fdb2c/build/DerivedData/Build/Intermediates.noindex/Paperloft.build/Debug/PaperloftApp.build/Paperloft\ Receipts-own-target-headers.hmap

Copy /Users/builder/Factory/paperloft/evidence/checkouts/p2-checkpoint47fdb2c/build/DerivedData/Build/Intermediates.noindex/GeneratedModuleMaps/PaperloftKit.modulemap /Users/builder/Factory/paperloft/evidence/checkouts/p2-checkpoint47fdb2c/build/DerivedData/Build/Intermediates.noindex/PaperloftKit.build/Debug/PaperloftKit-t.build/PaperloftKit.modulemap (in target 'PaperloftKit' from project 'PaperloftKit')
    cd /Users/builder/Factory/paperloft/evidence/checkouts/p2-checkpoint47fdb2c/Packages/PaperloftKit
    builtin-copy -exclude .DS_Store -exclude CVS -exclude .svn -exclude .git -exclude .hg -resolve-src-symlinks /Users/builder/Factory/paperloft/evidence/checkouts/p2-checkpoint47fdb2c/build/DerivedData/Build/Intermediates.noindex/PaperloftKit.build/Debug/PaperloftKit-t.build/PaperloftKit.modulemap /Users/builder/Factory/paperloft/evidence/checkouts/p2-checkpoint47fdb2c/build/DerivedData/Build/Intermediates.noindex/GeneratedModuleMaps

WriteAuxiliaryFile /Users/builder/Factory/paperloft/evidence/checkouts/p2-checkpoint47fdb2c/build/DerivedData/Build/Intermediates.noindex/Paperloft.build/Debug/PaperloftApp.build/Paperloft\ Receipts-generated-files.hmap (in target 'PaperloftApp' from project 'Paperloft')
    cd /Users/builder/Factory/paperloft/evidence/checkouts/p2-checkpoint47fdb2c
    write-file /Users/builder/Factory/paperloft/evidence/checkouts/p2-checkpoint47fdb2c/build/DerivedData/Build/Intermediates.noindex/Paperloft.build/Debug/PaperloftApp.build/Paperloft\ Receipts-generated-files.hmap

WriteAuxiliaryFile /Users/builder/Factory/paperloft/evidence/checkouts/p2-checkpoint47fdb2c/build/DerivedData/Build/Intermediates.noindex/Paperloft.build/Debug/PaperloftApp.build/Paperloft\ Receipts-all-target-headers.hmap (in target 'PaperloftApp' from project 'Paperloft')
    cd /Users/builder/Factory/paperloft/evidence/checkouts/p2-checkpoint47fdb2c
    write-file /Users/builder/Factory/paperloft/evidence/checkouts/p2-checkpoint47fdb2c/build/DerivedData/Build/Intermediates.noindex/Paperloft.build/Debug/PaperloftApp.build/Paperloft\ Receipts-all-target-headers.hmap

WriteAuxiliaryFile /Users/builder/Factory/paperloft/evidence/checkouts/p2-checkpoint47fdb2c/build/DerivedData/Build/Intermediates.noindex/Paperloft.build/Debug/PaperloftApp.build/Paperloft\ Receipts-all-non-framework-target-headers.hmap (in target 'PaperloftApp' from project 'Paperloft')
    cd /Users/builder/Factory/paperloft/evidence/checkouts/p2-checkpoint47fdb2c
    write-file /Users/builder/Factory/paperloft/evidence/checkouts/p2-checkpoint47fdb2c/build/DerivedData/Build/Intermediates.noindex/Paperloft.build/Debug/PaperloftApp.build/Paperloft\ Receipts-all-non-framework-target-headers.hmap

WriteAuxiliaryFile /Users/builder/Factory/paperloft/evidence/checkouts/p2-checkpoint47fdb2c/build/DerivedData/Build/Intermediates.noindex/Paperloft.build/Debug/PaperloftApp.build/Paperloft\ Receipts-DebugDylibPath-normal-arm64.txt (in target 'PaperloftApp' from project 'Paperloft')
    cd /Users/builder/Factory/paperloft/evidence/checkouts/p2-checkpoint47fdb2c
    write-file /Users/builder/Factory/paperloft/evidence/checkouts/p2-checkpoint47fdb2c/build/DerivedData/Build/Intermediates.noindex/Paperloft.build/Debug/PaperloftApp.build/Paperloft\ Receipts-DebugDylibPath-normal-arm64.txt

WriteAuxiliaryFile /Users/builder/Factory/paperloft/evidence/checkouts/p2-checkpoint47fdb2c/build/DerivedData/Build/Intermediates.noindex/Paperloft.build/Debug/PaperloftApp.build/Paperloft\ Receipts-DebugDylibInstallName-normal-arm64.txt (in target 'PaperloftApp' from project 'Paperloft')
    cd /Users/builder/Factory/paperloft/evidence/checkouts/p2-checkpoint47fdb2c
    write-file /Users/builder/Factory/paperloft/evidence/checkouts/p2-checkpoint47fdb2c/build/DerivedData/Build/Intermediates.noindex/Paperloft.build/Debug/PaperloftApp.build/Paperloft\ Receipts-DebugDylibInstallName-normal-arm64.txt

WriteAuxiliaryFile /Users/builder/Factory/paperloft/evidence/checkouts/p2-checkpoint47fdb2c/build/DerivedData/Build/Intermediates.noindex/Paperloft.build/Debug/PaperloftApp.build/Objects-normal/arm64/PaperloftApp_const_extract_protocols.json (in target 'PaperloftApp' from project 'Paperloft')
    cd /Users/builder/Factory/paperloft/evidence/checkouts/p2-checkpoint47fdb2c
    write-file /Users/builder/Factory/paperloft/evidence/checkouts/p2-checkpoint47fdb2c/build/DerivedData/Build/Intermediates.noindex/Paperloft.build/Debug/PaperloftApp.build/Objects-normal/arm64/PaperloftApp_const_extract_protocols.json

WriteAuxiliaryFile /Users/builder/Factory/paperloft/evidence/checkouts/p2-checkpoint47fdb2c/build/DerivedData/Build/Intermediates.noindex/Paperloft.build/Debug/PaperloftApp.build/Objects-normal/arm64/PaperloftApp-OutputFileMap.json (in target 'PaperloftApp' from project 'Paperloft')
    cd /Users/builder/Factory/paperloft/evidence/checkouts/p2-checkpoint47fdb2c
    write-file /Users/builder/Factory/paperloft/evidence/checkouts/p2-checkpoint47fdb2c/build/DerivedData/Build/Intermediates.noindex/Paperloft.build/Debug/PaperloftApp.build/Objects-normal/arm64/PaperloftApp-OutputFileMap.json

WriteAuxiliaryFile /Users/builder/Factory/paperloft/evidence/checkouts/p2-checkpoint47fdb2c/build/DerivedData/Build/Intermediates.noindex/Paperloft.build/Debug/PaperloftApp.build/Objects-normal/arm64/Paperloft\ Receipts.SwiftFileList (in target 'PaperloftApp' from project 'Paperloft')
    cd /Users/builder/Factory/paperloft/evidence/checkouts/p2-checkpoint47fdb2c
    write-file /Users/builder/Factory/paperloft/evidence/checkouts/p2-checkpoint47fdb2c/build/DerivedData/Build/Intermediates.noindex/Paperloft.build/Debug/PaperloftApp.build/Objects-normal/arm64/Paperloft\ Receipts.SwiftFileList

WriteAuxiliaryFile /Users/builder/Factory/paperloft/evidence/checkouts/p2-checkpoint47fdb2c/build/DerivedData/Build/Intermediates.noindex/Paperloft.build/Debug/PaperloftApp.build/Objects-normal/arm64/Paperloft\ Receipts.SwiftConstValuesFileList (in target 'PaperloftApp' from project 'Paperloft')
    cd /Users/builder/Factory/paperloft/evidence/checkouts/p2-checkpoint47fdb2c
    write-file /Users/builder/Factory/paperloft/evidence/checkouts/p2-checkpoint47fdb2c/build/DerivedData/Build/Intermediates.noindex/Paperloft.build/Debug/PaperloftApp.build/Objects-normal/arm64/Paperloft\ Receipts.SwiftConstValuesFileList

WriteAuxiliaryFile /Users/builder/Factory/paperloft/evidence/checkouts/p2-checkpoint47fdb2c/build/DerivedData/Build/Intermediates.noindex/Paperloft.build/Debug/PaperloftApp.build/Objects-normal/arm64/Paperloft\ Receipts.LinkFileList (in target 'PaperloftApp' from project 'Paperloft')
    cd /Users/builder/Factory/paperloft/evidence/checkouts/p2-checkpoint47fdb2c
    write-file /Users/builder/Factory/paperloft/evidence/checkouts/p2-checkpoint47fdb2c/build/DerivedData/Build/Intermediates.noindex/Paperloft.build/Debug/PaperloftApp.build/Objects-normal/arm64/Paperloft\ Receipts.LinkFileList

WriteAuxiliaryFile /Users/builder/Factory/paperloft/evidence/checkouts/p2-checkpoint47fdb2c/build/DerivedData/Build/Intermediates.noindex/Paperloft.build/Debug/PaperloftApp.build/DerivedSources/Entitlements.plist (in target 'PaperloftApp' from project 'Paperloft')
    cd /Users/builder/Factory/paperloft/evidence/checkouts/p2-checkpoint47fdb2c
    write-file /Users/builder/Factory/paperloft/evidence/checkouts/p2-checkpoint47fdb2c/build/DerivedData/Build/Intermediates.noindex/Paperloft.build/Debug/PaperloftApp.build/DerivedSources/Entitlements.plist

MkDir /Users/builder/Factory/paperloft/evidence/checkouts/p2-checkpoint47fdb2c/build/DerivedData/Build/Products/Debug/Paperloft\ Receipts.app/Contents/Resources (in target 'PaperloftApp' from project 'Paperloft')
    cd /Users/builder/Factory/paperloft/evidence/checkouts/p2-checkpoint47fdb2c
    /bin/mkdir -p /Users/builder/Factory/paperloft/evidence/checkouts/p2-checkpoint47fdb2c/build/DerivedData/Build/Products/Debug/Paperloft\ Receipts.app/Contents/Resources

MkDir /Users/builder/Factory/paperloft/evidence/checkouts/p2-checkpoint47fdb2c/build/DerivedData/Build/Products/Debug/Paperloft\ Receipts.app/Contents/MacOS (in target 'PaperloftApp' from project 'Paperloft')
    cd /Users/builder/Factory/paperloft/evidence/checkouts/p2-checkpoint47fdb2c
    /bin/mkdir -p /Users/builder/Factory/paperloft/evidence/checkouts/p2-checkpoint47fdb2c/build/DerivedData/Build/Products/Debug/Paperloft\ Receipts.app/Contents/MacOS

MkDir /Users/builder/Factory/paperloft/evidence/checkouts/p2-checkpoint47fdb2c/build/DerivedData/Build/Products/Debug/Paperloft\ Receipts.app/Contents (in target 'PaperloftApp' from project 'Paperloft')
    cd /Users/builder/Factory/paperloft/evidence/checkouts/p2-checkpoint47fdb2c
    /bin/mkdir -p /Users/builder/Factory/paperloft/evidence/checkouts/p2-checkpoint47fdb2c/build/DerivedData/Build/Products/Debug/Paperloft\ Receipts.app/Contents

MkDir /Users/builder/Factory/paperloft/evidence/checkouts/p2-checkpoint47fdb2c/build/DerivedData/Build/Products/Debug/Paperloft\ Receipts.app (in target 'PaperloftApp' from project 'Paperloft')
    cd /Users/builder/Factory/paperloft/evidence/checkouts/p2-checkpoint47fdb2c
    /bin/mkdir -p /Users/builder/Factory/paperloft/evidence/checkouts/p2-checkpoint47fdb2c/build/DerivedData/Build/Products/Debug/Paperloft\ Receipts.app

SwiftDriver PaperloftKit normal arm64 com.apple.xcode.tools.swift.compiler (in target 'PaperloftKit' from project 'PaperloftKit')
    cd /Users/builder/Factory/paperloft/evidence/checkouts/p2-checkpoint47fdb2c/Paperloft.xcodeproj
    builtin-SwiftDriver -- /Applications/Xcode.app/Contents/Developer/Toolchains/XcodeDefault.xctoolchain/usr/bin/swiftc -parse-as-library -module-name PaperloftKit -Onone @/Users/builder/Factory/paperloft/evidence/checkouts/p2-checkpoint47fdb2c/build/DerivedData/Build/Intermediates.noindex/PaperloftKit.build/Debug/PaperloftKit-t.build/Objects-normal/arm64/PaperloftKit.SwiftFileList -DSWIFT_PACKAGE -DDEBUG -DSWIFT_MODULE_RESOURCE_BUNDLE_UNAVAILABLE -DXcode -plugin-path /Applications/Xcode.app/Contents/Developer/Toolchains/XcodeDefault.xctoolchain/usr/lib/swift/host/plugins/testing -enable-experimental-feature DebugDescriptionMacro -sdk /Applications/Xcode.app/Contents/Developer/Platforms/MacOSX.platform/Developer/SDKs/MacOSX27.0.sdk -target arm64-apple-macos27.0 -g -module-cache-path /Users/builder/Factory/paperloft/evidence/checkouts/p2-checkpoint47fdb2c/build/DerivedData/ModuleCache.noindex -Xfrontend -serialize-debugging-options -profile-coverage-mapping -profile-generate -enable-testing -warnings-as-errors -index-store-path /Users/builder/Factory/paperloft/evidence/checkouts/p2-checkpoint47fdb2c/build/DerivedData/Index.noindex/DataStore -Xcc -D_LIBCPP_HARDENING_MODE\=_LIBCPP_HARDENING_MODE_DEBUG -swift-version 6 -I /Users/builder/Factory/paperloft/evidence/checkouts/p2-checkpoint47fdb2c/build/DerivedData/Build/Products/Debug -Isystem /Applications/Xcode.app/Contents/Developer/Platforms/MacOSX.platform/Developer/usr/lib -F /Users/builder/Factory/paperloft/evidence/checkouts/p2-checkpoint47fdb2c/build/DerivedData/Build/Products/Debug -F /Applications/Xcode.app/Contents/Developer/Platforms/MacOSX.platform/Developer/Library/Frameworks -c -j10 -enable-batch-mode -incremental -Xcc -ivfsstatcache -Xcc /Users/builder/Factory/paperloft/evidence/checkouts/p2-checkpoint47fdb2c/build/DerivedData/SDKStatCaches.noindex/macosx27.0-26A425-7231f6df4def33e022ae2eb8f782df1a.sdkstatcache -output-file-map /Users/builder/Factory/paperloft/evidence/checkouts/p2-checkpoint47fdb2c/build/DerivedData/Build/Intermediates.noindex/PaperloftKit.build/Debug/PaperloftKit-t.build/Objects-normal/arm64/PaperloftKit-OutputFileMap.json -save-temps -no-color-diagnostics -explicit-module-build -module-cache-path /Users/builder/Factory/paperloft/evidence/checkouts/p2-checkpoint47fdb2c/build/DerivedData/Build/Intermediates.noindex/SwiftExplicitPrecompiledModules -clang-scanner-module-cache-path /Users/builder/Factory/paperloft/evidence/checkouts/p2-checkpoint47fdb2c/build/DerivedData/ModuleCache.noindex -sdk-module-cache-path /Users/builder/Factory/paperloft/evidence/checkouts/p2-checkpoint47fdb2c/build/DerivedData/SDKExplicitPrecompiledModules -emit-dependencies -emit-module -emit-module-path /Users/builder/Factory/paperloft/evidence/checkouts/p2-checkpoint47fdb2c/build/DerivedData/Build/Intermediates.noindex/PaperloftKit.build/Debug/PaperloftKit-t.build/Objects-normal/arm64/PaperloftKit.swiftmodule -serialize-diagnostics -dependency-scan-serialize-diagnostics-path /Users/builder/Factory/paperloft/evidence/checkouts/p2-checkpoint47fdb2c/build/DerivedData/Build/Intermediates.noindex/PaperloftKit.build/Debug/PaperloftKit-t.build/Objects-normal/arm64/PaperloftKit-dependency-scan.dia -validate-clang-modules-once -clang-build-session-file /Users/builder/Factory/paperloft/evidence/checkouts/p2-checkpoint47fdb2c/build/DerivedData/ModuleCache.noindex/Session.modulevalidation -Xcc -fmodules-prune-interval\=86400 -Xcc -fmodules-prune-after\=345600 -package-name paperloftkit -emit-const-values -const-gather-protocols-list /Users/builder/Factory/paperloft/evidence/checkouts/p2-checkpoint47fdb2c/build/DerivedData/Build/Intermediates.noindex/PaperloftKit.build/Debug/PaperloftKit-t.build/Objects-normal/arm64/PaperloftKit_const_extract_protocols.json -Xcc -I/Users/builder/Factory/paperloft/evidence/checkouts/p2-checkpoint47fdb2c/build/DerivedData/Build/Products/Debug/include -Xcc -I/Users/builder/Factory/paperloft/evidence/checkouts/p2-checkpoint47fdb2c/build/DerivedData/Build/Intermediates.noindex/PaperloftKit.build/Debug/PaperloftKit-t.build/DerivedSources-normal/arm64 -Xcc -I/Users/builder/Factory/paperloft/evidence/checkouts/p2-checkpoint47fdb2c/build/DerivedData/Build/Intermediates.noindex/PaperloftKit.build/Debug/PaperloftKit-t.build/DerivedSources/arm64 -Xcc -I/Users/builder/Factory/paperloft/evidence/checkouts/p2-checkpoint47fdb2c/build/DerivedData/Build/Intermediates.noindex/PaperloftKit.build/Debug/PaperloftKit-t.build/DerivedSources -Xcc -DSWIFT_PACKAGE -Xcc -DDEBUG\=1 -emit-objc-header -emit-objc-header-path /Users/builder/Factory/paperloft/evidence/checkouts/p2-checkpoint47fdb2c/build/DerivedData/Build/Intermediates.noindex/PaperloftKit.build/Debug/PaperloftKit-t.build/Objects-normal/arm64/PaperloftKit-Swift.h -working-directory /Users/builder/Factory/paperloft/evidence/checkouts/p2-checkpoint47fdb2c/Paperloft.xcodeproj -experimental-emit-module-separately -disable-cmo

SwiftExplicitDependencyGeneratePcm arm64 /Users/builder/Factory/paperloft/evidence/checkouts/p2-checkpoint47fdb2c/build/DerivedData/SDKExplicitPrecompiledModules/_AvailabilityInternal-DOM0JXBYT6S9IO28GGKLNR7GM.pcm

SwiftExplicitDependencyGeneratePcm arm64 /Users/builder/Factory/paperloft/evidence/checkouts/p2-checkpoint47fdb2c/build/DerivedData/SDKExplicitPrecompiledModules/SwiftShims-D078RGFH7V5RO9HQQE0N9QT0L.pcm

SwiftExplicitDependencyGeneratePcm arm64 /Users/builder/Factory/paperloft/evidence/checkouts/p2-checkpoint47fdb2c/build/DerivedData/SDKExplicitPrecompiledModules/_Builtin_float-6KSD9DZNPUNQZ9NN8NQHPBM13.pcm

SwiftExplicitDependencyGeneratePcm arm64 /Users/builder/Factory/paperloft/evidence/checkouts/p2-checkpoint47fdb2c/build/DerivedData/SDKExplicitPrecompiledModules/ptrcheck-EPEVUTK5YCF4GT7YO3JHLSVRR.pcm

SwiftExplicitDependencyGeneratePcm arm64 /Users/builder/Factory/paperloft/evidence/checkouts/p2-checkpoint47fdb2c/build/DerivedData/SDKExplicitPrecompiledModules/_Builtin_stdbool-CLK1IHI2WHOJCDN6U7BXE744C.pcm

SwiftExplicitDependencyGeneratePcm arm64 /Users/builder/Factory/paperloft/evidence/checkouts/p2-checkpoint47fdb2c/build/DerivedData/SDKExplicitPrecompiledModules/_Builtin_stdarg-3L97FZV6FZNM6UHG9OR87SASW.pcm

SwiftExplicitDependencyGeneratePcm arm64 /Users/builder/Factory/paperloft/evidence/checkouts/p2-checkpoint47fdb2c/build/DerivedData/SDKExplicitPrecompiledModules/_SwiftConcurrencyShims-3NCS7HCOIRFVE1AYUE8EDKWJH.pcm

SwiftExplicitDependencyGeneratePcm arm64 /Users/builder/Factory/paperloft/evidence/checkouts/p2-checkpoint47fdb2c/build/DerivedData/SDKExplicitPrecompiledModules/_Builtin_stddef-E1LIQOTC3YI23E5PEBR4V6245.pcm

SwiftExplicitDependencyGeneratePcm arm64 /Users/builder/Factory/paperloft/evidence/checkouts/p2-checkpoint47fdb2c/build/DerivedData/SDKExplicitPrecompiledModules/ptrauth-2YJDGP0Y5AKCC5VLMLUV6S30O.pcm

SwiftExplicitDependencyGeneratePcm arm64 /Users/builder/Factory/paperloft/evidence/checkouts/p2-checkpoint47fdb2c/build/DerivedData/SDKExplicitPrecompiledModules/_DarwinFoundation1-4F3BNB1E90H3JZ5SYEMDAE67I.pcm

SwiftExplicitDependencyGeneratePcm arm64 /Users/builder/Factory/paperloft/evidence/checkouts/p2-checkpoint47fdb2c/build/DerivedData/SDKExplicitPrecompiledModules/_DarwinFoundation2-404BNL6QCZZLKBWJSC706YF3N.pcm

SwiftExplicitDependencyGeneratePcm arm64 /Users/builder/Factory/paperloft/evidence/checkouts/p2-checkpoint47fdb2c/build/DerivedData/SDKExplicitPrecompiledModules/_Builtin_limits-1EGLKO3Q5NMSGZ00K62DIW70N.pcm

SwiftExplicitDependencyGeneratePcm arm64 /Users/builder/Factory/paperloft/evidence/checkouts/p2-checkpoint47fdb2c/build/DerivedData/SDKExplicitPrecompiledModules/_Builtin_tgmath-17SS4QKM62FBYI1XB84JIC1WD.pcm

SwiftExplicitDependencyGeneratePcm arm64 /Users/builder/Factory/paperloft/evidence/checkouts/p2-checkpoint47fdb2c/build/DerivedData/SDKExplicitPrecompiledModules/string_h-927RV32CTNH6AI22X4RY1N14V.pcm

SwiftExplicitDependencyGeneratePcm arm64 /Users/builder/Factory/paperloft/evidence/checkouts/p2-checkpoint47fdb2c/build/DerivedData/SDKExplicitPrecompiledModules/_Builtin_stdint-36R1IZLNHNZOT6MLEH3BC63W9.pcm

SwiftExplicitDependencyGeneratePcm arm64 /Users/builder/Factory/paperloft/evidence/checkouts/p2-checkpoint47fdb2c/build/DerivedData/SDKExplicitPrecompiledModules/sys_types-DJBWTXVFWYA3WRHWOQ8PKNCK7.pcm

SwiftExplicitDependencyGeneratePcm arm64 /Users/builder/Factory/paperloft/evidence/checkouts/p2-checkpoint47fdb2c/build/DerivedData/SDKExplicitPrecompiledModules/libDER-EF55J0JH8AT20IJXJTXZGXFCJ.pcm

SwiftExplicitDependencyGeneratePcm arm64 /Users/builder/Factory/paperloft/evidence/checkouts/p2-checkpoint47fdb2c/build/DerivedData/SDKExplicitPrecompiledModules/_DarwinFoundation3-1JJGOH5XGTPK2CWG6T8CRUUAG.pcm

SwiftExplicitDependencyGeneratePcm arm64 /Users/builder/Factory/paperloft/evidence/checkouts/p2-checkpoint47fdb2c/build/DerivedData/SDKExplicitPrecompiledModules/_Builtin_stdatomic-BWHGWX5EEC33IVTW66YY08Q8N.pcm

SwiftExplicitDependencyGeneratePcm arm64 /Users/builder/Factory/paperloft/evidence/checkouts/p2-checkpoint47fdb2c/build/DerivedData/SDKExplicitPrecompiledModules/_Builtin_intrinsics-EOCUEHS53FJQE52B8XUFYF2PI.pcm

SwiftExplicitDependencyGeneratePcm arm64 /Users/builder/Factory/paperloft/evidence/checkouts/p2-checkpoint47fdb2c/build/DerivedData/SDKExplicitPrecompiledModules/_Builtin_inttypes-2X8LAZUMUKPRUXDAP7A6GV3MO.pcm

SwiftExplicitDependencyGeneratePcm arm64 /Users/builder/Factory/paperloft/evidence/checkouts/p2-checkpoint47fdb2c/build/DerivedData/SDKExplicitPrecompiledModules/Darwin-8JQOX9GDZU7AAHMY0K70SSOMR.pcm

SwiftExplicitDependencyGeneratePcm arm64 /Users/builder/Factory/paperloft/evidence/checkouts/p2-checkpoint47fdb2c/build/DerivedData/SDKExplicitPrecompiledModules/simd-59TU11SE9G9EABI2NT45NYXPJ.pcm

SwiftExplicitDependencyGeneratePcm arm64 /Users/builder/Factory/paperloft/evidence/checkouts/p2-checkpoint47fdb2c/build/DerivedData/SDKExplicitPrecompiledModules/Compression-AZBLQK79UHG5RMD8OUHNJD5WB.pcm

SwiftExplicitDependencyGeneratePcm arm64 /Users/builder/Factory/paperloft/evidence/checkouts/p2-checkpoint47fdb2c/build/DerivedData/SDKExplicitPrecompiledModules/launch-5VQGFFDIPU8YV19AUQAEDG9Q6.pcm

SwiftExplicitDependencyGeneratePcm arm64 /Users/builder/Factory/paperloft/evidence/checkouts/p2-checkpoint47fdb2c/build/DerivedData/SDKExplicitPrecompiledModules/libkern-38C1TP4NL7AHP2PH24ETM4NF1.pcm

SwiftExplicitDependencyGeneratePcm arm64 /Users/builder/Factory/paperloft/evidence/checkouts/p2-checkpoint47fdb2c/build/DerivedData/SDKExplicitPrecompiledModules/MachO-CIESYPYXBOATCSSDLFT14SBHS.pcm

SwiftExplicitDependencyGeneratePcm arm64 /Users/builder/Factory/paperloft/evidence/checkouts/p2-checkpoint47fdb2c/build/DerivedData/SDKExplicitPrecompiledModules/CUPS-A3PGV4TKYCAPD5ZCGXQ3IBPPR.pcm

SwiftExplicitDependencyGeneratePcm arm64 /Users/builder/Factory/paperloft/evidence/checkouts/p2-checkpoint47fdb2c/build/DerivedData/SDKExplicitPrecompiledModules/ObjectiveC-3HMKIZAUV0OQJJKHF93GD5IX5.pcm

SwiftExplicitDependencyGeneratePcm arm64 /Users/builder/Factory/paperloft/evidence/checkouts/p2-checkpoint47fdb2c/build/DerivedData/SDKExplicitPrecompiledModules/os_object-71REZG0P59G4PPC7EFPWXKUTK.pcm

SwiftExplicitDependencyGeneratePcm arm64 /Users/builder/Factory/paperloft/evidence/checkouts/p2-checkpoint47fdb2c/build/DerivedData/SDKExplicitPrecompiledModules/os_workgroup-717FABG8VNBLVZW4KMP3Y1OWE.pcm

SwiftExplicitDependencyGeneratePcm arm64 /Users/builder/Factory/paperloft/evidence/checkouts/p2-checkpoint47fdb2c/build/DerivedData/SDKExplicitPrecompiledModules/Dispatch-891O3NZLJ7QJB8K1P1QP40ZMZ.pcm

SwiftExplicitDependencyGeneratePcm arm64 /Users/builder/Factory/paperloft/evidence/checkouts/p2-checkpoint47fdb2c/build/DerivedData/SDKExplicitPrecompiledModules/XPC-828OQGR7TBLGTOWC0EB6D9LCW.pcm

SwiftExplicitDependencyGeneratePcm arm64 /Users/builder/Factory/paperloft/evidence/checkouts/p2-checkpoint47fdb2c/build/DerivedData/SDKExplicitPrecompiledModules/CoreFoundation-AZTRAU1KQ0G4E0KCNXXQE528V.pcm

SwiftExplicitDependencyGeneratePcm arm64 /Users/builder/Factory/paperloft/evidence/checkouts/p2-checkpoint47fdb2c/build/DerivedData/SDKExplicitPrecompiledModules/os-ET3JNMIA68S5QX8GYOSV30IQB.pcm

SwiftExplicitDependencyGeneratePcm arm64 /Users/builder/Factory/paperloft/evidence/checkouts/p2-checkpoint47fdb2c/build/DerivedData/SDKExplicitPrecompiledModules/ColorSync-13VRJ57TYPBXT1KRDPLDMX3XK.pcm

SwiftExplicitDependencyGeneratePcm arm64 /Users/builder/Factory/paperloft/evidence/checkouts/p2-checkpoint47fdb2c/build/DerivedData/SDKExplicitPrecompiledModules/Security-1OPXHIXHNA3UM77HJ6FDVGEAR.pcm

SwiftExplicitDependencyGeneratePcm arm64 /Users/builder/Factory/paperloft/evidence/checkouts/p2-checkpoint47fdb2c/build/DerivedData/SDKExplicitPrecompiledModules/IOKit-5STPMC6R63SEWDXSK3HYLL3PI.pcm

SwiftExplicitDependencyGeneratePcm arm64 /Users/builder/Factory/paperloft/evidence/checkouts/p2-checkpoint47fdb2c/build/DerivedData/SDKExplicitPrecompiledModules/CoreAudioTypes-TKCCL1XR8B9UHRE7L1BIWYAE.pcm

SwiftExplicitDependencyGeneratePcm arm64 /Users/builder/Factory/paperloft/evidence/checkouts/p2-checkpoint47fdb2c/build/DerivedData/SDKExplicitPrecompiledModules/CFNetwork-DP64L9ROFUY3TI772QE6I5MYA.pcm

SwiftExplicitDependencyGeneratePcm arm64 /Users/builder/Factory/paperloft/evidence/checkouts/p2-checkpoint47fdb2c/build/DerivedData/SDKExplicitPrecompiledModules/CoreGraphics-AUT0SAIDBO2724D5GSJ7M6VXY.pcm

SwiftExplicitDependencyGeneratePcm arm64 /Users/builder/Factory/paperloft/evidence/checkouts/p2-checkpoint47fdb2c/build/DerivedData/SDKExplicitPrecompiledModules/DiskArbitration-1CUWTM32MAQTFNH8YJRRIRKME.pcm

SwiftExplicitDependencyGeneratePcm arm64 /Users/builder/Factory/paperloft/evidence/checkouts/p2-checkpoint47fdb2c/build/DerivedData/SDKExplicitPrecompiledModules/CoreServices-EHS5A8CBDYKGLDWHXA0JPR9BN.pcm

SwiftExplicitDependencyGeneratePcm arm64 /Users/builder/Factory/paperloft/evidence/checkouts/p2-checkpoint47fdb2c/build/DerivedData/SDKExplicitPrecompiledModules/ImageIO-EI2IWISS3SEXAES5CDITYNZ82.pcm

SwiftExplicitDependencyGeneratePcm arm64 /Users/builder/Factory/paperloft/evidence/checkouts/p2-checkpoint47fdb2c/build/DerivedData/SDKExplicitPrecompiledModules/CoreText-6VG9C45VNAN6O32MUIFJOSGW0.pcm

SwiftExplicitDependencyGeneratePcm arm64 /Users/builder/Factory/paperloft/evidence/checkouts/p2-checkpoint47fdb2c/build/DerivedData/SDKExplicitPrecompiledModules/Foundation-3OJ9TITPU7DZVT55T8D4NIHIX.pcm

SwiftExplicitDependencyGeneratePcm arm64 /Users/builder/Factory/paperloft/evidence/checkouts/p2-checkpoint47fdb2c/build/DerivedData/SDKExplicitPrecompiledModules/CoreMIDI-42UFHSRG44CK4Y7Y6M892G7Q.pcm

SwiftExplicitDependencyGeneratePcm arm64 /Users/builder/Factory/paperloft/evidence/checkouts/p2-checkpoint47fdb2c/build/DerivedData/SDKExplicitPrecompiledModules/CoreAudio-1E7P0KZELF9JW7T49QUX3XZYW.pcm

SwiftExplicitDependencyGeneratePcm arm64 /Users/builder/Factory/paperloft/evidence/checkouts/p2-checkpoint47fdb2c/build/DerivedData/SDKExplicitPrecompiledModules/LocalAuthentication-AY4CWCC32FY2YJEHDBWNMQKVG.pcm

SwiftExplicitDependencyGeneratePcm arm64 /Users/builder/Factory/paperloft/evidence/checkouts/p2-checkpoint47fdb2c/build/DerivedData/SDKExplicitPrecompiledModules/UniformTypeIdentifiers-2OY0S6G2DAUAS88Y4YQD077SZ.pcm

SwiftExplicitDependencyGeneratePcm arm64 /Users/builder/Factory/paperloft/evidence/checkouts/p2-checkpoint47fdb2c/build/DerivedData/SDKExplicitPrecompiledModules/DataDetection-2HN6WL6QP8DO81UH41VQAJI50.pcm

SwiftExplicitDependencyGeneratePcm arm64 /Users/builder/Factory/paperloft/evidence/checkouts/p2-checkpoint47fdb2c/build/DerivedData/SDKExplicitPrecompiledModules/ApplicationServices-DHG1FBHSFI8PTX49FVUZM4JV9.pcm

SwiftExplicitDependencyGeneratePcm arm64 /Users/builder/Factory/paperloft/evidence/checkouts/p2-checkpoint47fdb2c/build/DerivedData/SDKExplicitPrecompiledModules/IOSurface-31LXFATSO9D91860IGWWKF51.pcm

SwiftExplicitDependencyGeneratePcm arm64 /Users/builder/Factory/paperloft/evidence/checkouts/p2-checkpoint47fdb2c/build/DerivedData/SDKExplicitPrecompiledModules/OpenGL-837P2KZB2BFFMEK0ELL229P3A.pcm

SwiftExplicitDependencyGeneratePcm arm64 /Users/builder/Factory/paperloft/evidence/checkouts/p2-checkpoint47fdb2c/build/DerivedData/SDKExplicitPrecompiledModules/Metal-B0WDPDZGQR5XMNQJ9D6YXUD4W.pcm

SwiftExplicitDependencyGeneratePcm arm64 /Users/builder/Factory/paperloft/evidence/checkouts/p2-checkpoint47fdb2c/build/DerivedData/SDKExplicitPrecompiledModules/Carbon-7QUD5NZQM2ONTQC7K8TKXSPCF.pcm

SwiftExplicitDependencyGeneratePcm arm64 /Users/builder/Factory/paperloft/evidence/checkouts/p2-checkpoint47fdb2c/build/DerivedData/SDKExplicitPrecompiledModules/CoreVideo-1FMWJNXIQOWCZ2STA5DE5HT4L.pcm

SwiftExplicitDependencyGeneratePcm arm64 /Users/builder/Factory/paperloft/evidence/checkouts/p2-checkpoint47fdb2c/build/DerivedData/SDKExplicitPrecompiledModules/AudioToolbox-DK64G3V1GNQ3D2MWE1KRX8XVW.pcm

SwiftExplicitDependencyGeneratePcm arm64 /Users/builder/Factory/paperloft/evidence/checkouts/p2-checkpoint47fdb2c/build/DerivedData/SDKExplicitPrecompiledModules/CoreImage-E6391BAB8XKXHC913LQX3AEHJ.pcm

SwiftExplicitDependencyGeneratePcm arm64 /Users/builder/Factory/paperloft/evidence/checkouts/p2-checkpoint47fdb2c/build/DerivedData/SDKExplicitPrecompiledModules/QuartzCore-F3O61QW8IHV8XYKN205A2ZHVX.pcm

SwiftExplicitDependencyGeneratePcm arm64 /Users/builder/Factory/paperloft/evidence/checkouts/p2-checkpoint47fdb2c/build/DerivedData/SDKExplicitPrecompiledModules/Accelerate-ADT2ZH2LOJJP3UCHZ197WINQO.pcm

SwiftExplicitDependencyGeneratePcm arm64 /Users/builder/Factory/paperloft/evidence/checkouts/p2-checkpoint47fdb2c/build/DerivedData/SDKExplicitPrecompiledModules/CoreMedia-CG29XS24CE3A0KM8LCMDJSUDW.pcm

SwiftExplicitDependencyGeneratePcm arm64 /Users/builder/Factory/paperloft/evidence/checkouts/p2-checkpoint47fdb2c/build/DerivedData/SDKExplicitPrecompiledModules/CoreML-2WM3W00ZP5YZ2KFPZBEH5FVFW.pcm

SwiftExplicitDependencyGeneratePcm arm64 /Users/builder/Factory/paperloft/evidence/checkouts/p2-checkpoint47fdb2c/build/DerivedData/SDKExplicitPrecompiledModules/VideoToolbox-D093M98391XP7SQ8R5DE9CAV8.pcm

SwiftExplicitDependencyGeneratePcm arm64 /Users/builder/Factory/paperloft/evidence/checkouts/p2-checkpoint47fdb2c/build/DerivedData/SDKExplicitPrecompiledModules/Vision-7KIMBO8Y9ZO7YAGMU97WZ08OJ.pcm

SwiftExplicitDependencyGeneratePcm arm64 /Users/builder/Factory/paperloft/evidence/checkouts/p2-checkpoint47fdb2c/build/DerivedData/SDKExplicitPrecompiledModules/MediaToolbox-568WZ1O171SAQHPHRJLG4XLD0.pcm

SwiftExplicitDependencyGeneratePcm arm64 /Users/builder/Factory/paperloft/evidence/checkouts/p2-checkpoint47fdb2c/build/DerivedData/SDKExplicitPrecompiledModules/AVFAudio-DB9AA99UQIF373Q8G34HHUL78.pcm

SwiftExplicitDependencyGeneratePcm arm64 /Users/builder/Factory/paperloft/evidence/checkouts/p2-checkpoint47fdb2c/build/DerivedData/SDKExplicitPrecompiledModules/AVFoundation-BBF0KGLD06173E5171F3E24JP.pcm

SwiftEmitModule normal arm64 Emitting\ module\ for\ PaperloftKit (in target 'PaperloftKit' from project 'PaperloftKit')

SwiftCompile normal arm64 (in target 'PaperloftKit' from project 'PaperloftKit')
    cd /Users/builder/Factory/paperloft/evidence/checkouts/p2-checkpoint47fdb2c/Paperloft.xcodeproj
    

SwiftCompile normal arm64 Compiling\ ReceiptIndex.swift /Users/builder/Factory/paperloft/evidence/checkouts/p2-checkpoint47fdb2c/Packages/PaperloftKit/Sources/PaperloftKit/ReceiptIndex.swift (in target 'PaperloftKit' from project 'PaperloftKit')

SwiftCompile normal arm64 /Users/builder/Factory/paperloft/evidence/checkouts/p2-checkpoint47fdb2c/Packages/PaperloftKit/Sources/PaperloftKit/ReceiptIndex.swift (in target 'PaperloftKit' from project 'PaperloftKit')
    cd /Users/builder/Factory/paperloft/evidence/checkouts/p2-checkpoint47fdb2c/Paperloft.xcodeproj
    builtin-SwiftPerFileCompile ReceiptIndex.swift

SwiftCompile normal arm64 Compiling\ TextLayout.swift /Users/builder/Factory/paperloft/evidence/checkouts/p2-checkpoint47fdb2c/Packages/PaperloftKit/Sources/PaperloftKit/TextLayout.swift (in target 'PaperloftKit' from project 'PaperloftKit')

SwiftCompile normal arm64 /Users/builder/Factory/paperloft/evidence/checkouts/p2-checkpoint47fdb2c/Packages/PaperloftKit/Sources/PaperloftKit/TextLayout.swift (in target 'PaperloftKit' from project 'PaperloftKit')
    cd /Users/builder/Factory/paperloft/evidence/checkouts/p2-checkpoint47fdb2c/Paperloft.xcodeproj
    builtin-SwiftPerFileCompile TextLayout.swift

SwiftCompile normal arm64 Compiling\ ReceiptEngine.swift /Users/builder/Factory/paperloft/evidence/checkouts/p2-checkpoint47fdb2c/Packages/PaperloftKit/Sources/PaperloftKit/ReceiptEngine.swift (in target 'PaperloftKit' from project 'PaperloftKit')

SwiftCompile normal arm64 /Users/builder/Factory/paperloft/evidence/checkouts/p2-checkpoint47fdb2c/Packages/PaperloftKit/Sources/PaperloftKit/ReceiptEngine.swift (in target 'PaperloftKit' from project 'PaperloftKit')
    cd /Users/builder/Factory/paperloft/evidence/checkouts/p2-checkpoint47fdb2c/Paperloft.xcodeproj
    builtin-SwiftPerFileCompile ReceiptEngine.swift

SwiftCompile normal arm64 Compiling\ Receipt.swift /Users/builder/Factory/paperloft/evidence/checkouts/p2-checkpoint47fdb2c/Packages/PaperloftKit/Sources/PaperloftKit/Receipt.swift (in target 'PaperloftKit' from project 'PaperloftKit')

SwiftCompile normal arm64 /Users/builder/Factory/paperloft/evidence/checkouts/p2-checkpoint47fdb2c/Packages/PaperloftKit/Sources/PaperloftKit/Receipt.swift (in target 'PaperloftKit' from project 'PaperloftKit')
    cd /Users/builder/Factory/paperloft/evidence/checkouts/p2-checkpoint47fdb2c/Paperloft.xcodeproj
    builtin-SwiftPerFileCompile Receipt.swift

SwiftCompile normal arm64 Compiling\ Money.swift /Users/builder/Factory/paperloft/evidence/checkouts/p2-checkpoint47fdb2c/Packages/PaperloftKit/Sources/PaperloftKit/Money.swift (in target 'PaperloftKit' from project 'PaperloftKit')

SwiftCompile normal arm64 /Users/builder/Factory/paperloft/evidence/checkouts/p2-checkpoint47fdb2c/Packages/PaperloftKit/Sources/PaperloftKit/Money.swift (in target 'PaperloftKit' from project 'PaperloftKit')
    cd /Users/builder/Factory/paperloft/evidence/checkouts/p2-checkpoint47fdb2c/Paperloft.xcodeproj
    builtin-SwiftPerFileCompile Money.swift

SwiftCompile normal arm64 Compiling\ Recognize.swift /Users/builder/Factory/paperloft/evidence/checkouts/p2-checkpoint47fdb2c/Packages/PaperloftKit/Sources/PaperloftKit/Recognize.swift (in target 'PaperloftKit' from project 'PaperloftKit')

SwiftCompile normal arm64 /Users/builder/Factory/paperloft/evidence/checkouts/p2-checkpoint47fdb2c/Packages/PaperloftKit/Sources/PaperloftKit/Recognize.swift (in target 'PaperloftKit' from project 'PaperloftKit')
    cd /Users/builder/Factory/paperloft/evidence/checkouts/p2-checkpoint47fdb2c/Paperloft.xcodeproj
    builtin-SwiftPerFileCompile Recognize.swift

SwiftCompile normal arm64 Compiling\ Assessment.swift,\ Extraction.swift /Users/builder/Factory/paperloft/evidence/checkouts/p2-checkpoint47fdb2c/Packages/PaperloftKit/Sources/PaperloftKit/Assessment.swift /Users/builder/Factory/paperloft/evidence/checkouts/p2-checkpoint47fdb2c/Packages/PaperloftKit/Sources/PaperloftKit/Extraction.swift (in target 'PaperloftKit' from project 'PaperloftKit')

SwiftCompile normal arm64 /Users/builder/Factory/paperloft/evidence/checkouts/p2-checkpoint47fdb2c/Packages/PaperloftKit/Sources/PaperloftKit/Assessment.swift (in target 'PaperloftKit' from project 'PaperloftKit')
    cd /Users/builder/Factory/paperloft/evidence/checkouts/p2-checkpoint47fdb2c/Paperloft.xcodeproj
    builtin-SwiftPerFileCompile Assessment.swift

SwiftCompile normal arm64 /Users/builder/Factory/paperloft/evidence/checkouts/p2-checkpoint47fdb2c/Packages/PaperloftKit/Sources/PaperloftKit/Extraction.swift (in target 'PaperloftKit' from project 'PaperloftKit')
    cd /Users/builder/Factory/paperloft/evidence/checkouts/p2-checkpoint47fdb2c/Paperloft.xcodeproj
    builtin-SwiftPerFileCompile Extraction.swift

SwiftCompile normal arm64 Compiling\ LibraryFiles.swift /Users/builder/Factory/paperloft/evidence/checkouts/p2-checkpoint47fdb2c/Packages/PaperloftKit/Sources/PaperloftKit/LibraryFiles.swift (in target 'PaperloftKit' from project 'PaperloftKit')

SwiftCompile normal arm64 /Users/builder/Factory/paperloft/evidence/checkouts/p2-checkpoint47fdb2c/Packages/PaperloftKit/Sources/PaperloftKit/LibraryFiles.swift (in target 'PaperloftKit' from project 'PaperloftKit')
    cd /Users/builder/Factory/paperloft/evidence/checkouts/p2-checkpoint47fdb2c/Paperloft.xcodeproj
    builtin-SwiftPerFileCompile LibraryFiles.swift

SwiftCompile normal arm64 Compiling\ LibraryStore.swift /Users/builder/Factory/paperloft/evidence/checkouts/p2-checkpoint47fdb2c/Packages/PaperloftKit/Sources/PaperloftKit/LibraryStore.swift (in target 'PaperloftKit' from project 'PaperloftKit')

SwiftCompile normal arm64 /Users/builder/Factory/paperloft/evidence/checkouts/p2-checkpoint47fdb2c/Packages/PaperloftKit/Sources/PaperloftKit/LibraryStore.swift (in target 'PaperloftKit' from project 'PaperloftKit')
    cd /Users/builder/Factory/paperloft/evidence/checkouts/p2-checkpoint47fdb2c/Paperloft.xcodeproj
    builtin-SwiftPerFileCompile LibraryStore.swift

SwiftCompile normal arm64 Compiling\ LibraryAccess.swift /Users/builder/Factory/paperloft/evidence/checkouts/p2-checkpoint47fdb2c/Packages/PaperloftKit/Sources/PaperloftKit/LibraryAccess.swift (in target 'PaperloftKit' from project 'PaperloftKit')

SwiftCompile normal arm64 /Users/builder/Factory/paperloft/evidence/checkouts/p2-checkpoint47fdb2c/Packages/PaperloftKit/Sources/PaperloftKit/LibraryAccess.swift (in target 'PaperloftKit' from project 'PaperloftKit')
    cd /Users/builder/Factory/paperloft/evidence/checkouts/p2-checkpoint47fdb2c/Paperloft.xcodeproj
    builtin-SwiftPerFileCompile LibraryAccess.swift

SwiftDriverJobDiscovery normal arm64 Emitting module for PaperloftKit (in target 'PaperloftKit' from project 'PaperloftKit')

SwiftDriver\ Compilation\ Requirements PaperloftKit normal arm64 com.apple.xcode.tools.swift.compiler (in target 'PaperloftKit' from project 'PaperloftKit')
    cd /Users/builder/Factory/paperloft/evidence/checkouts/p2-checkpoint47fdb2c/Paperloft.xcodeproj
    builtin-Swift-Compilation-Requirements -- /Applications/Xcode.app/Contents/Developer/Toolchains/XcodeDefault.xctoolchain/usr/bin/swiftc -parse-as-library -module-name PaperloftKit -Onone @/Users/builder/Factory/paperloft/evidence/checkouts/p2-checkpoint47fdb2c/build/DerivedData/Build/Intermediates.noindex/PaperloftKit.build/Debug/PaperloftKit-t.build/Objects-normal/arm64/PaperloftKit.SwiftFileList -DSWIFT_PACKAGE -DDEBUG -DSWIFT_MODULE_RESOURCE_BUNDLE_UNAVAILABLE -DXcode -plugin-path /Applications/Xcode.app/Contents/Developer/Toolchains/XcodeDefault.xctoolchain/usr/lib/swift/host/plugins/testing -enable-experimental-feature DebugDescriptionMacro -sdk /Applications/Xcode.app/Contents/Developer/Platforms/MacOSX.platform/Developer/SDKs/MacOSX27.0.sdk -target arm64-apple-macos27.0 -g -module-cache-path /Users/builder/Factory/paperloft/evidence/checkouts/p2-checkpoint47fdb2c/build/DerivedData/ModuleCache.noindex -Xfrontend -serialize-debugging-options -profile-coverage-mapping -profile-generate -enable-testing -warnings-as-errors -index-store-path /Users/builder/Factory/paperloft/evidence/checkouts/p2-checkpoint47fdb2c/build/DerivedData/Index.noindex/DataStore -Xcc -D_LIBCPP_HARDENING_MODE\=_LIBCPP_HARDENING_MODE_DEBUG -swift-version 6 -I /Users/builder/Factory/paperloft/evidence/checkouts/p2-checkpoint47fdb2c/build/DerivedData/Build/Products/Debug -Isystem /Applications/Xcode.app/Contents/Developer/Platforms/MacOSX.platform/Developer/usr/lib -F /Users/builder/Factory/paperloft/evidence/checkouts/p2-checkpoint47fdb2c/build/DerivedData/Build/Products/Debug -F /Applications/Xcode.app/Contents/Developer/Platforms/MacOSX.platform/Developer/Library/Frameworks -c -j10 -enable-batch-mode -incremental -Xcc -ivfsstatcache -Xcc /Users/builder/Factory/paperloft/evidence/checkouts/p2-checkpoint47fdb2c/build/DerivedData/SDKStatCaches.noindex/macosx27.0-26A425-7231f6df4def33e022ae2eb8f782df1a.sdkstatcache -output-file-map /Users/builder/Factory/paperloft/evidence/checkouts/p2-checkpoint47fdb2c/build/DerivedData/Build/Intermediates.noindex/PaperloftKit.build/Debug/PaperloftKit-t.build/Objects-normal/arm64/PaperloftKit-OutputFileMap.json -save-temps -no-color-diagnostics -explicit-module-build -module-cache-path /Users/builder/Factory/paperloft/evidence/checkouts/p2-checkpoint47fdb2c/build/DerivedData/Build/Intermediates.noindex/SwiftExplicitPrecompiledModules -clang-scanner-module-cache-path /Users/builder/Factory/paperloft/evidence/checkouts/p2-checkpoint47fdb2c/build/DerivedData/ModuleCache.noindex -sdk-module-cache-path /Users/builder/Factory/paperloft/evidence/checkouts/p2-checkpoint47fdb2c/build/DerivedData/SDKExplicitPrecompiledModules -emit-dependencies -emit-module -emit-module-path /Users/builder/Factory/paperloft/evidence/checkouts/p2-checkpoint47fdb2c/build/DerivedData/Build/Intermediates.noindex/PaperloftKit.build/Debug/PaperloftKit-t.build/Objects-normal/arm64/PaperloftKit.swiftmodule -serialize-diagnostics -dependency-scan-serialize-diagnostics-path /Users/builder/Factory/paperloft/evidence/checkouts/p2-checkpoint47fdb2c/build/DerivedData/Build/Intermediates.noindex/PaperloftKit.build/Debug/PaperloftKit-t.build/Objects-normal/arm64/PaperloftKit-dependency-scan.dia -validate-clang-modules-once -clang-build-session-file /Users/builder/Factory/paperloft/evidence/checkouts/p2-checkpoint47fdb2c/build/DerivedData/ModuleCache.noindex/Session.modulevalidation -Xcc -fmodules-prune-interval\=86400 -Xcc -fmodules-prune-after\=345600 -package-name paperloftkit -emit-const-values -const-gather-protocols-list /Users/builder/Factory/paperloft/evidence/checkouts/p2-checkpoint47fdb2c/build/DerivedData/Build/Intermediates.noindex/PaperloftKit.build/Debug/PaperloftKit-t.build/Objects-normal/arm64/PaperloftKit_const_extract_protocols.json -Xcc -I/Users/builder/Factory/paperloft/evidence/checkouts/p2-checkpoint47fdb2c/build/DerivedData/Build/Products/Debug/include -Xcc -I/Users/builder/Factory/paperloft/evidence/checkouts/p2-checkpoint47fdb2c/build/DerivedData/Build/Intermediates.noindex/PaperloftKit.build/Debug/PaperloftKit-t.build/DerivedSources-normal/arm64 -Xcc -I/Users/builder/Factory/paperloft/evidence/checkouts/p2-checkpoint47fdb2c/build/DerivedData/Build/Intermediates.noindex/PaperloftKit.build/Debug/PaperloftKit-t.build/DerivedSources/arm64 -Xcc -I/Users/builder/Factory/paperloft/evidence/checkouts/p2-checkpoint47fdb2c/build/DerivedData/Build/Intermediates.noindex/PaperloftKit.build/Debug/PaperloftKit-t.build/DerivedSources -Xcc -DSWIFT_PACKAGE -Xcc -DDEBUG\=1 -emit-objc-header -emit-objc-header-path /Users/builder/Factory/paperloft/evidence/checkouts/p2-checkpoint47fdb2c/build/DerivedData/Build/Intermediates.noindex/PaperloftKit.build/Debug/PaperloftKit-t.build/Objects-normal/arm64/PaperloftKit-Swift.h -working-directory /Users/builder/Factory/paperloft/evidence/checkouts/p2-checkpoint47fdb2c/Paperloft.xcodeproj -experimental-emit-module-separately -disable-cmo

SwiftDriverJobDiscovery normal arm64 Compiling LibraryAccess.swift (in target 'PaperloftKit' from project 'PaperloftKit')

SwiftDriverJobDiscovery normal arm64 Compiling Money.swift (in target 'PaperloftKit' from project 'PaperloftKit')

SwiftMergeGeneratedHeaders /Users/builder/Factory/paperloft/evidence/checkouts/p2-checkpoint47fdb2c/build/DerivedData/Build/Intermediates.noindex/GeneratedModuleMaps/PaperloftKit-Swift.h /Users/builder/Factory/paperloft/evidence/checkouts/p2-checkpoint47fdb2c/build/DerivedData/Build/Intermediates.noindex/PaperloftKit.build/Debug/PaperloftKit-t.build/Objects-normal/arm64/PaperloftKit-Swift.h (in target 'PaperloftKit' from project 'PaperloftKit')
    cd /Users/builder/Factory/paperloft/evidence/checkouts/p2-checkpoint47fdb2c/Packages/PaperloftKit
    builtin-swiftHeaderTool -arch arm64 /Users/builder/Factory/paperloft/evidence/checkouts/p2-checkpoint47fdb2c/build/DerivedData/Build/Intermediates.noindex/PaperloftKit.build/Debug/PaperloftKit-t.build/Objects-normal/arm64/PaperloftKit-Swift.h -o /Users/builder/Factory/paperloft/evidence/checkouts/p2-checkpoint47fdb2c/build/DerivedData/Build/Intermediates.noindex/GeneratedModuleMaps/PaperloftKit-Swift.h

SwiftDriverJobDiscovery normal arm64 Compiling TextLayout.swift (in target 'PaperloftKit' from project 'PaperloftKit')

Copy /Users/builder/Factory/paperloft/evidence/checkouts/p2-checkpoint47fdb2c/build/DerivedData/Build/Products/Debug/PaperloftKit.swiftmodule/arm64-apple-macos.swiftdoc /Users/builder/Factory/paperloft/evidence/checkouts/p2-checkpoint47fdb2c/build/DerivedData/Build/Intermediates.noindex/PaperloftKit.build/Debug/PaperloftKit-t.build/Objects-normal/arm64/PaperloftKit.swiftdoc (in target 'PaperloftKit' from project 'PaperloftKit')
    cd /Users/builder/Factory/paperloft/evidence/checkouts/p2-checkpoint47fdb2c/Packages/PaperloftKit
    builtin-copy -exclude .DS_Store -exclude CVS -exclude .svn -exclude .git -exclude .hg -resolve-src-symlinks -rename /Users/builder/Factory/paperloft/evidence/checkouts/p2-checkpoint47fdb2c/build/DerivedData/Build/Intermediates.noindex/PaperloftKit.build/Debug/PaperloftKit-t.build/Objects-normal/arm64/PaperloftKit.swiftdoc /Users/builder/Factory/paperloft/evidence/checkouts/p2-checkpoint47fdb2c/build/DerivedData/Build/Products/Debug/PaperloftKit.swiftmodule/arm64-apple-macos.swiftdoc

Copy /Users/builder/Factory/paperloft/evidence/checkouts/p2-checkpoint47fdb2c/build/DerivedData/Build/Products/Debug/PaperloftKit.swiftmodule/arm64-apple-macos.swiftmodule /Users/builder/Factory/paperloft/evidence/checkouts/p2-checkpoint47fdb2c/build/DerivedData/Build/Intermediates.noindex/PaperloftKit.build/Debug/PaperloftKit-t.build/Objects-normal/arm64/PaperloftKit.swiftmodule (in target 'PaperloftKit' from project 'PaperloftKit')
    cd /Users/builder/Factory/paperloft/evidence/checkouts/p2-checkpoint47fdb2c/Packages/PaperloftKit
    builtin-copy -exclude .DS_Store -exclude CVS -exclude .svn -exclude .git -exclude .hg -resolve-src-symlinks -rename /Users/builder/Factory/paperloft/evidence/checkouts/p2-checkpoint47fdb2c/build/DerivedData/Build/Intermediates.noindex/PaperloftKit.build/Debug/PaperloftKit-t.build/Objects-normal/arm64/PaperloftKit.swiftmodule /Users/builder/Factory/paperloft/evidence/checkouts/p2-checkpoint47fdb2c/build/DerivedData/Build/Products/Debug/PaperloftKit.swiftmodule/arm64-apple-macos.swiftmodule

Copy /Users/builder/Factory/paperloft/evidence/checkouts/p2-checkpoint47fdb2c/build/DerivedData/Build/Products/Debug/PaperloftKit.swiftmodule/arm64-apple-macos.abi.json /Users/builder/Factory/paperloft/evidence/checkouts/p2-checkpoint47fdb2c/build/DerivedData/Build/Intermediates.noindex/PaperloftKit.build/Debug/PaperloftKit-t.build/Objects-normal/arm64/PaperloftKit.abi.json (in target 'PaperloftKit' from project 'PaperloftKit')
    cd /Users/builder/Factory/paperloft/evidence/checkouts/p2-checkpoint47fdb2c/Packages/PaperloftKit
    builtin-copy -exclude .DS_Store -exclude CVS -exclude .svn -exclude .git -exclude .hg -resolve-src-symlinks -rename /Users/builder/Factory/paperloft/evidence/checkouts/p2-checkpoint47fdb2c/build/DerivedData/Build/Intermediates.noindex/PaperloftKit.build/Debug/PaperloftKit-t.build/Objects-normal/arm64/PaperloftKit.abi.json /Users/builder/Factory/paperloft/evidence/checkouts/p2-checkpoint47fdb2c/build/DerivedData/Build/Products/Debug/PaperloftKit.swiftmodule/arm64-apple-macos.abi.json

Copy /Users/builder/Factory/paperloft/evidence/checkouts/p2-checkpoint47fdb2c/build/DerivedData/Build/Products/Debug/PaperloftKit.swiftmodule/Project/arm64-apple-macos.swiftsourceinfo /Users/builder/Factory/paperloft/evidence/checkouts/p2-checkpoint47fdb2c/build/DerivedData/Build/Intermediates.noindex/PaperloftKit.build/Debug/PaperloftKit-t.build/Objects-normal/arm64/PaperloftKit.swiftsourceinfo (in target 'PaperloftKit' from project 'PaperloftKit')
    cd /Users/builder/Factory/paperloft/evidence/checkouts/p2-checkpoint47fdb2c/Packages/PaperloftKit
    builtin-copy -exclude .DS_Store -exclude CVS -exclude .svn -exclude .git -exclude .hg -resolve-src-symlinks -rename /Users/builder/Factory/paperloft/evidence/checkouts/p2-checkpoint47fdb2c/build/DerivedData/Build/Intermediates.noindex/PaperloftKit.build/Debug/PaperloftKit-t.build/Objects-normal/arm64/PaperloftKit.swiftsourceinfo /Users/builder/Factory/paperloft/evidence/checkouts/p2-checkpoint47fdb2c/build/DerivedData/Build/Products/Debug/PaperloftKit.swiftmodule/Project/arm64-apple-macos.swiftsourceinfo

ProcessProductPackaging /Users/builder/Factory/paperloft/evidence/checkouts/p2-checkpoint47fdb2c/Apps/PaperloftApp/Paperloft.entitlements /Users/builder/Factory/paperloft/evidence/checkouts/p2-checkpoint47fdb2c/build/DerivedData/Build/Intermediates.noindex/Paperloft.build/Debug/PaperloftApp.build/Paperloft\ Receipts.app.xcent (in target 'PaperloftApp' from project 'Paperloft')
    cd /Users/builder/Factory/paperloft/evidence/checkouts/p2-checkpoint47fdb2c
    
    Entitlements:
    
    {
    "com.apple.security.app-sandbox" = 1;
    "com.apple.security.files.bookmarks.app-scope" = 1;
    "com.apple.security.files.user-selected.read-write" = 1;
    "com.apple.security.get-task-allow" = 1;
}
    
    builtin-productPackagingUtility /Users/builder/Factory/paperloft/evidence/checkouts/p2-checkpoint47fdb2c/Apps/PaperloftApp/Paperloft.entitlements -entitlements -format xml -o /Users/builder/Factory/paperloft/evidence/checkouts/p2-checkpoint47fdb2c/build/DerivedData/Build/Intermediates.noindex/Paperloft.build/Debug/PaperloftApp.build/Paperloft\ Receipts.app.xcent

ProcessProductPackagingDER /Users/builder/Factory/paperloft/evidence/checkouts/p2-checkpoint47fdb2c/build/DerivedData/Build/Intermediates.noindex/Paperloft.build/Debug/PaperloftApp.build/Paperloft\ Receipts.app.xcent /Users/builder/Factory/paperloft/evidence/checkouts/p2-checkpoint47fdb2c/build/DerivedData/Build/Intermediates.noindex/Paperloft.build/Debug/PaperloftApp.build/Paperloft\ Receipts.app.xcent.der (in target 'PaperloftApp' from project 'Paperloft')
    cd /Users/builder/Factory/paperloft/evidence/checkouts/p2-checkpoint47fdb2c
    /usr/bin/derq query -f xml -i /Users/builder/Factory/paperloft/evidence/checkouts/p2-checkpoint47fdb2c/build/DerivedData/Build/Intermediates.noindex/Paperloft.build/Debug/PaperloftApp.build/Paperloft\ Receipts.app.xcent -o /Users/builder/Factory/paperloft/evidence/checkouts/p2-checkpoint47fdb2c/build/DerivedData/Build/Intermediates.noindex/Paperloft.build/Debug/PaperloftApp.build/Paperloft\ Receipts.app.xcent.der --raw

SwiftDriver PaperloftApp normal arm64 com.apple.xcode.tools.swift.compiler (in target 'PaperloftApp' from project 'Paperloft')
    cd /Users/builder/Factory/paperloft/evidence/checkouts/p2-checkpoint47fdb2c
    builtin-SwiftDriver -- /Applications/Xcode.app/Contents/Developer/Toolchains/XcodeDefault.xctoolchain/usr/bin/swiftc -module-name Paperloft_Receipts -Onone @/Users/builder/Factory/paperloft/evidence/checkouts/p2-checkpoint47fdb2c/build/DerivedData/Build/Intermediates.noindex/Paperloft.build/Debug/PaperloftApp.build/Objects-normal/arm64/Paperloft\ Receipts.SwiftFileList -enable-experimental-feature DebugDescriptionMacro -sdk /Applications/Xcode.app/Contents/Developer/Platforms/MacOSX.platform/Developer/SDKs/MacOSX27.0.sdk -target arm64-apple-macos27.0 -g -module-cache-path /Users/builder/Factory/paperloft/evidence/checkouts/p2-checkpoint47fdb2c/build/DerivedData/ModuleCache.noindex -Xfrontend -serialize-debugging-options -profile-coverage-mapping -profile-generate -enable-testing -warnings-as-errors -index-store-path /Users/builder/Factory/paperloft/evidence/checkouts/p2-checkpoint47fdb2c/build/DerivedData/Index.noindex/DataStore -swift-version 6 -I /Users/builder/Factory/paperloft/evidence/checkouts/p2-checkpoint47fdb2c/build/DerivedData/Build/Products/Debug -F /Users/builder/Factory/paperloft/evidence/checkouts/p2-checkpoint47fdb2c/build/DerivedData/Build/Products/Debug/PackageFrameworks -F /Users/builder/Factory/paperloft/evidence/checkouts/p2-checkpoint47fdb2c/build/DerivedData/Build/Products/Debug -parse-as-library -c -j10 -enable-batch-mode -incremental -Xcc -ivfsstatcache -Xcc /Users/builder/Factory/paperloft/evidence/checkouts/p2-checkpoint47fdb2c/build/DerivedData/SDKStatCaches.noindex/macosx27.0-26A425-7231f6df4def33e022ae2eb8f782df1a.sdkstatcache -output-file-map /Users/builder/Factory/paperloft/evidence/checkouts/p2-checkpoint47fdb2c/build/DerivedData/Build/Intermediates.noindex/Paperloft.build/Debug/PaperloftApp.build/Objects-normal/arm64/PaperloftApp-OutputFileMap.json -save-temps -no-color-diagnostics -explicit-module-build -module-cache-path /Users/builder/Factory/paperloft/evidence/checkouts/p2-checkpoint47fdb2c/build/DerivedData/Build/Intermediates.noindex/SwiftExplicitPrecompiledModules -clang-scanner-module-cache-path /Users/builder/Factory/paperloft/evidence/checkouts/p2-checkpoint47fdb2c/build/DerivedData/ModuleCache.noindex -sdk-module-cache-path /Users/builder/Factory/paperloft/evidence/checkouts/p2-checkpoint47fdb2c/build/DerivedData/SDKExplicitPrecompiledModules -emit-dependencies -emit-module -emit-module-path /Users/builder/Factory/paperloft/evidence/checkouts/p2-checkpoint47fdb2c/build/DerivedData/Build/Intermediates.noindex/Paperloft.build/Debug/PaperloftApp.build/Objects-normal/arm64/Paperloft_Receipts.swiftmodule -serialize-diagnostics -dependency-scan-serialize-diagnostics-path /Users/builder/Factory/paperloft/evidence/checkouts/p2-checkpoint47fdb2c/build/DerivedData/Build/Intermediates.noindex/Paperloft.build/Debug/PaperloftApp.build/Objects-normal/arm64/Paperloft_Receipts-dependency-scan.dia -validate-clang-modules-once -clang-build-session-file /Users/builder/Factory/paperloft/evidence/checkouts/p2-checkpoint47fdb2c/build/DerivedData/ModuleCache.noindex/Session.modulevalidation -Xcc -fmodules-prune-interval\=86400 -Xcc -fmodules-prune-after\=345600 -emit-const-values -const-gather-protocols-list /Users/builder/Factory/paperloft/evidence/checkouts/p2-checkpoint47fdb2c/build/DerivedData/Build/Intermediates.noindex/Paperloft.build/Debug/PaperloftApp.build/Objects-normal/arm64/PaperloftApp_const_extract_protocols.json -Xcc -iquote -Xcc /Users/builder/Factory/paperloft/evidence/checkouts/p2-checkpoint47fdb2c/build/DerivedData/Build/Intermediates.noindex/Paperloft.build/Debug/PaperloftApp.build/Paperloft\ Receipts-generated-files.hmap -Xcc -I/Users/builder/Factory/paperloft/evidence/checkouts/p2-checkpoint47fdb2c/build/DerivedData/Build/Intermediates.noindex/Paperloft.build/Debug/PaperloftApp.build/Paperloft\ Receipts-own-target-headers.hmap -Xcc -I/Users/builder/Factory/paperloft/evidence/checkouts/p2-checkpoint47fdb2c/build/DerivedData/Build/Intermediates.noindex/Paperloft.build/Debug/PaperloftApp.build/Paperloft\ Receipts-all-non-framework-target-headers.hmap -Xcc -ivfsoverlay -Xcc /Users/builder/Factory/paperloft/evidence/checkouts/p2-checkpoint47fdb2c/build/DerivedData/Build/Intermediates.noindex/Paperloft.build/Debug/Paperloft-b93ddc6bcd4d234a5473ab01ad3589c4-VFS/all-product-headers.yaml -Xcc -iquote -Xcc /Users/builder/Factory/paperloft/evidence/checkouts/p2-checkpoint47fdb2c/build/DerivedData/Build/Intermediates.noindex/Paperloft.build/Debug/PaperloftApp.build/Paperloft\ Receipts-project-headers.hmap -Xcc -I/Users/builder/Factory/paperloft/evidence/checkouts/p2-checkpoint47fdb2c/build/DerivedData/Build/Products/Debug/include -Xcc -I/Users/builder/Factory/paperloft/evidence/checkouts/p2-checkpoint47fdb2c/build/DerivedData/Build/Intermediates.noindex/Paperloft.build/Debug/PaperloftApp.build/DerivedSources-normal/arm64 -Xcc -I/Users/builder/Factory/paperloft/evidence/checkouts/p2-checkpoint47fdb2c/build/DerivedData/Build/Intermediates.noindex/Paperloft.build/Debug/PaperloftApp.build/DerivedSources/arm64 -Xcc -I/Users/builder/Factory/paperloft/evidence/checkouts/p2-checkpoint47fdb2c/build/DerivedData/Build/Intermediates.noindex/Paperloft.build/Debug/PaperloftApp.build/DerivedSources -emit-objc-header -emit-objc-header-path /Users/builder/Factory/paperloft/evidence/checkouts/p2-checkpoint47fdb2c/build/DerivedData/Build/Intermediates.noindex/Paperloft.build/Debug/PaperloftApp.build/Objects-normal/arm64/Paperloft_Receipts-Swift.h -working-directory /Users/builder/Factory/paperloft/evidence/checkouts/p2-checkpoint47fdb2c -experimental-emit-module-separately -disable-cmo

SwiftDriverJobDiscovery normal arm64 Compiling ReceiptEngine.swift (in target 'PaperloftKit' from project 'PaperloftKit')

SwiftDriverJobDiscovery normal arm64 Compiling Receipt.swift (in target 'PaperloftKit' from project 'PaperloftKit')

SwiftDriverJobDiscovery normal arm64 Compiling LibraryFiles.swift (in target 'PaperloftKit' from project 'PaperloftKit')

SwiftDriverJobDiscovery normal arm64 Compiling ReceiptIndex.swift (in target 'PaperloftKit' from project 'PaperloftKit')

SwiftDriverJobDiscovery normal arm64 Compiling LibraryStore.swift (in target 'PaperloftKit' from project 'PaperloftKit')

SwiftDriverJobDiscovery normal arm64 Compiling Assessment.swift, Extraction.swift (in target 'PaperloftKit' from project 'PaperloftKit')

SwiftExplicitDependencyGeneratePcm arm64 /Users/builder/Factory/paperloft/evidence/checkouts/p2-checkpoint47fdb2c/build/DerivedData/SDKExplicitPrecompiledModules/DeveloperToolsSupport-C4WVF2SL79MKTFBTMPWFH5FVV.pcm

SwiftExplicitDependencyGeneratePcm arm64 /Users/builder/Factory/paperloft/evidence/checkouts/p2-checkpoint47fdb2c/build/DerivedData/SDKExplicitPrecompiledModules/ptrauth-1YN14TLVP0K42R70V3FVTX2X3.pcm

SwiftExplicitDependencyGeneratePcm arm64 /Users/builder/Factory/paperloft/evidence/checkouts/p2-checkpoint47fdb2c/build/DerivedData/SDKExplicitPrecompiledModules/SwiftShims-A9JJBTE7O4EN0N30M9X7WGRTS.pcm

SwiftExplicitDependencyGeneratePcm arm64 /Users/builder/Factory/paperloft/evidence/checkouts/p2-checkpoint47fdb2c/build/DerivedData/SDKExplicitPrecompiledModules/_Builtin_stddef-2Z0BYZ6XL7SJVAXHT2G4DVOKV.pcm

SwiftExplicitDependencyGeneratePcm arm64 /Users/builder/Factory/paperloft/evidence/checkouts/p2-checkpoint47fdb2c/build/DerivedData/SDKExplicitPrecompiledModules/_Builtin_stdbool-4ME97S7HG37UDY89C5WEC3TOV.pcm

SwiftExplicitDependencyGeneratePcm arm64 /Users/builder/Factory/paperloft/evidence/checkouts/p2-checkpoint47fdb2c/build/DerivedData/SDKExplicitPrecompiledModules/_AvailabilityInternal-E1GKWFF1NORXZ9VJ7L715HNWX.pcm

SwiftExplicitDependencyGeneratePcm arm64 /Users/builder/Factory/paperloft/evidence/checkouts/p2-checkpoint47fdb2c/build/DerivedData/SDKExplicitPrecompiledModules/_Builtin_float-244PL44HS2EBLJWIL5TGD485V.pcm

SwiftExplicitDependencyGeneratePcm arm64 /Users/builder/Factory/paperloft/evidence/checkouts/p2-checkpoint47fdb2c/build/DerivedData/SDKExplicitPrecompiledModules/ptrcheck-8GD1MFUSLUBE1L87VUTWJOSZK.pcm

SwiftExplicitDependencyGeneratePcm arm64 /Users/builder/Factory/paperloft/evidence/checkouts/p2-checkpoint47fdb2c/build/DerivedData/SDKExplicitPrecompiledModules/_Builtin_stdarg-4DX7XCXBQQFOGPFJZP2SLP6KR.pcm

SwiftExplicitDependencyGeneratePcm arm64 /Users/builder/Factory/paperloft/evidence/checkouts/p2-checkpoint47fdb2c/build/DerivedData/SDKExplicitPrecompiledModules/_SwiftConcurrencyShims-4NBZ3AS0RDMK3RVUKK26CQY7E.pcm

SwiftExplicitDependencyGeneratePcm arm64 /Users/builder/Factory/paperloft/evidence/checkouts/p2-checkpoint47fdb2c/build/DerivedData/SDKExplicitPrecompiledModules/_DarwinFoundation1-C5MTOZXSXIQAO3TK9WK5M1LO7.pcm

SwiftExplicitDependencyGeneratePcm arm64 /Users/builder/Factory/paperloft/evidence/checkouts/p2-checkpoint47fdb2c/build/DerivedData/SDKExplicitPrecompiledModules/_Builtin_limits-E7RDLRL9YZ7PWDL7T6F87Z4RG.pcm

SwiftExplicitDependencyGeneratePcm arm64 /Users/builder/Factory/paperloft/evidence/checkouts/p2-checkpoint47fdb2c/build/DerivedData/SDKExplicitPrecompiledModules/_DarwinFoundation2-2YKTN4UKAPB19GMKPSL5MSS9Q.pcm

SwiftExplicitDependencyGeneratePcm arm64 /Users/builder/Factory/paperloft/evidence/checkouts/p2-checkpoint47fdb2c/build/DerivedData/SDKExplicitPrecompiledModules/ExtensionFoundation-79F2VMITPI9N7QUVWLXQQN2H5.pcm

SwiftExplicitDependencyGeneratePcm arm64 /Users/builder/Factory/paperloft/evidence/checkouts/p2-checkpoint47fdb2c/build/DerivedData/SDKExplicitPrecompiledModules/string_h-5YUCC85MYUEERG9KY9M2DUL3B.pcm

SwiftExplicitDependencyGeneratePcm arm64 /Users/builder/Factory/paperloft/evidence/checkouts/p2-checkpoint47fdb2c/build/DerivedData/SDKExplicitPrecompiledModules/sys_types-69VYXP476Q69GSDM8AP6TPVGD.pcm

SwiftExplicitDependencyGeneratePcm arm64 /Users/builder/Factory/paperloft/evidence/checkouts/p2-checkpoint47fdb2c/build/DerivedData/SDKExplicitPrecompiledModules/_Builtin_stdint-ESP2D3QB3O9PZYDLPLEKU6EOY.pcm

SwiftExplicitDependencyGeneratePcm arm64 /Users/builder/Factory/paperloft/evidence/checkouts/p2-checkpoint47fdb2c/build/DerivedData/SDKExplicitPrecompiledModules/_Builtin_tgmath-2FIYQ98P7V25KWHAD9QCKNKEF.pcm

SwiftExplicitDependencyGeneratePcm arm64 /Users/builder/Factory/paperloft/evidence/checkouts/p2-checkpoint47fdb2c/build/DerivedData/SDKExplicitPrecompiledModules/_Builtin_stdatomic-9PQ5CIQH4MHVUIERL452HILCZ.pcm

SwiftExplicitDependencyGeneratePcm arm64 /Users/builder/Factory/paperloft/evidence/checkouts/p2-checkpoint47fdb2c/build/DerivedData/SDKExplicitPrecompiledModules/_Builtin_intrinsics-56RQYNL6118CJTKT53GLNW5GP.pcm

SwiftExplicitDependencyGeneratePcm arm64 /Users/builder/Factory/paperloft/evidence/checkouts/p2-checkpoint47fdb2c/build/DerivedData/SDKExplicitPrecompiledModules/_DarwinFoundation3-AZI10Y6JHJ65LEETXUNPF77YP.pcm

SwiftExplicitDependencyGeneratePcm arm64 /Users/builder/Factory/paperloft/evidence/checkouts/p2-checkpoint47fdb2c/build/DerivedData/SDKExplicitPrecompiledModules/libDER-NYLT96CP2SXYGOGG2OX1DR4Q.pcm

SwiftExplicitDependencyGeneratePcm arm64 /Users/builder/Factory/paperloft/evidence/checkouts/p2-checkpoint47fdb2c/build/DerivedData/SDKExplicitPrecompiledModules/_Builtin_inttypes-BI7CREFAVH3I9B9RMU6DIKNDZ.pcm

SwiftExplicitDependencyGeneratePcm arm64 /Users/builder/Factory/paperloft/evidence/checkouts/p2-checkpoint47fdb2c/build/DerivedData/SDKExplicitPrecompiledModules/Darwin-DWHBQ89KDYIQZT8U2G4Z0BVV4.pcm

SwiftExplicitDependencyGeneratePcm arm64 /Users/builder/Factory/paperloft/evidence/checkouts/p2-checkpoint47fdb2c/build/DerivedData/SDKExplicitPrecompiledModules/simd-7R58MJ9P9WORIABNJC0BXBSP5.pcm

SwiftDriverJobDiscovery normal arm64 Compiling Recognize.swift (in target 'PaperloftKit' from project 'PaperloftKit')

SwiftDriver\ Compilation PaperloftKit normal arm64 com.apple.xcode.tools.swift.compiler (in target 'PaperloftKit' from project 'PaperloftKit')
    cd /Users/builder/Factory/paperloft/evidence/checkouts/p2-checkpoint47fdb2c/Paperloft.xcodeproj
    builtin-Swift-Compilation -- /Applications/Xcode.app/Contents/Developer/Toolchains/XcodeDefault.xctoolchain/usr/bin/swiftc -parse-as-library -module-name PaperloftKit -Onone @/Users/builder/Factory/paperloft/evidence/checkouts/p2-checkpoint47fdb2c/build/DerivedData/Build/Intermediates.noindex/PaperloftKit.build/Debug/PaperloftKit-t.build/Objects-normal/arm64/PaperloftKit.SwiftFileList -DSWIFT_PACKAGE -DDEBUG -DSWIFT_MODULE_RESOURCE_BUNDLE_UNAVAILABLE -DXcode -plugin-path /Applications/Xcode.app/Contents/Developer/Toolchains/XcodeDefault.xctoolchain/usr/lib/swift/host/plugins/testing -enable-experimental-feature DebugDescriptionMacro -sdk /Applications/Xcode.app/Contents/Developer/Platforms/MacOSX.platform/Developer/SDKs/MacOSX27.0.sdk -target arm64-apple-macos27.0 -g -module-cache-path /Users/builder/Factory/paperloft/evidence/checkouts/p2-checkpoint47fdb2c/build/DerivedData/ModuleCache.noindex -Xfrontend -serialize-debugging-options -profile-coverage-mapping -profile-generate -enable-testing -warnings-as-errors -index-store-path /Users/builder/Factory/paperloft/evidence/checkouts/p2-checkpoint47fdb2c/build/DerivedData/Index.noindex/DataStore -Xcc -D_LIBCPP_HARDENING_MODE\=_LIBCPP_HARDENING_MODE_DEBUG -swift-version 6 -I /Users/builder/Factory/paperloft/evidence/checkouts/p2-checkpoint47fdb2c/build/DerivedData/Build/Products/Debug -Isystem /Applications/Xcode.app/Contents/Developer/Platforms/MacOSX.platform/Developer/usr/lib -F /Users/builder/Factory/paperloft/evidence/checkouts/p2-checkpoint47fdb2c/build/DerivedData/Build/Products/Debug -F /Applications/Xcode.app/Contents/Developer/Platforms/MacOSX.platform/Developer/Library/Frameworks -c -j10 -enable-batch-mode -incremental -Xcc -ivfsstatcache -Xcc /Users/builder/Factory/paperloft/evidence/checkouts/p2-checkpoint47fdb2c/build/DerivedData/SDKStatCaches.noindex/macosx27.0-26A425-7231f6df4def33e022ae2eb8f782df1a.sdkstatcache -output-file-map /Users/builder/Factory/paperloft/evidence/checkouts/p2-checkpoint47fdb2c/build/DerivedData/Build/Intermediates.noindex/PaperloftKit.build/Debug/PaperloftKit-t.build/Objects-normal/arm64/PaperloftKit-OutputFileMap.json -save-temps -no-color-diagnostics -explicit-module-build -module-cache-path /Users/builder/Factory/paperloft/evidence/checkouts/p2-checkpoint47fdb2c/build/DerivedData/Build/Intermediates.noindex/SwiftExplicitPrecompiledModules -clang-scanner-module-cache-path /Users/builder/Factory/paperloft/evidence/checkouts/p2-checkpoint47fdb2c/build/DerivedData/ModuleCache.noindex -sdk-module-cache-path /Users/builder/Factory/paperloft/evidence/checkouts/p2-checkpoint47fdb2c/build/DerivedData/SDKExplicitPrecompiledModules -emit-dependencies -emit-module -emit-module-path /Users/builder/Factory/paperloft/evidence/checkouts/p2-checkpoint47fdb2c/build/DerivedData/Build/Intermediates.noindex/PaperloftKit.build/Debug/PaperloftKit-t.build/Objects-normal/arm64/PaperloftKit.swiftmodule -serialize-diagnostics -dependency-scan-serialize-diagnostics-path /Users/builder/Factory/paperloft/evidence/checkouts/p2-checkpoint47fdb2c/build/DerivedData/Build/Intermediates.noindex/PaperloftKit.build/Debug/PaperloftKit-t.build/Objects-normal/arm64/PaperloftKit-dependency-scan.dia -validate-clang-modules-once -clang-build-session-file /Users/builder/Factory/paperloft/evidence/checkouts/p2-checkpoint47fdb2c/build/DerivedData/ModuleCache.noindex/Session.modulevalidation -Xcc -fmodules-prune-interval\=86400 -Xcc -fmodules-prune-after\=345600 -package-name paperloftkit -emit-const-values -const-gather-protocols-list /Users/builder/Factory/paperloft/evidence/checkouts/p2-checkpoint47fdb2c/build/DerivedData/Build/Intermediates.noindex/PaperloftKit.build/Debug/PaperloftKit-t.build/Objects-normal/arm64/PaperloftKit_const_extract_protocols.json -Xcc -I/Users/builder/Factory/paperloft/evidence/checkouts/p2-checkpoint47fdb2c/build/DerivedData/Build/Products/Debug/include -Xcc -I/Users/builder/Factory/paperloft/evidence/checkouts/p2-checkpoint47fdb2c/build/DerivedData/Build/Intermediates.noindex/PaperloftKit.build/Debug/PaperloftKit-t.build/DerivedSources-normal/arm64 -Xcc -I/Users/builder/Factory/paperloft/evidence/checkouts/p2-checkpoint47fdb2c/build/DerivedData/Build/Intermediates.noindex/PaperloftKit.build/Debug/PaperloftKit-t.build/DerivedSources/arm64 -Xcc -I/Users/builder/Factory/paperloft/evidence/checkouts/p2-checkpoint47fdb2c/build/DerivedData/Build/Intermediates.noindex/PaperloftKit.build/Debug/PaperloftKit-t.build/DerivedSources -Xcc -DSWIFT_PACKAGE -Xcc -DDEBUG\=1 -emit-objc-header -emit-objc-header-path /Users/builder/Factory/paperloft/evidence/checkouts/p2-checkpoint47fdb2c/build/DerivedData/Build/Intermediates.noindex/PaperloftKit.build/Debug/PaperloftKit-t.build/Objects-normal/arm64/PaperloftKit-Swift.h -working-directory /Users/builder/Factory/paperloft/evidence/checkouts/p2-checkpoint47fdb2c/Paperloft.xcodeproj -experimental-emit-module-separately -disable-cmo

Ld /Users/builder/Factory/paperloft/evidence/checkouts/p2-checkpoint47fdb2c/build/DerivedData/Build/Products/Debug/PaperloftKit.o normal (in target 'PaperloftKit' from project 'PaperloftKit')
    cd /Users/builder/Factory/paperloft/evidence/checkouts/p2-checkpoint47fdb2c/Packages/PaperloftKit
    /Applications/Xcode.app/Contents/Developer/Toolchains/XcodeDefault.xctoolchain/usr/bin/clang -Xlinker -reproducible -target arm64-apple-macos27.0 -r -isysroot /Applications/Xcode.app/Contents/Developer/Platforms/MacOSX.platform/Developer/SDKs/MacOSX27.0.sdk -O0 -Xlinker -no_warn_duplicate_libraries -F/Users/builder/Factory/paperloft/evidence/checkouts/p2-checkpoint47fdb2c/build/DerivedData/Build/Intermediates.noindex/EagerLinkingTBDs/Debug -F/Users/builder/Factory/paperloft/evidence/checkouts/p2-checkpoint47fdb2c/build/DerivedData/Build/Products/Debug -iframework /Applications/Xcode.app/Contents/Developer/Platforms/MacOSX.platform/Developer/Library/Frameworks -filelist /Users/builder/Factory/paperloft/evidence/checkouts/p2-checkpoint47fdb2c/build/DerivedData/Build/Intermediates.noindex/PaperloftKit.build/Debug/PaperloftKit-t.build/Objects-normal/arm64/PaperloftKit.LinkFileList -nostdlib -Xlinker -object_path_lto -Xlinker /Users/builder/Factory/paperloft/evidence/checkouts/p2-checkpoint47fdb2c/build/DerivedData/Build/Intermediates.noindex/PaperloftKit.build/Debug/PaperloftKit-t.build/Objects-normal/arm64/PaperloftKit_lto.o -Xlinker -no_deduplicate -Xlinker -debug_variant -Xlinker -dependency_info -Xlinker /Users/builder/Factory/paperloft/evidence/checkouts/p2-checkpoint47fdb2c/build/DerivedData/Build/Intermediates.noindex/PaperloftKit.build/Debug/PaperloftKit-t.build/Objects-normal/arm64/PaperloftKit_dependency_info.dat -fobjc-link-runtime -L/Applications/Xcode.app/Contents/Developer/Toolchains/XcodeDefault.xctoolchain/usr/lib/swift/macosx -L/usr/lib/swift -Xlinker -add_ast_path -Xlinker /Users/builder/Factory/paperloft/evidence/checkouts/p2-checkpoint47fdb2c/build/DerivedData/Build/Intermediates.noindex/PaperloftKit.build/Debug/PaperloftKit-t.build/Objects-normal/arm64/PaperloftKit.swiftmodule -o /Users/builder/Factory/paperloft/evidence/checkouts/p2-checkpoint47fdb2c/build/DerivedData/Build/Products/Debug/PaperloftKit.o

ExtractAppIntentsMetadata (in target 'PaperloftKit' from project 'PaperloftKit')
    cd /Users/builder/Factory/paperloft/evidence/checkouts/p2-checkpoint47fdb2c/Packages/PaperloftKit
    /Applications/Xcode.app/Contents/Developer/Toolchains/XcodeDefault.xctoolchain/usr/bin/appintentsmetadataprocessor --toolchain-dir /Applications/Xcode.app/Contents/Developer/Toolchains/XcodeDefault.xctoolchain --module-name PaperloftKit --sdk-root /Applications/Xcode.app/Contents/Developer/Platforms/MacOSX.platform/Developer/SDKs/MacOSX27.0.sdk --xcode-version 27A266a --platform-family macOS --deployment-target 27.0 --bundle-identifier paperloftkit.PaperloftKit --output /Users/builder/Factory/paperloft/evidence/checkouts/p2-checkpoint47fdb2c/build/DerivedData/Build/Products/Debug/PaperloftKit.appintents --target-triple arm64-apple-macos27.0 --binary-file /Users/builder/Factory/paperloft/evidence/checkouts/p2-checkpoint47fdb2c/build/DerivedData/Build/Products/Debug/PaperloftKit.o --dependency-file /Users/builder/Factory/paperloft/evidence/checkouts/p2-checkpoint47fdb2c/build/DerivedData/Build/Intermediates.noindex/PaperloftKit.build/Debug/PaperloftKit-t.build/Objects-normal/arm64/PaperloftKit_dependency_info.dat --stringsdata-file /Users/builder/Factory/paperloft/evidence/checkouts/p2-checkpoint47fdb2c/build/DerivedData/Build/Intermediates.noindex/PaperloftKit.build/Debug/PaperloftKit-t.build/Objects-normal/arm64/ExtractedAppShortcutsMetadata.stringsdata --source-file-list /Users/builder/Factory/paperloft/evidence/checkouts/p2-checkpoint47fdb2c/build/DerivedData/Build/Intermediates.noindex/PaperloftKit.build/Debug/PaperloftKit-t.build/Objects-normal/arm64/PaperloftKit.SwiftFileList --metadata-file-list /Users/builder/Factory/paperloft/evidence/checkouts/p2-checkpoint47fdb2c/build/DerivedData/Build/Intermediates.noindex/PaperloftKit.build/Debug/PaperloftKit-t.build/PaperloftKit.DependencyMetadataFileList --static-metadata-file-list /Users/builder/Factory/paperloft/evidence/checkouts/p2-checkpoint47fdb2c/build/DerivedData/Build/Intermediates.noindex/PaperloftKit.build/Debug/PaperloftKit-t.build/PaperloftKit.DependencyStaticMetadataFileList --swift-const-vals-list /Users/builder/Factory/paperloft/evidence/checkouts/p2-checkpoint47fdb2c/build/DerivedData/Build/Intermediates.noindex/PaperloftKit.build/Debug/PaperloftKit-t.build/Objects-normal/arm64/PaperloftKit.SwiftConstValuesFileList --force --compile-time-extraction --deployment-aware-processing --no-app-shortcuts-localization
2026-09-26 22:29:02.044 appintentsmetadataprocessor[46711:1024698] Starting appintentsmetadataprocessor export
2026-09-26 22:29:02.110 appintentsmetadataprocessor[46711:1024698] Extracted no relevant App Intents symbols, skipping writing output

SwiftExplicitDependencyGeneratePcm arm64 /Users/builder/Factory/paperloft/evidence/checkouts/p2-checkpoint47fdb2c/build/DerivedData/SDKExplicitPrecompiledModules/CUPS-1ZHWS6LGCO3VEI1YFRMEYKB9F.pcm

SwiftExplicitDependencyGeneratePcm arm64 /Users/builder/Factory/paperloft/evidence/checkouts/p2-checkpoint47fdb2c/build/DerivedData/SDKExplicitPrecompiledModules/Compression-2CDDE9894PGS8F8F4FBK7KID2.pcm

SwiftExplicitDependencyGeneratePcm arm64 /Users/builder/Factory/paperloft/evidence/checkouts/p2-checkpoint47fdb2c/build/DerivedData/SDKExplicitPrecompiledModules/MachO-46KNRVO7BE3ZKXOVIZ4PKK6BH.pcm

SwiftExplicitDependencyGeneratePcm arm64 /Users/builder/Factory/paperloft/evidence/checkouts/p2-checkpoint47fdb2c/build/DerivedData/SDKExplicitPrecompiledModules/libkern-BUAGA2EKNSRCVBE11GTGKZ5SD.pcm

SwiftExplicitDependencyGeneratePcm arm64 /Users/builder/Factory/paperloft/evidence/checkouts/p2-checkpoint47fdb2c/build/DerivedData/SDKExplicitPrecompiledModules/launch-8T9ITYYE39PIU1FWSKM2ZAFXQ.pcm

Ld /Users/builder/Factory/paperloft/evidence/checkouts/p2-checkpoint47fdb2c/build/DerivedData/Build/Products/Debug/Paperloft\ Receipts.app/Contents/MacOS/__preview.dylib normal (in target 'PaperloftApp' from project 'Paperloft')
    cd /Users/builder/Factory/paperloft/evidence/checkouts/p2-checkpoint47fdb2c
    /Applications/Xcode.app/Contents/Developer/Toolchains/XcodeDefault.xctoolchain/usr/bin/clang -Xlinker -reproducible -target arm64-apple-macos27.0 -dynamiclib -isysroot /Applications/Xcode.app/Contents/Developer/Platforms/MacOSX.platform/Developer/SDKs/MacOSX27.0.sdk -Os -Xlinker -no_warn_duplicate_libraries -L/Users/builder/Factory/paperloft/evidence/checkouts/p2-checkpoint47fdb2c/build/DerivedData/Build/Products/Debug -F/Users/builder/Factory/paperloft/evidence/checkouts/p2-checkpoint47fdb2c/build/DerivedData/Build/Products/Debug/PackageFrameworks -F/Users/builder/Factory/paperloft/evidence/checkouts/p2-checkpoint47fdb2c/build/DerivedData/Build/Products/Debug -install_name @rpath/Paperloft\ Receipts.debug.dylib -rdynamic -Xlinker -debug_variant -Xlinker -dependency_info -Xlinker /Users/builder/Factory/paperloft/evidence/checkouts/p2-checkpoint47fdb2c/build/DerivedData/Build/Intermediates.noindex/Paperloft.build/Debug/PaperloftApp.build/Objects-normal/arm64/Paperloft\ Receipts_dependency_info.dat -Xlinker -no_adhoc_codesign -o /Users/builder/Factory/paperloft/evidence/checkouts/p2-checkpoint47fdb2c/build/DerivedData/Build/Products/Debug/Paperloft\ Receipts.app/Contents/MacOS/__preview.dylib

CpResource /Users/builder/Factory/paperloft/evidence/checkouts/p2-checkpoint47fdb2c/build/DerivedData/Build/Products/Debug/Paperloft\ Receipts.app/Contents/Resources/PrivacyInfo.xcprivacy /Users/builder/Factory/paperloft/evidence/checkouts/p2-checkpoint47fdb2c/Apps/PaperloftApp/PrivacyInfo.xcprivacy (in target 'PaperloftApp' from project 'Paperloft')
    cd /Users/builder/Factory/paperloft/evidence/checkouts/p2-checkpoint47fdb2c
    builtin-copy -exclude .DS_Store -exclude CVS -exclude .svn -exclude .git -exclude .hg -strip-unsigned-binaries -strip-deterministic -strip-tool /Applications/Xcode.app/Contents/Developer/Toolchains/XcodeDefault.xctoolchain/usr/bin/strip -resolve-src-symlinks /Users/builder/Factory/paperloft/evidence/checkouts/p2-checkpoint47fdb2c/Apps/PaperloftApp/PrivacyInfo.xcprivacy /Users/builder/Factory/paperloft/evidence/checkouts/p2-checkpoint47fdb2c/build/DerivedData/Build/Products/Debug/Paperloft\ Receipts.app/Contents/Resources

ProcessInfoPlistFile /Users/builder/Factory/paperloft/evidence/checkouts/p2-checkpoint47fdb2c/build/DerivedData/Build/Products/Debug/Paperloft\ Receipts.app/Contents/Info.plist /Users/builder/Factory/paperloft/evidence/checkouts/p2-checkpoint47fdb2c/build/DerivedData/Build/Intermediates.noindex/Paperloft.build/Debug/PaperloftApp.build/empty-Paperloft\ Receipts.plist (in target 'PaperloftApp' from project 'Paperloft')
    cd /Users/builder/Factory/paperloft/evidence/checkouts/p2-checkpoint47fdb2c
    builtin-infoPlistUtility /Users/builder/Factory/paperloft/evidence/checkouts/p2-checkpoint47fdb2c/build/DerivedData/Build/Intermediates.noindex/Paperloft.build/Debug/PaperloftApp.build/empty-Paperloft\ Receipts.plist -producttype com.apple.product-type.application -genpkginfo /Users/builder/Factory/paperloft/evidence/checkouts/p2-checkpoint47fdb2c/build/DerivedData/Build/Products/Debug/Paperloft\ Receipts.app/Contents/PkgInfo -expandbuildsettings -platform macosx -o /Users/builder/Factory/paperloft/evidence/checkouts/p2-checkpoint47fdb2c/build/DerivedData/Build/Products/Debug/Paperloft\ Receipts.app/Contents/Info.plist

SwiftExplicitDependencyGeneratePcm arm64 /Users/builder/Factory/paperloft/evidence/checkouts/p2-checkpoint47fdb2c/build/DerivedData/SDKExplicitPrecompiledModules/ObjectiveC-D0VRYC3DJWAY0R8V0ZKJMQO3W.pcm

SwiftExplicitDependencyGeneratePcm arm64 /Users/builder/Factory/paperloft/evidence/checkouts/p2-checkpoint47fdb2c/build/DerivedData/SDKExplicitPrecompiledModules/Spatial-AX728JAIMMA8REBPXXKJTFZFP.pcm

SwiftExplicitDependencyGeneratePcm arm64 /Users/builder/Factory/paperloft/evidence/checkouts/p2-checkpoint47fdb2c/build/DerivedData/SDKExplicitPrecompiledModules/os_object-45H0PK66DKLNDG3W9H7UG6C64.pcm

SwiftExplicitDependencyGeneratePcm arm64 /Users/builder/Factory/paperloft/evidence/checkouts/p2-checkpoint47fdb2c/build/DerivedData/SDKExplicitPrecompiledModules/os_workgroup-33C8SWI930AOA04LBEQ0DPPR5.pcm

SwiftExplicitDependencyGeneratePcm arm64 /Users/builder/Factory/paperloft/evidence/checkouts/p2-checkpoint47fdb2c/build/DerivedData/SDKExplicitPrecompiledModules/Dispatch-20TXO6U18M8XQG4D1G8ECEOJA.pcm

SwiftExplicitDependencyGeneratePcm arm64 /Users/builder/Factory/paperloft/evidence/checkouts/p2-checkpoint47fdb2c/build/DerivedData/SDKExplicitPrecompiledModules/dnssd-5ZSDOI7G803R8HGYMZLD4O8JP.pcm

SwiftExplicitDependencyGeneratePcm arm64 /Users/builder/Factory/paperloft/evidence/checkouts/p2-checkpoint47fdb2c/build/DerivedData/SDKExplicitPrecompiledModules/XPC-690EYTBQHNCWQIM0UVUEG83GB.pcm

SwiftExplicitDependencyGeneratePcm arm64 /Users/builder/Factory/paperloft/evidence/checkouts/p2-checkpoint47fdb2c/build/DerivedData/SDKExplicitPrecompiledModules/CoreFoundation-2WR02YQI4IYT9M152MQCEZYUW.pcm

SwiftExplicitDependencyGeneratePcm arm64 /Users/builder/Factory/paperloft/evidence/checkouts/p2-checkpoint47fdb2c/build/DerivedData/SDKExplicitPrecompiledModules/os-6BDS996ZHATTWWEZQ6DSAK9U0.pcm

SwiftExplicitDependencyGeneratePcm arm64 /Users/builder/Factory/paperloft/evidence/checkouts/p2-checkpoint47fdb2c/build/DerivedData/SDKExplicitPrecompiledModules/IOKit-8LN8B7QBR0HCQKDXV20RT0ZES.pcm

SwiftExplicitDependencyGeneratePcm arm64 /Users/builder/Factory/paperloft/evidence/checkouts/p2-checkpoint47fdb2c/build/DerivedData/SDKExplicitPrecompiledModules/CFNetwork-22IIB8I6JD0GMZI4A8HIESMJK.pcm

SwiftExplicitDependencyGeneratePcm arm64 /Users/builder/Factory/paperloft/evidence/checkouts/p2-checkpoint47fdb2c/build/DerivedData/SDKExplicitPrecompiledModules/Security-DFP971F0KL5KFW9CWPDICIU9A.pcm

SwiftExplicitDependencyGeneratePcm arm64 /Users/builder/Factory/paperloft/evidence/checkouts/p2-checkpoint47fdb2c/build/DerivedData/SDKExplicitPrecompiledModules/ColorSync-4YFC83TW5O32WC60IFQSUW8Q0.pcm

SwiftExplicitDependencyGeneratePcm arm64 /Users/builder/Factory/paperloft/evidence/checkouts/p2-checkpoint47fdb2c/build/DerivedData/SDKExplicitPrecompiledModules/CoreAudioTypes-EF63DVE3VPTHMQ7O98PFK73ZX.pcm

SwiftExplicitDependencyGeneratePcm arm64 /Users/builder/Factory/paperloft/evidence/checkouts/p2-checkpoint47fdb2c/build/DerivedData/SDKExplicitPrecompiledModules/CoreGraphics-33W9SY41NJTNIC8PSYRZKKKB7.pcm

SwiftExplicitDependencyGeneratePcm arm64 /Users/builder/Factory/paperloft/evidence/checkouts/p2-checkpoint47fdb2c/build/DerivedData/SDKExplicitPrecompiledModules/DiskArbitration-BBUGMVAXIW960DVZ0S2NNAUCD.pcm

SwiftExplicitDependencyGeneratePcm arm64 /Users/builder/Factory/paperloft/evidence/checkouts/p2-checkpoint47fdb2c/build/DerivedData/SDKExplicitPrecompiledModules/CoreServices-D888AMKDU32R39YJIDOG3XN22.pcm

SwiftExplicitDependencyGeneratePcm arm64 /Users/builder/Factory/paperloft/evidence/checkouts/p2-checkpoint47fdb2c/build/DerivedData/SDKExplicitPrecompiledModules/CoreText-3C0TNWR3KND7HHNEFL7J3E2TO.pcm

SwiftExplicitDependencyGeneratePcm arm64 /Users/builder/Factory/paperloft/evidence/checkouts/p2-checkpoint47fdb2c/build/DerivedData/SDKExplicitPrecompiledModules/ImageIO-5AR3B1IE8285QK4P1EAPFGEN8.pcm

SwiftExplicitDependencyGeneratePcm arm64 /Users/builder/Factory/paperloft/evidence/checkouts/p2-checkpoint47fdb2c/build/DerivedData/SDKExplicitPrecompiledModules/Foundation-2KWUE9NTB0DUB7OOM1FYMWN72.pcm

SwiftExplicitDependencyGeneratePcm arm64 /Users/builder/Factory/paperloft/evidence/checkouts/p2-checkpoint47fdb2c/build/DerivedData/SDKExplicitPrecompiledModules/Network-7CQ2Q4IG7T0OAEQ7VUG2N32V0.pcm

SwiftExplicitDependencyGeneratePcm arm64 /Users/builder/Factory/paperloft/evidence/checkouts/p2-checkpoint47fdb2c/build/DerivedData/SDKExplicitPrecompiledModules/CoreTransferable-40MSP686E7XTPCFMF9EX5TJ1M.pcm

SwiftExplicitDependencyGeneratePcm arm64 /Users/builder/Factory/paperloft/evidence/checkouts/p2-checkpoint47fdb2c/build/DerivedData/SDKExplicitPrecompiledModules/Accessibility-2M6ZAJWNV9XKQ5UFUAY11W73K.pcm

SwiftExplicitDependencyGeneratePcm arm64 /Users/builder/Factory/paperloft/evidence/checkouts/p2-checkpoint47fdb2c/build/DerivedData/SDKExplicitPrecompiledModules/ApplicationServices-AQ8FO8LDGI5NBJIARGSH9SO9B.pcm

SwiftExplicitDependencyGeneratePcm arm64 /Users/builder/Factory/paperloft/evidence/checkouts/p2-checkpoint47fdb2c/build/DerivedData/SDKExplicitPrecompiledModules/AppIntents-1D34JDGZ283YH1QG9MNK3P61Z.pcm

SwiftExplicitDependencyGeneratePcm arm64 /Users/builder/Factory/paperloft/evidence/checkouts/p2-checkpoint47fdb2c/build/DerivedData/SDKExplicitPrecompiledModules/CoreMIDI-44WDL5T0IPH7IFDKT89GYDGMH.pcm

SwiftExplicitDependencyGeneratePcm arm64 /Users/builder/Factory/paperloft/evidence/checkouts/p2-checkpoint47fdb2c/build/DerivedData/SDKExplicitPrecompiledModules/Symbols-71KZQ16O8HUZI4TJCMG8XWLWQ.pcm

SwiftExplicitDependencyGeneratePcm arm64 /Users/builder/Factory/paperloft/evidence/checkouts/p2-checkpoint47fdb2c/build/DerivedData/SDKExplicitPrecompiledModules/RelevanceKit-AVP86ZAAX61H3VGG0MLED13VM.pcm

SwiftExplicitDependencyGeneratePcm arm64 /Users/builder/Factory/paperloft/evidence/checkouts/p2-checkpoint47fdb2c/build/DerivedData/SDKExplicitPrecompiledModules/DataDetection-BV0US3ZJU9A2XKLS6YZ9D59UP.pcm

SwiftExplicitDependencyGeneratePcm arm64 /Users/builder/Factory/paperloft/evidence/checkouts/p2-checkpoint47fdb2c/build/DerivedData/SDKExplicitPrecompiledModules/IOSurface-2S0CHZMMR8GN1F62HOMN77WJD.pcm

SwiftExplicitDependencyGeneratePcm arm64 /Users/builder/Factory/paperloft/evidence/checkouts/p2-checkpoint47fdb2c/build/DerivedData/SDKExplicitPrecompiledModules/CoreAudio-32ZM92PVJ1HG2K1GR5ZZJYI7V.pcm

SwiftExplicitDependencyGeneratePcm arm64 /Users/builder/Factory/paperloft/evidence/checkouts/p2-checkpoint47fdb2c/build/DerivedData/SDKExplicitPrecompiledModules/_LocationEssentials-2Q2WHVRDG4Q7MQXAJNVJP92T8.pcm

SwiftExplicitDependencyGeneratePcm arm64 /Users/builder/Factory/paperloft/evidence/checkouts/p2-checkpoint47fdb2c/build/DerivedData/SDKExplicitPrecompiledModules/OSLog-B1R7DSYHIJDAEO1V9IOPK4XIY.pcm

SwiftExplicitDependencyGeneratePcm arm64 /Users/builder/Factory/paperloft/evidence/checkouts/p2-checkpoint47fdb2c/build/DerivedData/SDKExplicitPrecompiledModules/LocalAuthentication-B95GV0R84CECMVX84JOPVJZ0B.pcm

SwiftExplicitDependencyGeneratePcm arm64 /Users/builder/Factory/paperloft/evidence/checkouts/p2-checkpoint47fdb2c/build/DerivedData/SDKExplicitPrecompiledModules/UniformTypeIdentifiers-7KYZDSVX6JRY011B5LDWPGHYG.pcm

SwiftExplicitDependencyGeneratePcm arm64 /Users/builder/Factory/paperloft/evidence/checkouts/p2-checkpoint47fdb2c/build/DerivedData/SDKExplicitPrecompiledModules/CoreData-R8VWYC9O6RW5EP20BJ6JJGL8.pcm

SwiftExplicitDependencyGeneratePcm arm64 /Users/builder/Factory/paperloft/evidence/checkouts/p2-checkpoint47fdb2c/build/DerivedData/SDKExplicitPrecompiledModules/Metal-7KL4RD9782B3DTA8M6MNVXCOO.pcm

SwiftExplicitDependencyGeneratePcm arm64 /Users/builder/Factory/paperloft/evidence/checkouts/p2-checkpoint47fdb2c/build/DerivedData/SDKExplicitPrecompiledModules/OpenGL-6I0PLWTKOY25QB96JIOE043YA.pcm

SwiftExplicitDependencyGeneratePcm arm64 /Users/builder/Factory/paperloft/evidence/checkouts/p2-checkpoint47fdb2c/build/DerivedData/SDKExplicitPrecompiledModules/AppIntentsTypeSupport-AMBNEIV5ALT2C57MAH2UCMB3Y.pcm

SwiftExplicitDependencyGeneratePcm arm64 /Users/builder/Factory/paperloft/evidence/checkouts/p2-checkpoint47fdb2c/build/DerivedData/SDKExplicitPrecompiledModules/Carbon-CWO8THMJO92I81YP6NGCOOZNF.pcm

SwiftExplicitDependencyGeneratePcm arm64 /Users/builder/Factory/paperloft/evidence/checkouts/p2-checkpoint47fdb2c/build/DerivedData/SDKExplicitPrecompiledModules/CoreLocation-C59K6DNJT46EV2B5GK27GBGC2.pcm

SwiftExplicitDependencyGeneratePcm arm64 /Users/builder/Factory/paperloft/evidence/checkouts/p2-checkpoint47fdb2c/build/DerivedData/SDKExplicitPrecompiledModules/CoreSpotlight-8JPI07M46FPV05QMW47MASYKI.pcm

SwiftExplicitDependencyGeneratePcm arm64 /Users/builder/Factory/paperloft/evidence/checkouts/p2-checkpoint47fdb2c/build/DerivedData/SDKExplicitPrecompiledModules/CoreVideo-CYFPIRKPFARZA3NF5LUZVCZ2E.pcm

SwiftExplicitDependencyGeneratePcm arm64 /Users/builder/Factory/paperloft/evidence/checkouts/p2-checkpoint47fdb2c/build/DerivedData/SDKExplicitPrecompiledModules/AudioToolbox-6NHR0PAJ6KLMBMFCFT35MMIRL.pcm

SwiftExplicitDependencyGeneratePcm arm64 /Users/builder/Factory/paperloft/evidence/checkouts/p2-checkpoint47fdb2c/build/DerivedData/SDKExplicitPrecompiledModules/CoreML-8ST6APU07XTQ6OA54KRSEM30U.pcm

SwiftExplicitDependencyGeneratePcm arm64 /Users/builder/Factory/paperloft/evidence/checkouts/p2-checkpoint47fdb2c/build/DerivedData/SDKExplicitPrecompiledModules/Accelerate-6DAXKHSL8PETL4YB5FQJDMQ0D.pcm

SwiftExplicitDependencyGeneratePcm arm64 /Users/builder/Factory/paperloft/evidence/checkouts/p2-checkpoint47fdb2c/build/DerivedData/SDKExplicitPrecompiledModules/CoreImage-60KYW9UZMG4C2OG7I47XAL7HG.pcm

SwiftExplicitDependencyGeneratePcm arm64 /Users/builder/Factory/paperloft/evidence/checkouts/p2-checkpoint47fdb2c/build/DerivedData/SDKExplicitPrecompiledModules/CoreMedia-6APGZEST3V9ZOF0FQE5F9HW4Z.pcm

SwiftExplicitDependencyGeneratePcm arm64 /Users/builder/Factory/paperloft/evidence/checkouts/p2-checkpoint47fdb2c/build/DerivedData/SDKExplicitPrecompiledModules/QuartzCore-3GBF3OO4YP13IKLIX4RVHBLY8.pcm

SwiftExplicitDependencyGeneratePcm arm64 /Users/builder/Factory/paperloft/evidence/checkouts/p2-checkpoint47fdb2c/build/DerivedData/SDKExplicitPrecompiledModules/SwiftUICore-52AWQ3C6VAS1FJVRL2OXCW6U2.pcm

SwiftExplicitDependencyGeneratePcm arm64 /Users/builder/Factory/paperloft/evidence/checkouts/p2-checkpoint47fdb2c/build/DerivedData/SDKExplicitPrecompiledModules/Vision-5OTSDZ8JFG9ORR5XK6X7TMB6X.pcm

SwiftExplicitDependencyGeneratePcm arm64 /Users/builder/Factory/paperloft/evidence/checkouts/p2-checkpoint47fdb2c/build/DerivedData/SDKExplicitPrecompiledModules/AVFAudio-DG4CFW4EN5ZYE4KN74ZTJFL6Q.pcm

SwiftExplicitDependencyGeneratePcm arm64 /Users/builder/Factory/paperloft/evidence/checkouts/p2-checkpoint47fdb2c/build/DerivedData/SDKExplicitPrecompiledModules/VideoToolbox-B1PE23J2LDYO8KIG025Q7PVLG.pcm

SwiftExplicitDependencyGeneratePcm arm64 /Users/builder/Factory/paperloft/evidence/checkouts/p2-checkpoint47fdb2c/build/DerivedData/SDKExplicitPrecompiledModules/MediaToolbox-3QQTALSVM7MGDX6OPCWJD2BR8.pcm

SwiftExplicitDependencyGeneratePcm arm64 /Users/builder/Factory/paperloft/evidence/checkouts/p2-checkpoint47fdb2c/build/DerivedData/SDKExplicitPrecompiledModules/AppKit-78SMNUMT9NMLMDLG3IIAYHOQ4.pcm

SwiftExplicitDependencyGeneratePcm arm64 /Users/builder/Factory/paperloft/evidence/checkouts/p2-checkpoint47fdb2c/build/DerivedData/SDKExplicitPrecompiledModules/AVFoundation-5ZY1A2Q3LGCYJ2C8K94VJR9WC.pcm

SwiftExplicitDependencyGeneratePcm arm64 /Users/builder/Factory/paperloft/evidence/checkouts/p2-checkpoint47fdb2c/build/DerivedData/SDKExplicitPrecompiledModules/SwiftUI-5QXULIOCZ8RWBD0U5LUCG8RZF.pcm

SwiftEmitModule normal arm64 Emitting\ module\ for\ Paperloft_Receipts (in target 'PaperloftApp' from project 'Paperloft')

SwiftCompile normal arm64 (in target 'PaperloftApp' from project 'Paperloft')
    cd /Users/builder/Factory/paperloft/evidence/checkouts/p2-checkpoint47fdb2c
    

SwiftCompile normal arm64 Compiling\ PaperloftApp.swift /Users/builder/Factory/paperloft/evidence/checkouts/p2-checkpoint47fdb2c/Apps/PaperloftApp/PaperloftApp.swift (in target 'PaperloftApp' from project 'Paperloft')

SwiftCompile normal arm64 /Users/builder/Factory/paperloft/evidence/checkouts/p2-checkpoint47fdb2c/Apps/PaperloftApp/PaperloftApp.swift (in target 'PaperloftApp' from project 'Paperloft')
    cd /Users/builder/Factory/paperloft/evidence/checkouts/p2-checkpoint47fdb2c
    builtin-SwiftPerFileCompile PaperloftApp.swift

SwiftDriverJobDiscovery normal arm64 Emitting module for Paperloft_Receipts (in target 'PaperloftApp' from project 'Paperloft')

SwiftDriver\ Compilation\ Requirements PaperloftApp normal arm64 com.apple.xcode.tools.swift.compiler (in target 'PaperloftApp' from project 'Paperloft')
    cd /Users/builder/Factory/paperloft/evidence/checkouts/p2-checkpoint47fdb2c
    builtin-Swift-Compilation-Requirements -- /Applications/Xcode.app/Contents/Developer/Toolchains/XcodeDefault.xctoolchain/usr/bin/swiftc -module-name Paperloft_Receipts -Onone @/Users/builder/Factory/paperloft/evidence/checkouts/p2-checkpoint47fdb2c/build/DerivedData/Build/Intermediates.noindex/Paperloft.build/Debug/PaperloftApp.build/Objects-normal/arm64/Paperloft\ Receipts.SwiftFileList -enable-experimental-feature DebugDescriptionMacro -sdk /Applications/Xcode.app/Contents/Developer/Platforms/MacOSX.platform/Developer/SDKs/MacOSX27.0.sdk -target arm64-apple-macos27.0 -g -module-cache-path /Users/builder/Factory/paperloft/evidence/checkouts/p2-checkpoint47fdb2c/build/DerivedData/ModuleCache.noindex -Xfrontend -serialize-debugging-options -profile-coverage-mapping -profile-generate -enable-testing -warnings-as-errors -index-store-path /Users/builder/Factory/paperloft/evidence/checkouts/p2-checkpoint47fdb2c/build/DerivedData/Index.noindex/DataStore -swift-version 6 -I /Users/builder/Factory/paperloft/evidence/checkouts/p2-checkpoint47fdb2c/build/DerivedData/Build/Products/Debug -F /Users/builder/Factory/paperloft/evidence/checkouts/p2-checkpoint47fdb2c/build/DerivedData/Build/Products/Debug/PackageFrameworks -F /Users/builder/Factory/paperloft/evidence/checkouts/p2-checkpoint47fdb2c/build/DerivedData/Build/Products/Debug -parse-as-library -c -j10 -enable-batch-mode -incremental -Xcc -ivfsstatcache -Xcc /Users/builder/Factory/paperloft/evidence/checkouts/p2-checkpoint47fdb2c/build/DerivedData/SDKStatCaches.noindex/macosx27.0-26A425-7231f6df4def33e022ae2eb8f782df1a.sdkstatcache -output-file-map /Users/builder/Factory/paperloft/evidence/checkouts/p2-checkpoint47fdb2c/build/DerivedData/Build/Intermediates.noindex/Paperloft.build/Debug/PaperloftApp.build/Objects-normal/arm64/PaperloftApp-OutputFileMap.json -save-temps -no-color-diagnostics -explicit-module-build -module-cache-path /Users/builder/Factory/paperloft/evidence/checkouts/p2-checkpoint47fdb2c/build/DerivedData/Build/Intermediates.noindex/SwiftExplicitPrecompiledModules -clang-scanner-module-cache-path /Users/builder/Factory/paperloft/evidence/checkouts/p2-checkpoint47fdb2c/build/DerivedData/ModuleCache.noindex -sdk-module-cache-path /Users/builder/Factory/paperloft/evidence/checkouts/p2-checkpoint47fdb2c/build/DerivedData/SDKExplicitPrecompiledModules -emit-dependencies -emit-module -emit-module-path /Users/builder/Factory/paperloft/evidence/checkouts/p2-checkpoint47fdb2c/build/DerivedData/Build/Intermediates.noindex/Paperloft.build/Debug/PaperloftApp.build/Objects-normal/arm64/Paperloft_Receipts.swiftmodule -serialize-diagnostics -dependency-scan-serialize-diagnostics-path /Users/builder/Factory/paperloft/evidence/checkouts/p2-checkpoint47fdb2c/build/DerivedData/Build/Intermediates.noindex/Paperloft.build/Debug/PaperloftApp.build/Objects-normal/arm64/Paperloft_Receipts-dependency-scan.dia -validate-clang-modules-once -clang-build-session-file /Users/builder/Factory/paperloft/evidence/checkouts/p2-checkpoint47fdb2c/build/DerivedData/ModuleCache.noindex/Session.modulevalidation -Xcc -fmodules-prune-interval\=86400 -Xcc -fmodules-prune-after\=345600 -emit-const-values -const-gather-protocols-list /Users/builder/Factory/paperloft/evidence/checkouts/p2-checkpoint47fdb2c/build/DerivedData/Build/Intermediates.noindex/Paperloft.build/Debug/PaperloftApp.build/Objects-normal/arm64/PaperloftApp_const_extract_protocols.json -Xcc -iquote -Xcc /Users/builder/Factory/paperloft/evidence/checkouts/p2-checkpoint47fdb2c/build/DerivedData/Build/Intermediates.noindex/Paperloft.build/Debug/PaperloftApp.build/Paperloft\ Receipts-generated-files.hmap -Xcc -I/Users/builder/Factory/paperloft/evidence/checkouts/p2-checkpoint47fdb2c/build/DerivedData/Build/Intermediates.noindex/Paperloft.build/Debug/PaperloftApp.build/Paperloft\ Receipts-own-target-headers.hmap -Xcc -I/Users/builder/Factory/paperloft/evidence/checkouts/p2-checkpoint47fdb2c/build/DerivedData/Build/Intermediates.noindex/Paperloft.build/Debug/PaperloftApp.build/Paperloft\ Receipts-all-non-framework-target-headers.hmap -Xcc -ivfsoverlay -Xcc /Users/builder/Factory/paperloft/evidence/checkouts/p2-checkpoint47fdb2c/build/DerivedData/Build/Intermediates.noindex/Paperloft.build/Debug/Paperloft-b93ddc6bcd4d234a5473ab01ad3589c4-VFS/all-product-headers.yaml -Xcc -iquote -Xcc /Users/builder/Factory/paperloft/evidence/checkouts/p2-checkpoint47fdb2c/build/DerivedData/Build/Intermediates.noindex/Paperloft.build/Debug/PaperloftApp.build/Paperloft\ Receipts-project-headers.hmap -Xcc -I/Users/builder/Factory/paperloft/evidence/checkouts/p2-checkpoint47fdb2c/build/DerivedData/Build/Products/Debug/include -Xcc -I/Users/builder/Factory/paperloft/evidence/checkouts/p2-checkpoint47fdb2c/build/DerivedData/Build/Intermediates.noindex/Paperloft.build/Debug/PaperloftApp.build/DerivedSources-normal/arm64 -Xcc -I/Users/builder/Factory/paperloft/evidence/checkouts/p2-checkpoint47fdb2c/build/DerivedData/Build/Intermediates.noindex/Paperloft.build/Debug/PaperloftApp.build/DerivedSources/arm64 -Xcc -I/Users/builder/Factory/paperloft/evidence/checkouts/p2-checkpoint47fdb2c/build/DerivedData/Build/Intermediates.noindex/Paperloft.build/Debug/PaperloftApp.build/DerivedSources -emit-objc-header -emit-objc-header-path /Users/builder/Factory/paperloft/evidence/checkouts/p2-checkpoint47fdb2c/build/DerivedData/Build/Intermediates.noindex/Paperloft.build/Debug/PaperloftApp.build/Objects-normal/arm64/Paperloft_Receipts-Swift.h -working-directory /Users/builder/Factory/paperloft/evidence/checkouts/p2-checkpoint47fdb2c -experimental-emit-module-separately -disable-cmo

SwiftMergeGeneratedHeaders /Users/builder/Factory/paperloft/evidence/checkouts/p2-checkpoint47fdb2c/build/DerivedData/Build/Intermediates.noindex/Paperloft.build/Debug/PaperloftApp.build/DerivedSources/Paperloft_Receipts-Swift.h /Users/builder/Factory/paperloft/evidence/checkouts/p2-checkpoint47fdb2c/build/DerivedData/Build/Intermediates.noindex/Paperloft.build/Debug/PaperloftApp.build/Objects-normal/arm64/Paperloft_Receipts-Swift.h (in target 'PaperloftApp' from project 'Paperloft')
    cd /Users/builder/Factory/paperloft/evidence/checkouts/p2-checkpoint47fdb2c
    builtin-swiftHeaderTool -arch arm64 /Users/builder/Factory/paperloft/evidence/checkouts/p2-checkpoint47fdb2c/build/DerivedData/Build/Intermediates.noindex/Paperloft.build/Debug/PaperloftApp.build/Objects-normal/arm64/Paperloft_Receipts-Swift.h -o /Users/builder/Factory/paperloft/evidence/checkouts/p2-checkpoint47fdb2c/build/DerivedData/Build/Intermediates.noindex/Paperloft.build/Debug/PaperloftApp.build/DerivedSources/Paperloft_Receipts-Swift.h

Copy /Users/builder/Factory/paperloft/evidence/checkouts/p2-checkpoint47fdb2c/build/DerivedData/Build/Products/Debug/Paperloft_Receipts.swiftmodule/arm64-apple-macos.abi.json /Users/builder/Factory/paperloft/evidence/checkouts/p2-checkpoint47fdb2c/build/DerivedData/Build/Intermediates.noindex/Paperloft.build/Debug/PaperloftApp.build/Objects-normal/arm64/Paperloft_Receipts.abi.json (in target 'PaperloftApp' from project 'Paperloft')
    cd /Users/builder/Factory/paperloft/evidence/checkouts/p2-checkpoint47fdb2c
    builtin-copy -exclude .DS_Store -exclude CVS -exclude .svn -exclude .git -exclude .hg -strip-unsigned-binaries -strip-deterministic -strip-tool /Applications/Xcode.app/Contents/Developer/Toolchains/XcodeDefault.xctoolchain/usr/bin/strip -resolve-src-symlinks -rename /Users/builder/Factory/paperloft/evidence/checkouts/p2-checkpoint47fdb2c/build/DerivedData/Build/Intermediates.noindex/Paperloft.build/Debug/PaperloftApp.build/Objects-normal/arm64/Paperloft_Receipts.abi.json /Users/builder/Factory/paperloft/evidence/checkouts/p2-checkpoint47fdb2c/build/DerivedData/Build/Products/Debug/Paperloft_Receipts.swiftmodule/arm64-apple-macos.abi.json

Copy /Users/builder/Factory/paperloft/evidence/checkouts/p2-checkpoint47fdb2c/build/DerivedData/Build/Products/Debug/Paperloft_Receipts.swiftmodule/arm64-apple-macos.swiftmodule /Users/builder/Factory/paperloft/evidence/checkouts/p2-checkpoint47fdb2c/build/DerivedData/Build/Intermediates.noindex/Paperloft.build/Debug/PaperloftApp.build/Objects-normal/arm64/Paperloft_Receipts.swiftmodule (in target 'PaperloftApp' from project 'Paperloft')
    cd /Users/builder/Factory/paperloft/evidence/checkouts/p2-checkpoint47fdb2c
    builtin-copy -exclude .DS_Store -exclude CVS -exclude .svn -exclude .git -exclude .hg -strip-unsigned-binaries -strip-deterministic -strip-tool /Applications/Xcode.app/Contents/Developer/Toolchains/XcodeDefault.xctoolchain/usr/bin/strip -resolve-src-symlinks -rename /Users/builder/Factory/paperloft/evidence/checkouts/p2-checkpoint47fdb2c/build/DerivedData/Build/Intermediates.noindex/Paperloft.build/Debug/PaperloftApp.build/Objects-normal/arm64/Paperloft_Receipts.swiftmodule /Users/builder/Factory/paperloft/evidence/checkouts/p2-checkpoint47fdb2c/build/DerivedData/Build/Products/Debug/Paperloft_Receipts.swiftmodule/arm64-apple-macos.swiftmodule

Copy /Users/builder/Factory/paperloft/evidence/checkouts/p2-checkpoint47fdb2c/build/DerivedData/Build/Products/Debug/Paperloft_Receipts.swiftmodule/arm64-apple-macos.swiftdoc /Users/builder/Factory/paperloft/evidence/checkouts/p2-checkpoint47fdb2c/build/DerivedData/Build/Intermediates.noindex/Paperloft.build/Debug/PaperloftApp.build/Objects-normal/arm64/Paperloft_Receipts.swiftdoc (in target 'PaperloftApp' from project 'Paperloft')
    cd /Users/builder/Factory/paperloft/evidence/checkouts/p2-checkpoint47fdb2c
    builtin-copy -exclude .DS_Store -exclude CVS -exclude .svn -exclude .git -exclude .hg -strip-unsigned-binaries -strip-deterministic -strip-tool /Applications/Xcode.app/Contents/Developer/Toolchains/XcodeDefault.xctoolchain/usr/bin/strip -resolve-src-symlinks -rename /Users/builder/Factory/paperloft/evidence/checkouts/p2-checkpoint47fdb2c/build/DerivedData/Build/Intermediates.noindex/Paperloft.build/Debug/PaperloftApp.build/Objects-normal/arm64/Paperloft_Receipts.swiftdoc /Users/builder/Factory/paperloft/evidence/checkouts/p2-checkpoint47fdb2c/build/DerivedData/Build/Products/Debug/Paperloft_Receipts.swiftmodule/arm64-apple-macos.swiftdoc

Copy /Users/builder/Factory/paperloft/evidence/checkouts/p2-checkpoint47fdb2c/build/DerivedData/Build/Products/Debug/Paperloft_Receipts.swiftmodule/Project/arm64-apple-macos.swiftsourceinfo /Users/builder/Factory/paperloft/evidence/checkouts/p2-checkpoint47fdb2c/build/DerivedData/Build/Intermediates.noindex/Paperloft.build/Debug/PaperloftApp.build/Objects-normal/arm64/Paperloft_Receipts.swiftsourceinfo (in target 'PaperloftApp' from project 'Paperloft')
    cd /Users/builder/Factory/paperloft/evidence/checkouts/p2-checkpoint47fdb2c
    builtin-copy -exclude .DS_Store -exclude CVS -exclude .svn -exclude .git -exclude .hg -strip-unsigned-binaries -strip-deterministic -strip-tool /Applications/Xcode.app/Contents/Developer/Toolchains/XcodeDefault.xctoolchain/usr/bin/strip -resolve-src-symlinks -rename /Users/builder/Factory/paperloft/evidence/checkouts/p2-checkpoint47fdb2c/build/DerivedData/Build/Intermediates.noindex/Paperloft.build/Debug/PaperloftApp.build/Objects-normal/arm64/Paperloft_Receipts.swiftsourceinfo /Users/builder/Factory/paperloft/evidence/checkouts/p2-checkpoint47fdb2c/build/DerivedData/Build/Products/Debug/Paperloft_Receipts.swiftmodule/Project/arm64-apple-macos.swiftsourceinfo

SwiftDriverJobDiscovery normal arm64 Compiling PaperloftApp.swift (in target 'PaperloftApp' from project 'Paperloft')

SwiftDriver\ Compilation PaperloftApp normal arm64 com.apple.xcode.tools.swift.compiler (in target 'PaperloftApp' from project 'Paperloft')
    cd /Users/builder/Factory/paperloft/evidence/checkouts/p2-checkpoint47fdb2c
    builtin-Swift-Compilation -- /Applications/Xcode.app/Contents/Developer/Toolchains/XcodeDefault.xctoolchain/usr/bin/swiftc -module-name Paperloft_Receipts -Onone @/Users/builder/Factory/paperloft/evidence/checkouts/p2-checkpoint47fdb2c/build/DerivedData/Build/Intermediates.noindex/Paperloft.build/Debug/PaperloftApp.build/Objects-normal/arm64/Paperloft\ Receipts.SwiftFileList -enable-experimental-feature DebugDescriptionMacro -sdk /Applications/Xcode.app/Contents/Developer/Platforms/MacOSX.platform/Developer/SDKs/MacOSX27.0.sdk -target arm64-apple-macos27.0 -g -module-cache-path /Users/builder/Factory/paperloft/evidence/checkouts/p2-checkpoint47fdb2c/build/DerivedData/ModuleCache.noindex -Xfrontend -serialize-debugging-options -profile-coverage-mapping -profile-generate -enable-testing -warnings-as-errors -index-store-path /Users/builder/Factory/paperloft/evidence/checkouts/p2-checkpoint47fdb2c/build/DerivedData/Index.noindex/DataStore -swift-version 6 -I /Users/builder/Factory/paperloft/evidence/checkouts/p2-checkpoint47fdb2c/build/DerivedData/Build/Products/Debug -F /Users/builder/Factory/paperloft/evidence/checkouts/p2-checkpoint47fdb2c/build/DerivedData/Build/Products/Debug/PackageFrameworks -F /Users/builder/Factory/paperloft/evidence/checkouts/p2-checkpoint47fdb2c/build/DerivedData/Build/Products/Debug -parse-as-library -c -j10 -enable-batch-mode -incremental -Xcc -ivfsstatcache -Xcc /Users/builder/Factory/paperloft/evidence/checkouts/p2-checkpoint47fdb2c/build/DerivedData/SDKStatCaches.noindex/macosx27.0-26A425-7231f6df4def33e022ae2eb8f782df1a.sdkstatcache -output-file-map /Users/builder/Factory/paperloft/evidence/checkouts/p2-checkpoint47fdb2c/build/DerivedData/Build/Intermediates.noindex/Paperloft.build/Debug/PaperloftApp.build/Objects-normal/arm64/PaperloftApp-OutputFileMap.json -save-temps -no-color-diagnostics -explicit-module-build -module-cache-path /Users/builder/Factory/paperloft/evidence/checkouts/p2-checkpoint47fdb2c/build/DerivedData/Build/Intermediates.noindex/SwiftExplicitPrecompiledModules -clang-scanner-module-cache-path /Users/builder/Factory/paperloft/evidence/checkouts/p2-checkpoint47fdb2c/build/DerivedData/ModuleCache.noindex -sdk-module-cache-path /Users/builder/Factory/paperloft/evidence/checkouts/p2-checkpoint47fdb2c/build/DerivedData/SDKExplicitPrecompiledModules -emit-dependencies -emit-module -emit-module-path /Users/builder/Factory/paperloft/evidence/checkouts/p2-checkpoint47fdb2c/build/DerivedData/Build/Intermediates.noindex/Paperloft.build/Debug/PaperloftApp.build/Objects-normal/arm64/Paperloft_Receipts.swiftmodule -serialize-diagnostics -dependency-scan-serialize-diagnostics-path /Users/builder/Factory/paperloft/evidence/checkouts/p2-checkpoint47fdb2c/build/DerivedData/Build/Intermediates.noindex/Paperloft.build/Debug/PaperloftApp.build/Objects-normal/arm64/Paperloft_Receipts-dependency-scan.dia -validate-clang-modules-once -clang-build-session-file /Users/builder/Factory/paperloft/evidence/checkouts/p2-checkpoint47fdb2c/build/DerivedData/ModuleCache.noindex/Session.modulevalidation -Xcc -fmodules-prune-interval\=86400 -Xcc -fmodules-prune-after\=345600 -emit-const-values -const-gather-protocols-list /Users/builder/Factory/paperloft/evidence/checkouts/p2-checkpoint47fdb2c/build/DerivedData/Build/Intermediates.noindex/Paperloft.build/Debug/PaperloftApp.build/Objects-normal/arm64/PaperloftApp_const_extract_protocols.json -Xcc -iquote -Xcc /Users/builder/Factory/paperloft/evidence/checkouts/p2-checkpoint47fdb2c/build/DerivedData/Build/Intermediates.noindex/Paperloft.build/Debug/PaperloftApp.build/Paperloft\ Receipts-generated-files.hmap -Xcc -I/Users/builder/Factory/paperloft/evidence/checkouts/p2-checkpoint47fdb2c/build/DerivedData/Build/Intermediates.noindex/Paperloft.build/Debug/PaperloftApp.build/Paperloft\ Receipts-own-target-headers.hmap -Xcc -I/Users/builder/Factory/paperloft/evidence/checkouts/p2-checkpoint47fdb2c/build/DerivedData/Build/Intermediates.noindex/Paperloft.build/Debug/PaperloftApp.build/Paperloft\ Receipts-all-non-framework-target-headers.hmap -Xcc -ivfsoverlay -Xcc /Users/builder/Factory/paperloft/evidence/checkouts/p2-checkpoint47fdb2c/build/DerivedData/Build/Intermediates.noindex/Paperloft.build/Debug/Paperloft-b93ddc6bcd4d234a5473ab01ad3589c4-VFS/all-product-headers.yaml -Xcc -iquote -Xcc /Users/builder/Factory/paperloft/evidence/checkouts/p2-checkpoint47fdb2c/build/DerivedData/Build/Intermediates.noindex/Paperloft.build/Debug/PaperloftApp.build/Paperloft\ Receipts-project-headers.hmap -Xcc -I/Users/builder/Factory/paperloft/evidence/checkouts/p2-checkpoint47fdb2c/build/DerivedData/Build/Products/Debug/include -Xcc -I/Users/builder/Factory/paperloft/evidence/checkouts/p2-checkpoint47fdb2c/build/DerivedData/Build/Intermediates.noindex/Paperloft.build/Debug/PaperloftApp.build/DerivedSources-normal/arm64 -Xcc -I/Users/builder/Factory/paperloft/evidence/checkouts/p2-checkpoint47fdb2c/build/DerivedData/Build/Intermediates.noindex/Paperloft.build/Debug/PaperloftApp.build/DerivedSources/arm64 -Xcc -I/Users/builder/Factory/paperloft/evidence/checkouts/p2-checkpoint47fdb2c/build/DerivedData/Build/Intermediates.noindex/Paperloft.build/Debug/PaperloftApp.build/DerivedSources -emit-objc-header -emit-objc-header-path /Users/builder/Factory/paperloft/evidence/checkouts/p2-checkpoint47fdb2c/build/DerivedData/Build/Intermediates.noindex/Paperloft.build/Debug/PaperloftApp.build/Objects-normal/arm64/Paperloft_Receipts-Swift.h -working-directory /Users/builder/Factory/paperloft/evidence/checkouts/p2-checkpoint47fdb2c -experimental-emit-module-separately -disable-cmo

Ld /Users/builder/Factory/paperloft/evidence/checkouts/p2-checkpoint47fdb2c/build/DerivedData/Build/Products/Debug/Paperloft\ Receipts.app/Contents/MacOS/Paperloft\ Receipts.debug.dylib normal (in target 'PaperloftApp' from project 'Paperloft')
    cd /Users/builder/Factory/paperloft/evidence/checkouts/p2-checkpoint47fdb2c
    /Applications/Xcode.app/Contents/Developer/Toolchains/XcodeDefault.xctoolchain/usr/bin/clang -Xlinker -reproducible -target arm64-apple-macos27.0 -dynamiclib -isysroot /Applications/Xcode.app/Contents/Developer/Platforms/MacOSX.platform/Developer/SDKs/MacOSX27.0.sdk -Os -Xlinker -no_warn_duplicate_libraries -L/Users/builder/Factory/paperloft/evidence/checkouts/p2-checkpoint47fdb2c/build/DerivedData/Build/Intermediates.noindex/EagerLinkingTBDs/Debug -L/Users/builder/Factory/paperloft/evidence/checkouts/p2-checkpoint47fdb2c/build/DerivedData/Build/Products/Debug -F/Users/builder/Factory/paperloft/evidence/checkouts/p2-checkpoint47fdb2c/build/DerivedData/Build/Intermediates.noindex/EagerLinkingTBDs/Debug -F/Users/builder/Factory/paperloft/evidence/checkouts/p2-checkpoint47fdb2c/build/DerivedData/Build/Products/Debug/PackageFrameworks -F/Users/builder/Factory/paperloft/evidence/checkouts/p2-checkpoint47fdb2c/build/DerivedData/Build/Products/Debug -filelist /Users/builder/Factory/paperloft/evidence/checkouts/p2-checkpoint47fdb2c/build/DerivedData/Build/Intermediates.noindex/Paperloft.build/Debug/PaperloftApp.build/Objects-normal/arm64/Paperloft\ Receipts.LinkFileList -install_name @rpath/Paperloft\ Receipts.debug.dylib -Xlinker -rpath -Xlinker @loader_path -Xlinker -rpath -Xlinker /Users/builder/Factory/paperloft/evidence/checkouts/p2-checkpoint47fdb2c/build/DerivedData/Build/Products/Debug/PackageFrameworks -Xlinker -object_path_lto -Xlinker /Users/builder/Factory/paperloft/evidence/checkouts/p2-checkpoint47fdb2c/build/DerivedData/Build/Intermediates.noindex/Paperloft.build/Debug/PaperloftApp.build/Objects-normal/arm64/Paperloft\ Receipts_lto.o -rdynamic -Xlinker -debug_variant -Xlinker -dependency_info -Xlinker /Users/builder/Factory/paperloft/evidence/checkouts/p2-checkpoint47fdb2c/build/DerivedData/Build/Intermediates.noindex/Paperloft.build/Debug/PaperloftApp.build/Objects-normal/arm64/Paperloft\ Receipts_dependency_info.dat -fobjc-link-runtime -fprofile-instr-generate -L/Applications/Xcode.app/Contents/Developer/Toolchains/XcodeDefault.xctoolchain/usr/lib/swift/macosx -L/usr/lib/swift -Xlinker -add_ast_path -Xlinker /Users/builder/Factory/paperloft/evidence/checkouts/p2-checkpoint47fdb2c/build/DerivedData/Build/Intermediates.noindex/Paperloft.build/Debug/PaperloftApp.build/Objects-normal/arm64/Paperloft_Receipts.swiftmodule -Xlinker -alias -Xlinker _main -Xlinker ___debug_main_executable_dylib_entry_point -Xlinker -no_adhoc_codesign -o /Users/builder/Factory/paperloft/evidence/checkouts/p2-checkpoint47fdb2c/build/DerivedData/Build/Products/Debug/Paperloft\ Receipts.app/Contents/MacOS/Paperloft\ Receipts.debug.dylib

ConstructStubExecutorLinkFileList /Users/builder/Factory/paperloft/evidence/checkouts/p2-checkpoint47fdb2c/build/DerivedData/Build/Intermediates.noindex/Paperloft.build/Debug/PaperloftApp.build/Paperloft\ Receipts-ExecutorLinkFileList-normal-arm64.txt (in target 'PaperloftApp' from project 'Paperloft')
    cd /Users/builder/Factory/paperloft/evidence/checkouts/p2-checkpoint47fdb2c
    construct-stub-executor-link-file-list /Users/builder/Factory/paperloft/evidence/checkouts/p2-checkpoint47fdb2c/build/DerivedData/Build/Products/Debug/Paperloft\ Receipts.app/Contents/MacOS/Paperloft\ Receipts.debug.dylib /Applications/Xcode.app/Contents/Developer/Platforms/MacOSX.platform/Developer/usr/lib/libPreviewsJITStubExecutor_no_swift_entry_point.a /Applications/Xcode.app/Contents/Developer/Platforms/MacOSX.platform/Developer/usr/lib/libPreviewsJITStubExecutor.a --output /Users/builder/Factory/paperloft/evidence/checkouts/p2-checkpoint47fdb2c/build/DerivedData/Build/Intermediates.noindex/Paperloft.build/Debug/PaperloftApp.build/Paperloft\ Receipts-ExecutorLinkFileList-normal-arm64.txt
note: Using stub executor library with Swift entry point. (in target 'PaperloftApp' from project 'Paperloft')

Ld /Users/builder/Factory/paperloft/evidence/checkouts/p2-checkpoint47fdb2c/build/DerivedData/Build/Products/Debug/Paperloft\ Receipts.app/Contents/MacOS/Paperloft\ Receipts normal (in target 'PaperloftApp' from project 'Paperloft')
    cd /Users/builder/Factory/paperloft/evidence/checkouts/p2-checkpoint47fdb2c
    /Applications/Xcode.app/Contents/Developer/Toolchains/XcodeDefault.xctoolchain/usr/bin/clang -Xlinker -reproducible -target arm64-apple-macos27.0 -isysroot /Applications/Xcode.app/Contents/Developer/Platforms/MacOSX.platform/Developer/SDKs/MacOSX27.0.sdk -Os -Xlinker -no_warn_duplicate_libraries -L/Users/builder/Factory/paperloft/evidence/checkouts/p2-checkpoint47fdb2c/build/DerivedData/Build/Products/Debug -F/Users/builder/Factory/paperloft/evidence/checkouts/p2-checkpoint47fdb2c/build/DerivedData/Build/Products/Debug/PackageFrameworks -F/Users/builder/Factory/paperloft/evidence/checkouts/p2-checkpoint47fdb2c/build/DerivedData/Build/Products/Debug -Xlinker -rpath -Xlinker @executable_path -Xlinker -rpath -Xlinker @loader_path -Xlinker -rpath -Xlinker /Users/builder/Factory/paperloft/evidence/checkouts/p2-checkpoint47fdb2c/build/DerivedData/Build/Products/Debug/PackageFrameworks -rdynamic -Xlinker -debug_variant -e ___debug_blank_executor_main -Xlinker -sectcreate -Xlinker __TEXT -Xlinker __debug_dylib -Xlinker /Users/builder/Factory/paperloft/evidence/checkouts/p2-checkpoint47fdb2c/build/DerivedData/Build/Intermediates.noindex/Paperloft.build/Debug/PaperloftApp.build/Paperloft\ Receipts-DebugDylibPath-normal-arm64.txt -Xlinker -sectcreate -Xlinker __TEXT -Xlinker __debug_instlnm -Xlinker /Users/builder/Factory/paperloft/evidence/checkouts/p2-checkpoint47fdb2c/build/DerivedData/Build/Intermediates.noindex/Paperloft.build/Debug/PaperloftApp.build/Paperloft\ Receipts-DebugDylibInstallName-normal-arm64.txt -Xlinker -filelist -Xlinker /Users/builder/Factory/paperloft/evidence/checkouts/p2-checkpoint47fdb2c/build/DerivedData/Build/Intermediates.noindex/Paperloft.build/Debug/PaperloftApp.build/Paperloft\ Receipts-ExecutorLinkFileList-normal-arm64.txt /Users/builder/Factory/paperloft/evidence/checkouts/p2-checkpoint47fdb2c/build/DerivedData/Build/Products/Debug/Paperloft\ Receipts.app/Contents/MacOS/Paperloft\ Receipts.debug.dylib -Xlinker -no_adhoc_codesign -o /Users/builder/Factory/paperloft/evidence/checkouts/p2-checkpoint47fdb2c/build/DerivedData/Build/Products/Debug/Paperloft\ Receipts.app/Contents/MacOS/Paperloft\ Receipts

CopySwiftLibs /Users/builder/Factory/paperloft/evidence/checkouts/p2-checkpoint47fdb2c/build/DerivedData/Build/Products/Debug/Paperloft\ Receipts.app (in target 'PaperloftApp' from project 'Paperloft')
    cd /Users/builder/Factory/paperloft/evidence/checkouts/p2-checkpoint47fdb2c
    builtin-swiftStdLibTool --copy --verbose --sign - --scan-executable /Users/builder/Factory/paperloft/evidence/checkouts/p2-checkpoint47fdb2c/build/DerivedData/Build/Products/Debug/Paperloft\ Receipts.app/Contents/MacOS/Paperloft\ Receipts.debug.dylib --scan-folder /Users/builder/Factory/paperloft/evidence/checkouts/p2-checkpoint47fdb2c/build/DerivedData/Build/Products/Debug/Paperloft\ Receipts.app/Contents/Frameworks --scan-folder /Users/builder/Factory/paperloft/evidence/checkouts/p2-checkpoint47fdb2c/build/DerivedData/Build/Products/Debug/Paperloft\ Receipts.app/Contents/PlugIns --scan-folder /Users/builder/Factory/paperloft/evidence/checkouts/p2-checkpoint47fdb2c/build/DerivedData/Build/Products/Debug/Paperloft\ Receipts.app/Contents/Library/SystemExtensions --scan-folder /Users/builder/Factory/paperloft/evidence/checkouts/p2-checkpoint47fdb2c/build/DerivedData/Build/Products/Debug/Paperloft\ Receipts.app/Contents/Extensions --platform macosx --toolchain /Applications/Xcode.app/Contents/Developer/Toolchains/XcodeDefault.xctoolchain --destination /Users/builder/Factory/paperloft/evidence/checkouts/p2-checkpoint47fdb2c/build/DerivedData/Build/Products/Debug/Paperloft\ Receipts.app/Contents/Frameworks --strip-bitcode --strip-bitcode-tool /Applications/Xcode.app/Contents/Developer/Toolchains/XcodeDefault.xctoolchain/usr/bin/bitcode_strip --emit-dependency-info /Users/builder/Factory/paperloft/evidence/checkouts/p2-checkpoint47fdb2c/build/DerivedData/Build/Intermediates.noindex/Paperloft.build/Debug/PaperloftApp.build/SwiftStdLibToolInputDependencies.dep --filter-for-swift-os

ExtractAppIntentsMetadata (in target 'PaperloftApp' from project 'Paperloft')
    cd /Users/builder/Factory/paperloft/evidence/checkouts/p2-checkpoint47fdb2c
    /Applications/Xcode.app/Contents/Developer/Toolchains/XcodeDefault.xctoolchain/usr/bin/appintentsmetadataprocessor --toolchain-dir /Applications/Xcode.app/Contents/Developer/Toolchains/XcodeDefault.xctoolchain --module-name Paperloft_Receipts --sdk-root /Applications/Xcode.app/Contents/Developer/Platforms/MacOSX.platform/Developer/SDKs/MacOSX27.0.sdk --xcode-version 27A266a --platform-family macOS --deployment-target 27.0 --bundle-identifier app.paperloft.receipts --output /Users/builder/Factory/paperloft/evidence/checkouts/p2-checkpoint47fdb2c/build/DerivedData/Build/Products/Debug/Paperloft\ Receipts.app/Contents/Resources --target-triple arm64-apple-macos27.0 --binary-file /Users/builder/Factory/paperloft/evidence/checkouts/p2-checkpoint47fdb2c/build/DerivedData/Build/Products/Debug/Paperloft\ Receipts.app/Contents/MacOS/Paperloft\ Receipts --dependency-file /Users/builder/Factory/paperloft/evidence/checkouts/p2-checkpoint47fdb2c/build/DerivedData/Build/Intermediates.noindex/Paperloft.build/Debug/PaperloftApp.build/Objects-normal/arm64/Paperloft\ Receipts_dependency_info.dat --stringsdata-file /Users/builder/Factory/paperloft/evidence/checkouts/p2-checkpoint47fdb2c/build/DerivedData/Build/Intermediates.noindex/Paperloft.build/Debug/PaperloftApp.build/Objects-normal/arm64/ExtractedAppShortcutsMetadata.stringsdata --source-file-list /Users/builder/Factory/paperloft/evidence/checkouts/p2-checkpoint47fdb2c/build/DerivedData/Build/Intermediates.noindex/Paperloft.build/Debug/PaperloftApp.build/Objects-normal/arm64/Paperloft\ Receipts.SwiftFileList --metadata-file-list /Users/builder/Factory/paperloft/evidence/checkouts/p2-checkpoint47fdb2c/build/DerivedData/Build/Intermediates.noindex/Paperloft.build/Debug/PaperloftApp.build/Paperloft\ Receipts.DependencyMetadataFileList --static-metadata-file-list /Users/builder/Factory/paperloft/evidence/checkouts/p2-checkpoint47fdb2c/build/DerivedData/Build/Intermediates.noindex/Paperloft.build/Debug/PaperloftApp.build/Paperloft\ Receipts.DependencyStaticMetadataFileList --swift-const-vals-list /Users/builder/Factory/paperloft/evidence/checkouts/p2-checkpoint47fdb2c/build/DerivedData/Build/Intermediates.noindex/Paperloft.build/Debug/PaperloftApp.build/Objects-normal/arm64/Paperloft\ Receipts.SwiftConstValuesFileList --compile-time-extraction --deployment-aware-processing --no-app-shortcuts-localization
2026-09-26 22:29:07.184 appintentsmetadataprocessor[46898:1025526] Starting appintentsmetadataprocessor export
2026-09-26 22:29:07.240 appintentsmetadataprocessor[46898:1025526] Extracted no relevant App Intents symbols, skipping writing output

CodeSign /Users/builder/Factory/paperloft/evidence/checkouts/p2-checkpoint47fdb2c/build/DerivedData/Build/Products/Debug/Paperloft\ Receipts.app/Contents/MacOS/Paperloft\ Receipts.debug.dylib (in target 'PaperloftApp' from project 'Paperloft')
    cd /Users/builder/Factory/paperloft/evidence/checkouts/p2-checkpoint47fdb2c
    
    Signing Identity:     "Sign to Run Locally"
    
    /usr/bin/codesign --force --sign - --timestamp\=none --generate-entitlement-der /Users/builder/Factory/paperloft/evidence/checkouts/p2-checkpoint47fdb2c/build/DerivedData/Build/Products/Debug/Paperloft\ Receipts.app/Contents/MacOS/Paperloft\ Receipts.debug.dylib

CodeSign /Users/builder/Factory/paperloft/evidence/checkouts/p2-checkpoint47fdb2c/build/DerivedData/Build/Products/Debug/Paperloft\ Receipts.app/Contents/MacOS/__preview.dylib (in target 'PaperloftApp' from project 'Paperloft')
    cd /Users/builder/Factory/paperloft/evidence/checkouts/p2-checkpoint47fdb2c
    
    Signing Identity:     "Sign to Run Locally"
    
    /usr/bin/codesign --force --sign - --timestamp\=none --generate-entitlement-der /Users/builder/Factory/paperloft/evidence/checkouts/p2-checkpoint47fdb2c/build/DerivedData/Build/Products/Debug/Paperloft\ Receipts.app/Contents/MacOS/__preview.dylib

CodeSign /Users/builder/Factory/paperloft/evidence/checkouts/p2-checkpoint47fdb2c/build/DerivedData/Build/Products/Debug/Paperloft\ Receipts.app (in target 'PaperloftApp' from project 'Paperloft')
    cd /Users/builder/Factory/paperloft/evidence/checkouts/p2-checkpoint47fdb2c
    
    Signing Identity:     "Sign to Run Locally"
    
    /usr/bin/codesign --force --sign - --entitlements /Users/builder/Factory/paperloft/evidence/checkouts/p2-checkpoint47fdb2c/build/DerivedData/Build/Intermediates.noindex/Paperloft.build/Debug/PaperloftApp.build/Paperloft\ Receipts.app.xcent --timestamp\=none --generate-entitlement-der /Users/builder/Factory/paperloft/evidence/checkouts/p2-checkpoint47fdb2c/build/DerivedData/Build/Products/Debug/Paperloft\ Receipts.app

RegisterExecutionPolicyException /Users/builder/Factory/paperloft/evidence/checkouts/p2-checkpoint47fdb2c/build/DerivedData/Build/Products/Debug/Paperloft\ Receipts.app (in target 'PaperloftApp' from project 'Paperloft')
    cd /Users/builder/Factory/paperloft/evidence/checkouts/p2-checkpoint47fdb2c
    builtin-RegisterExecutionPolicyException /Users/builder/Factory/paperloft/evidence/checkouts/p2-checkpoint47fdb2c/build/DerivedData/Build/Products/Debug/Paperloft\ Receipts.app

Validate /Users/builder/Factory/paperloft/evidence/checkouts/p2-checkpoint47fdb2c/build/DerivedData/Build/Products/Debug/Paperloft\ Receipts.app (in target 'PaperloftApp' from project 'Paperloft')
    cd /Users/builder/Factory/paperloft/evidence/checkouts/p2-checkpoint47fdb2c
    builtin-validationUtility /Users/builder/Factory/paperloft/evidence/checkouts/p2-checkpoint47fdb2c/build/DerivedData/Build/Products/Debug/Paperloft\ Receipts.app -no-validate-extension -infoplist-subpath Contents/Info.plist

Touch /Users/builder/Factory/paperloft/evidence/checkouts/p2-checkpoint47fdb2c/build/DerivedData/Build/Products/Debug/Paperloft\ Receipts.app (in target 'PaperloftApp' from project 'Paperloft')
    cd /Users/builder/Factory/paperloft/evidence/checkouts/p2-checkpoint47fdb2c
    /usr/bin/touch -c /Users/builder/Factory/paperloft/evidence/checkouts/p2-checkpoint47fdb2c/build/DerivedData/Build/Products/Debug/Paperloft\ Receipts.app

RegisterWithLaunchServices /Users/builder/Factory/paperloft/evidence/checkouts/p2-checkpoint47fdb2c/build/DerivedData/Build/Products/Debug/Paperloft\ Receipts.app (in target 'PaperloftApp' from project 'Paperloft')
    cd /Users/builder/Factory/paperloft/evidence/checkouts/p2-checkpoint47fdb2c
    builtin-lsregisterurl --record-path /Users/builder/Factory/paperloft/evidence/checkouts/p2-checkpoint47fdb2c/build/DerivedData/Build/Intermediates.noindex/XCBuildData/registered-launchservices.txt -- /System/Library/Frameworks/CoreServices.framework/Versions/Current/Frameworks/LaunchServices.framework/Versions/Current/Support/lsregister -f -R -trusted /Users/builder/Factory/paperloft/evidence/checkouts/p2-checkpoint47fdb2c/build/DerivedData/Build/Products/Debug/Paperloft\ Receipts.app

PruneExplicitPrecompiledModules /Users/builder/Factory/paperloft/evidence/checkouts/p2-checkpoint47fdb2c/build/DerivedData/Build/Intermediates.noindex/SwiftExplicitPrecompiledModules

PruneExplicitPrecompiledModules /Users/builder/Factory/paperloft/evidence/checkouts/p2-checkpoint47fdb2c/build/DerivedData/Build/Intermediates.noindex/ExplicitPrecompiledModules

PruneExplicitPrecompiledModules /Users/builder/Factory/paperloft/evidence/checkouts/p2-checkpoint47fdb2c/build/DerivedData/SDKExplicitPrecompiledModules

** BUILD SUCCEEDED **

Command line invocation:
    /Applications/Xcode.app/Contents/Developer/usr/bin/xcodebuild -project Paperloft.xcodeproj -scheme PaperloftApp -destination platform=macOS SWIFT_TREAT_WARNINGS_AS_ERRORS=YES -derivedDataPath build/DerivedData -configuration Release clean build

Build settings from command line:
    SWIFT_TREAT_WARNINGS_AS_ERRORS = YES

Resolve Package Graph


Resolved source packages:
  PaperloftKit: /Users/builder/Factory/paperloft/evidence/checkouts/p2-checkpoint47fdb2c/Packages/PaperloftKit @ local

CreateBuildRequest

SendProjectDescription

CreateBuildOperation

** CLEAN SUCCEEDED **

ComputePackagePrebuildTargetDependencyGraph

Prepare packages

CreateBuildRequest

SendProjectDescription

CreateBuildOperation

ComputeTargetDependencyGraph
note: Building targets in dependency order
note: Target dependency graph (3 targets)
    Target 'PaperloftApp' in project 'Paperloft'
        ➜ Explicit dependency on target 'PaperloftKit-product' in project 'PaperloftKit'
    Target 'PaperloftKit-product' in project 'PaperloftKit'
        ➜ Explicit dependency on target 'PaperloftKit' in project 'PaperloftKit'
    Target 'PaperloftKit' in project 'PaperloftKit' (no dependencies)

GatherProvisioningInputs

CreateBuildDescription

ExecuteExternalTool /Applications/Xcode.app/Contents/Developer/Toolchains/XcodeDefault.xctoolchain/usr/bin/swiftc --version

ExecuteExternalTool /Applications/Xcode.app/Contents/Developer/Toolchains/XcodeDefault.xctoolchain/usr/bin/clang -v -E -dM -isysroot /Applications/Xcode.app/Contents/Developer/Platforms/MacOSX.platform/Developer/SDKs/MacOSX27.0.sdk -x c -c /dev/null

ExecuteExternalTool /Applications/Xcode.app/Contents/Developer/Toolchains/XcodeDefault.xctoolchain/usr/bin/ld -version_details

Build description signature: 0c48bf2ce4e5717b827b080b13614040
Build description path: /Users/builder/Factory/paperloft/evidence/checkouts/p2-checkpoint47fdb2c/build/DerivedData/Build/Intermediates.noindex/XCBuildData/0c48bf2ce4e5717b827b080b13614040.xcbuilddata
CreateBuildDirectory /Users/builder/Factory/paperloft/evidence/checkouts/p2-checkpoint47fdb2c/build/DerivedData/ModuleCache.noindex
    cd /Users/builder/Factory/paperloft/evidence/checkouts/p2-checkpoint47fdb2c/Paperloft.xcodeproj
    builtin-create-build-directory /Users/builder/Factory/paperloft/evidence/checkouts/p2-checkpoint47fdb2c/build/DerivedData/ModuleCache.noindex

CreateBuildDirectory /Users/builder/Factory/paperloft/evidence/checkouts/p2-checkpoint47fdb2c/build/DerivedData/SDKExplicitPrecompiledModules
    cd /Users/builder/Factory/paperloft/evidence/checkouts/p2-checkpoint47fdb2c/Paperloft.xcodeproj
    builtin-create-build-directory /Users/builder/Factory/paperloft/evidence/checkouts/p2-checkpoint47fdb2c/build/DerivedData/SDKExplicitPrecompiledModules

ClangStatCache /Applications/Xcode.app/Contents/Developer/Toolchains/XcodeDefault.xctoolchain/usr/bin/clang-stat-cache /Applications/Xcode.app/Contents/Developer/Platforms/MacOSX.platform/Developer/SDKs/MacOSX27.0.sdk /Users/builder/Factory/paperloft/evidence/checkouts/p2-checkpoint47fdb2c/build/DerivedData/SDKStatCaches.noindex/macosx27.0-26A425-7231f6df4def33e022ae2eb8f782df1a.sdkstatcache
    cd /Users/builder/Factory/paperloft/evidence/checkouts/p2-checkpoint47fdb2c/Paperloft.xcodeproj
    /Applications/Xcode.app/Contents/Developer/Toolchains/XcodeDefault.xctoolchain/usr/bin/clang-stat-cache /Applications/Xcode.app/Contents/Developer/Platforms/MacOSX.platform/Developer/SDKs/MacOSX27.0.sdk -o /Users/builder/Factory/paperloft/evidence/checkouts/p2-checkpoint47fdb2c/build/DerivedData/SDKStatCaches.noindex/macosx27.0-26A425-7231f6df4def33e022ae2eb8f782df1a.sdkstatcache

CreateBuildDirectory /Users/builder/Factory/paperloft/evidence/checkouts/p2-checkpoint47fdb2c/build/DerivedData/Build/Intermediates.noindex
    cd /Users/builder/Factory/paperloft/evidence/checkouts/p2-checkpoint47fdb2c/Paperloft.xcodeproj
    builtin-create-build-directory /Users/builder/Factory/paperloft/evidence/checkouts/p2-checkpoint47fdb2c/build/DerivedData/Build/Intermediates.noindex

CreateBuildDirectory /Users/builder/Factory/paperloft/evidence/checkouts/p2-checkpoint47fdb2c/build/DerivedData/CompilationCache.noindex
    cd /Users/builder/Factory/paperloft/evidence/checkouts/p2-checkpoint47fdb2c/Paperloft.xcodeproj
    builtin-create-build-directory /Users/builder/Factory/paperloft/evidence/checkouts/p2-checkpoint47fdb2c/build/DerivedData/CompilationCache.noindex

CreateBuildDirectory /Users/builder/Factory/paperloft/evidence/checkouts/p2-checkpoint47fdb2c/build/DerivedData/Build/Products
    cd /Users/builder/Factory/paperloft/evidence/checkouts/p2-checkpoint47fdb2c/Paperloft.xcodeproj
    builtin-create-build-directory /Users/builder/Factory/paperloft/evidence/checkouts/p2-checkpoint47fdb2c/build/DerivedData/Build/Products

CreateBuildDirectory /Users/builder/Factory/paperloft/evidence/checkouts/p2-checkpoint47fdb2c/build/DerivedData/Build/Intermediates.noindex/SwiftExplicitPrecompiledModules
    cd /Users/builder/Factory/paperloft/evidence/checkouts/p2-checkpoint47fdb2c/Paperloft.xcodeproj
    builtin-create-build-directory /Users/builder/Factory/paperloft/evidence/checkouts/p2-checkpoint47fdb2c/build/DerivedData/Build/Intermediates.noindex/SwiftExplicitPrecompiledModules

CreateBuildDirectory /Users/builder/Factory/paperloft/evidence/checkouts/p2-checkpoint47fdb2c/build/DerivedData/Build/Intermediates.noindex/PrecompiledHeaders
    cd /Users/builder/Factory/paperloft/evidence/checkouts/p2-checkpoint47fdb2c/Paperloft.xcodeproj
    builtin-create-build-directory /Users/builder/Factory/paperloft/evidence/checkouts/p2-checkpoint47fdb2c/build/DerivedData/Build/Intermediates.noindex/PrecompiledHeaders

CreateBuildDirectory /Users/builder/Factory/paperloft/evidence/checkouts/p2-checkpoint47fdb2c/build/DerivedData/Build/Intermediates.noindex/ExplicitPrecompiledModules
    cd /Users/builder/Factory/paperloft/evidence/checkouts/p2-checkpoint47fdb2c/Paperloft.xcodeproj
    builtin-create-build-directory /Users/builder/Factory/paperloft/evidence/checkouts/p2-checkpoint47fdb2c/build/DerivedData/Build/Intermediates.noindex/ExplicitPrecompiledModules

CreateBuildDirectory /Users/builder/Factory/paperloft/evidence/checkouts/p2-checkpoint47fdb2c/build/DerivedData/Build/Intermediates.noindex/EagerLinkingTBDs/Release
    cd /Users/builder/Factory/paperloft/evidence/checkouts/p2-checkpoint47fdb2c/Paperloft.xcodeproj
    builtin-create-build-directory /Users/builder/Factory/paperloft/evidence/checkouts/p2-checkpoint47fdb2c/build/DerivedData/Build/Intermediates.noindex/EagerLinkingTBDs/Release

WriteAuxiliaryFile /Users/builder/Factory/paperloft/evidence/checkouts/p2-checkpoint47fdb2c/build/DerivedData/Build/Intermediates.noindex/Paperloft.build/Release/Paperloft-b93ddc6bcd4d234a5473ab01ad3589c4-VFS/all-product-headers.yaml
    cd /Users/builder/Factory/paperloft/evidence/checkouts/p2-checkpoint47fdb2c/Paperloft.xcodeproj
    write-file /Users/builder/Factory/paperloft/evidence/checkouts/p2-checkpoint47fdb2c/build/DerivedData/Build/Intermediates.noindex/Paperloft.build/Release/Paperloft-b93ddc6bcd4d234a5473ab01ad3589c4-VFS/all-product-headers.yaml

CreateBuildDirectory /Users/builder/Factory/paperloft/evidence/checkouts/p2-checkpoint47fdb2c/build/DerivedData/Build/Products/Release
    cd /Users/builder/Factory/paperloft/evidence/checkouts/p2-checkpoint47fdb2c/Paperloft.xcodeproj
    builtin-create-build-directory /Users/builder/Factory/paperloft/evidence/checkouts/p2-checkpoint47fdb2c/build/DerivedData/Build/Products/Release

CreateBuildDirectory /Users/builder/Factory/paperloft/evidence/checkouts/p2-checkpoint47fdb2c/build/DerivedData/Build/Products/Release/PackageFrameworks
    cd /Users/builder/Factory/paperloft/evidence/checkouts/p2-checkpoint47fdb2c/Paperloft.xcodeproj
    builtin-create-build-directory /Users/builder/Factory/paperloft/evidence/checkouts/p2-checkpoint47fdb2c/build/DerivedData/Build/Products/Release/PackageFrameworks

WriteAuxiliaryFile /Users/builder/Factory/paperloft/evidence/checkouts/p2-checkpoint47fdb2c/build/DerivedData/Build/Intermediates.noindex/PaperloftKit.build/Release/PaperloftKit-t.build/PaperloftKit.DependencyMetadataFileList (in target 'PaperloftKit' from project 'PaperloftKit')
    cd /Users/builder/Factory/paperloft/evidence/checkouts/p2-checkpoint47fdb2c/Packages/PaperloftKit
    write-file /Users/builder/Factory/paperloft/evidence/checkouts/p2-checkpoint47fdb2c/build/DerivedData/Build/Intermediates.noindex/PaperloftKit.build/Release/PaperloftKit-t.build/PaperloftKit.DependencyMetadataFileList

WriteAuxiliaryFile /Users/builder/Factory/paperloft/evidence/checkouts/p2-checkpoint47fdb2c/build/DerivedData/Build/Intermediates.noindex/PaperloftKit.build/Release/PaperloftKit-t.build/PaperloftKit.modulemap (in target 'PaperloftKit' from project 'PaperloftKit')
    cd /Users/builder/Factory/paperloft/evidence/checkouts/p2-checkpoint47fdb2c/Packages/PaperloftKit
    write-file /Users/builder/Factory/paperloft/evidence/checkouts/p2-checkpoint47fdb2c/build/DerivedData/Build/Intermediates.noindex/PaperloftKit.build/Release/PaperloftKit-t.build/PaperloftKit.modulemap

WriteAuxiliaryFile /Users/builder/Factory/paperloft/evidence/checkouts/p2-checkpoint47fdb2c/build/DerivedData/Build/Intermediates.noindex/PaperloftKit.build/Release/PaperloftKit-t.build/PaperloftKit.DependencyStaticMetadataFileList (in target 'PaperloftKit' from project 'PaperloftKit')
    cd /Users/builder/Factory/paperloft/evidence/checkouts/p2-checkpoint47fdb2c/Packages/PaperloftKit
    write-file /Users/builder/Factory/paperloft/evidence/checkouts/p2-checkpoint47fdb2c/build/DerivedData/Build/Intermediates.noindex/PaperloftKit.build/Release/PaperloftKit-t.build/PaperloftKit.DependencyStaticMetadataFileList

WriteAuxiliaryFile /Users/builder/Factory/paperloft/evidence/checkouts/p2-checkpoint47fdb2c/build/DerivedData/Build/Intermediates.noindex/PaperloftKit.build/Release/PaperloftKit-t.build/Objects-normal/arm64/PaperloftKit.SwiftFileList (in target 'PaperloftKit' from project 'PaperloftKit')
    cd /Users/builder/Factory/paperloft/evidence/checkouts/p2-checkpoint47fdb2c/Packages/PaperloftKit
    write-file /Users/builder/Factory/paperloft/evidence/checkouts/p2-checkpoint47fdb2c/build/DerivedData/Build/Intermediates.noindex/PaperloftKit.build/Release/PaperloftKit-t.build/Objects-normal/arm64/PaperloftKit.SwiftFileList

WriteAuxiliaryFile /Users/builder/Factory/paperloft/evidence/checkouts/p2-checkpoint47fdb2c/build/DerivedData/Build/Intermediates.noindex/PaperloftKit.build/Release/PaperloftKit-t.build/Objects-normal/arm64/PaperloftKit-OutputFileMap.json (in target 'PaperloftKit' from project 'PaperloftKit')
    cd /Users/builder/Factory/paperloft/evidence/checkouts/p2-checkpoint47fdb2c/Packages/PaperloftKit
    write-file /Users/builder/Factory/paperloft/evidence/checkouts/p2-checkpoint47fdb2c/build/DerivedData/Build/Intermediates.noindex/PaperloftKit.build/Release/PaperloftKit-t.build/Objects-normal/arm64/PaperloftKit-OutputFileMap.json

WriteAuxiliaryFile /Users/builder/Factory/paperloft/evidence/checkouts/p2-checkpoint47fdb2c/build/DerivedData/Build/Intermediates.noindex/PaperloftKit.build/Release/PaperloftKit-t.build/Objects-normal/arm64/PaperloftKit.SwiftConstValuesFileList (in target 'PaperloftKit' from project 'PaperloftKit')
    cd /Users/builder/Factory/paperloft/evidence/checkouts/p2-checkpoint47fdb2c/Packages/PaperloftKit
    write-file /Users/builder/Factory/paperloft/evidence/checkouts/p2-checkpoint47fdb2c/build/DerivedData/Build/Intermediates.noindex/PaperloftKit.build/Release/PaperloftKit-t.build/Objects-normal/arm64/PaperloftKit.SwiftConstValuesFileList

WriteAuxiliaryFile /Users/builder/Factory/paperloft/evidence/checkouts/p2-checkpoint47fdb2c/build/DerivedData/Build/Intermediates.noindex/PaperloftKit.build/Release/PaperloftKit-t.build/Objects-normal/arm64/PaperloftKit.LinkFileList (in target 'PaperloftKit' from project 'PaperloftKit')
    cd /Users/builder/Factory/paperloft/evidence/checkouts/p2-checkpoint47fdb2c/Packages/PaperloftKit
    write-file /Users/builder/Factory/paperloft/evidence/checkouts/p2-checkpoint47fdb2c/build/DerivedData/Build/Intermediates.noindex/PaperloftKit.build/Release/PaperloftKit-t.build/Objects-normal/arm64/PaperloftKit.LinkFileList

WriteAuxiliaryFile /Users/builder/Factory/paperloft/evidence/checkouts/p2-checkpoint47fdb2c/build/DerivedData/Build/Intermediates.noindex/PaperloftKit.build/Release/PaperloftKit-t.build/Objects-normal/arm64/PaperloftKit_const_extract_protocols.json (in target 'PaperloftKit' from project 'PaperloftKit')
    cd /Users/builder/Factory/paperloft/evidence/checkouts/p2-checkpoint47fdb2c/Packages/PaperloftKit
    write-file /Users/builder/Factory/paperloft/evidence/checkouts/p2-checkpoint47fdb2c/build/DerivedData/Build/Intermediates.noindex/PaperloftKit.build/Release/PaperloftKit-t.build/Objects-normal/arm64/PaperloftKit_const_extract_protocols.json

WriteAuxiliaryFile /Users/builder/Factory/paperloft/evidence/checkouts/p2-checkpoint47fdb2c/build/DerivedData/Build/Intermediates.noindex/Paperloft.build/Release/PaperloftApp.build/empty-Paperloft\ Receipts.plist (in target 'PaperloftApp' from project 'Paperloft')
    cd /Users/builder/Factory/paperloft/evidence/checkouts/p2-checkpoint47fdb2c
    write-file /Users/builder/Factory/paperloft/evidence/checkouts/p2-checkpoint47fdb2c/build/DerivedData/Build/Intermediates.noindex/Paperloft.build/Release/PaperloftApp.build/empty-Paperloft\ Receipts.plist

WriteAuxiliaryFile /Users/builder/Factory/paperloft/evidence/checkouts/p2-checkpoint47fdb2c/build/DerivedData/Build/Intermediates.noindex/Paperloft.build/Release/PaperloftApp.build/Paperloft\ Receipts.hmap (in target 'PaperloftApp' from project 'Paperloft')
    cd /Users/builder/Factory/paperloft/evidence/checkouts/p2-checkpoint47fdb2c
    write-file /Users/builder/Factory/paperloft/evidence/checkouts/p2-checkpoint47fdb2c/build/DerivedData/Build/Intermediates.noindex/Paperloft.build/Release/PaperloftApp.build/Paperloft\ Receipts.hmap

WriteAuxiliaryFile /Users/builder/Factory/paperloft/evidence/checkouts/p2-checkpoint47fdb2c/build/DerivedData/Build/Intermediates.noindex/Paperloft.build/Release/PaperloftApp.build/Paperloft\ Receipts.DependencyStaticMetadataFileList (in target 'PaperloftApp' from project 'Paperloft')
    cd /Users/builder/Factory/paperloft/evidence/checkouts/p2-checkpoint47fdb2c
    write-file /Users/builder/Factory/paperloft/evidence/checkouts/p2-checkpoint47fdb2c/build/DerivedData/Build/Intermediates.noindex/Paperloft.build/Release/PaperloftApp.build/Paperloft\ Receipts.DependencyStaticMetadataFileList

WriteAuxiliaryFile /Users/builder/Factory/paperloft/evidence/checkouts/p2-checkpoint47fdb2c/build/DerivedData/Build/Intermediates.noindex/Paperloft.build/Release/PaperloftApp.build/Paperloft\ Receipts.DependencyMetadataFileList (in target 'PaperloftApp' from project 'Paperloft')
    cd /Users/builder/Factory/paperloft/evidence/checkouts/p2-checkpoint47fdb2c
    write-file /Users/builder/Factory/paperloft/evidence/checkouts/p2-checkpoint47fdb2c/build/DerivedData/Build/Intermediates.noindex/Paperloft.build/Release/PaperloftApp.build/Paperloft\ Receipts.DependencyMetadataFileList

WriteAuxiliaryFile /Users/builder/Factory/paperloft/evidence/checkouts/p2-checkpoint47fdb2c/build/DerivedData/Build/Intermediates.noindex/Paperloft.build/Release/PaperloftApp.build/Paperloft\ Receipts-project-headers.hmap (in target 'PaperloftApp' from project 'Paperloft')
    cd /Users/builder/Factory/paperloft/evidence/checkouts/p2-checkpoint47fdb2c
    write-file /Users/builder/Factory/paperloft/evidence/checkouts/p2-checkpoint47fdb2c/build/DerivedData/Build/Intermediates.noindex/Paperloft.build/Release/PaperloftApp.build/Paperloft\ Receipts-project-headers.hmap

Copy /Users/builder/Factory/paperloft/evidence/checkouts/p2-checkpoint47fdb2c/build/DerivedData/Build/Intermediates.noindex/GeneratedModuleMaps/PaperloftKit.modulemap /Users/builder/Factory/paperloft/evidence/checkouts/p2-checkpoint47fdb2c/build/DerivedData/Build/Intermediates.noindex/PaperloftKit.build/Release/PaperloftKit-t.build/PaperloftKit.modulemap (in target 'PaperloftKit' from project 'PaperloftKit')
    cd /Users/builder/Factory/paperloft/evidence/checkouts/p2-checkpoint47fdb2c/Packages/PaperloftKit
    builtin-copy -exclude .DS_Store -exclude CVS -exclude .svn -exclude .git -exclude .hg -strip-unsigned-binaries -strip-deterministic -strip-tool /Applications/Xcode.app/Contents/Developer/Toolchains/XcodeDefault.xctoolchain/usr/bin/strip -resolve-src-symlinks /Users/builder/Factory/paperloft/evidence/checkouts/p2-checkpoint47fdb2c/build/DerivedData/Build/Intermediates.noindex/PaperloftKit.build/Release/PaperloftKit-t.build/PaperloftKit.modulemap /Users/builder/Factory/paperloft/evidence/checkouts/p2-checkpoint47fdb2c/build/DerivedData/Build/Intermediates.noindex/GeneratedModuleMaps

WriteAuxiliaryFile /Users/builder/Factory/paperloft/evidence/checkouts/p2-checkpoint47fdb2c/build/DerivedData/Build/Intermediates.noindex/Paperloft.build/Release/PaperloftApp.build/Paperloft\ Receipts-own-target-headers.hmap (in target 'PaperloftApp' from project 'Paperloft')
    cd /Users/builder/Factory/paperloft/evidence/checkouts/p2-checkpoint47fdb2c
    write-file /Users/builder/Factory/paperloft/evidence/checkouts/p2-checkpoint47fdb2c/build/DerivedData/Build/Intermediates.noindex/Paperloft.build/Release/PaperloftApp.build/Paperloft\ Receipts-own-target-headers.hmap

WriteAuxiliaryFile /Users/builder/Factory/paperloft/evidence/checkouts/p2-checkpoint47fdb2c/build/DerivedData/Build/Intermediates.noindex/Paperloft.build/Release/PaperloftApp.build/Paperloft\ Receipts-generated-files.hmap (in target 'PaperloftApp' from project 'Paperloft')
    cd /Users/builder/Factory/paperloft/evidence/checkouts/p2-checkpoint47fdb2c
    write-file /Users/builder/Factory/paperloft/evidence/checkouts/p2-checkpoint47fdb2c/build/DerivedData/Build/Intermediates.noindex/Paperloft.build/Release/PaperloftApp.build/Paperloft\ Receipts-generated-files.hmap

WriteAuxiliaryFile /Users/builder/Factory/paperloft/evidence/checkouts/p2-checkpoint47fdb2c/build/DerivedData/Build/Intermediates.noindex/Paperloft.build/Release/PaperloftApp.build/Paperloft\ Receipts-all-target-headers.hmap (in target 'PaperloftApp' from project 'Paperloft')
    cd /Users/builder/Factory/paperloft/evidence/checkouts/p2-checkpoint47fdb2c
    write-file /Users/builder/Factory/paperloft/evidence/checkouts/p2-checkpoint47fdb2c/build/DerivedData/Build/Intermediates.noindex/Paperloft.build/Release/PaperloftApp.build/Paperloft\ Receipts-all-target-headers.hmap

WriteAuxiliaryFile /Users/builder/Factory/paperloft/evidence/checkouts/p2-checkpoint47fdb2c/build/DerivedData/Build/Intermediates.noindex/Paperloft.build/Release/PaperloftApp.build/Paperloft\ Receipts-all-non-framework-target-headers.hmap (in target 'PaperloftApp' from project 'Paperloft')
    cd /Users/builder/Factory/paperloft/evidence/checkouts/p2-checkpoint47fdb2c
    write-file /Users/builder/Factory/paperloft/evidence/checkouts/p2-checkpoint47fdb2c/build/DerivedData/Build/Intermediates.noindex/Paperloft.build/Release/PaperloftApp.build/Paperloft\ Receipts-all-non-framework-target-headers.hmap

WriteAuxiliaryFile /Users/builder/Factory/paperloft/evidence/checkouts/p2-checkpoint47fdb2c/build/DerivedData/Build/Intermediates.noindex/Paperloft.build/Release/PaperloftApp.build/Objects-normal/arm64/PaperloftApp_const_extract_protocols.json (in target 'PaperloftApp' from project 'Paperloft')
    cd /Users/builder/Factory/paperloft/evidence/checkouts/p2-checkpoint47fdb2c
    write-file /Users/builder/Factory/paperloft/evidence/checkouts/p2-checkpoint47fdb2c/build/DerivedData/Build/Intermediates.noindex/Paperloft.build/Release/PaperloftApp.build/Objects-normal/arm64/PaperloftApp_const_extract_protocols.json

WriteAuxiliaryFile /Users/builder/Factory/paperloft/evidence/checkouts/p2-checkpoint47fdb2c/build/DerivedData/Build/Intermediates.noindex/Paperloft.build/Release/PaperloftApp.build/Objects-normal/arm64/PaperloftApp-OutputFileMap.json (in target 'PaperloftApp' from project 'Paperloft')
    cd /Users/builder/Factory/paperloft/evidence/checkouts/p2-checkpoint47fdb2c
    write-file /Users/builder/Factory/paperloft/evidence/checkouts/p2-checkpoint47fdb2c/build/DerivedData/Build/Intermediates.noindex/Paperloft.build/Release/PaperloftApp.build/Objects-normal/arm64/PaperloftApp-OutputFileMap.json

WriteAuxiliaryFile /Users/builder/Factory/paperloft/evidence/checkouts/p2-checkpoint47fdb2c/build/DerivedData/Build/Intermediates.noindex/Paperloft.build/Release/PaperloftApp.build/Objects-normal/arm64/Paperloft\ Receipts.SwiftFileList (in target 'PaperloftApp' from project 'Paperloft')
    cd /Users/builder/Factory/paperloft/evidence/checkouts/p2-checkpoint47fdb2c
    write-file /Users/builder/Factory/paperloft/evidence/checkouts/p2-checkpoint47fdb2c/build/DerivedData/Build/Intermediates.noindex/Paperloft.build/Release/PaperloftApp.build/Objects-normal/arm64/Paperloft\ Receipts.SwiftFileList

WriteAuxiliaryFile /Users/builder/Factory/paperloft/evidence/checkouts/p2-checkpoint47fdb2c/build/DerivedData/Build/Intermediates.noindex/Paperloft.build/Release/PaperloftApp.build/Objects-normal/arm64/Paperloft\ Receipts.SwiftConstValuesFileList (in target 'PaperloftApp' from project 'Paperloft')
    cd /Users/builder/Factory/paperloft/evidence/checkouts/p2-checkpoint47fdb2c
    write-file /Users/builder/Factory/paperloft/evidence/checkouts/p2-checkpoint47fdb2c/build/DerivedData/Build/Intermediates.noindex/Paperloft.build/Release/PaperloftApp.build/Objects-normal/arm64/Paperloft\ Receipts.SwiftConstValuesFileList

WriteAuxiliaryFile /Users/builder/Factory/paperloft/evidence/checkouts/p2-checkpoint47fdb2c/build/DerivedData/Build/Intermediates.noindex/Paperloft.build/Release/PaperloftApp.build/Objects-normal/arm64/Paperloft\ Receipts.LinkFileList (in target 'PaperloftApp' from project 'Paperloft')
    cd /Users/builder/Factory/paperloft/evidence/checkouts/p2-checkpoint47fdb2c
    write-file /Users/builder/Factory/paperloft/evidence/checkouts/p2-checkpoint47fdb2c/build/DerivedData/Build/Intermediates.noindex/Paperloft.build/Release/PaperloftApp.build/Objects-normal/arm64/Paperloft\ Receipts.LinkFileList

WriteAuxiliaryFile /Users/builder/Factory/paperloft/evidence/checkouts/p2-checkpoint47fdb2c/build/DerivedData/Build/Intermediates.noindex/Paperloft.build/Release/PaperloftApp.build/DerivedSources/Entitlements.plist (in target 'PaperloftApp' from project 'Paperloft')
    cd /Users/builder/Factory/paperloft/evidence/checkouts/p2-checkpoint47fdb2c
    write-file /Users/builder/Factory/paperloft/evidence/checkouts/p2-checkpoint47fdb2c/build/DerivedData/Build/Intermediates.noindex/Paperloft.build/Release/PaperloftApp.build/DerivedSources/Entitlements.plist

MkDir /Users/builder/Factory/paperloft/evidence/checkouts/p2-checkpoint47fdb2c/build/DerivedData/Build/Products/Release/Paperloft\ Receipts.app/Contents (in target 'PaperloftApp' from project 'Paperloft')
    cd /Users/builder/Factory/paperloft/evidence/checkouts/p2-checkpoint47fdb2c
    /bin/mkdir -p /Users/builder/Factory/paperloft/evidence/checkouts/p2-checkpoint47fdb2c/build/DerivedData/Build/Products/Release/Paperloft\ Receipts.app/Contents

MkDir /Users/builder/Factory/paperloft/evidence/checkouts/p2-checkpoint47fdb2c/build/DerivedData/Build/Products/Release/Paperloft\ Receipts.app/Contents/Resources (in target 'PaperloftApp' from project 'Paperloft')
    cd /Users/builder/Factory/paperloft/evidence/checkouts/p2-checkpoint47fdb2c
    /bin/mkdir -p /Users/builder/Factory/paperloft/evidence/checkouts/p2-checkpoint47fdb2c/build/DerivedData/Build/Products/Release/Paperloft\ Receipts.app/Contents/Resources

MkDir /Users/builder/Factory/paperloft/evidence/checkouts/p2-checkpoint47fdb2c/build/DerivedData/Build/Products/Release/Paperloft\ Receipts.app/Contents/MacOS (in target 'PaperloftApp' from project 'Paperloft')
    cd /Users/builder/Factory/paperloft/evidence/checkouts/p2-checkpoint47fdb2c
    /bin/mkdir -p /Users/builder/Factory/paperloft/evidence/checkouts/p2-checkpoint47fdb2c/build/DerivedData/Build/Products/Release/Paperloft\ Receipts.app/Contents/MacOS

MkDir /Users/builder/Factory/paperloft/evidence/checkouts/p2-checkpoint47fdb2c/build/DerivedData/Build/Products/Release/Paperloft\ Receipts.app (in target 'PaperloftApp' from project 'Paperloft')
    cd /Users/builder/Factory/paperloft/evidence/checkouts/p2-checkpoint47fdb2c
    /bin/mkdir -p /Users/builder/Factory/paperloft/evidence/checkouts/p2-checkpoint47fdb2c/build/DerivedData/Build/Products/Release/Paperloft\ Receipts.app

SwiftDriver PaperloftKit normal arm64 com.apple.xcode.tools.swift.compiler (in target 'PaperloftKit' from project 'PaperloftKit')
    cd /Users/builder/Factory/paperloft/evidence/checkouts/p2-checkpoint47fdb2c/Paperloft.xcodeproj
    builtin-SwiftDriver -- /Applications/Xcode.app/Contents/Developer/Toolchains/XcodeDefault.xctoolchain/usr/bin/swiftc -parse-as-library -module-name PaperloftKit -O -whole-module-optimization @/Users/builder/Factory/paperloft/evidence/checkouts/p2-checkpoint47fdb2c/build/DerivedData/Build/Intermediates.noindex/PaperloftKit.build/Release/PaperloftKit-t.build/Objects-normal/arm64/PaperloftKit.SwiftFileList -DSWIFT_PACKAGE -DSWIFT_MODULE_RESOURCE_BUNDLE_UNAVAILABLE -DXcode -plugin-path /Applications/Xcode.app/Contents/Developer/Toolchains/XcodeDefault.xctoolchain/usr/lib/swift/host/plugins/testing -enable-experimental-feature DebugDescriptionMacro -sdk /Applications/Xcode.app/Contents/Developer/Platforms/MacOSX.platform/Developer/SDKs/MacOSX27.0.sdk -target arm64-apple-macos27.0 -g -module-cache-path /Users/builder/Factory/paperloft/evidence/checkouts/p2-checkpoint47fdb2c/build/DerivedData/ModuleCache.noindex -Xfrontend -serialize-debugging-options -profile-coverage-mapping -profile-generate -warnings-as-errors -swift-version 6 -I /Users/builder/Factory/paperloft/evidence/checkouts/p2-checkpoint47fdb2c/build/DerivedData/Build/Products/Release -Isystem /Applications/Xcode.app/Contents/Developer/Platforms/MacOSX.platform/Developer/usr/lib -F /Users/builder/Factory/paperloft/evidence/checkouts/p2-checkpoint47fdb2c/build/DerivedData/Build/Products/Release -F /Applications/Xcode.app/Contents/Developer/Platforms/MacOSX.platform/Developer/Library/Frameworks -c -num-threads 10 -Xcc -ivfsstatcache -Xcc /Users/builder/Factory/paperloft/evidence/checkouts/p2-checkpoint47fdb2c/build/DerivedData/SDKStatCaches.noindex/macosx27.0-26A425-7231f6df4def33e022ae2eb8f782df1a.sdkstatcache -output-file-map /Users/builder/Factory/paperloft/evidence/checkouts/p2-checkpoint47fdb2c/build/DerivedData/Build/Intermediates.noindex/PaperloftKit.build/Release/PaperloftKit-t.build/Objects-normal/arm64/PaperloftKit-OutputFileMap.json -save-temps -no-color-diagnostics -explicit-module-build -module-cache-path /Users/builder/Factory/paperloft/evidence/checkouts/p2-checkpoint47fdb2c/build/DerivedData/Build/Intermediates.noindex/SwiftExplicitPrecompiledModules -clang-scanner-module-cache-path /Users/builder/Factory/paperloft/evidence/checkouts/p2-checkpoint47fdb2c/build/DerivedData/ModuleCache.noindex -sdk-module-cache-path /Users/builder/Factory/paperloft/evidence/checkouts/p2-checkpoint47fdb2c/build/DerivedData/SDKExplicitPrecompiledModules -emit-dependencies -emit-module -emit-module-path /Users/builder/Factory/paperloft/evidence/checkouts/p2-checkpoint47fdb2c/build/DerivedData/Build/Intermediates.noindex/PaperloftKit.build/Release/PaperloftKit-t.build/Objects-normal/arm64/PaperloftKit.swiftmodule -serialize-diagnostics -dependency-scan-serialize-diagnostics-path /Users/builder/Factory/paperloft/evidence/checkouts/p2-checkpoint47fdb2c/build/DerivedData/Build/Intermediates.noindex/PaperloftKit.build/Release/PaperloftKit-t.build/Objects-normal/arm64/PaperloftKit-dependency-scan.dia -validate-clang-modules-once -clang-build-session-file /Users/builder/Factory/paperloft/evidence/checkouts/p2-checkpoint47fdb2c/build/DerivedData/ModuleCache.noindex/Session.modulevalidation -Xcc -fmodules-prune-interval\=86400 -Xcc -fmodules-prune-after\=345600 -package-name paperloftkit -emit-const-values -const-gather-protocols-list /Users/builder/Factory/paperloft/evidence/checkouts/p2-checkpoint47fdb2c/build/DerivedData/Build/Intermediates.noindex/PaperloftKit.build/Release/PaperloftKit-t.build/Objects-normal/arm64/PaperloftKit_const_extract_protocols.json -Xcc -I/Users/builder/Factory/paperloft/evidence/checkouts/p2-checkpoint47fdb2c/build/DerivedData/Build/Products/Release/include -Xcc -I/Users/builder/Factory/paperloft/evidence/checkouts/p2-checkpoint47fdb2c/build/DerivedData/Build/Intermediates.noindex/PaperloftKit.build/Release/PaperloftKit-t.build/DerivedSources-normal/arm64 -Xcc -I/Users/builder/Factory/paperloft/evidence/checkouts/p2-checkpoint47fdb2c/build/DerivedData/Build/Intermediates.noindex/PaperloftKit.build/Release/PaperloftKit-t.build/DerivedSources/arm64 -Xcc -I/Users/builder/Factory/paperloft/evidence/checkouts/p2-checkpoint47fdb2c/build/DerivedData/Build/Intermediates.noindex/PaperloftKit.build/Release/PaperloftKit-t.build/DerivedSources -Xcc -DSWIFT_PACKAGE -emit-objc-header -emit-objc-header-path /Users/builder/Factory/paperloft/evidence/checkouts/p2-checkpoint47fdb2c/build/DerivedData/Build/Intermediates.noindex/PaperloftKit.build/Release/PaperloftKit-t.build/Objects-normal/arm64/PaperloftKit-Swift.h -working-directory /Users/builder/Factory/paperloft/evidence/checkouts/p2-checkpoint47fdb2c/Paperloft.xcodeproj -no-emit-module-separately-wmo

SwiftDriver\ Compilation PaperloftKit normal arm64 com.apple.xcode.tools.swift.compiler (in target 'PaperloftKit' from project 'PaperloftKit')
    cd /Users/builder/Factory/paperloft/evidence/checkouts/p2-checkpoint47fdb2c/Paperloft.xcodeproj
    builtin-Swift-Compilation -- /Applications/Xcode.app/Contents/Developer/Toolchains/XcodeDefault.xctoolchain/usr/bin/swiftc -parse-as-library -module-name PaperloftKit -O -whole-module-optimization @/Users/builder/Factory/paperloft/evidence/checkouts/p2-checkpoint47fdb2c/build/DerivedData/Build/Intermediates.noindex/PaperloftKit.build/Release/PaperloftKit-t.build/Objects-normal/arm64/PaperloftKit.SwiftFileList -DSWIFT_PACKAGE -DSWIFT_MODULE_RESOURCE_BUNDLE_UNAVAILABLE -DXcode -plugin-path /Applications/Xcode.app/Contents/Developer/Toolchains/XcodeDefault.xctoolchain/usr/lib/swift/host/plugins/testing -enable-experimental-feature DebugDescriptionMacro -sdk /Applications/Xcode.app/Contents/Developer/Platforms/MacOSX.platform/Developer/SDKs/MacOSX27.0.sdk -target arm64-apple-macos27.0 -g -module-cache-path /Users/builder/Factory/paperloft/evidence/checkouts/p2-checkpoint47fdb2c/build/DerivedData/ModuleCache.noindex -Xfrontend -serialize-debugging-options -profile-coverage-mapping -profile-generate -warnings-as-errors -swift-version 6 -I /Users/builder/Factory/paperloft/evidence/checkouts/p2-checkpoint47fdb2c/build/DerivedData/Build/Products/Release -Isystem /Applications/Xcode.app/Contents/Developer/Platforms/MacOSX.platform/Developer/usr/lib -F /Users/builder/Factory/paperloft/evidence/checkouts/p2-checkpoint47fdb2c/build/DerivedData/Build/Products/Release -F /Applications/Xcode.app/Contents/Developer/Platforms/MacOSX.platform/Developer/Library/Frameworks -c -num-threads 10 -Xcc -ivfsstatcache -Xcc /Users/builder/Factory/paperloft/evidence/checkouts/p2-checkpoint47fdb2c/build/DerivedData/SDKStatCaches.noindex/macosx27.0-26A425-7231f6df4def33e022ae2eb8f782df1a.sdkstatcache -output-file-map /Users/builder/Factory/paperloft/evidence/checkouts/p2-checkpoint47fdb2c/build/DerivedData/Build/Intermediates.noindex/PaperloftKit.build/Release/PaperloftKit-t.build/Objects-normal/arm64/PaperloftKit-OutputFileMap.json -save-temps -no-color-diagnostics -explicit-module-build -module-cache-path /Users/builder/Factory/paperloft/evidence/checkouts/p2-checkpoint47fdb2c/build/DerivedData/Build/Intermediates.noindex/SwiftExplicitPrecompiledModules -clang-scanner-module-cache-path /Users/builder/Factory/paperloft/evidence/checkouts/p2-checkpoint47fdb2c/build/DerivedData/ModuleCache.noindex -sdk-module-cache-path /Users/builder/Factory/paperloft/evidence/checkouts/p2-checkpoint47fdb2c/build/DerivedData/SDKExplicitPrecompiledModules -emit-dependencies -emit-module -emit-module-path /Users/builder/Factory/paperloft/evidence/checkouts/p2-checkpoint47fdb2c/build/DerivedData/Build/Intermediates.noindex/PaperloftKit.build/Release/PaperloftKit-t.build/Objects-normal/arm64/PaperloftKit.swiftmodule -serialize-diagnostics -dependency-scan-serialize-diagnostics-path /Users/builder/Factory/paperloft/evidence/checkouts/p2-checkpoint47fdb2c/build/DerivedData/Build/Intermediates.noindex/PaperloftKit.build/Release/PaperloftKit-t.build/Objects-normal/arm64/PaperloftKit-dependency-scan.dia -validate-clang-modules-once -clang-build-session-file /Users/builder/Factory/paperloft/evidence/checkouts/p2-checkpoint47fdb2c/build/DerivedData/ModuleCache.noindex/Session.modulevalidation -Xcc -fmodules-prune-interval\=86400 -Xcc -fmodules-prune-after\=345600 -package-name paperloftkit -emit-const-values -const-gather-protocols-list /Users/builder/Factory/paperloft/evidence/checkouts/p2-checkpoint47fdb2c/build/DerivedData/Build/Intermediates.noindex/PaperloftKit.build/Release/PaperloftKit-t.build/Objects-normal/arm64/PaperloftKit_const_extract_protocols.json -Xcc -I/Users/builder/Factory/paperloft/evidence/checkouts/p2-checkpoint47fdb2c/build/DerivedData/Build/Products/Release/include -Xcc -I/Users/builder/Factory/paperloft/evidence/checkouts/p2-checkpoint47fdb2c/build/DerivedData/Build/Intermediates.noindex/PaperloftKit.build/Release/PaperloftKit-t.build/DerivedSources-normal/arm64 -Xcc -I/Users/builder/Factory/paperloft/evidence/checkouts/p2-checkpoint47fdb2c/build/DerivedData/Build/Intermediates.noindex/PaperloftKit.build/Release/PaperloftKit-t.build/DerivedSources/arm64 -Xcc -I/Users/builder/Factory/paperloft/evidence/checkouts/p2-checkpoint47fdb2c/build/DerivedData/Build/Intermediates.noindex/PaperloftKit.build/Release/PaperloftKit-t.build/DerivedSources -Xcc -DSWIFT_PACKAGE -emit-objc-header -emit-objc-header-path /Users/builder/Factory/paperloft/evidence/checkouts/p2-checkpoint47fdb2c/build/DerivedData/Build/Intermediates.noindex/PaperloftKit.build/Release/PaperloftKit-t.build/Objects-normal/arm64/PaperloftKit-Swift.h -working-directory /Users/builder/Factory/paperloft/evidence/checkouts/p2-checkpoint47fdb2c/Paperloft.xcodeproj -no-emit-module-separately-wmo

SwiftExplicitDependencyGeneratePcm arm64 /Users/builder/Factory/paperloft/evidence/checkouts/p2-checkpoint47fdb2c/build/DerivedData/SDKExplicitPrecompiledModules/_SwiftConcurrencyShims-148BIHLYN5LFQUCQ4VMI1MZ8T.pcm

SwiftExplicitDependencyGeneratePcm arm64 /Users/builder/Factory/paperloft/evidence/checkouts/p2-checkpoint47fdb2c/build/DerivedData/SDKExplicitPrecompiledModules/_Builtin_stddef-64TXG6Y4B7WQW5I74E850CJYF.pcm

SwiftExplicitDependencyGeneratePcm arm64 /Users/builder/Factory/paperloft/evidence/checkouts/p2-checkpoint47fdb2c/build/DerivedData/SDKExplicitPrecompiledModules/SwiftShims-C9KHBXJU54LNVZSL84K5NIFDW.pcm

SwiftExplicitDependencyGeneratePcm arm64 /Users/builder/Factory/paperloft/evidence/checkouts/p2-checkpoint47fdb2c/build/DerivedData/SDKExplicitPrecompiledModules/_Builtin_stdarg-GO07V58NSNTVKXT0FG25Y4FZ.pcm

SwiftExplicitDependencyGeneratePcm arm64 /Users/builder/Factory/paperloft/evidence/checkouts/p2-checkpoint47fdb2c/build/DerivedData/SDKExplicitPrecompiledModules/_Builtin_float-5K5OMBDYYXXOGXYUIHNK0DQJ0.pcm

SwiftExplicitDependencyGeneratePcm arm64 /Users/builder/Factory/paperloft/evidence/checkouts/p2-checkpoint47fdb2c/build/DerivedData/SDKExplicitPrecompiledModules/_AvailabilityInternal-AJ7KGA6T58TDO4A09QVFWRCKH.pcm

SwiftExplicitDependencyGeneratePcm arm64 /Users/builder/Factory/paperloft/evidence/checkouts/p2-checkpoint47fdb2c/build/DerivedData/SDKExplicitPrecompiledModules/ptrauth-2PIE7E0O7DJQPIM77YAKZUSLW.pcm

SwiftExplicitDependencyGeneratePcm arm64 /Users/builder/Factory/paperloft/evidence/checkouts/p2-checkpoint47fdb2c/build/DerivedData/SDKExplicitPrecompiledModules/ptrcheck-95KFQQRQCEMH8DOYQF2RUYMKS.pcm

SwiftExplicitDependencyGeneratePcm arm64 /Users/builder/Factory/paperloft/evidence/checkouts/p2-checkpoint47fdb2c/build/DerivedData/SDKExplicitPrecompiledModules/_Builtin_stdbool-24CVV6N9EHIHLX12WMWZNMY9X.pcm

SwiftExplicitDependencyGeneratePcm arm64 /Users/builder/Factory/paperloft/evidence/checkouts/p2-checkpoint47fdb2c/build/DerivedData/SDKExplicitPrecompiledModules/_DarwinFoundation1-CHXZQ3BJIN84LJD6ECIOSAFHE.pcm

SwiftExplicitDependencyGeneratePcm arm64 /Users/builder/Factory/paperloft/evidence/checkouts/p2-checkpoint47fdb2c/build/DerivedData/SDKExplicitPrecompiledModules/_Builtin_limits-4Q3RAFHNM6IBFE8L3QJ37Z4B1.pcm

SwiftExplicitDependencyGeneratePcm arm64 /Users/builder/Factory/paperloft/evidence/checkouts/p2-checkpoint47fdb2c/build/DerivedData/SDKExplicitPrecompiledModules/_DarwinFoundation2-2S316IETH6T5LZW3MAGN4MI4M.pcm

SwiftExplicitDependencyGeneratePcm arm64 /Users/builder/Factory/paperloft/evidence/checkouts/p2-checkpoint47fdb2c/build/DerivedData/SDKExplicitPrecompiledModules/string_h-1FC7S1NDRVGHWR156I9URDVUL.pcm

SwiftExplicitDependencyGeneratePcm arm64 /Users/builder/Factory/paperloft/evidence/checkouts/p2-checkpoint47fdb2c/build/DerivedData/SDKExplicitPrecompiledModules/sys_types-TZS4IHPG7U7SAKEZC30EM8BM.pcm

SwiftExplicitDependencyGeneratePcm arm64 /Users/builder/Factory/paperloft/evidence/checkouts/p2-checkpoint47fdb2c/build/DerivedData/SDKExplicitPrecompiledModules/_Builtin_tgmath-5H3T7756LLPMA5G58Z9JP0FCV.pcm

SwiftExplicitDependencyGeneratePcm arm64 /Users/builder/Factory/paperloft/evidence/checkouts/p2-checkpoint47fdb2c/build/DerivedData/SDKExplicitPrecompiledModules/_Builtin_stdint-30NIXI3S5XADI9AF50Y6HN5P4.pcm

SwiftExplicitDependencyGeneratePcm arm64 /Users/builder/Factory/paperloft/evidence/checkouts/p2-checkpoint47fdb2c/build/DerivedData/SDKExplicitPrecompiledModules/_Builtin_stdatomic-BOJCX4H0NQBB5ON8W27XP0DNT.pcm

SwiftExplicitDependencyGeneratePcm arm64 /Users/builder/Factory/paperloft/evidence/checkouts/p2-checkpoint47fdb2c/build/DerivedData/SDKExplicitPrecompiledModules/_DarwinFoundation3-5I56GXQWF5E0UO693W2U2A37U.pcm

SwiftExplicitDependencyGeneratePcm arm64 /Users/builder/Factory/paperloft/evidence/checkouts/p2-checkpoint47fdb2c/build/DerivedData/SDKExplicitPrecompiledModules/libDER-1XGMWFMJBP4TJFJFE4OBQAW8J.pcm

SwiftExplicitDependencyGeneratePcm arm64 /Users/builder/Factory/paperloft/evidence/checkouts/p2-checkpoint47fdb2c/build/DerivedData/SDKExplicitPrecompiledModules/_Builtin_intrinsics-B649KVASN7O76HBE7XRM8R9IN.pcm

SwiftExplicitDependencyGeneratePcm arm64 /Users/builder/Factory/paperloft/evidence/checkouts/p2-checkpoint47fdb2c/build/DerivedData/SDKExplicitPrecompiledModules/_Builtin_inttypes-4SI6QQK4VO562JDQVBW6JJEWA.pcm

SwiftExplicitDependencyGeneratePcm arm64 /Users/builder/Factory/paperloft/evidence/checkouts/p2-checkpoint47fdb2c/build/DerivedData/SDKExplicitPrecompiledModules/Darwin-6PP0ONTX09SSVXJOWUK9RHKBX.pcm

SwiftExplicitDependencyGeneratePcm arm64 /Users/builder/Factory/paperloft/evidence/checkouts/p2-checkpoint47fdb2c/build/DerivedData/SDKExplicitPrecompiledModules/simd-RX2NY8X1JP51L49HOM53O6FO.pcm

SwiftExplicitDependencyGeneratePcm arm64 /Users/builder/Factory/paperloft/evidence/checkouts/p2-checkpoint47fdb2c/build/DerivedData/SDKExplicitPrecompiledModules/MachO-792RUHJ55DI7NRMXJPC3XG9Z0.pcm

SwiftExplicitDependencyGeneratePcm arm64 /Users/builder/Factory/paperloft/evidence/checkouts/p2-checkpoint47fdb2c/build/DerivedData/SDKExplicitPrecompiledModules/launch-7L358F4FJNUM43L4SD2GZBPIZ.pcm

SwiftExplicitDependencyGeneratePcm arm64 /Users/builder/Factory/paperloft/evidence/checkouts/p2-checkpoint47fdb2c/build/DerivedData/SDKExplicitPrecompiledModules/libkern-7S4OQ1X9W0K6D2PG6KGYCFFTB.pcm

SwiftExplicitDependencyGeneratePcm arm64 /Users/builder/Factory/paperloft/evidence/checkouts/p2-checkpoint47fdb2c/build/DerivedData/SDKExplicitPrecompiledModules/CUPS-848MQ0787WB56R7YIGKB8550J.pcm

SwiftExplicitDependencyGeneratePcm arm64 /Users/builder/Factory/paperloft/evidence/checkouts/p2-checkpoint47fdb2c/build/DerivedData/SDKExplicitPrecompiledModules/Compression-90KYHHIH9E1DDW99YLLJ16231.pcm

SwiftExplicitDependencyGeneratePcm arm64 /Users/builder/Factory/paperloft/evidence/checkouts/p2-checkpoint47fdb2c/build/DerivedData/SDKExplicitPrecompiledModules/ObjectiveC-CY50DG5ZSUGZVFZR07YAGJVGR.pcm

SwiftExplicitDependencyGeneratePcm arm64 /Users/builder/Factory/paperloft/evidence/checkouts/p2-checkpoint47fdb2c/build/DerivedData/SDKExplicitPrecompiledModules/os_object-1UWG8Q98ZOCQKRNU9NQIA4PBY.pcm

SwiftExplicitDependencyGeneratePcm arm64 /Users/builder/Factory/paperloft/evidence/checkouts/p2-checkpoint47fdb2c/build/DerivedData/SDKExplicitPrecompiledModules/os_workgroup-9WITT3SGUS678Q5KPO0GH7U32.pcm

SwiftExplicitDependencyGeneratePcm arm64 /Users/builder/Factory/paperloft/evidence/checkouts/p2-checkpoint47fdb2c/build/DerivedData/SDKExplicitPrecompiledModules/Dispatch-4Y6CNIDM2QJKLO02RFJJLJQ3I.pcm

SwiftExplicitDependencyGeneratePcm arm64 /Users/builder/Factory/paperloft/evidence/checkouts/p2-checkpoint47fdb2c/build/DerivedData/SDKExplicitPrecompiledModules/XPC-1A2N11I594LYNYZN7Z3RJW3Q0.pcm

SwiftExplicitDependencyGeneratePcm arm64 /Users/builder/Factory/paperloft/evidence/checkouts/p2-checkpoint47fdb2c/build/DerivedData/SDKExplicitPrecompiledModules/CoreFoundation-1SR96HJ257ZHEYKXDDZRBAI9B.pcm

SwiftExplicitDependencyGeneratePcm arm64 /Users/builder/Factory/paperloft/evidence/checkouts/p2-checkpoint47fdb2c/build/DerivedData/SDKExplicitPrecompiledModules/os-4TAFPJ4787SZ9FE00LV0JF5ZT.pcm

SwiftExplicitDependencyGeneratePcm arm64 /Users/builder/Factory/paperloft/evidence/checkouts/p2-checkpoint47fdb2c/build/DerivedData/SDKExplicitPrecompiledModules/IOKit-59RA5RPRB09MU0GLYB5VHROS8.pcm

SwiftExplicitDependencyGeneratePcm arm64 /Users/builder/Factory/paperloft/evidence/checkouts/p2-checkpoint47fdb2c/build/DerivedData/SDKExplicitPrecompiledModules/CoreAudioTypes-6HZRRXZANZW073DOPDR8VM531.pcm

SwiftExplicitDependencyGeneratePcm arm64 /Users/builder/Factory/paperloft/evidence/checkouts/p2-checkpoint47fdb2c/build/DerivedData/SDKExplicitPrecompiledModules/CFNetwork-61UXX921XTABSSOOWHJVD5W5I.pcm

SwiftExplicitDependencyGeneratePcm arm64 /Users/builder/Factory/paperloft/evidence/checkouts/p2-checkpoint47fdb2c/build/DerivedData/SDKExplicitPrecompiledModules/ColorSync-8BRHVI7CAL4Q3KGLYC5QLZ347.pcm

SwiftExplicitDependencyGeneratePcm arm64 /Users/builder/Factory/paperloft/evidence/checkouts/p2-checkpoint47fdb2c/build/DerivedData/SDKExplicitPrecompiledModules/Security-4XJRZ9DF9AF1EX7JNVKXW4PUE.pcm

SwiftExplicitDependencyGeneratePcm arm64 /Users/builder/Factory/paperloft/evidence/checkouts/p2-checkpoint47fdb2c/build/DerivedData/SDKExplicitPrecompiledModules/DiskArbitration-5D0P6BHU4WJ4UJRF5EI1CLO9T.pcm

SwiftExplicitDependencyGeneratePcm arm64 /Users/builder/Factory/paperloft/evidence/checkouts/p2-checkpoint47fdb2c/build/DerivedData/SDKExplicitPrecompiledModules/CoreGraphics-CC2L61L0QXXU5K83OP9GYB0JM.pcm

SwiftExplicitDependencyGeneratePcm arm64 /Users/builder/Factory/paperloft/evidence/checkouts/p2-checkpoint47fdb2c/build/DerivedData/SDKExplicitPrecompiledModules/CoreServices-R8PSP42FTEF7QD6QYHH8DLT6.pcm

SwiftExplicitDependencyGeneratePcm arm64 /Users/builder/Factory/paperloft/evidence/checkouts/p2-checkpoint47fdb2c/build/DerivedData/SDKExplicitPrecompiledModules/ImageIO-239W6S9G1NPECOR6GFV7S2JTH.pcm

SwiftExplicitDependencyGeneratePcm arm64 /Users/builder/Factory/paperloft/evidence/checkouts/p2-checkpoint47fdb2c/build/DerivedData/SDKExplicitPrecompiledModules/CoreText-EOOK0VE6C6DKF2ZUWEUZR91HJ.pcm

SwiftExplicitDependencyGeneratePcm arm64 /Users/builder/Factory/paperloft/evidence/checkouts/p2-checkpoint47fdb2c/build/DerivedData/SDKExplicitPrecompiledModules/Foundation-6MZY1B76BZXR4KZUQGJGHT0ON.pcm

SwiftExplicitDependencyGeneratePcm arm64 /Users/builder/Factory/paperloft/evidence/checkouts/p2-checkpoint47fdb2c/build/DerivedData/SDKExplicitPrecompiledModules/LocalAuthentication-7Y9JPZ7MV8QWYMP6752MJJ17K.pcm

SwiftExplicitDependencyGeneratePcm arm64 /Users/builder/Factory/paperloft/evidence/checkouts/p2-checkpoint47fdb2c/build/DerivedData/SDKExplicitPrecompiledModules/CoreMIDI-4Z3D52NUFD6XR06ECXSIAHG4Q.pcm

SwiftExplicitDependencyGeneratePcm arm64 /Users/builder/Factory/paperloft/evidence/checkouts/p2-checkpoint47fdb2c/build/DerivedData/SDKExplicitPrecompiledModules/UniformTypeIdentifiers-2C2JUYBQZ89JEQ1M7IITEAK0Q.pcm

SwiftExplicitDependencyGeneratePcm arm64 /Users/builder/Factory/paperloft/evidence/checkouts/p2-checkpoint47fdb2c/build/DerivedData/SDKExplicitPrecompiledModules/IOSurface-7SAPYN7JJQ5OBCL5P91W7MLGK.pcm

SwiftExplicitDependencyGeneratePcm arm64 /Users/builder/Factory/paperloft/evidence/checkouts/p2-checkpoint47fdb2c/build/DerivedData/SDKExplicitPrecompiledModules/ApplicationServices-9Q1K003S4L1X15EY2SHSPL71W.pcm

SwiftExplicitDependencyGeneratePcm arm64 /Users/builder/Factory/paperloft/evidence/checkouts/p2-checkpoint47fdb2c/build/DerivedData/SDKExplicitPrecompiledModules/CoreAudio-PIZ3J27JZ0U618BEN42RNYWS.pcm

SwiftExplicitDependencyGeneratePcm arm64 /Users/builder/Factory/paperloft/evidence/checkouts/p2-checkpoint47fdb2c/build/DerivedData/SDKExplicitPrecompiledModules/DataDetection-3LGOPYTOPSQSCEWT1YZYGPCO6.pcm

SwiftExplicitDependencyGeneratePcm arm64 /Users/builder/Factory/paperloft/evidence/checkouts/p2-checkpoint47fdb2c/build/DerivedData/SDKExplicitPrecompiledModules/Metal-5RVYDUGLBFUZRTISPQ4BR88L3.pcm

SwiftExplicitDependencyGeneratePcm arm64 /Users/builder/Factory/paperloft/evidence/checkouts/p2-checkpoint47fdb2c/build/DerivedData/SDKExplicitPrecompiledModules/OpenGL-2ME88XG6WUV2CQHTENI3W2CBT.pcm

SwiftExplicitDependencyGeneratePcm arm64 /Users/builder/Factory/paperloft/evidence/checkouts/p2-checkpoint47fdb2c/build/DerivedData/SDKExplicitPrecompiledModules/Carbon-8QVV0DXRGBQ1FTV5W400VHF0K.pcm

SwiftExplicitDependencyGeneratePcm arm64 /Users/builder/Factory/paperloft/evidence/checkouts/p2-checkpoint47fdb2c/build/DerivedData/SDKExplicitPrecompiledModules/CoreVideo-1581ATSEAQ2E4WWI6ZJR6J6KP.pcm

SwiftExplicitDependencyGeneratePcm arm64 /Users/builder/Factory/paperloft/evidence/checkouts/p2-checkpoint47fdb2c/build/DerivedData/SDKExplicitPrecompiledModules/AudioToolbox-CZ8R7P9DJQV38JD85M923ZVXF.pcm

SwiftExplicitDependencyGeneratePcm arm64 /Users/builder/Factory/paperloft/evidence/checkouts/p2-checkpoint47fdb2c/build/DerivedData/SDKExplicitPrecompiledModules/CoreImage-8LR9INRP44JYCL1EGX89T21Z7.pcm

SwiftExplicitDependencyGeneratePcm arm64 /Users/builder/Factory/paperloft/evidence/checkouts/p2-checkpoint47fdb2c/build/DerivedData/SDKExplicitPrecompiledModules/Accelerate-EXEL82OX7FOB2G9CRM8CSI4E2.pcm

SwiftExplicitDependencyGeneratePcm arm64 /Users/builder/Factory/paperloft/evidence/checkouts/p2-checkpoint47fdb2c/build/DerivedData/SDKExplicitPrecompiledModules/CoreML-AFC0IA53RDD8L409W1Y1C0B8M.pcm

SwiftExplicitDependencyGeneratePcm arm64 /Users/builder/Factory/paperloft/evidence/checkouts/p2-checkpoint47fdb2c/build/DerivedData/SDKExplicitPrecompiledModules/QuartzCore-5RSPY689IXVDOBQRLZNRVD6M1.pcm

SwiftExplicitDependencyGeneratePcm arm64 /Users/builder/Factory/paperloft/evidence/checkouts/p2-checkpoint47fdb2c/build/DerivedData/SDKExplicitPrecompiledModules/CoreMedia-UQUIHD2ZDRK10RH2N3CMG55B.pcm

SwiftExplicitDependencyGeneratePcm arm64 /Users/builder/Factory/paperloft/evidence/checkouts/p2-checkpoint47fdb2c/build/DerivedData/SDKExplicitPrecompiledModules/VideoToolbox-O89EYCEA6J5JIITFH3STYNNH.pcm

SwiftExplicitDependencyGeneratePcm arm64 /Users/builder/Factory/paperloft/evidence/checkouts/p2-checkpoint47fdb2c/build/DerivedData/SDKExplicitPrecompiledModules/Vision-AS86CVA5NQNN1P7JQM9E7HTH7.pcm

SwiftExplicitDependencyGeneratePcm arm64 /Users/builder/Factory/paperloft/evidence/checkouts/p2-checkpoint47fdb2c/build/DerivedData/SDKExplicitPrecompiledModules/MediaToolbox-396Z4AT5RISVZXNTRPSKL8FBP.pcm

SwiftExplicitDependencyGeneratePcm arm64 /Users/builder/Factory/paperloft/evidence/checkouts/p2-checkpoint47fdb2c/build/DerivedData/SDKExplicitPrecompiledModules/AVFAudio-D03FDO4HZ3VVC4IT2EJPPAL01.pcm

SwiftExplicitDependencyGeneratePcm arm64 /Users/builder/Factory/paperloft/evidence/checkouts/p2-checkpoint47fdb2c/build/DerivedData/SDKExplicitPrecompiledModules/AVFoundation-8BYUCTXMHZUBOHEB10ONFFUZ3.pcm

SwiftCompile normal arm64 Compiling\ Assessment.swift,\ Extraction.swift,\ LibraryAccess.swift,\ LibraryFiles.swift,\ LibraryStore.swift,\ Money.swift,\ Receipt.swift,\ ReceiptEngine.swift,\ ReceiptIndex.swift,\ Recognize.swift,\ TextLayout.swift /Users/builder/Factory/paperloft/evidence/checkouts/p2-checkpoint47fdb2c/Packages/PaperloftKit/Sources/PaperloftKit/Assessment.swift /Users/builder/Factory/paperloft/evidence/checkouts/p2-checkpoint47fdb2c/Packages/PaperloftKit/Sources/PaperloftKit/Extraction.swift /Users/builder/Factory/paperloft/evidence/checkouts/p2-checkpoint47fdb2c/Packages/PaperloftKit/Sources/PaperloftKit/LibraryAccess.swift /Users/builder/Factory/paperloft/evidence/checkouts/p2-checkpoint47fdb2c/Packages/PaperloftKit/Sources/PaperloftKit/LibraryFiles.swift /Users/builder/Factory/paperloft/evidence/checkouts/p2-checkpoint47fdb2c/Packages/PaperloftKit/Sources/PaperloftKit/LibraryStore.swift /Users/builder/Factory/paperloft/evidence/checkouts/p2-checkpoint47fdb2c/Packages/PaperloftKit/Sources/PaperloftKit/Money.swift /Users/builder/Factory/paperloft/evidence/checkouts/p2-checkpoint47fdb2c/Packages/PaperloftKit/Sources/PaperloftKit/Receipt.swift /Users/builder/Factory/paperloft/evidence/checkouts/p2-checkpoint47fdb2c/Packages/PaperloftKit/Sources/PaperloftKit/ReceiptEngine.swift /Users/builder/Factory/paperloft/evidence/checkouts/p2-checkpoint47fdb2c/Packages/PaperloftKit/Sources/PaperloftKit/ReceiptIndex.swift /Users/builder/Factory/paperloft/evidence/checkouts/p2-checkpoint47fdb2c/Packages/PaperloftKit/Sources/PaperloftKit/Recognize.swift /Users/builder/Factory/paperloft/evidence/checkouts/p2-checkpoint47fdb2c/Packages/PaperloftKit/Sources/PaperloftKit/TextLayout.swift /Applications/Xcode.app/Contents/Developer/Toolchains/XcodeDefault.xctoolchain/usr/lib/swift/macosx/prebuilt-modules/27.0/_DarwinFoundation3.swiftmodule/arm64e-apple-macos.swiftmodule /Applications/Xcode.app/Contents/Developer/Toolchains/XcodeDefault.xctoolchain/usr/lib/swift/macosx/prebuilt-modules/27.0/CoreAudio.swiftmodule/arm64e-apple-macos.swiftmodule /Applications/Xcode.app/Contents/Developer/Toolchains/XcodeDefault.xctoolchain/usr/lib/swift/macosx/prebuilt-modules/27.0/Combine.swiftmodule/arm64e-apple-macos.swiftmodule /Applications/Xcode.app/Contents/Developer/Toolchains/XcodeDefault.xctoolchain/usr/lib/swift/macosx/prebuilt-modules/27.0/AVFoundation.swiftmodule/arm64e-apple-macos.swiftmodule /Applications/Xcode.app/Contents/Developer/Toolchains/XcodeDefault.xctoolchain/usr/lib/swift/macosx/prebuilt-modules/27.0/AudioToolbox.swiftmodule/arm64e-apple-macos.swiftmodule /Applications/Xcode.app/Contents/Developer/Toolchains/XcodeDefault.xctoolchain/usr/lib/swift/macosx/prebuilt-modules/27.0/AVFAudio.swiftmodule/arm64e-apple-macos.swiftmodule /Applications/Xcode.app/Contents/Developer/Toolchains/XcodeDefault.xctoolchain/usr/lib/swift/macosx/prebuilt-modules/27.0/CryptoKit.swiftmodule/arm64e-apple-macos.swiftmodule /Applications/Xcode.app/Contents/Developer/Toolchains/XcodeDefault.xctoolchain/usr/lib/swift/macosx/prebuilt-modules/27.0/Synchronization.swiftmodule/arm64e-apple-macos.swiftmodule /Applications/Xcode.app/Contents/Developer/Toolchains/XcodeDefault.xctoolchain/usr/lib/swift/macosx/prebuilt-modules/27.0/CoreImage.swiftmodule/arm64e-apple-macos.swiftmodule /Applications/Xcode.app/Contents/Developer/Toolchains/XcodeDefault.xctoolchain/usr/lib/swift/macosx/prebuilt-modules/27.0/UniformTypeIdentifiers.swiftmodule/arm64e-apple-macos.swiftmodule /Applications/Xcode.app/Contents/Developer/Toolchains/XcodeDefault.xctoolchain/usr/lib/swift/macosx/prebuilt-modules/27.0/_Concurrency.swiftmodule/arm64e-apple-macos.swiftmodule /Applications/Xcode.app/Contents/Developer/Toolchains/XcodeDefault.xctoolchain/usr/lib/swift/macosx/prebuilt-modules/27.0/LocalAuthentication.swiftmodule/arm64e-apple-macos.swiftmodule /Applications/Xcode.app/Contents/Developer/Toolchains/XcodeDefault.xctoolchain/usr/lib/swift/macosx/prebuilt-modules/27.0/Dispatch.swiftmodule/arm64e-apple-macos.swiftmodule /Applications/Xcode.app/Contents/Developer/Toolchains/XcodeDefault.xctoolchain/usr/lib/swift/macosx/prebuilt-modules/27.0/System.swiftmodule/arm64e-apple-macos.swiftmodule /Applications/Xcode.app/Contents/Developer/Toolchains/XcodeDefault.xctoolchain/usr/lib/swift/macosx/prebuilt-modules/27.0/CoreVideo.swiftmodule/arm64e-apple-macos.swiftmodule /Applications/Xcode.app/Contents/Developer/Toolchains/XcodeDefault.xctoolchain/usr/lib/swift/macosx/prebuilt-modules/27.0/SwiftData.swiftmodule/arm64e-apple-macos.swiftmodule /Applications/Xcode.app/Contents/Developer/Toolchains/XcodeDefault.xctoolchain/usr/lib/swift/macosx/prebuilt-modules/27.0/Metal.swiftmodule/arm64e-apple-macos.swiftmodule /Applications/Xcode.app/Contents/Developer/Toolchains/XcodeDefault.xctoolchain/usr/lib/swift/macosx/prebuilt-modules/27.0/_DarwinFoundation1.swiftmodule/arm64e-apple-macos.swiftmodule /Applications/Xcode.app/Contents/Developer/Toolchains/XcodeDefault.xctoolchain/usr/lib/swift/macosx/prebuilt-modules/27.0/_Builtin_float.swiftmodule/arm64e-apple-macos.swiftmodule /Applications/Xcode.app/Contents/Developer/Toolchains/XcodeDefault.xctoolchain/usr/lib/swift/macosx/prebuilt-modules/27.0/MediaToolbox.swiftmodule/arm64e-apple-macos.swiftmodule /Applications/Xcode.app/Contents/Developer/Toolchains/XcodeDefault.xctoolchain/usr/lib/swift/macosx/prebuilt-modules/27.0/XPC.swiftmodule/arm64e-apple-macos.swiftmodule /Applications/Xcode.app/Contents/Developer/Toolchains/XcodeDefault.xctoolchain/usr/lib/swift/macosx/prebuilt-modules/27.0/Accelerate.swiftmodule/arm64e-apple-macos.swiftmodule /Applications/Xcode.app/Contents/Developer/Toolchains/XcodeDefault.xctoolchain/usr/lib/swift/macosx/prebuilt-modules/27.0/_StringProcessing.swiftmodule/arm64e-apple-macos.swiftmodule /Applications/Xcode.app/Contents/Developer/Toolchains/XcodeDefault.xctoolchain/usr/lib/swift/macosx/prebuilt-modules/27.0/CoreMIDI.swiftmodule/arm64e-apple-macos.swiftmodule /Applications/Xcode.app/Contents/Developer/Toolchains/XcodeDefault.xctoolchain/usr/lib/swift/macosx/prebuilt-modules/27.0/Foundation.swiftmodule/arm64e-apple-macos.swiftmodule /Applications/Xcode.app/Contents/Developer/Toolchains/XcodeDefault.xctoolchain/usr/lib/swift/macosx/prebuilt-modules/27.0/CoreGraphics.swiftmodule/arm64e-apple-macos.swiftmodule /Applications/Xcode.app/Contents/Developer/Toolchains/XcodeDefault.xctoolchain/usr/lib/swift/macosx/prebuilt-modules/27.0/DataDetection.swiftmodule/arm64e-apple-macos.swiftmodule /Applications/Xcode.app/Contents/Developer/Toolchains/XcodeDefault.xctoolchain/usr/lib/swift/macosx/prebuilt-modules/27.0/CoreFoundation.swiftmodule/arm64e-apple-macos.swiftmodule /Applications/Xcode.app/Contents/Developer/Toolchains/XcodeDefault.xctoolchain/usr/lib/swift/macosx/prebuilt-modules/27.0/VideoToolbox.swiftmodule/arm64e-apple-macos.swiftmodule /Applications/Xcode.app/Contents/Developer/Toolchains/XcodeDefault.xctoolchain/usr/lib/swift/macosx/prebuilt-modules/27.0/Swift.swiftmodule/arm64e-apple-macos.swiftmodule /Applications/Xcode.app/Contents/Developer/Toolchains/XcodeDefault.xctoolchain/usr/lib/swift/macosx/prebuilt-modules/27.0/Compression.swiftmodule/arm64e-apple-macos.swiftmodule /Applications/Xcode.app/Contents/Developer/Toolchains/XcodeDefault.xctoolchain/usr/lib/swift/macosx/prebuilt-modules/27.0/QuartzCore.swiftmodule/arm64e-apple-macos.swiftmodule /Applications/Xcode.app/Contents/Developer/Toolchains/XcodeDefault.xctoolchain/usr/lib/swift/macosx/prebuilt-modules/27.0/CoreMedia.swiftmodule/arm64e-apple-macos.swiftmodule /Applications/Xcode.app/Contents/Developer/Toolchains/XcodeDefault.xctoolchain/usr/lib/swift/macosx/prebuilt-modules/27.0/CoreML.swiftmodule/arm64e-apple-macos.swiftmodule /Applications/Xcode.app/Contents/Developer/Toolchains/XcodeDefault.xctoolchain/usr/lib/swift/macosx/prebuilt-modules/27.0/ImageIO.swiftmodule/arm64e-apple-macos.swiftmodule /Applications/Xcode.app/Contents/Developer/Toolchains/XcodeDefault.xctoolchain/usr/lib/swift/macosx/prebuilt-modules/27.0/Darwin.swiftmodule/arm64e-apple-macos.swiftmodule /Applications/Xcode.app/Contents/Developer/Toolchains/XcodeDefault.xctoolchain/usr/lib/swift/macosx/prebuilt-modules/27.0/Vision.swiftmodule/arm64e-apple-macos.swiftmodule /Applications/Xcode.app/Contents/Developer/Toolchains/XcodeDefault.xctoolchain/usr/lib/swift/macosx/prebuilt-modules/27.0/simd.swiftmodule/arm64e-apple-macos.swiftmodule /Applications/Xcode.app/Contents/Developer/Toolchains/XcodeDefault.xctoolchain/usr/lib/swift/macosx/prebuilt-modules/27.0/Observation.swiftmodule/arm64e-apple-macos.swiftmodule /Applications/Xcode.app/Contents/Developer/Toolchains/XcodeDefault.xctoolchain/usr/lib/swift/macosx/prebuilt-modules/27.0/FoundationModels.swiftmodule/arm64e-apple-macos.swiftmodule /Applications/Xcode.app/Contents/Developer/Toolchains/XcodeDefault.xctoolchain/usr/lib/swift/macosx/prebuilt-modules/27.0/ObjectiveC.swiftmodule/arm64e-apple-macos.swiftmodule /Applications/Xcode.app/Contents/Developer/Toolchains/XcodeDefault.xctoolchain/usr/lib/swift/macosx/prebuilt-modules/27.0/IOKit.swiftmodule/arm64e-apple-macos.swiftmodule /Applications/Xcode.app/Contents/Developer/Toolchains/XcodeDefault.xctoolchain/usr/lib/swift/macosx/prebuilt-modules/27.0/_DarwinFoundation2.swiftmodule/arm64e-apple-macos.swiftmodule /Applications/Xcode.app/Contents/Developer/Toolchains/XcodeDefault.xctoolchain/usr/lib/swift/macosx/prebuilt-modules/27.0/os.swiftmodule/arm64e-apple-macos.swiftmodule /Users/builder/Factory/paperloft/evidence/checkouts/p2-checkpoint47fdb2c/build/DerivedData/SDKExplicitPrecompiledModules/CoreAudio-PIZ3J27JZ0U618BEN42RNYWS.pcm /Users/builder/Factory/paperloft/evidence/checkouts/p2-checkpoint47fdb2c/build/DerivedData/SDKExplicitPrecompiledModules/CoreImage-8LR9INRP44JYCL1EGX89T21Z7.pcm /Users/builder/Factory/paperloft/evidence/checkouts/p2-checkpoint47fdb2c/build/DerivedData/SDKExplicitPrecompiledModules/ImageIO-239W6S9G1NPECOR6GFV7S2JTH.pcm /Users/builder/Factory/paperloft/evidence/checkouts/p2-checkpoint47fdb2c/build/DerivedData/SDKExplicitPrecompiledModules/Darwin-6PP0ONTX09SSVXJOWUK9RHKBX.pcm /Users/builder/Factory/paperloft/evidence/checkouts/p2-checkpoint47fdb2c/build/DerivedData/SDKExplicitPrecompiledModules/_Builtin_float-5K5OMBDYYXXOGXYUIHNK0DQJ0.pcm /Users/builder/Factory/paperloft/evidence/checkouts/p2-checkpoint47fdb2c/build/DerivedData/SDKExplicitPrecompiledModules/MachO-792RUHJ55DI7NRMXJPC3XG9Z0.pcm /Users/builder/Factory/paperloft/evidence/checkouts/p2-checkpoint47fdb2c/build/DerivedData/SDKExplicitPrecompiledModules/DataDetection-3LGOPYTOPSQSCEWT1YZYGPCO6.pcm /Users/builder/Factory/paperloft/evidence/checkouts/p2-checkpoint47fdb2c/build/DerivedData/SDKExplicitPrecompiledModules/CoreText-EOOK0VE6C6DKF2ZUWEUZR91HJ.pcm /Users/builder/Factory/paperloft/evidence/checkouts/p2-checkpoint47fdb2c/build/DerivedData/SDKExplicitPrecompiledModules/Security-4XJRZ9DF9AF1EX7JNVKXW4PUE.pcm /Users/builder/Factory/paperloft/evidence/checkouts/p2-checkpoint47fdb2c/build/DerivedData/SDKExplicitPrecompiledModules/libkern-7S4OQ1X9W0K6D2PG6KGYCFFTB.pcm /Users/builder/Factory/paperloft/evidence/checkouts/p2-checkpoint47fdb2c/build/DerivedData/SDKExplicitPrecompiledModules/DiskArbitration-5D0P6BHU4WJ4UJRF5EI1CLO9T.pcm /Users/builder/Factory/paperloft/evidence/checkouts/p2-checkpoint47fdb2c/build/DerivedData/SDKExplicitPrecompiledModules/Compression-90KYHHIH9E1DDW99YLLJ16231.pcm /Users/builder/Factory/paperloft/evidence/checkouts/p2-checkpoint47fdb2c/build/DerivedData/SDKExplicitPrecompiledModules/OpenGL-2ME88XG6WUV2CQHTENI3W2CBT.pcm /Users/builder/Factory/paperloft/evidence/checkouts/p2-checkpoint47fdb2c/build/DerivedData/SDKExplicitPrecompiledModules/CoreServices-R8PSP42FTEF7QD6QYHH8DLT6.pcm /Users/builder/Factory/paperloft/evidence/checkouts/p2-checkpoint47fdb2c/build/DerivedData/SDKExplicitPrecompiledModules/_Builtin_inttypes-4SI6QQK4VO562JDQVBW6JJEWA.pcm /Users/builder/Factory/paperloft/evidence/checkouts/p2-checkpoint47fdb2c/build/DerivedData/SDKExplicitPrecompiledModules/UniformTypeIdentifiers-2C2JUYBQZ89JEQ1M7IITEAK0Q.pcm /Users/builder/Factory/paperloft/evidence/checkouts/p2-checkpoint47fdb2c/build/DerivedData/SDKExplicitPrecompiledModules/Carbon-8QVV0DXRGBQ1FTV5W400VHF0K.pcm /Users/builder/Factory/paperloft/evidence/checkouts/p2-checkpoint47fdb2c/build/DerivedData/SDKExplicitPrecompiledModules/CUPS-848MQ0787WB56R7YIGKB8550J.pcm /Users/builder/Factory/paperloft/evidence/checkouts/p2-checkpoint47fdb2c/build/DerivedData/SDKExplicitPrecompiledModules/QuartzCore-5RSPY689IXVDOBQRLZNRVD6M1.pcm /Users/builder/Factory/paperloft/evidence/checkouts/p2-checkpoint47fdb2c/build/DerivedData/SDKExplicitPrecompiledModules/XPC-1A2N11I594LYNYZN7Z3RJW3Q0.pcm /Users/builder/Factory/paperloft/evidence/checkouts/p2-checkpoint47fdb2c/build/DerivedData/SDKExplicitPrecompiledModules/IOKit-59RA5RPRB09MU0GLYB5VHROS8.pcm /Users/builder/Factory/paperloft/evidence/checkouts/p2-checkpoint47fdb2c/build/DerivedData/SDKExplicitPrecompiledModules/Metal-5RVYDUGLBFUZRTISPQ4BR88L3.pcm /Users/builder/Factory/paperloft/evidence/checkouts/p2-checkpoint47fdb2c/build/DerivedData/SDKExplicitPrecompiledModules/os_object-1UWG8Q98ZOCQKRNU9NQIA4PBY.pcm /Users/builder/Factory/paperloft/evidence/checkouts/p2-checkpoint47fdb2c/build/DerivedData/SDKExplicitPrecompiledModules/ColorSync-8BRHVI7CAL4Q3KGLYC5QLZ347.pcm /Users/builder/Factory/paperloft/evidence/checkouts/p2-checkpoint47fdb2c/build/DerivedData/SDKExplicitPrecompiledModules/_Builtin_stddef-64TXG6Y4B7WQW5I74E850CJYF.pcm /Users/builder/Factory/paperloft/evidence/checkouts/p2-checkpoint47fdb2c/build/DerivedData/SDKExplicitPrecompiledModules/_SwiftConcurrencyShims-148BIHLYN5LFQUCQ4VMI1MZ8T.pcm /Users/builder/Factory/paperloft/evidence/checkouts/p2-checkpoint47fdb2c/build/DerivedData/SDKExplicitPrecompiledModules/AudioToolbox-CZ8R7P9DJQV38JD85M923ZVXF.pcm /Users/builder/Factory/paperloft/evidence/checkouts/p2-checkpoint47fdb2c/build/DerivedData/SDKExplicitPrecompiledModules/_AvailabilityInternal-AJ7KGA6T58TDO4A09QVFWRCKH.pcm /Users/builder/Factory/paperloft/evidence/checkouts/p2-checkpoint47fdb2c/build/DerivedData/SDKExplicitPrecompiledModules/_Builtin_stdarg-GO07V58NSNTVKXT0FG25Y4FZ.pcm /Users/builder/Factory/paperloft/evidence/checkouts/p2-checkpoint47fdb2c/build/DerivedData/SDKExplicitPrecompiledModules/_Builtin_stdatomic-BOJCX4H0NQBB5ON8W27XP0DNT.pcm /Users/builder/Factory/paperloft/evidence/checkouts/p2-checkpoint47fdb2c/build/DerivedData/SDKExplicitPrecompiledModules/launch-7L358F4FJNUM43L4SD2GZBPIZ.pcm /Users/builder/Factory/paperloft/evidence/checkouts/p2-checkpoint47fdb2c/build/DerivedData/SDKExplicitPrecompiledModules/CoreVideo-1581ATSEAQ2E4WWI6ZJR6J6KP.pcm /Users/builder/Factory/paperloft/evidence/checkouts/p2-checkpoint47fdb2c/build/DerivedData/SDKExplicitPrecompiledModules/Accelerate-EXEL82OX7FOB2G9CRM8CSI4E2.pcm /Users/builder/Factory/paperloft/evidence/checkouts/p2-checkpoint47fdb2c/build/DerivedData/SDKExplicitPrecompiledModules/_Builtin_limits-4Q3RAFHNM6IBFE8L3QJ37Z4B1.pcm /Users/builder/Factory/paperloft/evidence/checkouts/p2-checkpoint47fdb2c/build/DerivedData/SDKExplicitPrecompiledModules/Foundation-6MZY1B76BZXR4KZUQGJGHT0ON.pcm /Users/builder/Factory/paperloft/evidence/checkouts/p2-checkpoint47fdb2c/build/DerivedData/SDKExplicitPrecompiledModules/sys_types-TZS4IHPG7U7SAKEZC30EM8BM.pcm /Users/builder/Factory/paperloft/evidence/checkouts/p2-checkpoint47fdb2c/build/DerivedData/SDKExplicitPrecompiledModules/os_workgroup-9WITT3SGUS678Q5KPO0GH7U32.pcm /Users/builder/Factory/paperloft/evidence/checkouts/p2-checkpoint47fdb2c/build/DerivedData/SDKExplicitPrecompiledModules/AVFAudio-D03FDO4HZ3VVC4IT2EJPPAL01.pcm /Users/builder/Factory/paperloft/evidence/checkouts/p2-checkpoint47fdb2c/build/DerivedData/SDKExplicitPrecompiledModules/VideoToolbox-O89EYCEA6J5JIITFH3STYNNH.pcm /Users/builder/Factory/paperloft/evidence/checkouts/p2-checkpoint47fdb2c/build/DerivedData/SDKExplicitPrecompiledModules/os-4TAFPJ4787SZ9FE00LV0JF5ZT.pcm /Users/builder/Factory/paperloft/evidence/checkouts/p2-checkpoint47fdb2c/build/DerivedData/SDKExplicitPrecompiledModules/AVFoundation-8BYUCTXMHZUBOHEB10ONFFUZ3.pcm /Users/builder/Factory/paperloft/evidence/checkouts/p2-checkpoint47fdb2c/build/DerivedData/SDKExplicitPrecompiledModules/LocalAuthentication-7Y9JPZ7MV8QWYMP6752MJJ17K.pcm /Users/builder/Factory/paperloft/evidence/checkouts/p2-checkpoint47fdb2c/build/DerivedData/SDKExplicitPrecompiledModules/string_h-1FC7S1NDRVGHWR156I9URDVUL.pcm /Users/builder/Factory/paperloft/evidence/checkouts/p2-checkpoint47fdb2c/build/DerivedData/SDKExplicitPrecompiledModules/IOSurface-7SAPYN7JJQ5OBCL5P91W7MLGK.pcm /Users/builder/Factory/paperloft/evidence/checkouts/p2-checkpoint47fdb2c/build/DerivedData/SDKExplicitPrecompiledModules/ptrauth-2PIE7E0O7DJQPIM77YAKZUSLW.pcm /Users/builder/Factory/paperloft/evidence/checkouts/p2-checkpoint47fdb2c/build/DerivedData/SDKExplicitPrecompiledModules/Vision-AS86CVA5NQNN1P7JQM9E7HTH7.pcm /Users/builder/Factory/paperloft/evidence/checkouts/p2-checkpoint47fdb2c/build/DerivedData/SDKExplicitPrecompiledModules/ObjectiveC-CY50DG5ZSUGZVFZR07YAGJVGR.pcm /Users/builder/Factory/paperloft/evidence/checkouts/p2-checkpoint47fdb2c/build/DerivedData/SDKExplicitPrecompiledModules/libDER-1XGMWFMJBP4TJFJFE4OBQAW8J.pcm /Users/builder/Factory/paperloft/evidence/checkouts/p2-checkpoint47fdb2c/build/DerivedData/SDKExplicitPrecompiledModules/CFNetwork-61UXX921XTABSSOOWHJVD5W5I.pcm /Users/builder/Factory/paperloft/evidence/checkouts/p2-checkpoint47fdb2c/build/DerivedData/SDKExplicitPrecompiledModules/_Builtin_tgmath-5H3T7756LLPMA5G58Z9JP0FCV.pcm /Users/builder/Factory/paperloft/evidence/checkouts/p2-checkpoint47fdb2c/build/DerivedData/SDKExplicitPrecompiledModules/_Builtin_stdbool-24CVV6N9EHIHLX12WMWZNMY9X.pcm /Users/builder/Factory/paperloft/evidence/checkouts/p2-checkpoint47fdb2c/build/DerivedData/SDKExplicitPrecompiledModules/CoreGraphics-CC2L61L0QXXU5K83OP9GYB0JM.pcm /Users/builder/Factory/paperloft/evidence/checkouts/p2-checkpoint47fdb2c/build/DerivedData/SDKExplicitPrecompiledModules/_Builtin_stdint-30NIXI3S5XADI9AF50Y6HN5P4.pcm /Users/builder/Factory/paperloft/evidence/checkouts/p2-checkpoint47fdb2c/build/DerivedData/SDKExplicitPrecompiledModules/_DarwinFoundation3-5I56GXQWF5E0UO693W2U2A37U.pcm /Users/builder/Factory/paperloft/evidence/checkouts/p2-checkpoint47fdb2c/build/DerivedData/SDKExplicitPrecompiledModules/CoreAudioTypes-6HZRRXZANZW073DOPDR8VM531.pcm /Users/builder/Factory/paperloft/evidence/checkouts/p2-checkpoint47fdb2c/build/DerivedData/SDKExplicitPrecompiledModules/simd-RX2NY8X1JP51L49HOM53O6FO.pcm /Users/builder/Factory/paperloft/evidence/checkouts/p2-checkpoint47fdb2c/build/DerivedData/SDKExplicitPrecompiledModules/ptrcheck-95KFQQRQCEMH8DOYQF2RUYMKS.pcm /Users/builder/Factory/paperloft/evidence/checkouts/p2-checkpoint47fdb2c/build/DerivedData/SDKExplicitPrecompiledModules/CoreMedia-UQUIHD2ZDRK10RH2N3CMG55B.pcm /Users/builder/Factory/paperloft/evidence/checkouts/p2-checkpoint47fdb2c/build/DerivedData/SDKExplicitPrecompiledModules/CoreFoundation-1SR96HJ257ZHEYKXDDZRBAI9B.pcm /Users/builder/Factory/paperloft/evidence/checkouts/p2-checkpoint47fdb2c/build/DerivedData/SDKExplicitPrecompiledModules/_DarwinFoundation2-2S316IETH6T5LZW3MAGN4MI4M.pcm /Users/builder/Factory/paperloft/evidence/checkouts/p2-checkpoint47fdb2c/build/DerivedData/SDKExplicitPrecompiledModules/CoreML-AFC0IA53RDD8L409W1Y1C0B8M.pcm /Users/builder/Factory/paperloft/evidence/checkouts/p2-checkpoint47fdb2c/build/DerivedData/SDKExplicitPrecompiledModules/Dispatch-4Y6CNIDM2QJKLO02RFJJLJQ3I.pcm /Users/builder/Factory/paperloft/evidence/checkouts/p2-checkpoint47fdb2c/build/DerivedData/SDKExplicitPrecompiledModules/ApplicationServices-9Q1K003S4L1X15EY2SHSPL71W.pcm /Users/builder/Factory/paperloft/evidence/checkouts/p2-checkpoint47fdb2c/build/DerivedData/SDKExplicitPrecompiledModules/_Builtin_intrinsics-B649KVASN7O76HBE7XRM8R9IN.pcm /Users/builder/Factory/paperloft/evidence/checkouts/p2-checkpoint47fdb2c/build/DerivedData/SDKExplicitPrecompiledModules/CoreMIDI-4Z3D52NUFD6XR06ECXSIAHG4Q.pcm /Users/builder/Factory/paperloft/evidence/checkouts/p2-checkpoint47fdb2c/build/DerivedData/SDKExplicitPrecompiledModules/MediaToolbox-396Z4AT5RISVZXNTRPSKL8FBP.pcm /Users/builder/Factory/paperloft/evidence/checkouts/p2-checkpoint47fdb2c/build/DerivedData/SDKExplicitPrecompiledModules/SwiftShims-C9KHBXJU54LNVZSL84K5NIFDW.pcm /Users/builder/Factory/paperloft/evidence/checkouts/p2-checkpoint47fdb2c/build/DerivedData/SDKExplicitPrecompiledModules/_DarwinFoundation1-CHXZQ3BJIN84LJD6ECIOSAFHE.pcm /Users/builder/Factory/paperloft/evidence/checkouts/p2-checkpoint47fdb2c/build/DerivedData/Build/Intermediates.noindex/PaperloftKit.build/Release/PaperloftKit-t.build/Objects-normal/arm64/PaperloftKit-dependencies-1.json (in target 'PaperloftKit' from project 'PaperloftKit')

SwiftCompile normal arm64 (in target 'PaperloftKit' from project 'PaperloftKit')
    cd /Users/builder/Factory/paperloft/evidence/checkouts/p2-checkpoint47fdb2c/Paperloft.xcodeproj
    

SwiftDriverJobDiscovery normal arm64 Compiling Assessment.swift, Extraction.swift, LibraryAccess.swift, LibraryFiles.swift, LibraryStore.swift, Money.swift, Receipt.swift, ReceiptEngine.swift, ReceiptIndex.swift, Recognize.swift, TextLayout.swift (in target 'PaperloftKit' from project 'PaperloftKit')

SwiftDriver\ Compilation\ Requirements PaperloftKit normal arm64 com.apple.xcode.tools.swift.compiler (in target 'PaperloftKit' from project 'PaperloftKit')
    cd /Users/builder/Factory/paperloft/evidence/checkouts/p2-checkpoint47fdb2c/Paperloft.xcodeproj
    builtin-Swift-Compilation-Requirements -- /Applications/Xcode.app/Contents/Developer/Toolchains/XcodeDefault.xctoolchain/usr/bin/swiftc -parse-as-library -module-name PaperloftKit -O -whole-module-optimization @/Users/builder/Factory/paperloft/evidence/checkouts/p2-checkpoint47fdb2c/build/DerivedData/Build/Intermediates.noindex/PaperloftKit.build/Release/PaperloftKit-t.build/Objects-normal/arm64/PaperloftKit.SwiftFileList -DSWIFT_PACKAGE -DSWIFT_MODULE_RESOURCE_BUNDLE_UNAVAILABLE -DXcode -plugin-path /Applications/Xcode.app/Contents/Developer/Toolchains/XcodeDefault.xctoolchain/usr/lib/swift/host/plugins/testing -enable-experimental-feature DebugDescriptionMacro -sdk /Applications/Xcode.app/Contents/Developer/Platforms/MacOSX.platform/Developer/SDKs/MacOSX27.0.sdk -target arm64-apple-macos27.0 -g -module-cache-path /Users/builder/Factory/paperloft/evidence/checkouts/p2-checkpoint47fdb2c/build/DerivedData/ModuleCache.noindex -Xfrontend -serialize-debugging-options -profile-coverage-mapping -profile-generate -warnings-as-errors -swift-version 6 -I /Users/builder/Factory/paperloft/evidence/checkouts/p2-checkpoint47fdb2c/build/DerivedData/Build/Products/Release -Isystem /Applications/Xcode.app/Contents/Developer/Platforms/MacOSX.platform/Developer/usr/lib -F /Users/builder/Factory/paperloft/evidence/checkouts/p2-checkpoint47fdb2c/build/DerivedData/Build/Products/Release -F /Applications/Xcode.app/Contents/Developer/Platforms/MacOSX.platform/Developer/Library/Frameworks -c -num-threads 10 -Xcc -ivfsstatcache -Xcc /Users/builder/Factory/paperloft/evidence/checkouts/p2-checkpoint47fdb2c/build/DerivedData/SDKStatCaches.noindex/macosx27.0-26A425-7231f6df4def33e022ae2eb8f782df1a.sdkstatcache -output-file-map /Users/builder/Factory/paperloft/evidence/checkouts/p2-checkpoint47fdb2c/build/DerivedData/Build/Intermediates.noindex/PaperloftKit.build/Release/PaperloftKit-t.build/Objects-normal/arm64/PaperloftKit-OutputFileMap.json -save-temps -no-color-diagnostics -explicit-module-build -module-cache-path /Users/builder/Factory/paperloft/evidence/checkouts/p2-checkpoint47fdb2c/build/DerivedData/Build/Intermediates.noindex/SwiftExplicitPrecompiledModules -clang-scanner-module-cache-path /Users/builder/Factory/paperloft/evidence/checkouts/p2-checkpoint47fdb2c/build/DerivedData/ModuleCache.noindex -sdk-module-cache-path /Users/builder/Factory/paperloft/evidence/checkouts/p2-checkpoint47fdb2c/build/DerivedData/SDKExplicitPrecompiledModules -emit-dependencies -emit-module -emit-module-path /Users/builder/Factory/paperloft/evidence/checkouts/p2-checkpoint47fdb2c/build/DerivedData/Build/Intermediates.noindex/PaperloftKit.build/Release/PaperloftKit-t.build/Objects-normal/arm64/PaperloftKit.swiftmodule -serialize-diagnostics -dependency-scan-serialize-diagnostics-path /Users/builder/Factory/paperloft/evidence/checkouts/p2-checkpoint47fdb2c/build/DerivedData/Build/Intermediates.noindex/PaperloftKit.build/Release/PaperloftKit-t.build/Objects-normal/arm64/PaperloftKit-dependency-scan.dia -validate-clang-modules-once -clang-build-session-file /Users/builder/Factory/paperloft/evidence/checkouts/p2-checkpoint47fdb2c/build/DerivedData/ModuleCache.noindex/Session.modulevalidation -Xcc -fmodules-prune-interval\=86400 -Xcc -fmodules-prune-after\=345600 -package-name paperloftkit -emit-const-values -const-gather-protocols-list /Users/builder/Factory/paperloft/evidence/checkouts/p2-checkpoint47fdb2c/build/DerivedData/Build/Intermediates.noindex/PaperloftKit.build/Release/PaperloftKit-t.build/Objects-normal/arm64/PaperloftKit_const_extract_protocols.json -Xcc -I/Users/builder/Factory/paperloft/evidence/checkouts/p2-checkpoint47fdb2c/build/DerivedData/Build/Products/Release/include -Xcc -I/Users/builder/Factory/paperloft/evidence/checkouts/p2-checkpoint47fdb2c/build/DerivedData/Build/Intermediates.noindex/PaperloftKit.build/Release/PaperloftKit-t.build/DerivedSources-normal/arm64 -Xcc -I/Users/builder/Factory/paperloft/evidence/checkouts/p2-checkpoint47fdb2c/build/DerivedData/Build/Intermediates.noindex/PaperloftKit.build/Release/PaperloftKit-t.build/DerivedSources/arm64 -Xcc -I/Users/builder/Factory/paperloft/evidence/checkouts/p2-checkpoint47fdb2c/build/DerivedData/Build/Intermediates.noindex/PaperloftKit.build/Release/PaperloftKit-t.build/DerivedSources -Xcc -DSWIFT_PACKAGE -emit-objc-header -emit-objc-header-path /Users/builder/Factory/paperloft/evidence/checkouts/p2-checkpoint47fdb2c/build/DerivedData/Build/Intermediates.noindex/PaperloftKit.build/Release/PaperloftKit-t.build/Objects-normal/arm64/PaperloftKit-Swift.h -working-directory /Users/builder/Factory/paperloft/evidence/checkouts/p2-checkpoint47fdb2c/Paperloft.xcodeproj -no-emit-module-separately-wmo

SwiftMergeGeneratedHeaders /Users/builder/Factory/paperloft/evidence/checkouts/p2-checkpoint47fdb2c/build/DerivedData/Build/Intermediates.noindex/GeneratedModuleMaps/PaperloftKit-Swift.h /Users/builder/Factory/paperloft/evidence/checkouts/p2-checkpoint47fdb2c/build/DerivedData/Build/Intermediates.noindex/PaperloftKit.build/Release/PaperloftKit-t.build/Objects-normal/arm64/PaperloftKit-Swift.h (in target 'PaperloftKit' from project 'PaperloftKit')
    cd /Users/builder/Factory/paperloft/evidence/checkouts/p2-checkpoint47fdb2c/Packages/PaperloftKit
    builtin-swiftHeaderTool -arch arm64 /Users/builder/Factory/paperloft/evidence/checkouts/p2-checkpoint47fdb2c/build/DerivedData/Build/Intermediates.noindex/PaperloftKit.build/Release/PaperloftKit-t.build/Objects-normal/arm64/PaperloftKit-Swift.h -o /Users/builder/Factory/paperloft/evidence/checkouts/p2-checkpoint47fdb2c/build/DerivedData/Build/Intermediates.noindex/GeneratedModuleMaps/PaperloftKit-Swift.h

Copy /Users/builder/Factory/paperloft/evidence/checkouts/p2-checkpoint47fdb2c/build/DerivedData/Build/Products/Release/PaperloftKit.swiftmodule/arm64-apple-macos.swiftmodule /Users/builder/Factory/paperloft/evidence/checkouts/p2-checkpoint47fdb2c/build/DerivedData/Build/Intermediates.noindex/PaperloftKit.build/Release/PaperloftKit-t.build/Objects-normal/arm64/PaperloftKit.swiftmodule (in target 'PaperloftKit' from project 'PaperloftKit')
    cd /Users/builder/Factory/paperloft/evidence/checkouts/p2-checkpoint47fdb2c/Packages/PaperloftKit
    builtin-copy -exclude .DS_Store -exclude CVS -exclude .svn -exclude .git -exclude .hg -strip-unsigned-binaries -strip-deterministic -strip-tool /Applications/Xcode.app/Contents/Developer/Toolchains/XcodeDefault.xctoolchain/usr/bin/strip -resolve-src-symlinks -rename /Users/builder/Factory/paperloft/evidence/checkouts/p2-checkpoint47fdb2c/build/DerivedData/Build/Intermediates.noindex/PaperloftKit.build/Release/PaperloftKit-t.build/Objects-normal/arm64/PaperloftKit.swiftmodule /Users/builder/Factory/paperloft/evidence/checkouts/p2-checkpoint47fdb2c/build/DerivedData/Build/Products/Release/PaperloftKit.swiftmodule/arm64-apple-macos.swiftmodule

Copy /Users/builder/Factory/paperloft/evidence/checkouts/p2-checkpoint47fdb2c/build/DerivedData/Build/Products/Release/PaperloftKit.swiftmodule/arm64-apple-macos.abi.json /Users/builder/Factory/paperloft/evidence/checkouts/p2-checkpoint47fdb2c/build/DerivedData/Build/Intermediates.noindex/PaperloftKit.build/Release/PaperloftKit-t.build/Objects-normal/arm64/PaperloftKit.abi.json (in target 'PaperloftKit' from project 'PaperloftKit')
    cd /Users/builder/Factory/paperloft/evidence/checkouts/p2-checkpoint47fdb2c/Packages/PaperloftKit
    builtin-copy -exclude .DS_Store -exclude CVS -exclude .svn -exclude .git -exclude .hg -strip-unsigned-binaries -strip-deterministic -strip-tool /Applications/Xcode.app/Contents/Developer/Toolchains/XcodeDefault.xctoolchain/usr/bin/strip -resolve-src-symlinks -rename /Users/builder/Factory/paperloft/evidence/checkouts/p2-checkpoint47fdb2c/build/DerivedData/Build/Intermediates.noindex/PaperloftKit.build/Release/PaperloftKit-t.build/Objects-normal/arm64/PaperloftKit.abi.json /Users/builder/Factory/paperloft/evidence/checkouts/p2-checkpoint47fdb2c/build/DerivedData/Build/Products/Release/PaperloftKit.swiftmodule/arm64-apple-macos.abi.json

Copy /Users/builder/Factory/paperloft/evidence/checkouts/p2-checkpoint47fdb2c/build/DerivedData/Build/Products/Release/PaperloftKit.swiftmodule/arm64-apple-macos.swiftdoc /Users/builder/Factory/paperloft/evidence/checkouts/p2-checkpoint47fdb2c/build/DerivedData/Build/Intermediates.noindex/PaperloftKit.build/Release/PaperloftKit-t.build/Objects-normal/arm64/PaperloftKit.swiftdoc (in target 'PaperloftKit' from project 'PaperloftKit')
    cd /Users/builder/Factory/paperloft/evidence/checkouts/p2-checkpoint47fdb2c/Packages/PaperloftKit
    builtin-copy -exclude .DS_Store -exclude CVS -exclude .svn -exclude .git -exclude .hg -strip-unsigned-binaries -strip-deterministic -strip-tool /Applications/Xcode.app/Contents/Developer/Toolchains/XcodeDefault.xctoolchain/usr/bin/strip -resolve-src-symlinks -rename /Users/builder/Factory/paperloft/evidence/checkouts/p2-checkpoint47fdb2c/build/DerivedData/Build/Intermediates.noindex/PaperloftKit.build/Release/PaperloftKit-t.build/Objects-normal/arm64/PaperloftKit.swiftdoc /Users/builder/Factory/paperloft/evidence/checkouts/p2-checkpoint47fdb2c/build/DerivedData/Build/Products/Release/PaperloftKit.swiftmodule/arm64-apple-macos.swiftdoc

Ld /Users/builder/Factory/paperloft/evidence/checkouts/p2-checkpoint47fdb2c/build/DerivedData/Build/Products/Release/PaperloftKit.o normal (in target 'PaperloftKit' from project 'PaperloftKit')
    cd /Users/builder/Factory/paperloft/evidence/checkouts/p2-checkpoint47fdb2c/Packages/PaperloftKit
    /Applications/Xcode.app/Contents/Developer/Toolchains/XcodeDefault.xctoolchain/usr/bin/clang -Xlinker -reproducible -target arm64-apple-macos27.0 -r -isysroot /Applications/Xcode.app/Contents/Developer/Platforms/MacOSX.platform/Developer/SDKs/MacOSX27.0.sdk -Os -Xlinker -no_warn_duplicate_libraries -F/Users/builder/Factory/paperloft/evidence/checkouts/p2-checkpoint47fdb2c/build/DerivedData/Build/Intermediates.noindex/EagerLinkingTBDs/Release -F/Users/builder/Factory/paperloft/evidence/checkouts/p2-checkpoint47fdb2c/build/DerivedData/Build/Products/Release -iframework /Applications/Xcode.app/Contents/Developer/Platforms/MacOSX.platform/Developer/Library/Frameworks -filelist /Users/builder/Factory/paperloft/evidence/checkouts/p2-checkpoint47fdb2c/build/DerivedData/Build/Intermediates.noindex/PaperloftKit.build/Release/PaperloftKit-t.build/Objects-normal/arm64/PaperloftKit.LinkFileList -nostdlib -Xlinker -object_path_lto -Xlinker /Users/builder/Factory/paperloft/evidence/checkouts/p2-checkpoint47fdb2c/build/DerivedData/Build/Intermediates.noindex/PaperloftKit.build/Release/PaperloftKit-t.build/Objects-normal/arm64/PaperloftKit_lto.o -Xlinker -debug_variant -Xlinker -dependency_info -Xlinker /Users/builder/Factory/paperloft/evidence/checkouts/p2-checkpoint47fdb2c/build/DerivedData/Build/Intermediates.noindex/PaperloftKit.build/Release/PaperloftKit-t.build/Objects-normal/arm64/PaperloftKit_dependency_info.dat -fobjc-link-runtime -L/Applications/Xcode.app/Contents/Developer/Toolchains/XcodeDefault.xctoolchain/usr/lib/swift/macosx -L/usr/lib/swift -Xlinker -add_ast_path -Xlinker /Users/builder/Factory/paperloft/evidence/checkouts/p2-checkpoint47fdb2c/build/DerivedData/Build/Intermediates.noindex/PaperloftKit.build/Release/PaperloftKit-t.build/Objects-normal/arm64/PaperloftKit.swiftmodule -o /Users/builder/Factory/paperloft/evidence/checkouts/p2-checkpoint47fdb2c/build/DerivedData/Build/Products/Release/PaperloftKit.o

ProcessProductPackaging /Users/builder/Factory/paperloft/evidence/checkouts/p2-checkpoint47fdb2c/Apps/PaperloftApp/Paperloft.entitlements /Users/builder/Factory/paperloft/evidence/checkouts/p2-checkpoint47fdb2c/build/DerivedData/Build/Intermediates.noindex/Paperloft.build/Release/PaperloftApp.build/Paperloft\ Receipts.app.xcent (in target 'PaperloftApp' from project 'Paperloft')
    cd /Users/builder/Factory/paperloft/evidence/checkouts/p2-checkpoint47fdb2c
    
    Entitlements:
    
    {
    "com.apple.security.app-sandbox" = 1;
    "com.apple.security.files.bookmarks.app-scope" = 1;
    "com.apple.security.files.user-selected.read-write" = 1;
    "com.apple.security.get-task-allow" = 1;
}
    
    builtin-productPackagingUtility /Users/builder/Factory/paperloft/evidence/checkouts/p2-checkpoint47fdb2c/Apps/PaperloftApp/Paperloft.entitlements -entitlements -format xml -o /Users/builder/Factory/paperloft/evidence/checkouts/p2-checkpoint47fdb2c/build/DerivedData/Build/Intermediates.noindex/Paperloft.build/Release/PaperloftApp.build/Paperloft\ Receipts.app.xcent

ProcessProductPackagingDER /Users/builder/Factory/paperloft/evidence/checkouts/p2-checkpoint47fdb2c/build/DerivedData/Build/Intermediates.noindex/Paperloft.build/Release/PaperloftApp.build/Paperloft\ Receipts.app.xcent /Users/builder/Factory/paperloft/evidence/checkouts/p2-checkpoint47fdb2c/build/DerivedData/Build/Intermediates.noindex/Paperloft.build/Release/PaperloftApp.build/Paperloft\ Receipts.app.xcent.der (in target 'PaperloftApp' from project 'Paperloft')
    cd /Users/builder/Factory/paperloft/evidence/checkouts/p2-checkpoint47fdb2c
    /usr/bin/derq query -f xml -i /Users/builder/Factory/paperloft/evidence/checkouts/p2-checkpoint47fdb2c/build/DerivedData/Build/Intermediates.noindex/Paperloft.build/Release/PaperloftApp.build/Paperloft\ Receipts.app.xcent -o /Users/builder/Factory/paperloft/evidence/checkouts/p2-checkpoint47fdb2c/build/DerivedData/Build/Intermediates.noindex/Paperloft.build/Release/PaperloftApp.build/Paperloft\ Receipts.app.xcent.der --raw

SwiftDriver PaperloftApp normal arm64 com.apple.xcode.tools.swift.compiler (in target 'PaperloftApp' from project 'Paperloft')
    cd /Users/builder/Factory/paperloft/evidence/checkouts/p2-checkpoint47fdb2c
    builtin-SwiftDriver -- /Applications/Xcode.app/Contents/Developer/Toolchains/XcodeDefault.xctoolchain/usr/bin/swiftc -module-name Paperloft_Receipts -O @/Users/builder/Factory/paperloft/evidence/checkouts/p2-checkpoint47fdb2c/build/DerivedData/Build/Intermediates.noindex/Paperloft.build/Release/PaperloftApp.build/Objects-normal/arm64/Paperloft\ Receipts.SwiftFileList -enable-experimental-feature DebugDescriptionMacro -sdk /Applications/Xcode.app/Contents/Developer/Platforms/MacOSX.platform/Developer/SDKs/MacOSX27.0.sdk -target arm64-apple-macos27.0 -g -module-cache-path /Users/builder/Factory/paperloft/evidence/checkouts/p2-checkpoint47fdb2c/build/DerivedData/ModuleCache.noindex -Xfrontend -serialize-debugging-options -profile-coverage-mapping -profile-generate -warnings-as-errors -swift-version 6 -I /Users/builder/Factory/paperloft/evidence/checkouts/p2-checkpoint47fdb2c/build/DerivedData/Build/Products/Release -F /Users/builder/Factory/paperloft/evidence/checkouts/p2-checkpoint47fdb2c/build/DerivedData/Build/Products/Release/PackageFrameworks -F /Users/builder/Factory/paperloft/evidence/checkouts/p2-checkpoint47fdb2c/build/DerivedData/Build/Products/Release -parse-as-library -c -j10 -enable-batch-mode -incremental -Xcc -ivfsstatcache -Xcc /Users/builder/Factory/paperloft/evidence/checkouts/p2-checkpoint47fdb2c/build/DerivedData/SDKStatCaches.noindex/macosx27.0-26A425-7231f6df4def33e022ae2eb8f782df1a.sdkstatcache -output-file-map /Users/builder/Factory/paperloft/evidence/checkouts/p2-checkpoint47fdb2c/build/DerivedData/Build/Intermediates.noindex/Paperloft.build/Release/PaperloftApp.build/Objects-normal/arm64/PaperloftApp-OutputFileMap.json -save-temps -no-color-diagnostics -explicit-module-build -module-cache-path /Users/builder/Factory/paperloft/evidence/checkouts/p2-checkpoint47fdb2c/build/DerivedData/Build/Intermediates.noindex/SwiftExplicitPrecompiledModules -clang-scanner-module-cache-path /Users/builder/Factory/paperloft/evidence/checkouts/p2-checkpoint47fdb2c/build/DerivedData/ModuleCache.noindex -sdk-module-cache-path /Users/builder/Factory/paperloft/evidence/checkouts/p2-checkpoint47fdb2c/build/DerivedData/SDKExplicitPrecompiledModules -emit-dependencies -emit-module -emit-module-path /Users/builder/Factory/paperloft/evidence/checkouts/p2-checkpoint47fdb2c/build/DerivedData/Build/Intermediates.noindex/Paperloft.build/Release/PaperloftApp.build/Objects-normal/arm64/Paperloft_Receipts.swiftmodule -serialize-diagnostics -dependency-scan-serialize-diagnostics-path /Users/builder/Factory/paperloft/evidence/checkouts/p2-checkpoint47fdb2c/build/DerivedData/Build/Intermediates.noindex/Paperloft.build/Release/PaperloftApp.build/Objects-normal/arm64/Paperloft_Receipts-dependency-scan.dia -validate-clang-modules-once -clang-build-session-file /Users/builder/Factory/paperloft/evidence/checkouts/p2-checkpoint47fdb2c/build/DerivedData/ModuleCache.noindex/Session.modulevalidation -Xcc -fmodules-prune-interval\=86400 -Xcc -fmodules-prune-after\=345600 -emit-const-values -const-gather-protocols-list /Users/builder/Factory/paperloft/evidence/checkouts/p2-checkpoint47fdb2c/build/DerivedData/Build/Intermediates.noindex/Paperloft.build/Release/PaperloftApp.build/Objects-normal/arm64/PaperloftApp_const_extract_protocols.json -Xcc -iquote -Xcc /Users/builder/Factory/paperloft/evidence/checkouts/p2-checkpoint47fdb2c/build/DerivedData/Build/Intermediates.noindex/Paperloft.build/Release/PaperloftApp.build/Paperloft\ Receipts-generated-files.hmap -Xcc -I/Users/builder/Factory/paperloft/evidence/checkouts/p2-checkpoint47fdb2c/build/DerivedData/Build/Intermediates.noindex/Paperloft.build/Release/PaperloftApp.build/Paperloft\ Receipts-own-target-headers.hmap -Xcc -I/Users/builder/Factory/paperloft/evidence/checkouts/p2-checkpoint47fdb2c/build/DerivedData/Build/Intermediates.noindex/Paperloft.build/Release/PaperloftApp.build/Paperloft\ Receipts-all-non-framework-target-headers.hmap -Xcc -ivfsoverlay -Xcc /Users/builder/Factory/paperloft/evidence/checkouts/p2-checkpoint47fdb2c/build/DerivedData/Build/Intermediates.noindex/Paperloft.build/Release/Paperloft-b93ddc6bcd4d234a5473ab01ad3589c4-VFS/all-product-headers.yaml -Xcc -iquote -Xcc /Users/builder/Factory/paperloft/evidence/checkouts/p2-checkpoint47fdb2c/build/DerivedData/Build/Intermediates.noindex/Paperloft.build/Release/PaperloftApp.build/Paperloft\ Receipts-project-headers.hmap -Xcc -I/Users/builder/Factory/paperloft/evidence/checkouts/p2-checkpoint47fdb2c/build/DerivedData/Build/Products/Release/include -Xcc -I/Users/builder/Factory/paperloft/evidence/checkouts/p2-checkpoint47fdb2c/build/DerivedData/Build/Intermediates.noindex/Paperloft.build/Release/PaperloftApp.build/DerivedSources-normal/arm64 -Xcc -I/Users/builder/Factory/paperloft/evidence/checkouts/p2-checkpoint47fdb2c/build/DerivedData/Build/Intermediates.noindex/Paperloft.build/Release/PaperloftApp.build/DerivedSources/arm64 -Xcc -I/Users/builder/Factory/paperloft/evidence/checkouts/p2-checkpoint47fdb2c/build/DerivedData/Build/Intermediates.noindex/Paperloft.build/Release/PaperloftApp.build/DerivedSources -emit-objc-header -emit-objc-header-path /Users/builder/Factory/paperloft/evidence/checkouts/p2-checkpoint47fdb2c/build/DerivedData/Build/Intermediates.noindex/Paperloft.build/Release/PaperloftApp.build/Objects-normal/arm64/Paperloft_Receipts-Swift.h -working-directory /Users/builder/Factory/paperloft/evidence/checkouts/p2-checkpoint47fdb2c -experimental-emit-module-separately -disable-cmo

ExtractAppIntentsMetadata (in target 'PaperloftKit' from project 'PaperloftKit')
    cd /Users/builder/Factory/paperloft/evidence/checkouts/p2-checkpoint47fdb2c/Packages/PaperloftKit
    /Applications/Xcode.app/Contents/Developer/Toolchains/XcodeDefault.xctoolchain/usr/bin/appintentsmetadataprocessor --toolchain-dir /Applications/Xcode.app/Contents/Developer/Toolchains/XcodeDefault.xctoolchain --module-name PaperloftKit --sdk-root /Applications/Xcode.app/Contents/Developer/Platforms/MacOSX.platform/Developer/SDKs/MacOSX27.0.sdk --xcode-version 27A266a --platform-family macOS --deployment-target 27.0 --bundle-identifier paperloftkit.PaperloftKit --output /Users/builder/Factory/paperloft/evidence/checkouts/p2-checkpoint47fdb2c/build/DerivedData/Build/Products/Release/PaperloftKit.appintents --target-triple arm64-apple-macos27.0 --binary-file /Users/builder/Factory/paperloft/evidence/checkouts/p2-checkpoint47fdb2c/build/DerivedData/Build/Products/Release/PaperloftKit.o --dependency-file /Users/builder/Factory/paperloft/evidence/checkouts/p2-checkpoint47fdb2c/build/DerivedData/Build/Intermediates.noindex/PaperloftKit.build/Release/PaperloftKit-t.build/Objects-normal/arm64/PaperloftKit_dependency_info.dat --stringsdata-file /Users/builder/Factory/paperloft/evidence/checkouts/p2-checkpoint47fdb2c/build/DerivedData/Build/Intermediates.noindex/PaperloftKit.build/Release/PaperloftKit-t.build/Objects-normal/arm64/ExtractedAppShortcutsMetadata.stringsdata --source-file-list /Users/builder/Factory/paperloft/evidence/checkouts/p2-checkpoint47fdb2c/build/DerivedData/Build/Intermediates.noindex/PaperloftKit.build/Release/PaperloftKit-t.build/Objects-normal/arm64/PaperloftKit.SwiftFileList --metadata-file-list /Users/builder/Factory/paperloft/evidence/checkouts/p2-checkpoint47fdb2c/build/DerivedData/Build/Intermediates.noindex/PaperloftKit.build/Release/PaperloftKit-t.build/PaperloftKit.DependencyMetadataFileList --static-metadata-file-list /Users/builder/Factory/paperloft/evidence/checkouts/p2-checkpoint47fdb2c/build/DerivedData/Build/Intermediates.noindex/PaperloftKit.build/Release/PaperloftKit-t.build/PaperloftKit.DependencyStaticMetadataFileList --swift-const-vals-list /Users/builder/Factory/paperloft/evidence/checkouts/p2-checkpoint47fdb2c/build/DerivedData/Build/Intermediates.noindex/PaperloftKit.build/Release/PaperloftKit-t.build/Objects-normal/arm64/PaperloftKit.SwiftConstValuesFileList --force --compile-time-extraction --deployment-aware-processing --no-app-shortcuts-localization
2026-09-26 22:29:26.754 appintentsmetadataprocessor[47301:1027548] Starting appintentsmetadataprocessor export
2026-09-26 22:29:26.822 appintentsmetadataprocessor[47301:1027548] Extracted no relevant App Intents symbols, skipping writing output

CpResource /Users/builder/Factory/paperloft/evidence/checkouts/p2-checkpoint47fdb2c/build/DerivedData/Build/Products/Release/Paperloft\ Receipts.app/Contents/Resources/PrivacyInfo.xcprivacy /Users/builder/Factory/paperloft/evidence/checkouts/p2-checkpoint47fdb2c/Apps/PaperloftApp/PrivacyInfo.xcprivacy (in target 'PaperloftApp' from project 'Paperloft')
    cd /Users/builder/Factory/paperloft/evidence/checkouts/p2-checkpoint47fdb2c
    builtin-copy -exclude .DS_Store -exclude CVS -exclude .svn -exclude .git -exclude .hg -strip-unsigned-binaries -strip-deterministic -strip-tool /Applications/Xcode.app/Contents/Developer/Toolchains/XcodeDefault.xctoolchain/usr/bin/strip -resolve-src-symlinks /Users/builder/Factory/paperloft/evidence/checkouts/p2-checkpoint47fdb2c/Apps/PaperloftApp/PrivacyInfo.xcprivacy /Users/builder/Factory/paperloft/evidence/checkouts/p2-checkpoint47fdb2c/build/DerivedData/Build/Products/Release/Paperloft\ Receipts.app/Contents/Resources

ProcessInfoPlistFile /Users/builder/Factory/paperloft/evidence/checkouts/p2-checkpoint47fdb2c/build/DerivedData/Build/Products/Release/Paperloft\ Receipts.app/Contents/Info.plist /Users/builder/Factory/paperloft/evidence/checkouts/p2-checkpoint47fdb2c/build/DerivedData/Build/Intermediates.noindex/Paperloft.build/Release/PaperloftApp.build/empty-Paperloft\ Receipts.plist (in target 'PaperloftApp' from project 'Paperloft')
    cd /Users/builder/Factory/paperloft/evidence/checkouts/p2-checkpoint47fdb2c
    builtin-infoPlistUtility /Users/builder/Factory/paperloft/evidence/checkouts/p2-checkpoint47fdb2c/build/DerivedData/Build/Intermediates.noindex/Paperloft.build/Release/PaperloftApp.build/empty-Paperloft\ Receipts.plist -producttype com.apple.product-type.application -genpkginfo /Users/builder/Factory/paperloft/evidence/checkouts/p2-checkpoint47fdb2c/build/DerivedData/Build/Products/Release/Paperloft\ Receipts.app/Contents/PkgInfo -expandbuildsettings -platform macosx -o /Users/builder/Factory/paperloft/evidence/checkouts/p2-checkpoint47fdb2c/build/DerivedData/Build/Products/Release/Paperloft\ Receipts.app/Contents/Info.plist

SwiftExplicitDependencyGeneratePcm arm64 /Users/builder/Factory/paperloft/evidence/checkouts/p2-checkpoint47fdb2c/build/DerivedData/SDKExplicitPrecompiledModules/ptrcheck-2ZQKHRCAZI8ENAC66ARF1XZLC.pcm

SwiftExplicitDependencyGeneratePcm arm64 /Users/builder/Factory/paperloft/evidence/checkouts/p2-checkpoint47fdb2c/build/DerivedData/SDKExplicitPrecompiledModules/ptrauth-1J9TLXAEYT44FV1R8K2K55YSM.pcm

SwiftExplicitDependencyGeneratePcm arm64 /Users/builder/Factory/paperloft/evidence/checkouts/p2-checkpoint47fdb2c/build/DerivedData/SDKExplicitPrecompiledModules/_Builtin_stdbool-5703T1YI4NCFJC6ARFU43UOCK.pcm

SwiftExplicitDependencyGeneratePcm arm64 /Users/builder/Factory/paperloft/evidence/checkouts/p2-checkpoint47fdb2c/build/DerivedData/SDKExplicitPrecompiledModules/_Builtin_float-8JU2I2HDIL8XI5P9ZL3O4XO0H.pcm

SwiftExplicitDependencyGeneratePcm arm64 /Users/builder/Factory/paperloft/evidence/checkouts/p2-checkpoint47fdb2c/build/DerivedData/SDKExplicitPrecompiledModules/_AvailabilityInternal-ELCHNV33VTSGUGH9LHTXUF2E4.pcm

SwiftExplicitDependencyGeneratePcm arm64 /Users/builder/Factory/paperloft/evidence/checkouts/p2-checkpoint47fdb2c/build/DerivedData/SDKExplicitPrecompiledModules/_Builtin_stddef-2OC3V28BK6UENJP5711EI7MG2.pcm

SwiftExplicitDependencyGeneratePcm arm64 /Users/builder/Factory/paperloft/evidence/checkouts/p2-checkpoint47fdb2c/build/DerivedData/SDKExplicitPrecompiledModules/_Builtin_stdarg-D3XD55ZSNIP8H87KUPL39S3Y0.pcm

SwiftExplicitDependencyGeneratePcm arm64 /Users/builder/Factory/paperloft/evidence/checkouts/p2-checkpoint47fdb2c/build/DerivedData/SDKExplicitPrecompiledModules/SwiftShims-1J980I91M3EY5T1GKQCMCDDR2.pcm

SwiftExplicitDependencyGeneratePcm arm64 /Users/builder/Factory/paperloft/evidence/checkouts/p2-checkpoint47fdb2c/build/DerivedData/SDKExplicitPrecompiledModules/DeveloperToolsSupport-ALYKZ88ITFBMIGHSGRCD3B9HJ.pcm

SwiftExplicitDependencyGeneratePcm arm64 /Users/builder/Factory/paperloft/evidence/checkouts/p2-checkpoint47fdb2c/build/DerivedData/SDKExplicitPrecompiledModules/_SwiftConcurrencyShims-6BV6P83NCTMOX4QLR7BH1I6TQ.pcm

SwiftExplicitDependencyGeneratePcm arm64 /Users/builder/Factory/paperloft/evidence/checkouts/p2-checkpoint47fdb2c/build/DerivedData/SDKExplicitPrecompiledModules/_DarwinFoundation1-9G7QP2WBF4HWNYRGRTILT5MZ3.pcm

SwiftExplicitDependencyGeneratePcm arm64 /Users/builder/Factory/paperloft/evidence/checkouts/p2-checkpoint47fdb2c/build/DerivedData/SDKExplicitPrecompiledModules/_DarwinFoundation2-57NOB3PMRZ7K9LBY4D8XOEW8V.pcm

SwiftExplicitDependencyGeneratePcm arm64 /Users/builder/Factory/paperloft/evidence/checkouts/p2-checkpoint47fdb2c/build/DerivedData/SDKExplicitPrecompiledModules/_Builtin_limits-4S00QTO5PDVJRBDVNB698HQAK.pcm

SwiftExplicitDependencyGeneratePcm arm64 /Users/builder/Factory/paperloft/evidence/checkouts/p2-checkpoint47fdb2c/build/DerivedData/SDKExplicitPrecompiledModules/ExtensionFoundation-8VEYOBLMTNJPACP7CDFCMFHJO.pcm

SwiftExplicitDependencyGeneratePcm arm64 /Users/builder/Factory/paperloft/evidence/checkouts/p2-checkpoint47fdb2c/build/DerivedData/SDKExplicitPrecompiledModules/sys_types-C7NSWOCJRGYF6ZLQYA9CK9L8N.pcm

SwiftExplicitDependencyGeneratePcm arm64 /Users/builder/Factory/paperloft/evidence/checkouts/p2-checkpoint47fdb2c/build/DerivedData/SDKExplicitPrecompiledModules/_Builtin_stdint-5P250AQRZBJFNDG9YY1CJ4P47.pcm

SwiftExplicitDependencyGeneratePcm arm64 /Users/builder/Factory/paperloft/evidence/checkouts/p2-checkpoint47fdb2c/build/DerivedData/SDKExplicitPrecompiledModules/string_h-612BX9X5C64E5964MEXA1A7J0.pcm

SwiftExplicitDependencyGeneratePcm arm64 /Users/builder/Factory/paperloft/evidence/checkouts/p2-checkpoint47fdb2c/build/DerivedData/SDKExplicitPrecompiledModules/_Builtin_tgmath-22DEHFJ4OW3WHG6W83MD7BN8M.pcm

SwiftExplicitDependencyGeneratePcm arm64 /Users/builder/Factory/paperloft/evidence/checkouts/p2-checkpoint47fdb2c/build/DerivedData/SDKExplicitPrecompiledModules/_Builtin_stdatomic-BLWKL2BLIP4ZR59RSGXV1YL5N.pcm

SwiftExplicitDependencyGeneratePcm arm64 /Users/builder/Factory/paperloft/evidence/checkouts/p2-checkpoint47fdb2c/build/DerivedData/SDKExplicitPrecompiledModules/_Builtin_intrinsics-F1FDOV9BZX5OE24SSGQSOG8NP.pcm

SwiftExplicitDependencyGeneratePcm arm64 /Users/builder/Factory/paperloft/evidence/checkouts/p2-checkpoint47fdb2c/build/DerivedData/SDKExplicitPrecompiledModules/libDER-2C5O20CTN9WXFOWNM1SOII5O8.pcm

SwiftExplicitDependencyGeneratePcm arm64 /Users/builder/Factory/paperloft/evidence/checkouts/p2-checkpoint47fdb2c/build/DerivedData/SDKExplicitPrecompiledModules/_DarwinFoundation3-5S8BJQ8TDIAR5ANA7FW6RZW2Z.pcm

SwiftExplicitDependencyGeneratePcm arm64 /Users/builder/Factory/paperloft/evidence/checkouts/p2-checkpoint47fdb2c/build/DerivedData/SDKExplicitPrecompiledModules/_Builtin_inttypes-BR1JCL4WKFET4Q161FQFY8ZA9.pcm

SwiftExplicitDependencyGeneratePcm arm64 /Users/builder/Factory/paperloft/evidence/checkouts/p2-checkpoint47fdb2c/build/DerivedData/SDKExplicitPrecompiledModules/Darwin-2VXHO8R4V6BZ6RTOBX08IQU17.pcm

SwiftExplicitDependencyGeneratePcm arm64 /Users/builder/Factory/paperloft/evidence/checkouts/p2-checkpoint47fdb2c/build/DerivedData/SDKExplicitPrecompiledModules/simd-390Z3OGR28ZCUIVYVJ6OKJAU0.pcm

SwiftExplicitDependencyGeneratePcm arm64 /Users/builder/Factory/paperloft/evidence/checkouts/p2-checkpoint47fdb2c/build/DerivedData/SDKExplicitPrecompiledModules/launch-9L9WQLLCA17ULWUAC4MVE57RR.pcm

SwiftExplicitDependencyGeneratePcm arm64 /Users/builder/Factory/paperloft/evidence/checkouts/p2-checkpoint47fdb2c/build/DerivedData/SDKExplicitPrecompiledModules/Compression-EYG2UH2U4WUU5OTQJK54SM1ZZ.pcm

SwiftExplicitDependencyGeneratePcm arm64 /Users/builder/Factory/paperloft/evidence/checkouts/p2-checkpoint47fdb2c/build/DerivedData/SDKExplicitPrecompiledModules/libkern-2O4ZPOW9ZNMNXET9HMFR02A6H.pcm

SwiftExplicitDependencyGeneratePcm arm64 /Users/builder/Factory/paperloft/evidence/checkouts/p2-checkpoint47fdb2c/build/DerivedData/SDKExplicitPrecompiledModules/MachO-27YD28WHERQK1HCVRQKD76W1H.pcm

SwiftExplicitDependencyGeneratePcm arm64 /Users/builder/Factory/paperloft/evidence/checkouts/p2-checkpoint47fdb2c/build/DerivedData/SDKExplicitPrecompiledModules/CUPS-2UDICN5MAQ2K69SH6S7PPBG50.pcm

SwiftExplicitDependencyGeneratePcm arm64 /Users/builder/Factory/paperloft/evidence/checkouts/p2-checkpoint47fdb2c/build/DerivedData/SDKExplicitPrecompiledModules/ObjectiveC-EQXJ8IOI6SHDEW2VFL7F4SL98.pcm

SwiftExplicitDependencyGeneratePcm arm64 /Users/builder/Factory/paperloft/evidence/checkouts/p2-checkpoint47fdb2c/build/DerivedData/SDKExplicitPrecompiledModules/Spatial-8HRUOZHZ805JQ3IADD5KYW7UT.pcm

SwiftExplicitDependencyGeneratePcm arm64 /Users/builder/Factory/paperloft/evidence/checkouts/p2-checkpoint47fdb2c/build/DerivedData/SDKExplicitPrecompiledModules/os_object-D5NH3M2IN1KZYYEEAB86M33S0.pcm

SwiftExplicitDependencyGeneratePcm arm64 /Users/builder/Factory/paperloft/evidence/checkouts/p2-checkpoint47fdb2c/build/DerivedData/SDKExplicitPrecompiledModules/os_workgroup-6J13BG1607PJFLKW1O2DVZY6Q.pcm

SwiftExplicitDependencyGeneratePcm arm64 /Users/builder/Factory/paperloft/evidence/checkouts/p2-checkpoint47fdb2c/build/DerivedData/SDKExplicitPrecompiledModules/Dispatch-1DR4PIUD2ZMYJX2KCUSOVDOXZ.pcm

SwiftExplicitDependencyGeneratePcm arm64 /Users/builder/Factory/paperloft/evidence/checkouts/p2-checkpoint47fdb2c/build/DerivedData/SDKExplicitPrecompiledModules/XPC-CHB245DX31E8C2K2HO1BM4GV5.pcm

SwiftExplicitDependencyGeneratePcm arm64 /Users/builder/Factory/paperloft/evidence/checkouts/p2-checkpoint47fdb2c/build/DerivedData/SDKExplicitPrecompiledModules/dnssd-6UUA3EOV3TF8V9YQO3620H51L.pcm

SwiftExplicitDependencyGeneratePcm arm64 /Users/builder/Factory/paperloft/evidence/checkouts/p2-checkpoint47fdb2c/build/DerivedData/SDKExplicitPrecompiledModules/CoreFoundation-8YL03VAJTAK9PMKLDEZ7HAG0.pcm

SwiftExplicitDependencyGeneratePcm arm64 /Users/builder/Factory/paperloft/evidence/checkouts/p2-checkpoint47fdb2c/build/DerivedData/SDKExplicitPrecompiledModules/os-BTK223F9F77IIJWGNGP4X8X7J.pcm

SwiftExplicitDependencyGeneratePcm arm64 /Users/builder/Factory/paperloft/evidence/checkouts/p2-checkpoint47fdb2c/build/DerivedData/SDKExplicitPrecompiledModules/CoreAudioTypes-DWDBNXHHLP0L6CMJ289LUYHAV.pcm

SwiftExplicitDependencyGeneratePcm arm64 /Users/builder/Factory/paperloft/evidence/checkouts/p2-checkpoint47fdb2c/build/DerivedData/SDKExplicitPrecompiledModules/Security-4WASYD2AFCOKALZ8ONSGPW5ZJ.pcm

SwiftExplicitDependencyGeneratePcm arm64 /Users/builder/Factory/paperloft/evidence/checkouts/p2-checkpoint47fdb2c/build/DerivedData/SDKExplicitPrecompiledModules/CFNetwork-1R0438U2CJLENJS8Q29ICW4SH.pcm

SwiftExplicitDependencyGeneratePcm arm64 /Users/builder/Factory/paperloft/evidence/checkouts/p2-checkpoint47fdb2c/build/DerivedData/SDKExplicitPrecompiledModules/ColorSync-C5GGZ9PYTO2G08QHHIR68HYE2.pcm

SwiftExplicitDependencyGeneratePcm arm64 /Users/builder/Factory/paperloft/evidence/checkouts/p2-checkpoint47fdb2c/build/DerivedData/SDKExplicitPrecompiledModules/IOKit-53DZE3JO4J20MQNR6WNRLGMS1.pcm

SwiftExplicitDependencyGeneratePcm arm64 /Users/builder/Factory/paperloft/evidence/checkouts/p2-checkpoint47fdb2c/build/DerivedData/SDKExplicitPrecompiledModules/CoreGraphics-99CH0LEMB38RJ1VW7XXXQLZ6E.pcm

SwiftExplicitDependencyGeneratePcm arm64 /Users/builder/Factory/paperloft/evidence/checkouts/p2-checkpoint47fdb2c/build/DerivedData/SDKExplicitPrecompiledModules/DiskArbitration-75G1M57FDJTN67NP00PWFJGPV.pcm

SwiftExplicitDependencyGeneratePcm arm64 /Users/builder/Factory/paperloft/evidence/checkouts/p2-checkpoint47fdb2c/build/DerivedData/SDKExplicitPrecompiledModules/CoreServices-5O902SYT3LKJ6BWFPS0SOCXWJ.pcm

SwiftExplicitDependencyGeneratePcm arm64 /Users/builder/Factory/paperloft/evidence/checkouts/p2-checkpoint47fdb2c/build/DerivedData/SDKExplicitPrecompiledModules/CoreText-6OQTVDORRLZGBIURS79WUV9P1.pcm

SwiftExplicitDependencyGeneratePcm arm64 /Users/builder/Factory/paperloft/evidence/checkouts/p2-checkpoint47fdb2c/build/DerivedData/SDKExplicitPrecompiledModules/ImageIO-CRTM48VWDZ5R1HJIC0IMIA7PR.pcm

SwiftExplicitDependencyGeneratePcm arm64 /Users/builder/Factory/paperloft/evidence/checkouts/p2-checkpoint47fdb2c/build/DerivedData/SDKExplicitPrecompiledModules/Foundation-EMX9I1Q719IURRZJTC2G8DPZV.pcm

SwiftExplicitDependencyGeneratePcm arm64 /Users/builder/Factory/paperloft/evidence/checkouts/p2-checkpoint47fdb2c/build/DerivedData/SDKExplicitPrecompiledModules/_LocationEssentials-3WX5734NF9OGTIHPDH3YHISU9.pcm

SwiftExplicitDependencyGeneratePcm arm64 /Users/builder/Factory/paperloft/evidence/checkouts/p2-checkpoint47fdb2c/build/DerivedData/SDKExplicitPrecompiledModules/Symbols-4O88PPQBOQX0Q0OW2LXQR5CML.pcm

SwiftExplicitDependencyGeneratePcm arm64 /Users/builder/Factory/paperloft/evidence/checkouts/p2-checkpoint47fdb2c/build/DerivedData/SDKExplicitPrecompiledModules/LocalAuthentication-DLIY6X6LMFONYGGSUQN51IS5H.pcm

SwiftExplicitDependencyGeneratePcm arm64 /Users/builder/Factory/paperloft/evidence/checkouts/p2-checkpoint47fdb2c/build/DerivedData/SDKExplicitPrecompiledModules/CoreTransferable-2K24AM8T8UPF38UR93L6KWNOY.pcm

SwiftExplicitDependencyGeneratePcm arm64 /Users/builder/Factory/paperloft/evidence/checkouts/p2-checkpoint47fdb2c/build/DerivedData/SDKExplicitPrecompiledModules/OSLog-1RSBUKVO9ERROEQQHEBM724QI.pcm

SwiftExplicitDependencyGeneratePcm arm64 /Users/builder/Factory/paperloft/evidence/checkouts/p2-checkpoint47fdb2c/build/DerivedData/SDKExplicitPrecompiledModules/DataDetection-1MRUDO5DJKAJN4W9ZENUNC1Q0.pcm

SwiftExplicitDependencyGeneratePcm arm64 /Users/builder/Factory/paperloft/evidence/checkouts/p2-checkpoint47fdb2c/build/DerivedData/SDKExplicitPrecompiledModules/AppIntents-H1INWLIR2B5SCZ3KCVCOULPG.pcm

SwiftExplicitDependencyGeneratePcm arm64 /Users/builder/Factory/paperloft/evidence/checkouts/p2-checkpoint47fdb2c/build/DerivedData/SDKExplicitPrecompiledModules/Network-552WT9IVCZBY45GQBV3WQP2ZO.pcm

SwiftExplicitDependencyGeneratePcm arm64 /Users/builder/Factory/paperloft/evidence/checkouts/p2-checkpoint47fdb2c/build/DerivedData/SDKExplicitPrecompiledModules/CoreData-4CSS3ZDPXBTKQYB1XVYR11HOA.pcm

SwiftExplicitDependencyGeneratePcm arm64 /Users/builder/Factory/paperloft/evidence/checkouts/p2-checkpoint47fdb2c/build/DerivedData/SDKExplicitPrecompiledModules/ApplicationServices-CXTTYWT08FJFWRVFIA4JH9OF0.pcm

SwiftExplicitDependencyGeneratePcm arm64 /Users/builder/Factory/paperloft/evidence/checkouts/p2-checkpoint47fdb2c/build/DerivedData/SDKExplicitPrecompiledModules/CoreAudio-ED6PIE56Z75EOLVBL8NYMMB3C.pcm

SwiftExplicitDependencyGeneratePcm arm64 /Users/builder/Factory/paperloft/evidence/checkouts/p2-checkpoint47fdb2c/build/DerivedData/SDKExplicitPrecompiledModules/IOSurface-CXOHMLENEYLRW69S9QXZBP28E.pcm

SwiftExplicitDependencyGeneratePcm arm64 /Users/builder/Factory/paperloft/evidence/checkouts/p2-checkpoint47fdb2c/build/DerivedData/SDKExplicitPrecompiledModules/AppIntentsTypeSupport-11EFIEJUOYKJM140OU6W8YBPJ.pcm

SwiftExplicitDependencyGeneratePcm arm64 /Users/builder/Factory/paperloft/evidence/checkouts/p2-checkpoint47fdb2c/build/DerivedData/SDKExplicitPrecompiledModules/RelevanceKit-EZVOVTW31VGQQHBZH0VNGJGKT.pcm

SwiftExplicitDependencyGeneratePcm arm64 /Users/builder/Factory/paperloft/evidence/checkouts/p2-checkpoint47fdb2c/build/DerivedData/SDKExplicitPrecompiledModules/Accessibility-64PDBCEVV0EDYGZWVVPGUH0FE.pcm

SwiftExplicitDependencyGeneratePcm arm64 /Users/builder/Factory/paperloft/evidence/checkouts/p2-checkpoint47fdb2c/build/DerivedData/SDKExplicitPrecompiledModules/CoreMIDI-6J836842I6QKOC13VJB7YOYQ3.pcm

SwiftExplicitDependencyGeneratePcm arm64 /Users/builder/Factory/paperloft/evidence/checkouts/p2-checkpoint47fdb2c/build/DerivedData/SDKExplicitPrecompiledModules/CoreLocation-5XG3J17IS8Z56WA4H215YZKRU.pcm

SwiftExplicitDependencyGeneratePcm arm64 /Users/builder/Factory/paperloft/evidence/checkouts/p2-checkpoint47fdb2c/build/DerivedData/SDKExplicitPrecompiledModules/UniformTypeIdentifiers-8A8P82Y6T8Z51L25O3TBFWD4C.pcm

SwiftExplicitDependencyGeneratePcm arm64 /Users/builder/Factory/paperloft/evidence/checkouts/p2-checkpoint47fdb2c/build/DerivedData/SDKExplicitPrecompiledModules/Metal-7ZGLZZXZTEU968F1ZQ9DXC33A.pcm

SwiftExplicitDependencyGeneratePcm arm64 /Users/builder/Factory/paperloft/evidence/checkouts/p2-checkpoint47fdb2c/build/DerivedData/SDKExplicitPrecompiledModules/OpenGL-5NIRRQEF8VPF3P6KFNR258NGI.pcm

SwiftExplicitDependencyGeneratePcm arm64 /Users/builder/Factory/paperloft/evidence/checkouts/p2-checkpoint47fdb2c/build/DerivedData/SDKExplicitPrecompiledModules/Carbon-4P6U0VF04FGWTP9LJFSZRX5TC.pcm

SwiftExplicitDependencyGeneratePcm arm64 /Users/builder/Factory/paperloft/evidence/checkouts/p2-checkpoint47fdb2c/build/DerivedData/SDKExplicitPrecompiledModules/CoreSpotlight-1YR51NT77Y5A1GH0NFE01YQYK.pcm

SwiftExplicitDependencyGeneratePcm arm64 /Users/builder/Factory/paperloft/evidence/checkouts/p2-checkpoint47fdb2c/build/DerivedData/SDKExplicitPrecompiledModules/CoreVideo-8Y70FJK4PBFSACMP974BJV4YS.pcm

SwiftExplicitDependencyGeneratePcm arm64 /Users/builder/Factory/paperloft/evidence/checkouts/p2-checkpoint47fdb2c/build/DerivedData/SDKExplicitPrecompiledModules/AudioToolbox-8KCEW5GXUB0EG4HQNEGNBLECV.pcm

SwiftExplicitDependencyGeneratePcm arm64 /Users/builder/Factory/paperloft/evidence/checkouts/p2-checkpoint47fdb2c/build/DerivedData/SDKExplicitPrecompiledModules/CoreImage-2D7NBT8IMRBBD5577DPCIZYCC.pcm

SwiftExplicitDependencyGeneratePcm arm64 /Users/builder/Factory/paperloft/evidence/checkouts/p2-checkpoint47fdb2c/build/DerivedData/SDKExplicitPrecompiledModules/Accelerate-3PEO1UP1OQ8OKGGAC1ULUOONJ.pcm

SwiftExplicitDependencyGeneratePcm arm64 /Users/builder/Factory/paperloft/evidence/checkouts/p2-checkpoint47fdb2c/build/DerivedData/SDKExplicitPrecompiledModules/CoreML-DH2Q4YNJURYGV1CJT9Y0YPEW3.pcm

SwiftExplicitDependencyGeneratePcm arm64 /Users/builder/Factory/paperloft/evidence/checkouts/p2-checkpoint47fdb2c/build/DerivedData/SDKExplicitPrecompiledModules/QuartzCore-2LCPX2KK55FD6ZR6E0EXPTVN8.pcm

SwiftExplicitDependencyGeneratePcm arm64 /Users/builder/Factory/paperloft/evidence/checkouts/p2-checkpoint47fdb2c/build/DerivedData/SDKExplicitPrecompiledModules/CoreMedia-B694IXAJK548DC2NFCSW8CIY6.pcm

SwiftExplicitDependencyGeneratePcm arm64 /Users/builder/Factory/paperloft/evidence/checkouts/p2-checkpoint47fdb2c/build/DerivedData/SDKExplicitPrecompiledModules/SwiftUICore-1GA239RLSHHVGB8W3YL1TGZQZ.pcm

SwiftExplicitDependencyGeneratePcm arm64 /Users/builder/Factory/paperloft/evidence/checkouts/p2-checkpoint47fdb2c/build/DerivedData/SDKExplicitPrecompiledModules/VideoToolbox-BTF57U7PNW6QV7QG53A62YP72.pcm

SwiftExplicitDependencyGeneratePcm arm64 /Users/builder/Factory/paperloft/evidence/checkouts/p2-checkpoint47fdb2c/build/DerivedData/SDKExplicitPrecompiledModules/AVFAudio-9A2BHXU2Y53U9B9H5NXU11Z91.pcm

SwiftExplicitDependencyGeneratePcm arm64 /Users/builder/Factory/paperloft/evidence/checkouts/p2-checkpoint47fdb2c/build/DerivedData/SDKExplicitPrecompiledModules/Vision-2BYQ143GU0HF6PAWSX1W5YKBK.pcm

SwiftExplicitDependencyGeneratePcm arm64 /Users/builder/Factory/paperloft/evidence/checkouts/p2-checkpoint47fdb2c/build/DerivedData/SDKExplicitPrecompiledModules/MediaToolbox-DYCBXW71T171K4FABGXH3Y65V.pcm

SwiftExplicitDependencyGeneratePcm arm64 /Users/builder/Factory/paperloft/evidence/checkouts/p2-checkpoint47fdb2c/build/DerivedData/SDKExplicitPrecompiledModules/AppKit-61BSXICAU116UNN8HDUVZ2JNV.pcm

SwiftExplicitDependencyGeneratePcm arm64 /Users/builder/Factory/paperloft/evidence/checkouts/p2-checkpoint47fdb2c/build/DerivedData/SDKExplicitPrecompiledModules/AVFoundation-4DA9G4NMIEAK2ZAJX9ABDX7X8.pcm

SwiftExplicitDependencyGeneratePcm arm64 /Users/builder/Factory/paperloft/evidence/checkouts/p2-checkpoint47fdb2c/build/DerivedData/SDKExplicitPrecompiledModules/SwiftUI-69WVMW2JAAU8EL40TGY0RKNOX.pcm

SwiftCompile normal arm64 Compiling\ PaperloftApp.swift /Users/builder/Factory/paperloft/evidence/checkouts/p2-checkpoint47fdb2c/Apps/PaperloftApp/PaperloftApp.swift (in target 'PaperloftApp' from project 'Paperloft')

SwiftCompile normal arm64 /Users/builder/Factory/paperloft/evidence/checkouts/p2-checkpoint47fdb2c/Apps/PaperloftApp/PaperloftApp.swift (in target 'PaperloftApp' from project 'Paperloft')
    cd /Users/builder/Factory/paperloft/evidence/checkouts/p2-checkpoint47fdb2c
    builtin-SwiftPerFileCompile PaperloftApp.swift

SwiftEmitModule normal arm64 Emitting\ module\ for\ Paperloft_Receipts (in target 'PaperloftApp' from project 'Paperloft')

SwiftCompile normal arm64 (in target 'PaperloftApp' from project 'Paperloft')
    cd /Users/builder/Factory/paperloft/evidence/checkouts/p2-checkpoint47fdb2c
    

SwiftDriverJobDiscovery normal arm64 Emitting module for Paperloft_Receipts (in target 'PaperloftApp' from project 'Paperloft')

SwiftDriver\ Compilation\ Requirements PaperloftApp normal arm64 com.apple.xcode.tools.swift.compiler (in target 'PaperloftApp' from project 'Paperloft')
    cd /Users/builder/Factory/paperloft/evidence/checkouts/p2-checkpoint47fdb2c
    builtin-Swift-Compilation-Requirements -- /Applications/Xcode.app/Contents/Developer/Toolchains/XcodeDefault.xctoolchain/usr/bin/swiftc -module-name Paperloft_Receipts -O @/Users/builder/Factory/paperloft/evidence/checkouts/p2-checkpoint47fdb2c/build/DerivedData/Build/Intermediates.noindex/Paperloft.build/Release/PaperloftApp.build/Objects-normal/arm64/Paperloft\ Receipts.SwiftFileList -enable-experimental-feature DebugDescriptionMacro -sdk /Applications/Xcode.app/Contents/Developer/Platforms/MacOSX.platform/Developer/SDKs/MacOSX27.0.sdk -target arm64-apple-macos27.0 -g -module-cache-path /Users/builder/Factory/paperloft/evidence/checkouts/p2-checkpoint47fdb2c/build/DerivedData/ModuleCache.noindex -Xfrontend -serialize-debugging-options -profile-coverage-mapping -profile-generate -warnings-as-errors -swift-version 6 -I /Users/builder/Factory/paperloft/evidence/checkouts/p2-checkpoint47fdb2c/build/DerivedData/Build/Products/Release -F /Users/builder/Factory/paperloft/evidence/checkouts/p2-checkpoint47fdb2c/build/DerivedData/Build/Products/Release/PackageFrameworks -F /Users/builder/Factory/paperloft/evidence/checkouts/p2-checkpoint47fdb2c/build/DerivedData/Build/Products/Release -parse-as-library -c -j10 -enable-batch-mode -incremental -Xcc -ivfsstatcache -Xcc /Users/builder/Factory/paperloft/evidence/checkouts/p2-checkpoint47fdb2c/build/DerivedData/SDKStatCaches.noindex/macosx27.0-26A425-7231f6df4def33e022ae2eb8f782df1a.sdkstatcache -output-file-map /Users/builder/Factory/paperloft/evidence/checkouts/p2-checkpoint47fdb2c/build/DerivedData/Build/Intermediates.noindex/Paperloft.build/Release/PaperloftApp.build/Objects-normal/arm64/PaperloftApp-OutputFileMap.json -save-temps -no-color-diagnostics -explicit-module-build -module-cache-path /Users/builder/Factory/paperloft/evidence/checkouts/p2-checkpoint47fdb2c/build/DerivedData/Build/Intermediates.noindex/SwiftExplicitPrecompiledModules -clang-scanner-module-cache-path /Users/builder/Factory/paperloft/evidence/checkouts/p2-checkpoint47fdb2c/build/DerivedData/ModuleCache.noindex -sdk-module-cache-path /Users/builder/Factory/paperloft/evidence/checkouts/p2-checkpoint47fdb2c/build/DerivedData/SDKExplicitPrecompiledModules -emit-dependencies -emit-module -emit-module-path /Users/builder/Factory/paperloft/evidence/checkouts/p2-checkpoint47fdb2c/build/DerivedData/Build/Intermediates.noindex/Paperloft.build/Release/PaperloftApp.build/Objects-normal/arm64/Paperloft_Receipts.swiftmodule -serialize-diagnostics -dependency-scan-serialize-diagnostics-path /Users/builder/Factory/paperloft/evidence/checkouts/p2-checkpoint47fdb2c/build/DerivedData/Build/Intermediates.noindex/Paperloft.build/Release/PaperloftApp.build/Objects-normal/arm64/Paperloft_Receipts-dependency-scan.dia -validate-clang-modules-once -clang-build-session-file /Users/builder/Factory/paperloft/evidence/checkouts/p2-checkpoint47fdb2c/build/DerivedData/ModuleCache.noindex/Session.modulevalidation -Xcc -fmodules-prune-interval\=86400 -Xcc -fmodules-prune-after\=345600 -emit-const-values -const-gather-protocols-list /Users/builder/Factory/paperloft/evidence/checkouts/p2-checkpoint47fdb2c/build/DerivedData/Build/Intermediates.noindex/Paperloft.build/Release/PaperloftApp.build/Objects-normal/arm64/PaperloftApp_const_extract_protocols.json -Xcc -iquote -Xcc /Users/builder/Factory/paperloft/evidence/checkouts/p2-checkpoint47fdb2c/build/DerivedData/Build/Intermediates.noindex/Paperloft.build/Release/PaperloftApp.build/Paperloft\ Receipts-generated-files.hmap -Xcc -I/Users/builder/Factory/paperloft/evidence/checkouts/p2-checkpoint47fdb2c/build/DerivedData/Build/Intermediates.noindex/Paperloft.build/Release/PaperloftApp.build/Paperloft\ Receipts-own-target-headers.hmap -Xcc -I/Users/builder/Factory/paperloft/evidence/checkouts/p2-checkpoint47fdb2c/build/DerivedData/Build/Intermediates.noindex/Paperloft.build/Release/PaperloftApp.build/Paperloft\ Receipts-all-non-framework-target-headers.hmap -Xcc -ivfsoverlay -Xcc /Users/builder/Factory/paperloft/evidence/checkouts/p2-checkpoint47fdb2c/build/DerivedData/Build/Intermediates.noindex/Paperloft.build/Release/Paperloft-b93ddc6bcd4d234a5473ab01ad3589c4-VFS/all-product-headers.yaml -Xcc -iquote -Xcc /Users/builder/Factory/paperloft/evidence/checkouts/p2-checkpoint47fdb2c/build/DerivedData/Build/Intermediates.noindex/Paperloft.build/Release/PaperloftApp.build/Paperloft\ Receipts-project-headers.hmap -Xcc -I/Users/builder/Factory/paperloft/evidence/checkouts/p2-checkpoint47fdb2c/build/DerivedData/Build/Products/Release/include -Xcc -I/Users/builder/Factory/paperloft/evidence/checkouts/p2-checkpoint47fdb2c/build/DerivedData/Build/Intermediates.noindex/Paperloft.build/Release/PaperloftApp.build/DerivedSources-normal/arm64 -Xcc -I/Users/builder/Factory/paperloft/evidence/checkouts/p2-checkpoint47fdb2c/build/DerivedData/Build/Intermediates.noindex/Paperloft.build/Release/PaperloftApp.build/DerivedSources/arm64 -Xcc -I/Users/builder/Factory/paperloft/evidence/checkouts/p2-checkpoint47fdb2c/build/DerivedData/Build/Intermediates.noindex/Paperloft.build/Release/PaperloftApp.build/DerivedSources -emit-objc-header -emit-objc-header-path /Users/builder/Factory/paperloft/evidence/checkouts/p2-checkpoint47fdb2c/build/DerivedData/Build/Intermediates.noindex/Paperloft.build/Release/PaperloftApp.build/Objects-normal/arm64/Paperloft_Receipts-Swift.h -working-directory /Users/builder/Factory/paperloft/evidence/checkouts/p2-checkpoint47fdb2c -experimental-emit-module-separately -disable-cmo

SwiftMergeGeneratedHeaders /Users/builder/Factory/paperloft/evidence/checkouts/p2-checkpoint47fdb2c/build/DerivedData/Build/Intermediates.noindex/Paperloft.build/Release/PaperloftApp.build/DerivedSources/Paperloft_Receipts-Swift.h /Users/builder/Factory/paperloft/evidence/checkouts/p2-checkpoint47fdb2c/build/DerivedData/Build/Intermediates.noindex/Paperloft.build/Release/PaperloftApp.build/Objects-normal/arm64/Paperloft_Receipts-Swift.h (in target 'PaperloftApp' from project 'Paperloft')
    cd /Users/builder/Factory/paperloft/evidence/checkouts/p2-checkpoint47fdb2c
    builtin-swiftHeaderTool -arch arm64 /Users/builder/Factory/paperloft/evidence/checkouts/p2-checkpoint47fdb2c/build/DerivedData/Build/Intermediates.noindex/Paperloft.build/Release/PaperloftApp.build/Objects-normal/arm64/Paperloft_Receipts-Swift.h -o /Users/builder/Factory/paperloft/evidence/checkouts/p2-checkpoint47fdb2c/build/DerivedData/Build/Intermediates.noindex/Paperloft.build/Release/PaperloftApp.build/DerivedSources/Paperloft_Receipts-Swift.h

Copy /Users/builder/Factory/paperloft/evidence/checkouts/p2-checkpoint47fdb2c/build/DerivedData/Build/Products/Release/Paperloft_Receipts.swiftmodule/arm64-apple-macos.swiftmodule /Users/builder/Factory/paperloft/evidence/checkouts/p2-checkpoint47fdb2c/build/DerivedData/Build/Intermediates.noindex/Paperloft.build/Release/PaperloftApp.build/Objects-normal/arm64/Paperloft_Receipts.swiftmodule (in target 'PaperloftApp' from project 'Paperloft')
    cd /Users/builder/Factory/paperloft/evidence/checkouts/p2-checkpoint47fdb2c
    builtin-copy -exclude .DS_Store -exclude CVS -exclude .svn -exclude .git -exclude .hg -strip-unsigned-binaries -strip-deterministic -strip-tool /Applications/Xcode.app/Contents/Developer/Toolchains/XcodeDefault.xctoolchain/usr/bin/strip -resolve-src-symlinks -rename /Users/builder/Factory/paperloft/evidence/checkouts/p2-checkpoint47fdb2c/build/DerivedData/Build/Intermediates.noindex/Paperloft.build/Release/PaperloftApp.build/Objects-normal/arm64/Paperloft_Receipts.swiftmodule /Users/builder/Factory/paperloft/evidence/checkouts/p2-checkpoint47fdb2c/build/DerivedData/Build/Products/Release/Paperloft_Receipts.swiftmodule/arm64-apple-macos.swiftmodule

Copy /Users/builder/Factory/paperloft/evidence/checkouts/p2-checkpoint47fdb2c/build/DerivedData/Build/Products/Release/Paperloft_Receipts.swiftmodule/arm64-apple-macos.abi.json /Users/builder/Factory/paperloft/evidence/checkouts/p2-checkpoint47fdb2c/build/DerivedData/Build/Intermediates.noindex/Paperloft.build/Release/PaperloftApp.build/Objects-normal/arm64/Paperloft_Receipts.abi.json (in target 'PaperloftApp' from project 'Paperloft')
    cd /Users/builder/Factory/paperloft/evidence/checkouts/p2-checkpoint47fdb2c
    builtin-copy -exclude .DS_Store -exclude CVS -exclude .svn -exclude .git -exclude .hg -strip-unsigned-binaries -strip-deterministic -strip-tool /Applications/Xcode.app/Contents/Developer/Toolchains/XcodeDefault.xctoolchain/usr/bin/strip -resolve-src-symlinks -rename /Users/builder/Factory/paperloft/evidence/checkouts/p2-checkpoint47fdb2c/build/DerivedData/Build/Intermediates.noindex/Paperloft.build/Release/PaperloftApp.build/Objects-normal/arm64/Paperloft_Receipts.abi.json /Users/builder/Factory/paperloft/evidence/checkouts/p2-checkpoint47fdb2c/build/DerivedData/Build/Products/Release/Paperloft_Receipts.swiftmodule/arm64-apple-macos.abi.json

Copy /Users/builder/Factory/paperloft/evidence/checkouts/p2-checkpoint47fdb2c/build/DerivedData/Build/Products/Release/Paperloft_Receipts.swiftmodule/arm64-apple-macos.swiftdoc /Users/builder/Factory/paperloft/evidence/checkouts/p2-checkpoint47fdb2c/build/DerivedData/Build/Intermediates.noindex/Paperloft.build/Release/PaperloftApp.build/Objects-normal/arm64/Paperloft_Receipts.swiftdoc (in target 'PaperloftApp' from project 'Paperloft')
    cd /Users/builder/Factory/paperloft/evidence/checkouts/p2-checkpoint47fdb2c
    builtin-copy -exclude .DS_Store -exclude CVS -exclude .svn -exclude .git -exclude .hg -strip-unsigned-binaries -strip-deterministic -strip-tool /Applications/Xcode.app/Contents/Developer/Toolchains/XcodeDefault.xctoolchain/usr/bin/strip -resolve-src-symlinks -rename /Users/builder/Factory/paperloft/evidence/checkouts/p2-checkpoint47fdb2c/build/DerivedData/Build/Intermediates.noindex/Paperloft.build/Release/PaperloftApp.build/Objects-normal/arm64/Paperloft_Receipts.swiftdoc /Users/builder/Factory/paperloft/evidence/checkouts/p2-checkpoint47fdb2c/build/DerivedData/Build/Products/Release/Paperloft_Receipts.swiftmodule/arm64-apple-macos.swiftdoc

Copy /Users/builder/Factory/paperloft/evidence/checkouts/p2-checkpoint47fdb2c/build/DerivedData/Build/Products/Release/Paperloft_Receipts.swiftmodule/Project/arm64-apple-macos.swiftsourceinfo /Users/builder/Factory/paperloft/evidence/checkouts/p2-checkpoint47fdb2c/build/DerivedData/Build/Intermediates.noindex/Paperloft.build/Release/PaperloftApp.build/Objects-normal/arm64/Paperloft_Receipts.swiftsourceinfo (in target 'PaperloftApp' from project 'Paperloft')
    cd /Users/builder/Factory/paperloft/evidence/checkouts/p2-checkpoint47fdb2c
    builtin-copy -exclude .DS_Store -exclude CVS -exclude .svn -exclude .git -exclude .hg -strip-unsigned-binaries -strip-deterministic -strip-tool /Applications/Xcode.app/Contents/Developer/Toolchains/XcodeDefault.xctoolchain/usr/bin/strip -resolve-src-symlinks -rename /Users/builder/Factory/paperloft/evidence/checkouts/p2-checkpoint47fdb2c/build/DerivedData/Build/Intermediates.noindex/Paperloft.build/Release/PaperloftApp.build/Objects-normal/arm64/Paperloft_Receipts.swiftsourceinfo /Users/builder/Factory/paperloft/evidence/checkouts/p2-checkpoint47fdb2c/build/DerivedData/Build/Products/Release/Paperloft_Receipts.swiftmodule/Project/arm64-apple-macos.swiftsourceinfo

SwiftDriverJobDiscovery normal arm64 Compiling PaperloftApp.swift (in target 'PaperloftApp' from project 'Paperloft')

SwiftDriver\ Compilation PaperloftApp normal arm64 com.apple.xcode.tools.swift.compiler (in target 'PaperloftApp' from project 'Paperloft')
    cd /Users/builder/Factory/paperloft/evidence/checkouts/p2-checkpoint47fdb2c
    builtin-Swift-Compilation -- /Applications/Xcode.app/Contents/Developer/Toolchains/XcodeDefault.xctoolchain/usr/bin/swiftc -module-name Paperloft_Receipts -O @/Users/builder/Factory/paperloft/evidence/checkouts/p2-checkpoint47fdb2c/build/DerivedData/Build/Intermediates.noindex/Paperloft.build/Release/PaperloftApp.build/Objects-normal/arm64/Paperloft\ Receipts.SwiftFileList -enable-experimental-feature DebugDescriptionMacro -sdk /Applications/Xcode.app/Contents/Developer/Platforms/MacOSX.platform/Developer/SDKs/MacOSX27.0.sdk -target arm64-apple-macos27.0 -g -module-cache-path /Users/builder/Factory/paperloft/evidence/checkouts/p2-checkpoint47fdb2c/build/DerivedData/ModuleCache.noindex -Xfrontend -serialize-debugging-options -profile-coverage-mapping -profile-generate -warnings-as-errors -swift-version 6 -I /Users/builder/Factory/paperloft/evidence/checkouts/p2-checkpoint47fdb2c/build/DerivedData/Build/Products/Release -F /Users/builder/Factory/paperloft/evidence/checkouts/p2-checkpoint47fdb2c/build/DerivedData/Build/Products/Release/PackageFrameworks -F /Users/builder/Factory/paperloft/evidence/checkouts/p2-checkpoint47fdb2c/build/DerivedData/Build/Products/Release -parse-as-library -c -j10 -enable-batch-mode -incremental -Xcc -ivfsstatcache -Xcc /Users/builder/Factory/paperloft/evidence/checkouts/p2-checkpoint47fdb2c/build/DerivedData/SDKStatCaches.noindex/macosx27.0-26A425-7231f6df4def33e022ae2eb8f782df1a.sdkstatcache -output-file-map /Users/builder/Factory/paperloft/evidence/checkouts/p2-checkpoint47fdb2c/build/DerivedData/Build/Intermediates.noindex/Paperloft.build/Release/PaperloftApp.build/Objects-normal/arm64/PaperloftApp-OutputFileMap.json -save-temps -no-color-diagnostics -explicit-module-build -module-cache-path /Users/builder/Factory/paperloft/evidence/checkouts/p2-checkpoint47fdb2c/build/DerivedData/Build/Intermediates.noindex/SwiftExplicitPrecompiledModules -clang-scanner-module-cache-path /Users/builder/Factory/paperloft/evidence/checkouts/p2-checkpoint47fdb2c/build/DerivedData/ModuleCache.noindex -sdk-module-cache-path /Users/builder/Factory/paperloft/evidence/checkouts/p2-checkpoint47fdb2c/build/DerivedData/SDKExplicitPrecompiledModules -emit-dependencies -emit-module -emit-module-path /Users/builder/Factory/paperloft/evidence/checkouts/p2-checkpoint47fdb2c/build/DerivedData/Build/Intermediates.noindex/Paperloft.build/Release/PaperloftApp.build/Objects-normal/arm64/Paperloft_Receipts.swiftmodule -serialize-diagnostics -dependency-scan-serialize-diagnostics-path /Users/builder/Factory/paperloft/evidence/checkouts/p2-checkpoint47fdb2c/build/DerivedData/Build/Intermediates.noindex/Paperloft.build/Release/PaperloftApp.build/Objects-normal/arm64/Paperloft_Receipts-dependency-scan.dia -validate-clang-modules-once -clang-build-session-file /Users/builder/Factory/paperloft/evidence/checkouts/p2-checkpoint47fdb2c/build/DerivedData/ModuleCache.noindex/Session.modulevalidation -Xcc -fmodules-prune-interval\=86400 -Xcc -fmodules-prune-after\=345600 -emit-const-values -const-gather-protocols-list /Users/builder/Factory/paperloft/evidence/checkouts/p2-checkpoint47fdb2c/build/DerivedData/Build/Intermediates.noindex/Paperloft.build/Release/PaperloftApp.build/Objects-normal/arm64/PaperloftApp_const_extract_protocols.json -Xcc -iquote -Xcc /Users/builder/Factory/paperloft/evidence/checkouts/p2-checkpoint47fdb2c/build/DerivedData/Build/Intermediates.noindex/Paperloft.build/Release/PaperloftApp.build/Paperloft\ Receipts-generated-files.hmap -Xcc -I/Users/builder/Factory/paperloft/evidence/checkouts/p2-checkpoint47fdb2c/build/DerivedData/Build/Intermediates.noindex/Paperloft.build/Release/PaperloftApp.build/Paperloft\ Receipts-own-target-headers.hmap -Xcc -I/Users/builder/Factory/paperloft/evidence/checkouts/p2-checkpoint47fdb2c/build/DerivedData/Build/Intermediates.noindex/Paperloft.build/Release/PaperloftApp.build/Paperloft\ Receipts-all-non-framework-target-headers.hmap -Xcc -ivfsoverlay -Xcc /Users/builder/Factory/paperloft/evidence/checkouts/p2-checkpoint47fdb2c/build/DerivedData/Build/Intermediates.noindex/Paperloft.build/Release/Paperloft-b93ddc6bcd4d234a5473ab01ad3589c4-VFS/all-product-headers.yaml -Xcc -iquote -Xcc /Users/builder/Factory/paperloft/evidence/checkouts/p2-checkpoint47fdb2c/build/DerivedData/Build/Intermediates.noindex/Paperloft.build/Release/PaperloftApp.build/Paperloft\ Receipts-project-headers.hmap -Xcc -I/Users/builder/Factory/paperloft/evidence/checkouts/p2-checkpoint47fdb2c/build/DerivedData/Build/Products/Release/include -Xcc -I/Users/builder/Factory/paperloft/evidence/checkouts/p2-checkpoint47fdb2c/build/DerivedData/Build/Intermediates.noindex/Paperloft.build/Release/PaperloftApp.build/DerivedSources-normal/arm64 -Xcc -I/Users/builder/Factory/paperloft/evidence/checkouts/p2-checkpoint47fdb2c/build/DerivedData/Build/Intermediates.noindex/Paperloft.build/Release/PaperloftApp.build/DerivedSources/arm64 -Xcc -I/Users/builder/Factory/paperloft/evidence/checkouts/p2-checkpoint47fdb2c/build/DerivedData/Build/Intermediates.noindex/Paperloft.build/Release/PaperloftApp.build/DerivedSources -emit-objc-header -emit-objc-header-path /Users/builder/Factory/paperloft/evidence/checkouts/p2-checkpoint47fdb2c/build/DerivedData/Build/Intermediates.noindex/Paperloft.build/Release/PaperloftApp.build/Objects-normal/arm64/Paperloft_Receipts-Swift.h -working-directory /Users/builder/Factory/paperloft/evidence/checkouts/p2-checkpoint47fdb2c -experimental-emit-module-separately -disable-cmo

Ld /Users/builder/Factory/paperloft/evidence/checkouts/p2-checkpoint47fdb2c/build/DerivedData/Build/Products/Release/Paperloft\ Receipts.app/Contents/MacOS/Paperloft\ Receipts normal (in target 'PaperloftApp' from project 'Paperloft')
    cd /Users/builder/Factory/paperloft/evidence/checkouts/p2-checkpoint47fdb2c
    /Applications/Xcode.app/Contents/Developer/Toolchains/XcodeDefault.xctoolchain/usr/bin/clang -Xlinker -reproducible -target arm64-apple-macos27.0 -isysroot /Applications/Xcode.app/Contents/Developer/Platforms/MacOSX.platform/Developer/SDKs/MacOSX27.0.sdk -Os -Xlinker -no_warn_duplicate_libraries -L/Users/builder/Factory/paperloft/evidence/checkouts/p2-checkpoint47fdb2c/build/DerivedData/Build/Intermediates.noindex/EagerLinkingTBDs/Release -L/Users/builder/Factory/paperloft/evidence/checkouts/p2-checkpoint47fdb2c/build/DerivedData/Build/Products/Release -F/Users/builder/Factory/paperloft/evidence/checkouts/p2-checkpoint47fdb2c/build/DerivedData/Build/Intermediates.noindex/EagerLinkingTBDs/Release -F/Users/builder/Factory/paperloft/evidence/checkouts/p2-checkpoint47fdb2c/build/DerivedData/Build/Products/Release/PackageFrameworks -F/Users/builder/Factory/paperloft/evidence/checkouts/p2-checkpoint47fdb2c/build/DerivedData/Build/Products/Release -filelist /Users/builder/Factory/paperloft/evidence/checkouts/p2-checkpoint47fdb2c/build/DerivedData/Build/Intermediates.noindex/Paperloft.build/Release/PaperloftApp.build/Objects-normal/arm64/Paperloft\ Receipts.LinkFileList -Xlinker -object_path_lto -Xlinker /Users/builder/Factory/paperloft/evidence/checkouts/p2-checkpoint47fdb2c/build/DerivedData/Build/Intermediates.noindex/Paperloft.build/Release/PaperloftApp.build/Objects-normal/arm64/Paperloft\ Receipts_lto.o -Xlinker -debug_variant -Xlinker -dependency_info -Xlinker /Users/builder/Factory/paperloft/evidence/checkouts/p2-checkpoint47fdb2c/build/DerivedData/Build/Intermediates.noindex/Paperloft.build/Release/PaperloftApp.build/Objects-normal/arm64/Paperloft\ Receipts_dependency_info.dat -fobjc-link-runtime -fprofile-instr-generate -L/Applications/Xcode.app/Contents/Developer/Toolchains/XcodeDefault.xctoolchain/usr/lib/swift/macosx -L/usr/lib/swift -Xlinker -add_ast_path -Xlinker /Users/builder/Factory/paperloft/evidence/checkouts/p2-checkpoint47fdb2c/build/DerivedData/Build/Intermediates.noindex/Paperloft.build/Release/PaperloftApp.build/Objects-normal/arm64/Paperloft_Receipts.swiftmodule -Xlinker -no_adhoc_codesign -o /Users/builder/Factory/paperloft/evidence/checkouts/p2-checkpoint47fdb2c/build/DerivedData/Build/Products/Release/Paperloft\ Receipts.app/Contents/MacOS/Paperloft\ Receipts

CopySwiftLibs /Users/builder/Factory/paperloft/evidence/checkouts/p2-checkpoint47fdb2c/build/DerivedData/Build/Products/Release/Paperloft\ Receipts.app (in target 'PaperloftApp' from project 'Paperloft')
    cd /Users/builder/Factory/paperloft/evidence/checkouts/p2-checkpoint47fdb2c
    builtin-swiftStdLibTool --copy --verbose --sign - --scan-executable /Users/builder/Factory/paperloft/evidence/checkouts/p2-checkpoint47fdb2c/build/DerivedData/Build/Products/Release/Paperloft\ Receipts.app/Contents/MacOS/Paperloft\ Receipts --scan-folder /Users/builder/Factory/paperloft/evidence/checkouts/p2-checkpoint47fdb2c/build/DerivedData/Build/Products/Release/Paperloft\ Receipts.app/Contents/Frameworks --scan-folder /Users/builder/Factory/paperloft/evidence/checkouts/p2-checkpoint47fdb2c/build/DerivedData/Build/Products/Release/Paperloft\ Receipts.app/Contents/PlugIns --scan-folder /Users/builder/Factory/paperloft/evidence/checkouts/p2-checkpoint47fdb2c/build/DerivedData/Build/Products/Release/Paperloft\ Receipts.app/Contents/Library/SystemExtensions --scan-folder /Users/builder/Factory/paperloft/evidence/checkouts/p2-checkpoint47fdb2c/build/DerivedData/Build/Products/Release/Paperloft\ Receipts.app/Contents/Extensions --platform macosx --toolchain /Applications/Xcode.app/Contents/Developer/Toolchains/XcodeDefault.xctoolchain --destination /Users/builder/Factory/paperloft/evidence/checkouts/p2-checkpoint47fdb2c/build/DerivedData/Build/Products/Release/Paperloft\ Receipts.app/Contents/Frameworks --strip-bitcode --strip-bitcode-tool /Applications/Xcode.app/Contents/Developer/Toolchains/XcodeDefault.xctoolchain/usr/bin/bitcode_strip --emit-dependency-info /Users/builder/Factory/paperloft/evidence/checkouts/p2-checkpoint47fdb2c/build/DerivedData/Build/Intermediates.noindex/Paperloft.build/Release/PaperloftApp.build/SwiftStdLibToolInputDependencies.dep --filter-for-swift-os

ExtractAppIntentsMetadata (in target 'PaperloftApp' from project 'Paperloft')
    cd /Users/builder/Factory/paperloft/evidence/checkouts/p2-checkpoint47fdb2c
    /Applications/Xcode.app/Contents/Developer/Toolchains/XcodeDefault.xctoolchain/usr/bin/appintentsmetadataprocessor --toolchain-dir /Applications/Xcode.app/Contents/Developer/Toolchains/XcodeDefault.xctoolchain --module-name Paperloft_Receipts --sdk-root /Applications/Xcode.app/Contents/Developer/Platforms/MacOSX.platform/Developer/SDKs/MacOSX27.0.sdk --xcode-version 27A266a --platform-family macOS --deployment-target 27.0 --bundle-identifier app.paperloft.receipts --output /Users/builder/Factory/paperloft/evidence/checkouts/p2-checkpoint47fdb2c/build/DerivedData/Build/Products/Release/Paperloft\ Receipts.app/Contents/Resources --target-triple arm64-apple-macos27.0 --binary-file /Users/builder/Factory/paperloft/evidence/checkouts/p2-checkpoint47fdb2c/build/DerivedData/Build/Products/Release/Paperloft\ Receipts.app/Contents/MacOS/Paperloft\ Receipts --dependency-file /Users/builder/Factory/paperloft/evidence/checkouts/p2-checkpoint47fdb2c/build/DerivedData/Build/Intermediates.noindex/Paperloft.build/Release/PaperloftApp.build/Objects-normal/arm64/Paperloft\ Receipts_dependency_info.dat --stringsdata-file /Users/builder/Factory/paperloft/evidence/checkouts/p2-checkpoint47fdb2c/build/DerivedData/Build/Intermediates.noindex/Paperloft.build/Release/PaperloftApp.build/Objects-normal/arm64/ExtractedAppShortcutsMetadata.stringsdata --source-file-list /Users/builder/Factory/paperloft/evidence/checkouts/p2-checkpoint47fdb2c/build/DerivedData/Build/Intermediates.noindex/Paperloft.build/Release/PaperloftApp.build/Objects-normal/arm64/Paperloft\ Receipts.SwiftFileList --metadata-file-list /Users/builder/Factory/paperloft/evidence/checkouts/p2-checkpoint47fdb2c/build/DerivedData/Build/Intermediates.noindex/Paperloft.build/Release/PaperloftApp.build/Paperloft\ Receipts.DependencyMetadataFileList --static-metadata-file-list /Users/builder/Factory/paperloft/evidence/checkouts/p2-checkpoint47fdb2c/build/DerivedData/Build/Intermediates.noindex/Paperloft.build/Release/PaperloftApp.build/Paperloft\ Receipts.DependencyStaticMetadataFileList --swift-const-vals-list /Users/builder/Factory/paperloft/evidence/checkouts/p2-checkpoint47fdb2c/build/DerivedData/Build/Intermediates.noindex/Paperloft.build/Release/PaperloftApp.build/Objects-normal/arm64/Paperloft\ Receipts.SwiftConstValuesFileList --compile-time-extraction --deployment-aware-processing --no-app-shortcuts-localization
2026-09-26 22:29:31.208 appintentsmetadataprocessor[47476:1028463] Starting appintentsmetadataprocessor export
2026-09-26 22:29:31.260 appintentsmetadataprocessor[47476:1028463] Extracted no relevant App Intents symbols, skipping writing output

CodeSign /Users/builder/Factory/paperloft/evidence/checkouts/p2-checkpoint47fdb2c/build/DerivedData/Build/Products/Release/Paperloft\ Receipts.app (in target 'PaperloftApp' from project 'Paperloft')
    cd /Users/builder/Factory/paperloft/evidence/checkouts/p2-checkpoint47fdb2c
    
    Signing Identity:     "Sign to Run Locally"
    
    /usr/bin/codesign --force --sign - --entitlements /Users/builder/Factory/paperloft/evidence/checkouts/p2-checkpoint47fdb2c/build/DerivedData/Build/Intermediates.noindex/Paperloft.build/Release/PaperloftApp.build/Paperloft\ Receipts.app.xcent --timestamp\=none --generate-entitlement-der /Users/builder/Factory/paperloft/evidence/checkouts/p2-checkpoint47fdb2c/build/DerivedData/Build/Products/Release/Paperloft\ Receipts.app

RegisterExecutionPolicyException /Users/builder/Factory/paperloft/evidence/checkouts/p2-checkpoint47fdb2c/build/DerivedData/Build/Products/Release/Paperloft\ Receipts.app (in target 'PaperloftApp' from project 'Paperloft')
    cd /Users/builder/Factory/paperloft/evidence/checkouts/p2-checkpoint47fdb2c
    builtin-RegisterExecutionPolicyException /Users/builder/Factory/paperloft/evidence/checkouts/p2-checkpoint47fdb2c/build/DerivedData/Build/Products/Release/Paperloft\ Receipts.app

Validate /Users/builder/Factory/paperloft/evidence/checkouts/p2-checkpoint47fdb2c/build/DerivedData/Build/Products/Release/Paperloft\ Receipts.app (in target 'PaperloftApp' from project 'Paperloft')
    cd /Users/builder/Factory/paperloft/evidence/checkouts/p2-checkpoint47fdb2c
    builtin-validationUtility /Users/builder/Factory/paperloft/evidence/checkouts/p2-checkpoint47fdb2c/build/DerivedData/Build/Products/Release/Paperloft\ Receipts.app -no-validate-extension -infoplist-subpath Contents/Info.plist

Touch /Users/builder/Factory/paperloft/evidence/checkouts/p2-checkpoint47fdb2c/build/DerivedData/Build/Products/Release/Paperloft\ Receipts.app (in target 'PaperloftApp' from project 'Paperloft')
    cd /Users/builder/Factory/paperloft/evidence/checkouts/p2-checkpoint47fdb2c
    /usr/bin/touch -c /Users/builder/Factory/paperloft/evidence/checkouts/p2-checkpoint47fdb2c/build/DerivedData/Build/Products/Release/Paperloft\ Receipts.app

RegisterWithLaunchServices /Users/builder/Factory/paperloft/evidence/checkouts/p2-checkpoint47fdb2c/build/DerivedData/Build/Products/Release/Paperloft\ Receipts.app (in target 'PaperloftApp' from project 'Paperloft')
    cd /Users/builder/Factory/paperloft/evidence/checkouts/p2-checkpoint47fdb2c
    builtin-lsregisterurl --record-path /Users/builder/Factory/paperloft/evidence/checkouts/p2-checkpoint47fdb2c/build/DerivedData/Build/Intermediates.noindex/XCBuildData/registered-launchservices.txt -- /System/Library/Frameworks/CoreServices.framework/Versions/Current/Frameworks/LaunchServices.framework/Versions/Current/Support/lsregister -f -R -trusted /Users/builder/Factory/paperloft/evidence/checkouts/p2-checkpoint47fdb2c/build/DerivedData/Build/Products/Release/Paperloft\ Receipts.app

PruneExplicitPrecompiledModules /Users/builder/Factory/paperloft/evidence/checkouts/p2-checkpoint47fdb2c/build/DerivedData/Build/Intermediates.noindex/ExplicitPrecompiledModules

PruneExplicitPrecompiledModules /Users/builder/Factory/paperloft/evidence/checkouts/p2-checkpoint47fdb2c/build/DerivedData/SDKExplicitPrecompiledModules

PruneExplicitPrecompiledModules /Users/builder/Factory/paperloft/evidence/checkouts/p2-checkpoint47fdb2c/build/DerivedData/Build/Intermediates.noindex/SwiftExplicitPrecompiledModules

** BUILD SUCCEEDED **

Local CI passed. Results: build/Tests-20260926-222804.xcresult
