Paperloft factory pre-flight  2026-09-26 19:28:40  user=builder  repo=/Users/builder/Factory/paperloft

== Machine ==
PASS   macOS 27.0
PASS   Apple silicon
PASS   user 'builder' is a Standard user
PASS   247 GB free
PASS   Retina-class display connected

== Power, sleep, lock, updates ==
WARN   local development on battery (92%); stop below 30%; release still requires wall power
PASS   pmset sleep 0
PASS   pmset displaysleep 0
PASS   pmset disksleep 0
WARN   pmset autorestart is unset; fix: sudo pmset -a autorestart 1
PASS   screen saver never starts
PASS   screen lock is off
PASS   automatic macOS update install off
PASS   automatic security responses off
PASS   App Store automatic updates off (Xcode will not update mid-run)
PASS   Time Machine automatic backups off
PASS   BluetoothAutoSeekKeyboard off
PASS   BluetoothAutoSeekPointingDevice off

== Xcode and UI automation ==
PASS   xcode-select: /Applications/Xcode.app/Contents/Developer
PASS   Xcode 27.0
PASS   Xcode first launch complete
PASS   developer mode enabled
PASS   builder is in _developer
PASS   UI automation needs no password

== Signing and keychain ==
MANUAL DEFERRED (local development only): no valid 'Apple Development' identity; create it in Xcode > Settings > Accounts > Manage Certificates (section 3.3)
MANUAL DEFERRED (local development only): no valid 'Apple Distribution' identity; create it in Xcode > Settings > Accounts > Manage Certificates (section 3.3)
MANUAL DEFERRED (local development only): no Mac Installer Distribution identity; create it in Xcode > Settings > Accounts > Manage Certificates
PASS   login keychain does not auto-lock

== Secrets and App Store Connect ==
PASS   secrets file present, mode 600
MANUAL DEFERRED (local development only): ASC_KEY_ID requires active membership before release
MANUAL DEFERRED (local development only): ASC_ISSUER_ID requires active membership before release
MANUAL DEFERRED (local development only): ASC_KEY_PATH requires active membership before release
MANUAL DEFERRED (local development only): TEAM_ID requires active membership before release
PASS   BUNDLE_ID set
PASS   APP_NAME set
PASS   SUPPORT_EMAIL set
PASS   SITE_DOMAIN set
PASS   LEGAL_ENTITY set
MANUAL DEFERRED (local development only): App Store Connect key file not found at '/Users/builder/.appstoreconnect/private_keys/AuthKey_ABC123DEFG.p8'
MANUAL DEFERRED (local development only): no signing identity for team ABCDE12345
MANUAL DEFERRED (local development only): App Store Connect API, app record and products require full preflight before release

== Apple Intelligence ==
PASS   on-device model available

== Repo and GitHub ==
PASS   repo is under /Users/builder/Factory
PASS   git repository
PASS   origin uses the github-paperloft deploy key
MANUAL DEFERRED (local development only): tag acceptance-v1 missing; commit the kit, tag it and push (section 3.5)
PASS   ssh github-paperloft
PASS   ssh github-paperloft-site
PASS   site repo cloned at /Users/builder/Factory/paperloft-site

== Site domain ==
PASS   paperloft.app points at GitHub Pages

== Confirm by hand (not readable from a script) ==
MANUAL Focus: Do Not Disturb on, always, no allowed people or apps
MANUAL Codex: Full access for this project; Prevent sleep while running on; notifications off; memories off
MANUAL Computer Use: Screen Recording and Accessibility granted; Locked use on; Always allow Xcode, Finder, Preview (and the app after the shakedown)
MANUAL GitHub rulesets: no force-push to main; acceptance-* tags cannot be updated or deleted
MANUAL App Store Connect: Paid Apps Agreement active; Small Business Program enrolled

Summary: 37 PASS, 2 WARN, 0 FAIL, 0 TFAIL, 16 MANUAL
GO: LOCAL DEVELOPMENT ONLY. Distribution signing, upload and release remain blocked.
PASS: pre-tag protected files and existing hashes. Formal acceptance baseline is still deferred.
Command line invocation:
    /Applications/Xcode.app/Contents/Developer/usr/bin/xcodebuild -project Paperloft.xcodeproj -scheme PaperloftApp -destination platform=macOS -derivedDataPath build/DerivedData SWIFT_TREAT_WARNINGS_AS_ERRORS=YES -configuration Debug clean build

Build settings from command line:
    SWIFT_TREAT_WARNINGS_AS_ERRORS = YES

Resolve Package Graph


Resolved source packages:
  PaperloftKit: /Users/builder/Factory/paperloft/Packages/PaperloftKit @ local

CreateBuildRequest

SendProjectDescription

CreateBuildOperation

** CLEAN SUCCEEDED **

ComputePackagePrebuildTargetDependencyGraph

Prepare packages

CreateBuildRequest

SendProjectDescription

CreateBuildOperation

ComputeTargetDependencyGraph
note: Building targets in dependency order
note: Target dependency graph (3 targets)
    Target 'PaperloftApp' in project 'Paperloft'
        ➜ Explicit dependency on target 'PaperloftKit-product' in project 'PaperloftKit'
    Target 'PaperloftKit-product' in project 'PaperloftKit'
        ➜ Explicit dependency on target 'PaperloftKit' in project 'PaperloftKit'
    Target 'PaperloftKit' in project 'PaperloftKit' (no dependencies)

GatherProvisioningInputs

CreateBuildDescription

ExecuteExternalTool /Applications/Xcode.app/Contents/Developer/Toolchains/XcodeDefault.xctoolchain/usr/bin/swiftc --version

ExecuteExternalTool /Applications/Xcode.app/Contents/Developer/Toolchains/XcodeDefault.xctoolchain/usr/bin/clang -v -E -dM -isysroot /Applications/Xcode.app/Contents/Developer/Platforms/MacOSX.platform/Developer/SDKs/MacOSX27.0.sdk -x c -c /dev/null

ExecuteExternalTool /Applications/Xcode.app/Contents/Developer/Toolchains/XcodeDefault.xctoolchain/usr/bin/ld -version_details

Build description signature: 2e3ab3c9e16565da70db827a755ead1d
Build description path: /Users/builder/Factory/paperloft/build/DerivedData/Build/Intermediates.noindex/XCBuildData/2e3ab3c9e16565da70db827a755ead1d.xcbuilddata
CreateBuildDirectory /Users/builder/Factory/paperloft/build/DerivedData/SDKExplicitPrecompiledModules
    cd /Users/builder/Factory/paperloft/Paperloft.xcodeproj
    builtin-create-build-directory /Users/builder/Factory/paperloft/build/DerivedData/SDKExplicitPrecompiledModules

CreateBuildDirectory /Users/builder/Factory/paperloft/build/DerivedData/ModuleCache.noindex
    cd /Users/builder/Factory/paperloft/Paperloft.xcodeproj
    builtin-create-build-directory /Users/builder/Factory/paperloft/build/DerivedData/ModuleCache.noindex

CreateBuildDirectory /Users/builder/Factory/paperloft/build/DerivedData/CompilationCache.noindex
    cd /Users/builder/Factory/paperloft/Paperloft.xcodeproj
    builtin-create-build-directory /Users/builder/Factory/paperloft/build/DerivedData/CompilationCache.noindex

CreateBuildDirectory /Users/builder/Factory/paperloft/build/DerivedData/Build/Intermediates.noindex
    cd /Users/builder/Factory/paperloft/Paperloft.xcodeproj
    builtin-create-build-directory /Users/builder/Factory/paperloft/build/DerivedData/Build/Intermediates.noindex

CreateBuildDirectory /Users/builder/Factory/paperloft/build/DerivedData/Build/Products
    cd /Users/builder/Factory/paperloft/Paperloft.xcodeproj
    builtin-create-build-directory /Users/builder/Factory/paperloft/build/DerivedData/Build/Products

ClangStatCache /Applications/Xcode.app/Contents/Developer/Toolchains/XcodeDefault.xctoolchain/usr/bin/clang-stat-cache /Applications/Xcode.app/Contents/Developer/Platforms/MacOSX.platform/Developer/SDKs/MacOSX27.0.sdk /Users/builder/Factory/paperloft/build/DerivedData/SDKStatCaches.noindex/macosx27.0-26A425-7231f6df4def33e022ae2eb8f782df1a.sdkstatcache
    cd /Users/builder/Factory/paperloft/Paperloft.xcodeproj
    /Applications/Xcode.app/Contents/Developer/Toolchains/XcodeDefault.xctoolchain/usr/bin/clang-stat-cache /Applications/Xcode.app/Contents/Developer/Platforms/MacOSX.platform/Developer/SDKs/MacOSX27.0.sdk -o /Users/builder/Factory/paperloft/build/DerivedData/SDKStatCaches.noindex/macosx27.0-26A425-7231f6df4def33e022ae2eb8f782df1a.sdkstatcache

CreateBuildDirectory /Users/builder/Factory/paperloft/build/DerivedData/Build/Intermediates.noindex/SwiftExplicitPrecompiledModules
    cd /Users/builder/Factory/paperloft/Paperloft.xcodeproj
    builtin-create-build-directory /Users/builder/Factory/paperloft/build/DerivedData/Build/Intermediates.noindex/SwiftExplicitPrecompiledModules

CreateBuildDirectory /Users/builder/Factory/paperloft/build/DerivedData/Build/Intermediates.noindex/ExplicitPrecompiledModules
    cd /Users/builder/Factory/paperloft/Paperloft.xcodeproj
    builtin-create-build-directory /Users/builder/Factory/paperloft/build/DerivedData/Build/Intermediates.noindex/ExplicitPrecompiledModules

CreateBuildDirectory /Users/builder/Factory/paperloft/build/DerivedData/Build/Intermediates.noindex/PrecompiledHeaders
    cd /Users/builder/Factory/paperloft/Paperloft.xcodeproj
    builtin-create-build-directory /Users/builder/Factory/paperloft/build/DerivedData/Build/Intermediates.noindex/PrecompiledHeaders

CreateBuildDirectory /Users/builder/Factory/paperloft/build/DerivedData/Build/Intermediates.noindex/EagerLinkingTBDs/Debug
    cd /Users/builder/Factory/paperloft/Paperloft.xcodeproj
    builtin-create-build-directory /Users/builder/Factory/paperloft/build/DerivedData/Build/Intermediates.noindex/EagerLinkingTBDs/Debug

CreateBuildDirectory /Users/builder/Factory/paperloft/build/DerivedData/Build/Products/Debug
    cd /Users/builder/Factory/paperloft/Paperloft.xcodeproj
    builtin-create-build-directory /Users/builder/Factory/paperloft/build/DerivedData/Build/Products/Debug

WriteAuxiliaryFile /Users/builder/Factory/paperloft/build/DerivedData/Build/Intermediates.noindex/Paperloft.build/Debug/Paperloft-b93ddc6bcd4d234a5473ab01ad3589c4-VFS/all-product-headers.yaml
    cd /Users/builder/Factory/paperloft/Paperloft.xcodeproj
    write-file /Users/builder/Factory/paperloft/build/DerivedData/Build/Intermediates.noindex/Paperloft.build/Debug/Paperloft-b93ddc6bcd4d234a5473ab01ad3589c4-VFS/all-product-headers.yaml

CreateBuildDirectory /Users/builder/Factory/paperloft/build/DerivedData/Build/Products/Debug/PackageFrameworks
    cd /Users/builder/Factory/paperloft/Paperloft.xcodeproj
    builtin-create-build-directory /Users/builder/Factory/paperloft/build/DerivedData/Build/Products/Debug/PackageFrameworks

WriteAuxiliaryFile /Users/builder/Factory/paperloft/build/DerivedData/Build/Intermediates.noindex/PaperloftKit.build/Debug/PaperloftKit-t.build/PaperloftKit.DependencyMetadataFileList (in target 'PaperloftKit' from project 'PaperloftKit')
    cd /Users/builder/Factory/paperloft/Packages/PaperloftKit
    write-file /Users/builder/Factory/paperloft/build/DerivedData/Build/Intermediates.noindex/PaperloftKit.build/Debug/PaperloftKit-t.build/PaperloftKit.DependencyMetadataFileList

WriteAuxiliaryFile /Users/builder/Factory/paperloft/build/DerivedData/Build/Intermediates.noindex/PaperloftKit.build/Debug/PaperloftKit-t.build/PaperloftKit.DependencyStaticMetadataFileList (in target 'PaperloftKit' from project 'PaperloftKit')
    cd /Users/builder/Factory/paperloft/Packages/PaperloftKit
    write-file /Users/builder/Factory/paperloft/build/DerivedData/Build/Intermediates.noindex/PaperloftKit.build/Debug/PaperloftKit-t.build/PaperloftKit.DependencyStaticMetadataFileList

WriteAuxiliaryFile /Users/builder/Factory/paperloft/build/DerivedData/Build/Intermediates.noindex/PaperloftKit.build/Debug/PaperloftKit-t.build/PaperloftKit.modulemap (in target 'PaperloftKit' from project 'PaperloftKit')
    cd /Users/builder/Factory/paperloft/Packages/PaperloftKit
    write-file /Users/builder/Factory/paperloft/build/DerivedData/Build/Intermediates.noindex/PaperloftKit.build/Debug/PaperloftKit-t.build/PaperloftKit.modulemap

WriteAuxiliaryFile /Users/builder/Factory/paperloft/build/DerivedData/Build/Intermediates.noindex/PaperloftKit.build/Debug/PaperloftKit-t.build/Objects-normal/arm64/PaperloftKit_const_extract_protocols.json (in target 'PaperloftKit' from project 'PaperloftKit')
    cd /Users/builder/Factory/paperloft/Packages/PaperloftKit
    write-file /Users/builder/Factory/paperloft/build/DerivedData/Build/Intermediates.noindex/PaperloftKit.build/Debug/PaperloftKit-t.build/Objects-normal/arm64/PaperloftKit_const_extract_protocols.json

WriteAuxiliaryFile /Users/builder/Factory/paperloft/build/DerivedData/Build/Intermediates.noindex/PaperloftKit.build/Debug/PaperloftKit-t.build/Objects-normal/arm64/PaperloftKit.SwiftFileList (in target 'PaperloftKit' from project 'PaperloftKit')
    cd /Users/builder/Factory/paperloft/Packages/PaperloftKit
    write-file /Users/builder/Factory/paperloft/build/DerivedData/Build/Intermediates.noindex/PaperloftKit.build/Debug/PaperloftKit-t.build/Objects-normal/arm64/PaperloftKit.SwiftFileList

WriteAuxiliaryFile /Users/builder/Factory/paperloft/build/DerivedData/Build/Intermediates.noindex/PaperloftKit.build/Debug/PaperloftKit-t.build/Objects-normal/arm64/PaperloftKit.SwiftConstValuesFileList (in target 'PaperloftKit' from project 'PaperloftKit')
    cd /Users/builder/Factory/paperloft/Packages/PaperloftKit
    write-file /Users/builder/Factory/paperloft/build/DerivedData/Build/Intermediates.noindex/PaperloftKit.build/Debug/PaperloftKit-t.build/Objects-normal/arm64/PaperloftKit.SwiftConstValuesFileList

WriteAuxiliaryFile /Users/builder/Factory/paperloft/build/DerivedData/Build/Intermediates.noindex/PaperloftKit.build/Debug/PaperloftKit-t.build/Objects-normal/arm64/PaperloftKit.LinkFileList (in target 'PaperloftKit' from project 'PaperloftKit')
    cd /Users/builder/Factory/paperloft/Packages/PaperloftKit
    write-file /Users/builder/Factory/paperloft/build/DerivedData/Build/Intermediates.noindex/PaperloftKit.build/Debug/PaperloftKit-t.build/Objects-normal/arm64/PaperloftKit.LinkFileList

WriteAuxiliaryFile /Users/builder/Factory/paperloft/build/DerivedData/Build/Intermediates.noindex/PaperloftKit.build/Debug/PaperloftKit-t.build/Objects-normal/arm64/PaperloftKit-OutputFileMap.json (in target 'PaperloftKit' from project 'PaperloftKit')
    cd /Users/builder/Factory/paperloft/Packages/PaperloftKit
    write-file /Users/builder/Factory/paperloft/build/DerivedData/Build/Intermediates.noindex/PaperloftKit.build/Debug/PaperloftKit-t.build/Objects-normal/arm64/PaperloftKit-OutputFileMap.json

WriteAuxiliaryFile /Users/builder/Factory/paperloft/build/DerivedData/Build/Intermediates.noindex/Paperloft.build/Debug/PaperloftApp.build/Paperloft\ Receipts.hmap (in target 'PaperloftApp' from project 'Paperloft')
    cd /Users/builder/Factory/paperloft
    write-file /Users/builder/Factory/paperloft/build/DerivedData/Build/Intermediates.noindex/Paperloft.build/Debug/PaperloftApp.build/Paperloft\ Receipts.hmap

WriteAuxiliaryFile /Users/builder/Factory/paperloft/build/DerivedData/Build/Intermediates.noindex/Paperloft.build/Debug/PaperloftApp.build/empty-Paperloft\ Receipts.plist (in target 'PaperloftApp' from project 'Paperloft')
    cd /Users/builder/Factory/paperloft
    write-file /Users/builder/Factory/paperloft/build/DerivedData/Build/Intermediates.noindex/Paperloft.build/Debug/PaperloftApp.build/empty-Paperloft\ Receipts.plist

WriteAuxiliaryFile /Users/builder/Factory/paperloft/build/DerivedData/Build/Intermediates.noindex/Paperloft.build/Debug/PaperloftApp.build/Paperloft\ Receipts.DependencyStaticMetadataFileList (in target 'PaperloftApp' from project 'Paperloft')
    cd /Users/builder/Factory/paperloft
    write-file /Users/builder/Factory/paperloft/build/DerivedData/Build/Intermediates.noindex/Paperloft.build/Debug/PaperloftApp.build/Paperloft\ Receipts.DependencyStaticMetadataFileList

WriteAuxiliaryFile /Users/builder/Factory/paperloft/build/DerivedData/Build/Intermediates.noindex/Paperloft.build/Debug/PaperloftApp.build/Paperloft\ Receipts.DependencyMetadataFileList (in target 'PaperloftApp' from project 'Paperloft')
    cd /Users/builder/Factory/paperloft
    write-file /Users/builder/Factory/paperloft/build/DerivedData/Build/Intermediates.noindex/Paperloft.build/Debug/PaperloftApp.build/Paperloft\ Receipts.DependencyMetadataFileList

WriteAuxiliaryFile /Users/builder/Factory/paperloft/build/DerivedData/Build/Intermediates.noindex/Paperloft.build/Debug/PaperloftApp.build/Paperloft\ Receipts-project-headers.hmap (in target 'PaperloftApp' from project 'Paperloft')
    cd /Users/builder/Factory/paperloft
    write-file /Users/builder/Factory/paperloft/build/DerivedData/Build/Intermediates.noindex/Paperloft.build/Debug/PaperloftApp.build/Paperloft\ Receipts-project-headers.hmap

WriteAuxiliaryFile /Users/builder/Factory/paperloft/build/DerivedData/Build/Intermediates.noindex/Paperloft.build/Debug/PaperloftApp.build/Paperloft\ Receipts-own-target-headers.hmap (in target 'PaperloftApp' from project 'Paperloft')
    cd /Users/builder/Factory/paperloft
    write-file /Users/builder/Factory/paperloft/build/DerivedData/Build/Intermediates.noindex/Paperloft.build/Debug/PaperloftApp.build/Paperloft\ Receipts-own-target-headers.hmap

WriteAuxiliaryFile /Users/builder/Factory/paperloft/build/DerivedData/Build/Intermediates.noindex/Paperloft.build/Debug/PaperloftApp.build/Paperloft\ Receipts-generated-files.hmap (in target 'PaperloftApp' from project 'Paperloft')
    cd /Users/builder/Factory/paperloft
    write-file /Users/builder/Factory/paperloft/build/DerivedData/Build/Intermediates.noindex/Paperloft.build/Debug/PaperloftApp.build/Paperloft\ Receipts-generated-files.hmap

WriteAuxiliaryFile /Users/builder/Factory/paperloft/build/DerivedData/Build/Intermediates.noindex/Paperloft.build/Debug/PaperloftApp.build/Paperloft\ Receipts-all-target-headers.hmap (in target 'PaperloftApp' from project 'Paperloft')
    cd /Users/builder/Factory/paperloft
    write-file /Users/builder/Factory/paperloft/build/DerivedData/Build/Intermediates.noindex/Paperloft.build/Debug/PaperloftApp.build/Paperloft\ Receipts-all-target-headers.hmap

Copy /Users/builder/Factory/paperloft/build/DerivedData/Build/Intermediates.noindex/GeneratedModuleMaps/PaperloftKit.modulemap /Users/builder/Factory/paperloft/build/DerivedData/Build/Intermediates.noindex/PaperloftKit.build/Debug/PaperloftKit-t.build/PaperloftKit.modulemap (in target 'PaperloftKit' from project 'PaperloftKit')
    cd /Users/builder/Factory/paperloft/Packages/PaperloftKit
    builtin-copy -exclude .DS_Store -exclude CVS -exclude .svn -exclude .git -exclude .hg -resolve-src-symlinks /Users/builder/Factory/paperloft/build/DerivedData/Build/Intermediates.noindex/PaperloftKit.build/Debug/PaperloftKit-t.build/PaperloftKit.modulemap /Users/builder/Factory/paperloft/build/DerivedData/Build/Intermediates.noindex/GeneratedModuleMaps

WriteAuxiliaryFile /Users/builder/Factory/paperloft/build/DerivedData/Build/Intermediates.noindex/Paperloft.build/Debug/PaperloftApp.build/Paperloft\ Receipts-all-non-framework-target-headers.hmap (in target 'PaperloftApp' from project 'Paperloft')
    cd /Users/builder/Factory/paperloft
    write-file /Users/builder/Factory/paperloft/build/DerivedData/Build/Intermediates.noindex/Paperloft.build/Debug/PaperloftApp.build/Paperloft\ Receipts-all-non-framework-target-headers.hmap

WriteAuxiliaryFile /Users/builder/Factory/paperloft/build/DerivedData/Build/Intermediates.noindex/Paperloft.build/Debug/PaperloftApp.build/Paperloft\ Receipts-DebugDylibPath-normal-arm64.txt (in target 'PaperloftApp' from project 'Paperloft')
    cd /Users/builder/Factory/paperloft
    write-file /Users/builder/Factory/paperloft/build/DerivedData/Build/Intermediates.noindex/Paperloft.build/Debug/PaperloftApp.build/Paperloft\ Receipts-DebugDylibPath-normal-arm64.txt

WriteAuxiliaryFile /Users/builder/Factory/paperloft/build/DerivedData/Build/Intermediates.noindex/Paperloft.build/Debug/PaperloftApp.build/Paperloft\ Receipts-DebugDylibInstallName-normal-arm64.txt (in target 'PaperloftApp' from project 'Paperloft')
    cd /Users/builder/Factory/paperloft
    write-file /Users/builder/Factory/paperloft/build/DerivedData/Build/Intermediates.noindex/Paperloft.build/Debug/PaperloftApp.build/Paperloft\ Receipts-DebugDylibInstallName-normal-arm64.txt

WriteAuxiliaryFile /Users/builder/Factory/paperloft/build/DerivedData/Build/Intermediates.noindex/Paperloft.build/Debug/PaperloftApp.build/Objects-normal/arm64/PaperloftApp-OutputFileMap.json (in target 'PaperloftApp' from project 'Paperloft')
    cd /Users/builder/Factory/paperloft
    write-file /Users/builder/Factory/paperloft/build/DerivedData/Build/Intermediates.noindex/Paperloft.build/Debug/PaperloftApp.build/Objects-normal/arm64/PaperloftApp-OutputFileMap.json

WriteAuxiliaryFile /Users/builder/Factory/paperloft/build/DerivedData/Build/Intermediates.noindex/Paperloft.build/Debug/PaperloftApp.build/Objects-normal/arm64/PaperloftApp_const_extract_protocols.json (in target 'PaperloftApp' from project 'Paperloft')
    cd /Users/builder/Factory/paperloft
    write-file /Users/builder/Factory/paperloft/build/DerivedData/Build/Intermediates.noindex/Paperloft.build/Debug/PaperloftApp.build/Objects-normal/arm64/PaperloftApp_const_extract_protocols.json

WriteAuxiliaryFile /Users/builder/Factory/paperloft/build/DerivedData/Build/Intermediates.noindex/Paperloft.build/Debug/PaperloftApp.build/Objects-normal/arm64/Paperloft\ Receipts.SwiftFileList (in target 'PaperloftApp' from project 'Paperloft')
    cd /Users/builder/Factory/paperloft
    write-file /Users/builder/Factory/paperloft/build/DerivedData/Build/Intermediates.noindex/Paperloft.build/Debug/PaperloftApp.build/Objects-normal/arm64/Paperloft\ Receipts.SwiftFileList

WriteAuxiliaryFile /Users/builder/Factory/paperloft/build/DerivedData/Build/Intermediates.noindex/Paperloft.build/Debug/PaperloftApp.build/Objects-normal/arm64/Paperloft\ Receipts.SwiftConstValuesFileList (in target 'PaperloftApp' from project 'Paperloft')
    cd /Users/builder/Factory/paperloft
    write-file /Users/builder/Factory/paperloft/build/DerivedData/Build/Intermediates.noindex/Paperloft.build/Debug/PaperloftApp.build/Objects-normal/arm64/Paperloft\ Receipts.SwiftConstValuesFileList

WriteAuxiliaryFile /Users/builder/Factory/paperloft/build/DerivedData/Build/Intermediates.noindex/Paperloft.build/Debug/PaperloftApp.build/Objects-normal/arm64/Paperloft\ Receipts.LinkFileList (in target 'PaperloftApp' from project 'Paperloft')
    cd /Users/builder/Factory/paperloft
    write-file /Users/builder/Factory/paperloft/build/DerivedData/Build/Intermediates.noindex/Paperloft.build/Debug/PaperloftApp.build/Objects-normal/arm64/Paperloft\ Receipts.LinkFileList

WriteAuxiliaryFile /Users/builder/Factory/paperloft/build/DerivedData/Build/Intermediates.noindex/Paperloft.build/Debug/PaperloftApp.build/DerivedSources/Entitlements.plist (in target 'PaperloftApp' from project 'Paperloft')
    cd /Users/builder/Factory/paperloft
    write-file /Users/builder/Factory/paperloft/build/DerivedData/Build/Intermediates.noindex/Paperloft.build/Debug/PaperloftApp.build/DerivedSources/Entitlements.plist

MkDir /Users/builder/Factory/paperloft/build/DerivedData/Build/Products/Debug/Paperloft\ Receipts.app/Contents/Resources (in target 'PaperloftApp' from project 'Paperloft')
    cd /Users/builder/Factory/paperloft
    /bin/mkdir -p /Users/builder/Factory/paperloft/build/DerivedData/Build/Products/Debug/Paperloft\ Receipts.app/Contents/Resources

MkDir /Users/builder/Factory/paperloft/build/DerivedData/Build/Products/Debug/Paperloft\ Receipts.app/Contents/MacOS (in target 'PaperloftApp' from project 'Paperloft')
    cd /Users/builder/Factory/paperloft
    /bin/mkdir -p /Users/builder/Factory/paperloft/build/DerivedData/Build/Products/Debug/Paperloft\ Receipts.app/Contents/MacOS

MkDir /Users/builder/Factory/paperloft/build/DerivedData/Build/Products/Debug/Paperloft\ Receipts.app/Contents (in target 'PaperloftApp' from project 'Paperloft')
    cd /Users/builder/Factory/paperloft
    /bin/mkdir -p /Users/builder/Factory/paperloft/build/DerivedData/Build/Products/Debug/Paperloft\ Receipts.app/Contents

MkDir /Users/builder/Factory/paperloft/build/DerivedData/Build/Products/Debug/Paperloft\ Receipts.app (in target 'PaperloftApp' from project 'Paperloft')
    cd /Users/builder/Factory/paperloft
    /bin/mkdir -p /Users/builder/Factory/paperloft/build/DerivedData/Build/Products/Debug/Paperloft\ Receipts.app

SwiftDriver PaperloftKit normal arm64 com.apple.xcode.tools.swift.compiler (in target 'PaperloftKit' from project 'PaperloftKit')
    cd /Users/builder/Factory/paperloft/Paperloft.xcodeproj
    builtin-SwiftDriver -- /Applications/Xcode.app/Contents/Developer/Toolchains/XcodeDefault.xctoolchain/usr/bin/swiftc -parse-as-library -module-name PaperloftKit -Onone @/Users/builder/Factory/paperloft/build/DerivedData/Build/Intermediates.noindex/PaperloftKit.build/Debug/PaperloftKit-t.build/Objects-normal/arm64/PaperloftKit.SwiftFileList -DSWIFT_PACKAGE -DDEBUG -DSWIFT_MODULE_RESOURCE_BUNDLE_UNAVAILABLE -DXcode -plugin-path /Applications/Xcode.app/Contents/Developer/Toolchains/XcodeDefault.xctoolchain/usr/lib/swift/host/plugins/testing -enable-experimental-feature DebugDescriptionMacro -sdk /Applications/Xcode.app/Contents/Developer/Platforms/MacOSX.platform/Developer/SDKs/MacOSX27.0.sdk -target arm64-apple-macos27.0 -g -module-cache-path /Users/builder/Factory/paperloft/build/DerivedData/ModuleCache.noindex -Xfrontend -serialize-debugging-options -profile-coverage-mapping -profile-generate -enable-testing -warnings-as-errors -index-store-path /Users/builder/Factory/paperloft/build/DerivedData/Index.noindex/DataStore -Xcc -D_LIBCPP_HARDENING_MODE\=_LIBCPP_HARDENING_MODE_DEBUG -swift-version 6 -I /Users/builder/Factory/paperloft/build/DerivedData/Build/Products/Debug -Isystem /Applications/Xcode.app/Contents/Developer/Platforms/MacOSX.platform/Developer/usr/lib -F /Users/builder/Factory/paperloft/build/DerivedData/Build/Products/Debug -F /Applications/Xcode.app/Contents/Developer/Platforms/MacOSX.platform/Developer/Library/Frameworks -c -j10 -enable-batch-mode -incremental -Xcc -ivfsstatcache -Xcc /Users/builder/Factory/paperloft/build/DerivedData/SDKStatCaches.noindex/macosx27.0-26A425-7231f6df4def33e022ae2eb8f782df1a.sdkstatcache -output-file-map /Users/builder/Factory/paperloft/build/DerivedData/Build/Intermediates.noindex/PaperloftKit.build/Debug/PaperloftKit-t.build/Objects-normal/arm64/PaperloftKit-OutputFileMap.json -save-temps -no-color-diagnostics -explicit-module-build -module-cache-path /Users/builder/Factory/paperloft/build/DerivedData/Build/Intermediates.noindex/SwiftExplicitPrecompiledModules -clang-scanner-module-cache-path /Users/builder/Factory/paperloft/build/DerivedData/ModuleCache.noindex -sdk-module-cache-path /Users/builder/Factory/paperloft/build/DerivedData/SDKExplicitPrecompiledModules -emit-dependencies -emit-module -emit-module-path /Users/builder/Factory/paperloft/build/DerivedData/Build/Intermediates.noindex/PaperloftKit.build/Debug/PaperloftKit-t.build/Objects-normal/arm64/PaperloftKit.swiftmodule -serialize-diagnostics -dependency-scan-serialize-diagnostics-path /Users/builder/Factory/paperloft/build/DerivedData/Build/Intermediates.noindex/PaperloftKit.build/Debug/PaperloftKit-t.build/Objects-normal/arm64/PaperloftKit-dependency-scan.dia -validate-clang-modules-once -clang-build-session-file /Users/builder/Factory/paperloft/build/DerivedData/ModuleCache.noindex/Session.modulevalidation -Xcc -fmodules-prune-interval\=86400 -Xcc -fmodules-prune-after\=345600 -package-name paperloftkit -emit-const-values -const-gather-protocols-list /Users/builder/Factory/paperloft/build/DerivedData/Build/Intermediates.noindex/PaperloftKit.build/Debug/PaperloftKit-t.build/Objects-normal/arm64/PaperloftKit_const_extract_protocols.json -Xcc -I/Users/builder/Factory/paperloft/build/DerivedData/Build/Products/Debug/include -Xcc -I/Users/builder/Factory/paperloft/build/DerivedData/Build/Intermediates.noindex/PaperloftKit.build/Debug/PaperloftKit-t.build/DerivedSources-normal/arm64 -Xcc -I/Users/builder/Factory/paperloft/build/DerivedData/Build/Intermediates.noindex/PaperloftKit.build/Debug/PaperloftKit-t.build/DerivedSources/arm64 -Xcc -I/Users/builder/Factory/paperloft/build/DerivedData/Build/Intermediates.noindex/PaperloftKit.build/Debug/PaperloftKit-t.build/DerivedSources -Xcc -DSWIFT_PACKAGE -Xcc -DDEBUG\=1 -emit-objc-header -emit-objc-header-path /Users/builder/Factory/paperloft/build/DerivedData/Build/Intermediates.noindex/PaperloftKit.build/Debug/PaperloftKit-t.build/Objects-normal/arm64/PaperloftKit-Swift.h -working-directory /Users/builder/Factory/paperloft/Paperloft.xcodeproj -experimental-emit-module-separately -disable-cmo

SwiftCompile normal arm64 Compiling\ Receipt.swift /Users/builder/Factory/paperloft/Packages/PaperloftKit/Sources/PaperloftKit/Receipt.swift (in target 'PaperloftKit' from project 'PaperloftKit')

SwiftCompile normal arm64 /Users/builder/Factory/paperloft/Packages/PaperloftKit/Sources/PaperloftKit/Receipt.swift (in target 'PaperloftKit' from project 'PaperloftKit')
    cd /Users/builder/Factory/paperloft/Paperloft.xcodeproj
    builtin-SwiftPerFileCompile Receipt.swift

SwiftEmitModule normal arm64 Emitting\ module\ for\ PaperloftKit (in target 'PaperloftKit' from project 'PaperloftKit')

SwiftCompile normal arm64 (in target 'PaperloftKit' from project 'PaperloftKit')
    cd /Users/builder/Factory/paperloft/Paperloft.xcodeproj
    

SwiftDriverJobDiscovery normal arm64 Emitting module for PaperloftKit (in target 'PaperloftKit' from project 'PaperloftKit')

SwiftDriver\ Compilation\ Requirements PaperloftKit normal arm64 com.apple.xcode.tools.swift.compiler (in target 'PaperloftKit' from project 'PaperloftKit')
    cd /Users/builder/Factory/paperloft/Paperloft.xcodeproj
    builtin-Swift-Compilation-Requirements -- /Applications/Xcode.app/Contents/Developer/Toolchains/XcodeDefault.xctoolchain/usr/bin/swiftc -parse-as-library -module-name PaperloftKit -Onone @/Users/builder/Factory/paperloft/build/DerivedData/Build/Intermediates.noindex/PaperloftKit.build/Debug/PaperloftKit-t.build/Objects-normal/arm64/PaperloftKit.SwiftFileList -DSWIFT_PACKAGE -DDEBUG -DSWIFT_MODULE_RESOURCE_BUNDLE_UNAVAILABLE -DXcode -plugin-path /Applications/Xcode.app/Contents/Developer/Toolchains/XcodeDefault.xctoolchain/usr/lib/swift/host/plugins/testing -enable-experimental-feature DebugDescriptionMacro -sdk /Applications/Xcode.app/Contents/Developer/Platforms/MacOSX.platform/Developer/SDKs/MacOSX27.0.sdk -target arm64-apple-macos27.0 -g -module-cache-path /Users/builder/Factory/paperloft/build/DerivedData/ModuleCache.noindex -Xfrontend -serialize-debugging-options -profile-coverage-mapping -profile-generate -enable-testing -warnings-as-errors -index-store-path /Users/builder/Factory/paperloft/build/DerivedData/Index.noindex/DataStore -Xcc -D_LIBCPP_HARDENING_MODE\=_LIBCPP_HARDENING_MODE_DEBUG -swift-version 6 -I /Users/builder/Factory/paperloft/build/DerivedData/Build/Products/Debug -Isystem /Applications/Xcode.app/Contents/Developer/Platforms/MacOSX.platform/Developer/usr/lib -F /Users/builder/Factory/paperloft/build/DerivedData/Build/Products/Debug -F /Applications/Xcode.app/Contents/Developer/Platforms/MacOSX.platform/Developer/Library/Frameworks -c -j10 -enable-batch-mode -incremental -Xcc -ivfsstatcache -Xcc /Users/builder/Factory/paperloft/build/DerivedData/SDKStatCaches.noindex/macosx27.0-26A425-7231f6df4def33e022ae2eb8f782df1a.sdkstatcache -output-file-map /Users/builder/Factory/paperloft/build/DerivedData/Build/Intermediates.noindex/PaperloftKit.build/Debug/PaperloftKit-t.build/Objects-normal/arm64/PaperloftKit-OutputFileMap.json -save-temps -no-color-diagnostics -explicit-module-build -module-cache-path /Users/builder/Factory/paperloft/build/DerivedData/Build/Intermediates.noindex/SwiftExplicitPrecompiledModules -clang-scanner-module-cache-path /Users/builder/Factory/paperloft/build/DerivedData/ModuleCache.noindex -sdk-module-cache-path /Users/builder/Factory/paperloft/build/DerivedData/SDKExplicitPrecompiledModules -emit-dependencies -emit-module -emit-module-path /Users/builder/Factory/paperloft/build/DerivedData/Build/Intermediates.noindex/PaperloftKit.build/Debug/PaperloftKit-t.build/Objects-normal/arm64/PaperloftKit.swiftmodule -serialize-diagnostics -dependency-scan-serialize-diagnostics-path /Users/builder/Factory/paperloft/build/DerivedData/Build/Intermediates.noindex/PaperloftKit.build/Debug/PaperloftKit-t.build/Objects-normal/arm64/PaperloftKit-dependency-scan.dia -validate-clang-modules-once -clang-build-session-file /Users/builder/Factory/paperloft/build/DerivedData/ModuleCache.noindex/Session.modulevalidation -Xcc -fmodules-prune-interval\=86400 -Xcc -fmodules-prune-after\=345600 -package-name paperloftkit -emit-const-values -const-gather-protocols-list /Users/builder/Factory/paperloft/build/DerivedData/Build/Intermediates.noindex/PaperloftKit.build/Debug/PaperloftKit-t.build/Objects-normal/arm64/PaperloftKit_const_extract_protocols.json -Xcc -I/Users/builder/Factory/paperloft/build/DerivedData/Build/Products/Debug/include -Xcc -I/Users/builder/Factory/paperloft/build/DerivedData/Build/Intermediates.noindex/PaperloftKit.build/Debug/PaperloftKit-t.build/DerivedSources-normal/arm64 -Xcc -I/Users/builder/Factory/paperloft/build/DerivedData/Build/Intermediates.noindex/PaperloftKit.build/Debug/PaperloftKit-t.build/DerivedSources/arm64 -Xcc -I/Users/builder/Factory/paperloft/build/DerivedData/Build/Intermediates.noindex/PaperloftKit.build/Debug/PaperloftKit-t.build/DerivedSources -Xcc -DSWIFT_PACKAGE -Xcc -DDEBUG\=1 -emit-objc-header -emit-objc-header-path /Users/builder/Factory/paperloft/build/DerivedData/Build/Intermediates.noindex/PaperloftKit.build/Debug/PaperloftKit-t.build/Objects-normal/arm64/PaperloftKit-Swift.h -working-directory /Users/builder/Factory/paperloft/Paperloft.xcodeproj -experimental-emit-module-separately -disable-cmo

SwiftMergeGeneratedHeaders /Users/builder/Factory/paperloft/build/DerivedData/Build/Intermediates.noindex/GeneratedModuleMaps/PaperloftKit-Swift.h /Users/builder/Factory/paperloft/build/DerivedData/Build/Intermediates.noindex/PaperloftKit.build/Debug/PaperloftKit-t.build/Objects-normal/arm64/PaperloftKit-Swift.h (in target 'PaperloftKit' from project 'PaperloftKit')
    cd /Users/builder/Factory/paperloft/Packages/PaperloftKit
    builtin-swiftHeaderTool -arch arm64 /Users/builder/Factory/paperloft/build/DerivedData/Build/Intermediates.noindex/PaperloftKit.build/Debug/PaperloftKit-t.build/Objects-normal/arm64/PaperloftKit-Swift.h -o /Users/builder/Factory/paperloft/build/DerivedData/Build/Intermediates.noindex/GeneratedModuleMaps/PaperloftKit-Swift.h

Copy /Users/builder/Factory/paperloft/build/DerivedData/Build/Products/Debug/PaperloftKit.swiftmodule/arm64-apple-macos.abi.json /Users/builder/Factory/paperloft/build/DerivedData/Build/Intermediates.noindex/PaperloftKit.build/Debug/PaperloftKit-t.build/Objects-normal/arm64/PaperloftKit.abi.json (in target 'PaperloftKit' from project 'PaperloftKit')
    cd /Users/builder/Factory/paperloft/Packages/PaperloftKit
    builtin-copy -exclude .DS_Store -exclude CVS -exclude .svn -exclude .git -exclude .hg -resolve-src-symlinks -rename /Users/builder/Factory/paperloft/build/DerivedData/Build/Intermediates.noindex/PaperloftKit.build/Debug/PaperloftKit-t.build/Objects-normal/arm64/PaperloftKit.abi.json /Users/builder/Factory/paperloft/build/DerivedData/Build/Products/Debug/PaperloftKit.swiftmodule/arm64-apple-macos.abi.json

Copy /Users/builder/Factory/paperloft/build/DerivedData/Build/Products/Debug/PaperloftKit.swiftmodule/arm64-apple-macos.swiftdoc /Users/builder/Factory/paperloft/build/DerivedData/Build/Intermediates.noindex/PaperloftKit.build/Debug/PaperloftKit-t.build/Objects-normal/arm64/PaperloftKit.swiftdoc (in target 'PaperloftKit' from project 'PaperloftKit')
    cd /Users/builder/Factory/paperloft/Packages/PaperloftKit
    builtin-copy -exclude .DS_Store -exclude CVS -exclude .svn -exclude .git -exclude .hg -resolve-src-symlinks -rename /Users/builder/Factory/paperloft/build/DerivedData/Build/Intermediates.noindex/PaperloftKit.build/Debug/PaperloftKit-t.build/Objects-normal/arm64/PaperloftKit.swiftdoc /Users/builder/Factory/paperloft/build/DerivedData/Build/Products/Debug/PaperloftKit.swiftmodule/arm64-apple-macos.swiftdoc

Copy /Users/builder/Factory/paperloft/build/DerivedData/Build/Products/Debug/PaperloftKit.swiftmodule/arm64-apple-macos.swiftmodule /Users/builder/Factory/paperloft/build/DerivedData/Build/Intermediates.noindex/PaperloftKit.build/Debug/PaperloftKit-t.build/Objects-normal/arm64/PaperloftKit.swiftmodule (in target 'PaperloftKit' from project 'PaperloftKit')
    cd /Users/builder/Factory/paperloft/Packages/PaperloftKit
    builtin-copy -exclude .DS_Store -exclude CVS -exclude .svn -exclude .git -exclude .hg -resolve-src-symlinks -rename /Users/builder/Factory/paperloft/build/DerivedData/Build/Intermediates.noindex/PaperloftKit.build/Debug/PaperloftKit-t.build/Objects-normal/arm64/PaperloftKit.swiftmodule /Users/builder/Factory/paperloft/build/DerivedData/Build/Products/Debug/PaperloftKit.swiftmodule/arm64-apple-macos.swiftmodule

Copy /Users/builder/Factory/paperloft/build/DerivedData/Build/Products/Debug/PaperloftKit.swiftmodule/Project/arm64-apple-macos.swiftsourceinfo /Users/builder/Factory/paperloft/build/DerivedData/Build/Intermediates.noindex/PaperloftKit.build/Debug/PaperloftKit-t.build/Objects-normal/arm64/PaperloftKit.swiftsourceinfo (in target 'PaperloftKit' from project 'PaperloftKit')
    cd /Users/builder/Factory/paperloft/Packages/PaperloftKit
    builtin-copy -exclude .DS_Store -exclude CVS -exclude .svn -exclude .git -exclude .hg -resolve-src-symlinks -rename /Users/builder/Factory/paperloft/build/DerivedData/Build/Intermediates.noindex/PaperloftKit.build/Debug/PaperloftKit-t.build/Objects-normal/arm64/PaperloftKit.swiftsourceinfo /Users/builder/Factory/paperloft/build/DerivedData/Build/Products/Debug/PaperloftKit.swiftmodule/Project/arm64-apple-macos.swiftsourceinfo

ProcessProductPackaging /Users/builder/Factory/paperloft/Apps/PaperloftApp/Paperloft.entitlements /Users/builder/Factory/paperloft/build/DerivedData/Build/Intermediates.noindex/Paperloft.build/Debug/PaperloftApp.build/Paperloft\ Receipts.app.xcent (in target 'PaperloftApp' from project 'Paperloft')
    cd /Users/builder/Factory/paperloft
    
    Entitlements:
    
    {
    "com.apple.security.app-sandbox" = 1;
    "com.apple.security.files.bookmarks.app-scope" = 1;
    "com.apple.security.files.user-selected.read-write" = 1;
    "com.apple.security.get-task-allow" = 1;
}
    
    builtin-productPackagingUtility /Users/builder/Factory/paperloft/Apps/PaperloftApp/Paperloft.entitlements -entitlements -format xml -o /Users/builder/Factory/paperloft/build/DerivedData/Build/Intermediates.noindex/Paperloft.build/Debug/PaperloftApp.build/Paperloft\ Receipts.app.xcent

ProcessProductPackagingDER /Users/builder/Factory/paperloft/build/DerivedData/Build/Intermediates.noindex/Paperloft.build/Debug/PaperloftApp.build/Paperloft\ Receipts.app.xcent /Users/builder/Factory/paperloft/build/DerivedData/Build/Intermediates.noindex/Paperloft.build/Debug/PaperloftApp.build/Paperloft\ Receipts.app.xcent.der (in target 'PaperloftApp' from project 'Paperloft')
    cd /Users/builder/Factory/paperloft
    /usr/bin/derq query -f xml -i /Users/builder/Factory/paperloft/build/DerivedData/Build/Intermediates.noindex/Paperloft.build/Debug/PaperloftApp.build/Paperloft\ Receipts.app.xcent -o /Users/builder/Factory/paperloft/build/DerivedData/Build/Intermediates.noindex/Paperloft.build/Debug/PaperloftApp.build/Paperloft\ Receipts.app.xcent.der --raw

SwiftDriver PaperloftApp normal arm64 com.apple.xcode.tools.swift.compiler (in target 'PaperloftApp' from project 'Paperloft')
    cd /Users/builder/Factory/paperloft
    builtin-SwiftDriver -- /Applications/Xcode.app/Contents/Developer/Toolchains/XcodeDefault.xctoolchain/usr/bin/swiftc -module-name Paperloft_Receipts -Onone @/Users/builder/Factory/paperloft/build/DerivedData/Build/Intermediates.noindex/Paperloft.build/Debug/PaperloftApp.build/Objects-normal/arm64/Paperloft\ Receipts.SwiftFileList -enable-experimental-feature DebugDescriptionMacro -sdk /Applications/Xcode.app/Contents/Developer/Platforms/MacOSX.platform/Developer/SDKs/MacOSX27.0.sdk -target arm64-apple-macos27.0 -g -module-cache-path /Users/builder/Factory/paperloft/build/DerivedData/ModuleCache.noindex -Xfrontend -serialize-debugging-options -profile-coverage-mapping -profile-generate -enable-testing -warnings-as-errors -index-store-path /Users/builder/Factory/paperloft/build/DerivedData/Index.noindex/DataStore -swift-version 6 -I /Users/builder/Factory/paperloft/build/DerivedData/Build/Products/Debug -F /Users/builder/Factory/paperloft/build/DerivedData/Build/Products/Debug/PackageFrameworks -F /Users/builder/Factory/paperloft/build/DerivedData/Build/Products/Debug -parse-as-library -c -j10 -enable-batch-mode -incremental -Xcc -ivfsstatcache -Xcc /Users/builder/Factory/paperloft/build/DerivedData/SDKStatCaches.noindex/macosx27.0-26A425-7231f6df4def33e022ae2eb8f782df1a.sdkstatcache -output-file-map /Users/builder/Factory/paperloft/build/DerivedData/Build/Intermediates.noindex/Paperloft.build/Debug/PaperloftApp.build/Objects-normal/arm64/PaperloftApp-OutputFileMap.json -save-temps -no-color-diagnostics -explicit-module-build -module-cache-path /Users/builder/Factory/paperloft/build/DerivedData/Build/Intermediates.noindex/SwiftExplicitPrecompiledModules -clang-scanner-module-cache-path /Users/builder/Factory/paperloft/build/DerivedData/ModuleCache.noindex -sdk-module-cache-path /Users/builder/Factory/paperloft/build/DerivedData/SDKExplicitPrecompiledModules -emit-dependencies -emit-module -emit-module-path /Users/builder/Factory/paperloft/build/DerivedData/Build/Intermediates.noindex/Paperloft.build/Debug/PaperloftApp.build/Objects-normal/arm64/Paperloft_Receipts.swiftmodule -serialize-diagnostics -dependency-scan-serialize-diagnostics-path /Users/builder/Factory/paperloft/build/DerivedData/Build/Intermediates.noindex/Paperloft.build/Debug/PaperloftApp.build/Objects-normal/arm64/Paperloft_Receipts-dependency-scan.dia -validate-clang-modules-once -clang-build-session-file /Users/builder/Factory/paperloft/build/DerivedData/ModuleCache.noindex/Session.modulevalidation -Xcc -fmodules-prune-interval\=86400 -Xcc -fmodules-prune-after\=345600 -emit-const-values -const-gather-protocols-list /Users/builder/Factory/paperloft/build/DerivedData/Build/Intermediates.noindex/Paperloft.build/Debug/PaperloftApp.build/Objects-normal/arm64/PaperloftApp_const_extract_protocols.json -Xcc -iquote -Xcc /Users/builder/Factory/paperloft/build/DerivedData/Build/Intermediates.noindex/Paperloft.build/Debug/PaperloftApp.build/Paperloft\ Receipts-generated-files.hmap -Xcc -I/Users/builder/Factory/paperloft/build/DerivedData/Build/Intermediates.noindex/Paperloft.build/Debug/PaperloftApp.build/Paperloft\ Receipts-own-target-headers.hmap -Xcc -I/Users/builder/Factory/paperloft/build/DerivedData/Build/Intermediates.noindex/Paperloft.build/Debug/PaperloftApp.build/Paperloft\ Receipts-all-non-framework-target-headers.hmap -Xcc -ivfsoverlay -Xcc /Users/builder/Factory/paperloft/build/DerivedData/Build/Intermediates.noindex/Paperloft.build/Debug/Paperloft-b93ddc6bcd4d234a5473ab01ad3589c4-VFS/all-product-headers.yaml -Xcc -iquote -Xcc /Users/builder/Factory/paperloft/build/DerivedData/Build/Intermediates.noindex/Paperloft.build/Debug/PaperloftApp.build/Paperloft\ Receipts-project-headers.hmap -Xcc -I/Users/builder/Factory/paperloft/build/DerivedData/Build/Products/Debug/include -Xcc -I/Users/builder/Factory/paperloft/build/DerivedData/Build/Intermediates.noindex/Paperloft.build/Debug/PaperloftApp.build/DerivedSources-normal/arm64 -Xcc -I/Users/builder/Factory/paperloft/build/DerivedData/Build/Intermediates.noindex/Paperloft.build/Debug/PaperloftApp.build/DerivedSources/arm64 -Xcc -I/Users/builder/Factory/paperloft/build/DerivedData/Build/Intermediates.noindex/Paperloft.build/Debug/PaperloftApp.build/DerivedSources -emit-objc-header -emit-objc-header-path /Users/builder/Factory/paperloft/build/DerivedData/Build/Intermediates.noindex/Paperloft.build/Debug/PaperloftApp.build/Objects-normal/arm64/Paperloft_Receipts-Swift.h -working-directory /Users/builder/Factory/paperloft -experimental-emit-module-separately -disable-cmo

SwiftDriverJobDiscovery normal arm64 Compiling Receipt.swift (in target 'PaperloftKit' from project 'PaperloftKit')

SwiftDriver\ Compilation PaperloftKit normal arm64 com.apple.xcode.tools.swift.compiler (in target 'PaperloftKit' from project 'PaperloftKit')
    cd /Users/builder/Factory/paperloft/Paperloft.xcodeproj
    builtin-Swift-Compilation -- /Applications/Xcode.app/Contents/Developer/Toolchains/XcodeDefault.xctoolchain/usr/bin/swiftc -parse-as-library -module-name PaperloftKit -Onone @/Users/builder/Factory/paperloft/build/DerivedData/Build/Intermediates.noindex/PaperloftKit.build/Debug/PaperloftKit-t.build/Objects-normal/arm64/PaperloftKit.SwiftFileList -DSWIFT_PACKAGE -DDEBUG -DSWIFT_MODULE_RESOURCE_BUNDLE_UNAVAILABLE -DXcode -plugin-path /Applications/Xcode.app/Contents/Developer/Toolchains/XcodeDefault.xctoolchain/usr/lib/swift/host/plugins/testing -enable-experimental-feature DebugDescriptionMacro -sdk /Applications/Xcode.app/Contents/Developer/Platforms/MacOSX.platform/Developer/SDKs/MacOSX27.0.sdk -target arm64-apple-macos27.0 -g -module-cache-path /Users/builder/Factory/paperloft/build/DerivedData/ModuleCache.noindex -Xfrontend -serialize-debugging-options -profile-coverage-mapping -profile-generate -enable-testing -warnings-as-errors -index-store-path /Users/builder/Factory/paperloft/build/DerivedData/Index.noindex/DataStore -Xcc -D_LIBCPP_HARDENING_MODE\=_LIBCPP_HARDENING_MODE_DEBUG -swift-version 6 -I /Users/builder/Factory/paperloft/build/DerivedData/Build/Products/Debug -Isystem /Applications/Xcode.app/Contents/Developer/Platforms/MacOSX.platform/Developer/usr/lib -F /Users/builder/Factory/paperloft/build/DerivedData/Build/Products/Debug -F /Applications/Xcode.app/Contents/Developer/Platforms/MacOSX.platform/Developer/Library/Frameworks -c -j10 -enable-batch-mode -incremental -Xcc -ivfsstatcache -Xcc /Users/builder/Factory/paperloft/build/DerivedData/SDKStatCaches.noindex/macosx27.0-26A425-7231f6df4def33e022ae2eb8f782df1a.sdkstatcache -output-file-map /Users/builder/Factory/paperloft/build/DerivedData/Build/Intermediates.noindex/PaperloftKit.build/Debug/PaperloftKit-t.build/Objects-normal/arm64/PaperloftKit-OutputFileMap.json -save-temps -no-color-diagnostics -explicit-module-build -module-cache-path /Users/builder/Factory/paperloft/build/DerivedData/Build/Intermediates.noindex/SwiftExplicitPrecompiledModules -clang-scanner-module-cache-path /Users/builder/Factory/paperloft/build/DerivedData/ModuleCache.noindex -sdk-module-cache-path /Users/builder/Factory/paperloft/build/DerivedData/SDKExplicitPrecompiledModules -emit-dependencies -emit-module -emit-module-path /Users/builder/Factory/paperloft/build/DerivedData/Build/Intermediates.noindex/PaperloftKit.build/Debug/PaperloftKit-t.build/Objects-normal/arm64/PaperloftKit.swiftmodule -serialize-diagnostics -dependency-scan-serialize-diagnostics-path /Users/builder/Factory/paperloft/build/DerivedData/Build/Intermediates.noindex/PaperloftKit.build/Debug/PaperloftKit-t.build/Objects-normal/arm64/PaperloftKit-dependency-scan.dia -validate-clang-modules-once -clang-build-session-file /Users/builder/Factory/paperloft/build/DerivedData/ModuleCache.noindex/Session.modulevalidation -Xcc -fmodules-prune-interval\=86400 -Xcc -fmodules-prune-after\=345600 -package-name paperloftkit -emit-const-values -const-gather-protocols-list /Users/builder/Factory/paperloft/build/DerivedData/Build/Intermediates.noindex/PaperloftKit.build/Debug/PaperloftKit-t.build/Objects-normal/arm64/PaperloftKit_const_extract_protocols.json -Xcc -I/Users/builder/Factory/paperloft/build/DerivedData/Build/Products/Debug/include -Xcc -I/Users/builder/Factory/paperloft/build/DerivedData/Build/Intermediates.noindex/PaperloftKit.build/Debug/PaperloftKit-t.build/DerivedSources-normal/arm64 -Xcc -I/Users/builder/Factory/paperloft/build/DerivedData/Build/Intermediates.noindex/PaperloftKit.build/Debug/PaperloftKit-t.build/DerivedSources/arm64 -Xcc -I/Users/builder/Factory/paperloft/build/DerivedData/Build/Intermediates.noindex/PaperloftKit.build/Debug/PaperloftKit-t.build/DerivedSources -Xcc -DSWIFT_PACKAGE -Xcc -DDEBUG\=1 -emit-objc-header -emit-objc-header-path /Users/builder/Factory/paperloft/build/DerivedData/Build/Intermediates.noindex/PaperloftKit.build/Debug/PaperloftKit-t.build/Objects-normal/arm64/PaperloftKit-Swift.h -working-directory /Users/builder/Factory/paperloft/Paperloft.xcodeproj -experimental-emit-module-separately -disable-cmo

Ld /Users/builder/Factory/paperloft/build/DerivedData/Build/Products/Debug/PaperloftKit.o normal (in target 'PaperloftKit' from project 'PaperloftKit')
    cd /Users/builder/Factory/paperloft/Packages/PaperloftKit
    /Applications/Xcode.app/Contents/Developer/Toolchains/XcodeDefault.xctoolchain/usr/bin/clang -Xlinker -reproducible -target arm64-apple-macos27.0 -r -isysroot /Applications/Xcode.app/Contents/Developer/Platforms/MacOSX.platform/Developer/SDKs/MacOSX27.0.sdk -O0 -Xlinker -no_warn_duplicate_libraries -F/Users/builder/Factory/paperloft/build/DerivedData/Build/Intermediates.noindex/EagerLinkingTBDs/Debug -F/Users/builder/Factory/paperloft/build/DerivedData/Build/Products/Debug -iframework /Applications/Xcode.app/Contents/Developer/Platforms/MacOSX.platform/Developer/Library/Frameworks -filelist /Users/builder/Factory/paperloft/build/DerivedData/Build/Intermediates.noindex/PaperloftKit.build/Debug/PaperloftKit-t.build/Objects-normal/arm64/PaperloftKit.LinkFileList -nostdlib -Xlinker -object_path_lto -Xlinker /Users/builder/Factory/paperloft/build/DerivedData/Build/Intermediates.noindex/PaperloftKit.build/Debug/PaperloftKit-t.build/Objects-normal/arm64/PaperloftKit_lto.o -Xlinker -no_deduplicate -Xlinker -debug_variant -Xlinker -dependency_info -Xlinker /Users/builder/Factory/paperloft/build/DerivedData/Build/Intermediates.noindex/PaperloftKit.build/Debug/PaperloftKit-t.build/Objects-normal/arm64/PaperloftKit_dependency_info.dat -fobjc-link-runtime -L/Applications/Xcode.app/Contents/Developer/Toolchains/XcodeDefault.xctoolchain/usr/lib/swift/macosx -L/usr/lib/swift -Xlinker -add_ast_path -Xlinker /Users/builder/Factory/paperloft/build/DerivedData/Build/Intermediates.noindex/PaperloftKit.build/Debug/PaperloftKit-t.build/Objects-normal/arm64/PaperloftKit.swiftmodule -o /Users/builder/Factory/paperloft/build/DerivedData/Build/Products/Debug/PaperloftKit.o

ExtractAppIntentsMetadata (in target 'PaperloftKit' from project 'PaperloftKit')
    cd /Users/builder/Factory/paperloft/Packages/PaperloftKit
    /Applications/Xcode.app/Contents/Developer/Toolchains/XcodeDefault.xctoolchain/usr/bin/appintentsmetadataprocessor --toolchain-dir /Applications/Xcode.app/Contents/Developer/Toolchains/XcodeDefault.xctoolchain --module-name PaperloftKit --sdk-root /Applications/Xcode.app/Contents/Developer/Platforms/MacOSX.platform/Developer/SDKs/MacOSX27.0.sdk --xcode-version 27A266a --platform-family macOS --deployment-target 27.0 --bundle-identifier paperloftkit.PaperloftKit --output /Users/builder/Factory/paperloft/build/DerivedData/Build/Products/Debug/PaperloftKit.appintents --target-triple arm64-apple-macos27.0 --binary-file /Users/builder/Factory/paperloft/build/DerivedData/Build/Products/Debug/PaperloftKit.o --dependency-file /Users/builder/Factory/paperloft/build/DerivedData/Build/Intermediates.noindex/PaperloftKit.build/Debug/PaperloftKit-t.build/Objects-normal/arm64/PaperloftKit_dependency_info.dat --stringsdata-file /Users/builder/Factory/paperloft/build/DerivedData/Build/Intermediates.noindex/PaperloftKit.build/Debug/PaperloftKit-t.build/Objects-normal/arm64/ExtractedAppShortcutsMetadata.stringsdata --source-file-list /Users/builder/Factory/paperloft/build/DerivedData/Build/Intermediates.noindex/PaperloftKit.build/Debug/PaperloftKit-t.build/Objects-normal/arm64/PaperloftKit.SwiftFileList --metadata-file-list /Users/builder/Factory/paperloft/build/DerivedData/Build/Intermediates.noindex/PaperloftKit.build/Debug/PaperloftKit-t.build/PaperloftKit.DependencyMetadataFileList --static-metadata-file-list /Users/builder/Factory/paperloft/build/DerivedData/Build/Intermediates.noindex/PaperloftKit.build/Debug/PaperloftKit-t.build/PaperloftKit.DependencyStaticMetadataFileList --swift-const-vals-list /Users/builder/Factory/paperloft/build/DerivedData/Build/Intermediates.noindex/PaperloftKit.build/Debug/PaperloftKit-t.build/Objects-normal/arm64/PaperloftKit.SwiftConstValuesFileList --force --compile-time-extraction --deployment-aware-processing --no-app-shortcuts-localization
2026-09-26 19:28:56.893 appintentsmetadataprocessor[69962:520616] Starting appintentsmetadataprocessor export
2026-09-26 19:28:56.944 appintentsmetadataprocessor[69962:520616] Extracted no relevant App Intents symbols, skipping writing output

SwiftEmitModule normal arm64 Emitting\ module\ for\ Paperloft_Receipts (in target 'PaperloftApp' from project 'Paperloft')

SwiftCompile normal arm64 (in target 'PaperloftApp' from project 'Paperloft')
    cd /Users/builder/Factory/paperloft
    

SwiftCompile normal arm64 Compiling\ PaperloftApp.swift /Users/builder/Factory/paperloft/Apps/PaperloftApp/PaperloftApp.swift (in target 'PaperloftApp' from project 'Paperloft')

SwiftCompile normal arm64 /Users/builder/Factory/paperloft/Apps/PaperloftApp/PaperloftApp.swift (in target 'PaperloftApp' from project 'Paperloft')
    cd /Users/builder/Factory/paperloft
    builtin-SwiftPerFileCompile PaperloftApp.swift

Ld /Users/builder/Factory/paperloft/build/DerivedData/Build/Products/Debug/Paperloft\ Receipts.app/Contents/MacOS/__preview.dylib normal (in target 'PaperloftApp' from project 'Paperloft')
    cd /Users/builder/Factory/paperloft
    /Applications/Xcode.app/Contents/Developer/Toolchains/XcodeDefault.xctoolchain/usr/bin/clang -Xlinker -reproducible -target arm64-apple-macos27.0 -dynamiclib -isysroot /Applications/Xcode.app/Contents/Developer/Platforms/MacOSX.platform/Developer/SDKs/MacOSX27.0.sdk -Os -Xlinker -no_warn_duplicate_libraries -L/Users/builder/Factory/paperloft/build/DerivedData/Build/Products/Debug -F/Users/builder/Factory/paperloft/build/DerivedData/Build/Products/Debug/PackageFrameworks -F/Users/builder/Factory/paperloft/build/DerivedData/Build/Products/Debug -install_name @rpath/Paperloft\ Receipts.debug.dylib -rdynamic -Xlinker -debug_variant -Xlinker -dependency_info -Xlinker /Users/builder/Factory/paperloft/build/DerivedData/Build/Intermediates.noindex/Paperloft.build/Debug/PaperloftApp.build/Objects-normal/arm64/Paperloft\ Receipts_dependency_info.dat -Xlinker -no_adhoc_codesign -o /Users/builder/Factory/paperloft/build/DerivedData/Build/Products/Debug/Paperloft\ Receipts.app/Contents/MacOS/__preview.dylib

CpResource /Users/builder/Factory/paperloft/build/DerivedData/Build/Products/Debug/Paperloft\ Receipts.app/Contents/Resources/PrivacyInfo.xcprivacy /Users/builder/Factory/paperloft/Apps/PaperloftApp/PrivacyInfo.xcprivacy (in target 'PaperloftApp' from project 'Paperloft')
    cd /Users/builder/Factory/paperloft
    builtin-copy -exclude .DS_Store -exclude CVS -exclude .svn -exclude .git -exclude .hg -strip-unsigned-binaries -strip-deterministic -strip-tool /Applications/Xcode.app/Contents/Developer/Toolchains/XcodeDefault.xctoolchain/usr/bin/strip -resolve-src-symlinks /Users/builder/Factory/paperloft/Apps/PaperloftApp/PrivacyInfo.xcprivacy /Users/builder/Factory/paperloft/build/DerivedData/Build/Products/Debug/Paperloft\ Receipts.app/Contents/Resources

ProcessInfoPlistFile /Users/builder/Factory/paperloft/build/DerivedData/Build/Products/Debug/Paperloft\ Receipts.app/Contents/Info.plist /Users/builder/Factory/paperloft/build/DerivedData/Build/Intermediates.noindex/Paperloft.build/Debug/PaperloftApp.build/empty-Paperloft\ Receipts.plist (in target 'PaperloftApp' from project 'Paperloft')
    cd /Users/builder/Factory/paperloft
    builtin-infoPlistUtility /Users/builder/Factory/paperloft/build/DerivedData/Build/Intermediates.noindex/Paperloft.build/Debug/PaperloftApp.build/empty-Paperloft\ Receipts.plist -producttype com.apple.product-type.application -genpkginfo /Users/builder/Factory/paperloft/build/DerivedData/Build/Products/Debug/Paperloft\ Receipts.app/Contents/PkgInfo -expandbuildsettings -platform macosx -o /Users/builder/Factory/paperloft/build/DerivedData/Build/Products/Debug/Paperloft\ Receipts.app/Contents/Info.plist

SwiftDriverJobDiscovery normal arm64 Emitting module for Paperloft_Receipts (in target 'PaperloftApp' from project 'Paperloft')

SwiftDriver\ Compilation\ Requirements PaperloftApp normal arm64 com.apple.xcode.tools.swift.compiler (in target 'PaperloftApp' from project 'Paperloft')
    cd /Users/builder/Factory/paperloft
    builtin-Swift-Compilation-Requirements -- /Applications/Xcode.app/Contents/Developer/Toolchains/XcodeDefault.xctoolchain/usr/bin/swiftc -module-name Paperloft_Receipts -Onone @/Users/builder/Factory/paperloft/build/DerivedData/Build/Intermediates.noindex/Paperloft.build/Debug/PaperloftApp.build/Objects-normal/arm64/Paperloft\ Receipts.SwiftFileList -enable-experimental-feature DebugDescriptionMacro -sdk /Applications/Xcode.app/Contents/Developer/Platforms/MacOSX.platform/Developer/SDKs/MacOSX27.0.sdk -target arm64-apple-macos27.0 -g -module-cache-path /Users/builder/Factory/paperloft/build/DerivedData/ModuleCache.noindex -Xfrontend -serialize-debugging-options -profile-coverage-mapping -profile-generate -enable-testing -warnings-as-errors -index-store-path /Users/builder/Factory/paperloft/build/DerivedData/Index.noindex/DataStore -swift-version 6 -I /Users/builder/Factory/paperloft/build/DerivedData/Build/Products/Debug -F /Users/builder/Factory/paperloft/build/DerivedData/Build/Products/Debug/PackageFrameworks -F /Users/builder/Factory/paperloft/build/DerivedData/Build/Products/Debug -parse-as-library -c -j10 -enable-batch-mode -incremental -Xcc -ivfsstatcache -Xcc /Users/builder/Factory/paperloft/build/DerivedData/SDKStatCaches.noindex/macosx27.0-26A425-7231f6df4def33e022ae2eb8f782df1a.sdkstatcache -output-file-map /Users/builder/Factory/paperloft/build/DerivedData/Build/Intermediates.noindex/Paperloft.build/Debug/PaperloftApp.build/Objects-normal/arm64/PaperloftApp-OutputFileMap.json -save-temps -no-color-diagnostics -explicit-module-build -module-cache-path /Users/builder/Factory/paperloft/build/DerivedData/Build/Intermediates.noindex/SwiftExplicitPrecompiledModules -clang-scanner-module-cache-path /Users/builder/Factory/paperloft/build/DerivedData/ModuleCache.noindex -sdk-module-cache-path /Users/builder/Factory/paperloft/build/DerivedData/SDKExplicitPrecompiledModules -emit-dependencies -emit-module -emit-module-path /Users/builder/Factory/paperloft/build/DerivedData/Build/Intermediates.noindex/Paperloft.build/Debug/PaperloftApp.build/Objects-normal/arm64/Paperloft_Receipts.swiftmodule -serialize-diagnostics -dependency-scan-serialize-diagnostics-path /Users/builder/Factory/paperloft/build/DerivedData/Build/Intermediates.noindex/Paperloft.build/Debug/PaperloftApp.build/Objects-normal/arm64/Paperloft_Receipts-dependency-scan.dia -validate-clang-modules-once -clang-build-session-file /Users/builder/Factory/paperloft/build/DerivedData/ModuleCache.noindex/Session.modulevalidation -Xcc -fmodules-prune-interval\=86400 -Xcc -fmodules-prune-after\=345600 -emit-const-values -const-gather-protocols-list /Users/builder/Factory/paperloft/build/DerivedData/Build/Intermediates.noindex/Paperloft.build/Debug/PaperloftApp.build/Objects-normal/arm64/PaperloftApp_const_extract_protocols.json -Xcc -iquote -Xcc /Users/builder/Factory/paperloft/build/DerivedData/Build/Intermediates.noindex/Paperloft.build/Debug/PaperloftApp.build/Paperloft\ Receipts-generated-files.hmap -Xcc -I/Users/builder/Factory/paperloft/build/DerivedData/Build/Intermediates.noindex/Paperloft.build/Debug/PaperloftApp.build/Paperloft\ Receipts-own-target-headers.hmap -Xcc -I/Users/builder/Factory/paperloft/build/DerivedData/Build/Intermediates.noindex/Paperloft.build/Debug/PaperloftApp.build/Paperloft\ Receipts-all-non-framework-target-headers.hmap -Xcc -ivfsoverlay -Xcc /Users/builder/Factory/paperloft/build/DerivedData/Build/Intermediates.noindex/Paperloft.build/Debug/Paperloft-b93ddc6bcd4d234a5473ab01ad3589c4-VFS/all-product-headers.yaml -Xcc -iquote -Xcc /Users/builder/Factory/paperloft/build/DerivedData/Build/Intermediates.noindex/Paperloft.build/Debug/PaperloftApp.build/Paperloft\ Receipts-project-headers.hmap -Xcc -I/Users/builder/Factory/paperloft/build/DerivedData/Build/Products/Debug/include -Xcc -I/Users/builder/Factory/paperloft/build/DerivedData/Build/Intermediates.noindex/Paperloft.build/Debug/PaperloftApp.build/DerivedSources-normal/arm64 -Xcc -I/Users/builder/Factory/paperloft/build/DerivedData/Build/Intermediates.noindex/Paperloft.build/Debug/PaperloftApp.build/DerivedSources/arm64 -Xcc -I/Users/builder/Factory/paperloft/build/DerivedData/Build/Intermediates.noindex/Paperloft.build/Debug/PaperloftApp.build/DerivedSources -emit-objc-header -emit-objc-header-path /Users/builder/Factory/paperloft/build/DerivedData/Build/Intermediates.noindex/Paperloft.build/Debug/PaperloftApp.build/Objects-normal/arm64/Paperloft_Receipts-Swift.h -working-directory /Users/builder/Factory/paperloft -experimental-emit-module-separately -disable-cmo

SwiftMergeGeneratedHeaders /Users/builder/Factory/paperloft/build/DerivedData/Build/Intermediates.noindex/Paperloft.build/Debug/PaperloftApp.build/DerivedSources/Paperloft_Receipts-Swift.h /Users/builder/Factory/paperloft/build/DerivedData/Build/Intermediates.noindex/Paperloft.build/Debug/PaperloftApp.build/Objects-normal/arm64/Paperloft_Receipts-Swift.h (in target 'PaperloftApp' from project 'Paperloft')
    cd /Users/builder/Factory/paperloft
    builtin-swiftHeaderTool -arch arm64 /Users/builder/Factory/paperloft/build/DerivedData/Build/Intermediates.noindex/Paperloft.build/Debug/PaperloftApp.build/Objects-normal/arm64/Paperloft_Receipts-Swift.h -o /Users/builder/Factory/paperloft/build/DerivedData/Build/Intermediates.noindex/Paperloft.build/Debug/PaperloftApp.build/DerivedSources/Paperloft_Receipts-Swift.h

Copy /Users/builder/Factory/paperloft/build/DerivedData/Build/Products/Debug/Paperloft_Receipts.swiftmodule/arm64-apple-macos.swiftmodule /Users/builder/Factory/paperloft/build/DerivedData/Build/Intermediates.noindex/Paperloft.build/Debug/PaperloftApp.build/Objects-normal/arm64/Paperloft_Receipts.swiftmodule (in target 'PaperloftApp' from project 'Paperloft')
    cd /Users/builder/Factory/paperloft
    builtin-copy -exclude .DS_Store -exclude CVS -exclude .svn -exclude .git -exclude .hg -strip-unsigned-binaries -strip-deterministic -strip-tool /Applications/Xcode.app/Contents/Developer/Toolchains/XcodeDefault.xctoolchain/usr/bin/strip -resolve-src-symlinks -rename /Users/builder/Factory/paperloft/build/DerivedData/Build/Intermediates.noindex/Paperloft.build/Debug/PaperloftApp.build/Objects-normal/arm64/Paperloft_Receipts.swiftmodule /Users/builder/Factory/paperloft/build/DerivedData/Build/Products/Debug/Paperloft_Receipts.swiftmodule/arm64-apple-macos.swiftmodule

Copy /Users/builder/Factory/paperloft/build/DerivedData/Build/Products/Debug/Paperloft_Receipts.swiftmodule/arm64-apple-macos.abi.json /Users/builder/Factory/paperloft/build/DerivedData/Build/Intermediates.noindex/Paperloft.build/Debug/PaperloftApp.build/Objects-normal/arm64/Paperloft_Receipts.abi.json (in target 'PaperloftApp' from project 'Paperloft')
    cd /Users/builder/Factory/paperloft
    builtin-copy -exclude .DS_Store -exclude CVS -exclude .svn -exclude .git -exclude .hg -strip-unsigned-binaries -strip-deterministic -strip-tool /Applications/Xcode.app/Contents/Developer/Toolchains/XcodeDefault.xctoolchain/usr/bin/strip -resolve-src-symlinks -rename /Users/builder/Factory/paperloft/build/DerivedData/Build/Intermediates.noindex/Paperloft.build/Debug/PaperloftApp.build/Objects-normal/arm64/Paperloft_Receipts.abi.json /Users/builder/Factory/paperloft/build/DerivedData/Build/Products/Debug/Paperloft_Receipts.swiftmodule/arm64-apple-macos.abi.json

Copy /Users/builder/Factory/paperloft/build/DerivedData/Build/Products/Debug/Paperloft_Receipts.swiftmodule/arm64-apple-macos.swiftdoc /Users/builder/Factory/paperloft/build/DerivedData/Build/Intermediates.noindex/Paperloft.build/Debug/PaperloftApp.build/Objects-normal/arm64/Paperloft_Receipts.swiftdoc (in target 'PaperloftApp' from project 'Paperloft')
    cd /Users/builder/Factory/paperloft
    builtin-copy -exclude .DS_Store -exclude CVS -exclude .svn -exclude .git -exclude .hg -strip-unsigned-binaries -strip-deterministic -strip-tool /Applications/Xcode.app/Contents/Developer/Toolchains/XcodeDefault.xctoolchain/usr/bin/strip -resolve-src-symlinks -rename /Users/builder/Factory/paperloft/build/DerivedData/Build/Intermediates.noindex/Paperloft.build/Debug/PaperloftApp.build/Objects-normal/arm64/Paperloft_Receipts.swiftdoc /Users/builder/Factory/paperloft/build/DerivedData/Build/Products/Debug/Paperloft_Receipts.swiftmodule/arm64-apple-macos.swiftdoc

Copy /Users/builder/Factory/paperloft/build/DerivedData/Build/Products/Debug/Paperloft_Receipts.swiftmodule/Project/arm64-apple-macos.swiftsourceinfo /Users/builder/Factory/paperloft/build/DerivedData/Build/Intermediates.noindex/Paperloft.build/Debug/PaperloftApp.build/Objects-normal/arm64/Paperloft_Receipts.swiftsourceinfo (in target 'PaperloftApp' from project 'Paperloft')
    cd /Users/builder/Factory/paperloft
    builtin-copy -exclude .DS_Store -exclude CVS -exclude .svn -exclude .git -exclude .hg -strip-unsigned-binaries -strip-deterministic -strip-tool /Applications/Xcode.app/Contents/Developer/Toolchains/XcodeDefault.xctoolchain/usr/bin/strip -resolve-src-symlinks -rename /Users/builder/Factory/paperloft/build/DerivedData/Build/Intermediates.noindex/Paperloft.build/Debug/PaperloftApp.build/Objects-normal/arm64/Paperloft_Receipts.swiftsourceinfo /Users/builder/Factory/paperloft/build/DerivedData/Build/Products/Debug/Paperloft_Receipts.swiftmodule/Project/arm64-apple-macos.swiftsourceinfo

SwiftDriverJobDiscovery normal arm64 Compiling PaperloftApp.swift (in target 'PaperloftApp' from project 'Paperloft')

SwiftDriver\ Compilation PaperloftApp normal arm64 com.apple.xcode.tools.swift.compiler (in target 'PaperloftApp' from project 'Paperloft')
    cd /Users/builder/Factory/paperloft
    builtin-Swift-Compilation -- /Applications/Xcode.app/Contents/Developer/Toolchains/XcodeDefault.xctoolchain/usr/bin/swiftc -module-name Paperloft_Receipts -Onone @/Users/builder/Factory/paperloft/build/DerivedData/Build/Intermediates.noindex/Paperloft.build/Debug/PaperloftApp.build/Objects-normal/arm64/Paperloft\ Receipts.SwiftFileList -enable-experimental-feature DebugDescriptionMacro -sdk /Applications/Xcode.app/Contents/Developer/Platforms/MacOSX.platform/Developer/SDKs/MacOSX27.0.sdk -target arm64-apple-macos27.0 -g -module-cache-path /Users/builder/Factory/paperloft/build/DerivedData/ModuleCache.noindex -Xfrontend -serialize-debugging-options -profile-coverage-mapping -profile-generate -enable-testing -warnings-as-errors -index-store-path /Users/builder/Factory/paperloft/build/DerivedData/Index.noindex/DataStore -swift-version 6 -I /Users/builder/Factory/paperloft/build/DerivedData/Build/Products/Debug -F /Users/builder/Factory/paperloft/build/DerivedData/Build/Products/Debug/PackageFrameworks -F /Users/builder/Factory/paperloft/build/DerivedData/Build/Products/Debug -parse-as-library -c -j10 -enable-batch-mode -incremental -Xcc -ivfsstatcache -Xcc /Users/builder/Factory/paperloft/build/DerivedData/SDKStatCaches.noindex/macosx27.0-26A425-7231f6df4def33e022ae2eb8f782df1a.sdkstatcache -output-file-map /Users/builder/Factory/paperloft/build/DerivedData/Build/Intermediates.noindex/Paperloft.build/Debug/PaperloftApp.build/Objects-normal/arm64/PaperloftApp-OutputFileMap.json -save-temps -no-color-diagnostics -explicit-module-build -module-cache-path /Users/builder/Factory/paperloft/build/DerivedData/Build/Intermediates.noindex/SwiftExplicitPrecompiledModules -clang-scanner-module-cache-path /Users/builder/Factory/paperloft/build/DerivedData/ModuleCache.noindex -sdk-module-cache-path /Users/builder/Factory/paperloft/build/DerivedData/SDKExplicitPrecompiledModules -emit-dependencies -emit-module -emit-module-path /Users/builder/Factory/paperloft/build/DerivedData/Build/Intermediates.noindex/Paperloft.build/Debug/PaperloftApp.build/Objects-normal/arm64/Paperloft_Receipts.swiftmodule -serialize-diagnostics -dependency-scan-serialize-diagnostics-path /Users/builder/Factory/paperloft/build/DerivedData/Build/Intermediates.noindex/Paperloft.build/Debug/PaperloftApp.build/Objects-normal/arm64/Paperloft_Receipts-dependency-scan.dia -validate-clang-modules-once -clang-build-session-file /Users/builder/Factory/paperloft/build/DerivedData/ModuleCache.noindex/Session.modulevalidation -Xcc -fmodules-prune-interval\=86400 -Xcc -fmodules-prune-after\=345600 -emit-const-values -const-gather-protocols-list /Users/builder/Factory/paperloft/build/DerivedData/Build/Intermediates.noindex/Paperloft.build/Debug/PaperloftApp.build/Objects-normal/arm64/PaperloftApp_const_extract_protocols.json -Xcc -iquote -Xcc /Users/builder/Factory/paperloft/build/DerivedData/Build/Intermediates.noindex/Paperloft.build/Debug/PaperloftApp.build/Paperloft\ Receipts-generated-files.hmap -Xcc -I/Users/builder/Factory/paperloft/build/DerivedData/Build/Intermediates.noindex/Paperloft.build/Debug/PaperloftApp.build/Paperloft\ Receipts-own-target-headers.hmap -Xcc -I/Users/builder/Factory/paperloft/build/DerivedData/Build/Intermediates.noindex/Paperloft.build/Debug/PaperloftApp.build/Paperloft\ Receipts-all-non-framework-target-headers.hmap -Xcc -ivfsoverlay -Xcc /Users/builder/Factory/paperloft/build/DerivedData/Build/Intermediates.noindex/Paperloft.build/Debug/Paperloft-b93ddc6bcd4d234a5473ab01ad3589c4-VFS/all-product-headers.yaml -Xcc -iquote -Xcc /Users/builder/Factory/paperloft/build/DerivedData/Build/Intermediates.noindex/Paperloft.build/Debug/PaperloftApp.build/Paperloft\ Receipts-project-headers.hmap -Xcc -I/Users/builder/Factory/paperloft/build/DerivedData/Build/Products/Debug/include -Xcc -I/Users/builder/Factory/paperloft/build/DerivedData/Build/Intermediates.noindex/Paperloft.build/Debug/PaperloftApp.build/DerivedSources-normal/arm64 -Xcc -I/Users/builder/Factory/paperloft/build/DerivedData/Build/Intermediates.noindex/Paperloft.build/Debug/PaperloftApp.build/DerivedSources/arm64 -Xcc -I/Users/builder/Factory/paperloft/build/DerivedData/Build/Intermediates.noindex/Paperloft.build/Debug/PaperloftApp.build/DerivedSources -emit-objc-header -emit-objc-header-path /Users/builder/Factory/paperloft/build/DerivedData/Build/Intermediates.noindex/Paperloft.build/Debug/PaperloftApp.build/Objects-normal/arm64/Paperloft_Receipts-Swift.h -working-directory /Users/builder/Factory/paperloft -experimental-emit-module-separately -disable-cmo

Ld /Users/builder/Factory/paperloft/build/DerivedData/Build/Products/Debug/Paperloft\ Receipts.app/Contents/MacOS/Paperloft\ Receipts.debug.dylib normal (in target 'PaperloftApp' from project 'Paperloft')
    cd /Users/builder/Factory/paperloft
    /Applications/Xcode.app/Contents/Developer/Toolchains/XcodeDefault.xctoolchain/usr/bin/clang -Xlinker -reproducible -target arm64-apple-macos27.0 -dynamiclib -isysroot /Applications/Xcode.app/Contents/Developer/Platforms/MacOSX.platform/Developer/SDKs/MacOSX27.0.sdk -Os -Xlinker -no_warn_duplicate_libraries -L/Users/builder/Factory/paperloft/build/DerivedData/Build/Intermediates.noindex/EagerLinkingTBDs/Debug -L/Users/builder/Factory/paperloft/build/DerivedData/Build/Products/Debug -F/Users/builder/Factory/paperloft/build/DerivedData/Build/Intermediates.noindex/EagerLinkingTBDs/Debug -F/Users/builder/Factory/paperloft/build/DerivedData/Build/Products/Debug/PackageFrameworks -F/Users/builder/Factory/paperloft/build/DerivedData/Build/Products/Debug -filelist /Users/builder/Factory/paperloft/build/DerivedData/Build/Intermediates.noindex/Paperloft.build/Debug/PaperloftApp.build/Objects-normal/arm64/Paperloft\ Receipts.LinkFileList -install_name @rpath/Paperloft\ Receipts.debug.dylib -Xlinker -rpath -Xlinker @loader_path -Xlinker -rpath -Xlinker /Users/builder/Factory/paperloft/build/DerivedData/Build/Products/Debug/PackageFrameworks -Xlinker -object_path_lto -Xlinker /Users/builder/Factory/paperloft/build/DerivedData/Build/Intermediates.noindex/Paperloft.build/Debug/PaperloftApp.build/Objects-normal/arm64/Paperloft\ Receipts_lto.o -rdynamic -Xlinker -debug_variant -Xlinker -dependency_info -Xlinker /Users/builder/Factory/paperloft/build/DerivedData/Build/Intermediates.noindex/Paperloft.build/Debug/PaperloftApp.build/Objects-normal/arm64/Paperloft\ Receipts_dependency_info.dat -fobjc-link-runtime -fprofile-instr-generate -L/Applications/Xcode.app/Contents/Developer/Toolchains/XcodeDefault.xctoolchain/usr/lib/swift/macosx -L/usr/lib/swift -Xlinker -add_ast_path -Xlinker /Users/builder/Factory/paperloft/build/DerivedData/Build/Intermediates.noindex/Paperloft.build/Debug/PaperloftApp.build/Objects-normal/arm64/Paperloft_Receipts.swiftmodule -Xlinker -alias -Xlinker _main -Xlinker ___debug_main_executable_dylib_entry_point -Xlinker -no_adhoc_codesign -o /Users/builder/Factory/paperloft/build/DerivedData/Build/Products/Debug/Paperloft\ Receipts.app/Contents/MacOS/Paperloft\ Receipts.debug.dylib

ConstructStubExecutorLinkFileList /Users/builder/Factory/paperloft/build/DerivedData/Build/Intermediates.noindex/Paperloft.build/Debug/PaperloftApp.build/Paperloft\ Receipts-ExecutorLinkFileList-normal-arm64.txt (in target 'PaperloftApp' from project 'Paperloft')
    cd /Users/builder/Factory/paperloft
    construct-stub-executor-link-file-list /Users/builder/Factory/paperloft/build/DerivedData/Build/Products/Debug/Paperloft\ Receipts.app/Contents/MacOS/Paperloft\ Receipts.debug.dylib /Applications/Xcode.app/Contents/Developer/Platforms/MacOSX.platform/Developer/usr/lib/libPreviewsJITStubExecutor_no_swift_entry_point.a /Applications/Xcode.app/Contents/Developer/Platforms/MacOSX.platform/Developer/usr/lib/libPreviewsJITStubExecutor.a --output /Users/builder/Factory/paperloft/build/DerivedData/Build/Intermediates.noindex/Paperloft.build/Debug/PaperloftApp.build/Paperloft\ Receipts-ExecutorLinkFileList-normal-arm64.txt
note: Using stub executor library with Swift entry point. (in target 'PaperloftApp' from project 'Paperloft')

Ld /Users/builder/Factory/paperloft/build/DerivedData/Build/Products/Debug/Paperloft\ Receipts.app/Contents/MacOS/Paperloft\ Receipts normal (in target 'PaperloftApp' from project 'Paperloft')
    cd /Users/builder/Factory/paperloft
    /Applications/Xcode.app/Contents/Developer/Toolchains/XcodeDefault.xctoolchain/usr/bin/clang -Xlinker -reproducible -target arm64-apple-macos27.0 -isysroot /Applications/Xcode.app/Contents/Developer/Platforms/MacOSX.platform/Developer/SDKs/MacOSX27.0.sdk -Os -Xlinker -no_warn_duplicate_libraries -L/Users/builder/Factory/paperloft/build/DerivedData/Build/Products/Debug -F/Users/builder/Factory/paperloft/build/DerivedData/Build/Products/Debug/PackageFrameworks -F/Users/builder/Factory/paperloft/build/DerivedData/Build/Products/Debug -Xlinker -rpath -Xlinker @executable_path -Xlinker -rpath -Xlinker @loader_path -Xlinker -rpath -Xlinker /Users/builder/Factory/paperloft/build/DerivedData/Build/Products/Debug/PackageFrameworks -rdynamic -Xlinker -debug_variant -e ___debug_blank_executor_main -Xlinker -sectcreate -Xlinker __TEXT -Xlinker __debug_dylib -Xlinker /Users/builder/Factory/paperloft/build/DerivedData/Build/Intermediates.noindex/Paperloft.build/Debug/PaperloftApp.build/Paperloft\ Receipts-DebugDylibPath-normal-arm64.txt -Xlinker -sectcreate -Xlinker __TEXT -Xlinker __debug_instlnm -Xlinker /Users/builder/Factory/paperloft/build/DerivedData/Build/Intermediates.noindex/Paperloft.build/Debug/PaperloftApp.build/Paperloft\ Receipts-DebugDylibInstallName-normal-arm64.txt -Xlinker -filelist -Xlinker /Users/builder/Factory/paperloft/build/DerivedData/Build/Intermediates.noindex/Paperloft.build/Debug/PaperloftApp.build/Paperloft\ Receipts-ExecutorLinkFileList-normal-arm64.txt /Users/builder/Factory/paperloft/build/DerivedData/Build/Products/Debug/Paperloft\ Receipts.app/Contents/MacOS/Paperloft\ Receipts.debug.dylib -Xlinker -no_adhoc_codesign -o /Users/builder/Factory/paperloft/build/DerivedData/Build/Products/Debug/Paperloft\ Receipts.app/Contents/MacOS/Paperloft\ Receipts

CopySwiftLibs /Users/builder/Factory/paperloft/build/DerivedData/Build/Products/Debug/Paperloft\ Receipts.app (in target 'PaperloftApp' from project 'Paperloft')
    cd /Users/builder/Factory/paperloft
    builtin-swiftStdLibTool --copy --verbose --sign - --scan-executable /Users/builder/Factory/paperloft/build/DerivedData/Build/Products/Debug/Paperloft\ Receipts.app/Contents/MacOS/Paperloft\ Receipts.debug.dylib --scan-folder /Users/builder/Factory/paperloft/build/DerivedData/Build/Products/Debug/Paperloft\ Receipts.app/Contents/Frameworks --scan-folder /Users/builder/Factory/paperloft/build/DerivedData/Build/Products/Debug/Paperloft\ Receipts.app/Contents/PlugIns --scan-folder /Users/builder/Factory/paperloft/build/DerivedData/Build/Products/Debug/Paperloft\ Receipts.app/Contents/Library/SystemExtensions --scan-folder /Users/builder/Factory/paperloft/build/DerivedData/Build/Products/Debug/Paperloft\ Receipts.app/Contents/Extensions --platform macosx --toolchain /Applications/Xcode.app/Contents/Developer/Toolchains/XcodeDefault.xctoolchain --destination /Users/builder/Factory/paperloft/build/DerivedData/Build/Products/Debug/Paperloft\ Receipts.app/Contents/Frameworks --strip-bitcode --strip-bitcode-tool /Applications/Xcode.app/Contents/Developer/Toolchains/XcodeDefault.xctoolchain/usr/bin/bitcode_strip --emit-dependency-info /Users/builder/Factory/paperloft/build/DerivedData/Build/Intermediates.noindex/Paperloft.build/Debug/PaperloftApp.build/SwiftStdLibToolInputDependencies.dep --filter-for-swift-os

ExtractAppIntentsMetadata (in target 'PaperloftApp' from project 'Paperloft')
    cd /Users/builder/Factory/paperloft
    /Applications/Xcode.app/Contents/Developer/Toolchains/XcodeDefault.xctoolchain/usr/bin/appintentsmetadataprocessor --toolchain-dir /Applications/Xcode.app/Contents/Developer/Toolchains/XcodeDefault.xctoolchain --module-name Paperloft_Receipts --sdk-root /Applications/Xcode.app/Contents/Developer/Platforms/MacOSX.platform/Developer/SDKs/MacOSX27.0.sdk --xcode-version 27A266a --platform-family macOS --deployment-target 27.0 --bundle-identifier app.paperloft.receipts --output /Users/builder/Factory/paperloft/build/DerivedData/Build/Products/Debug/Paperloft\ Receipts.app/Contents/Resources --target-triple arm64-apple-macos27.0 --binary-file /Users/builder/Factory/paperloft/build/DerivedData/Build/Products/Debug/Paperloft\ Receipts.app/Contents/MacOS/Paperloft\ Receipts --dependency-file /Users/builder/Factory/paperloft/build/DerivedData/Build/Intermediates.noindex/Paperloft.build/Debug/PaperloftApp.build/Objects-normal/arm64/Paperloft\ Receipts_dependency_info.dat --stringsdata-file /Users/builder/Factory/paperloft/build/DerivedData/Build/Intermediates.noindex/Paperloft.build/Debug/PaperloftApp.build/Objects-normal/arm64/ExtractedAppShortcutsMetadata.stringsdata --source-file-list /Users/builder/Factory/paperloft/build/DerivedData/Build/Intermediates.noindex/Paperloft.build/Debug/PaperloftApp.build/Objects-normal/arm64/Paperloft\ Receipts.SwiftFileList --metadata-file-list /Users/builder/Factory/paperloft/build/DerivedData/Build/Intermediates.noindex/Paperloft.build/Debug/PaperloftApp.build/Paperloft\ Receipts.DependencyMetadataFileList --static-metadata-file-list /Users/builder/Factory/paperloft/build/DerivedData/Build/Intermediates.noindex/Paperloft.build/Debug/PaperloftApp.build/Paperloft\ Receipts.DependencyStaticMetadataFileList --swift-const-vals-list /Users/builder/Factory/paperloft/build/DerivedData/Build/Intermediates.noindex/Paperloft.build/Debug/PaperloftApp.build/Objects-normal/arm64/Paperloft\ Receipts.SwiftConstValuesFileList --compile-time-extraction --deployment-aware-processing --no-app-shortcuts-localization
2026-09-26 19:28:57.746 appintentsmetadataprocessor[69973:520703] Starting appintentsmetadataprocessor export
2026-09-26 19:28:57.797 appintentsmetadataprocessor[69973:520703] Extracted no relevant App Intents symbols, skipping writing output

CodeSign /Users/builder/Factory/paperloft/build/DerivedData/Build/Products/Debug/Paperloft\ Receipts.app/Contents/MacOS/Paperloft\ Receipts.debug.dylib (in target 'PaperloftApp' from project 'Paperloft')
    cd /Users/builder/Factory/paperloft
    
    Signing Identity:     "Sign to Run Locally"
    
    /usr/bin/codesign --force --sign - --timestamp\=none --generate-entitlement-der /Users/builder/Factory/paperloft/build/DerivedData/Build/Products/Debug/Paperloft\ Receipts.app/Contents/MacOS/Paperloft\ Receipts.debug.dylib

CodeSign /Users/builder/Factory/paperloft/build/DerivedData/Build/Products/Debug/Paperloft\ Receipts.app/Contents/MacOS/__preview.dylib (in target 'PaperloftApp' from project 'Paperloft')
    cd /Users/builder/Factory/paperloft
    
    Signing Identity:     "Sign to Run Locally"
    
    /usr/bin/codesign --force --sign - --timestamp\=none --generate-entitlement-der /Users/builder/Factory/paperloft/build/DerivedData/Build/Products/Debug/Paperloft\ Receipts.app/Contents/MacOS/__preview.dylib

CodeSign /Users/builder/Factory/paperloft/build/DerivedData/Build/Products/Debug/Paperloft\ Receipts.app (in target 'PaperloftApp' from project 'Paperloft')
    cd /Users/builder/Factory/paperloft
    
    Signing Identity:     "Sign to Run Locally"
    
    /usr/bin/codesign --force --sign - --entitlements /Users/builder/Factory/paperloft/build/DerivedData/Build/Intermediates.noindex/Paperloft.build/Debug/PaperloftApp.build/Paperloft\ Receipts.app.xcent --timestamp\=none --generate-entitlement-der /Users/builder/Factory/paperloft/build/DerivedData/Build/Products/Debug/Paperloft\ Receipts.app

RegisterExecutionPolicyException /Users/builder/Factory/paperloft/build/DerivedData/Build/Products/Debug/Paperloft\ Receipts.app (in target 'PaperloftApp' from project 'Paperloft')
    cd /Users/builder/Factory/paperloft
    builtin-RegisterExecutionPolicyException /Users/builder/Factory/paperloft/build/DerivedData/Build/Products/Debug/Paperloft\ Receipts.app

Validate /Users/builder/Factory/paperloft/build/DerivedData/Build/Products/Debug/Paperloft\ Receipts.app (in target 'PaperloftApp' from project 'Paperloft')
    cd /Users/builder/Factory/paperloft
    builtin-validationUtility /Users/builder/Factory/paperloft/build/DerivedData/Build/Products/Debug/Paperloft\ Receipts.app -no-validate-extension -infoplist-subpath Contents/Info.plist

Touch /Users/builder/Factory/paperloft/build/DerivedData/Build/Products/Debug/Paperloft\ Receipts.app (in target 'PaperloftApp' from project 'Paperloft')
    cd /Users/builder/Factory/paperloft
    /usr/bin/touch -c /Users/builder/Factory/paperloft/build/DerivedData/Build/Products/Debug/Paperloft\ Receipts.app

RegisterWithLaunchServices /Users/builder/Factory/paperloft/build/DerivedData/Build/Products/Debug/Paperloft\ Receipts.app (in target 'PaperloftApp' from project 'Paperloft')
    cd /Users/builder/Factory/paperloft
    builtin-lsregisterurl --record-path /Users/builder/Factory/paperloft/build/DerivedData/Build/Intermediates.noindex/XCBuildData/registered-launchservices.txt -- /System/Library/Frameworks/CoreServices.framework/Versions/Current/Frameworks/LaunchServices.framework/Versions/Current/Support/lsregister -f -R -trusted /Users/builder/Factory/paperloft/build/DerivedData/Build/Products/Debug/Paperloft\ Receipts.app

PruneExplicitPrecompiledModules /Users/builder/Factory/paperloft/build/DerivedData/Build/Intermediates.noindex/SwiftExplicitPrecompiledModules

PruneExplicitPrecompiledModules /Users/builder/Factory/paperloft/build/DerivedData/SDKExplicitPrecompiledModules

PruneExplicitPrecompiledModules /Users/builder/Factory/paperloft/build/DerivedData/Build/Intermediates.noindex/ExplicitPrecompiledModules

** BUILD SUCCEEDED **

Command line invocation:
    /Applications/Xcode.app/Contents/Developer/usr/bin/xcodebuild -project Paperloft.xcodeproj -scheme PaperloftApp -destination platform=macOS -derivedDataPath build/DerivedData SWIFT_TREAT_WARNINGS_AS_ERRORS=YES -configuration Release clean build

Build settings from command line:
    SWIFT_TREAT_WARNINGS_AS_ERRORS = YES

Resolve Package Graph


Resolved source packages:
  PaperloftKit: /Users/builder/Factory/paperloft/Packages/PaperloftKit @ local

CreateBuildRequest

SendProjectDescription

CreateBuildOperation

** CLEAN SUCCEEDED **

ComputePackagePrebuildTargetDependencyGraph

Prepare packages

CreateBuildRequest

SendProjectDescription

CreateBuildOperation

ComputeTargetDependencyGraph
note: Building targets in dependency order
note: Target dependency graph (3 targets)
    Target 'PaperloftApp' in project 'Paperloft'
        ➜ Explicit dependency on target 'PaperloftKit-product' in project 'PaperloftKit'
    Target 'PaperloftKit-product' in project 'PaperloftKit'
        ➜ Explicit dependency on target 'PaperloftKit' in project 'PaperloftKit'
    Target 'PaperloftKit' in project 'PaperloftKit' (no dependencies)

GatherProvisioningInputs

CreateBuildDescription

ExecuteExternalTool /Applications/Xcode.app/Contents/Developer/Toolchains/XcodeDefault.xctoolchain/usr/bin/swiftc --version

ExecuteExternalTool /Applications/Xcode.app/Contents/Developer/Toolchains/XcodeDefault.xctoolchain/usr/bin/clang -v -E -dM -isysroot /Applications/Xcode.app/Contents/Developer/Platforms/MacOSX.platform/Developer/SDKs/MacOSX27.0.sdk -x c -c /dev/null

ExecuteExternalTool /Applications/Xcode.app/Contents/Developer/Toolchains/XcodeDefault.xctoolchain/usr/bin/ld -version_details

Build description signature: 35e4924415e64406b5002367045e718e
Build description path: /Users/builder/Factory/paperloft/build/DerivedData/Build/Intermediates.noindex/XCBuildData/35e4924415e64406b5002367045e718e.xcbuilddata
CreateBuildDirectory /Users/builder/Factory/paperloft/build/DerivedData/ModuleCache.noindex
    cd /Users/builder/Factory/paperloft/Paperloft.xcodeproj
    builtin-create-build-directory /Users/builder/Factory/paperloft/build/DerivedData/ModuleCache.noindex

CreateBuildDirectory /Users/builder/Factory/paperloft/build/DerivedData/SDKExplicitPrecompiledModules
    cd /Users/builder/Factory/paperloft/Paperloft.xcodeproj
    builtin-create-build-directory /Users/builder/Factory/paperloft/build/DerivedData/SDKExplicitPrecompiledModules

ClangStatCache /Applications/Xcode.app/Contents/Developer/Toolchains/XcodeDefault.xctoolchain/usr/bin/clang-stat-cache /Applications/Xcode.app/Contents/Developer/Platforms/MacOSX.platform/Developer/SDKs/MacOSX27.0.sdk /Users/builder/Factory/paperloft/build/DerivedData/SDKStatCaches.noindex/macosx27.0-26A425-7231f6df4def33e022ae2eb8f782df1a.sdkstatcache
    cd /Users/builder/Factory/paperloft/Paperloft.xcodeproj
    /Applications/Xcode.app/Contents/Developer/Toolchains/XcodeDefault.xctoolchain/usr/bin/clang-stat-cache /Applications/Xcode.app/Contents/Developer/Platforms/MacOSX.platform/Developer/SDKs/MacOSX27.0.sdk -o /Users/builder/Factory/paperloft/build/DerivedData/SDKStatCaches.noindex/macosx27.0-26A425-7231f6df4def33e022ae2eb8f782df1a.sdkstatcache

CreateBuildDirectory /Users/builder/Factory/paperloft/build/DerivedData/CompilationCache.noindex
    cd /Users/builder/Factory/paperloft/Paperloft.xcodeproj
    builtin-create-build-directory /Users/builder/Factory/paperloft/build/DerivedData/CompilationCache.noindex

CreateBuildDirectory /Users/builder/Factory/paperloft/build/DerivedData/Build/Intermediates.noindex
    cd /Users/builder/Factory/paperloft/Paperloft.xcodeproj
    builtin-create-build-directory /Users/builder/Factory/paperloft/build/DerivedData/Build/Intermediates.noindex

CreateBuildDirectory /Users/builder/Factory/paperloft/build/DerivedData/Build/Products
    cd /Users/builder/Factory/paperloft/Paperloft.xcodeproj
    builtin-create-build-directory /Users/builder/Factory/paperloft/build/DerivedData/Build/Products

CreateBuildDirectory /Users/builder/Factory/paperloft/build/DerivedData/Build/Intermediates.noindex/SwiftExplicitPrecompiledModules
    cd /Users/builder/Factory/paperloft/Paperloft.xcodeproj
    builtin-create-build-directory /Users/builder/Factory/paperloft/build/DerivedData/Build/Intermediates.noindex/SwiftExplicitPrecompiledModules

CreateBuildDirectory /Users/builder/Factory/paperloft/build/DerivedData/Build/Intermediates.noindex/ExplicitPrecompiledModules
    cd /Users/builder/Factory/paperloft/Paperloft.xcodeproj
    builtin-create-build-directory /Users/builder/Factory/paperloft/build/DerivedData/Build/Intermediates.noindex/ExplicitPrecompiledModules

CreateBuildDirectory /Users/builder/Factory/paperloft/build/DerivedData/Build/Intermediates.noindex/PrecompiledHeaders
    cd /Users/builder/Factory/paperloft/Paperloft.xcodeproj
    builtin-create-build-directory /Users/builder/Factory/paperloft/build/DerivedData/Build/Intermediates.noindex/PrecompiledHeaders

CreateBuildDirectory /Users/builder/Factory/paperloft/build/DerivedData/Build/Intermediates.noindex/EagerLinkingTBDs/Release
    cd /Users/builder/Factory/paperloft/Paperloft.xcodeproj
    builtin-create-build-directory /Users/builder/Factory/paperloft/build/DerivedData/Build/Intermediates.noindex/EagerLinkingTBDs/Release

CreateBuildDirectory /Users/builder/Factory/paperloft/build/DerivedData/Build/Products/Release
    cd /Users/builder/Factory/paperloft/Paperloft.xcodeproj
    builtin-create-build-directory /Users/builder/Factory/paperloft/build/DerivedData/Build/Products/Release

WriteAuxiliaryFile /Users/builder/Factory/paperloft/build/DerivedData/Build/Intermediates.noindex/Paperloft.build/Release/Paperloft-b93ddc6bcd4d234a5473ab01ad3589c4-VFS/all-product-headers.yaml
    cd /Users/builder/Factory/paperloft/Paperloft.xcodeproj
    write-file /Users/builder/Factory/paperloft/build/DerivedData/Build/Intermediates.noindex/Paperloft.build/Release/Paperloft-b93ddc6bcd4d234a5473ab01ad3589c4-VFS/all-product-headers.yaml

CreateBuildDirectory /Users/builder/Factory/paperloft/build/DerivedData/Build/Products/Release/PackageFrameworks
    cd /Users/builder/Factory/paperloft/Paperloft.xcodeproj
    builtin-create-build-directory /Users/builder/Factory/paperloft/build/DerivedData/Build/Products/Release/PackageFrameworks

WriteAuxiliaryFile /Users/builder/Factory/paperloft/build/DerivedData/Build/Intermediates.noindex/PaperloftKit.build/Release/PaperloftKit-t.build/PaperloftKit.DependencyStaticMetadataFileList (in target 'PaperloftKit' from project 'PaperloftKit')
    cd /Users/builder/Factory/paperloft/Packages/PaperloftKit
    write-file /Users/builder/Factory/paperloft/build/DerivedData/Build/Intermediates.noindex/PaperloftKit.build/Release/PaperloftKit-t.build/PaperloftKit.DependencyStaticMetadataFileList

WriteAuxiliaryFile /Users/builder/Factory/paperloft/build/DerivedData/Build/Intermediates.noindex/PaperloftKit.build/Release/PaperloftKit-t.build/PaperloftKit.DependencyMetadataFileList (in target 'PaperloftKit' from project 'PaperloftKit')
    cd /Users/builder/Factory/paperloft/Packages/PaperloftKit
    write-file /Users/builder/Factory/paperloft/build/DerivedData/Build/Intermediates.noindex/PaperloftKit.build/Release/PaperloftKit-t.build/PaperloftKit.DependencyMetadataFileList

WriteAuxiliaryFile /Users/builder/Factory/paperloft/build/DerivedData/Build/Intermediates.noindex/PaperloftKit.build/Release/PaperloftKit-t.build/PaperloftKit.modulemap (in target 'PaperloftKit' from project 'PaperloftKit')
    cd /Users/builder/Factory/paperloft/Packages/PaperloftKit
    write-file /Users/builder/Factory/paperloft/build/DerivedData/Build/Intermediates.noindex/PaperloftKit.build/Release/PaperloftKit-t.build/PaperloftKit.modulemap

WriteAuxiliaryFile /Users/builder/Factory/paperloft/build/DerivedData/Build/Intermediates.noindex/PaperloftKit.build/Release/PaperloftKit-t.build/Objects-normal/arm64/PaperloftKit-OutputFileMap.json (in target 'PaperloftKit' from project 'PaperloftKit')
    cd /Users/builder/Factory/paperloft/Packages/PaperloftKit
    write-file /Users/builder/Factory/paperloft/build/DerivedData/Build/Intermediates.noindex/PaperloftKit.build/Release/PaperloftKit-t.build/Objects-normal/arm64/PaperloftKit-OutputFileMap.json

WriteAuxiliaryFile /Users/builder/Factory/paperloft/build/DerivedData/Build/Intermediates.noindex/PaperloftKit.build/Release/PaperloftKit-t.build/Objects-normal/arm64/PaperloftKit.LinkFileList (in target 'PaperloftKit' from project 'PaperloftKit')
    cd /Users/builder/Factory/paperloft/Packages/PaperloftKit
    write-file /Users/builder/Factory/paperloft/build/DerivedData/Build/Intermediates.noindex/PaperloftKit.build/Release/PaperloftKit-t.build/Objects-normal/arm64/PaperloftKit.LinkFileList

WriteAuxiliaryFile /Users/builder/Factory/paperloft/build/DerivedData/Build/Intermediates.noindex/PaperloftKit.build/Release/PaperloftKit-t.build/Objects-normal/arm64/PaperloftKit_const_extract_protocols.json (in target 'PaperloftKit' from project 'PaperloftKit')
    cd /Users/builder/Factory/paperloft/Packages/PaperloftKit
    write-file /Users/builder/Factory/paperloft/build/DerivedData/Build/Intermediates.noindex/PaperloftKit.build/Release/PaperloftKit-t.build/Objects-normal/arm64/PaperloftKit_const_extract_protocols.json

WriteAuxiliaryFile /Users/builder/Factory/paperloft/build/DerivedData/Build/Intermediates.noindex/PaperloftKit.build/Release/PaperloftKit-t.build/Objects-normal/arm64/PaperloftKit.SwiftFileList (in target 'PaperloftKit' from project 'PaperloftKit')
    cd /Users/builder/Factory/paperloft/Packages/PaperloftKit
    write-file /Users/builder/Factory/paperloft/build/DerivedData/Build/Intermediates.noindex/PaperloftKit.build/Release/PaperloftKit-t.build/Objects-normal/arm64/PaperloftKit.SwiftFileList

WriteAuxiliaryFile /Users/builder/Factory/paperloft/build/DerivedData/Build/Intermediates.noindex/PaperloftKit.build/Release/PaperloftKit-t.build/Objects-normal/arm64/PaperloftKit.SwiftConstValuesFileList (in target 'PaperloftKit' from project 'PaperloftKit')
    cd /Users/builder/Factory/paperloft/Packages/PaperloftKit
    write-file /Users/builder/Factory/paperloft/build/DerivedData/Build/Intermediates.noindex/PaperloftKit.build/Release/PaperloftKit-t.build/Objects-normal/arm64/PaperloftKit.SwiftConstValuesFileList

WriteAuxiliaryFile /Users/builder/Factory/paperloft/build/DerivedData/Build/Intermediates.noindex/Paperloft.build/Release/PaperloftApp.build/Paperloft\ Receipts.hmap (in target 'PaperloftApp' from project 'Paperloft')
    cd /Users/builder/Factory/paperloft
    write-file /Users/builder/Factory/paperloft/build/DerivedData/Build/Intermediates.noindex/Paperloft.build/Release/PaperloftApp.build/Paperloft\ Receipts.hmap

WriteAuxiliaryFile /Users/builder/Factory/paperloft/build/DerivedData/Build/Intermediates.noindex/Paperloft.build/Release/PaperloftApp.build/Paperloft\ Receipts.DependencyStaticMetadataFileList (in target 'PaperloftApp' from project 'Paperloft')
    cd /Users/builder/Factory/paperloft
    write-file /Users/builder/Factory/paperloft/build/DerivedData/Build/Intermediates.noindex/Paperloft.build/Release/PaperloftApp.build/Paperloft\ Receipts.DependencyStaticMetadataFileList

WriteAuxiliaryFile /Users/builder/Factory/paperloft/build/DerivedData/Build/Intermediates.noindex/Paperloft.build/Release/PaperloftApp.build/empty-Paperloft\ Receipts.plist (in target 'PaperloftApp' from project 'Paperloft')
    cd /Users/builder/Factory/paperloft
    write-file /Users/builder/Factory/paperloft/build/DerivedData/Build/Intermediates.noindex/Paperloft.build/Release/PaperloftApp.build/empty-Paperloft\ Receipts.plist

WriteAuxiliaryFile /Users/builder/Factory/paperloft/build/DerivedData/Build/Intermediates.noindex/Paperloft.build/Release/PaperloftApp.build/Paperloft\ Receipts.DependencyMetadataFileList (in target 'PaperloftApp' from project 'Paperloft')
    cd /Users/builder/Factory/paperloft
    write-file /Users/builder/Factory/paperloft/build/DerivedData/Build/Intermediates.noindex/Paperloft.build/Release/PaperloftApp.build/Paperloft\ Receipts.DependencyMetadataFileList

WriteAuxiliaryFile /Users/builder/Factory/paperloft/build/DerivedData/Build/Intermediates.noindex/Paperloft.build/Release/PaperloftApp.build/Paperloft\ Receipts-project-headers.hmap (in target 'PaperloftApp' from project 'Paperloft')
    cd /Users/builder/Factory/paperloft
    write-file /Users/builder/Factory/paperloft/build/DerivedData/Build/Intermediates.noindex/Paperloft.build/Release/PaperloftApp.build/Paperloft\ Receipts-project-headers.hmap

WriteAuxiliaryFile /Users/builder/Factory/paperloft/build/DerivedData/Build/Intermediates.noindex/Paperloft.build/Release/PaperloftApp.build/Paperloft\ Receipts-own-target-headers.hmap (in target 'PaperloftApp' from project 'Paperloft')
    cd /Users/builder/Factory/paperloft
    write-file /Users/builder/Factory/paperloft/build/DerivedData/Build/Intermediates.noindex/Paperloft.build/Release/PaperloftApp.build/Paperloft\ Receipts-own-target-headers.hmap

WriteAuxiliaryFile /Users/builder/Factory/paperloft/build/DerivedData/Build/Intermediates.noindex/Paperloft.build/Release/PaperloftApp.build/Paperloft\ Receipts-generated-files.hmap (in target 'PaperloftApp' from project 'Paperloft')
    cd /Users/builder/Factory/paperloft
    write-file /Users/builder/Factory/paperloft/build/DerivedData/Build/Intermediates.noindex/Paperloft.build/Release/PaperloftApp.build/Paperloft\ Receipts-generated-files.hmap

WriteAuxiliaryFile /Users/builder/Factory/paperloft/build/DerivedData/Build/Intermediates.noindex/Paperloft.build/Release/PaperloftApp.build/Paperloft\ Receipts-all-target-headers.hmap (in target 'PaperloftApp' from project 'Paperloft')
    cd /Users/builder/Factory/paperloft
    write-file /Users/builder/Factory/paperloft/build/DerivedData/Build/Intermediates.noindex/Paperloft.build/Release/PaperloftApp.build/Paperloft\ Receipts-all-target-headers.hmap

Copy /Users/builder/Factory/paperloft/build/DerivedData/Build/Intermediates.noindex/GeneratedModuleMaps/PaperloftKit.modulemap /Users/builder/Factory/paperloft/build/DerivedData/Build/Intermediates.noindex/PaperloftKit.build/Release/PaperloftKit-t.build/PaperloftKit.modulemap (in target 'PaperloftKit' from project 'PaperloftKit')
    cd /Users/builder/Factory/paperloft/Packages/PaperloftKit
    builtin-copy -exclude .DS_Store -exclude CVS -exclude .svn -exclude .git -exclude .hg -strip-unsigned-binaries -strip-deterministic -strip-tool /Applications/Xcode.app/Contents/Developer/Toolchains/XcodeDefault.xctoolchain/usr/bin/strip -resolve-src-symlinks /Users/builder/Factory/paperloft/build/DerivedData/Build/Intermediates.noindex/PaperloftKit.build/Release/PaperloftKit-t.build/PaperloftKit.modulemap /Users/builder/Factory/paperloft/build/DerivedData/Build/Intermediates.noindex/GeneratedModuleMaps

WriteAuxiliaryFile /Users/builder/Factory/paperloft/build/DerivedData/Build/Intermediates.noindex/Paperloft.build/Release/PaperloftApp.build/Paperloft\ Receipts-all-non-framework-target-headers.hmap (in target 'PaperloftApp' from project 'Paperloft')
    cd /Users/builder/Factory/paperloft
    write-file /Users/builder/Factory/paperloft/build/DerivedData/Build/Intermediates.noindex/Paperloft.build/Release/PaperloftApp.build/Paperloft\ Receipts-all-non-framework-target-headers.hmap

WriteAuxiliaryFile /Users/builder/Factory/paperloft/build/DerivedData/Build/Intermediates.noindex/Paperloft.build/Release/PaperloftApp.build/Objects-normal/arm64/Paperloft\ Receipts.SwiftFileList (in target 'PaperloftApp' from project 'Paperloft')
    cd /Users/builder/Factory/paperloft
    write-file /Users/builder/Factory/paperloft/build/DerivedData/Build/Intermediates.noindex/Paperloft.build/Release/PaperloftApp.build/Objects-normal/arm64/Paperloft\ Receipts.SwiftFileList

WriteAuxiliaryFile /Users/builder/Factory/paperloft/build/DerivedData/Build/Intermediates.noindex/Paperloft.build/Release/PaperloftApp.build/Objects-normal/arm64/PaperloftApp-OutputFileMap.json (in target 'PaperloftApp' from project 'Paperloft')
    cd /Users/builder/Factory/paperloft
    write-file /Users/builder/Factory/paperloft/build/DerivedData/Build/Intermediates.noindex/Paperloft.build/Release/PaperloftApp.build/Objects-normal/arm64/PaperloftApp-OutputFileMap.json

WriteAuxiliaryFile /Users/builder/Factory/paperloft/build/DerivedData/Build/Intermediates.noindex/Paperloft.build/Release/PaperloftApp.build/Objects-normal/arm64/Paperloft\ Receipts.LinkFileList (in target 'PaperloftApp' from project 'Paperloft')
    cd /Users/builder/Factory/paperloft
    write-file /Users/builder/Factory/paperloft/build/DerivedData/Build/Intermediates.noindex/Paperloft.build/Release/PaperloftApp.build/Objects-normal/arm64/Paperloft\ Receipts.LinkFileList

WriteAuxiliaryFile /Users/builder/Factory/paperloft/build/DerivedData/Build/Intermediates.noindex/Paperloft.build/Release/PaperloftApp.build/Objects-normal/arm64/PaperloftApp_const_extract_protocols.json (in target 'PaperloftApp' from project 'Paperloft')
    cd /Users/builder/Factory/paperloft
    write-file /Users/builder/Factory/paperloft/build/DerivedData/Build/Intermediates.noindex/Paperloft.build/Release/PaperloftApp.build/Objects-normal/arm64/PaperloftApp_const_extract_protocols.json

WriteAuxiliaryFile /Users/builder/Factory/paperloft/build/DerivedData/Build/Intermediates.noindex/Paperloft.build/Release/PaperloftApp.build/Objects-normal/arm64/Paperloft\ Receipts.SwiftConstValuesFileList (in target 'PaperloftApp' from project 'Paperloft')
    cd /Users/builder/Factory/paperloft
    write-file /Users/builder/Factory/paperloft/build/DerivedData/Build/Intermediates.noindex/Paperloft.build/Release/PaperloftApp.build/Objects-normal/arm64/Paperloft\ Receipts.SwiftConstValuesFileList

WriteAuxiliaryFile /Users/builder/Factory/paperloft/build/DerivedData/Build/Intermediates.noindex/Paperloft.build/Release/PaperloftApp.build/DerivedSources/Entitlements.plist (in target 'PaperloftApp' from project 'Paperloft')
    cd /Users/builder/Factory/paperloft
    write-file /Users/builder/Factory/paperloft/build/DerivedData/Build/Intermediates.noindex/Paperloft.build/Release/PaperloftApp.build/DerivedSources/Entitlements.plist

MkDir /Users/builder/Factory/paperloft/build/DerivedData/Build/Products/Release/Paperloft\ Receipts.app/Contents (in target 'PaperloftApp' from project 'Paperloft')
    cd /Users/builder/Factory/paperloft
    /bin/mkdir -p /Users/builder/Factory/paperloft/build/DerivedData/Build/Products/Release/Paperloft\ Receipts.app/Contents

MkDir /Users/builder/Factory/paperloft/build/DerivedData/Build/Products/Release/Paperloft\ Receipts.app (in target 'PaperloftApp' from project 'Paperloft')
    cd /Users/builder/Factory/paperloft
    /bin/mkdir -p /Users/builder/Factory/paperloft/build/DerivedData/Build/Products/Release/Paperloft\ Receipts.app

MkDir /Users/builder/Factory/paperloft/build/DerivedData/Build/Products/Release/Paperloft\ Receipts.app/Contents/MacOS (in target 'PaperloftApp' from project 'Paperloft')
    cd /Users/builder/Factory/paperloft
    /bin/mkdir -p /Users/builder/Factory/paperloft/build/DerivedData/Build/Products/Release/Paperloft\ Receipts.app/Contents/MacOS

MkDir /Users/builder/Factory/paperloft/build/DerivedData/Build/Products/Release/Paperloft\ Receipts.app/Contents/Resources (in target 'PaperloftApp' from project 'Paperloft')
    cd /Users/builder/Factory/paperloft
    /bin/mkdir -p /Users/builder/Factory/paperloft/build/DerivedData/Build/Products/Release/Paperloft\ Receipts.app/Contents/Resources

SwiftDriver PaperloftKit normal arm64 com.apple.xcode.tools.swift.compiler (in target 'PaperloftKit' from project 'PaperloftKit')
    cd /Users/builder/Factory/paperloft/Paperloft.xcodeproj
    builtin-SwiftDriver -- /Applications/Xcode.app/Contents/Developer/Toolchains/XcodeDefault.xctoolchain/usr/bin/swiftc -parse-as-library -module-name PaperloftKit -O -whole-module-optimization @/Users/builder/Factory/paperloft/build/DerivedData/Build/Intermediates.noindex/PaperloftKit.build/Release/PaperloftKit-t.build/Objects-normal/arm64/PaperloftKit.SwiftFileList -DSWIFT_PACKAGE -DSWIFT_MODULE_RESOURCE_BUNDLE_UNAVAILABLE -DXcode -plugin-path /Applications/Xcode.app/Contents/Developer/Toolchains/XcodeDefault.xctoolchain/usr/lib/swift/host/plugins/testing -enable-experimental-feature DebugDescriptionMacro -sdk /Applications/Xcode.app/Contents/Developer/Platforms/MacOSX.platform/Developer/SDKs/MacOSX27.0.sdk -target arm64-apple-macos27.0 -g -module-cache-path /Users/builder/Factory/paperloft/build/DerivedData/ModuleCache.noindex -Xfrontend -serialize-debugging-options -profile-coverage-mapping -profile-generate -warnings-as-errors -swift-version 6 -I /Users/builder/Factory/paperloft/build/DerivedData/Build/Products/Release -Isystem /Applications/Xcode.app/Contents/Developer/Platforms/MacOSX.platform/Developer/usr/lib -F /Users/builder/Factory/paperloft/build/DerivedData/Build/Products/Release -F /Applications/Xcode.app/Contents/Developer/Platforms/MacOSX.platform/Developer/Library/Frameworks -c -num-threads 10 -Xcc -ivfsstatcache -Xcc /Users/builder/Factory/paperloft/build/DerivedData/SDKStatCaches.noindex/macosx27.0-26A425-7231f6df4def33e022ae2eb8f782df1a.sdkstatcache -output-file-map /Users/builder/Factory/paperloft/build/DerivedData/Build/Intermediates.noindex/PaperloftKit.build/Release/PaperloftKit-t.build/Objects-normal/arm64/PaperloftKit-OutputFileMap.json -save-temps -no-color-diagnostics -explicit-module-build -module-cache-path /Users/builder/Factory/paperloft/build/DerivedData/Build/Intermediates.noindex/SwiftExplicitPrecompiledModules -clang-scanner-module-cache-path /Users/builder/Factory/paperloft/build/DerivedData/ModuleCache.noindex -sdk-module-cache-path /Users/builder/Factory/paperloft/build/DerivedData/SDKExplicitPrecompiledModules -emit-dependencies -emit-module -emit-module-path /Users/builder/Factory/paperloft/build/DerivedData/Build/Intermediates.noindex/PaperloftKit.build/Release/PaperloftKit-t.build/Objects-normal/arm64/PaperloftKit.swiftmodule -serialize-diagnostics -dependency-scan-serialize-diagnostics-path /Users/builder/Factory/paperloft/build/DerivedData/Build/Intermediates.noindex/PaperloftKit.build/Release/PaperloftKit-t.build/Objects-normal/arm64/PaperloftKit-dependency-scan.dia -validate-clang-modules-once -clang-build-session-file /Users/builder/Factory/paperloft/build/DerivedData/ModuleCache.noindex/Session.modulevalidation -Xcc -fmodules-prune-interval\=86400 -Xcc -fmodules-prune-after\=345600 -package-name paperloftkit -emit-const-values -const-gather-protocols-list /Users/builder/Factory/paperloft/build/DerivedData/Build/Intermediates.noindex/PaperloftKit.build/Release/PaperloftKit-t.build/Objects-normal/arm64/PaperloftKit_const_extract_protocols.json -Xcc -I/Users/builder/Factory/paperloft/build/DerivedData/Build/Products/Release/include -Xcc -I/Users/builder/Factory/paperloft/build/DerivedData/Build/Intermediates.noindex/PaperloftKit.build/Release/PaperloftKit-t.build/DerivedSources-normal/arm64 -Xcc -I/Users/builder/Factory/paperloft/build/DerivedData/Build/Intermediates.noindex/PaperloftKit.build/Release/PaperloftKit-t.build/DerivedSources/arm64 -Xcc -I/Users/builder/Factory/paperloft/build/DerivedData/Build/Intermediates.noindex/PaperloftKit.build/Release/PaperloftKit-t.build/DerivedSources -Xcc -DSWIFT_PACKAGE -emit-objc-header -emit-objc-header-path /Users/builder/Factory/paperloft/build/DerivedData/Build/Intermediates.noindex/PaperloftKit.build/Release/PaperloftKit-t.build/Objects-normal/arm64/PaperloftKit-Swift.h -working-directory /Users/builder/Factory/paperloft/Paperloft.xcodeproj -no-emit-module-separately-wmo

SwiftCompile normal arm64 Compiling\ Receipt.swift /Users/builder/Factory/paperloft/Packages/PaperloftKit/Sources/PaperloftKit/Receipt.swift /Applications/Xcode.app/Contents/Developer/Toolchains/XcodeDefault.xctoolchain/usr/lib/swift/macosx/prebuilt-modules/27.0/XPC.swiftmodule/arm64e-apple-macos.swiftmodule /Applications/Xcode.app/Contents/Developer/Toolchains/XcodeDefault.xctoolchain/usr/lib/swift/macosx/prebuilt-modules/27.0/_DarwinFoundation2.swiftmodule/arm64e-apple-macos.swiftmodule /Applications/Xcode.app/Contents/Developer/Toolchains/XcodeDefault.xctoolchain/usr/lib/swift/macosx/prebuilt-modules/27.0/System.swiftmodule/arm64e-apple-macos.swiftmodule /Applications/Xcode.app/Contents/Developer/Toolchains/XcodeDefault.xctoolchain/usr/lib/swift/macosx/prebuilt-modules/27.0/CoreFoundation.swiftmodule/arm64e-apple-macos.swiftmodule /Applications/Xcode.app/Contents/Developer/Toolchains/XcodeDefault.xctoolchain/usr/lib/swift/macosx/prebuilt-modules/27.0/_Concurrency.swiftmodule/arm64e-apple-macos.swiftmodule /Applications/Xcode.app/Contents/Developer/Toolchains/XcodeDefault.xctoolchain/usr/lib/swift/macosx/prebuilt-modules/27.0/_DarwinFoundation1.swiftmodule/arm64e-apple-macos.swiftmodule /Applications/Xcode.app/Contents/Developer/Toolchains/XcodeDefault.xctoolchain/usr/lib/swift/macosx/prebuilt-modules/27.0/_DarwinFoundation3.swiftmodule/arm64e-apple-macos.swiftmodule /Applications/Xcode.app/Contents/Developer/Toolchains/XcodeDefault.xctoolchain/usr/lib/swift/macosx/prebuilt-modules/27.0/Dispatch.swiftmodule/arm64e-apple-macos.swiftmodule /Applications/Xcode.app/Contents/Developer/Toolchains/XcodeDefault.xctoolchain/usr/lib/swift/macosx/prebuilt-modules/27.0/IOKit.swiftmodule/arm64e-apple-macos.swiftmodule /Applications/Xcode.app/Contents/Developer/Toolchains/XcodeDefault.xctoolchain/usr/lib/swift/macosx/prebuilt-modules/27.0/Swift.swiftmodule/arm64e-apple-macos.swiftmodule /Applications/Xcode.app/Contents/Developer/Toolchains/XcodeDefault.xctoolchain/usr/lib/swift/macosx/prebuilt-modules/27.0/Darwin.swiftmodule/arm64e-apple-macos.swiftmodule /Applications/Xcode.app/Contents/Developer/Toolchains/XcodeDefault.xctoolchain/usr/lib/swift/macosx/prebuilt-modules/27.0/_Builtin_float.swiftmodule/arm64e-apple-macos.swiftmodule /Applications/Xcode.app/Contents/Developer/Toolchains/XcodeDefault.xctoolchain/usr/lib/swift/macosx/prebuilt-modules/27.0/Combine.swiftmodule/arm64e-apple-macos.swiftmodule /Applications/Xcode.app/Contents/Developer/Toolchains/XcodeDefault.xctoolchain/usr/lib/swift/macosx/prebuilt-modules/27.0/ObjectiveC.swiftmodule/arm64e-apple-macos.swiftmodule /Applications/Xcode.app/Contents/Developer/Toolchains/XcodeDefault.xctoolchain/usr/lib/swift/macosx/prebuilt-modules/27.0/_StringProcessing.swiftmodule/arm64e-apple-macos.swiftmodule /Applications/Xcode.app/Contents/Developer/Toolchains/XcodeDefault.xctoolchain/usr/lib/swift/macosx/prebuilt-modules/27.0/Observation.swiftmodule/arm64e-apple-macos.swiftmodule /Applications/Xcode.app/Contents/Developer/Toolchains/XcodeDefault.xctoolchain/usr/lib/swift/macosx/prebuilt-modules/27.0/Foundation.swiftmodule/arm64e-apple-macos.swiftmodule /Users/builder/Factory/paperloft/build/DerivedData/SDKExplicitPrecompiledModules/_DarwinFoundation3-2K1TO0L8DB9WSENLZLSVF5H1C.pcm /Users/builder/Factory/paperloft/build/DerivedData/SDKExplicitPrecompiledModules/string_h-8SBI2F1FLSCQC1GXUT1H5BOWA.pcm /Users/builder/Factory/paperloft/build/DerivedData/SDKExplicitPrecompiledModules/_Builtin_stdint-2UU4FIVM2A4DGYDZCCLD838UK.pcm /Users/builder/Factory/paperloft/build/DerivedData/SDKExplicitPrecompiledModules/Dispatch-74UK33SJNQ5E7NB9BM4EITYPH.pcm /Users/builder/Factory/paperloft/build/DerivedData/SDKExplicitPrecompiledModules/launch-3R3LX02N8DFEYJZVWCD6Y7CLS.pcm /Users/builder/Factory/paperloft/build/DerivedData/SDKExplicitPrecompiledModules/_Builtin_stdbool-I7OV8KOVZVGXXOUCZ8SU2KYW.pcm /Users/builder/Factory/paperloft/build/DerivedData/SDKExplicitPrecompiledModules/DiskArbitration-7WCCHFKKDTXG2YHDPRYFWSL6W.pcm /Users/builder/Factory/paperloft/build/DerivedData/SDKExplicitPrecompiledModules/ptrauth-26N8AJZSJRU8KGHA8N9FV3JT5.pcm /Users/builder/Factory/paperloft/build/DerivedData/SDKExplicitPrecompiledModules/os_object-9R922KXUX87U6AFEUV6G1XR8X.pcm /Users/builder/Factory/paperloft/build/DerivedData/SDKExplicitPrecompiledModules/os_workgroup-37IX4FXI1SCDENPBYQ52KLEQD.pcm /Users/builder/Factory/paperloft/build/DerivedData/SDKExplicitPrecompiledModules/sys_types-2Z0Y6OXL50MAMG75AI94K3LZW.pcm /Users/builder/Factory/paperloft/build/DerivedData/SDKExplicitPrecompiledModules/SwiftShims-AK7JP5FSFEW5N9Y0FOX60TOEE.pcm /Users/builder/Factory/paperloft/build/DerivedData/SDKExplicitPrecompiledModules/_Builtin_float-AIKZ7F91MUDALZR85W5ZCKLU5.pcm /Users/builder/Factory/paperloft/build/DerivedData/SDKExplicitPrecompiledModules/Foundation-EZY6OSKZ417KAVR3XKQARMPTO.pcm /Users/builder/Factory/paperloft/build/DerivedData/SDKExplicitPrecompiledModules/ptrcheck-42HAA5O45VT0VV33NE0Z0KVJV.pcm /Users/builder/Factory/paperloft/build/DerivedData/SDKExplicitPrecompiledModules/libDER-5M681WBST997Z1YPHAWK0NDV4.pcm /Users/builder/Factory/paperloft/build/DerivedData/SDKExplicitPrecompiledModules/IOKit-5DKSF69CDPGYKNEMRL9EDHE08.pcm /Users/builder/Factory/paperloft/build/DerivedData/SDKExplicitPrecompiledModules/ObjectiveC-D293DQ5CXYYRJD9ZT5Y6KTOW9.pcm /Users/builder/Factory/paperloft/build/DerivedData/SDKExplicitPrecompiledModules/_Builtin_limits-2AUMWRTYUM4ST4BXBRPMQT6IJ.pcm /Users/builder/Factory/paperloft/build/DerivedData/SDKExplicitPrecompiledModules/_Builtin_stddef-YH1VV7F3LTIIEDFASTVW7FDF.pcm /Users/builder/Factory/paperloft/build/DerivedData/SDKExplicitPrecompiledModules/Darwin-5X5OIGWENCS9TNBXE1J8JHS3P.pcm /Users/builder/Factory/paperloft/build/DerivedData/SDKExplicitPrecompiledModules/CoreServices-D24CPMZ2Q596T8FBH2I3FTE21.pcm /Users/builder/Factory/paperloft/build/DerivedData/SDKExplicitPrecompiledModules/libkern-C814C7Z6E35G67P27Y2N8YJNY.pcm /Users/builder/Factory/paperloft/build/DerivedData/SDKExplicitPrecompiledModules/CFNetwork-4M5GNP80I7GADZ7WFJDO5HM9D.pcm /Users/builder/Factory/paperloft/build/DerivedData/SDKExplicitPrecompiledModules/_DarwinFoundation1-4WT7HNUQKYJO0V9H9A0GJHIZ4.pcm /Users/builder/Factory/paperloft/build/DerivedData/SDKExplicitPrecompiledModules/MachO-1UL8HBJV4VTW87VBVYO83YCC2.pcm /Users/builder/Factory/paperloft/build/DerivedData/SDKExplicitPrecompiledModules/Security-262RQYQ22A3RGJZCXWC4XI41Z.pcm /Users/builder/Factory/paperloft/build/DerivedData/SDKExplicitPrecompiledModules/XPC-CAVR685VLQZ6O2TVDEDKAC00O.pcm /Users/builder/Factory/paperloft/build/DerivedData/SDKExplicitPrecompiledModules/CoreFoundation-8FBBZDPRQT37946LFHZZ82CGA.pcm /Users/builder/Factory/paperloft/build/DerivedData/SDKExplicitPrecompiledModules/_AvailabilityInternal-426QF596YYSE79D7WXDQCJS3M.pcm /Users/builder/Factory/paperloft/build/DerivedData/SDKExplicitPrecompiledModules/_DarwinFoundation2-L4NYCWB5BIW30XMMGYCDFIP4.pcm /Users/builder/Factory/paperloft/build/DerivedData/SDKExplicitPrecompiledModules/_SwiftConcurrencyShims-B8NG6WMZRR2LJ1QWDYIEKLY67.pcm /Users/builder/Factory/paperloft/build/DerivedData/SDKExplicitPrecompiledModules/_Builtin_stdarg-BDWSW20999N645R0P3T0EFT01.pcm /Users/builder/Factory/paperloft/build/DerivedData/SDKExplicitPrecompiledModules/_Builtin_inttypes-27XY53P0UAEYHU5QACV6UPQ5M.pcm /Users/builder/Factory/paperloft/build/DerivedData/Build/Intermediates.noindex/PaperloftKit.build/Release/PaperloftKit-t.build/Objects-normal/arm64/PaperloftKit-dependencies-1.json (in target 'PaperloftKit' from project 'PaperloftKit')

SwiftCompile normal arm64 (in target 'PaperloftKit' from project 'PaperloftKit')
    cd /Users/builder/Factory/paperloft/Paperloft.xcodeproj
    

SwiftDriver\ Compilation PaperloftKit normal arm64 com.apple.xcode.tools.swift.compiler (in target 'PaperloftKit' from project 'PaperloftKit')
    cd /Users/builder/Factory/paperloft/Paperloft.xcodeproj
    builtin-Swift-Compilation -- /Applications/Xcode.app/Contents/Developer/Toolchains/XcodeDefault.xctoolchain/usr/bin/swiftc -parse-as-library -module-name PaperloftKit -O -whole-module-optimization @/Users/builder/Factory/paperloft/build/DerivedData/Build/Intermediates.noindex/PaperloftKit.build/Release/PaperloftKit-t.build/Objects-normal/arm64/PaperloftKit.SwiftFileList -DSWIFT_PACKAGE -DSWIFT_MODULE_RESOURCE_BUNDLE_UNAVAILABLE -DXcode -plugin-path /Applications/Xcode.app/Contents/Developer/Toolchains/XcodeDefault.xctoolchain/usr/lib/swift/host/plugins/testing -enable-experimental-feature DebugDescriptionMacro -sdk /Applications/Xcode.app/Contents/Developer/Platforms/MacOSX.platform/Developer/SDKs/MacOSX27.0.sdk -target arm64-apple-macos27.0 -g -module-cache-path /Users/builder/Factory/paperloft/build/DerivedData/ModuleCache.noindex -Xfrontend -serialize-debugging-options -profile-coverage-mapping -profile-generate -warnings-as-errors -swift-version 6 -I /Users/builder/Factory/paperloft/build/DerivedData/Build/Products/Release -Isystem /Applications/Xcode.app/Contents/Developer/Platforms/MacOSX.platform/Developer/usr/lib -F /Users/builder/Factory/paperloft/build/DerivedData/Build/Products/Release -F /Applications/Xcode.app/Contents/Developer/Platforms/MacOSX.platform/Developer/Library/Frameworks -c -num-threads 10 -Xcc -ivfsstatcache -Xcc /Users/builder/Factory/paperloft/build/DerivedData/SDKStatCaches.noindex/macosx27.0-26A425-7231f6df4def33e022ae2eb8f782df1a.sdkstatcache -output-file-map /Users/builder/Factory/paperloft/build/DerivedData/Build/Intermediates.noindex/PaperloftKit.build/Release/PaperloftKit-t.build/Objects-normal/arm64/PaperloftKit-OutputFileMap.json -save-temps -no-color-diagnostics -explicit-module-build -module-cache-path /Users/builder/Factory/paperloft/build/DerivedData/Build/Intermediates.noindex/SwiftExplicitPrecompiledModules -clang-scanner-module-cache-path /Users/builder/Factory/paperloft/build/DerivedData/ModuleCache.noindex -sdk-module-cache-path /Users/builder/Factory/paperloft/build/DerivedData/SDKExplicitPrecompiledModules -emit-dependencies -emit-module -emit-module-path /Users/builder/Factory/paperloft/build/DerivedData/Build/Intermediates.noindex/PaperloftKit.build/Release/PaperloftKit-t.build/Objects-normal/arm64/PaperloftKit.swiftmodule -serialize-diagnostics -dependency-scan-serialize-diagnostics-path /Users/builder/Factory/paperloft/build/DerivedData/Build/Intermediates.noindex/PaperloftKit.build/Release/PaperloftKit-t.build/Objects-normal/arm64/PaperloftKit-dependency-scan.dia -validate-clang-modules-once -clang-build-session-file /Users/builder/Factory/paperloft/build/DerivedData/ModuleCache.noindex/Session.modulevalidation -Xcc -fmodules-prune-interval\=86400 -Xcc -fmodules-prune-after\=345600 -package-name paperloftkit -emit-const-values -const-gather-protocols-list /Users/builder/Factory/paperloft/build/DerivedData/Build/Intermediates.noindex/PaperloftKit.build/Release/PaperloftKit-t.build/Objects-normal/arm64/PaperloftKit_const_extract_protocols.json -Xcc -I/Users/builder/Factory/paperloft/build/DerivedData/Build/Products/Release/include -Xcc -I/Users/builder/Factory/paperloft/build/DerivedData/Build/Intermediates.noindex/PaperloftKit.build/Release/PaperloftKit-t.build/DerivedSources-normal/arm64 -Xcc -I/Users/builder/Factory/paperloft/build/DerivedData/Build/Intermediates.noindex/PaperloftKit.build/Release/PaperloftKit-t.build/DerivedSources/arm64 -Xcc -I/Users/builder/Factory/paperloft/build/DerivedData/Build/Intermediates.noindex/PaperloftKit.build/Release/PaperloftKit-t.build/DerivedSources -Xcc -DSWIFT_PACKAGE -emit-objc-header -emit-objc-header-path /Users/builder/Factory/paperloft/build/DerivedData/Build/Intermediates.noindex/PaperloftKit.build/Release/PaperloftKit-t.build/Objects-normal/arm64/PaperloftKit-Swift.h -working-directory /Users/builder/Factory/paperloft/Paperloft.xcodeproj -no-emit-module-separately-wmo

SwiftDriverJobDiscovery normal arm64 Compiling Receipt.swift (in target 'PaperloftKit' from project 'PaperloftKit')

SwiftDriver\ Compilation\ Requirements PaperloftKit normal arm64 com.apple.xcode.tools.swift.compiler (in target 'PaperloftKit' from project 'PaperloftKit')
    cd /Users/builder/Factory/paperloft/Paperloft.xcodeproj
    builtin-Swift-Compilation-Requirements -- /Applications/Xcode.app/Contents/Developer/Toolchains/XcodeDefault.xctoolchain/usr/bin/swiftc -parse-as-library -module-name PaperloftKit -O -whole-module-optimization @/Users/builder/Factory/paperloft/build/DerivedData/Build/Intermediates.noindex/PaperloftKit.build/Release/PaperloftKit-t.build/Objects-normal/arm64/PaperloftKit.SwiftFileList -DSWIFT_PACKAGE -DSWIFT_MODULE_RESOURCE_BUNDLE_UNAVAILABLE -DXcode -plugin-path /Applications/Xcode.app/Contents/Developer/Toolchains/XcodeDefault.xctoolchain/usr/lib/swift/host/plugins/testing -enable-experimental-feature DebugDescriptionMacro -sdk /Applications/Xcode.app/Contents/Developer/Platforms/MacOSX.platform/Developer/SDKs/MacOSX27.0.sdk -target arm64-apple-macos27.0 -g -module-cache-path /Users/builder/Factory/paperloft/build/DerivedData/ModuleCache.noindex -Xfrontend -serialize-debugging-options -profile-coverage-mapping -profile-generate -warnings-as-errors -swift-version 6 -I /Users/builder/Factory/paperloft/build/DerivedData/Build/Products/Release -Isystem /Applications/Xcode.app/Contents/Developer/Platforms/MacOSX.platform/Developer/usr/lib -F /Users/builder/Factory/paperloft/build/DerivedData/Build/Products/Release -F /Applications/Xcode.app/Contents/Developer/Platforms/MacOSX.platform/Developer/Library/Frameworks -c -num-threads 10 -Xcc -ivfsstatcache -Xcc /Users/builder/Factory/paperloft/build/DerivedData/SDKStatCaches.noindex/macosx27.0-26A425-7231f6df4def33e022ae2eb8f782df1a.sdkstatcache -output-file-map /Users/builder/Factory/paperloft/build/DerivedData/Build/Intermediates.noindex/PaperloftKit.build/Release/PaperloftKit-t.build/Objects-normal/arm64/PaperloftKit-OutputFileMap.json -save-temps -no-color-diagnostics -explicit-module-build -module-cache-path /Users/builder/Factory/paperloft/build/DerivedData/Build/Intermediates.noindex/SwiftExplicitPrecompiledModules -clang-scanner-module-cache-path /Users/builder/Factory/paperloft/build/DerivedData/ModuleCache.noindex -sdk-module-cache-path /Users/builder/Factory/paperloft/build/DerivedData/SDKExplicitPrecompiledModules -emit-dependencies -emit-module -emit-module-path /Users/builder/Factory/paperloft/build/DerivedData/Build/Intermediates.noindex/PaperloftKit.build/Release/PaperloftKit-t.build/Objects-normal/arm64/PaperloftKit.swiftmodule -serialize-diagnostics -dependency-scan-serialize-diagnostics-path /Users/builder/Factory/paperloft/build/DerivedData/Build/Intermediates.noindex/PaperloftKit.build/Release/PaperloftKit-t.build/Objects-normal/arm64/PaperloftKit-dependency-scan.dia -validate-clang-modules-once -clang-build-session-file /Users/builder/Factory/paperloft/build/DerivedData/ModuleCache.noindex/Session.modulevalidation -Xcc -fmodules-prune-interval\=86400 -Xcc -fmodules-prune-after\=345600 -package-name paperloftkit -emit-const-values -const-gather-protocols-list /Users/builder/Factory/paperloft/build/DerivedData/Build/Intermediates.noindex/PaperloftKit.build/Release/PaperloftKit-t.build/Objects-normal/arm64/PaperloftKit_const_extract_protocols.json -Xcc -I/Users/builder/Factory/paperloft/build/DerivedData/Build/Products/Release/include -Xcc -I/Users/builder/Factory/paperloft/build/DerivedData/Build/Intermediates.noindex/PaperloftKit.build/Release/PaperloftKit-t.build/DerivedSources-normal/arm64 -Xcc -I/Users/builder/Factory/paperloft/build/DerivedData/Build/Intermediates.noindex/PaperloftKit.build/Release/PaperloftKit-t.build/DerivedSources/arm64 -Xcc -I/Users/builder/Factory/paperloft/build/DerivedData/Build/Intermediates.noindex/PaperloftKit.build/Release/PaperloftKit-t.build/DerivedSources -Xcc -DSWIFT_PACKAGE -emit-objc-header -emit-objc-header-path /Users/builder/Factory/paperloft/build/DerivedData/Build/Intermediates.noindex/PaperloftKit.build/Release/PaperloftKit-t.build/Objects-normal/arm64/PaperloftKit-Swift.h -working-directory /Users/builder/Factory/paperloft/Paperloft.xcodeproj -no-emit-module-separately-wmo

SwiftMergeGeneratedHeaders /Users/builder/Factory/paperloft/build/DerivedData/Build/Intermediates.noindex/GeneratedModuleMaps/PaperloftKit-Swift.h /Users/builder/Factory/paperloft/build/DerivedData/Build/Intermediates.noindex/PaperloftKit.build/Release/PaperloftKit-t.build/Objects-normal/arm64/PaperloftKit-Swift.h (in target 'PaperloftKit' from project 'PaperloftKit')
    cd /Users/builder/Factory/paperloft/Packages/PaperloftKit
    builtin-swiftHeaderTool -arch arm64 /Users/builder/Factory/paperloft/build/DerivedData/Build/Intermediates.noindex/PaperloftKit.build/Release/PaperloftKit-t.build/Objects-normal/arm64/PaperloftKit-Swift.h -o /Users/builder/Factory/paperloft/build/DerivedData/Build/Intermediates.noindex/GeneratedModuleMaps/PaperloftKit-Swift.h

Copy /Users/builder/Factory/paperloft/build/DerivedData/Build/Products/Release/PaperloftKit.swiftmodule/arm64-apple-macos.swiftdoc /Users/builder/Factory/paperloft/build/DerivedData/Build/Intermediates.noindex/PaperloftKit.build/Release/PaperloftKit-t.build/Objects-normal/arm64/PaperloftKit.swiftdoc (in target 'PaperloftKit' from project 'PaperloftKit')
    cd /Users/builder/Factory/paperloft/Packages/PaperloftKit
    builtin-copy -exclude .DS_Store -exclude CVS -exclude .svn -exclude .git -exclude .hg -strip-unsigned-binaries -strip-deterministic -strip-tool /Applications/Xcode.app/Contents/Developer/Toolchains/XcodeDefault.xctoolchain/usr/bin/strip -resolve-src-symlinks -rename /Users/builder/Factory/paperloft/build/DerivedData/Build/Intermediates.noindex/PaperloftKit.build/Release/PaperloftKit-t.build/Objects-normal/arm64/PaperloftKit.swiftdoc /Users/builder/Factory/paperloft/build/DerivedData/Build/Products/Release/PaperloftKit.swiftmodule/arm64-apple-macos.swiftdoc

Copy /Users/builder/Factory/paperloft/build/DerivedData/Build/Products/Release/PaperloftKit.swiftmodule/arm64-apple-macos.abi.json /Users/builder/Factory/paperloft/build/DerivedData/Build/Intermediates.noindex/PaperloftKit.build/Release/PaperloftKit-t.build/Objects-normal/arm64/PaperloftKit.abi.json (in target 'PaperloftKit' from project 'PaperloftKit')
    cd /Users/builder/Factory/paperloft/Packages/PaperloftKit
    builtin-copy -exclude .DS_Store -exclude CVS -exclude .svn -exclude .git -exclude .hg -strip-unsigned-binaries -strip-deterministic -strip-tool /Applications/Xcode.app/Contents/Developer/Toolchains/XcodeDefault.xctoolchain/usr/bin/strip -resolve-src-symlinks -rename /Users/builder/Factory/paperloft/build/DerivedData/Build/Intermediates.noindex/PaperloftKit.build/Release/PaperloftKit-t.build/Objects-normal/arm64/PaperloftKit.abi.json /Users/builder/Factory/paperloft/build/DerivedData/Build/Products/Release/PaperloftKit.swiftmodule/arm64-apple-macos.abi.json

Copy /Users/builder/Factory/paperloft/build/DerivedData/Build/Products/Release/PaperloftKit.swiftmodule/arm64-apple-macos.swiftmodule /Users/builder/Factory/paperloft/build/DerivedData/Build/Intermediates.noindex/PaperloftKit.build/Release/PaperloftKit-t.build/Objects-normal/arm64/PaperloftKit.swiftmodule (in target 'PaperloftKit' from project 'PaperloftKit')
    cd /Users/builder/Factory/paperloft/Packages/PaperloftKit
    builtin-copy -exclude .DS_Store -exclude CVS -exclude .svn -exclude .git -exclude .hg -strip-unsigned-binaries -strip-deterministic -strip-tool /Applications/Xcode.app/Contents/Developer/Toolchains/XcodeDefault.xctoolchain/usr/bin/strip -resolve-src-symlinks -rename /Users/builder/Factory/paperloft/build/DerivedData/Build/Intermediates.noindex/PaperloftKit.build/Release/PaperloftKit-t.build/Objects-normal/arm64/PaperloftKit.swiftmodule /Users/builder/Factory/paperloft/build/DerivedData/Build/Products/Release/PaperloftKit.swiftmodule/arm64-apple-macos.swiftmodule

Ld /Users/builder/Factory/paperloft/build/DerivedData/Build/Products/Release/PaperloftKit.o normal (in target 'PaperloftKit' from project 'PaperloftKit')
    cd /Users/builder/Factory/paperloft/Packages/PaperloftKit
    /Applications/Xcode.app/Contents/Developer/Toolchains/XcodeDefault.xctoolchain/usr/bin/clang -Xlinker -reproducible -target arm64-apple-macos27.0 -r -isysroot /Applications/Xcode.app/Contents/Developer/Platforms/MacOSX.platform/Developer/SDKs/MacOSX27.0.sdk -Os -Xlinker -no_warn_duplicate_libraries -F/Users/builder/Factory/paperloft/build/DerivedData/Build/Intermediates.noindex/EagerLinkingTBDs/Release -F/Users/builder/Factory/paperloft/build/DerivedData/Build/Products/Release -iframework /Applications/Xcode.app/Contents/Developer/Platforms/MacOSX.platform/Developer/Library/Frameworks -filelist /Users/builder/Factory/paperloft/build/DerivedData/Build/Intermediates.noindex/PaperloftKit.build/Release/PaperloftKit-t.build/Objects-normal/arm64/PaperloftKit.LinkFileList -nostdlib -Xlinker -object_path_lto -Xlinker /Users/builder/Factory/paperloft/build/DerivedData/Build/Intermediates.noindex/PaperloftKit.build/Release/PaperloftKit-t.build/Objects-normal/arm64/PaperloftKit_lto.o -Xlinker -debug_variant -Xlinker -dependency_info -Xlinker /Users/builder/Factory/paperloft/build/DerivedData/Build/Intermediates.noindex/PaperloftKit.build/Release/PaperloftKit-t.build/Objects-normal/arm64/PaperloftKit_dependency_info.dat -fobjc-link-runtime -L/Applications/Xcode.app/Contents/Developer/Toolchains/XcodeDefault.xctoolchain/usr/lib/swift/macosx -L/usr/lib/swift -Xlinker -add_ast_path -Xlinker /Users/builder/Factory/paperloft/build/DerivedData/Build/Intermediates.noindex/PaperloftKit.build/Release/PaperloftKit-t.build/Objects-normal/arm64/PaperloftKit.swiftmodule -o /Users/builder/Factory/paperloft/build/DerivedData/Build/Products/Release/PaperloftKit.o

ProcessProductPackaging /Users/builder/Factory/paperloft/Apps/PaperloftApp/Paperloft.entitlements /Users/builder/Factory/paperloft/build/DerivedData/Build/Intermediates.noindex/Paperloft.build/Release/PaperloftApp.build/Paperloft\ Receipts.app.xcent (in target 'PaperloftApp' from project 'Paperloft')
    cd /Users/builder/Factory/paperloft
    
    Entitlements:
    
    {
    "com.apple.security.app-sandbox" = 1;
    "com.apple.security.files.bookmarks.app-scope" = 1;
    "com.apple.security.files.user-selected.read-write" = 1;
    "com.apple.security.get-task-allow" = 1;
}
    
    builtin-productPackagingUtility /Users/builder/Factory/paperloft/Apps/PaperloftApp/Paperloft.entitlements -entitlements -format xml -o /Users/builder/Factory/paperloft/build/DerivedData/Build/Intermediates.noindex/Paperloft.build/Release/PaperloftApp.build/Paperloft\ Receipts.app.xcent

ProcessProductPackagingDER /Users/builder/Factory/paperloft/build/DerivedData/Build/Intermediates.noindex/Paperloft.build/Release/PaperloftApp.build/Paperloft\ Receipts.app.xcent /Users/builder/Factory/paperloft/build/DerivedData/Build/Intermediates.noindex/Paperloft.build/Release/PaperloftApp.build/Paperloft\ Receipts.app.xcent.der (in target 'PaperloftApp' from project 'Paperloft')
    cd /Users/builder/Factory/paperloft
    /usr/bin/derq query -f xml -i /Users/builder/Factory/paperloft/build/DerivedData/Build/Intermediates.noindex/Paperloft.build/Release/PaperloftApp.build/Paperloft\ Receipts.app.xcent -o /Users/builder/Factory/paperloft/build/DerivedData/Build/Intermediates.noindex/Paperloft.build/Release/PaperloftApp.build/Paperloft\ Receipts.app.xcent.der --raw

SwiftDriver PaperloftApp normal arm64 com.apple.xcode.tools.swift.compiler (in target 'PaperloftApp' from project 'Paperloft')
    cd /Users/builder/Factory/paperloft
    builtin-SwiftDriver -- /Applications/Xcode.app/Contents/Developer/Toolchains/XcodeDefault.xctoolchain/usr/bin/swiftc -module-name Paperloft_Receipts -O @/Users/builder/Factory/paperloft/build/DerivedData/Build/Intermediates.noindex/Paperloft.build/Release/PaperloftApp.build/Objects-normal/arm64/Paperloft\ Receipts.SwiftFileList -enable-experimental-feature DebugDescriptionMacro -sdk /Applications/Xcode.app/Contents/Developer/Platforms/MacOSX.platform/Developer/SDKs/MacOSX27.0.sdk -target arm64-apple-macos27.0 -g -module-cache-path /Users/builder/Factory/paperloft/build/DerivedData/ModuleCache.noindex -Xfrontend -serialize-debugging-options -profile-coverage-mapping -profile-generate -warnings-as-errors -swift-version 6 -I /Users/builder/Factory/paperloft/build/DerivedData/Build/Products/Release -F /Users/builder/Factory/paperloft/build/DerivedData/Build/Products/Release/PackageFrameworks -F /Users/builder/Factory/paperloft/build/DerivedData/Build/Products/Release -parse-as-library -c -j10 -enable-batch-mode -incremental -Xcc -ivfsstatcache -Xcc /Users/builder/Factory/paperloft/build/DerivedData/SDKStatCaches.noindex/macosx27.0-26A425-7231f6df4def33e022ae2eb8f782df1a.sdkstatcache -output-file-map /Users/builder/Factory/paperloft/build/DerivedData/Build/Intermediates.noindex/Paperloft.build/Release/PaperloftApp.build/Objects-normal/arm64/PaperloftApp-OutputFileMap.json -save-temps -no-color-diagnostics -explicit-module-build -module-cache-path /Users/builder/Factory/paperloft/build/DerivedData/Build/Intermediates.noindex/SwiftExplicitPrecompiledModules -clang-scanner-module-cache-path /Users/builder/Factory/paperloft/build/DerivedData/ModuleCache.noindex -sdk-module-cache-path /Users/builder/Factory/paperloft/build/DerivedData/SDKExplicitPrecompiledModules -emit-dependencies -emit-module -emit-module-path /Users/builder/Factory/paperloft/build/DerivedData/Build/Intermediates.noindex/Paperloft.build/Release/PaperloftApp.build/Objects-normal/arm64/Paperloft_Receipts.swiftmodule -serialize-diagnostics -dependency-scan-serialize-diagnostics-path /Users/builder/Factory/paperloft/build/DerivedData/Build/Intermediates.noindex/Paperloft.build/Release/PaperloftApp.build/Objects-normal/arm64/Paperloft_Receipts-dependency-scan.dia -validate-clang-modules-once -clang-build-session-file /Users/builder/Factory/paperloft/build/DerivedData/ModuleCache.noindex/Session.modulevalidation -Xcc -fmodules-prune-interval\=86400 -Xcc -fmodules-prune-after\=345600 -emit-const-values -const-gather-protocols-list /Users/builder/Factory/paperloft/build/DerivedData/Build/Intermediates.noindex/Paperloft.build/Release/PaperloftApp.build/Objects-normal/arm64/PaperloftApp_const_extract_protocols.json -Xcc -iquote -Xcc /Users/builder/Factory/paperloft/build/DerivedData/Build/Intermediates.noindex/Paperloft.build/Release/PaperloftApp.build/Paperloft\ Receipts-generated-files.hmap -Xcc -I/Users/builder/Factory/paperloft/build/DerivedData/Build/Intermediates.noindex/Paperloft.build/Release/PaperloftApp.build/Paperloft\ Receipts-own-target-headers.hmap -Xcc -I/Users/builder/Factory/paperloft/build/DerivedData/Build/Intermediates.noindex/Paperloft.build/Release/PaperloftApp.build/Paperloft\ Receipts-all-non-framework-target-headers.hmap -Xcc -ivfsoverlay -Xcc /Users/builder/Factory/paperloft/build/DerivedData/Build/Intermediates.noindex/Paperloft.build/Release/Paperloft-b93ddc6bcd4d234a5473ab01ad3589c4-VFS/all-product-headers.yaml -Xcc -iquote -Xcc /Users/builder/Factory/paperloft/build/DerivedData/Build/Intermediates.noindex/Paperloft.build/Release/PaperloftApp.build/Paperloft\ Receipts-project-headers.hmap -Xcc -I/Users/builder/Factory/paperloft/build/DerivedData/Build/Products/Release/include -Xcc -I/Users/builder/Factory/paperloft/build/DerivedData/Build/Intermediates.noindex/Paperloft.build/Release/PaperloftApp.build/DerivedSources-normal/arm64 -Xcc -I/Users/builder/Factory/paperloft/build/DerivedData/Build/Intermediates.noindex/Paperloft.build/Release/PaperloftApp.build/DerivedSources/arm64 -Xcc -I/Users/builder/Factory/paperloft/build/DerivedData/Build/Intermediates.noindex/Paperloft.build/Release/PaperloftApp.build/DerivedSources -emit-objc-header -emit-objc-header-path /Users/builder/Factory/paperloft/build/DerivedData/Build/Intermediates.noindex/Paperloft.build/Release/PaperloftApp.build/Objects-normal/arm64/Paperloft_Receipts-Swift.h -working-directory /Users/builder/Factory/paperloft -experimental-emit-module-separately -disable-cmo

ExtractAppIntentsMetadata (in target 'PaperloftKit' from project 'PaperloftKit')
    cd /Users/builder/Factory/paperloft/Packages/PaperloftKit
    /Applications/Xcode.app/Contents/Developer/Toolchains/XcodeDefault.xctoolchain/usr/bin/appintentsmetadataprocessor --toolchain-dir /Applications/Xcode.app/Contents/Developer/Toolchains/XcodeDefault.xctoolchain --module-name PaperloftKit --sdk-root /Applications/Xcode.app/Contents/Developer/Platforms/MacOSX.platform/Developer/SDKs/MacOSX27.0.sdk --xcode-version 27A266a --platform-family macOS --deployment-target 27.0 --bundle-identifier paperloftkit.PaperloftKit --output /Users/builder/Factory/paperloft/build/DerivedData/Build/Products/Release/PaperloftKit.appintents --target-triple arm64-apple-macos27.0 --binary-file /Users/builder/Factory/paperloft/build/DerivedData/Build/Products/Release/PaperloftKit.o --dependency-file /Users/builder/Factory/paperloft/build/DerivedData/Build/Intermediates.noindex/PaperloftKit.build/Release/PaperloftKit-t.build/Objects-normal/arm64/PaperloftKit_dependency_info.dat --stringsdata-file /Users/builder/Factory/paperloft/build/DerivedData/Build/Intermediates.noindex/PaperloftKit.build/Release/PaperloftKit-t.build/Objects-normal/arm64/ExtractedAppShortcutsMetadata.stringsdata --source-file-list /Users/builder/Factory/paperloft/build/DerivedData/Build/Intermediates.noindex/PaperloftKit.build/Release/PaperloftKit-t.build/Objects-normal/arm64/PaperloftKit.SwiftFileList --metadata-file-list /Users/builder/Factory/paperloft/build/DerivedData/Build/Intermediates.noindex/PaperloftKit.build/Release/PaperloftKit-t.build/PaperloftKit.DependencyMetadataFileList --static-metadata-file-list /Users/builder/Factory/paperloft/build/DerivedData/Build/Intermediates.noindex/PaperloftKit.build/Release/PaperloftKit-t.build/PaperloftKit.DependencyStaticMetadataFileList --swift-const-vals-list /Users/builder/Factory/paperloft/build/DerivedData/Build/Intermediates.noindex/PaperloftKit.build/Release/PaperloftKit-t.build/Objects-normal/arm64/PaperloftKit.SwiftConstValuesFileList --force --compile-time-extraction --deployment-aware-processing --no-app-shortcuts-localization
2026-09-26 19:29:06.414 appintentsmetadataprocessor[70158:521502] Starting appintentsmetadataprocessor export
2026-09-26 19:29:06.468 appintentsmetadataprocessor[70158:521502] Extracted no relevant App Intents symbols, skipping writing output

CpResource /Users/builder/Factory/paperloft/build/DerivedData/Build/Products/Release/Paperloft\ Receipts.app/Contents/Resources/PrivacyInfo.xcprivacy /Users/builder/Factory/paperloft/Apps/PaperloftApp/PrivacyInfo.xcprivacy (in target 'PaperloftApp' from project 'Paperloft')
    cd /Users/builder/Factory/paperloft
    builtin-copy -exclude .DS_Store -exclude CVS -exclude .svn -exclude .git -exclude .hg -strip-unsigned-binaries -strip-deterministic -strip-tool /Applications/Xcode.app/Contents/Developer/Toolchains/XcodeDefault.xctoolchain/usr/bin/strip -resolve-src-symlinks /Users/builder/Factory/paperloft/Apps/PaperloftApp/PrivacyInfo.xcprivacy /Users/builder/Factory/paperloft/build/DerivedData/Build/Products/Release/Paperloft\ Receipts.app/Contents/Resources

ProcessInfoPlistFile /Users/builder/Factory/paperloft/build/DerivedData/Build/Products/Release/Paperloft\ Receipts.app/Contents/Info.plist /Users/builder/Factory/paperloft/build/DerivedData/Build/Intermediates.noindex/Paperloft.build/Release/PaperloftApp.build/empty-Paperloft\ Receipts.plist (in target 'PaperloftApp' from project 'Paperloft')
    cd /Users/builder/Factory/paperloft
    builtin-infoPlistUtility /Users/builder/Factory/paperloft/build/DerivedData/Build/Intermediates.noindex/Paperloft.build/Release/PaperloftApp.build/empty-Paperloft\ Receipts.plist -producttype com.apple.product-type.application -genpkginfo /Users/builder/Factory/paperloft/build/DerivedData/Build/Products/Release/Paperloft\ Receipts.app/Contents/PkgInfo -expandbuildsettings -platform macosx -o /Users/builder/Factory/paperloft/build/DerivedData/Build/Products/Release/Paperloft\ Receipts.app/Contents/Info.plist

SwiftCompile normal arm64 Compiling\ PaperloftApp.swift /Users/builder/Factory/paperloft/Apps/PaperloftApp/PaperloftApp.swift (in target 'PaperloftApp' from project 'Paperloft')

SwiftCompile normal arm64 /Users/builder/Factory/paperloft/Apps/PaperloftApp/PaperloftApp.swift (in target 'PaperloftApp' from project 'Paperloft')
    cd /Users/builder/Factory/paperloft
    builtin-SwiftPerFileCompile PaperloftApp.swift

SwiftEmitModule normal arm64 Emitting\ module\ for\ Paperloft_Receipts (in target 'PaperloftApp' from project 'Paperloft')

SwiftCompile normal arm64 (in target 'PaperloftApp' from project 'Paperloft')
    cd /Users/builder/Factory/paperloft
    

SwiftDriverJobDiscovery normal arm64 Emitting module for Paperloft_Receipts (in target 'PaperloftApp' from project 'Paperloft')

SwiftDriver\ Compilation\ Requirements PaperloftApp normal arm64 com.apple.xcode.tools.swift.compiler (in target 'PaperloftApp' from project 'Paperloft')
    cd /Users/builder/Factory/paperloft
    builtin-Swift-Compilation-Requirements -- /Applications/Xcode.app/Contents/Developer/Toolchains/XcodeDefault.xctoolchain/usr/bin/swiftc -module-name Paperloft_Receipts -O @/Users/builder/Factory/paperloft/build/DerivedData/Build/Intermediates.noindex/Paperloft.build/Release/PaperloftApp.build/Objects-normal/arm64/Paperloft\ Receipts.SwiftFileList -enable-experimental-feature DebugDescriptionMacro -sdk /Applications/Xcode.app/Contents/Developer/Platforms/MacOSX.platform/Developer/SDKs/MacOSX27.0.sdk -target arm64-apple-macos27.0 -g -module-cache-path /Users/builder/Factory/paperloft/build/DerivedData/ModuleCache.noindex -Xfrontend -serialize-debugging-options -profile-coverage-mapping -profile-generate -warnings-as-errors -swift-version 6 -I /Users/builder/Factory/paperloft/build/DerivedData/Build/Products/Release -F /Users/builder/Factory/paperloft/build/DerivedData/Build/Products/Release/PackageFrameworks -F /Users/builder/Factory/paperloft/build/DerivedData/Build/Products/Release -parse-as-library -c -j10 -enable-batch-mode -incremental -Xcc -ivfsstatcache -Xcc /Users/builder/Factory/paperloft/build/DerivedData/SDKStatCaches.noindex/macosx27.0-26A425-7231f6df4def33e022ae2eb8f782df1a.sdkstatcache -output-file-map /Users/builder/Factory/paperloft/build/DerivedData/Build/Intermediates.noindex/Paperloft.build/Release/PaperloftApp.build/Objects-normal/arm64/PaperloftApp-OutputFileMap.json -save-temps -no-color-diagnostics -explicit-module-build -module-cache-path /Users/builder/Factory/paperloft/build/DerivedData/Build/Intermediates.noindex/SwiftExplicitPrecompiledModules -clang-scanner-module-cache-path /Users/builder/Factory/paperloft/build/DerivedData/ModuleCache.noindex -sdk-module-cache-path /Users/builder/Factory/paperloft/build/DerivedData/SDKExplicitPrecompiledModules -emit-dependencies -emit-module -emit-module-path /Users/builder/Factory/paperloft/build/DerivedData/Build/Intermediates.noindex/Paperloft.build/Release/PaperloftApp.build/Objects-normal/arm64/Paperloft_Receipts.swiftmodule -serialize-diagnostics -dependency-scan-serialize-diagnostics-path /Users/builder/Factory/paperloft/build/DerivedData/Build/Intermediates.noindex/Paperloft.build/Release/PaperloftApp.build/Objects-normal/arm64/Paperloft_Receipts-dependency-scan.dia -validate-clang-modules-once -clang-build-session-file /Users/builder/Factory/paperloft/build/DerivedData/ModuleCache.noindex/Session.modulevalidation -Xcc -fmodules-prune-interval\=86400 -Xcc -fmodules-prune-after\=345600 -emit-const-values -const-gather-protocols-list /Users/builder/Factory/paperloft/build/DerivedData/Build/Intermediates.noindex/Paperloft.build/Release/PaperloftApp.build/Objects-normal/arm64/PaperloftApp_const_extract_protocols.json -Xcc -iquote -Xcc /Users/builder/Factory/paperloft/build/DerivedData/Build/Intermediates.noindex/Paperloft.build/Release/PaperloftApp.build/Paperloft\ Receipts-generated-files.hmap -Xcc -I/Users/builder/Factory/paperloft/build/DerivedData/Build/Intermediates.noindex/Paperloft.build/Release/PaperloftApp.build/Paperloft\ Receipts-own-target-headers.hmap -Xcc -I/Users/builder/Factory/paperloft/build/DerivedData/Build/Intermediates.noindex/Paperloft.build/Release/PaperloftApp.build/Paperloft\ Receipts-all-non-framework-target-headers.hmap -Xcc -ivfsoverlay -Xcc /Users/builder/Factory/paperloft/build/DerivedData/Build/Intermediates.noindex/Paperloft.build/Release/Paperloft-b93ddc6bcd4d234a5473ab01ad3589c4-VFS/all-product-headers.yaml -Xcc -iquote -Xcc /Users/builder/Factory/paperloft/build/DerivedData/Build/Intermediates.noindex/Paperloft.build/Release/PaperloftApp.build/Paperloft\ Receipts-project-headers.hmap -Xcc -I/Users/builder/Factory/paperloft/build/DerivedData/Build/Products/Release/include -Xcc -I/Users/builder/Factory/paperloft/build/DerivedData/Build/Intermediates.noindex/Paperloft.build/Release/PaperloftApp.build/DerivedSources-normal/arm64 -Xcc -I/Users/builder/Factory/paperloft/build/DerivedData/Build/Intermediates.noindex/Paperloft.build/Release/PaperloftApp.build/DerivedSources/arm64 -Xcc -I/Users/builder/Factory/paperloft/build/DerivedData/Build/Intermediates.noindex/Paperloft.build/Release/PaperloftApp.build/DerivedSources -emit-objc-header -emit-objc-header-path /Users/builder/Factory/paperloft/build/DerivedData/Build/Intermediates.noindex/Paperloft.build/Release/PaperloftApp.build/Objects-normal/arm64/Paperloft_Receipts-Swift.h -working-directory /Users/builder/Factory/paperloft -experimental-emit-module-separately -disable-cmo

SwiftMergeGeneratedHeaders /Users/builder/Factory/paperloft/build/DerivedData/Build/Intermediates.noindex/Paperloft.build/Release/PaperloftApp.build/DerivedSources/Paperloft_Receipts-Swift.h /Users/builder/Factory/paperloft/build/DerivedData/Build/Intermediates.noindex/Paperloft.build/Release/PaperloftApp.build/Objects-normal/arm64/Paperloft_Receipts-Swift.h (in target 'PaperloftApp' from project 'Paperloft')
    cd /Users/builder/Factory/paperloft
    builtin-swiftHeaderTool -arch arm64 /Users/builder/Factory/paperloft/build/DerivedData/Build/Intermediates.noindex/Paperloft.build/Release/PaperloftApp.build/Objects-normal/arm64/Paperloft_Receipts-Swift.h -o /Users/builder/Factory/paperloft/build/DerivedData/Build/Intermediates.noindex/Paperloft.build/Release/PaperloftApp.build/DerivedSources/Paperloft_Receipts-Swift.h

Copy /Users/builder/Factory/paperloft/build/DerivedData/Build/Products/Release/Paperloft_Receipts.swiftmodule/arm64-apple-macos.swiftmodule /Users/builder/Factory/paperloft/build/DerivedData/Build/Intermediates.noindex/Paperloft.build/Release/PaperloftApp.build/Objects-normal/arm64/Paperloft_Receipts.swiftmodule (in target 'PaperloftApp' from project 'Paperloft')
    cd /Users/builder/Factory/paperloft
    builtin-copy -exclude .DS_Store -exclude CVS -exclude .svn -exclude .git -exclude .hg -strip-unsigned-binaries -strip-deterministic -strip-tool /Applications/Xcode.app/Contents/Developer/Toolchains/XcodeDefault.xctoolchain/usr/bin/strip -resolve-src-symlinks -rename /Users/builder/Factory/paperloft/build/DerivedData/Build/Intermediates.noindex/Paperloft.build/Release/PaperloftApp.build/Objects-normal/arm64/Paperloft_Receipts.swiftmodule /Users/builder/Factory/paperloft/build/DerivedData/Build/Products/Release/Paperloft_Receipts.swiftmodule/arm64-apple-macos.swiftmodule

Copy /Users/builder/Factory/paperloft/build/DerivedData/Build/Products/Release/Paperloft_Receipts.swiftmodule/arm64-apple-macos.swiftdoc /Users/builder/Factory/paperloft/build/DerivedData/Build/Intermediates.noindex/Paperloft.build/Release/PaperloftApp.build/Objects-normal/arm64/Paperloft_Receipts.swiftdoc (in target 'PaperloftApp' from project 'Paperloft')
    cd /Users/builder/Factory/paperloft
    builtin-copy -exclude .DS_Store -exclude CVS -exclude .svn -exclude .git -exclude .hg -strip-unsigned-binaries -strip-deterministic -strip-tool /Applications/Xcode.app/Contents/Developer/Toolchains/XcodeDefault.xctoolchain/usr/bin/strip -resolve-src-symlinks -rename /Users/builder/Factory/paperloft/build/DerivedData/Build/Intermediates.noindex/Paperloft.build/Release/PaperloftApp.build/Objects-normal/arm64/Paperloft_Receipts.swiftdoc /Users/builder/Factory/paperloft/build/DerivedData/Build/Products/Release/Paperloft_Receipts.swiftmodule/arm64-apple-macos.swiftdoc

Copy /Users/builder/Factory/paperloft/build/DerivedData/Build/Products/Release/Paperloft_Receipts.swiftmodule/arm64-apple-macos.abi.json /Users/builder/Factory/paperloft/build/DerivedData/Build/Intermediates.noindex/Paperloft.build/Release/PaperloftApp.build/Objects-normal/arm64/Paperloft_Receipts.abi.json (in target 'PaperloftApp' from project 'Paperloft')
    cd /Users/builder/Factory/paperloft
    builtin-copy -exclude .DS_Store -exclude CVS -exclude .svn -exclude .git -exclude .hg -strip-unsigned-binaries -strip-deterministic -strip-tool /Applications/Xcode.app/Contents/Developer/Toolchains/XcodeDefault.xctoolchain/usr/bin/strip -resolve-src-symlinks -rename /Users/builder/Factory/paperloft/build/DerivedData/Build/Intermediates.noindex/Paperloft.build/Release/PaperloftApp.build/Objects-normal/arm64/Paperloft_Receipts.abi.json /Users/builder/Factory/paperloft/build/DerivedData/Build/Products/Release/Paperloft_Receipts.swiftmodule/arm64-apple-macos.abi.json

Copy /Users/builder/Factory/paperloft/build/DerivedData/Build/Products/Release/Paperloft_Receipts.swiftmodule/Project/arm64-apple-macos.swiftsourceinfo /Users/builder/Factory/paperloft/build/DerivedData/Build/Intermediates.noindex/Paperloft.build/Release/PaperloftApp.build/Objects-normal/arm64/Paperloft_Receipts.swiftsourceinfo (in target 'PaperloftApp' from project 'Paperloft')
    cd /Users/builder/Factory/paperloft
    builtin-copy -exclude .DS_Store -exclude CVS -exclude .svn -exclude .git -exclude .hg -strip-unsigned-binaries -strip-deterministic -strip-tool /Applications/Xcode.app/Contents/Developer/Toolchains/XcodeDefault.xctoolchain/usr/bin/strip -resolve-src-symlinks -rename /Users/builder/Factory/paperloft/build/DerivedData/Build/Intermediates.noindex/Paperloft.build/Release/PaperloftApp.build/Objects-normal/arm64/Paperloft_Receipts.swiftsourceinfo /Users/builder/Factory/paperloft/build/DerivedData/Build/Products/Release/Paperloft_Receipts.swiftmodule/Project/arm64-apple-macos.swiftsourceinfo

SwiftDriverJobDiscovery normal arm64 Compiling PaperloftApp.swift (in target 'PaperloftApp' from project 'Paperloft')

SwiftDriver\ Compilation PaperloftApp normal arm64 com.apple.xcode.tools.swift.compiler (in target 'PaperloftApp' from project 'Paperloft')
    cd /Users/builder/Factory/paperloft
    builtin-Swift-Compilation -- /Applications/Xcode.app/Contents/Developer/Toolchains/XcodeDefault.xctoolchain/usr/bin/swiftc -module-name Paperloft_Receipts -O @/Users/builder/Factory/paperloft/build/DerivedData/Build/Intermediates.noindex/Paperloft.build/Release/PaperloftApp.build/Objects-normal/arm64/Paperloft\ Receipts.SwiftFileList -enable-experimental-feature DebugDescriptionMacro -sdk /Applications/Xcode.app/Contents/Developer/Platforms/MacOSX.platform/Developer/SDKs/MacOSX27.0.sdk -target arm64-apple-macos27.0 -g -module-cache-path /Users/builder/Factory/paperloft/build/DerivedData/ModuleCache.noindex -Xfrontend -serialize-debugging-options -profile-coverage-mapping -profile-generate -warnings-as-errors -swift-version 6 -I /Users/builder/Factory/paperloft/build/DerivedData/Build/Products/Release -F /Users/builder/Factory/paperloft/build/DerivedData/Build/Products/Release/PackageFrameworks -F /Users/builder/Factory/paperloft/build/DerivedData/Build/Products/Release -parse-as-library -c -j10 -enable-batch-mode -incremental -Xcc -ivfsstatcache -Xcc /Users/builder/Factory/paperloft/build/DerivedData/SDKStatCaches.noindex/macosx27.0-26A425-7231f6df4def33e022ae2eb8f782df1a.sdkstatcache -output-file-map /Users/builder/Factory/paperloft/build/DerivedData/Build/Intermediates.noindex/Paperloft.build/Release/PaperloftApp.build/Objects-normal/arm64/PaperloftApp-OutputFileMap.json -save-temps -no-color-diagnostics -explicit-module-build -module-cache-path /Users/builder/Factory/paperloft/build/DerivedData/Build/Intermediates.noindex/SwiftExplicitPrecompiledModules -clang-scanner-module-cache-path /Users/builder/Factory/paperloft/build/DerivedData/ModuleCache.noindex -sdk-module-cache-path /Users/builder/Factory/paperloft/build/DerivedData/SDKExplicitPrecompiledModules -emit-dependencies -emit-module -emit-module-path /Users/builder/Factory/paperloft/build/DerivedData/Build/Intermediates.noindex/Paperloft.build/Release/PaperloftApp.build/Objects-normal/arm64/Paperloft_Receipts.swiftmodule -serialize-diagnostics -dependency-scan-serialize-diagnostics-path /Users/builder/Factory/paperloft/build/DerivedData/Build/Intermediates.noindex/Paperloft.build/Release/PaperloftApp.build/Objects-normal/arm64/Paperloft_Receipts-dependency-scan.dia -validate-clang-modules-once -clang-build-session-file /Users/builder/Factory/paperloft/build/DerivedData/ModuleCache.noindex/Session.modulevalidation -Xcc -fmodules-prune-interval\=86400 -Xcc -fmodules-prune-after\=345600 -emit-const-values -const-gather-protocols-list /Users/builder/Factory/paperloft/build/DerivedData/Build/Intermediates.noindex/Paperloft.build/Release/PaperloftApp.build/Objects-normal/arm64/PaperloftApp_const_extract_protocols.json -Xcc -iquote -Xcc /Users/builder/Factory/paperloft/build/DerivedData/Build/Intermediates.noindex/Paperloft.build/Release/PaperloftApp.build/Paperloft\ Receipts-generated-files.hmap -Xcc -I/Users/builder/Factory/paperloft/build/DerivedData/Build/Intermediates.noindex/Paperloft.build/Release/PaperloftApp.build/Paperloft\ Receipts-own-target-headers.hmap -Xcc -I/Users/builder/Factory/paperloft/build/DerivedData/Build/Intermediates.noindex/Paperloft.build/Release/PaperloftApp.build/Paperloft\ Receipts-all-non-framework-target-headers.hmap -Xcc -ivfsoverlay -Xcc /Users/builder/Factory/paperloft/build/DerivedData/Build/Intermediates.noindex/Paperloft.build/Release/Paperloft-b93ddc6bcd4d234a5473ab01ad3589c4-VFS/all-product-headers.yaml -Xcc -iquote -Xcc /Users/builder/Factory/paperloft/build/DerivedData/Build/Intermediates.noindex/Paperloft.build/Release/PaperloftApp.build/Paperloft\ Receipts-project-headers.hmap -Xcc -I/Users/builder/Factory/paperloft/build/DerivedData/Build/Products/Release/include -Xcc -I/Users/builder/Factory/paperloft/build/DerivedData/Build/Intermediates.noindex/Paperloft.build/Release/PaperloftApp.build/DerivedSources-normal/arm64 -Xcc -I/Users/builder/Factory/paperloft/build/DerivedData/Build/Intermediates.noindex/Paperloft.build/Release/PaperloftApp.build/DerivedSources/arm64 -Xcc -I/Users/builder/Factory/paperloft/build/DerivedData/Build/Intermediates.noindex/Paperloft.build/Release/PaperloftApp.build/DerivedSources -emit-objc-header -emit-objc-header-path /Users/builder/Factory/paperloft/build/DerivedData/Build/Intermediates.noindex/Paperloft.build/Release/PaperloftApp.build/Objects-normal/arm64/Paperloft_Receipts-Swift.h -working-directory /Users/builder/Factory/paperloft -experimental-emit-module-separately -disable-cmo

Ld /Users/builder/Factory/paperloft/build/DerivedData/Build/Products/Release/Paperloft\ Receipts.app/Contents/MacOS/Paperloft\ Receipts normal (in target 'PaperloftApp' from project 'Paperloft')
    cd /Users/builder/Factory/paperloft
    /Applications/Xcode.app/Contents/Developer/Toolchains/XcodeDefault.xctoolchain/usr/bin/clang -Xlinker -reproducible -target arm64-apple-macos27.0 -isysroot /Applications/Xcode.app/Contents/Developer/Platforms/MacOSX.platform/Developer/SDKs/MacOSX27.0.sdk -Os -Xlinker -no_warn_duplicate_libraries -L/Users/builder/Factory/paperloft/build/DerivedData/Build/Intermediates.noindex/EagerLinkingTBDs/Release -L/Users/builder/Factory/paperloft/build/DerivedData/Build/Products/Release -F/Users/builder/Factory/paperloft/build/DerivedData/Build/Intermediates.noindex/EagerLinkingTBDs/Release -F/Users/builder/Factory/paperloft/build/DerivedData/Build/Products/Release/PackageFrameworks -F/Users/builder/Factory/paperloft/build/DerivedData/Build/Products/Release -filelist /Users/builder/Factory/paperloft/build/DerivedData/Build/Intermediates.noindex/Paperloft.build/Release/PaperloftApp.build/Objects-normal/arm64/Paperloft\ Receipts.LinkFileList -Xlinker -object_path_lto -Xlinker /Users/builder/Factory/paperloft/build/DerivedData/Build/Intermediates.noindex/Paperloft.build/Release/PaperloftApp.build/Objects-normal/arm64/Paperloft\ Receipts_lto.o -Xlinker -debug_variant -Xlinker -dependency_info -Xlinker /Users/builder/Factory/paperloft/build/DerivedData/Build/Intermediates.noindex/Paperloft.build/Release/PaperloftApp.build/Objects-normal/arm64/Paperloft\ Receipts_dependency_info.dat -fobjc-link-runtime -fprofile-instr-generate -L/Applications/Xcode.app/Contents/Developer/Toolchains/XcodeDefault.xctoolchain/usr/lib/swift/macosx -L/usr/lib/swift -Xlinker -add_ast_path -Xlinker /Users/builder/Factory/paperloft/build/DerivedData/Build/Intermediates.noindex/Paperloft.build/Release/PaperloftApp.build/Objects-normal/arm64/Paperloft_Receipts.swiftmodule -Xlinker -no_adhoc_codesign -o /Users/builder/Factory/paperloft/build/DerivedData/Build/Products/Release/Paperloft\ Receipts.app/Contents/MacOS/Paperloft\ Receipts

ExtractAppIntentsMetadata (in target 'PaperloftApp' from project 'Paperloft')
    cd /Users/builder/Factory/paperloft
    /Applications/Xcode.app/Contents/Developer/Toolchains/XcodeDefault.xctoolchain/usr/bin/appintentsmetadataprocessor --toolchain-dir /Applications/Xcode.app/Contents/Developer/Toolchains/XcodeDefault.xctoolchain --module-name Paperloft_Receipts --sdk-root /Applications/Xcode.app/Contents/Developer/Platforms/MacOSX.platform/Developer/SDKs/MacOSX27.0.sdk --xcode-version 27A266a --platform-family macOS --deployment-target 27.0 --bundle-identifier app.paperloft.receipts --output /Users/builder/Factory/paperloft/build/DerivedData/Build/Products/Release/Paperloft\ Receipts.app/Contents/Resources --target-triple arm64-apple-macos27.0 --binary-file /Users/builder/Factory/paperloft/build/DerivedData/Build/Products/Release/Paperloft\ Receipts.app/Contents/MacOS/Paperloft\ Receipts --dependency-file /Users/builder/Factory/paperloft/build/DerivedData/Build/Intermediates.noindex/Paperloft.build/Release/PaperloftApp.build/Objects-normal/arm64/Paperloft\ Receipts_dependency_info.dat --stringsdata-file /Users/builder/Factory/paperloft/build/DerivedData/Build/Intermediates.noindex/Paperloft.build/Release/PaperloftApp.build/Objects-normal/arm64/ExtractedAppShortcutsMetadata.stringsdata --source-file-list /Users/builder/Factory/paperloft/build/DerivedData/Build/Intermediates.noindex/Paperloft.build/Release/PaperloftApp.build/Objects-normal/arm64/Paperloft\ Receipts.SwiftFileList --metadata-file-list /Users/builder/Factory/paperloft/build/DerivedData/Build/Intermediates.noindex/Paperloft.build/Release/PaperloftApp.build/Paperloft\ Receipts.DependencyMetadataFileList --static-metadata-file-list /Users/builder/Factory/paperloft/build/DerivedData/Build/Intermediates.noindex/Paperloft.build/Release/PaperloftApp.build/Paperloft\ Receipts.DependencyStaticMetadataFileList --swift-const-vals-list /Users/builder/Factory/paperloft/build/DerivedData/Build/Intermediates.noindex/Paperloft.build/Release/PaperloftApp.build/Objects-normal/arm64/Paperloft\ Receipts.SwiftConstValuesFileList --compile-time-extraction --deployment-aware-processing --no-app-shortcuts-localization
2026-09-26 19:29:07.386 appintentsmetadataprocessor[70166:521552] Starting appintentsmetadataprocessor export
2026-09-26 19:29:07.434 appintentsmetadataprocessor[70166:521552] Extracted no relevant App Intents symbols, skipping writing output

CopySwiftLibs /Users/builder/Factory/paperloft/build/DerivedData/Build/Products/Release/Paperloft\ Receipts.app (in target 'PaperloftApp' from project 'Paperloft')
    cd /Users/builder/Factory/paperloft
    builtin-swiftStdLibTool --copy --verbose --sign - --scan-executable /Users/builder/Factory/paperloft/build/DerivedData/Build/Products/Release/Paperloft\ Receipts.app/Contents/MacOS/Paperloft\ Receipts --scan-folder /Users/builder/Factory/paperloft/build/DerivedData/Build/Products/Release/Paperloft\ Receipts.app/Contents/Frameworks --scan-folder /Users/builder/Factory/paperloft/build/DerivedData/Build/Products/Release/Paperloft\ Receipts.app/Contents/PlugIns --scan-folder /Users/builder/Factory/paperloft/build/DerivedData/Build/Products/Release/Paperloft\ Receipts.app/Contents/Library/SystemExtensions --scan-folder /Users/builder/Factory/paperloft/build/DerivedData/Build/Products/Release/Paperloft\ Receipts.app/Contents/Extensions --platform macosx --toolchain /Applications/Xcode.app/Contents/Developer/Toolchains/XcodeDefault.xctoolchain --destination /Users/builder/Factory/paperloft/build/DerivedData/Build/Products/Release/Paperloft\ Receipts.app/Contents/Frameworks --strip-bitcode --strip-bitcode-tool /Applications/Xcode.app/Contents/Developer/Toolchains/XcodeDefault.xctoolchain/usr/bin/bitcode_strip --emit-dependency-info /Users/builder/Factory/paperloft/build/DerivedData/Build/Intermediates.noindex/Paperloft.build/Release/PaperloftApp.build/SwiftStdLibToolInputDependencies.dep --filter-for-swift-os

CodeSign /Users/builder/Factory/paperloft/build/DerivedData/Build/Products/Release/Paperloft\ Receipts.app (in target 'PaperloftApp' from project 'Paperloft')
    cd /Users/builder/Factory/paperloft
    
    Signing Identity:     "Sign to Run Locally"
    
    /usr/bin/codesign --force --sign - --entitlements /Users/builder/Factory/paperloft/build/DerivedData/Build/Intermediates.noindex/Paperloft.build/Release/PaperloftApp.build/Paperloft\ Receipts.app.xcent --timestamp\=none --generate-entitlement-der /Users/builder/Factory/paperloft/build/DerivedData/Build/Products/Release/Paperloft\ Receipts.app

RegisterExecutionPolicyException /Users/builder/Factory/paperloft/build/DerivedData/Build/Products/Release/Paperloft\ Receipts.app (in target 'PaperloftApp' from project 'Paperloft')
    cd /Users/builder/Factory/paperloft
    builtin-RegisterExecutionPolicyException /Users/builder/Factory/paperloft/build/DerivedData/Build/Products/Release/Paperloft\ Receipts.app

Validate /Users/builder/Factory/paperloft/build/DerivedData/Build/Products/Release/Paperloft\ Receipts.app (in target 'PaperloftApp' from project 'Paperloft')
    cd /Users/builder/Factory/paperloft
    builtin-validationUtility /Users/builder/Factory/paperloft/build/DerivedData/Build/Products/Release/Paperloft\ Receipts.app -no-validate-extension -infoplist-subpath Contents/Info.plist

Touch /Users/builder/Factory/paperloft/build/DerivedData/Build/Products/Release/Paperloft\ Receipts.app (in target 'PaperloftApp' from project 'Paperloft')
    cd /Users/builder/Factory/paperloft
    /usr/bin/touch -c /Users/builder/Factory/paperloft/build/DerivedData/Build/Products/Release/Paperloft\ Receipts.app

RegisterWithLaunchServices /Users/builder/Factory/paperloft/build/DerivedData/Build/Products/Release/Paperloft\ Receipts.app (in target 'PaperloftApp' from project 'Paperloft')
    cd /Users/builder/Factory/paperloft
    builtin-lsregisterurl --record-path /Users/builder/Factory/paperloft/build/DerivedData/Build/Intermediates.noindex/XCBuildData/registered-launchservices.txt -- /System/Library/Frameworks/CoreServices.framework/Versions/Current/Frameworks/LaunchServices.framework/Versions/Current/Support/lsregister -f -R -trusted /Users/builder/Factory/paperloft/build/DerivedData/Build/Products/Release/Paperloft\ Receipts.app

PruneExplicitPrecompiledModules /Users/builder/Factory/paperloft/build/DerivedData/Build/Intermediates.noindex/ExplicitPrecompiledModules

PruneExplicitPrecompiledModules /Users/builder/Factory/paperloft/build/DerivedData/SDKExplicitPrecompiledModules

PruneExplicitPrecompiledModules /Users/builder/Factory/paperloft/build/DerivedData/Build/Intermediates.noindex/SwiftExplicitPrecompiledModules

** BUILD SUCCEEDED **

Command line invocation:
    /Applications/Xcode.app/Contents/Developer/usr/bin/xcodebuild -project Paperloft.xcodeproj -scheme PaperloftApp -destination platform=macOS -derivedDataPath build/DerivedData SWIFT_TREAT_WARNINGS_AS_ERRORS=YES -configuration Debug -resultBundlePath build/Tests-20260926-192913.xcresult test

Build settings from command line:
    SWIFT_TREAT_WARNINGS_AS_ERRORS = YES

Resolve Package Graph


Resolved source packages:
  PaperloftKit: /Users/builder/Factory/paperloft/Packages/PaperloftKit @ local

Writing result bundle at path:
	/Users/builder/Factory/paperloft/build/Tests-20260926-192913.xcresult

ComputePackagePrebuildTargetDependencyGraph

Prepare packages

CreateBuildRequest

SendProjectDescription

CreateBuildOperation

ComputeTargetDependencyGraph
note: Building targets in dependency order
note: Target dependency graph (5 targets)
    Target 'PaperloftUITests' in project 'Paperloft'
        ➜ Explicit dependency on target 'PaperloftApp' in project 'Paperloft'
    Target 'PaperloftKitTests' in project 'Paperloft'
        ➜ Explicit dependency on target 'PaperloftKit-product' in project 'PaperloftKit'
    Target 'PaperloftApp' in project 'Paperloft'
        ➜ Explicit dependency on target 'PaperloftKit-product' in project 'PaperloftKit'
    Target 'PaperloftKit-product' in project 'PaperloftKit'
        ➜ Explicit dependency on target 'PaperloftKit' in project 'PaperloftKit'
    Target 'PaperloftKit' in project 'PaperloftKit' (no dependencies)

GatherProvisioningInputs

CreateBuildDescription

ExecuteExternalTool /Applications/Xcode.app/Contents/Developer/Toolchains/XcodeDefault.xctoolchain/usr/bin/swiftc --version

ExecuteExternalTool /Applications/Xcode.app/Contents/Developer/Toolchains/XcodeDefault.xctoolchain/usr/bin/clang -v -E -dM -isysroot /Applications/Xcode.app/Contents/Developer/Platforms/MacOSX.platform/Developer/SDKs/MacOSX27.0.sdk -x c -c /dev/null

ExecuteExternalTool /Applications/Xcode.app/Contents/Developer/Toolchains/XcodeDefault.xctoolchain/usr/bin/ld -version_details

Build description signature: aca0ad3dffcaa7b88b9db98dff4c2b1b
Build description path: /Users/builder/Factory/paperloft/build/DerivedData/Build/Intermediates.noindex/XCBuildData/aca0ad3dffcaa7b88b9db98dff4c2b1b.xcbuilddata
CreateBuildDirectory /Users/builder/Factory/paperloft/build/DerivedData/Build/Products/Debug
    cd /Users/builder/Factory/paperloft/Paperloft.xcodeproj
    builtin-create-build-directory /Users/builder/Factory/paperloft/build/DerivedData/Build/Products/Debug

CreateBuildDirectory /Users/builder/Factory/paperloft/build/DerivedData/Build/Intermediates.noindex/EagerLinkingTBDs/Debug
    cd /Users/builder/Factory/paperloft/Paperloft.xcodeproj
    builtin-create-build-directory /Users/builder/Factory/paperloft/build/DerivedData/Build/Intermediates.noindex/EagerLinkingTBDs/Debug

ClangStatCache /Applications/Xcode.app/Contents/Developer/Toolchains/XcodeDefault.xctoolchain/usr/bin/clang-stat-cache /Applications/Xcode.app/Contents/Developer/Platforms/MacOSX.platform/Developer/SDKs/MacOSX27.0.sdk /Users/builder/Factory/paperloft/build/DerivedData/SDKStatCaches.noindex/macosx27.0-26A425-7231f6df4def33e022ae2eb8f782df1a.sdkstatcache
    cd /Users/builder/Factory/paperloft/Paperloft.xcodeproj
    /Applications/Xcode.app/Contents/Developer/Toolchains/XcodeDefault.xctoolchain/usr/bin/clang-stat-cache /Applications/Xcode.app/Contents/Developer/Platforms/MacOSX.platform/Developer/SDKs/MacOSX27.0.sdk -o /Users/builder/Factory/paperloft/build/DerivedData/SDKStatCaches.noindex/macosx27.0-26A425-7231f6df4def33e022ae2eb8f782df1a.sdkstatcache

WriteAuxiliaryFile /Users/builder/Factory/paperloft/build/DerivedData/Build/Intermediates.noindex/Paperloft.build/Debug/Paperloft-b93ddc6bcd4d234a5473ab01ad3589c4-VFS/all-product-headers.yaml
    cd /Users/builder/Factory/paperloft/Paperloft.xcodeproj
    write-file /Users/builder/Factory/paperloft/build/DerivedData/Build/Intermediates.noindex/Paperloft.build/Debug/Paperloft-b93ddc6bcd4d234a5473ab01ad3589c4-VFS/all-product-headers.yaml

CreateBuildDirectory /Users/builder/Factory/paperloft/build/DerivedData/Build/Products/Debug/PackageFrameworks
    cd /Users/builder/Factory/paperloft/Paperloft.xcodeproj
    builtin-create-build-directory /Users/builder/Factory/paperloft/build/DerivedData/Build/Products/Debug/PackageFrameworks

WriteAuxiliaryFile /Users/builder/Factory/paperloft/build/DerivedData/Build/Intermediates.noindex/Paperloft.build/Debug/PaperloftUITests.build/PaperloftUITests-project-headers.hmap (in target 'PaperloftUITests' from project 'Paperloft')
    cd /Users/builder/Factory/paperloft
    write-file /Users/builder/Factory/paperloft/build/DerivedData/Build/Intermediates.noindex/Paperloft.build/Debug/PaperloftUITests.build/PaperloftUITests-project-headers.hmap

WriteAuxiliaryFile /Users/builder/Factory/paperloft/build/DerivedData/Build/Intermediates.noindex/Paperloft.build/Debug/PaperloftUITests.build/PaperloftUITests.DependencyStaticMetadataFileList (in target 'PaperloftUITests' from project 'Paperloft')
    cd /Users/builder/Factory/paperloft
    write-file /Users/builder/Factory/paperloft/build/DerivedData/Build/Intermediates.noindex/Paperloft.build/Debug/PaperloftUITests.build/PaperloftUITests.DependencyStaticMetadataFileList

WriteAuxiliaryFile /Users/builder/Factory/paperloft/build/DerivedData/Build/Intermediates.noindex/Paperloft.build/Debug/PaperloftUITests.build/PaperloftUITests.hmap (in target 'PaperloftUITests' from project 'Paperloft')
    cd /Users/builder/Factory/paperloft
    write-file /Users/builder/Factory/paperloft/build/DerivedData/Build/Intermediates.noindex/Paperloft.build/Debug/PaperloftUITests.build/PaperloftUITests.hmap

WriteAuxiliaryFile /Users/builder/Factory/paperloft/build/DerivedData/Build/Intermediates.noindex/Paperloft.build/Debug/PaperloftUITests.build/PaperloftUITests-own-target-headers.hmap (in target 'PaperloftUITests' from project 'Paperloft')
    cd /Users/builder/Factory/paperloft
    write-file /Users/builder/Factory/paperloft/build/DerivedData/Build/Intermediates.noindex/Paperloft.build/Debug/PaperloftUITests.build/PaperloftUITests-own-target-headers.hmap

WriteAuxiliaryFile /Users/builder/Factory/paperloft/build/DerivedData/Build/Intermediates.noindex/Paperloft.build/Debug/PaperloftUITests.build/empty-PaperloftUITests.plist (in target 'PaperloftUITests' from project 'Paperloft')
    cd /Users/builder/Factory/paperloft
    write-file /Users/builder/Factory/paperloft/build/DerivedData/Build/Intermediates.noindex/Paperloft.build/Debug/PaperloftUITests.build/empty-PaperloftUITests.plist

WriteAuxiliaryFile /Users/builder/Factory/paperloft/build/DerivedData/Build/Intermediates.noindex/Paperloft.build/Debug/PaperloftUITests.build/PaperloftUITests.DependencyMetadataFileList (in target 'PaperloftUITests' from project 'Paperloft')
    cd /Users/builder/Factory/paperloft
    write-file /Users/builder/Factory/paperloft/build/DerivedData/Build/Intermediates.noindex/Paperloft.build/Debug/PaperloftUITests.build/PaperloftUITests.DependencyMetadataFileList

WriteAuxiliaryFile /Users/builder/Factory/paperloft/build/DerivedData/Build/Intermediates.noindex/Paperloft.build/Debug/PaperloftUITests.build/ProductTypeInfoPlistAdditions.plist (in target 'PaperloftUITests' from project 'Paperloft')
    cd /Users/builder/Factory/paperloft
    write-file /Users/builder/Factory/paperloft/build/DerivedData/Build/Intermediates.noindex/Paperloft.build/Debug/PaperloftUITests.build/ProductTypeInfoPlistAdditions.plist

WriteAuxiliaryFile /Users/builder/Factory/paperloft/build/DerivedData/Build/Intermediates.noindex/Paperloft.build/Debug/PaperloftUITests.build/PaperloftUITests-generated-files.hmap (in target 'PaperloftUITests' from project 'Paperloft')
    cd /Users/builder/Factory/paperloft
    write-file /Users/builder/Factory/paperloft/build/DerivedData/Build/Intermediates.noindex/Paperloft.build/Debug/PaperloftUITests.build/PaperloftUITests-generated-files.hmap

WriteAuxiliaryFile /Users/builder/Factory/paperloft/build/DerivedData/Build/Intermediates.noindex/Paperloft.build/Debug/PaperloftUITests.build/PaperloftUITests-all-target-headers.hmap (in target 'PaperloftUITests' from project 'Paperloft')
    cd /Users/builder/Factory/paperloft
    write-file /Users/builder/Factory/paperloft/build/DerivedData/Build/Intermediates.noindex/Paperloft.build/Debug/PaperloftUITests.build/PaperloftUITests-all-target-headers.hmap

WriteAuxiliaryFile /Users/builder/Factory/paperloft/build/DerivedData/Build/Intermediates.noindex/Paperloft.build/Debug/PaperloftUITests.build/PaperloftUITests-all-non-framework-target-headers.hmap (in target 'PaperloftUITests' from project 'Paperloft')
    cd /Users/builder/Factory/paperloft
    write-file /Users/builder/Factory/paperloft/build/DerivedData/Build/Intermediates.noindex/Paperloft.build/Debug/PaperloftUITests.build/PaperloftUITests-all-non-framework-target-headers.hmap

WriteAuxiliaryFile /Users/builder/Factory/paperloft/build/DerivedData/Build/Intermediates.noindex/Paperloft.build/Debug/PaperloftUITests.build/Objects-normal/arm64/PaperloftUITests_const_extract_protocols.json (in target 'PaperloftUITests' from project 'Paperloft')
    cd /Users/builder/Factory/paperloft
    write-file /Users/builder/Factory/paperloft/build/DerivedData/Build/Intermediates.noindex/Paperloft.build/Debug/PaperloftUITests.build/Objects-normal/arm64/PaperloftUITests_const_extract_protocols.json

WriteAuxiliaryFile /Users/builder/Factory/paperloft/build/DerivedData/Build/Intermediates.noindex/Paperloft.build/Debug/PaperloftUITests.build/Objects-normal/arm64/PaperloftUITests.SwiftFileList (in target 'PaperloftUITests' from project 'Paperloft')
    cd /Users/builder/Factory/paperloft
    write-file /Users/builder/Factory/paperloft/build/DerivedData/Build/Intermediates.noindex/Paperloft.build/Debug/PaperloftUITests.build/Objects-normal/arm64/PaperloftUITests.SwiftFileList

WriteAuxiliaryFile /Users/builder/Factory/paperloft/build/DerivedData/Build/Intermediates.noindex/Paperloft.build/Debug/PaperloftUITests.build/Objects-normal/arm64/PaperloftUITests.SwiftConstValuesFileList (in target 'PaperloftUITests' from project 'Paperloft')
    cd /Users/builder/Factory/paperloft
    write-file /Users/builder/Factory/paperloft/build/DerivedData/Build/Intermediates.noindex/Paperloft.build/Debug/PaperloftUITests.build/Objects-normal/arm64/PaperloftUITests.SwiftConstValuesFileList

WriteAuxiliaryFile /Users/builder/Factory/paperloft/build/DerivedData/Build/Intermediates.noindex/Paperloft.build/Debug/PaperloftUITests.build/Objects-normal/arm64/PaperloftUITests.LinkFileList (in target 'PaperloftUITests' from project 'Paperloft')
    cd /Users/builder/Factory/paperloft
    write-file /Users/builder/Factory/paperloft/build/DerivedData/Build/Intermediates.noindex/Paperloft.build/Debug/PaperloftUITests.build/Objects-normal/arm64/PaperloftUITests.LinkFileList

WriteAuxiliaryFile /Users/builder/Factory/paperloft/build/DerivedData/Build/Intermediates.noindex/Paperloft.build/Debug/PaperloftUITests.build/Objects-normal/arm64/PaperloftUITests-OutputFileMap.json (in target 'PaperloftUITests' from project 'Paperloft')
    cd /Users/builder/Factory/paperloft
    write-file /Users/builder/Factory/paperloft/build/DerivedData/Build/Intermediates.noindex/Paperloft.build/Debug/PaperloftUITests.build/Objects-normal/arm64/PaperloftUITests-OutputFileMap.json

WriteAuxiliaryFile /Users/builder/Factory/paperloft/build/DerivedData/Build/Intermediates.noindex/Paperloft.build/Debug/PaperloftUITests.build/DerivedSources/Entitlements.plist (in target 'PaperloftUITests' from project 'Paperloft')
    cd /Users/builder/Factory/paperloft
    write-file /Users/builder/Factory/paperloft/build/DerivedData/Build/Intermediates.noindex/Paperloft.build/Debug/PaperloftUITests.build/DerivedSources/Entitlements.plist

WriteAuxiliaryFile /Users/builder/Factory/paperloft/build/DerivedData/Build/Intermediates.noindex/Paperloft.build/Debug/PaperloftKitTests.build/PaperloftKitTests.hmap (in target 'PaperloftKitTests' from project 'Paperloft')
    cd /Users/builder/Factory/paperloft
    write-file /Users/builder/Factory/paperloft/build/DerivedData/Build/Intermediates.noindex/Paperloft.build/Debug/PaperloftKitTests.build/PaperloftKitTests.hmap

WriteAuxiliaryFile /Users/builder/Factory/paperloft/build/DerivedData/Build/Intermediates.noindex/Paperloft.build/Debug/PaperloftKitTests.build/empty-PaperloftKitTests.plist (in target 'PaperloftKitTests' from project 'Paperloft')
    cd /Users/builder/Factory/paperloft
    write-file /Users/builder/Factory/paperloft/build/DerivedData/Build/Intermediates.noindex/Paperloft.build/Debug/PaperloftKitTests.build/empty-PaperloftKitTests.plist

WriteAuxiliaryFile /Users/builder/Factory/paperloft/build/DerivedData/Build/Intermediates.noindex/Paperloft.build/Debug/PaperloftKitTests.build/PaperloftKitTests.DependencyStaticMetadataFileList (in target 'PaperloftKitTests' from project 'Paperloft')
    cd /Users/builder/Factory/paperloft
    write-file /Users/builder/Factory/paperloft/build/DerivedData/Build/Intermediates.noindex/Paperloft.build/Debug/PaperloftKitTests.build/PaperloftKitTests.DependencyStaticMetadataFileList

WriteAuxiliaryFile /Users/builder/Factory/paperloft/build/DerivedData/Build/Intermediates.noindex/Paperloft.build/Debug/PaperloftKitTests.build/PaperloftKitTests.DependencyMetadataFileList (in target 'PaperloftKitTests' from project 'Paperloft')
    cd /Users/builder/Factory/paperloft
    write-file /Users/builder/Factory/paperloft/build/DerivedData/Build/Intermediates.noindex/Paperloft.build/Debug/PaperloftKitTests.build/PaperloftKitTests.DependencyMetadataFileList

WriteAuxiliaryFile /Users/builder/Factory/paperloft/build/DerivedData/Build/Intermediates.noindex/Paperloft.build/Debug/PaperloftKitTests.build/PaperloftKitTests-project-headers.hmap (in target 'PaperloftKitTests' from project 'Paperloft')
    cd /Users/builder/Factory/paperloft
    write-file /Users/builder/Factory/paperloft/build/DerivedData/Build/Intermediates.noindex/Paperloft.build/Debug/PaperloftKitTests.build/PaperloftKitTests-project-headers.hmap

WriteAuxiliaryFile /Users/builder/Factory/paperloft/build/DerivedData/Build/Intermediates.noindex/Paperloft.build/Debug/PaperloftKitTests.build/PaperloftKitTests-own-target-headers.hmap (in target 'PaperloftKitTests' from project 'Paperloft')
    cd /Users/builder/Factory/paperloft
    write-file /Users/builder/Factory/paperloft/build/DerivedData/Build/Intermediates.noindex/Paperloft.build/Debug/PaperloftKitTests.build/PaperloftKitTests-own-target-headers.hmap

WriteAuxiliaryFile /Users/builder/Factory/paperloft/build/DerivedData/Build/Intermediates.noindex/Paperloft.build/Debug/PaperloftKitTests.build/PaperloftKitTests-generated-files.hmap (in target 'PaperloftKitTests' from project 'Paperloft')
    cd /Users/builder/Factory/paperloft
    write-file /Users/builder/Factory/paperloft/build/DerivedData/Build/Intermediates.noindex/Paperloft.build/Debug/PaperloftKitTests.build/PaperloftKitTests-generated-files.hmap

WriteAuxiliaryFile /Users/builder/Factory/paperloft/build/DerivedData/Build/Intermediates.noindex/Paperloft.build/Debug/PaperloftKitTests.build/PaperloftKitTests-all-target-headers.hmap (in target 'PaperloftKitTests' from project 'Paperloft')
    cd /Users/builder/Factory/paperloft
    write-file /Users/builder/Factory/paperloft/build/DerivedData/Build/Intermediates.noindex/Paperloft.build/Debug/PaperloftKitTests.build/PaperloftKitTests-all-target-headers.hmap

WriteAuxiliaryFile /Users/builder/Factory/paperloft/build/DerivedData/Build/Intermediates.noindex/Paperloft.build/Debug/PaperloftKitTests.build/PaperloftKitTests-all-non-framework-target-headers.hmap (in target 'PaperloftKitTests' from project 'Paperloft')
    cd /Users/builder/Factory/paperloft
    write-file /Users/builder/Factory/paperloft/build/DerivedData/Build/Intermediates.noindex/Paperloft.build/Debug/PaperloftKitTests.build/PaperloftKitTests-all-non-framework-target-headers.hmap

WriteAuxiliaryFile /Users/builder/Factory/paperloft/build/DerivedData/Build/Intermediates.noindex/Paperloft.build/Debug/PaperloftKitTests.build/Objects-normal/arm64/PaperloftKitTests_const_extract_protocols.json (in target 'PaperloftKitTests' from project 'Paperloft')
    cd /Users/builder/Factory/paperloft
    write-file /Users/builder/Factory/paperloft/build/DerivedData/Build/Intermediates.noindex/Paperloft.build/Debug/PaperloftKitTests.build/Objects-normal/arm64/PaperloftKitTests_const_extract_protocols.json

WriteAuxiliaryFile /Users/builder/Factory/paperloft/build/DerivedData/Build/Intermediates.noindex/Paperloft.build/Debug/PaperloftKitTests.build/Objects-normal/arm64/PaperloftKitTests.SwiftFileList (in target 'PaperloftKitTests' from project 'Paperloft')
    cd /Users/builder/Factory/paperloft
    write-file /Users/builder/Factory/paperloft/build/DerivedData/Build/Intermediates.noindex/Paperloft.build/Debug/PaperloftKitTests.build/Objects-normal/arm64/PaperloftKitTests.SwiftFileList

WriteAuxiliaryFile /Users/builder/Factory/paperloft/build/DerivedData/Build/Intermediates.noindex/Paperloft.build/Debug/PaperloftKitTests.build/Objects-normal/arm64/PaperloftKitTests.SwiftConstValuesFileList (in target 'PaperloftKitTests' from project 'Paperloft')
    cd /Users/builder/Factory/paperloft
    write-file /Users/builder/Factory/paperloft/build/DerivedData/Build/Intermediates.noindex/Paperloft.build/Debug/PaperloftKitTests.build/Objects-normal/arm64/PaperloftKitTests.SwiftConstValuesFileList

WriteAuxiliaryFile /Users/builder/Factory/paperloft/build/DerivedData/Build/Intermediates.noindex/Paperloft.build/Debug/PaperloftKitTests.build/Objects-normal/arm64/PaperloftKitTests.LinkFileList (in target 'PaperloftKitTests' from project 'Paperloft')
    cd /Users/builder/Factory/paperloft
    write-file /Users/builder/Factory/paperloft/build/DerivedData/Build/Intermediates.noindex/Paperloft.build/Debug/PaperloftKitTests.build/Objects-normal/arm64/PaperloftKitTests.LinkFileList

WriteAuxiliaryFile /Users/builder/Factory/paperloft/build/DerivedData/Build/Intermediates.noindex/Paperloft.build/Debug/PaperloftKitTests.build/Objects-normal/arm64/PaperloftKitTests-OutputFileMap.json (in target 'PaperloftKitTests' from project 'Paperloft')
    cd /Users/builder/Factory/paperloft
    write-file /Users/builder/Factory/paperloft/build/DerivedData/Build/Intermediates.noindex/Paperloft.build/Debug/PaperloftKitTests.build/Objects-normal/arm64/PaperloftKitTests-OutputFileMap.json

WriteAuxiliaryFile /Users/builder/Factory/paperloft/build/DerivedData/Build/Intermediates.noindex/PaperloftKit.build/Debug/PaperloftKit-t.build/PaperloftKit.modulemap (in target 'PaperloftKit' from project 'PaperloftKit')
    cd /Users/builder/Factory/paperloft/Packages/PaperloftKit
    write-file /Users/builder/Factory/paperloft/build/DerivedData/Build/Intermediates.noindex/PaperloftKit.build/Debug/PaperloftKit-t.build/PaperloftKit.modulemap

WriteAuxiliaryFile /Users/builder/Factory/paperloft/build/DerivedData/Build/Intermediates.noindex/PaperloftKit.build/Debug/PaperloftKit-t.build/PaperloftKit.DependencyStaticMetadataFileList (in target 'PaperloftKit' from project 'PaperloftKit')
    cd /Users/builder/Factory/paperloft/Packages/PaperloftKit
    write-file /Users/builder/Factory/paperloft/build/DerivedData/Build/Intermediates.noindex/PaperloftKit.build/Debug/PaperloftKit-t.build/PaperloftKit.DependencyStaticMetadataFileList

WriteAuxiliaryFile /Users/builder/Factory/paperloft/build/DerivedData/Build/Intermediates.noindex/PaperloftKit.build/Debug/PaperloftKit-t.build/PaperloftKit.DependencyMetadataFileList (in target 'PaperloftKit' from project 'PaperloftKit')
    cd /Users/builder/Factory/paperloft/Packages/PaperloftKit
    write-file /Users/builder/Factory/paperloft/build/DerivedData/Build/Intermediates.noindex/PaperloftKit.build/Debug/PaperloftKit-t.build/PaperloftKit.DependencyMetadataFileList

WriteAuxiliaryFile /Users/builder/Factory/paperloft/build/DerivedData/Build/Intermediates.noindex/PaperloftKit.build/Debug/PaperloftKit-t.build/Objects-normal/arm64/PaperloftKit_const_extract_protocols.json (in target 'PaperloftKit' from project 'PaperloftKit')
    cd /Users/builder/Factory/paperloft/Packages/PaperloftKit
    write-file /Users/builder/Factory/paperloft/build/DerivedData/Build/Intermediates.noindex/PaperloftKit.build/Debug/PaperloftKit-t.build/Objects-normal/arm64/PaperloftKit_const_extract_protocols.json

WriteAuxiliaryFile /Users/builder/Factory/paperloft/build/DerivedData/Build/Intermediates.noindex/PaperloftKit.build/Debug/PaperloftKit-t.build/Objects-normal/arm64/PaperloftKit.SwiftConstValuesFileList (in target 'PaperloftKit' from project 'PaperloftKit')
    cd /Users/builder/Factory/paperloft/Packages/PaperloftKit
    write-file /Users/builder/Factory/paperloft/build/DerivedData/Build/Intermediates.noindex/PaperloftKit.build/Debug/PaperloftKit-t.build/Objects-normal/arm64/PaperloftKit.SwiftConstValuesFileList

WriteAuxiliaryFile /Users/builder/Factory/paperloft/build/DerivedData/Build/Intermediates.noindex/PaperloftKit.build/Debug/PaperloftKit-t.build/Objects-normal/arm64/PaperloftKit.SwiftFileList (in target 'PaperloftKit' from project 'PaperloftKit')
    cd /Users/builder/Factory/paperloft/Packages/PaperloftKit
    write-file /Users/builder/Factory/paperloft/build/DerivedData/Build/Intermediates.noindex/PaperloftKit.build/Debug/PaperloftKit-t.build/Objects-normal/arm64/PaperloftKit.SwiftFileList

WriteAuxiliaryFile /Users/builder/Factory/paperloft/build/DerivedData/Build/Intermediates.noindex/PaperloftKit.build/Debug/PaperloftKit-t.build/Objects-normal/arm64/PaperloftKit.LinkFileList (in target 'PaperloftKit' from project 'PaperloftKit')
    cd /Users/builder/Factory/paperloft/Packages/PaperloftKit
    write-file /Users/builder/Factory/paperloft/build/DerivedData/Build/Intermediates.noindex/PaperloftKit.build/Debug/PaperloftKit-t.build/Objects-normal/arm64/PaperloftKit.LinkFileList

WriteAuxiliaryFile /Users/builder/Factory/paperloft/build/DerivedData/Build/Intermediates.noindex/PaperloftKit.build/Debug/PaperloftKit-t.build/Objects-normal/arm64/PaperloftKit-OutputFileMap.json (in target 'PaperloftKit' from project 'PaperloftKit')
    cd /Users/builder/Factory/paperloft/Packages/PaperloftKit
    write-file /Users/builder/Factory/paperloft/build/DerivedData/Build/Intermediates.noindex/PaperloftKit.build/Debug/PaperloftKit-t.build/Objects-normal/arm64/PaperloftKit-OutputFileMap.json

WriteAuxiliaryFile /Users/builder/Factory/paperloft/build/DerivedData/Build/Intermediates.noindex/Paperloft.build/Debug/PaperloftApp.build/empty-Paperloft\ Receipts.plist (in target 'PaperloftApp' from project 'Paperloft')
    cd /Users/builder/Factory/paperloft
    write-file /Users/builder/Factory/paperloft/build/DerivedData/Build/Intermediates.noindex/Paperloft.build/Debug/PaperloftApp.build/empty-Paperloft\ Receipts.plist

WriteAuxiliaryFile /Users/builder/Factory/paperloft/build/DerivedData/Build/Intermediates.noindex/Paperloft.build/Debug/PaperloftApp.build/Paperloft\ Receipts.hmap (in target 'PaperloftApp' from project 'Paperloft')
    cd /Users/builder/Factory/paperloft
    write-file /Users/builder/Factory/paperloft/build/DerivedData/Build/Intermediates.noindex/Paperloft.build/Debug/PaperloftApp.build/Paperloft\ Receipts.hmap

Copy /Users/builder/Factory/paperloft/build/DerivedData/Build/Intermediates.noindex/GeneratedModuleMaps/PaperloftKit.modulemap /Users/builder/Factory/paperloft/build/DerivedData/Build/Intermediates.noindex/PaperloftKit.build/Debug/PaperloftKit-t.build/PaperloftKit.modulemap (in target 'PaperloftKit' from project 'PaperloftKit')
    cd /Users/builder/Factory/paperloft/Packages/PaperloftKit
    builtin-copy -exclude .DS_Store -exclude CVS -exclude .svn -exclude .git -exclude .hg -resolve-src-symlinks /Users/builder/Factory/paperloft/build/DerivedData/Build/Intermediates.noindex/PaperloftKit.build/Debug/PaperloftKit-t.build/PaperloftKit.modulemap /Users/builder/Factory/paperloft/build/DerivedData/Build/Intermediates.noindex/GeneratedModuleMaps

WriteAuxiliaryFile /Users/builder/Factory/paperloft/build/DerivedData/Build/Intermediates.noindex/Paperloft.build/Debug/PaperloftApp.build/Paperloft\ Receipts.DependencyStaticMetadataFileList (in target 'PaperloftApp' from project 'Paperloft')
    cd /Users/builder/Factory/paperloft
    write-file /Users/builder/Factory/paperloft/build/DerivedData/Build/Intermediates.noindex/Paperloft.build/Debug/PaperloftApp.build/Paperloft\ Receipts.DependencyStaticMetadataFileList

WriteAuxiliaryFile /Users/builder/Factory/paperloft/build/DerivedData/Build/Intermediates.noindex/Paperloft.build/Debug/PaperloftApp.build/Paperloft\ Receipts.DependencyMetadataFileList (in target 'PaperloftApp' from project 'Paperloft')
    cd /Users/builder/Factory/paperloft
    write-file /Users/builder/Factory/paperloft/build/DerivedData/Build/Intermediates.noindex/Paperloft.build/Debug/PaperloftApp.build/Paperloft\ Receipts.DependencyMetadataFileList

WriteAuxiliaryFile /Users/builder/Factory/paperloft/build/DerivedData/Build/Intermediates.noindex/Paperloft.build/Debug/PaperloftApp.build/Paperloft\ Receipts-project-headers.hmap (in target 'PaperloftApp' from project 'Paperloft')
    cd /Users/builder/Factory/paperloft
    write-file /Users/builder/Factory/paperloft/build/DerivedData/Build/Intermediates.noindex/Paperloft.build/Debug/PaperloftApp.build/Paperloft\ Receipts-project-headers.hmap

WriteAuxiliaryFile /Users/builder/Factory/paperloft/build/DerivedData/Build/Intermediates.noindex/Paperloft.build/Debug/PaperloftApp.build/Paperloft\ Receipts-own-target-headers.hmap (in target 'PaperloftApp' from project 'Paperloft')
    cd /Users/builder/Factory/paperloft
    write-file /Users/builder/Factory/paperloft/build/DerivedData/Build/Intermediates.noindex/Paperloft.build/Debug/PaperloftApp.build/Paperloft\ Receipts-own-target-headers.hmap

WriteAuxiliaryFile /Users/builder/Factory/paperloft/build/DerivedData/Build/Intermediates.noindex/Paperloft.build/Debug/PaperloftApp.build/Paperloft\ Receipts-generated-files.hmap (in target 'PaperloftApp' from project 'Paperloft')
    cd /Users/builder/Factory/paperloft
    write-file /Users/builder/Factory/paperloft/build/DerivedData/Build/Intermediates.noindex/Paperloft.build/Debug/PaperloftApp.build/Paperloft\ Receipts-generated-files.hmap

WriteAuxiliaryFile /Users/builder/Factory/paperloft/build/DerivedData/Build/Intermediates.noindex/Paperloft.build/Debug/PaperloftApp.build/Paperloft\ Receipts-all-target-headers.hmap (in target 'PaperloftApp' from project 'Paperloft')
    cd /Users/builder/Factory/paperloft
    write-file /Users/builder/Factory/paperloft/build/DerivedData/Build/Intermediates.noindex/Paperloft.build/Debug/PaperloftApp.build/Paperloft\ Receipts-all-target-headers.hmap

WriteAuxiliaryFile /Users/builder/Factory/paperloft/build/DerivedData/Build/Intermediates.noindex/Paperloft.build/Debug/PaperloftApp.build/Paperloft\ Receipts-all-non-framework-target-headers.hmap (in target 'PaperloftApp' from project 'Paperloft')
    cd /Users/builder/Factory/paperloft
    write-file /Users/builder/Factory/paperloft/build/DerivedData/Build/Intermediates.noindex/Paperloft.build/Debug/PaperloftApp.build/Paperloft\ Receipts-all-non-framework-target-headers.hmap

WriteAuxiliaryFile /Users/builder/Factory/paperloft/build/DerivedData/Build/Intermediates.noindex/Paperloft.build/Debug/PaperloftApp.build/Paperloft\ Receipts-DebugDylibPath-normal-arm64.txt (in target 'PaperloftApp' from project 'Paperloft')
    cd /Users/builder/Factory/paperloft
    write-file /Users/builder/Factory/paperloft/build/DerivedData/Build/Intermediates.noindex/Paperloft.build/Debug/PaperloftApp.build/Paperloft\ Receipts-DebugDylibPath-normal-arm64.txt

WriteAuxiliaryFile /Users/builder/Factory/paperloft/build/DerivedData/Build/Intermediates.noindex/Paperloft.build/Debug/PaperloftApp.build/Paperloft\ Receipts-DebugDylibInstallName-normal-arm64.txt (in target 'PaperloftApp' from project 'Paperloft')
    cd /Users/builder/Factory/paperloft
    write-file /Users/builder/Factory/paperloft/build/DerivedData/Build/Intermediates.noindex/Paperloft.build/Debug/PaperloftApp.build/Paperloft\ Receipts-DebugDylibInstallName-normal-arm64.txt

WriteAuxiliaryFile /Users/builder/Factory/paperloft/build/DerivedData/Build/Intermediates.noindex/Paperloft.build/Debug/PaperloftApp.build/Objects-normal/arm64/PaperloftApp_const_extract_protocols.json (in target 'PaperloftApp' from project 'Paperloft')
    cd /Users/builder/Factory/paperloft
    write-file /Users/builder/Factory/paperloft/build/DerivedData/Build/Intermediates.noindex/Paperloft.build/Debug/PaperloftApp.build/Objects-normal/arm64/PaperloftApp_const_extract_protocols.json

WriteAuxiliaryFile /Users/builder/Factory/paperloft/build/DerivedData/Build/Intermediates.noindex/Paperloft.build/Debug/PaperloftApp.build/Objects-normal/arm64/PaperloftApp-OutputFileMap.json (in target 'PaperloftApp' from project 'Paperloft')
    cd /Users/builder/Factory/paperloft
    write-file /Users/builder/Factory/paperloft/build/DerivedData/Build/Intermediates.noindex/Paperloft.build/Debug/PaperloftApp.build/Objects-normal/arm64/PaperloftApp-OutputFileMap.json

WriteAuxiliaryFile /Users/builder/Factory/paperloft/build/DerivedData/Build/Intermediates.noindex/Paperloft.build/Debug/PaperloftApp.build/Objects-normal/arm64/Paperloft\ Receipts.SwiftConstValuesFileList (in target 'PaperloftApp' from project 'Paperloft')
    cd /Users/builder/Factory/paperloft
    write-file /Users/builder/Factory/paperloft/build/DerivedData/Build/Intermediates.noindex/Paperloft.build/Debug/PaperloftApp.build/Objects-normal/arm64/Paperloft\ Receipts.SwiftConstValuesFileList

WriteAuxiliaryFile /Users/builder/Factory/paperloft/build/DerivedData/Build/Intermediates.noindex/Paperloft.build/Debug/PaperloftApp.build/Objects-normal/arm64/Paperloft\ Receipts.SwiftFileList (in target 'PaperloftApp' from project 'Paperloft')
    cd /Users/builder/Factory/paperloft
    write-file /Users/builder/Factory/paperloft/build/DerivedData/Build/Intermediates.noindex/Paperloft.build/Debug/PaperloftApp.build/Objects-normal/arm64/Paperloft\ Receipts.SwiftFileList

WriteAuxiliaryFile /Users/builder/Factory/paperloft/build/DerivedData/Build/Intermediates.noindex/Paperloft.build/Debug/PaperloftApp.build/Objects-normal/arm64/Paperloft\ Receipts.LinkFileList (in target 'PaperloftApp' from project 'Paperloft')
    cd /Users/builder/Factory/paperloft
    write-file /Users/builder/Factory/paperloft/build/DerivedData/Build/Intermediates.noindex/Paperloft.build/Debug/PaperloftApp.build/Objects-normal/arm64/Paperloft\ Receipts.LinkFileList

WriteAuxiliaryFile /Users/builder/Factory/paperloft/build/DerivedData/Build/Intermediates.noindex/Paperloft.build/Debug/PaperloftApp.build/DerivedSources/Entitlements.plist (in target 'PaperloftApp' from project 'Paperloft')
    cd /Users/builder/Factory/paperloft
    write-file /Users/builder/Factory/paperloft/build/DerivedData/Build/Intermediates.noindex/Paperloft.build/Debug/PaperloftApp.build/DerivedSources/Entitlements.plist

MkDir /Users/builder/Factory/paperloft/build/DerivedData/Build/Products/Debug/PaperloftUITests-Runner.app/Contents/PlugIns/PaperloftUITests.xctest (in target 'PaperloftUITests' from project 'Paperloft')
    cd /Users/builder/Factory/paperloft
    /bin/mkdir -p /Users/builder/Factory/paperloft/build/DerivedData/Build/Products/Debug/PaperloftUITests-Runner.app/Contents/PlugIns/PaperloftUITests.xctest

MkDir /Users/builder/Factory/paperloft/build/DerivedData/Build/Products/Debug/PaperloftUITests-Runner.app/Contents/PlugIns/PaperloftUITests.xctest/Contents (in target 'PaperloftUITests' from project 'Paperloft')
    cd /Users/builder/Factory/paperloft
    /bin/mkdir -p /Users/builder/Factory/paperloft/build/DerivedData/Build/Products/Debug/PaperloftUITests-Runner.app/Contents/PlugIns/PaperloftUITests.xctest/Contents

MkDir /Users/builder/Factory/paperloft/build/DerivedData/Build/Products/Debug/PaperloftKitTests.xctest (in target 'PaperloftKitTests' from project 'Paperloft')
    cd /Users/builder/Factory/paperloft
    /bin/mkdir -p /Users/builder/Factory/paperloft/build/DerivedData/Build/Products/Debug/PaperloftKitTests.xctest

MkDir /Users/builder/Factory/paperloft/build/DerivedData/Build/Products/Debug/PaperloftUITests-Runner.app/Contents/PlugIns/PaperloftUITests.xctest/Contents/MacOS (in target 'PaperloftUITests' from project 'Paperloft')
    cd /Users/builder/Factory/paperloft
    /bin/mkdir -p /Users/builder/Factory/paperloft/build/DerivedData/Build/Products/Debug/PaperloftUITests-Runner.app/Contents/PlugIns/PaperloftUITests.xctest/Contents/MacOS

MkDir /Users/builder/Factory/paperloft/build/DerivedData/Build/Products/Debug/PaperloftKitTests.xctest/Contents (in target 'PaperloftKitTests' from project 'Paperloft')
    cd /Users/builder/Factory/paperloft
    /bin/mkdir -p /Users/builder/Factory/paperloft/build/DerivedData/Build/Products/Debug/PaperloftKitTests.xctest/Contents

MkDir /Users/builder/Factory/paperloft/build/DerivedData/Build/Products/Debug/PaperloftKitTests.xctest/Contents/MacOS (in target 'PaperloftKitTests' from project 'Paperloft')
    cd /Users/builder/Factory/paperloft
    /bin/mkdir -p /Users/builder/Factory/paperloft/build/DerivedData/Build/Products/Debug/PaperloftKitTests.xctest/Contents/MacOS

MkDir /Users/builder/Factory/paperloft/build/DerivedData/Build/Products/Debug/Paperloft\ Receipts.app/Contents/MacOS (in target 'PaperloftApp' from project 'Paperloft')
    cd /Users/builder/Factory/paperloft
    /bin/mkdir -p /Users/builder/Factory/paperloft/build/DerivedData/Build/Products/Debug/Paperloft\ Receipts.app/Contents/MacOS

MkDir /Users/builder/Factory/paperloft/build/DerivedData/Build/Products/Debug/Paperloft\ Receipts.app/Contents/Resources (in target 'PaperloftApp' from project 'Paperloft')
    cd /Users/builder/Factory/paperloft
    /bin/mkdir -p /Users/builder/Factory/paperloft/build/DerivedData/Build/Products/Debug/Paperloft\ Receipts.app/Contents/Resources

MkDir /Users/builder/Factory/paperloft/build/DerivedData/Build/Products/Debug/Paperloft\ Receipts.app/Contents (in target 'PaperloftApp' from project 'Paperloft')
    cd /Users/builder/Factory/paperloft
    /bin/mkdir -p /Users/builder/Factory/paperloft/build/DerivedData/Build/Products/Debug/Paperloft\ Receipts.app/Contents

MkDir /Users/builder/Factory/paperloft/build/DerivedData/Build/Products/Debug/Paperloft\ Receipts.app (in target 'PaperloftApp' from project 'Paperloft')
    cd /Users/builder/Factory/paperloft
    /bin/mkdir -p /Users/builder/Factory/paperloft/build/DerivedData/Build/Products/Debug/Paperloft\ Receipts.app

SwiftDriver PaperloftKit normal arm64 com.apple.xcode.tools.swift.compiler (in target 'PaperloftKit' from project 'PaperloftKit')
    cd /Users/builder/Factory/paperloft/Paperloft.xcodeproj
    builtin-SwiftDriver -- /Applications/Xcode.app/Contents/Developer/Toolchains/XcodeDefault.xctoolchain/usr/bin/swiftc -parse-as-library -module-name PaperloftKit -Onone @/Users/builder/Factory/paperloft/build/DerivedData/Build/Intermediates.noindex/PaperloftKit.build/Debug/PaperloftKit-t.build/Objects-normal/arm64/PaperloftKit.SwiftFileList -DSWIFT_PACKAGE -DDEBUG -DSWIFT_MODULE_RESOURCE_BUNDLE_UNAVAILABLE -DXcode -plugin-path /Applications/Xcode.app/Contents/Developer/Toolchains/XcodeDefault.xctoolchain/usr/lib/swift/host/plugins/testing -enable-experimental-feature DebugDescriptionMacro -sdk /Applications/Xcode.app/Contents/Developer/Platforms/MacOSX.platform/Developer/SDKs/MacOSX27.0.sdk -target arm64-apple-macos27.0 -g -module-cache-path /Users/builder/Factory/paperloft/build/DerivedData/ModuleCache.noindex -Xfrontend -serialize-debugging-options -profile-coverage-mapping -profile-generate -enable-testing -warnings-as-errors -index-store-path /Users/builder/Factory/paperloft/build/DerivedData/Index.noindex/DataStore -Xcc -D_LIBCPP_HARDENING_MODE\=_LIBCPP_HARDENING_MODE_DEBUG -swift-version 6 -I /Users/builder/Factory/paperloft/build/DerivedData/Build/Products/Debug -Isystem /Applications/Xcode.app/Contents/Developer/Platforms/MacOSX.platform/Developer/usr/lib -F /Users/builder/Factory/paperloft/build/DerivedData/Build/Products/Debug -F /Applications/Xcode.app/Contents/Developer/Platforms/MacOSX.platform/Developer/Library/Frameworks -c -j10 -enable-batch-mode -incremental -Xcc -ivfsstatcache -Xcc /Users/builder/Factory/paperloft/build/DerivedData/SDKStatCaches.noindex/macosx27.0-26A425-7231f6df4def33e022ae2eb8f782df1a.sdkstatcache -output-file-map /Users/builder/Factory/paperloft/build/DerivedData/Build/Intermediates.noindex/PaperloftKit.build/Debug/PaperloftKit-t.build/Objects-normal/arm64/PaperloftKit-OutputFileMap.json -save-temps -no-color-diagnostics -explicit-module-build -module-cache-path /Users/builder/Factory/paperloft/build/DerivedData/Build/Intermediates.noindex/SwiftExplicitPrecompiledModules -clang-scanner-module-cache-path /Users/builder/Factory/paperloft/build/DerivedData/ModuleCache.noindex -sdk-module-cache-path /Users/builder/Factory/paperloft/build/DerivedData/SDKExplicitPrecompiledModules -emit-dependencies -emit-module -emit-module-path /Users/builder/Factory/paperloft/build/DerivedData/Build/Intermediates.noindex/PaperloftKit.build/Debug/PaperloftKit-t.build/Objects-normal/arm64/PaperloftKit.swiftmodule -serialize-diagnostics -dependency-scan-serialize-diagnostics-path /Users/builder/Factory/paperloft/build/DerivedData/Build/Intermediates.noindex/PaperloftKit.build/Debug/PaperloftKit-t.build/Objects-normal/arm64/PaperloftKit-dependency-scan.dia -validate-clang-modules-once -clang-build-session-file /Users/builder/Factory/paperloft/build/DerivedData/ModuleCache.noindex/Session.modulevalidation -Xcc -fmodules-prune-interval\=86400 -Xcc -fmodules-prune-after\=345600 -package-name paperloftkit -emit-const-values -const-gather-protocols-list /Users/builder/Factory/paperloft/build/DerivedData/Build/Intermediates.noindex/PaperloftKit.build/Debug/PaperloftKit-t.build/Objects-normal/arm64/PaperloftKit_const_extract_protocols.json -Xcc -I/Users/builder/Factory/paperloft/build/DerivedData/Build/Products/Debug/include -Xcc -I/Users/builder/Factory/paperloft/build/DerivedData/Build/Intermediates.noindex/PaperloftKit.build/Debug/PaperloftKit-t.build/DerivedSources-normal/arm64 -Xcc -I/Users/builder/Factory/paperloft/build/DerivedData/Build/Intermediates.noindex/PaperloftKit.build/Debug/PaperloftKit-t.build/DerivedSources/arm64 -Xcc -I/Users/builder/Factory/paperloft/build/DerivedData/Build/Intermediates.noindex/PaperloftKit.build/Debug/PaperloftKit-t.build/DerivedSources -Xcc -DSWIFT_PACKAGE -Xcc -DDEBUG\=1 -emit-objc-header -emit-objc-header-path /Users/builder/Factory/paperloft/build/DerivedData/Build/Intermediates.noindex/PaperloftKit.build/Debug/PaperloftKit-t.build/Objects-normal/arm64/PaperloftKit-Swift.h -working-directory /Users/builder/Factory/paperloft/Paperloft.xcodeproj -experimental-emit-module-separately -disable-cmo

SwiftEmitModule normal arm64 Emitting\ module\ for\ PaperloftKit (in target 'PaperloftKit' from project 'PaperloftKit')

SwiftCompile normal arm64 (in target 'PaperloftKit' from project 'PaperloftKit')
    cd /Users/builder/Factory/paperloft/Paperloft.xcodeproj
    

SwiftCompile normal arm64 Compiling\ Receipt.swift /Users/builder/Factory/paperloft/Packages/PaperloftKit/Sources/PaperloftKit/Receipt.swift (in target 'PaperloftKit' from project 'PaperloftKit')

SwiftCompile normal arm64 /Users/builder/Factory/paperloft/Packages/PaperloftKit/Sources/PaperloftKit/Receipt.swift (in target 'PaperloftKit' from project 'PaperloftKit')
    cd /Users/builder/Factory/paperloft/Paperloft.xcodeproj
    builtin-SwiftPerFileCompile Receipt.swift

SwiftDriverJobDiscovery normal arm64 Emitting module for PaperloftKit (in target 'PaperloftKit' from project 'PaperloftKit')

SwiftDriver\ Compilation\ Requirements PaperloftKit normal arm64 com.apple.xcode.tools.swift.compiler (in target 'PaperloftKit' from project 'PaperloftKit')
    cd /Users/builder/Factory/paperloft/Paperloft.xcodeproj
    builtin-Swift-Compilation-Requirements -- /Applications/Xcode.app/Contents/Developer/Toolchains/XcodeDefault.xctoolchain/usr/bin/swiftc -parse-as-library -module-name PaperloftKit -Onone @/Users/builder/Factory/paperloft/build/DerivedData/Build/Intermediates.noindex/PaperloftKit.build/Debug/PaperloftKit-t.build/Objects-normal/arm64/PaperloftKit.SwiftFileList -DSWIFT_PACKAGE -DDEBUG -DSWIFT_MODULE_RESOURCE_BUNDLE_UNAVAILABLE -DXcode -plugin-path /Applications/Xcode.app/Contents/Developer/Toolchains/XcodeDefault.xctoolchain/usr/lib/swift/host/plugins/testing -enable-experimental-feature DebugDescriptionMacro -sdk /Applications/Xcode.app/Contents/Developer/Platforms/MacOSX.platform/Developer/SDKs/MacOSX27.0.sdk -target arm64-apple-macos27.0 -g -module-cache-path /Users/builder/Factory/paperloft/build/DerivedData/ModuleCache.noindex -Xfrontend -serialize-debugging-options -profile-coverage-mapping -profile-generate -enable-testing -warnings-as-errors -index-store-path /Users/builder/Factory/paperloft/build/DerivedData/Index.noindex/DataStore -Xcc -D_LIBCPP_HARDENING_MODE\=_LIBCPP_HARDENING_MODE_DEBUG -swift-version 6 -I /Users/builder/Factory/paperloft/build/DerivedData/Build/Products/Debug -Isystem /Applications/Xcode.app/Contents/Developer/Platforms/MacOSX.platform/Developer/usr/lib -F /Users/builder/Factory/paperloft/build/DerivedData/Build/Products/Debug -F /Applications/Xcode.app/Contents/Developer/Platforms/MacOSX.platform/Developer/Library/Frameworks -c -j10 -enable-batch-mode -incremental -Xcc -ivfsstatcache -Xcc /Users/builder/Factory/paperloft/build/DerivedData/SDKStatCaches.noindex/macosx27.0-26A425-7231f6df4def33e022ae2eb8f782df1a.sdkstatcache -output-file-map /Users/builder/Factory/paperloft/build/DerivedData/Build/Intermediates.noindex/PaperloftKit.build/Debug/PaperloftKit-t.build/Objects-normal/arm64/PaperloftKit-OutputFileMap.json -save-temps -no-color-diagnostics -explicit-module-build -module-cache-path /Users/builder/Factory/paperloft/build/DerivedData/Build/Intermediates.noindex/SwiftExplicitPrecompiledModules -clang-scanner-module-cache-path /Users/builder/Factory/paperloft/build/DerivedData/ModuleCache.noindex -sdk-module-cache-path /Users/builder/Factory/paperloft/build/DerivedData/SDKExplicitPrecompiledModules -emit-dependencies -emit-module -emit-module-path /Users/builder/Factory/paperloft/build/DerivedData/Build/Intermediates.noindex/PaperloftKit.build/Debug/PaperloftKit-t.build/Objects-normal/arm64/PaperloftKit.swiftmodule -serialize-diagnostics -dependency-scan-serialize-diagnostics-path /Users/builder/Factory/paperloft/build/DerivedData/Build/Intermediates.noindex/PaperloftKit.build/Debug/PaperloftKit-t.build/Objects-normal/arm64/PaperloftKit-dependency-scan.dia -validate-clang-modules-once -clang-build-session-file /Users/builder/Factory/paperloft/build/DerivedData/ModuleCache.noindex/Session.modulevalidation -Xcc -fmodules-prune-interval\=86400 -Xcc -fmodules-prune-after\=345600 -package-name paperloftkit -emit-const-values -const-gather-protocols-list /Users/builder/Factory/paperloft/build/DerivedData/Build/Intermediates.noindex/PaperloftKit.build/Debug/PaperloftKit-t.build/Objects-normal/arm64/PaperloftKit_const_extract_protocols.json -Xcc -I/Users/builder/Factory/paperloft/build/DerivedData/Build/Products/Debug/include -Xcc -I/Users/builder/Factory/paperloft/build/DerivedData/Build/Intermediates.noindex/PaperloftKit.build/Debug/PaperloftKit-t.build/DerivedSources-normal/arm64 -Xcc -I/Users/builder/Factory/paperloft/build/DerivedData/Build/Intermediates.noindex/PaperloftKit.build/Debug/PaperloftKit-t.build/DerivedSources/arm64 -Xcc -I/Users/builder/Factory/paperloft/build/DerivedData/Build/Intermediates.noindex/PaperloftKit.build/Debug/PaperloftKit-t.build/DerivedSources -Xcc -DSWIFT_PACKAGE -Xcc -DDEBUG\=1 -emit-objc-header -emit-objc-header-path /Users/builder/Factory/paperloft/build/DerivedData/Build/Intermediates.noindex/PaperloftKit.build/Debug/PaperloftKit-t.build/Objects-normal/arm64/PaperloftKit-Swift.h -working-directory /Users/builder/Factory/paperloft/Paperloft.xcodeproj -experimental-emit-module-separately -disable-cmo

SwiftMergeGeneratedHeaders /Users/builder/Factory/paperloft/build/DerivedData/Build/Intermediates.noindex/GeneratedModuleMaps/PaperloftKit-Swift.h /Users/builder/Factory/paperloft/build/DerivedData/Build/Intermediates.noindex/PaperloftKit.build/Debug/PaperloftKit-t.build/Objects-normal/arm64/PaperloftKit-Swift.h (in target 'PaperloftKit' from project 'PaperloftKit')
    cd /Users/builder/Factory/paperloft/Packages/PaperloftKit
    builtin-swiftHeaderTool -arch arm64 /Users/builder/Factory/paperloft/build/DerivedData/Build/Intermediates.noindex/PaperloftKit.build/Debug/PaperloftKit-t.build/Objects-normal/arm64/PaperloftKit-Swift.h -o /Users/builder/Factory/paperloft/build/DerivedData/Build/Intermediates.noindex/GeneratedModuleMaps/PaperloftKit-Swift.h

Copy /Users/builder/Factory/paperloft/build/DerivedData/Build/Products/Debug/PaperloftKit.swiftmodule/arm64-apple-macos.swiftdoc /Users/builder/Factory/paperloft/build/DerivedData/Build/Intermediates.noindex/PaperloftKit.build/Debug/PaperloftKit-t.build/Objects-normal/arm64/PaperloftKit.swiftdoc (in target 'PaperloftKit' from project 'PaperloftKit')
    cd /Users/builder/Factory/paperloft/Packages/PaperloftKit
    builtin-copy -exclude .DS_Store -exclude CVS -exclude .svn -exclude .git -exclude .hg -resolve-src-symlinks -rename /Users/builder/Factory/paperloft/build/DerivedData/Build/Intermediates.noindex/PaperloftKit.build/Debug/PaperloftKit-t.build/Objects-normal/arm64/PaperloftKit.swiftdoc /Users/builder/Factory/paperloft/build/DerivedData/Build/Products/Debug/PaperloftKit.swiftmodule/arm64-apple-macos.swiftdoc

Copy /Users/builder/Factory/paperloft/build/DerivedData/Build/Products/Debug/PaperloftKit.swiftmodule/arm64-apple-macos.abi.json /Users/builder/Factory/paperloft/build/DerivedData/Build/Intermediates.noindex/PaperloftKit.build/Debug/PaperloftKit-t.build/Objects-normal/arm64/PaperloftKit.abi.json (in target 'PaperloftKit' from project 'PaperloftKit')
    cd /Users/builder/Factory/paperloft/Packages/PaperloftKit
    builtin-copy -exclude .DS_Store -exclude CVS -exclude .svn -exclude .git -exclude .hg -resolve-src-symlinks -rename /Users/builder/Factory/paperloft/build/DerivedData/Build/Intermediates.noindex/PaperloftKit.build/Debug/PaperloftKit-t.build/Objects-normal/arm64/PaperloftKit.abi.json /Users/builder/Factory/paperloft/build/DerivedData/Build/Products/Debug/PaperloftKit.swiftmodule/arm64-apple-macos.abi.json

Copy /Users/builder/Factory/paperloft/build/DerivedData/Build/Products/Debug/PaperloftKit.swiftmodule/arm64-apple-macos.swiftmodule /Users/builder/Factory/paperloft/build/DerivedData/Build/Intermediates.noindex/PaperloftKit.build/Debug/PaperloftKit-t.build/Objects-normal/arm64/PaperloftKit.swiftmodule (in target 'PaperloftKit' from project 'PaperloftKit')
    cd /Users/builder/Factory/paperloft/Packages/PaperloftKit
    builtin-copy -exclude .DS_Store -exclude CVS -exclude .svn -exclude .git -exclude .hg -resolve-src-symlinks -rename /Users/builder/Factory/paperloft/build/DerivedData/Build/Intermediates.noindex/PaperloftKit.build/Debug/PaperloftKit-t.build/Objects-normal/arm64/PaperloftKit.swiftmodule /Users/builder/Factory/paperloft/build/DerivedData/Build/Products/Debug/PaperloftKit.swiftmodule/arm64-apple-macos.swiftmodule

Copy /Users/builder/Factory/paperloft/build/DerivedData/Build/Products/Debug/PaperloftKit.swiftmodule/Project/arm64-apple-macos.swiftsourceinfo /Users/builder/Factory/paperloft/build/DerivedData/Build/Intermediates.noindex/PaperloftKit.build/Debug/PaperloftKit-t.build/Objects-normal/arm64/PaperloftKit.swiftsourceinfo (in target 'PaperloftKit' from project 'PaperloftKit')
    cd /Users/builder/Factory/paperloft/Packages/PaperloftKit
    builtin-copy -exclude .DS_Store -exclude CVS -exclude .svn -exclude .git -exclude .hg -resolve-src-symlinks -rename /Users/builder/Factory/paperloft/build/DerivedData/Build/Intermediates.noindex/PaperloftKit.build/Debug/PaperloftKit-t.build/Objects-normal/arm64/PaperloftKit.swiftsourceinfo /Users/builder/Factory/paperloft/build/DerivedData/Build/Products/Debug/PaperloftKit.swiftmodule/Project/arm64-apple-macos.swiftsourceinfo

ProcessProductPackaging /Users/builder/Factory/paperloft/Apps/PaperloftApp/Paperloft.entitlements /Users/builder/Factory/paperloft/build/DerivedData/Build/Intermediates.noindex/Paperloft.build/Debug/PaperloftApp.build/Paperloft\ Receipts.app.xcent (in target 'PaperloftApp' from project 'Paperloft')
    cd /Users/builder/Factory/paperloft
    
    Entitlements:
    
    {
    "com.apple.security.app-sandbox" = 1;
    "com.apple.security.files.bookmarks.app-scope" = 1;
    "com.apple.security.files.user-selected.read-write" = 1;
    "com.apple.security.get-task-allow" = 1;
}
    
    builtin-productPackagingUtility /Users/builder/Factory/paperloft/Apps/PaperloftApp/Paperloft.entitlements -entitlements -format xml -o /Users/builder/Factory/paperloft/build/DerivedData/Build/Intermediates.noindex/Paperloft.build/Debug/PaperloftApp.build/Paperloft\ Receipts.app.xcent

SwiftDriver PaperloftKitTests normal arm64 com.apple.xcode.tools.swift.compiler (in target 'PaperloftKitTests' from project 'Paperloft')
    cd /Users/builder/Factory/paperloft
    builtin-SwiftDriver -- /Applications/Xcode.app/Contents/Developer/Toolchains/XcodeDefault.xctoolchain/usr/bin/swiftc -module-name PaperloftKitTests -Onone @/Users/builder/Factory/paperloft/build/DerivedData/Build/Intermediates.noindex/Paperloft.build/Debug/PaperloftKitTests.build/Objects-normal/arm64/PaperloftKitTests.SwiftFileList -plugin-path /Applications/Xcode.app/Contents/Developer/Toolchains/XcodeDefault.xctoolchain/usr/lib/swift/host/plugins/testing -enable-experimental-feature DebugDescriptionMacro -sdk /Applications/Xcode.app/Contents/Developer/Platforms/MacOSX.platform/Developer/SDKs/MacOSX27.0.sdk -target arm64-apple-macos27.0 -g -module-cache-path /Users/builder/Factory/paperloft/build/DerivedData/ModuleCache.noindex -Xfrontend -serialize-debugging-options -profile-coverage-mapping -profile-generate -enable-testing -warnings-as-errors -index-store-path /Users/builder/Factory/paperloft/build/DerivedData/Index.noindex/DataStore -swift-version 6 -I /Users/builder/Factory/paperloft/build/DerivedData/Build/Products/Debug -Isystem /Applications/Xcode.app/Contents/Developer/Platforms/MacOSX.platform/Developer/usr/lib -F /Users/builder/Factory/paperloft/build/DerivedData/Build/Products/Debug/PackageFrameworks -F /Users/builder/Factory/paperloft/build/DerivedData/Build/Products/Debug -F /Applications/Xcode.app/Contents/Developer/Platforms/MacOSX.platform/Developer/Library/Frameworks -parse-as-library -c -j10 -enable-batch-mode -incremental -Xcc -ivfsstatcache -Xcc /Users/builder/Factory/paperloft/build/DerivedData/SDKStatCaches.noindex/macosx27.0-26A425-7231f6df4def33e022ae2eb8f782df1a.sdkstatcache -output-file-map /Users/builder/Factory/paperloft/build/DerivedData/Build/Intermediates.noindex/Paperloft.build/Debug/PaperloftKitTests.build/Objects-normal/arm64/PaperloftKitTests-OutputFileMap.json -save-temps -no-color-diagnostics -explicit-module-build -module-cache-path /Users/builder/Factory/paperloft/build/DerivedData/Build/Intermediates.noindex/SwiftExplicitPrecompiledModules -clang-scanner-module-cache-path /Users/builder/Factory/paperloft/build/DerivedData/ModuleCache.noindex -sdk-module-cache-path /Users/builder/Factory/paperloft/build/DerivedData/SDKExplicitPrecompiledModules -emit-dependencies -emit-module -emit-module-path /Users/builder/Factory/paperloft/build/DerivedData/Build/Intermediates.noindex/Paperloft.build/Debug/PaperloftKitTests.build/Objects-normal/arm64/PaperloftKitTests.swiftmodule -serialize-diagnostics -dependency-scan-serialize-diagnostics-path /Users/builder/Factory/paperloft/build/DerivedData/Build/Intermediates.noindex/Paperloft.build/Debug/PaperloftKitTests.build/Objects-normal/arm64/PaperloftKitTests-dependency-scan.dia -validate-clang-modules-once -clang-build-session-file /Users/builder/Factory/paperloft/build/DerivedData/ModuleCache.noindex/Session.modulevalidation -Xcc -fmodules-prune-interval\=86400 -Xcc -fmodules-prune-after\=345600 -emit-const-values -const-gather-protocols-list /Users/builder/Factory/paperloft/build/DerivedData/Build/Intermediates.noindex/Paperloft.build/Debug/PaperloftKitTests.build/Objects-normal/arm64/PaperloftKitTests_const_extract_protocols.json -Xcc -iquote -Xcc /Users/builder/Factory/paperloft/build/DerivedData/Build/Intermediates.noindex/Paperloft.build/Debug/PaperloftKitTests.build/PaperloftKitTests-generated-files.hmap -Xcc -I/Users/builder/Factory/paperloft/build/DerivedData/Build/Intermediates.noindex/Paperloft.build/Debug/PaperloftKitTests.build/PaperloftKitTests-own-target-headers.hmap -Xcc -I/Users/builder/Factory/paperloft/build/DerivedData/Build/Intermediates.noindex/Paperloft.build/Debug/PaperloftKitTests.build/PaperloftKitTests-all-non-framework-target-headers.hmap -Xcc -ivfsoverlay -Xcc /Users/builder/Factory/paperloft/build/DerivedData/Build/Intermediates.noindex/Paperloft.build/Debug/Paperloft-b93ddc6bcd4d234a5473ab01ad3589c4-VFS/all-product-headers.yaml -Xcc -iquote -Xcc /Users/builder/Factory/paperloft/build/DerivedData/Build/Intermediates.noindex/Paperloft.build/Debug/PaperloftKitTests.build/PaperloftKitTests-project-headers.hmap -Xcc -I/Users/builder/Factory/paperloft/build/DerivedData/Build/Products/Debug/include -Xcc -I/Users/builder/Factory/paperloft/build/DerivedData/Build/Intermediates.noindex/Paperloft.build/Debug/PaperloftKitTests.build/DerivedSources-normal/arm64 -Xcc -I/Users/builder/Factory/paperloft/build/DerivedData/Build/Intermediates.noindex/Paperloft.build/Debug/PaperloftKitTests.build/DerivedSources/arm64 -Xcc -I/Users/builder/Factory/paperloft/build/DerivedData/Build/Intermediates.noindex/Paperloft.build/Debug/PaperloftKitTests.build/DerivedSources -emit-objc-header -emit-objc-header-path /Users/builder/Factory/paperloft/build/DerivedData/Build/Intermediates.noindex/Paperloft.build/Debug/PaperloftKitTests.build/Objects-normal/arm64/PaperloftKitTests-Swift.h -working-directory /Users/builder/Factory/paperloft -experimental-emit-module-separately -disable-cmo

ProcessProductPackagingDER /Users/builder/Factory/paperloft/build/DerivedData/Build/Intermediates.noindex/Paperloft.build/Debug/PaperloftApp.build/Paperloft\ Receipts.app.xcent /Users/builder/Factory/paperloft/build/DerivedData/Build/Intermediates.noindex/Paperloft.build/Debug/PaperloftApp.build/Paperloft\ Receipts.app.xcent.der (in target 'PaperloftApp' from project 'Paperloft')
    cd /Users/builder/Factory/paperloft
    /usr/bin/derq query -f xml -i /Users/builder/Factory/paperloft/build/DerivedData/Build/Intermediates.noindex/Paperloft.build/Debug/PaperloftApp.build/Paperloft\ Receipts.app.xcent -o /Users/builder/Factory/paperloft/build/DerivedData/Build/Intermediates.noindex/Paperloft.build/Debug/PaperloftApp.build/Paperloft\ Receipts.app.xcent.der --raw

SwiftDriver PaperloftApp normal arm64 com.apple.xcode.tools.swift.compiler (in target 'PaperloftApp' from project 'Paperloft')
    cd /Users/builder/Factory/paperloft
    builtin-SwiftDriver -- /Applications/Xcode.app/Contents/Developer/Toolchains/XcodeDefault.xctoolchain/usr/bin/swiftc -module-name Paperloft_Receipts -Onone @/Users/builder/Factory/paperloft/build/DerivedData/Build/Intermediates.noindex/Paperloft.build/Debug/PaperloftApp.build/Objects-normal/arm64/Paperloft\ Receipts.SwiftFileList -enable-experimental-feature DebugDescriptionMacro -sdk /Applications/Xcode.app/Contents/Developer/Platforms/MacOSX.platform/Developer/SDKs/MacOSX27.0.sdk -target arm64-apple-macos27.0 -g -module-cache-path /Users/builder/Factory/paperloft/build/DerivedData/ModuleCache.noindex -Xfrontend -serialize-debugging-options -profile-coverage-mapping -profile-generate -enable-testing -warnings-as-errors -index-store-path /Users/builder/Factory/paperloft/build/DerivedData/Index.noindex/DataStore -swift-version 6 -I /Users/builder/Factory/paperloft/build/DerivedData/Build/Products/Debug -F /Users/builder/Factory/paperloft/build/DerivedData/Build/Products/Debug/PackageFrameworks -F /Users/builder/Factory/paperloft/build/DerivedData/Build/Products/Debug -parse-as-library -c -j10 -enable-batch-mode -incremental -Xcc -ivfsstatcache -Xcc /Users/builder/Factory/paperloft/build/DerivedData/SDKStatCaches.noindex/macosx27.0-26A425-7231f6df4def33e022ae2eb8f782df1a.sdkstatcache -output-file-map /Users/builder/Factory/paperloft/build/DerivedData/Build/Intermediates.noindex/Paperloft.build/Debug/PaperloftApp.build/Objects-normal/arm64/PaperloftApp-OutputFileMap.json -save-temps -no-color-diagnostics -explicit-module-build -module-cache-path /Users/builder/Factory/paperloft/build/DerivedData/Build/Intermediates.noindex/SwiftExplicitPrecompiledModules -clang-scanner-module-cache-path /Users/builder/Factory/paperloft/build/DerivedData/ModuleCache.noindex -sdk-module-cache-path /Users/builder/Factory/paperloft/build/DerivedData/SDKExplicitPrecompiledModules -emit-dependencies -emit-module -emit-module-path /Users/builder/Factory/paperloft/build/DerivedData/Build/Intermediates.noindex/Paperloft.build/Debug/PaperloftApp.build/Objects-normal/arm64/Paperloft_Receipts.swiftmodule -serialize-diagnostics -dependency-scan-serialize-diagnostics-path /Users/builder/Factory/paperloft/build/DerivedData/Build/Intermediates.noindex/Paperloft.build/Debug/PaperloftApp.build/Objects-normal/arm64/Paperloft_Receipts-dependency-scan.dia -validate-clang-modules-once -clang-build-session-file /Users/builder/Factory/paperloft/build/DerivedData/ModuleCache.noindex/Session.modulevalidation -Xcc -fmodules-prune-interval\=86400 -Xcc -fmodules-prune-after\=345600 -emit-const-values -const-gather-protocols-list /Users/builder/Factory/paperloft/build/DerivedData/Build/Intermediates.noindex/Paperloft.build/Debug/PaperloftApp.build/Objects-normal/arm64/PaperloftApp_const_extract_protocols.json -Xcc -iquote -Xcc /Users/builder/Factory/paperloft/build/DerivedData/Build/Intermediates.noindex/Paperloft.build/Debug/PaperloftApp.build/Paperloft\ Receipts-generated-files.hmap -Xcc -I/Users/builder/Factory/paperloft/build/DerivedData/Build/Intermediates.noindex/Paperloft.build/Debug/PaperloftApp.build/Paperloft\ Receipts-own-target-headers.hmap -Xcc -I/Users/builder/Factory/paperloft/build/DerivedData/Build/Intermediates.noindex/Paperloft.build/Debug/PaperloftApp.build/Paperloft\ Receipts-all-non-framework-target-headers.hmap -Xcc -ivfsoverlay -Xcc /Users/builder/Factory/paperloft/build/DerivedData/Build/Intermediates.noindex/Paperloft.build/Debug/Paperloft-b93ddc6bcd4d234a5473ab01ad3589c4-VFS/all-product-headers.yaml -Xcc -iquote -Xcc /Users/builder/Factory/paperloft/build/DerivedData/Build/Intermediates.noindex/Paperloft.build/Debug/PaperloftApp.build/Paperloft\ Receipts-project-headers.hmap -Xcc -I/Users/builder/Factory/paperloft/build/DerivedData/Build/Products/Debug/include -Xcc -I/Users/builder/Factory/paperloft/build/DerivedData/Build/Intermediates.noindex/Paperloft.build/Debug/PaperloftApp.build/DerivedSources-normal/arm64 -Xcc -I/Users/builder/Factory/paperloft/build/DerivedData/Build/Intermediates.noindex/Paperloft.build/Debug/PaperloftApp.build/DerivedSources/arm64 -Xcc -I/Users/builder/Factory/paperloft/build/DerivedData/Build/Intermediates.noindex/Paperloft.build/Debug/PaperloftApp.build/DerivedSources -emit-objc-header -emit-objc-header-path /Users/builder/Factory/paperloft/build/DerivedData/Build/Intermediates.noindex/Paperloft.build/Debug/PaperloftApp.build/Objects-normal/arm64/Paperloft_Receipts-Swift.h -working-directory /Users/builder/Factory/paperloft -experimental-emit-module-separately -disable-cmo

SwiftDriverJobDiscovery normal arm64 Compiling Receipt.swift (in target 'PaperloftKit' from project 'PaperloftKit')

SwiftDriver\ Compilation PaperloftKit normal arm64 com.apple.xcode.tools.swift.compiler (in target 'PaperloftKit' from project 'PaperloftKit')
    cd /Users/builder/Factory/paperloft/Paperloft.xcodeproj
    builtin-Swift-Compilation -- /Applications/Xcode.app/Contents/Developer/Toolchains/XcodeDefault.xctoolchain/usr/bin/swiftc -parse-as-library -module-name PaperloftKit -Onone @/Users/builder/Factory/paperloft/build/DerivedData/Build/Intermediates.noindex/PaperloftKit.build/Debug/PaperloftKit-t.build/Objects-normal/arm64/PaperloftKit.SwiftFileList -DSWIFT_PACKAGE -DDEBUG -DSWIFT_MODULE_RESOURCE_BUNDLE_UNAVAILABLE -DXcode -plugin-path /Applications/Xcode.app/Contents/Developer/Toolchains/XcodeDefault.xctoolchain/usr/lib/swift/host/plugins/testing -enable-experimental-feature DebugDescriptionMacro -sdk /Applications/Xcode.app/Contents/Developer/Platforms/MacOSX.platform/Developer/SDKs/MacOSX27.0.sdk -target arm64-apple-macos27.0 -g -module-cache-path /Users/builder/Factory/paperloft/build/DerivedData/ModuleCache.noindex -Xfrontend -serialize-debugging-options -profile-coverage-mapping -profile-generate -enable-testing -warnings-as-errors -index-store-path /Users/builder/Factory/paperloft/build/DerivedData/Index.noindex/DataStore -Xcc -D_LIBCPP_HARDENING_MODE\=_LIBCPP_HARDENING_MODE_DEBUG -swift-version 6 -I /Users/builder/Factory/paperloft/build/DerivedData/Build/Products/Debug -Isystem /Applications/Xcode.app/Contents/Developer/Platforms/MacOSX.platform/Developer/usr/lib -F /Users/builder/Factory/paperloft/build/DerivedData/Build/Products/Debug -F /Applications/Xcode.app/Contents/Developer/Platforms/MacOSX.platform/Developer/Library/Frameworks -c -j10 -enable-batch-mode -incremental -Xcc -ivfsstatcache -Xcc /Users/builder/Factory/paperloft/build/DerivedData/SDKStatCaches.noindex/macosx27.0-26A425-7231f6df4def33e022ae2eb8f782df1a.sdkstatcache -output-file-map /Users/builder/Factory/paperloft/build/DerivedData/Build/Intermediates.noindex/PaperloftKit.build/Debug/PaperloftKit-t.build/Objects-normal/arm64/PaperloftKit-OutputFileMap.json -save-temps -no-color-diagnostics -explicit-module-build -module-cache-path /Users/builder/Factory/paperloft/build/DerivedData/Build/Intermediates.noindex/SwiftExplicitPrecompiledModules -clang-scanner-module-cache-path /Users/builder/Factory/paperloft/build/DerivedData/ModuleCache.noindex -sdk-module-cache-path /Users/builder/Factory/paperloft/build/DerivedData/SDKExplicitPrecompiledModules -emit-dependencies -emit-module -emit-module-path /Users/builder/Factory/paperloft/build/DerivedData/Build/Intermediates.noindex/PaperloftKit.build/Debug/PaperloftKit-t.build/Objects-normal/arm64/PaperloftKit.swiftmodule -serialize-diagnostics -dependency-scan-serialize-diagnostics-path /Users/builder/Factory/paperloft/build/DerivedData/Build/Intermediates.noindex/PaperloftKit.build/Debug/PaperloftKit-t.build/Objects-normal/arm64/PaperloftKit-dependency-scan.dia -validate-clang-modules-once -clang-build-session-file /Users/builder/Factory/paperloft/build/DerivedData/ModuleCache.noindex/Session.modulevalidation -Xcc -fmodules-prune-interval\=86400 -Xcc -fmodules-prune-after\=345600 -package-name paperloftkit -emit-const-values -const-gather-protocols-list /Users/builder/Factory/paperloft/build/DerivedData/Build/Intermediates.noindex/PaperloftKit.build/Debug/PaperloftKit-t.build/Objects-normal/arm64/PaperloftKit_const_extract_protocols.json -Xcc -I/Users/builder/Factory/paperloft/build/DerivedData/Build/Products/Debug/include -Xcc -I/Users/builder/Factory/paperloft/build/DerivedData/Build/Intermediates.noindex/PaperloftKit.build/Debug/PaperloftKit-t.build/DerivedSources-normal/arm64 -Xcc -I/Users/builder/Factory/paperloft/build/DerivedData/Build/Intermediates.noindex/PaperloftKit.build/Debug/PaperloftKit-t.build/DerivedSources/arm64 -Xcc -I/Users/builder/Factory/paperloft/build/DerivedData/Build/Intermediates.noindex/PaperloftKit.build/Debug/PaperloftKit-t.build/DerivedSources -Xcc -DSWIFT_PACKAGE -Xcc -DDEBUG\=1 -emit-objc-header -emit-objc-header-path /Users/builder/Factory/paperloft/build/DerivedData/Build/Intermediates.noindex/PaperloftKit.build/Debug/PaperloftKit-t.build/Objects-normal/arm64/PaperloftKit-Swift.h -working-directory /Users/builder/Factory/paperloft/Paperloft.xcodeproj -experimental-emit-module-separately -disable-cmo

Ld /Users/builder/Factory/paperloft/build/DerivedData/Build/Products/Debug/PaperloftKit.o normal (in target 'PaperloftKit' from project 'PaperloftKit')
    cd /Users/builder/Factory/paperloft/Packages/PaperloftKit
    /Applications/Xcode.app/Contents/Developer/Toolchains/XcodeDefault.xctoolchain/usr/bin/clang -Xlinker -reproducible -target arm64-apple-macos27.0 -r -isysroot /Applications/Xcode.app/Contents/Developer/Platforms/MacOSX.platform/Developer/SDKs/MacOSX27.0.sdk -O0 -Xlinker -no_warn_duplicate_libraries -F/Users/builder/Factory/paperloft/build/DerivedData/Build/Intermediates.noindex/EagerLinkingTBDs/Debug -F/Users/builder/Factory/paperloft/build/DerivedData/Build/Products/Debug -iframework /Applications/Xcode.app/Contents/Developer/Platforms/MacOSX.platform/Developer/Library/Frameworks -filelist /Users/builder/Factory/paperloft/build/DerivedData/Build/Intermediates.noindex/PaperloftKit.build/Debug/PaperloftKit-t.build/Objects-normal/arm64/PaperloftKit.LinkFileList -nostdlib -Xlinker -object_path_lto -Xlinker /Users/builder/Factory/paperloft/build/DerivedData/Build/Intermediates.noindex/PaperloftKit.build/Debug/PaperloftKit-t.build/Objects-normal/arm64/PaperloftKit_lto.o -Xlinker -no_deduplicate -Xlinker -debug_variant -Xlinker -dependency_info -Xlinker /Users/builder/Factory/paperloft/build/DerivedData/Build/Intermediates.noindex/PaperloftKit.build/Debug/PaperloftKit-t.build/Objects-normal/arm64/PaperloftKit_dependency_info.dat -fobjc-link-runtime -L/Applications/Xcode.app/Contents/Developer/Toolchains/XcodeDefault.xctoolchain/usr/lib/swift/macosx -L/usr/lib/swift -Xlinker -add_ast_path -Xlinker /Users/builder/Factory/paperloft/build/DerivedData/Build/Intermediates.noindex/PaperloftKit.build/Debug/PaperloftKit-t.build/Objects-normal/arm64/PaperloftKit.swiftmodule -o /Users/builder/Factory/paperloft/build/DerivedData/Build/Products/Debug/PaperloftKit.o

SwiftExplicitDependencyCompileModuleFromInterface arm64 /Users/builder/Factory/paperloft/build/DerivedData/Build/Intermediates.noindex/SwiftExplicitPrecompiledModules/Testing-XJ0EZY61BFQ9.swiftmodule

ExtractAppIntentsMetadata (in target 'PaperloftKit' from project 'PaperloftKit')
    cd /Users/builder/Factory/paperloft/Packages/PaperloftKit
    /Applications/Xcode.app/Contents/Developer/Toolchains/XcodeDefault.xctoolchain/usr/bin/appintentsmetadataprocessor --toolchain-dir /Applications/Xcode.app/Contents/Developer/Toolchains/XcodeDefault.xctoolchain --module-name PaperloftKit --sdk-root /Applications/Xcode.app/Contents/Developer/Platforms/MacOSX.platform/Developer/SDKs/MacOSX27.0.sdk --xcode-version 27A266a --platform-family macOS --deployment-target 27.0 --bundle-identifier paperloftkit.PaperloftKit --output /Users/builder/Factory/paperloft/build/DerivedData/Build/Products/Debug/PaperloftKit.appintents --target-triple arm64-apple-macos27.0 --binary-file /Users/builder/Factory/paperloft/build/DerivedData/Build/Products/Debug/PaperloftKit.o --dependency-file /Users/builder/Factory/paperloft/build/DerivedData/Build/Intermediates.noindex/PaperloftKit.build/Debug/PaperloftKit-t.build/Objects-normal/arm64/PaperloftKit_dependency_info.dat --stringsdata-file /Users/builder/Factory/paperloft/build/DerivedData/Build/Intermediates.noindex/PaperloftKit.build/Debug/PaperloftKit-t.build/Objects-normal/arm64/ExtractedAppShortcutsMetadata.stringsdata --source-file-list /Users/builder/Factory/paperloft/build/DerivedData/Build/Intermediates.noindex/PaperloftKit.build/Debug/PaperloftKit-t.build/Objects-normal/arm64/PaperloftKit.SwiftFileList --metadata-file-list /Users/builder/Factory/paperloft/build/DerivedData/Build/Intermediates.noindex/PaperloftKit.build/Debug/PaperloftKit-t.build/PaperloftKit.DependencyMetadataFileList --static-metadata-file-list /Users/builder/Factory/paperloft/build/DerivedData/Build/Intermediates.noindex/PaperloftKit.build/Debug/PaperloftKit-t.build/PaperloftKit.DependencyStaticMetadataFileList --swift-const-vals-list /Users/builder/Factory/paperloft/build/DerivedData/Build/Intermediates.noindex/PaperloftKit.build/Debug/PaperloftKit-t.build/Objects-normal/arm64/PaperloftKit.SwiftConstValuesFileList --force --compile-time-extraction --deployment-aware-processing --no-app-shortcuts-localization
2026-09-26 19:29:15.786 appintentsmetadataprocessor[70363:522467] Starting appintentsmetadataprocessor export
2026-09-26 19:29:15.838 appintentsmetadataprocessor[70363:522467] Extracted no relevant App Intents symbols, skipping writing output

SwiftEmitModule normal arm64 Emitting\ module\ for\ Paperloft_Receipts (in target 'PaperloftApp' from project 'Paperloft')

SwiftCompile normal arm64 (in target 'PaperloftApp' from project 'Paperloft')
    cd /Users/builder/Factory/paperloft
    

SwiftCompile normal arm64 Compiling\ PaperloftApp.swift /Users/builder/Factory/paperloft/Apps/PaperloftApp/PaperloftApp.swift (in target 'PaperloftApp' from project 'Paperloft')

SwiftCompile normal arm64 /Users/builder/Factory/paperloft/Apps/PaperloftApp/PaperloftApp.swift (in target 'PaperloftApp' from project 'Paperloft')
    cd /Users/builder/Factory/paperloft
    builtin-SwiftPerFileCompile PaperloftApp.swift

ProcessInfoPlistFile /Users/builder/Factory/paperloft/build/DerivedData/Build/Products/Debug/PaperloftKitTests.xctest/Contents/Info.plist /Users/builder/Factory/paperloft/build/DerivedData/Build/Intermediates.noindex/Paperloft.build/Debug/PaperloftKitTests.build/empty-PaperloftKitTests.plist (in target 'PaperloftKitTests' from project 'Paperloft')
    cd /Users/builder/Factory/paperloft
    builtin-infoPlistUtility /Users/builder/Factory/paperloft/build/DerivedData/Build/Intermediates.noindex/Paperloft.build/Debug/PaperloftKitTests.build/empty-PaperloftKitTests.plist -producttype com.apple.product-type.bundle.unit-test -expandbuildsettings -platform macosx -o /Users/builder/Factory/paperloft/build/DerivedData/Build/Products/Debug/PaperloftKitTests.xctest/Contents/Info.plist

ProcessInfoPlistFile /Users/builder/Factory/paperloft/build/DerivedData/Build/Products/Debug/Paperloft\ Receipts.app/Contents/Info.plist /Users/builder/Factory/paperloft/build/DerivedData/Build/Intermediates.noindex/Paperloft.build/Debug/PaperloftApp.build/empty-Paperloft\ Receipts.plist (in target 'PaperloftApp' from project 'Paperloft')
    cd /Users/builder/Factory/paperloft
    builtin-infoPlistUtility /Users/builder/Factory/paperloft/build/DerivedData/Build/Intermediates.noindex/Paperloft.build/Debug/PaperloftApp.build/empty-Paperloft\ Receipts.plist -producttype com.apple.product-type.application -genpkginfo /Users/builder/Factory/paperloft/build/DerivedData/Build/Products/Debug/Paperloft\ Receipts.app/Contents/PkgInfo -expandbuildsettings -platform macosx -o /Users/builder/Factory/paperloft/build/DerivedData/Build/Products/Debug/Paperloft\ Receipts.app/Contents/Info.plist

Ld /Users/builder/Factory/paperloft/build/DerivedData/Build/Products/Debug/Paperloft\ Receipts.app/Contents/MacOS/__preview.dylib normal (in target 'PaperloftApp' from project 'Paperloft')
    cd /Users/builder/Factory/paperloft
    /Applications/Xcode.app/Contents/Developer/Toolchains/XcodeDefault.xctoolchain/usr/bin/clang -Xlinker -reproducible -target arm64-apple-macos27.0 -dynamiclib -isysroot /Applications/Xcode.app/Contents/Developer/Platforms/MacOSX.platform/Developer/SDKs/MacOSX27.0.sdk -Os -Xlinker -no_warn_duplicate_libraries -L/Users/builder/Factory/paperloft/build/DerivedData/Build/Products/Debug -F/Users/builder/Factory/paperloft/build/DerivedData/Build/Products/Debug/PackageFrameworks -F/Users/builder/Factory/paperloft/build/DerivedData/Build/Products/Debug -install_name @rpath/Paperloft\ Receipts.debug.dylib -rdynamic -Xlinker -debug_variant -Xlinker -dependency_info -Xlinker /Users/builder/Factory/paperloft/build/DerivedData/Build/Intermediates.noindex/Paperloft.build/Debug/PaperloftApp.build/Objects-normal/arm64/Paperloft\ Receipts_dependency_info.dat -Xlinker -no_adhoc_codesign -o /Users/builder/Factory/paperloft/build/DerivedData/Build/Products/Debug/Paperloft\ Receipts.app/Contents/MacOS/__preview.dylib

CpResource /Users/builder/Factory/paperloft/build/DerivedData/Build/Products/Debug/Paperloft\ Receipts.app/Contents/Resources/PrivacyInfo.xcprivacy /Users/builder/Factory/paperloft/Apps/PaperloftApp/PrivacyInfo.xcprivacy (in target 'PaperloftApp' from project 'Paperloft')
    cd /Users/builder/Factory/paperloft
    builtin-copy -exclude .DS_Store -exclude CVS -exclude .svn -exclude .git -exclude .hg -strip-unsigned-binaries -strip-deterministic -strip-tool /Applications/Xcode.app/Contents/Developer/Toolchains/XcodeDefault.xctoolchain/usr/bin/strip -resolve-src-symlinks /Users/builder/Factory/paperloft/Apps/PaperloftApp/PrivacyInfo.xcprivacy /Users/builder/Factory/paperloft/build/DerivedData/Build/Products/Debug/Paperloft\ Receipts.app/Contents/Resources

SwiftDriverJobDiscovery normal arm64 Emitting module for Paperloft_Receipts (in target 'PaperloftApp' from project 'Paperloft')

SwiftDriver\ Compilation\ Requirements PaperloftApp normal arm64 com.apple.xcode.tools.swift.compiler (in target 'PaperloftApp' from project 'Paperloft')
    cd /Users/builder/Factory/paperloft
    builtin-Swift-Compilation-Requirements -- /Applications/Xcode.app/Contents/Developer/Toolchains/XcodeDefault.xctoolchain/usr/bin/swiftc -module-name Paperloft_Receipts -Onone @/Users/builder/Factory/paperloft/build/DerivedData/Build/Intermediates.noindex/Paperloft.build/Debug/PaperloftApp.build/Objects-normal/arm64/Paperloft\ Receipts.SwiftFileList -enable-experimental-feature DebugDescriptionMacro -sdk /Applications/Xcode.app/Contents/Developer/Platforms/MacOSX.platform/Developer/SDKs/MacOSX27.0.sdk -target arm64-apple-macos27.0 -g -module-cache-path /Users/builder/Factory/paperloft/build/DerivedData/ModuleCache.noindex -Xfrontend -serialize-debugging-options -profile-coverage-mapping -profile-generate -enable-testing -warnings-as-errors -index-store-path /Users/builder/Factory/paperloft/build/DerivedData/Index.noindex/DataStore -swift-version 6 -I /Users/builder/Factory/paperloft/build/DerivedData/Build/Products/Debug -F /Users/builder/Factory/paperloft/build/DerivedData/Build/Products/Debug/PackageFrameworks -F /Users/builder/Factory/paperloft/build/DerivedData/Build/Products/Debug -parse-as-library -c -j10 -enable-batch-mode -incremental -Xcc -ivfsstatcache -Xcc /Users/builder/Factory/paperloft/build/DerivedData/SDKStatCaches.noindex/macosx27.0-26A425-7231f6df4def33e022ae2eb8f782df1a.sdkstatcache -output-file-map /Users/builder/Factory/paperloft/build/DerivedData/Build/Intermediates.noindex/Paperloft.build/Debug/PaperloftApp.build/Objects-normal/arm64/PaperloftApp-OutputFileMap.json -save-temps -no-color-diagnostics -explicit-module-build -module-cache-path /Users/builder/Factory/paperloft/build/DerivedData/Build/Intermediates.noindex/SwiftExplicitPrecompiledModules -clang-scanner-module-cache-path /Users/builder/Factory/paperloft/build/DerivedData/ModuleCache.noindex -sdk-module-cache-path /Users/builder/Factory/paperloft/build/DerivedData/SDKExplicitPrecompiledModules -emit-dependencies -emit-module -emit-module-path /Users/builder/Factory/paperloft/build/DerivedData/Build/Intermediates.noindex/Paperloft.build/Debug/PaperloftApp.build/Objects-normal/arm64/Paperloft_Receipts.swiftmodule -serialize-diagnostics -dependency-scan-serialize-diagnostics-path /Users/builder/Factory/paperloft/build/DerivedData/Build/Intermediates.noindex/Paperloft.build/Debug/PaperloftApp.build/Objects-normal/arm64/Paperloft_Receipts-dependency-scan.dia -validate-clang-modules-once -clang-build-session-file /Users/builder/Factory/paperloft/build/DerivedData/ModuleCache.noindex/Session.modulevalidation -Xcc -fmodules-prune-interval\=86400 -Xcc -fmodules-prune-after\=345600 -emit-const-values -const-gather-protocols-list /Users/builder/Factory/paperloft/build/DerivedData/Build/Intermediates.noindex/Paperloft.build/Debug/PaperloftApp.build/Objects-normal/arm64/PaperloftApp_const_extract_protocols.json -Xcc -iquote -Xcc /Users/builder/Factory/paperloft/build/DerivedData/Build/Intermediates.noindex/Paperloft.build/Debug/PaperloftApp.build/Paperloft\ Receipts-generated-files.hmap -Xcc -I/Users/builder/Factory/paperloft/build/DerivedData/Build/Intermediates.noindex/Paperloft.build/Debug/PaperloftApp.build/Paperloft\ Receipts-own-target-headers.hmap -Xcc -I/Users/builder/Factory/paperloft/build/DerivedData/Build/Intermediates.noindex/Paperloft.build/Debug/PaperloftApp.build/Paperloft\ Receipts-all-non-framework-target-headers.hmap -Xcc -ivfsoverlay -Xcc /Users/builder/Factory/paperloft/build/DerivedData/Build/Intermediates.noindex/Paperloft.build/Debug/Paperloft-b93ddc6bcd4d234a5473ab01ad3589c4-VFS/all-product-headers.yaml -Xcc -iquote -Xcc /Users/builder/Factory/paperloft/build/DerivedData/Build/Intermediates.noindex/Paperloft.build/Debug/PaperloftApp.build/Paperloft\ Receipts-project-headers.hmap -Xcc -I/Users/builder/Factory/paperloft/build/DerivedData/Build/Products/Debug/include -Xcc -I/Users/builder/Factory/paperloft/build/DerivedData/Build/Intermediates.noindex/Paperloft.build/Debug/PaperloftApp.build/DerivedSources-normal/arm64 -Xcc -I/Users/builder/Factory/paperloft/build/DerivedData/Build/Intermediates.noindex/Paperloft.build/Debug/PaperloftApp.build/DerivedSources/arm64 -Xcc -I/Users/builder/Factory/paperloft/build/DerivedData/Build/Intermediates.noindex/Paperloft.build/Debug/PaperloftApp.build/DerivedSources -emit-objc-header -emit-objc-header-path /Users/builder/Factory/paperloft/build/DerivedData/Build/Intermediates.noindex/Paperloft.build/Debug/PaperloftApp.build/Objects-normal/arm64/Paperloft_Receipts-Swift.h -working-directory /Users/builder/Factory/paperloft -experimental-emit-module-separately -disable-cmo

SwiftExplicitDependencyCompileModuleFromInterface arm64 /Users/builder/Factory/paperloft/build/DerivedData/Build/Intermediates.noindex/SwiftExplicitPrecompiledModules/_Testing_Foundation-3B21CDGHDFQIM.swiftmodule

SwiftMergeGeneratedHeaders /Users/builder/Factory/paperloft/build/DerivedData/Build/Intermediates.noindex/Paperloft.build/Debug/PaperloftApp.build/DerivedSources/Paperloft_Receipts-Swift.h /Users/builder/Factory/paperloft/build/DerivedData/Build/Intermediates.noindex/Paperloft.build/Debug/PaperloftApp.build/Objects-normal/arm64/Paperloft_Receipts-Swift.h (in target 'PaperloftApp' from project 'Paperloft')
    cd /Users/builder/Factory/paperloft
    builtin-swiftHeaderTool -arch arm64 /Users/builder/Factory/paperloft/build/DerivedData/Build/Intermediates.noindex/Paperloft.build/Debug/PaperloftApp.build/Objects-normal/arm64/Paperloft_Receipts-Swift.h -o /Users/builder/Factory/paperloft/build/DerivedData/Build/Intermediates.noindex/Paperloft.build/Debug/PaperloftApp.build/DerivedSources/Paperloft_Receipts-Swift.h

Copy /Users/builder/Factory/paperloft/build/DerivedData/Build/Products/Debug/Paperloft_Receipts.swiftmodule/arm64-apple-macos.swiftmodule /Users/builder/Factory/paperloft/build/DerivedData/Build/Intermediates.noindex/Paperloft.build/Debug/PaperloftApp.build/Objects-normal/arm64/Paperloft_Receipts.swiftmodule (in target 'PaperloftApp' from project 'Paperloft')
    cd /Users/builder/Factory/paperloft
    builtin-copy -exclude .DS_Store -exclude CVS -exclude .svn -exclude .git -exclude .hg -strip-unsigned-binaries -strip-deterministic -strip-tool /Applications/Xcode.app/Contents/Developer/Toolchains/XcodeDefault.xctoolchain/usr/bin/strip -resolve-src-symlinks -rename /Users/builder/Factory/paperloft/build/DerivedData/Build/Intermediates.noindex/Paperloft.build/Debug/PaperloftApp.build/Objects-normal/arm64/Paperloft_Receipts.swiftmodule /Users/builder/Factory/paperloft/build/DerivedData/Build/Products/Debug/Paperloft_Receipts.swiftmodule/arm64-apple-macos.swiftmodule

Copy /Users/builder/Factory/paperloft/build/DerivedData/Build/Products/Debug/Paperloft_Receipts.swiftmodule/arm64-apple-macos.abi.json /Users/builder/Factory/paperloft/build/DerivedData/Build/Intermediates.noindex/Paperloft.build/Debug/PaperloftApp.build/Objects-normal/arm64/Paperloft_Receipts.abi.json (in target 'PaperloftApp' from project 'Paperloft')
    cd /Users/builder/Factory/paperloft
    builtin-copy -exclude .DS_Store -exclude CVS -exclude .svn -exclude .git -exclude .hg -strip-unsigned-binaries -strip-deterministic -strip-tool /Applications/Xcode.app/Contents/Developer/Toolchains/XcodeDefault.xctoolchain/usr/bin/strip -resolve-src-symlinks -rename /Users/builder/Factory/paperloft/build/DerivedData/Build/Intermediates.noindex/Paperloft.build/Debug/PaperloftApp.build/Objects-normal/arm64/Paperloft_Receipts.abi.json /Users/builder/Factory/paperloft/build/DerivedData/Build/Products/Debug/Paperloft_Receipts.swiftmodule/arm64-apple-macos.abi.json

Copy /Users/builder/Factory/paperloft/build/DerivedData/Build/Products/Debug/Paperloft_Receipts.swiftmodule/arm64-apple-macos.swiftdoc /Users/builder/Factory/paperloft/build/DerivedData/Build/Intermediates.noindex/Paperloft.build/Debug/PaperloftApp.build/Objects-normal/arm64/Paperloft_Receipts.swiftdoc (in target 'PaperloftApp' from project 'Paperloft')
    cd /Users/builder/Factory/paperloft
    builtin-copy -exclude .DS_Store -exclude CVS -exclude .svn -exclude .git -exclude .hg -strip-unsigned-binaries -strip-deterministic -strip-tool /Applications/Xcode.app/Contents/Developer/Toolchains/XcodeDefault.xctoolchain/usr/bin/strip -resolve-src-symlinks -rename /Users/builder/Factory/paperloft/build/DerivedData/Build/Intermediates.noindex/Paperloft.build/Debug/PaperloftApp.build/Objects-normal/arm64/Paperloft_Receipts.swiftdoc /Users/builder/Factory/paperloft/build/DerivedData/Build/Products/Debug/Paperloft_Receipts.swiftmodule/arm64-apple-macos.swiftdoc

Copy /Users/builder/Factory/paperloft/build/DerivedData/Build/Products/Debug/Paperloft_Receipts.swiftmodule/Project/arm64-apple-macos.swiftsourceinfo /Users/builder/Factory/paperloft/build/DerivedData/Build/Intermediates.noindex/Paperloft.build/Debug/PaperloftApp.build/Objects-normal/arm64/Paperloft_Receipts.swiftsourceinfo (in target 'PaperloftApp' from project 'Paperloft')
    cd /Users/builder/Factory/paperloft
    builtin-copy -exclude .DS_Store -exclude CVS -exclude .svn -exclude .git -exclude .hg -strip-unsigned-binaries -strip-deterministic -strip-tool /Applications/Xcode.app/Contents/Developer/Toolchains/XcodeDefault.xctoolchain/usr/bin/strip -resolve-src-symlinks -rename /Users/builder/Factory/paperloft/build/DerivedData/Build/Intermediates.noindex/Paperloft.build/Debug/PaperloftApp.build/Objects-normal/arm64/Paperloft_Receipts.swiftsourceinfo /Users/builder/Factory/paperloft/build/DerivedData/Build/Products/Debug/Paperloft_Receipts.swiftmodule/Project/arm64-apple-macos.swiftsourceinfo

ProcessProductPackaging "" /Users/builder/Factory/paperloft/build/DerivedData/Build/Intermediates.noindex/Paperloft.build/Debug/PaperloftUITests.build/PaperloftUITests.xctest.xcent (in target 'PaperloftUITests' from project 'Paperloft')
    cd /Users/builder/Factory/paperloft
    
    Entitlements:
    
    {
    "com.apple.application-identifier" = "app.paperloft.PaperloftUITests.xctrunner";
    "com.apple.security.app-sandbox" = 1;
    "com.apple.security.get-task-allow" = 1;
    "com.apple.security.network.client" = 1;
    "com.apple.security.temporary-exception.files.absolute-path.read-only" =     (
        "/"
    );
    "com.apple.security.temporary-exception.mach-lookup.global-name" =     (
        "com.apple.testmanagerd",
        "com.apple.dt.testmanagerd.runner",
        "com.apple.coresymbolicationd",
        "com.apple.coredevice.version",
        "com.apple.coredevice.service",
        "com.apple.remoted"
    );
    "com.apple.security.temporary-exception.mach-lookup.local-name" =     (
        "com.apple.axserver"
    );
    "com.apple.security.temporary-exception.sbpl" =     (
        "(allow hid-control)",
        "(allow signal)"
    );
}
    
    builtin-productPackagingUtility -entitlements -format xml -o /Users/builder/Factory/paperloft/build/DerivedData/Build/Intermediates.noindex/Paperloft.build/Debug/PaperloftUITests.build/PaperloftUITests.xctest.xcent

ProcessProductPackagingDER /Users/builder/Factory/paperloft/build/DerivedData/Build/Intermediates.noindex/Paperloft.build/Debug/PaperloftUITests.build/PaperloftUITests.xctest.xcent /Users/builder/Factory/paperloft/build/DerivedData/Build/Intermediates.noindex/Paperloft.build/Debug/PaperloftUITests.build/PaperloftUITests.xctest.xcent.der (in target 'PaperloftUITests' from project 'Paperloft')
    cd /Users/builder/Factory/paperloft
    /usr/bin/derq query -f xml -i /Users/builder/Factory/paperloft/build/DerivedData/Build/Intermediates.noindex/Paperloft.build/Debug/PaperloftUITests.build/PaperloftUITests.xctest.xcent -o /Users/builder/Factory/paperloft/build/DerivedData/Build/Intermediates.noindex/Paperloft.build/Debug/PaperloftUITests.build/PaperloftUITests.xctest.xcent.der --raw

SwiftDriver PaperloftUITests normal arm64 com.apple.xcode.tools.swift.compiler (in target 'PaperloftUITests' from project 'Paperloft')
    cd /Users/builder/Factory/paperloft
    builtin-SwiftDriver -- /Applications/Xcode.app/Contents/Developer/Toolchains/XcodeDefault.xctoolchain/usr/bin/swiftc -module-name PaperloftUITests -Onone @/Users/builder/Factory/paperloft/build/DerivedData/Build/Intermediates.noindex/Paperloft.build/Debug/PaperloftUITests.build/Objects-normal/arm64/PaperloftUITests.SwiftFileList -module-alias Testing\=_Testing_Unavailable -plugin-path /Applications/Xcode.app/Contents/Developer/Toolchains/XcodeDefault.xctoolchain/usr/lib/swift/host/plugins/testing -enable-experimental-feature DebugDescriptionMacro -sdk /Applications/Xcode.app/Contents/Developer/Platforms/MacOSX.platform/Developer/SDKs/MacOSX27.0.sdk -target arm64-apple-macos27.0 -g -module-cache-path /Users/builder/Factory/paperloft/build/DerivedData/ModuleCache.noindex -Xfrontend -serialize-debugging-options -profile-coverage-mapping -profile-generate -enable-testing -warnings-as-errors -index-store-path /Users/builder/Factory/paperloft/build/DerivedData/Index.noindex/DataStore -swift-version 6 -I /Users/builder/Factory/paperloft/build/DerivedData/Build/Products/Debug -Isystem /Applications/Xcode.app/Contents/Developer/Platforms/MacOSX.platform/Developer/usr/lib -F /Users/builder/Factory/paperloft/build/DerivedData/Build/Products/Debug -F /Applications/Xcode.app/Contents/Developer/Platforms/MacOSX.platform/Developer/Library/Frameworks -parse-as-library -c -j10 -enable-batch-mode -incremental -Xcc -ivfsstatcache -Xcc /Users/builder/Factory/paperloft/build/DerivedData/SDKStatCaches.noindex/macosx27.0-26A425-7231f6df4def33e022ae2eb8f782df1a.sdkstatcache -output-file-map /Users/builder/Factory/paperloft/build/DerivedData/Build/Intermediates.noindex/Paperloft.build/Debug/PaperloftUITests.build/Objects-normal/arm64/PaperloftUITests-OutputFileMap.json -save-temps -no-color-diagnostics -explicit-module-build -module-cache-path /Users/builder/Factory/paperloft/build/DerivedData/Build/Intermediates.noindex/SwiftExplicitPrecompiledModules -clang-scanner-module-cache-path /Users/builder/Factory/paperloft/build/DerivedData/ModuleCache.noindex -sdk-module-cache-path /Users/builder/Factory/paperloft/build/DerivedData/SDKExplicitPrecompiledModules -emit-dependencies -emit-module -emit-module-path /Users/builder/Factory/paperloft/build/DerivedData/Build/Intermediates.noindex/Paperloft.build/Debug/PaperloftUITests.build/Objects-normal/arm64/PaperloftUITests.swiftmodule -serialize-diagnostics -dependency-scan-serialize-diagnostics-path /Users/builder/Factory/paperloft/build/DerivedData/Build/Intermediates.noindex/Paperloft.build/Debug/PaperloftUITests.build/Objects-normal/arm64/PaperloftUITests-dependency-scan.dia -validate-clang-modules-once -clang-build-session-file /Users/builder/Factory/paperloft/build/DerivedData/ModuleCache.noindex/Session.modulevalidation -Xcc -fmodules-prune-interval\=86400 -Xcc -fmodules-prune-after\=345600 -emit-const-values -const-gather-protocols-list /Users/builder/Factory/paperloft/build/DerivedData/Build/Intermediates.noindex/Paperloft.build/Debug/PaperloftUITests.build/Objects-normal/arm64/PaperloftUITests_const_extract_protocols.json -Xcc -iquote -Xcc /Users/builder/Factory/paperloft/build/DerivedData/Build/Intermediates.noindex/Paperloft.build/Debug/PaperloftUITests.build/PaperloftUITests-generated-files.hmap -Xcc -I/Users/builder/Factory/paperloft/build/DerivedData/Build/Intermediates.noindex/Paperloft.build/Debug/PaperloftUITests.build/PaperloftUITests-own-target-headers.hmap -Xcc -I/Users/builder/Factory/paperloft/build/DerivedData/Build/Intermediates.noindex/Paperloft.build/Debug/PaperloftUITests.build/PaperloftUITests-all-non-framework-target-headers.hmap -Xcc -ivfsoverlay -Xcc /Users/builder/Factory/paperloft/build/DerivedData/Build/Intermediates.noindex/Paperloft.build/Debug/Paperloft-b93ddc6bcd4d234a5473ab01ad3589c4-VFS/all-product-headers.yaml -Xcc -iquote -Xcc /Users/builder/Factory/paperloft/build/DerivedData/Build/Intermediates.noindex/Paperloft.build/Debug/PaperloftUITests.build/PaperloftUITests-project-headers.hmap -Xcc -I/Users/builder/Factory/paperloft/build/DerivedData/Build/Products/Debug/include -Xcc -I/Users/builder/Factory/paperloft/build/DerivedData/Build/Intermediates.noindex/Paperloft.build/Debug/PaperloftUITests.build/DerivedSources-normal/arm64 -Xcc -I/Users/builder/Factory/paperloft/build/DerivedData/Build/Intermediates.noindex/Paperloft.build/Debug/PaperloftUITests.build/DerivedSources/arm64 -Xcc -I/Users/builder/Factory/paperloft/build/DerivedData/Build/Intermediates.noindex/Paperloft.build/Debug/PaperloftUITests.build/DerivedSources -emit-objc-header -emit-objc-header-path /Users/builder/Factory/paperloft/build/DerivedData/Build/Intermediates.noindex/Paperloft.build/Debug/PaperloftUITests.build/Objects-normal/arm64/PaperloftUITests-Swift.h -working-directory /Users/builder/Factory/paperloft -experimental-emit-module-separately -disable-cmo

SwiftEmitModule normal arm64 Emitting\ module\ for\ PaperloftKitTests (in target 'PaperloftKitTests' from project 'Paperloft')

SwiftCompile normal arm64 (in target 'PaperloftKitTests' from project 'Paperloft')
    cd /Users/builder/Factory/paperloft
    

SwiftCompile normal arm64 Compiling\ ReceiptTests.swift /Users/builder/Factory/paperloft/Packages/PaperloftKit/Tests/PaperloftKitTests/ReceiptTests.swift (in target 'PaperloftKitTests' from project 'Paperloft')

SwiftCompile normal arm64 /Users/builder/Factory/paperloft/Packages/PaperloftKit/Tests/PaperloftKitTests/ReceiptTests.swift (in target 'PaperloftKitTests' from project 'Paperloft')
    cd /Users/builder/Factory/paperloft
    builtin-SwiftPerFileCompile ReceiptTests.swift

SwiftExplicitDependencyGeneratePcm arm64 /Users/builder/Factory/paperloft/build/DerivedData/Build/Intermediates.noindex/SwiftExplicitPrecompiledModules/XCUIAutomation-1RB95LUWF0UA8MF21UGHIZK8W.pcm

SwiftDriverJobDiscovery normal arm64 Compiling PaperloftApp.swift (in target 'PaperloftApp' from project 'Paperloft')

SwiftDriver\ Compilation PaperloftApp normal arm64 com.apple.xcode.tools.swift.compiler (in target 'PaperloftApp' from project 'Paperloft')
    cd /Users/builder/Factory/paperloft
    builtin-Swift-Compilation -- /Applications/Xcode.app/Contents/Developer/Toolchains/XcodeDefault.xctoolchain/usr/bin/swiftc -module-name Paperloft_Receipts -Onone @/Users/builder/Factory/paperloft/build/DerivedData/Build/Intermediates.noindex/Paperloft.build/Debug/PaperloftApp.build/Objects-normal/arm64/Paperloft\ Receipts.SwiftFileList -enable-experimental-feature DebugDescriptionMacro -sdk /Applications/Xcode.app/Contents/Developer/Platforms/MacOSX.platform/Developer/SDKs/MacOSX27.0.sdk -target arm64-apple-macos27.0 -g -module-cache-path /Users/builder/Factory/paperloft/build/DerivedData/ModuleCache.noindex -Xfrontend -serialize-debugging-options -profile-coverage-mapping -profile-generate -enable-testing -warnings-as-errors -index-store-path /Users/builder/Factory/paperloft/build/DerivedData/Index.noindex/DataStore -swift-version 6 -I /Users/builder/Factory/paperloft/build/DerivedData/Build/Products/Debug -F /Users/builder/Factory/paperloft/build/DerivedData/Build/Products/Debug/PackageFrameworks -F /Users/builder/Factory/paperloft/build/DerivedData/Build/Products/Debug -parse-as-library -c -j10 -enable-batch-mode -incremental -Xcc -ivfsstatcache -Xcc /Users/builder/Factory/paperloft/build/DerivedData/SDKStatCaches.noindex/macosx27.0-26A425-7231f6df4def33e022ae2eb8f782df1a.sdkstatcache -output-file-map /Users/builder/Factory/paperloft/build/DerivedData/Build/Intermediates.noindex/Paperloft.build/Debug/PaperloftApp.build/Objects-normal/arm64/PaperloftApp-OutputFileMap.json -save-temps -no-color-diagnostics -explicit-module-build -module-cache-path /Users/builder/Factory/paperloft/build/DerivedData/Build/Intermediates.noindex/SwiftExplicitPrecompiledModules -clang-scanner-module-cache-path /Users/builder/Factory/paperloft/build/DerivedData/ModuleCache.noindex -sdk-module-cache-path /Users/builder/Factory/paperloft/build/DerivedData/SDKExplicitPrecompiledModules -emit-dependencies -emit-module -emit-module-path /Users/builder/Factory/paperloft/build/DerivedData/Build/Intermediates.noindex/Paperloft.build/Debug/PaperloftApp.build/Objects-normal/arm64/Paperloft_Receipts.swiftmodule -serialize-diagnostics -dependency-scan-serialize-diagnostics-path /Users/builder/Factory/paperloft/build/DerivedData/Build/Intermediates.noindex/Paperloft.build/Debug/PaperloftApp.build/Objects-normal/arm64/Paperloft_Receipts-dependency-scan.dia -validate-clang-modules-once -clang-build-session-file /Users/builder/Factory/paperloft/build/DerivedData/ModuleCache.noindex/Session.modulevalidation -Xcc -fmodules-prune-interval\=86400 -Xcc -fmodules-prune-after\=345600 -emit-const-values -const-gather-protocols-list /Users/builder/Factory/paperloft/build/DerivedData/Build/Intermediates.noindex/Paperloft.build/Debug/PaperloftApp.build/Objects-normal/arm64/PaperloftApp_const_extract_protocols.json -Xcc -iquote -Xcc /Users/builder/Factory/paperloft/build/DerivedData/Build/Intermediates.noindex/Paperloft.build/Debug/PaperloftApp.build/Paperloft\ Receipts-generated-files.hmap -Xcc -I/Users/builder/Factory/paperloft/build/DerivedData/Build/Intermediates.noindex/Paperloft.build/Debug/PaperloftApp.build/Paperloft\ Receipts-own-target-headers.hmap -Xcc -I/Users/builder/Factory/paperloft/build/DerivedData/Build/Intermediates.noindex/Paperloft.build/Debug/PaperloftApp.build/Paperloft\ Receipts-all-non-framework-target-headers.hmap -Xcc -ivfsoverlay -Xcc /Users/builder/Factory/paperloft/build/DerivedData/Build/Intermediates.noindex/Paperloft.build/Debug/Paperloft-b93ddc6bcd4d234a5473ab01ad3589c4-VFS/all-product-headers.yaml -Xcc -iquote -Xcc /Users/builder/Factory/paperloft/build/DerivedData/Build/Intermediates.noindex/Paperloft.build/Debug/PaperloftApp.build/Paperloft\ Receipts-project-headers.hmap -Xcc -I/Users/builder/Factory/paperloft/build/DerivedData/Build/Products/Debug/include -Xcc -I/Users/builder/Factory/paperloft/build/DerivedData/Build/Intermediates.noindex/Paperloft.build/Debug/PaperloftApp.build/DerivedSources-normal/arm64 -Xcc -I/Users/builder/Factory/paperloft/build/DerivedData/Build/Intermediates.noindex/Paperloft.build/Debug/PaperloftApp.build/DerivedSources/arm64 -Xcc -I/Users/builder/Factory/paperloft/build/DerivedData/Build/Intermediates.noindex/Paperloft.build/Debug/PaperloftApp.build/DerivedSources -emit-objc-header -emit-objc-header-path /Users/builder/Factory/paperloft/build/DerivedData/Build/Intermediates.noindex/Paperloft.build/Debug/PaperloftApp.build/Objects-normal/arm64/Paperloft_Receipts-Swift.h -working-directory /Users/builder/Factory/paperloft -experimental-emit-module-separately -disable-cmo

Ld /Users/builder/Factory/paperloft/build/DerivedData/Build/Products/Debug/Paperloft\ Receipts.app/Contents/MacOS/Paperloft\ Receipts.debug.dylib normal (in target 'PaperloftApp' from project 'Paperloft')
    cd /Users/builder/Factory/paperloft
    /Applications/Xcode.app/Contents/Developer/Toolchains/XcodeDefault.xctoolchain/usr/bin/clang -Xlinker -reproducible -target arm64-apple-macos27.0 -dynamiclib -isysroot /Applications/Xcode.app/Contents/Developer/Platforms/MacOSX.platform/Developer/SDKs/MacOSX27.0.sdk -Os -Xlinker -no_warn_duplicate_libraries -L/Users/builder/Factory/paperloft/build/DerivedData/Build/Intermediates.noindex/EagerLinkingTBDs/Debug -L/Users/builder/Factory/paperloft/build/DerivedData/Build/Products/Debug -F/Users/builder/Factory/paperloft/build/DerivedData/Build/Intermediates.noindex/EagerLinkingTBDs/Debug -F/Users/builder/Factory/paperloft/build/DerivedData/Build/Products/Debug/PackageFrameworks -F/Users/builder/Factory/paperloft/build/DerivedData/Build/Products/Debug -filelist /Users/builder/Factory/paperloft/build/DerivedData/Build/Intermediates.noindex/Paperloft.build/Debug/PaperloftApp.build/Objects-normal/arm64/Paperloft\ Receipts.LinkFileList -install_name @rpath/Paperloft\ Receipts.debug.dylib -Xlinker -rpath -Xlinker @loader_path -Xlinker -rpath -Xlinker /Users/builder/Factory/paperloft/build/DerivedData/Build/Products/Debug/PackageFrameworks -Xlinker -object_path_lto -Xlinker /Users/builder/Factory/paperloft/build/DerivedData/Build/Intermediates.noindex/Paperloft.build/Debug/PaperloftApp.build/Objects-normal/arm64/Paperloft\ Receipts_lto.o -rdynamic -Xlinker -debug_variant -Xlinker -dependency_info -Xlinker /Users/builder/Factory/paperloft/build/DerivedData/Build/Intermediates.noindex/Paperloft.build/Debug/PaperloftApp.build/Objects-normal/arm64/Paperloft\ Receipts_dependency_info.dat -fobjc-link-runtime -fprofile-instr-generate -L/Applications/Xcode.app/Contents/Developer/Toolchains/XcodeDefault.xctoolchain/usr/lib/swift/macosx -L/usr/lib/swift -Xlinker -add_ast_path -Xlinker /Users/builder/Factory/paperloft/build/DerivedData/Build/Intermediates.noindex/Paperloft.build/Debug/PaperloftApp.build/Objects-normal/arm64/Paperloft_Receipts.swiftmodule -Xlinker -alias -Xlinker _main -Xlinker ___debug_main_executable_dylib_entry_point -Xlinker -no_adhoc_codesign -o /Users/builder/Factory/paperloft/build/DerivedData/Build/Products/Debug/Paperloft\ Receipts.app/Contents/MacOS/Paperloft\ Receipts.debug.dylib

SwiftDriverJobDiscovery normal arm64 Emitting module for PaperloftKitTests (in target 'PaperloftKitTests' from project 'Paperloft')

SwiftDriver\ Compilation\ Requirements PaperloftKitTests normal arm64 com.apple.xcode.tools.swift.compiler (in target 'PaperloftKitTests' from project 'Paperloft')
    cd /Users/builder/Factory/paperloft
    builtin-Swift-Compilation-Requirements -- /Applications/Xcode.app/Contents/Developer/Toolchains/XcodeDefault.xctoolchain/usr/bin/swiftc -module-name PaperloftKitTests -Onone @/Users/builder/Factory/paperloft/build/DerivedData/Build/Intermediates.noindex/Paperloft.build/Debug/PaperloftKitTests.build/Objects-normal/arm64/PaperloftKitTests.SwiftFileList -plugin-path /Applications/Xcode.app/Contents/Developer/Toolchains/XcodeDefault.xctoolchain/usr/lib/swift/host/plugins/testing -enable-experimental-feature DebugDescriptionMacro -sdk /Applications/Xcode.app/Contents/Developer/Platforms/MacOSX.platform/Developer/SDKs/MacOSX27.0.sdk -target arm64-apple-macos27.0 -g -module-cache-path /Users/builder/Factory/paperloft/build/DerivedData/ModuleCache.noindex -Xfrontend -serialize-debugging-options -profile-coverage-mapping -profile-generate -enable-testing -warnings-as-errors -index-store-path /Users/builder/Factory/paperloft/build/DerivedData/Index.noindex/DataStore -swift-version 6 -I /Users/builder/Factory/paperloft/build/DerivedData/Build/Products/Debug -Isystem /Applications/Xcode.app/Contents/Developer/Platforms/MacOSX.platform/Developer/usr/lib -F /Users/builder/Factory/paperloft/build/DerivedData/Build/Products/Debug/PackageFrameworks -F /Users/builder/Factory/paperloft/build/DerivedData/Build/Products/Debug -F /Applications/Xcode.app/Contents/Developer/Platforms/MacOSX.platform/Developer/Library/Frameworks -parse-as-library -c -j10 -enable-batch-mode -incremental -Xcc -ivfsstatcache -Xcc /Users/builder/Factory/paperloft/build/DerivedData/SDKStatCaches.noindex/macosx27.0-26A425-7231f6df4def33e022ae2eb8f782df1a.sdkstatcache -output-file-map /Users/builder/Factory/paperloft/build/DerivedData/Build/Intermediates.noindex/Paperloft.build/Debug/PaperloftKitTests.build/Objects-normal/arm64/PaperloftKitTests-OutputFileMap.json -save-temps -no-color-diagnostics -explicit-module-build -module-cache-path /Users/builder/Factory/paperloft/build/DerivedData/Build/Intermediates.noindex/SwiftExplicitPrecompiledModules -clang-scanner-module-cache-path /Users/builder/Factory/paperloft/build/DerivedData/ModuleCache.noindex -sdk-module-cache-path /Users/builder/Factory/paperloft/build/DerivedData/SDKExplicitPrecompiledModules -emit-dependencies -emit-module -emit-module-path /Users/builder/Factory/paperloft/build/DerivedData/Build/Intermediates.noindex/Paperloft.build/Debug/PaperloftKitTests.build/Objects-normal/arm64/PaperloftKitTests.swiftmodule -serialize-diagnostics -dependency-scan-serialize-diagnostics-path /Users/builder/Factory/paperloft/build/DerivedData/Build/Intermediates.noindex/Paperloft.build/Debug/PaperloftKitTests.build/Objects-normal/arm64/PaperloftKitTests-dependency-scan.dia -validate-clang-modules-once -clang-build-session-file /Users/builder/Factory/paperloft/build/DerivedData/ModuleCache.noindex/Session.modulevalidation -Xcc -fmodules-prune-interval\=86400 -Xcc -fmodules-prune-after\=345600 -emit-const-values -const-gather-protocols-list /Users/builder/Factory/paperloft/build/DerivedData/Build/Intermediates.noindex/Paperloft.build/Debug/PaperloftKitTests.build/Objects-normal/arm64/PaperloftKitTests_const_extract_protocols.json -Xcc -iquote -Xcc /Users/builder/Factory/paperloft/build/DerivedData/Build/Intermediates.noindex/Paperloft.build/Debug/PaperloftKitTests.build/PaperloftKitTests-generated-files.hmap -Xcc -I/Users/builder/Factory/paperloft/build/DerivedData/Build/Intermediates.noindex/Paperloft.build/Debug/PaperloftKitTests.build/PaperloftKitTests-own-target-headers.hmap -Xcc -I/Users/builder/Factory/paperloft/build/DerivedData/Build/Intermediates.noindex/Paperloft.build/Debug/PaperloftKitTests.build/PaperloftKitTests-all-non-framework-target-headers.hmap -Xcc -ivfsoverlay -Xcc /Users/builder/Factory/paperloft/build/DerivedData/Build/Intermediates.noindex/Paperloft.build/Debug/Paperloft-b93ddc6bcd4d234a5473ab01ad3589c4-VFS/all-product-headers.yaml -Xcc -iquote -Xcc /Users/builder/Factory/paperloft/build/DerivedData/Build/Intermediates.noindex/Paperloft.build/Debug/PaperloftKitTests.build/PaperloftKitTests-project-headers.hmap -Xcc -I/Users/builder/Factory/paperloft/build/DerivedData/Build/Products/Debug/include -Xcc -I/Users/builder/Factory/paperloft/build/DerivedData/Build/Intermediates.noindex/Paperloft.build/Debug/PaperloftKitTests.build/DerivedSources-normal/arm64 -Xcc -I/Users/builder/Factory/paperloft/build/DerivedData/Build/Intermediates.noindex/Paperloft.build/Debug/PaperloftKitTests.build/DerivedSources/arm64 -Xcc -I/Users/builder/Factory/paperloft/build/DerivedData/Build/Intermediates.noindex/Paperloft.build/Debug/PaperloftKitTests.build/DerivedSources -emit-objc-header -emit-objc-header-path /Users/builder/Factory/paperloft/build/DerivedData/Build/Intermediates.noindex/Paperloft.build/Debug/PaperloftKitTests.build/Objects-normal/arm64/PaperloftKitTests-Swift.h -working-directory /Users/builder/Factory/paperloft -experimental-emit-module-separately -disable-cmo

SwiftMergeGeneratedHeaders /Users/builder/Factory/paperloft/build/DerivedData/Build/Intermediates.noindex/Paperloft.build/Debug/PaperloftKitTests.build/DerivedSources/PaperloftKitTests-Swift.h /Users/builder/Factory/paperloft/build/DerivedData/Build/Intermediates.noindex/Paperloft.build/Debug/PaperloftKitTests.build/Objects-normal/arm64/PaperloftKitTests-Swift.h (in target 'PaperloftKitTests' from project 'Paperloft')
    cd /Users/builder/Factory/paperloft
    builtin-swiftHeaderTool -arch arm64 /Users/builder/Factory/paperloft/build/DerivedData/Build/Intermediates.noindex/Paperloft.build/Debug/PaperloftKitTests.build/Objects-normal/arm64/PaperloftKitTests-Swift.h -o /Users/builder/Factory/paperloft/build/DerivedData/Build/Intermediates.noindex/Paperloft.build/Debug/PaperloftKitTests.build/DerivedSources/PaperloftKitTests-Swift.h

Copy /Users/builder/Factory/paperloft/build/DerivedData/Build/Products/Debug/PaperloftKitTests.swiftmodule/arm64-apple-macos.swiftmodule /Users/builder/Factory/paperloft/build/DerivedData/Build/Intermediates.noindex/Paperloft.build/Debug/PaperloftKitTests.build/Objects-normal/arm64/PaperloftKitTests.swiftmodule (in target 'PaperloftKitTests' from project 'Paperloft')
    cd /Users/builder/Factory/paperloft
    builtin-copy -exclude .DS_Store -exclude CVS -exclude .svn -exclude .git -exclude .hg -strip-unsigned-binaries -strip-deterministic -strip-tool /Applications/Xcode.app/Contents/Developer/Toolchains/XcodeDefault.xctoolchain/usr/bin/strip -resolve-src-symlinks -rename /Users/builder/Factory/paperloft/build/DerivedData/Build/Intermediates.noindex/Paperloft.build/Debug/PaperloftKitTests.build/Objects-normal/arm64/PaperloftKitTests.swiftmodule /Users/builder/Factory/paperloft/build/DerivedData/Build/Products/Debug/PaperloftKitTests.swiftmodule/arm64-apple-macos.swiftmodule

Copy /Users/builder/Factory/paperloft/build/DerivedData/Build/Products/Debug/PaperloftKitTests.swiftmodule/arm64-apple-macos.swiftdoc /Users/builder/Factory/paperloft/build/DerivedData/Build/Intermediates.noindex/Paperloft.build/Debug/PaperloftKitTests.build/Objects-normal/arm64/PaperloftKitTests.swiftdoc (in target 'PaperloftKitTests' from project 'Paperloft')
    cd /Users/builder/Factory/paperloft
    builtin-copy -exclude .DS_Store -exclude CVS -exclude .svn -exclude .git -exclude .hg -strip-unsigned-binaries -strip-deterministic -strip-tool /Applications/Xcode.app/Contents/Developer/Toolchains/XcodeDefault.xctoolchain/usr/bin/strip -resolve-src-symlinks -rename /Users/builder/Factory/paperloft/build/DerivedData/Build/Intermediates.noindex/Paperloft.build/Debug/PaperloftKitTests.build/Objects-normal/arm64/PaperloftKitTests.swiftdoc /Users/builder/Factory/paperloft/build/DerivedData/Build/Products/Debug/PaperloftKitTests.swiftmodule/arm64-apple-macos.swiftdoc

Copy /Users/builder/Factory/paperloft/build/DerivedData/Build/Products/Debug/PaperloftKitTests.swiftmodule/arm64-apple-macos.abi.json /Users/builder/Factory/paperloft/build/DerivedData/Build/Intermediates.noindex/Paperloft.build/Debug/PaperloftKitTests.build/Objects-normal/arm64/PaperloftKitTests.abi.json (in target 'PaperloftKitTests' from project 'Paperloft')
    cd /Users/builder/Factory/paperloft
    builtin-copy -exclude .DS_Store -exclude CVS -exclude .svn -exclude .git -exclude .hg -strip-unsigned-binaries -strip-deterministic -strip-tool /Applications/Xcode.app/Contents/Developer/Toolchains/XcodeDefault.xctoolchain/usr/bin/strip -resolve-src-symlinks -rename /Users/builder/Factory/paperloft/build/DerivedData/Build/Intermediates.noindex/Paperloft.build/Debug/PaperloftKitTests.build/Objects-normal/arm64/PaperloftKitTests.abi.json /Users/builder/Factory/paperloft/build/DerivedData/Build/Products/Debug/PaperloftKitTests.swiftmodule/arm64-apple-macos.abi.json

Copy /Users/builder/Factory/paperloft/build/DerivedData/Build/Products/Debug/PaperloftKitTests.swiftmodule/Project/arm64-apple-macos.swiftsourceinfo /Users/builder/Factory/paperloft/build/DerivedData/Build/Intermediates.noindex/Paperloft.build/Debug/PaperloftKitTests.build/Objects-normal/arm64/PaperloftKitTests.swiftsourceinfo (in target 'PaperloftKitTests' from project 'Paperloft')
    cd /Users/builder/Factory/paperloft
    builtin-copy -exclude .DS_Store -exclude CVS -exclude .svn -exclude .git -exclude .hg -strip-unsigned-binaries -strip-deterministic -strip-tool /Applications/Xcode.app/Contents/Developer/Toolchains/XcodeDefault.xctoolchain/usr/bin/strip -resolve-src-symlinks -rename /Users/builder/Factory/paperloft/build/DerivedData/Build/Intermediates.noindex/Paperloft.build/Debug/PaperloftKitTests.build/Objects-normal/arm64/PaperloftKitTests.swiftsourceinfo /Users/builder/Factory/paperloft/build/DerivedData/Build/Products/Debug/PaperloftKitTests.swiftmodule/Project/arm64-apple-macos.swiftsourceinfo

SwiftExplicitDependencyCompileModuleFromInterface arm64 /Users/builder/Factory/paperloft/build/DerivedData/Build/Intermediates.noindex/SwiftExplicitPrecompiledModules/XCUIAutomation-3N8MM3S5WHFSS.swiftmodule

SwiftExplicitDependencyGeneratePcm arm64 /Users/builder/Factory/paperloft/build/DerivedData/Build/Intermediates.noindex/SwiftExplicitPrecompiledModules/XCTest-BKUUYCDQSTTATWY4Y8L9DH014.pcm

SwiftDriverJobDiscovery normal arm64 Compiling ReceiptTests.swift (in target 'PaperloftKitTests' from project 'Paperloft')

SwiftDriver\ Compilation PaperloftKitTests normal arm64 com.apple.xcode.tools.swift.compiler (in target 'PaperloftKitTests' from project 'Paperloft')
    cd /Users/builder/Factory/paperloft
    builtin-Swift-Compilation -- /Applications/Xcode.app/Contents/Developer/Toolchains/XcodeDefault.xctoolchain/usr/bin/swiftc -module-name PaperloftKitTests -Onone @/Users/builder/Factory/paperloft/build/DerivedData/Build/Intermediates.noindex/Paperloft.build/Debug/PaperloftKitTests.build/Objects-normal/arm64/PaperloftKitTests.SwiftFileList -plugin-path /Applications/Xcode.app/Contents/Developer/Toolchains/XcodeDefault.xctoolchain/usr/lib/swift/host/plugins/testing -enable-experimental-feature DebugDescriptionMacro -sdk /Applications/Xcode.app/Contents/Developer/Platforms/MacOSX.platform/Developer/SDKs/MacOSX27.0.sdk -target arm64-apple-macos27.0 -g -module-cache-path /Users/builder/Factory/paperloft/build/DerivedData/ModuleCache.noindex -Xfrontend -serialize-debugging-options -profile-coverage-mapping -profile-generate -enable-testing -warnings-as-errors -index-store-path /Users/builder/Factory/paperloft/build/DerivedData/Index.noindex/DataStore -swift-version 6 -I /Users/builder/Factory/paperloft/build/DerivedData/Build/Products/Debug -Isystem /Applications/Xcode.app/Contents/Developer/Platforms/MacOSX.platform/Developer/usr/lib -F /Users/builder/Factory/paperloft/build/DerivedData/Build/Products/Debug/PackageFrameworks -F /Users/builder/Factory/paperloft/build/DerivedData/Build/Products/Debug -F /Applications/Xcode.app/Contents/Developer/Platforms/MacOSX.platform/Developer/Library/Frameworks -parse-as-library -c -j10 -enable-batch-mode -incremental -Xcc -ivfsstatcache -Xcc /Users/builder/Factory/paperloft/build/DerivedData/SDKStatCaches.noindex/macosx27.0-26A425-7231f6df4def33e022ae2eb8f782df1a.sdkstatcache -output-file-map /Users/builder/Factory/paperloft/build/DerivedData/Build/Intermediates.noindex/Paperloft.build/Debug/PaperloftKitTests.build/Objects-normal/arm64/PaperloftKitTests-OutputFileMap.json -save-temps -no-color-diagnostics -explicit-module-build -module-cache-path /Users/builder/Factory/paperloft/build/DerivedData/Build/Intermediates.noindex/SwiftExplicitPrecompiledModules -clang-scanner-module-cache-path /Users/builder/Factory/paperloft/build/DerivedData/ModuleCache.noindex -sdk-module-cache-path /Users/builder/Factory/paperloft/build/DerivedData/SDKExplicitPrecompiledModules -emit-dependencies -emit-module -emit-module-path /Users/builder/Factory/paperloft/build/DerivedData/Build/Intermediates.noindex/Paperloft.build/Debug/PaperloftKitTests.build/Objects-normal/arm64/PaperloftKitTests.swiftmodule -serialize-diagnostics -dependency-scan-serialize-diagnostics-path /Users/builder/Factory/paperloft/build/DerivedData/Build/Intermediates.noindex/Paperloft.build/Debug/PaperloftKitTests.build/Objects-normal/arm64/PaperloftKitTests-dependency-scan.dia -validate-clang-modules-once -clang-build-session-file /Users/builder/Factory/paperloft/build/DerivedData/ModuleCache.noindex/Session.modulevalidation -Xcc -fmodules-prune-interval\=86400 -Xcc -fmodules-prune-after\=345600 -emit-const-values -const-gather-protocols-list /Users/builder/Factory/paperloft/build/DerivedData/Build/Intermediates.noindex/Paperloft.build/Debug/PaperloftKitTests.build/Objects-normal/arm64/PaperloftKitTests_const_extract_protocols.json -Xcc -iquote -Xcc /Users/builder/Factory/paperloft/build/DerivedData/Build/Intermediates.noindex/Paperloft.build/Debug/PaperloftKitTests.build/PaperloftKitTests-generated-files.hmap -Xcc -I/Users/builder/Factory/paperloft/build/DerivedData/Build/Intermediates.noindex/Paperloft.build/Debug/PaperloftKitTests.build/PaperloftKitTests-own-target-headers.hmap -Xcc -I/Users/builder/Factory/paperloft/build/DerivedData/Build/Intermediates.noindex/Paperloft.build/Debug/PaperloftKitTests.build/PaperloftKitTests-all-non-framework-target-headers.hmap -Xcc -ivfsoverlay -Xcc /Users/builder/Factory/paperloft/build/DerivedData/Build/Intermediates.noindex/Paperloft.build/Debug/Paperloft-b93ddc6bcd4d234a5473ab01ad3589c4-VFS/all-product-headers.yaml -Xcc -iquote -Xcc /Users/builder/Factory/paperloft/build/DerivedData/Build/Intermediates.noindex/Paperloft.build/Debug/PaperloftKitTests.build/PaperloftKitTests-project-headers.hmap -Xcc -I/Users/builder/Factory/paperloft/build/DerivedData/Build/Products/Debug/include -Xcc -I/Users/builder/Factory/paperloft/build/DerivedData/Build/Intermediates.noindex/Paperloft.build/Debug/PaperloftKitTests.build/DerivedSources-normal/arm64 -Xcc -I/Users/builder/Factory/paperloft/build/DerivedData/Build/Intermediates.noindex/Paperloft.build/Debug/PaperloftKitTests.build/DerivedSources/arm64 -Xcc -I/Users/builder/Factory/paperloft/build/DerivedData/Build/Intermediates.noindex/Paperloft.build/Debug/PaperloftKitTests.build/DerivedSources -emit-objc-header -emit-objc-header-path /Users/builder/Factory/paperloft/build/DerivedData/Build/Intermediates.noindex/Paperloft.build/Debug/PaperloftKitTests.build/Objects-normal/arm64/PaperloftKitTests-Swift.h -working-directory /Users/builder/Factory/paperloft -experimental-emit-module-separately -disable-cmo

Ld /Users/builder/Factory/paperloft/build/DerivedData/Build/Products/Debug/PaperloftKitTests.xctest/Contents/MacOS/PaperloftKitTests normal (in target 'PaperloftKitTests' from project 'Paperloft')
    cd /Users/builder/Factory/paperloft
    /Applications/Xcode.app/Contents/Developer/Toolchains/XcodeDefault.xctoolchain/usr/bin/clang -Xlinker -reproducible -target arm64-apple-macos27.0 -bundle -isysroot /Applications/Xcode.app/Contents/Developer/Platforms/MacOSX.platform/Developer/SDKs/MacOSX27.0.sdk -Os -Xlinker -no_warn_duplicate_libraries -L/Users/builder/Factory/paperloft/build/DerivedData/Build/Intermediates.noindex/EagerLinkingTBDs/Debug -L/Users/builder/Factory/paperloft/build/DerivedData/Build/Products/Debug -L/Applications/Xcode.app/Contents/Developer/Platforms/MacOSX.platform/Developer/usr/lib -F/Users/builder/Factory/paperloft/build/DerivedData/Build/Intermediates.noindex/EagerLinkingTBDs/Debug -F/Users/builder/Factory/paperloft/build/DerivedData/Build/Products/Debug/PackageFrameworks -F/Users/builder/Factory/paperloft/build/DerivedData/Build/Products/Debug -iframework /Applications/Xcode.app/Contents/Developer/Platforms/MacOSX.platform/Developer/Library/Frameworks -filelist /Users/builder/Factory/paperloft/build/DerivedData/Build/Intermediates.noindex/Paperloft.build/Debug/PaperloftKitTests.build/Objects-normal/arm64/PaperloftKitTests.LinkFileList -Xlinker -rpath -Xlinker @loader_path -Xlinker -rpath -Xlinker /Users/builder/Factory/paperloft/build/DerivedData/Build/Products/Debug/PackageFrameworks -Xlinker -rpath -Xlinker @loader_path/../Frameworks -Xlinker -object_path_lto -Xlinker /Users/builder/Factory/paperloft/build/DerivedData/Build/Intermediates.noindex/Paperloft.build/Debug/PaperloftKitTests.build/Objects-normal/arm64/PaperloftKitTests_lto.o -rdynamic -Xlinker -debug_variant -Xlinker -dependency_info -Xlinker /Users/builder/Factory/paperloft/build/DerivedData/Build/Intermediates.noindex/Paperloft.build/Debug/PaperloftKitTests.build/Objects-normal/arm64/PaperloftKitTests_dependency_info.dat -fobjc-link-runtime -fprofile-instr-generate -L/Applications/Xcode.app/Contents/Developer/Toolchains/XcodeDefault.xctoolchain/usr/lib/swift/macosx -L/usr/lib/swift -Xlinker -add_ast_path -Xlinker /Users/builder/Factory/paperloft/build/DerivedData/Build/Intermediates.noindex/Paperloft.build/Debug/PaperloftKitTests.build/Objects-normal/arm64/PaperloftKitTests.swiftmodule -Xlinker -needed_framework -Xlinker XCTest -framework XCTest -Xlinker -needed-lXCTestSwiftSupport -lXCTestSwiftSupport -Xlinker -no_adhoc_codesign -o /Users/builder/Factory/paperloft/build/DerivedData/Build/Products/Debug/PaperloftKitTests.xctest/Contents/MacOS/PaperloftKitTests

SwiftExplicitDependencyCompileModuleFromInterface arm64 /Users/builder/Factory/paperloft/build/DerivedData/Build/Intermediates.noindex/SwiftExplicitPrecompiledModules/XCTest-PXAAEDYXFFUZ.swiftmodule

CopySwiftLibs /Users/builder/Factory/paperloft/build/DerivedData/Build/Products/Debug/PaperloftKitTests.xctest (in target 'PaperloftKitTests' from project 'Paperloft')
    cd /Users/builder/Factory/paperloft
    builtin-swiftStdLibTool --copy --verbose --sign - --scan-executable /Users/builder/Factory/paperloft/build/DerivedData/Build/Products/Debug/PaperloftKitTests.xctest/Contents/MacOS/PaperloftKitTests --scan-folder /Users/builder/Factory/paperloft/build/DerivedData/Build/Products/Debug/PaperloftKitTests.xctest/Contents/Frameworks --scan-folder /Users/builder/Factory/paperloft/build/DerivedData/Build/Products/Debug/PaperloftKitTests.xctest/Contents/PlugIns --scan-folder /Users/builder/Factory/paperloft/build/DerivedData/Build/Products/Debug/PaperloftKitTests.xctest/Contents/Library/SystemExtensions --scan-folder /Users/builder/Factory/paperloft/build/DerivedData/Build/Products/Debug/PaperloftKitTests.xctest/Contents/Extensions --platform macosx --toolchain /Applications/Xcode.app/Contents/Developer/Toolchains/XcodeDefault.xctoolchain --destination /Users/builder/Factory/paperloft/build/DerivedData/Build/Products/Debug/PaperloftKitTests.xctest/Contents/Frameworks --strip-bitcode --scan-executable /Applications/Xcode.app/Contents/Developer/Platforms/MacOSX.platform/Developer/usr/lib/libXCTestSwiftSupport.dylib --strip-bitcode-tool /Applications/Xcode.app/Contents/Developer/Toolchains/XcodeDefault.xctoolchain/usr/bin/bitcode_strip --emit-dependency-info /Users/builder/Factory/paperloft/build/DerivedData/Build/Intermediates.noindex/Paperloft.build/Debug/PaperloftKitTests.build/SwiftStdLibToolInputDependencies.dep --filter-for-swift-os

ExtractAppIntentsMetadata (in target 'PaperloftKitTests' from project 'Paperloft')
    cd /Users/builder/Factory/paperloft
    /Applications/Xcode.app/Contents/Developer/Toolchains/XcodeDefault.xctoolchain/usr/bin/appintentsmetadataprocessor --toolchain-dir /Applications/Xcode.app/Contents/Developer/Toolchains/XcodeDefault.xctoolchain --module-name PaperloftKitTests --sdk-root /Applications/Xcode.app/Contents/Developer/Platforms/MacOSX.platform/Developer/SDKs/MacOSX27.0.sdk --xcode-version 27A266a --platform-family macOS --deployment-target 27.0 --bundle-identifier app.paperloft.PaperloftKitTests --output /Users/builder/Factory/paperloft/build/DerivedData/Build/Products/Debug/PaperloftKitTests.xctest/Contents/Resources --target-triple arm64-apple-macos27.0 --binary-file /Users/builder/Factory/paperloft/build/DerivedData/Build/Products/Debug/PaperloftKitTests.xctest/Contents/MacOS/PaperloftKitTests --dependency-file /Users/builder/Factory/paperloft/build/DerivedData/Build/Intermediates.noindex/Paperloft.build/Debug/PaperloftKitTests.build/Objects-normal/arm64/PaperloftKitTests_dependency_info.dat --stringsdata-file /Users/builder/Factory/paperloft/build/DerivedData/Build/Intermediates.noindex/Paperloft.build/Debug/PaperloftKitTests.build/Objects-normal/arm64/ExtractedAppShortcutsMetadata.stringsdata --source-file-list /Users/builder/Factory/paperloft/build/DerivedData/Build/Intermediates.noindex/Paperloft.build/Debug/PaperloftKitTests.build/Objects-normal/arm64/PaperloftKitTests.SwiftFileList --metadata-file-list /Users/builder/Factory/paperloft/build/DerivedData/Build/Intermediates.noindex/Paperloft.build/Debug/PaperloftKitTests.build/PaperloftKitTests.DependencyMetadataFileList --static-metadata-file-list /Users/builder/Factory/paperloft/build/DerivedData/Build/Intermediates.noindex/Paperloft.build/Debug/PaperloftKitTests.build/PaperloftKitTests.DependencyStaticMetadataFileList --swift-const-vals-list /Users/builder/Factory/paperloft/build/DerivedData/Build/Intermediates.noindex/Paperloft.build/Debug/PaperloftKitTests.build/Objects-normal/arm64/PaperloftKitTests.SwiftConstValuesFileList --compile-time-extraction --deployment-aware-processing --no-app-shortcuts-localization
2026-09-26 19:29:16.490 appintentsmetadataprocessor[70384:522612] Starting appintentsmetadataprocessor export
2026-09-26 19:29:16.494 appintentsmetadataprocessor[70384:522612] warning: Metadata extraction skipped, no AppIntents.framework dependency found

CodeSign /Users/builder/Factory/paperloft/build/DerivedData/Build/Products/Debug/PaperloftKitTests.xctest (in target 'PaperloftKitTests' from project 'Paperloft')
    cd /Users/builder/Factory/paperloft
    
    Signing Identity:     "Sign to Run Locally"
    
    /usr/bin/codesign --force --sign - --timestamp\=none --generate-entitlement-der /Users/builder/Factory/paperloft/build/DerivedData/Build/Products/Debug/PaperloftKitTests.xctest

ConstructStubExecutorLinkFileList /Users/builder/Factory/paperloft/build/DerivedData/Build/Intermediates.noindex/Paperloft.build/Debug/PaperloftApp.build/Paperloft\ Receipts-ExecutorLinkFileList-normal-arm64.txt (in target 'PaperloftApp' from project 'Paperloft')
    cd /Users/builder/Factory/paperloft
    construct-stub-executor-link-file-list /Users/builder/Factory/paperloft/build/DerivedData/Build/Products/Debug/Paperloft\ Receipts.app/Contents/MacOS/Paperloft\ Receipts.debug.dylib /Applications/Xcode.app/Contents/Developer/Platforms/MacOSX.platform/Developer/usr/lib/libPreviewsJITStubExecutor_no_swift_entry_point.a /Applications/Xcode.app/Contents/Developer/Platforms/MacOSX.platform/Developer/usr/lib/libPreviewsJITStubExecutor.a --output /Users/builder/Factory/paperloft/build/DerivedData/Build/Intermediates.noindex/Paperloft.build/Debug/PaperloftApp.build/Paperloft\ Receipts-ExecutorLinkFileList-normal-arm64.txt
note: Using stub executor library with Swift entry point. (in target 'PaperloftApp' from project 'Paperloft')

Ld /Users/builder/Factory/paperloft/build/DerivedData/Build/Products/Debug/Paperloft\ Receipts.app/Contents/MacOS/Paperloft\ Receipts normal (in target 'PaperloftApp' from project 'Paperloft')
    cd /Users/builder/Factory/paperloft
    /Applications/Xcode.app/Contents/Developer/Toolchains/XcodeDefault.xctoolchain/usr/bin/clang -Xlinker -reproducible -target arm64-apple-macos27.0 -isysroot /Applications/Xcode.app/Contents/Developer/Platforms/MacOSX.platform/Developer/SDKs/MacOSX27.0.sdk -Os -Xlinker -no_warn_duplicate_libraries -L/Users/builder/Factory/paperloft/build/DerivedData/Build/Products/Debug -F/Users/builder/Factory/paperloft/build/DerivedData/Build/Products/Debug/PackageFrameworks -F/Users/builder/Factory/paperloft/build/DerivedData/Build/Products/Debug -Xlinker -rpath -Xlinker @executable_path -Xlinker -rpath -Xlinker @loader_path -Xlinker -rpath -Xlinker /Users/builder/Factory/paperloft/build/DerivedData/Build/Products/Debug/PackageFrameworks -rdynamic -Xlinker -debug_variant -e ___debug_blank_executor_main -Xlinker -sectcreate -Xlinker __TEXT -Xlinker __debug_dylib -Xlinker /Users/builder/Factory/paperloft/build/DerivedData/Build/Intermediates.noindex/Paperloft.build/Debug/PaperloftApp.build/Paperloft\ Receipts-DebugDylibPath-normal-arm64.txt -Xlinker -sectcreate -Xlinker __TEXT -Xlinker __debug_instlnm -Xlinker /Users/builder/Factory/paperloft/build/DerivedData/Build/Intermediates.noindex/Paperloft.build/Debug/PaperloftApp.build/Paperloft\ Receipts-DebugDylibInstallName-normal-arm64.txt -Xlinker -filelist -Xlinker /Users/builder/Factory/paperloft/build/DerivedData/Build/Intermediates.noindex/Paperloft.build/Debug/PaperloftApp.build/Paperloft\ Receipts-ExecutorLinkFileList-normal-arm64.txt /Users/builder/Factory/paperloft/build/DerivedData/Build/Products/Debug/Paperloft\ Receipts.app/Contents/MacOS/Paperloft\ Receipts.debug.dylib -Xlinker -no_adhoc_codesign -o /Users/builder/Factory/paperloft/build/DerivedData/Build/Products/Debug/Paperloft\ Receipts.app/Contents/MacOS/Paperloft\ Receipts

RegisterExecutionPolicyException /Users/builder/Factory/paperloft/build/DerivedData/Build/Products/Debug/PaperloftKitTests.xctest (in target 'PaperloftKitTests' from project 'Paperloft')
    cd /Users/builder/Factory/paperloft
    builtin-RegisterExecutionPolicyException /Users/builder/Factory/paperloft/build/DerivedData/Build/Products/Debug/PaperloftKitTests.xctest

Touch /Users/builder/Factory/paperloft/build/DerivedData/Build/Products/Debug/PaperloftKitTests.xctest (in target 'PaperloftKitTests' from project 'Paperloft')
    cd /Users/builder/Factory/paperloft
    /usr/bin/touch -c /Users/builder/Factory/paperloft/build/DerivedData/Build/Products/Debug/PaperloftKitTests.xctest

CopySwiftLibs /Users/builder/Factory/paperloft/build/DerivedData/Build/Products/Debug/Paperloft\ Receipts.app (in target 'PaperloftApp' from project 'Paperloft')
    cd /Users/builder/Factory/paperloft
    builtin-swiftStdLibTool --copy --verbose --sign - --scan-executable /Users/builder/Factory/paperloft/build/DerivedData/Build/Products/Debug/Paperloft\ Receipts.app/Contents/MacOS/Paperloft\ Receipts.debug.dylib --scan-folder /Users/builder/Factory/paperloft/build/DerivedData/Build/Products/Debug/Paperloft\ Receipts.app/Contents/Frameworks --scan-folder /Users/builder/Factory/paperloft/build/DerivedData/Build/Products/Debug/Paperloft\ Receipts.app/Contents/PlugIns --scan-folder /Users/builder/Factory/paperloft/build/DerivedData/Build/Products/Debug/Paperloft\ Receipts.app/Contents/Library/SystemExtensions --scan-folder /Users/builder/Factory/paperloft/build/DerivedData/Build/Products/Debug/Paperloft\ Receipts.app/Contents/Extensions --platform macosx --toolchain /Applications/Xcode.app/Contents/Developer/Toolchains/XcodeDefault.xctoolchain --destination /Users/builder/Factory/paperloft/build/DerivedData/Build/Products/Debug/Paperloft\ Receipts.app/Contents/Frameworks --strip-bitcode --strip-bitcode-tool /Applications/Xcode.app/Contents/Developer/Toolchains/XcodeDefault.xctoolchain/usr/bin/bitcode_strip --emit-dependency-info /Users/builder/Factory/paperloft/build/DerivedData/Build/Intermediates.noindex/Paperloft.build/Debug/PaperloftApp.build/SwiftStdLibToolInputDependencies.dep --filter-for-swift-os

ExtractAppIntentsMetadata (in target 'PaperloftApp' from project 'Paperloft')
    cd /Users/builder/Factory/paperloft
    /Applications/Xcode.app/Contents/Developer/Toolchains/XcodeDefault.xctoolchain/usr/bin/appintentsmetadataprocessor --toolchain-dir /Applications/Xcode.app/Contents/Developer/Toolchains/XcodeDefault.xctoolchain --module-name Paperloft_Receipts --sdk-root /Applications/Xcode.app/Contents/Developer/Platforms/MacOSX.platform/Developer/SDKs/MacOSX27.0.sdk --xcode-version 27A266a --platform-family macOS --deployment-target 27.0 --bundle-identifier app.paperloft.receipts --output /Users/builder/Factory/paperloft/build/DerivedData/Build/Products/Debug/Paperloft\ Receipts.app/Contents/Resources --target-triple arm64-apple-macos27.0 --binary-file /Users/builder/Factory/paperloft/build/DerivedData/Build/Products/Debug/Paperloft\ Receipts.app/Contents/MacOS/Paperloft\ Receipts --dependency-file /Users/builder/Factory/paperloft/build/DerivedData/Build/Intermediates.noindex/Paperloft.build/Debug/PaperloftApp.build/Objects-normal/arm64/Paperloft\ Receipts_dependency_info.dat --stringsdata-file /Users/builder/Factory/paperloft/build/DerivedData/Build/Intermediates.noindex/Paperloft.build/Debug/PaperloftApp.build/Objects-normal/arm64/ExtractedAppShortcutsMetadata.stringsdata --source-file-list /Users/builder/Factory/paperloft/build/DerivedData/Build/Intermediates.noindex/Paperloft.build/Debug/PaperloftApp.build/Objects-normal/arm64/Paperloft\ Receipts.SwiftFileList --metadata-file-list /Users/builder/Factory/paperloft/build/DerivedData/Build/Intermediates.noindex/Paperloft.build/Debug/PaperloftApp.build/Paperloft\ Receipts.DependencyMetadataFileList --static-metadata-file-list /Users/builder/Factory/paperloft/build/DerivedData/Build/Intermediates.noindex/Paperloft.build/Debug/PaperloftApp.build/Paperloft\ Receipts.DependencyStaticMetadataFileList --swift-const-vals-list /Users/builder/Factory/paperloft/build/DerivedData/Build/Intermediates.noindex/Paperloft.build/Debug/PaperloftApp.build/Objects-normal/arm64/Paperloft\ Receipts.SwiftConstValuesFileList --compile-time-extraction --deployment-aware-processing --no-app-shortcuts-localization
2026-09-26 19:29:16.571 appintentsmetadataprocessor[70390:522639] Starting appintentsmetadataprocessor export
2026-09-26 19:29:16.624 appintentsmetadataprocessor[70390:522639] Extracted no relevant App Intents symbols, skipping writing output

SwiftEmitModule normal arm64 Emitting\ module\ for\ PaperloftUITests (in target 'PaperloftUITests' from project 'Paperloft')

SwiftCompile normal arm64 (in target 'PaperloftUITests' from project 'Paperloft')
    cd /Users/builder/Factory/paperloft
    

SwiftCompile normal arm64 Compiling\ NavigationTests.swift /Users/builder/Factory/paperloft/Tests/PaperloftUITests/NavigationTests.swift (in target 'PaperloftUITests' from project 'Paperloft')

SwiftCompile normal arm64 /Users/builder/Factory/paperloft/Tests/PaperloftUITests/NavigationTests.swift (in target 'PaperloftUITests' from project 'Paperloft')
    cd /Users/builder/Factory/paperloft
    builtin-SwiftPerFileCompile NavigationTests.swift

CodeSign /Users/builder/Factory/paperloft/build/DerivedData/Build/Products/Debug/Paperloft\ Receipts.app/Contents/MacOS/Paperloft\ Receipts.debug.dylib (in target 'PaperloftApp' from project 'Paperloft')
    cd /Users/builder/Factory/paperloft
    
    Signing Identity:     "Sign to Run Locally"
    
    /usr/bin/codesign --force --sign - --timestamp\=none --generate-entitlement-der /Users/builder/Factory/paperloft/build/DerivedData/Build/Products/Debug/Paperloft\ Receipts.app/Contents/MacOS/Paperloft\ Receipts.debug.dylib

CodeSign /Users/builder/Factory/paperloft/build/DerivedData/Build/Products/Debug/Paperloft\ Receipts.app/Contents/MacOS/__preview.dylib (in target 'PaperloftApp' from project 'Paperloft')
    cd /Users/builder/Factory/paperloft
    
    Signing Identity:     "Sign to Run Locally"
    
    /usr/bin/codesign --force --sign - --timestamp\=none --generate-entitlement-der /Users/builder/Factory/paperloft/build/DerivedData/Build/Products/Debug/Paperloft\ Receipts.app/Contents/MacOS/__preview.dylib

CodeSign /Users/builder/Factory/paperloft/build/DerivedData/Build/Products/Debug/Paperloft\ Receipts.app (in target 'PaperloftApp' from project 'Paperloft')
    cd /Users/builder/Factory/paperloft
    
    Signing Identity:     "Sign to Run Locally"
    
    /usr/bin/codesign --force --sign - --entitlements /Users/builder/Factory/paperloft/build/DerivedData/Build/Intermediates.noindex/Paperloft.build/Debug/PaperloftApp.build/Paperloft\ Receipts.app.xcent --timestamp\=none --generate-entitlement-der /Users/builder/Factory/paperloft/build/DerivedData/Build/Products/Debug/Paperloft\ Receipts.app

RegisterExecutionPolicyException /Users/builder/Factory/paperloft/build/DerivedData/Build/Products/Debug/Paperloft\ Receipts.app (in target 'PaperloftApp' from project 'Paperloft')
    cd /Users/builder/Factory/paperloft
    builtin-RegisterExecutionPolicyException /Users/builder/Factory/paperloft/build/DerivedData/Build/Products/Debug/Paperloft\ Receipts.app

Validate /Users/builder/Factory/paperloft/build/DerivedData/Build/Products/Debug/Paperloft\ Receipts.app (in target 'PaperloftApp' from project 'Paperloft')
    cd /Users/builder/Factory/paperloft
    builtin-validationUtility /Users/builder/Factory/paperloft/build/DerivedData/Build/Products/Debug/Paperloft\ Receipts.app -no-validate-extension -infoplist-subpath Contents/Info.plist

Touch /Users/builder/Factory/paperloft/build/DerivedData/Build/Products/Debug/Paperloft\ Receipts.app (in target 'PaperloftApp' from project 'Paperloft')
    cd /Users/builder/Factory/paperloft
    /usr/bin/touch -c /Users/builder/Factory/paperloft/build/DerivedData/Build/Products/Debug/Paperloft\ Receipts.app

RegisterWithLaunchServices /Users/builder/Factory/paperloft/build/DerivedData/Build/Products/Debug/Paperloft\ Receipts.app (in target 'PaperloftApp' from project 'Paperloft')
    cd /Users/builder/Factory/paperloft
    builtin-lsregisterurl --record-path /Users/builder/Factory/paperloft/build/DerivedData/Build/Intermediates.noindex/XCBuildData/registered-launchservices.txt -- /System/Library/Frameworks/CoreServices.framework/Versions/Current/Frameworks/LaunchServices.framework/Versions/Current/Support/lsregister -f -R -trusted /Users/builder/Factory/paperloft/build/DerivedData/Build/Products/Debug/Paperloft\ Receipts.app

ProcessInfoPlistFile /Users/builder/Factory/paperloft/build/DerivedData/Build/Products/Debug/PaperloftUITests-Runner.app/Contents/PlugIns/PaperloftUITests.xctest/Contents/Info.plist /Users/builder/Factory/paperloft/build/DerivedData/Build/Intermediates.noindex/Paperloft.build/Debug/PaperloftUITests.build/empty-PaperloftUITests.plist (in target 'PaperloftUITests' from project 'Paperloft')
    cd /Users/builder/Factory/paperloft
    builtin-infoPlistUtility /Users/builder/Factory/paperloft/build/DerivedData/Build/Intermediates.noindex/Paperloft.build/Debug/PaperloftUITests.build/empty-PaperloftUITests.plist -producttype com.apple.product-type.bundle.ui-testing -expandbuildsettings -platform macosx -additionalcontentfile /Users/builder/Factory/paperloft/build/DerivedData/Build/Intermediates.noindex/Paperloft.build/Debug/PaperloftUITests.build/ProductTypeInfoPlistAdditions.plist -o /Users/builder/Factory/paperloft/build/DerivedData/Build/Products/Debug/PaperloftUITests-Runner.app/Contents/PlugIns/PaperloftUITests.xctest/Contents/Info.plist

SwiftDriverJobDiscovery normal arm64 Emitting module for PaperloftUITests (in target 'PaperloftUITests' from project 'Paperloft')

SwiftDriver\ Compilation\ Requirements PaperloftUITests normal arm64 com.apple.xcode.tools.swift.compiler (in target 'PaperloftUITests' from project 'Paperloft')
    cd /Users/builder/Factory/paperloft
    builtin-Swift-Compilation-Requirements -- /Applications/Xcode.app/Contents/Developer/Toolchains/XcodeDefault.xctoolchain/usr/bin/swiftc -module-name PaperloftUITests -Onone @/Users/builder/Factory/paperloft/build/DerivedData/Build/Intermediates.noindex/Paperloft.build/Debug/PaperloftUITests.build/Objects-normal/arm64/PaperloftUITests.SwiftFileList -module-alias Testing\=_Testing_Unavailable -plugin-path /Applications/Xcode.app/Contents/Developer/Toolchains/XcodeDefault.xctoolchain/usr/lib/swift/host/plugins/testing -enable-experimental-feature DebugDescriptionMacro -sdk /Applications/Xcode.app/Contents/Developer/Platforms/MacOSX.platform/Developer/SDKs/MacOSX27.0.sdk -target arm64-apple-macos27.0 -g -module-cache-path /Users/builder/Factory/paperloft/build/DerivedData/ModuleCache.noindex -Xfrontend -serialize-debugging-options -profile-coverage-mapping -profile-generate -enable-testing -warnings-as-errors -index-store-path /Users/builder/Factory/paperloft/build/DerivedData/Index.noindex/DataStore -swift-version 6 -I /Users/builder/Factory/paperloft/build/DerivedData/Build/Products/Debug -Isystem /Applications/Xcode.app/Contents/Developer/Platforms/MacOSX.platform/Developer/usr/lib -F /Users/builder/Factory/paperloft/build/DerivedData/Build/Products/Debug -F /Applications/Xcode.app/Contents/Developer/Platforms/MacOSX.platform/Developer/Library/Frameworks -parse-as-library -c -j10 -enable-batch-mode -incremental -Xcc -ivfsstatcache -Xcc /Users/builder/Factory/paperloft/build/DerivedData/SDKStatCaches.noindex/macosx27.0-26A425-7231f6df4def33e022ae2eb8f782df1a.sdkstatcache -output-file-map /Users/builder/Factory/paperloft/build/DerivedData/Build/Intermediates.noindex/Paperloft.build/Debug/PaperloftUITests.build/Objects-normal/arm64/PaperloftUITests-OutputFileMap.json -save-temps -no-color-diagnostics -explicit-module-build -module-cache-path /Users/builder/Factory/paperloft/build/DerivedData/Build/Intermediates.noindex/SwiftExplicitPrecompiledModules -clang-scanner-module-cache-path /Users/builder/Factory/paperloft/build/DerivedData/ModuleCache.noindex -sdk-module-cache-path /Users/builder/Factory/paperloft/build/DerivedData/SDKExplicitPrecompiledModules -emit-dependencies -emit-module -emit-module-path /Users/builder/Factory/paperloft/build/DerivedData/Build/Intermediates.noindex/Paperloft.build/Debug/PaperloftUITests.build/Objects-normal/arm64/PaperloftUITests.swiftmodule -serialize-diagnostics -dependency-scan-serialize-diagnostics-path /Users/builder/Factory/paperloft/build/DerivedData/Build/Intermediates.noindex/Paperloft.build/Debug/PaperloftUITests.build/Objects-normal/arm64/PaperloftUITests-dependency-scan.dia -validate-clang-modules-once -clang-build-session-file /Users/builder/Factory/paperloft/build/DerivedData/ModuleCache.noindex/Session.modulevalidation -Xcc -fmodules-prune-interval\=86400 -Xcc -fmodules-prune-after\=345600 -emit-const-values -const-gather-protocols-list /Users/builder/Factory/paperloft/build/DerivedData/Build/Intermediates.noindex/Paperloft.build/Debug/PaperloftUITests.build/Objects-normal/arm64/PaperloftUITests_const_extract_protocols.json -Xcc -iquote -Xcc /Users/builder/Factory/paperloft/build/DerivedData/Build/Intermediates.noindex/Paperloft.build/Debug/PaperloftUITests.build/PaperloftUITests-generated-files.hmap -Xcc -I/Users/builder/Factory/paperloft/build/DerivedData/Build/Intermediates.noindex/Paperloft.build/Debug/PaperloftUITests.build/PaperloftUITests-own-target-headers.hmap -Xcc -I/Users/builder/Factory/paperloft/build/DerivedData/Build/Intermediates.noindex/Paperloft.build/Debug/PaperloftUITests.build/PaperloftUITests-all-non-framework-target-headers.hmap -Xcc -ivfsoverlay -Xcc /Users/builder/Factory/paperloft/build/DerivedData/Build/Intermediates.noindex/Paperloft.build/Debug/Paperloft-b93ddc6bcd4d234a5473ab01ad3589c4-VFS/all-product-headers.yaml -Xcc -iquote -Xcc /Users/builder/Factory/paperloft/build/DerivedData/Build/Intermediates.noindex/Paperloft.build/Debug/PaperloftUITests.build/PaperloftUITests-project-headers.hmap -Xcc -I/Users/builder/Factory/paperloft/build/DerivedData/Build/Products/Debug/include -Xcc -I/Users/builder/Factory/paperloft/build/DerivedData/Build/Intermediates.noindex/Paperloft.build/Debug/PaperloftUITests.build/DerivedSources-normal/arm64 -Xcc -I/Users/builder/Factory/paperloft/build/DerivedData/Build/Intermediates.noindex/Paperloft.build/Debug/PaperloftUITests.build/DerivedSources/arm64 -Xcc -I/Users/builder/Factory/paperloft/build/DerivedData/Build/Intermediates.noindex/Paperloft.build/Debug/PaperloftUITests.build/DerivedSources -emit-objc-header -emit-objc-header-path /Users/builder/Factory/paperloft/build/DerivedData/Build/Intermediates.noindex/Paperloft.build/Debug/PaperloftUITests.build/Objects-normal/arm64/PaperloftUITests-Swift.h -working-directory /Users/builder/Factory/paperloft -experimental-emit-module-separately -disable-cmo

SwiftMergeGeneratedHeaders /Users/builder/Factory/paperloft/build/DerivedData/Build/Intermediates.noindex/Paperloft.build/Debug/PaperloftUITests.build/DerivedSources/PaperloftUITests-Swift.h /Users/builder/Factory/paperloft/build/DerivedData/Build/Intermediates.noindex/Paperloft.build/Debug/PaperloftUITests.build/Objects-normal/arm64/PaperloftUITests-Swift.h (in target 'PaperloftUITests' from project 'Paperloft')
    cd /Users/builder/Factory/paperloft
    builtin-swiftHeaderTool -arch arm64 /Users/builder/Factory/paperloft/build/DerivedData/Build/Intermediates.noindex/Paperloft.build/Debug/PaperloftUITests.build/Objects-normal/arm64/PaperloftUITests-Swift.h -o /Users/builder/Factory/paperloft/build/DerivedData/Build/Intermediates.noindex/Paperloft.build/Debug/PaperloftUITests.build/DerivedSources/PaperloftUITests-Swift.h

Copy /Users/builder/Factory/paperloft/build/DerivedData/Build/Products/Debug/PaperloftUITests.swiftmodule/arm64-apple-macos.swiftmodule /Users/builder/Factory/paperloft/build/DerivedData/Build/Intermediates.noindex/Paperloft.build/Debug/PaperloftUITests.build/Objects-normal/arm64/PaperloftUITests.swiftmodule (in target 'PaperloftUITests' from project 'Paperloft')
    cd /Users/builder/Factory/paperloft
    builtin-copy -exclude .DS_Store -exclude CVS -exclude .svn -exclude .git -exclude .hg -strip-unsigned-binaries -strip-deterministic -strip-tool /Applications/Xcode.app/Contents/Developer/Toolchains/XcodeDefault.xctoolchain/usr/bin/strip -resolve-src-symlinks -rename /Users/builder/Factory/paperloft/build/DerivedData/Build/Intermediates.noindex/Paperloft.build/Debug/PaperloftUITests.build/Objects-normal/arm64/PaperloftUITests.swiftmodule /Users/builder/Factory/paperloft/build/DerivedData/Build/Products/Debug/PaperloftUITests.swiftmodule/arm64-apple-macos.swiftmodule

Copy /Users/builder/Factory/paperloft/build/DerivedData/Build/Products/Debug/PaperloftUITests.swiftmodule/arm64-apple-macos.abi.json /Users/builder/Factory/paperloft/build/DerivedData/Build/Intermediates.noindex/Paperloft.build/Debug/PaperloftUITests.build/Objects-normal/arm64/PaperloftUITests.abi.json (in target 'PaperloftUITests' from project 'Paperloft')
    cd /Users/builder/Factory/paperloft
    builtin-copy -exclude .DS_Store -exclude CVS -exclude .svn -exclude .git -exclude .hg -strip-unsigned-binaries -strip-deterministic -strip-tool /Applications/Xcode.app/Contents/Developer/Toolchains/XcodeDefault.xctoolchain/usr/bin/strip -resolve-src-symlinks -rename /Users/builder/Factory/paperloft/build/DerivedData/Build/Intermediates.noindex/Paperloft.build/Debug/PaperloftUITests.build/Objects-normal/arm64/PaperloftUITests.abi.json /Users/builder/Factory/paperloft/build/DerivedData/Build/Products/Debug/PaperloftUITests.swiftmodule/arm64-apple-macos.abi.json

Copy /Users/builder/Factory/paperloft/build/DerivedData/Build/Products/Debug/PaperloftUITests.swiftmodule/arm64-apple-macos.swiftdoc /Users/builder/Factory/paperloft/build/DerivedData/Build/Intermediates.noindex/Paperloft.build/Debug/PaperloftUITests.build/Objects-normal/arm64/PaperloftUITests.swiftdoc (in target 'PaperloftUITests' from project 'Paperloft')
    cd /Users/builder/Factory/paperloft
    builtin-copy -exclude .DS_Store -exclude CVS -exclude .svn -exclude .git -exclude .hg -strip-unsigned-binaries -strip-deterministic -strip-tool /Applications/Xcode.app/Contents/Developer/Toolchains/XcodeDefault.xctoolchain/usr/bin/strip -resolve-src-symlinks -rename /Users/builder/Factory/paperloft/build/DerivedData/Build/Intermediates.noindex/Paperloft.build/Debug/PaperloftUITests.build/Objects-normal/arm64/PaperloftUITests.swiftdoc /Users/builder/Factory/paperloft/build/DerivedData/Build/Products/Debug/PaperloftUITests.swiftmodule/arm64-apple-macos.swiftdoc

Copy /Users/builder/Factory/paperloft/build/DerivedData/Build/Products/Debug/PaperloftUITests.swiftmodule/Project/arm64-apple-macos.swiftsourceinfo /Users/builder/Factory/paperloft/build/DerivedData/Build/Intermediates.noindex/Paperloft.build/Debug/PaperloftUITests.build/Objects-normal/arm64/PaperloftUITests.swiftsourceinfo (in target 'PaperloftUITests' from project 'Paperloft')
    cd /Users/builder/Factory/paperloft
    builtin-copy -exclude .DS_Store -exclude CVS -exclude .svn -exclude .git -exclude .hg -strip-unsigned-binaries -strip-deterministic -strip-tool /Applications/Xcode.app/Contents/Developer/Toolchains/XcodeDefault.xctoolchain/usr/bin/strip -resolve-src-symlinks -rename /Users/builder/Factory/paperloft/build/DerivedData/Build/Intermediates.noindex/Paperloft.build/Debug/PaperloftUITests.build/Objects-normal/arm64/PaperloftUITests.swiftsourceinfo /Users/builder/Factory/paperloft/build/DerivedData/Build/Products/Debug/PaperloftUITests.swiftmodule/Project/arm64-apple-macos.swiftsourceinfo

SwiftDriverJobDiscovery normal arm64 Compiling NavigationTests.swift (in target 'PaperloftUITests' from project 'Paperloft')

SwiftDriver\ Compilation PaperloftUITests normal arm64 com.apple.xcode.tools.swift.compiler (in target 'PaperloftUITests' from project 'Paperloft')
    cd /Users/builder/Factory/paperloft
    builtin-Swift-Compilation -- /Applications/Xcode.app/Contents/Developer/Toolchains/XcodeDefault.xctoolchain/usr/bin/swiftc -module-name PaperloftUITests -Onone @/Users/builder/Factory/paperloft/build/DerivedData/Build/Intermediates.noindex/Paperloft.build/Debug/PaperloftUITests.build/Objects-normal/arm64/PaperloftUITests.SwiftFileList -module-alias Testing\=_Testing_Unavailable -plugin-path /Applications/Xcode.app/Contents/Developer/Toolchains/XcodeDefault.xctoolchain/usr/lib/swift/host/plugins/testing -enable-experimental-feature DebugDescriptionMacro -sdk /Applications/Xcode.app/Contents/Developer/Platforms/MacOSX.platform/Developer/SDKs/MacOSX27.0.sdk -target arm64-apple-macos27.0 -g -module-cache-path /Users/builder/Factory/paperloft/build/DerivedData/ModuleCache.noindex -Xfrontend -serialize-debugging-options -profile-coverage-mapping -profile-generate -enable-testing -warnings-as-errors -index-store-path /Users/builder/Factory/paperloft/build/DerivedData/Index.noindex/DataStore -swift-version 6 -I /Users/builder/Factory/paperloft/build/DerivedData/Build/Products/Debug -Isystem /Applications/Xcode.app/Contents/Developer/Platforms/MacOSX.platform/Developer/usr/lib -F /Users/builder/Factory/paperloft/build/DerivedData/Build/Products/Debug -F /Applications/Xcode.app/Contents/Developer/Platforms/MacOSX.platform/Developer/Library/Frameworks -parse-as-library -c -j10 -enable-batch-mode -incremental -Xcc -ivfsstatcache -Xcc /Users/builder/Factory/paperloft/build/DerivedData/SDKStatCaches.noindex/macosx27.0-26A425-7231f6df4def33e022ae2eb8f782df1a.sdkstatcache -output-file-map /Users/builder/Factory/paperloft/build/DerivedData/Build/Intermediates.noindex/Paperloft.build/Debug/PaperloftUITests.build/Objects-normal/arm64/PaperloftUITests-OutputFileMap.json -save-temps -no-color-diagnostics -explicit-module-build -module-cache-path /Users/builder/Factory/paperloft/build/DerivedData/Build/Intermediates.noindex/SwiftExplicitPrecompiledModules -clang-scanner-module-cache-path /Users/builder/Factory/paperloft/build/DerivedData/ModuleCache.noindex -sdk-module-cache-path /Users/builder/Factory/paperloft/build/DerivedData/SDKExplicitPrecompiledModules -emit-dependencies -emit-module -emit-module-path /Users/builder/Factory/paperloft/build/DerivedData/Build/Intermediates.noindex/Paperloft.build/Debug/PaperloftUITests.build/Objects-normal/arm64/PaperloftUITests.swiftmodule -serialize-diagnostics -dependency-scan-serialize-diagnostics-path /Users/builder/Factory/paperloft/build/DerivedData/Build/Intermediates.noindex/Paperloft.build/Debug/PaperloftUITests.build/Objects-normal/arm64/PaperloftUITests-dependency-scan.dia -validate-clang-modules-once -clang-build-session-file /Users/builder/Factory/paperloft/build/DerivedData/ModuleCache.noindex/Session.modulevalidation -Xcc -fmodules-prune-interval\=86400 -Xcc -fmodules-prune-after\=345600 -emit-const-values -const-gather-protocols-list /Users/builder/Factory/paperloft/build/DerivedData/Build/Intermediates.noindex/Paperloft.build/Debug/PaperloftUITests.build/Objects-normal/arm64/PaperloftUITests_const_extract_protocols.json -Xcc -iquote -Xcc /Users/builder/Factory/paperloft/build/DerivedData/Build/Intermediates.noindex/Paperloft.build/Debug/PaperloftUITests.build/PaperloftUITests-generated-files.hmap -Xcc -I/Users/builder/Factory/paperloft/build/DerivedData/Build/Intermediates.noindex/Paperloft.build/Debug/PaperloftUITests.build/PaperloftUITests-own-target-headers.hmap -Xcc -I/Users/builder/Factory/paperloft/build/DerivedData/Build/Intermediates.noindex/Paperloft.build/Debug/PaperloftUITests.build/PaperloftUITests-all-non-framework-target-headers.hmap -Xcc -ivfsoverlay -Xcc /Users/builder/Factory/paperloft/build/DerivedData/Build/Intermediates.noindex/Paperloft.build/Debug/Paperloft-b93ddc6bcd4d234a5473ab01ad3589c4-VFS/all-product-headers.yaml -Xcc -iquote -Xcc /Users/builder/Factory/paperloft/build/DerivedData/Build/Intermediates.noindex/Paperloft.build/Debug/PaperloftUITests.build/PaperloftUITests-project-headers.hmap -Xcc -I/Users/builder/Factory/paperloft/build/DerivedData/Build/Products/Debug/include -Xcc -I/Users/builder/Factory/paperloft/build/DerivedData/Build/Intermediates.noindex/Paperloft.build/Debug/PaperloftUITests.build/DerivedSources-normal/arm64 -Xcc -I/Users/builder/Factory/paperloft/build/DerivedData/Build/Intermediates.noindex/Paperloft.build/Debug/PaperloftUITests.build/DerivedSources/arm64 -Xcc -I/Users/builder/Factory/paperloft/build/DerivedData/Build/Intermediates.noindex/Paperloft.build/Debug/PaperloftUITests.build/DerivedSources -emit-objc-header -emit-objc-header-path /Users/builder/Factory/paperloft/build/DerivedData/Build/Intermediates.noindex/Paperloft.build/Debug/PaperloftUITests.build/Objects-normal/arm64/PaperloftUITests-Swift.h -working-directory /Users/builder/Factory/paperloft -experimental-emit-module-separately -disable-cmo

Ld /Users/builder/Factory/paperloft/build/DerivedData/Build/Products/Debug/PaperloftUITests-Runner.app/Contents/PlugIns/PaperloftUITests.xctest/Contents/MacOS/PaperloftUITests normal (in target 'PaperloftUITests' from project 'Paperloft')
    cd /Users/builder/Factory/paperloft
    /Applications/Xcode.app/Contents/Developer/Toolchains/XcodeDefault.xctoolchain/usr/bin/clang -Xlinker -reproducible -target arm64-apple-macos27.0 -bundle -isysroot /Applications/Xcode.app/Contents/Developer/Platforms/MacOSX.platform/Developer/SDKs/MacOSX27.0.sdk -Os -Xlinker -no_warn_duplicate_libraries -L/Users/builder/Factory/paperloft/build/DerivedData/Build/Intermediates.noindex/EagerLinkingTBDs/Debug -L/Users/builder/Factory/paperloft/build/DerivedData/Build/Products/Debug -L/Applications/Xcode.app/Contents/Developer/Platforms/MacOSX.platform/Developer/usr/lib -F/Users/builder/Factory/paperloft/build/DerivedData/Build/Intermediates.noindex/EagerLinkingTBDs/Debug -F/Users/builder/Factory/paperloft/build/DerivedData/Build/Products/Debug -iframework /Applications/Xcode.app/Contents/Developer/Platforms/MacOSX.platform/Developer/Library/Frameworks -filelist /Users/builder/Factory/paperloft/build/DerivedData/Build/Intermediates.noindex/Paperloft.build/Debug/PaperloftUITests.build/Objects-normal/arm64/PaperloftUITests.LinkFileList -Xlinker -rpath -Xlinker @loader_path/../Frameworks -Xlinker -object_path_lto -Xlinker /Users/builder/Factory/paperloft/build/DerivedData/Build/Intermediates.noindex/Paperloft.build/Debug/PaperloftUITests.build/Objects-normal/arm64/PaperloftUITests_lto.o -rdynamic -Xlinker -debug_variant -Xlinker -dependency_info -Xlinker /Users/builder/Factory/paperloft/build/DerivedData/Build/Intermediates.noindex/Paperloft.build/Debug/PaperloftUITests.build/Objects-normal/arm64/PaperloftUITests_dependency_info.dat -fobjc-link-runtime -fprofile-instr-generate -L/Applications/Xcode.app/Contents/Developer/Toolchains/XcodeDefault.xctoolchain/usr/lib/swift/macosx -L/usr/lib/swift -Xlinker -add_ast_path -Xlinker /Users/builder/Factory/paperloft/build/DerivedData/Build/Intermediates.noindex/Paperloft.build/Debug/PaperloftUITests.build/Objects-normal/arm64/PaperloftUITests.swiftmodule -Xlinker -needed_framework -Xlinker XCTest -framework XCTest -Xlinker -needed-lXCTestSwiftSupport -lXCTestSwiftSupport -Xlinker -no_adhoc_codesign -o /Users/builder/Factory/paperloft/build/DerivedData/Build/Products/Debug/PaperloftUITests-Runner.app/Contents/PlugIns/PaperloftUITests.xctest/Contents/MacOS/PaperloftUITests

ExtractAppIntentsMetadata (in target 'PaperloftUITests' from project 'Paperloft')
    cd /Users/builder/Factory/paperloft
    /Applications/Xcode.app/Contents/Developer/Toolchains/XcodeDefault.xctoolchain/usr/bin/appintentsmetadataprocessor --toolchain-dir /Applications/Xcode.app/Contents/Developer/Toolchains/XcodeDefault.xctoolchain --module-name PaperloftUITests --sdk-root /Applications/Xcode.app/Contents/Developer/Platforms/MacOSX.platform/Developer/SDKs/MacOSX27.0.sdk --xcode-version 27A266a --platform-family macOS --deployment-target 27.0 --bundle-identifier app.paperloft.PaperloftUITests --output /Users/builder/Factory/paperloft/build/DerivedData/Build/Products/Debug/PaperloftUITests-Runner.app/Contents/PlugIns/PaperloftUITests.xctest/Contents/Resources --target-triple arm64-apple-macos27.0 --binary-file /Users/builder/Factory/paperloft/build/DerivedData/Build/Products/Debug/PaperloftUITests-Runner.app/Contents/PlugIns/PaperloftUITests.xctest/Contents/MacOS/PaperloftUITests --dependency-file /Users/builder/Factory/paperloft/build/DerivedData/Build/Intermediates.noindex/Paperloft.build/Debug/PaperloftUITests.build/Objects-normal/arm64/PaperloftUITests_dependency_info.dat --stringsdata-file /Users/builder/Factory/paperloft/build/DerivedData/Build/Intermediates.noindex/Paperloft.build/Debug/PaperloftUITests.build/Objects-normal/arm64/ExtractedAppShortcutsMetadata.stringsdata --source-file-list /Users/builder/Factory/paperloft/build/DerivedData/Build/Intermediates.noindex/Paperloft.build/Debug/PaperloftUITests.build/Objects-normal/arm64/PaperloftUITests.SwiftFileList --metadata-file-list /Users/builder/Factory/paperloft/build/DerivedData/Build/Intermediates.noindex/Paperloft.build/Debug/PaperloftUITests.build/PaperloftUITests.DependencyMetadataFileList --static-metadata-file-list /Users/builder/Factory/paperloft/build/DerivedData/Build/Intermediates.noindex/Paperloft.build/Debug/PaperloftUITests.build/PaperloftUITests.DependencyStaticMetadataFileList --swift-const-vals-list /Users/builder/Factory/paperloft/build/DerivedData/Build/Intermediates.noindex/Paperloft.build/Debug/PaperloftUITests.build/Objects-normal/arm64/PaperloftUITests.SwiftConstValuesFileList --compile-time-extraction --deployment-aware-processing --no-app-shortcuts-localization
2026-09-26 19:29:16.980 appintentsmetadataprocessor[70403:522711] Starting appintentsmetadataprocessor export
2026-09-26 19:29:16.982 appintentsmetadataprocessor[70403:522711] warning: Metadata extraction skipped, no AppIntents.framework dependency found

CopySwiftLibs /Users/builder/Factory/paperloft/build/DerivedData/Build/Products/Debug/PaperloftUITests-Runner.app/Contents/PlugIns/PaperloftUITests.xctest (in target 'PaperloftUITests' from project 'Paperloft')
    cd /Users/builder/Factory/paperloft
    builtin-swiftStdLibTool --copy --verbose --sign - --scan-executable /Users/builder/Factory/paperloft/build/DerivedData/Build/Products/Debug/PaperloftUITests-Runner.app/Contents/PlugIns/PaperloftUITests.xctest/Contents/MacOS/PaperloftUITests --scan-folder /Users/builder/Factory/paperloft/build/DerivedData/Build/Products/Debug/PaperloftUITests-Runner.app/Contents/PlugIns/PaperloftUITests.xctest/Contents/Frameworks --scan-folder /Users/builder/Factory/paperloft/build/DerivedData/Build/Products/Debug/PaperloftUITests-Runner.app/Contents/PlugIns/PaperloftUITests.xctest/Contents/PlugIns --scan-folder /Users/builder/Factory/paperloft/build/DerivedData/Build/Products/Debug/PaperloftUITests-Runner.app/Contents/PlugIns/PaperloftUITests.xctest/Contents/Library/SystemExtensions --scan-folder /Users/builder/Factory/paperloft/build/DerivedData/Build/Products/Debug/PaperloftUITests-Runner.app/Contents/PlugIns/PaperloftUITests.xctest/Contents/Extensions --platform macosx --toolchain /Applications/Xcode.app/Contents/Developer/Toolchains/XcodeDefault.xctoolchain --destination /Users/builder/Factory/paperloft/build/DerivedData/Build/Products/Debug/PaperloftUITests-Runner.app/Contents/PlugIns/PaperloftUITests.xctest/Contents/Frameworks --strip-bitcode --scan-executable /Applications/Xcode.app/Contents/Developer/Platforms/MacOSX.platform/Developer/usr/lib/libXCTestSwiftSupport.dylib --strip-bitcode-tool /Applications/Xcode.app/Contents/Developer/Toolchains/XcodeDefault.xctoolchain/usr/bin/bitcode_strip --emit-dependency-info /Users/builder/Factory/paperloft/build/DerivedData/Build/Intermediates.noindex/Paperloft.build/Debug/PaperloftUITests.build/SwiftStdLibToolInputDependencies.dep --filter-for-swift-os

MkDir /Users/builder/Factory/paperloft/build/DerivedData/Build/Products/Debug/PaperloftUITests-Runner.app (in target 'PaperloftUITests' from project 'Paperloft')
    cd /Users/builder/Factory/paperloft
    /bin/mkdir -p /Users/builder/Factory/paperloft/build/DerivedData/Build/Products/Debug/PaperloftUITests-Runner.app

CopyPlistFile /Users/builder/Factory/paperloft/build/DerivedData/Build/Products/Debug/PaperloftUITests-Runner.app/Contents/Info.plist /Applications/Xcode.app/Contents/Developer/Platforms/MacOSX.platform/Developer/Library/Xcode/Agents/XCTRunner.app/Contents/Info.plist (in target 'PaperloftUITests' from project 'Paperloft')
    cd /Users/builder/Factory/paperloft
    builtin-copyPlist --validate --convert xml1 --macro-expansion WRAPPEDPRODUCTNAME PaperloftUITests-Runner --macro-expansion WRAPPEDPRODUCTBUNDLEIDENTIFIER app.paperloft.PaperloftUITests.xctrunner --macro-expansion TESTPRODUCTNAME PaperloftUITests --macro-expansion TESTPRODUCTBUNDLEIDENTIFIER app.paperloft.PaperloftUITests --copy-value UIDeviceFamily /Users/builder/Factory/paperloft/build/DerivedData/Build/Products/Debug/PaperloftUITests-Runner.app/Contents/PlugIns/PaperloftUITests.xctest/Contents/Info.plist --outdir /Users/builder/Factory/paperloft/build/DerivedData/Build/Products/Debug/PaperloftUITests-Runner.app/Contents -- /Applications/Xcode.app/Contents/Developer/Platforms/MacOSX.platform/Developer/Library/Xcode/Agents/XCTRunner.app/Contents/Info.plist

Copy /Users/builder/Factory/paperloft/build/DerivedData/Build/Products/Debug/PaperloftUITests-Runner.app/Contents/PkgInfo /Applications/Xcode.app/Contents/Developer/Platforms/MacOSX.platform/Developer/Library/Xcode/Agents/XCTRunner.app/Contents/PkgInfo (in target 'PaperloftUITests' from project 'Paperloft')
    cd /Users/builder/Factory/paperloft
    builtin-copy -exclude .DS_Store -exclude CVS -exclude .svn -exclude .git -exclude .hg -strip-unsigned-binaries -strip-deterministic -strip-tool /Applications/Xcode.app/Contents/Developer/Toolchains/XcodeDefault.xctoolchain/usr/bin/strip -resolve-src-symlinks /Applications/Xcode.app/Contents/Developer/Platforms/MacOSX.platform/Developer/Library/Xcode/Agents/XCTRunner.app/Contents/PkgInfo /Users/builder/Factory/paperloft/build/DerivedData/Build/Products/Debug/PaperloftUITests-Runner.app/Contents

CopyAndPreserveArchs /Users/builder/Factory/paperloft/build/DerivedData/Build/Products/Debug/PaperloftUITests-Runner.app/Contents/MacOS/PaperloftUITests-Runner (in target 'PaperloftUITests' from project 'Paperloft')
    cd /Users/builder/Factory/paperloft
    /Applications/Xcode.app/Contents/Developer/Toolchains/XcodeDefault.xctoolchain/usr/bin/lipo /Applications/Xcode.app/Contents/Developer/Platforms/MacOSX.platform/Developer/Library/Xcode/Agents/XCTRunner.app/Contents/MacOS/XCTRunner -output /Users/builder/Factory/paperloft/build/DerivedData/Build/Products/Debug/PaperloftUITests-Runner.app/Contents/MacOS/PaperloftUITests-Runner -extract arm64

CodeSign /Users/builder/Factory/paperloft/build/DerivedData/Build/Products/Debug/PaperloftUITests-Runner.app/Contents/PlugIns/PaperloftUITests.xctest (in target 'PaperloftUITests' from project 'Paperloft')
    cd /Users/builder/Factory/paperloft
    
    Signing Identity:     "Sign to Run Locally"
    
    /usr/bin/codesign --force --sign - --entitlements /Users/builder/Factory/paperloft/build/DerivedData/Build/Intermediates.noindex/Paperloft.build/Debug/PaperloftUITests.build/PaperloftUITests.xctest.xcent --timestamp\=none --generate-entitlement-der /Users/builder/Factory/paperloft/build/DerivedData/Build/Products/Debug/PaperloftUITests-Runner.app/Contents/PlugIns/PaperloftUITests.xctest

CodeSign /Users/builder/Factory/paperloft/build/DerivedData/Build/Products/Debug/PaperloftUITests-Runner.app (in target 'PaperloftUITests' from project 'Paperloft')
    cd /Users/builder/Factory/paperloft
    
    Signing Identity:     "Sign to Run Locally"
    
    /usr/bin/codesign --force --sign - --entitlements /Users/builder/Factory/paperloft/build/DerivedData/Build/Intermediates.noindex/Paperloft.build/Debug/PaperloftUITests.build/PaperloftUITests.xctest.xcent --timestamp\=none --generate-entitlement-der /Users/builder/Factory/paperloft/build/DerivedData/Build/Products/Debug/PaperloftUITests-Runner.app
/Users/builder/Factory/paperloft/build/DerivedData/Build/Products/Debug/PaperloftUITests-Runner.app: replacing existing signature

RegisterExecutionPolicyException /Users/builder/Factory/paperloft/build/DerivedData/Build/Products/Debug/PaperloftUITests-Runner.app/Contents/PlugIns/PaperloftUITests.xctest (in target 'PaperloftUITests' from project 'Paperloft')
    cd /Users/builder/Factory/paperloft
    builtin-RegisterExecutionPolicyException /Users/builder/Factory/paperloft/build/DerivedData/Build/Products/Debug/PaperloftUITests-Runner.app/Contents/PlugIns/PaperloftUITests.xctest

Touch /Users/builder/Factory/paperloft/build/DerivedData/Build/Products/Debug/PaperloftUITests-Runner.app/Contents/PlugIns/PaperloftUITests.xctest (in target 'PaperloftUITests' from project 'Paperloft')
    cd /Users/builder/Factory/paperloft
    /usr/bin/touch -c /Users/builder/Factory/paperloft/build/DerivedData/Build/Products/Debug/PaperloftUITests-Runner.app/Contents/PlugIns/PaperloftUITests.xctest

PruneExplicitPrecompiledModules /Users/builder/Factory/paperloft/build/DerivedData/Build/Intermediates.noindex/ExplicitPrecompiledModules

PruneExplicitPrecompiledModules /Users/builder/Factory/paperloft/build/DerivedData/SDKExplicitPrecompiledModules

PruneExplicitPrecompiledModules /Users/builder/Factory/paperloft/build/DerivedData/Build/Intermediates.noindex/SwiftExplicitPrecompiledModules

2026-09-26 19:29:17.067 xcodebuild[70332:522136]  DVTAssertions: Warning in IDEFrameworks/IDEFoundation/Execution/LaunchSystem/IDELaunchSession.m:395
Details:  setRunnablePIDWithDiagnostics:logSection:andCompletionHandler: called without a completion handler - blocking until diagnostics setup completes. Callers should migrate to using a completion handler for better performance.
Object:   <IDELaunchSession: 0x7909fae880>
Method:   -setRunnablePIDWithDiagnostics:logSection:andCompletionHandler:
Thread:   <NSThread: 0x790cfc8500>{number = 6, name = (null)}
Please file a bug at https://feedbackassistant.apple.com with this warning message and any useful information you can provide.
Test Suite 'All tests' started at 2026-09-26 19:29:17.843.
Test Suite 'All tests' passed at 2026-09-26 19:29:17.844.
	 Executed 0 tests, with 0 failures (0 unexpected) in 0.000 (0.001) seconds
◇ Test run started.
↳ Testing Library Version: 2084
↳ Target Platform: arm64e-apple-macos14.0
◇ Test filenameDoesNotTraversePaths() started.
◇ Test calendarValidation() started.
◇ Test amountsKeepTheirCents() started.
◇ Test decodedDatesAreValidated() started.
✔ Test amountsKeepTheirCents() passed after 0.001 seconds.
✔ Test filenameDoesNotTraversePaths() passed after 0.001 seconds.
✔ Test decodedDatesAreValidated() passed after 0.001 seconds.
✔ Test calendarValidation() passed after 0.001 seconds.
✔ Test run with 4 tests in 0 suites passed after 0.001 seconds.
2026-09-26 19:29:18.774546-0700 PaperloftUITests-Runner[70422:522836] [Default] Running tests...
Test Suite 'All tests' started at 2026-09-26 19:29:18.866.
Test Suite 'PaperloftUITests.xctest' started at 2026-09-26 19:29:18.866.
Test Suite 'NavigationTests' started at 2026-09-26 19:29:18.866.
Test Case '-[PaperloftUITests.NavigationTests testSidebarNavigation]' started.
    t =     0.00s Start Test at 2026-09-26 19:29:18.867
    t =     0.18s Set Up
    t =     0.18s Open app.paperloft.receipts
    t =     0.18s     Launch app.paperloft.receipts
2026-09-26 19:29:19.117 xcodebuild[70332:522106] [MT] IDELaunchParametersSnapshot: debugger version lookup failed for path '<nil>': noURL
2026-09-26 19:29:19.117 xcodebuild[70332:522106] [MT] IDELaunchParametersSnapshot: no debugger version
    t =     1.02s         Wait for accessibility to load
    t =     1.24s         Setting up automation session
    t =     1.27s         Wait for app.paperloft.receipts to idle
    t =     1.29s Open app.paperloft.receipts
    t =     1.30s     Activate app.paperloft.receipts
    t =     1.32s         Wait for app.paperloft.receipts to idle
    t =     1.32s Wait for app.paperloft.receipts to become Running Foreground
    t =     1.33s Waiting 10.0s for "content.title" StaticText to exist
    t =     2.37s     Checking `Expect predicate `existsNoRetry == 1` for object "content.title" StaticText`
    t =     2.38s         Checking existence of `"content.title" StaticText`
    t =     2.59s Click "sidebar.inbox" Button
    t =     2.60s     Wait for app.paperloft.receipts to idle
    t =     2.61s     Find the "sidebar.inbox" Button
    t =     2.66s     Check for interrupting elements affecting "sidebar.inbox" Button
    t =     2.72s     Synthesize event
    t =     3.25s     Wait for app.paperloft.receipts to idle
    t =     3.26s Find the "content.title" StaticText
    t =     3.32s Click "sidebar.library" Button
    t =     3.32s     Wait for app.paperloft.receipts to idle
    t =     3.33s     Find the "sidebar.library" Button
    t =     3.38s     Check for interrupting elements affecting "sidebar.library" Button
    t =     3.39s     Synthesize event
    t =     3.90s     Wait for app.paperloft.receipts to idle
    t =     3.91s Find the "content.title" StaticText
    t =     3.98s Click "sidebar.history" Button
    t =     3.98s     Wait for app.paperloft.receipts to idle
    t =     3.99s     Find the "sidebar.history" Button
    t =     4.04s     Check for interrupting elements affecting "sidebar.history" Button
    t =     4.06s     Synthesize event
    t =     4.52s     Wait for app.paperloft.receipts to idle
    t =     4.52s Find the "content.title" StaticText
    t =     4.58s Terminate app.paperloft.receipts:70425
    t =     5.67s Tear Down
Test Case '-[PaperloftUITests.NavigationTests testSidebarNavigation]' passed (5.919 seconds).
Test Suite 'NavigationTests' passed at 2026-09-26 19:29:24.787.
	 Executed 1 test, with 0 failures (0 unexpected) in 5.919 (5.921) seconds
Test Suite 'PaperloftUITests.xctest' passed at 2026-09-26 19:29:24.788.
	 Executed 1 test, with 0 failures (0 unexpected) in 5.919 (5.922) seconds
Test Suite 'All tests' passed at 2026-09-26 19:29:24.789.
	 Executed 1 test, with 0 failures (0 unexpected) in 5.919 (5.923) seconds
2026-09-26 19:29:25.072 xcodebuild[70332:522106] [MT] IDETestOperationsObserverDebug: 8.038 elapsed -- Testing started completed.
2026-09-26 19:29:25.072 xcodebuild[70332:522106] [MT] IDETestOperationsObserverDebug: 0.000 sec, +0.000 sec -- start
2026-09-26 19:29:25.072 xcodebuild[70332:522106] [MT] IDETestOperationsObserverDebug: 8.038 sec, +8.038 sec -- end

Test session results, code coverage, and logs:
	/Users/builder/Factory/paperloft/build/Tests-20260926-192913.xcresult

** TEST SUCCEEDED **

Testing started
Local CI passed. Results: build/Tests-20260926-192913.xcresult
PASS: sandbox, no outgoing network entitlement, privacy manifest and Apple system libraries.
