Command line invocation:
    /Applications/Xcode.app/Contents/Developer/usr/bin/xcodebuild -project Paperloft.xcodeproj -scheme PaperloftApp -destination platform=macOS -derivedDataPath build/VerifierDerivedData SWIFT_TREAT_WARNINGS_AS_ERRORS=YES -configuration Release clean build

Build settings from command line:
    SWIFT_TREAT_WARNINGS_AS_ERRORS = YES

Resolve Package Graph


Resolved source packages:
  PaperloftKit: /Users/builder/Factory/paperloft/evidence/checkouts/p2-checkpoint9283f0c/Packages/PaperloftKit @ local

CreateBuildRequest

SendProjectDescription

CreateBuildOperation

** CLEAN SUCCEEDED **

ComputePackagePrebuildTargetDependencyGraph

Prepare packages

CreateBuildRequest

SendProjectDescription

CreateBuildOperation

ComputeTargetDependencyGraph
note: Building targets in dependency order
note: Target dependency graph (3 targets)
    Target 'PaperloftApp' in project 'Paperloft'
        ➜ Explicit dependency on target 'PaperloftKit-product' in project 'PaperloftKit'
    Target 'PaperloftKit-product' in project 'PaperloftKit'
        ➜ Explicit dependency on target 'PaperloftKit' in project 'PaperloftKit'
    Target 'PaperloftKit' in project 'PaperloftKit' (no dependencies)

GatherProvisioningInputs

CreateBuildDescription

ExecuteExternalTool /Applications/Xcode.app/Contents/Developer/Toolchains/XcodeDefault.xctoolchain/usr/bin/clang -v -E -dM -isysroot /Applications/Xcode.app/Contents/Developer/Platforms/MacOSX.platform/Developer/SDKs/MacOSX27.0.sdk -x c -c /dev/null

ExecuteExternalTool /Applications/Xcode.app/Contents/Developer/Toolchains/XcodeDefault.xctoolchain/usr/bin/swiftc --version

ExecuteExternalTool /Applications/Xcode.app/Contents/Developer/Toolchains/XcodeDefault.xctoolchain/usr/bin/ld -version_details

Build description signature: 32d2b72682b035cda88430a016a13ba1
Build description path: /Users/builder/Factory/paperloft/evidence/checkouts/p2-checkpoint9283f0c/build/VerifierDerivedData/Build/Intermediates.noindex/XCBuildData/32d2b72682b035cda88430a016a13ba1.xcbuilddata
CreateBuildDirectory /Users/builder/Factory/paperloft/evidence/checkouts/p2-checkpoint9283f0c/build/VerifierDerivedData/SDKExplicitPrecompiledModules
    cd /Users/builder/Factory/paperloft/evidence/checkouts/p2-checkpoint9283f0c/Paperloft.xcodeproj
    builtin-create-build-directory /Users/builder/Factory/paperloft/evidence/checkouts/p2-checkpoint9283f0c/build/VerifierDerivedData/SDKExplicitPrecompiledModules

CreateBuildDirectory /Users/builder/Factory/paperloft/evidence/checkouts/p2-checkpoint9283f0c/build/VerifierDerivedData/ModuleCache.noindex
    cd /Users/builder/Factory/paperloft/evidence/checkouts/p2-checkpoint9283f0c/Paperloft.xcodeproj
    builtin-create-build-directory /Users/builder/Factory/paperloft/evidence/checkouts/p2-checkpoint9283f0c/build/VerifierDerivedData/ModuleCache.noindex

CreateBuildDirectory /Users/builder/Factory/paperloft/evidence/checkouts/p2-checkpoint9283f0c/build/VerifierDerivedData/CompilationCache.noindex
    cd /Users/builder/Factory/paperloft/evidence/checkouts/p2-checkpoint9283f0c/Paperloft.xcodeproj
    builtin-create-build-directory /Users/builder/Factory/paperloft/evidence/checkouts/p2-checkpoint9283f0c/build/VerifierDerivedData/CompilationCache.noindex

ClangStatCache /Applications/Xcode.app/Contents/Developer/Toolchains/XcodeDefault.xctoolchain/usr/bin/clang-stat-cache /Applications/Xcode.app/Contents/Developer/Platforms/MacOSX.platform/Developer/SDKs/MacOSX27.0.sdk /Users/builder/Factory/paperloft/evidence/checkouts/p2-checkpoint9283f0c/build/VerifierDerivedData/SDKStatCaches.noindex/macosx27.0-26A425-7231f6df4def33e022ae2eb8f782df1a.sdkstatcache
    cd /Users/builder/Factory/paperloft/evidence/checkouts/p2-checkpoint9283f0c/Paperloft.xcodeproj
    /Applications/Xcode.app/Contents/Developer/Toolchains/XcodeDefault.xctoolchain/usr/bin/clang-stat-cache /Applications/Xcode.app/Contents/Developer/Platforms/MacOSX.platform/Developer/SDKs/MacOSX27.0.sdk -o /Users/builder/Factory/paperloft/evidence/checkouts/p2-checkpoint9283f0c/build/VerifierDerivedData/SDKStatCaches.noindex/macosx27.0-26A425-7231f6df4def33e022ae2eb8f782df1a.sdkstatcache

CreateBuildDirectory /Users/builder/Factory/paperloft/evidence/checkouts/p2-checkpoint9283f0c/build/VerifierDerivedData/Build/Products
    cd /Users/builder/Factory/paperloft/evidence/checkouts/p2-checkpoint9283f0c/Paperloft.xcodeproj
    builtin-create-build-directory /Users/builder/Factory/paperloft/evidence/checkouts/p2-checkpoint9283f0c/build/VerifierDerivedData/Build/Products

CreateBuildDirectory /Users/builder/Factory/paperloft/evidence/checkouts/p2-checkpoint9283f0c/build/VerifierDerivedData/Build/Intermediates.noindex
    cd /Users/builder/Factory/paperloft/evidence/checkouts/p2-checkpoint9283f0c/Paperloft.xcodeproj
    builtin-create-build-directory /Users/builder/Factory/paperloft/evidence/checkouts/p2-checkpoint9283f0c/build/VerifierDerivedData/Build/Intermediates.noindex

CreateBuildDirectory /Users/builder/Factory/paperloft/evidence/checkouts/p2-checkpoint9283f0c/build/VerifierDerivedData/Build/Intermediates.noindex/SwiftExplicitPrecompiledModules
    cd /Users/builder/Factory/paperloft/evidence/checkouts/p2-checkpoint9283f0c/Paperloft.xcodeproj
    builtin-create-build-directory /Users/builder/Factory/paperloft/evidence/checkouts/p2-checkpoint9283f0c/build/VerifierDerivedData/Build/Intermediates.noindex/SwiftExplicitPrecompiledModules

CreateBuildDirectory /Users/builder/Factory/paperloft/evidence/checkouts/p2-checkpoint9283f0c/build/VerifierDerivedData/Build/Intermediates.noindex/PrecompiledHeaders
    cd /Users/builder/Factory/paperloft/evidence/checkouts/p2-checkpoint9283f0c/Paperloft.xcodeproj
    builtin-create-build-directory /Users/builder/Factory/paperloft/evidence/checkouts/p2-checkpoint9283f0c/build/VerifierDerivedData/Build/Intermediates.noindex/PrecompiledHeaders

CreateBuildDirectory /Users/builder/Factory/paperloft/evidence/checkouts/p2-checkpoint9283f0c/build/VerifierDerivedData/Build/Intermediates.noindex/ExplicitPrecompiledModules
    cd /Users/builder/Factory/paperloft/evidence/checkouts/p2-checkpoint9283f0c/Paperloft.xcodeproj
    builtin-create-build-directory /Users/builder/Factory/paperloft/evidence/checkouts/p2-checkpoint9283f0c/build/VerifierDerivedData/Build/Intermediates.noindex/ExplicitPrecompiledModules

CreateBuildDirectory /Users/builder/Factory/paperloft/evidence/checkouts/p2-checkpoint9283f0c/build/VerifierDerivedData/Build/Intermediates.noindex/EagerLinkingTBDs/Release
    cd /Users/builder/Factory/paperloft/evidence/checkouts/p2-checkpoint9283f0c/Paperloft.xcodeproj
    builtin-create-build-directory /Users/builder/Factory/paperloft/evidence/checkouts/p2-checkpoint9283f0c/build/VerifierDerivedData/Build/Intermediates.noindex/EagerLinkingTBDs/Release

CreateBuildDirectory /Users/builder/Factory/paperloft/evidence/checkouts/p2-checkpoint9283f0c/build/VerifierDerivedData/Build/Products/Release
    cd /Users/builder/Factory/paperloft/evidence/checkouts/p2-checkpoint9283f0c/Paperloft.xcodeproj
    builtin-create-build-directory /Users/builder/Factory/paperloft/evidence/checkouts/p2-checkpoint9283f0c/build/VerifierDerivedData/Build/Products/Release

WriteAuxiliaryFile /Users/builder/Factory/paperloft/evidence/checkouts/p2-checkpoint9283f0c/build/VerifierDerivedData/Build/Intermediates.noindex/Paperloft.build/Release/Paperloft-b93ddc6bcd4d234a5473ab01ad3589c4-VFS/all-product-headers.yaml
    cd /Users/builder/Factory/paperloft/evidence/checkouts/p2-checkpoint9283f0c/Paperloft.xcodeproj
    write-file /Users/builder/Factory/paperloft/evidence/checkouts/p2-checkpoint9283f0c/build/VerifierDerivedData/Build/Intermediates.noindex/Paperloft.build/Release/Paperloft-b93ddc6bcd4d234a5473ab01ad3589c4-VFS/all-product-headers.yaml

CreateBuildDirectory /Users/builder/Factory/paperloft/evidence/checkouts/p2-checkpoint9283f0c/build/VerifierDerivedData/Build/Products/Release/PackageFrameworks
    cd /Users/builder/Factory/paperloft/evidence/checkouts/p2-checkpoint9283f0c/Paperloft.xcodeproj
    builtin-create-build-directory /Users/builder/Factory/paperloft/evidence/checkouts/p2-checkpoint9283f0c/build/VerifierDerivedData/Build/Products/Release/PackageFrameworks

WriteAuxiliaryFile /Users/builder/Factory/paperloft/evidence/checkouts/p2-checkpoint9283f0c/build/VerifierDerivedData/Build/Intermediates.noindex/PaperloftKit.build/Release/PaperloftKit-t.build/PaperloftKit.DependencyMetadataFileList (in target 'PaperloftKit' from project 'PaperloftKit')
    cd /Users/builder/Factory/paperloft/evidence/checkouts/p2-checkpoint9283f0c/Packages/PaperloftKit
    write-file /Users/builder/Factory/paperloft/evidence/checkouts/p2-checkpoint9283f0c/build/VerifierDerivedData/Build/Intermediates.noindex/PaperloftKit.build/Release/PaperloftKit-t.build/PaperloftKit.DependencyMetadataFileList

WriteAuxiliaryFile /Users/builder/Factory/paperloft/evidence/checkouts/p2-checkpoint9283f0c/build/VerifierDerivedData/Build/Intermediates.noindex/PaperloftKit.build/Release/PaperloftKit-t.build/PaperloftKit.DependencyStaticMetadataFileList (in target 'PaperloftKit' from project 'PaperloftKit')
    cd /Users/builder/Factory/paperloft/evidence/checkouts/p2-checkpoint9283f0c/Packages/PaperloftKit
    write-file /Users/builder/Factory/paperloft/evidence/checkouts/p2-checkpoint9283f0c/build/VerifierDerivedData/Build/Intermediates.noindex/PaperloftKit.build/Release/PaperloftKit-t.build/PaperloftKit.DependencyStaticMetadataFileList

WriteAuxiliaryFile /Users/builder/Factory/paperloft/evidence/checkouts/p2-checkpoint9283f0c/build/VerifierDerivedData/Build/Intermediates.noindex/PaperloftKit.build/Release/PaperloftKit-t.build/PaperloftKit.modulemap (in target 'PaperloftKit' from project 'PaperloftKit')
    cd /Users/builder/Factory/paperloft/evidence/checkouts/p2-checkpoint9283f0c/Packages/PaperloftKit
    write-file /Users/builder/Factory/paperloft/evidence/checkouts/p2-checkpoint9283f0c/build/VerifierDerivedData/Build/Intermediates.noindex/PaperloftKit.build/Release/PaperloftKit-t.build/PaperloftKit.modulemap

WriteAuxiliaryFile /Users/builder/Factory/paperloft/evidence/checkouts/p2-checkpoint9283f0c/build/VerifierDerivedData/Build/Intermediates.noindex/PaperloftKit.build/Release/PaperloftKit-t.build/Objects-normal/arm64/PaperloftKit.LinkFileList (in target 'PaperloftKit' from project 'PaperloftKit')
    cd /Users/builder/Factory/paperloft/evidence/checkouts/p2-checkpoint9283f0c/Packages/PaperloftKit
    write-file /Users/builder/Factory/paperloft/evidence/checkouts/p2-checkpoint9283f0c/build/VerifierDerivedData/Build/Intermediates.noindex/PaperloftKit.build/Release/PaperloftKit-t.build/Objects-normal/arm64/PaperloftKit.LinkFileList

WriteAuxiliaryFile /Users/builder/Factory/paperloft/evidence/checkouts/p2-checkpoint9283f0c/build/VerifierDerivedData/Build/Intermediates.noindex/PaperloftKit.build/Release/PaperloftKit-t.build/Objects-normal/arm64/PaperloftKit-OutputFileMap.json (in target 'PaperloftKit' from project 'PaperloftKit')
    cd /Users/builder/Factory/paperloft/evidence/checkouts/p2-checkpoint9283f0c/Packages/PaperloftKit
    write-file /Users/builder/Factory/paperloft/evidence/checkouts/p2-checkpoint9283f0c/build/VerifierDerivedData/Build/Intermediates.noindex/PaperloftKit.build/Release/PaperloftKit-t.build/Objects-normal/arm64/PaperloftKit-OutputFileMap.json

WriteAuxiliaryFile /Users/builder/Factory/paperloft/evidence/checkouts/p2-checkpoint9283f0c/build/VerifierDerivedData/Build/Intermediates.noindex/PaperloftKit.build/Release/PaperloftKit-t.build/Objects-normal/arm64/PaperloftKit.SwiftFileList (in target 'PaperloftKit' from project 'PaperloftKit')
    cd /Users/builder/Factory/paperloft/evidence/checkouts/p2-checkpoint9283f0c/Packages/PaperloftKit
    write-file /Users/builder/Factory/paperloft/evidence/checkouts/p2-checkpoint9283f0c/build/VerifierDerivedData/Build/Intermediates.noindex/PaperloftKit.build/Release/PaperloftKit-t.build/Objects-normal/arm64/PaperloftKit.SwiftFileList

WriteAuxiliaryFile /Users/builder/Factory/paperloft/evidence/checkouts/p2-checkpoint9283f0c/build/VerifierDerivedData/Build/Intermediates.noindex/PaperloftKit.build/Release/PaperloftKit-t.build/Objects-normal/arm64/PaperloftKit_const_extract_protocols.json (in target 'PaperloftKit' from project 'PaperloftKit')
    cd /Users/builder/Factory/paperloft/evidence/checkouts/p2-checkpoint9283f0c/Packages/PaperloftKit
    write-file /Users/builder/Factory/paperloft/evidence/checkouts/p2-checkpoint9283f0c/build/VerifierDerivedData/Build/Intermediates.noindex/PaperloftKit.build/Release/PaperloftKit-t.build/Objects-normal/arm64/PaperloftKit_const_extract_protocols.json

WriteAuxiliaryFile /Users/builder/Factory/paperloft/evidence/checkouts/p2-checkpoint9283f0c/build/VerifierDerivedData/Build/Intermediates.noindex/PaperloftKit.build/Release/PaperloftKit-t.build/Objects-normal/arm64/PaperloftKit.SwiftConstValuesFileList (in target 'PaperloftKit' from project 'PaperloftKit')
    cd /Users/builder/Factory/paperloft/evidence/checkouts/p2-checkpoint9283f0c/Packages/PaperloftKit
    write-file /Users/builder/Factory/paperloft/evidence/checkouts/p2-checkpoint9283f0c/build/VerifierDerivedData/Build/Intermediates.noindex/PaperloftKit.build/Release/PaperloftKit-t.build/Objects-normal/arm64/PaperloftKit.SwiftConstValuesFileList

WriteAuxiliaryFile /Users/builder/Factory/paperloft/evidence/checkouts/p2-checkpoint9283f0c/build/VerifierDerivedData/Build/Intermediates.noindex/Paperloft.build/Release/PaperloftApp.build/empty-Paperloft\ Receipts.plist (in target 'PaperloftApp' from project 'Paperloft')
    cd /Users/builder/Factory/paperloft/evidence/checkouts/p2-checkpoint9283f0c
    write-file /Users/builder/Factory/paperloft/evidence/checkouts/p2-checkpoint9283f0c/build/VerifierDerivedData/Build/Intermediates.noindex/Paperloft.build/Release/PaperloftApp.build/empty-Paperloft\ Receipts.plist

WriteAuxiliaryFile /Users/builder/Factory/paperloft/evidence/checkouts/p2-checkpoint9283f0c/build/VerifierDerivedData/Build/Intermediates.noindex/Paperloft.build/Release/PaperloftApp.build/Paperloft\ Receipts.hmap (in target 'PaperloftApp' from project 'Paperloft')
    cd /Users/builder/Factory/paperloft/evidence/checkouts/p2-checkpoint9283f0c
    write-file /Users/builder/Factory/paperloft/evidence/checkouts/p2-checkpoint9283f0c/build/VerifierDerivedData/Build/Intermediates.noindex/Paperloft.build/Release/PaperloftApp.build/Paperloft\ Receipts.hmap

WriteAuxiliaryFile /Users/builder/Factory/paperloft/evidence/checkouts/p2-checkpoint9283f0c/build/VerifierDerivedData/Build/Intermediates.noindex/Paperloft.build/Release/PaperloftApp.build/Paperloft\ Receipts.DependencyStaticMetadataFileList (in target 'PaperloftApp' from project 'Paperloft')
    cd /Users/builder/Factory/paperloft/evidence/checkouts/p2-checkpoint9283f0c
    write-file /Users/builder/Factory/paperloft/evidence/checkouts/p2-checkpoint9283f0c/build/VerifierDerivedData/Build/Intermediates.noindex/Paperloft.build/Release/PaperloftApp.build/Paperloft\ Receipts.DependencyStaticMetadataFileList

WriteAuxiliaryFile /Users/builder/Factory/paperloft/evidence/checkouts/p2-checkpoint9283f0c/build/VerifierDerivedData/Build/Intermediates.noindex/Paperloft.build/Release/PaperloftApp.build/Paperloft\ Receipts.DependencyMetadataFileList (in target 'PaperloftApp' from project 'Paperloft')
    cd /Users/builder/Factory/paperloft/evidence/checkouts/p2-checkpoint9283f0c
    write-file /Users/builder/Factory/paperloft/evidence/checkouts/p2-checkpoint9283f0c/build/VerifierDerivedData/Build/Intermediates.noindex/Paperloft.build/Release/PaperloftApp.build/Paperloft\ Receipts.DependencyMetadataFileList

Copy /Users/builder/Factory/paperloft/evidence/checkouts/p2-checkpoint9283f0c/build/VerifierDerivedData/Build/Intermediates.noindex/GeneratedModuleMaps/PaperloftKit.modulemap /Users/builder/Factory/paperloft/evidence/checkouts/p2-checkpoint9283f0c/build/VerifierDerivedData/Build/Intermediates.noindex/PaperloftKit.build/Release/PaperloftKit-t.build/PaperloftKit.modulemap (in target 'PaperloftKit' from project 'PaperloftKit')
    cd /Users/builder/Factory/paperloft/evidence/checkouts/p2-checkpoint9283f0c/Packages/PaperloftKit
    builtin-copy -exclude .DS_Store -exclude CVS -exclude .svn -exclude .git -exclude .hg -strip-unsigned-binaries -strip-deterministic -strip-tool /Applications/Xcode.app/Contents/Developer/Toolchains/XcodeDefault.xctoolchain/usr/bin/strip -resolve-src-symlinks /Users/builder/Factory/paperloft/evidence/checkouts/p2-checkpoint9283f0c/build/VerifierDerivedData/Build/Intermediates.noindex/PaperloftKit.build/Release/PaperloftKit-t.build/PaperloftKit.modulemap /Users/builder/Factory/paperloft/evidence/checkouts/p2-checkpoint9283f0c/build/VerifierDerivedData/Build/Intermediates.noindex/GeneratedModuleMaps

WriteAuxiliaryFile /Users/builder/Factory/paperloft/evidence/checkouts/p2-checkpoint9283f0c/build/VerifierDerivedData/Build/Intermediates.noindex/Paperloft.build/Release/PaperloftApp.build/Paperloft\ Receipts-project-headers.hmap (in target 'PaperloftApp' from project 'Paperloft')
    cd /Users/builder/Factory/paperloft/evidence/checkouts/p2-checkpoint9283f0c
    write-file /Users/builder/Factory/paperloft/evidence/checkouts/p2-checkpoint9283f0c/build/VerifierDerivedData/Build/Intermediates.noindex/Paperloft.build/Release/PaperloftApp.build/Paperloft\ Receipts-project-headers.hmap

WriteAuxiliaryFile /Users/builder/Factory/paperloft/evidence/checkouts/p2-checkpoint9283f0c/build/VerifierDerivedData/Build/Intermediates.noindex/Paperloft.build/Release/PaperloftApp.build/Paperloft\ Receipts-own-target-headers.hmap (in target 'PaperloftApp' from project 'Paperloft')
    cd /Users/builder/Factory/paperloft/evidence/checkouts/p2-checkpoint9283f0c
    write-file /Users/builder/Factory/paperloft/evidence/checkouts/p2-checkpoint9283f0c/build/VerifierDerivedData/Build/Intermediates.noindex/Paperloft.build/Release/PaperloftApp.build/Paperloft\ Receipts-own-target-headers.hmap

WriteAuxiliaryFile /Users/builder/Factory/paperloft/evidence/checkouts/p2-checkpoint9283f0c/build/VerifierDerivedData/Build/Intermediates.noindex/Paperloft.build/Release/PaperloftApp.build/Paperloft\ Receipts-generated-files.hmap (in target 'PaperloftApp' from project 'Paperloft')
    cd /Users/builder/Factory/paperloft/evidence/checkouts/p2-checkpoint9283f0c
    write-file /Users/builder/Factory/paperloft/evidence/checkouts/p2-checkpoint9283f0c/build/VerifierDerivedData/Build/Intermediates.noindex/Paperloft.build/Release/PaperloftApp.build/Paperloft\ Receipts-generated-files.hmap

WriteAuxiliaryFile /Users/builder/Factory/paperloft/evidence/checkouts/p2-checkpoint9283f0c/build/VerifierDerivedData/Build/Intermediates.noindex/Paperloft.build/Release/PaperloftApp.build/Paperloft\ Receipts-all-target-headers.hmap (in target 'PaperloftApp' from project 'Paperloft')
    cd /Users/builder/Factory/paperloft/evidence/checkouts/p2-checkpoint9283f0c
    write-file /Users/builder/Factory/paperloft/evidence/checkouts/p2-checkpoint9283f0c/build/VerifierDerivedData/Build/Intermediates.noindex/Paperloft.build/Release/PaperloftApp.build/Paperloft\ Receipts-all-target-headers.hmap

WriteAuxiliaryFile /Users/builder/Factory/paperloft/evidence/checkouts/p2-checkpoint9283f0c/build/VerifierDerivedData/Build/Intermediates.noindex/Paperloft.build/Release/PaperloftApp.build/Paperloft\ Receipts-all-non-framework-target-headers.hmap (in target 'PaperloftApp' from project 'Paperloft')
    cd /Users/builder/Factory/paperloft/evidence/checkouts/p2-checkpoint9283f0c
    write-file /Users/builder/Factory/paperloft/evidence/checkouts/p2-checkpoint9283f0c/build/VerifierDerivedData/Build/Intermediates.noindex/Paperloft.build/Release/PaperloftApp.build/Paperloft\ Receipts-all-non-framework-target-headers.hmap

WriteAuxiliaryFile /Users/builder/Factory/paperloft/evidence/checkouts/p2-checkpoint9283f0c/build/VerifierDerivedData/Build/Intermediates.noindex/Paperloft.build/Release/PaperloftApp.build/Objects-normal/arm64/PaperloftApp_const_extract_protocols.json (in target 'PaperloftApp' from project 'Paperloft')
    cd /Users/builder/Factory/paperloft/evidence/checkouts/p2-checkpoint9283f0c
    write-file /Users/builder/Factory/paperloft/evidence/checkouts/p2-checkpoint9283f0c/build/VerifierDerivedData/Build/Intermediates.noindex/Paperloft.build/Release/PaperloftApp.build/Objects-normal/arm64/PaperloftApp_const_extract_protocols.json

WriteAuxiliaryFile /Users/builder/Factory/paperloft/evidence/checkouts/p2-checkpoint9283f0c/build/VerifierDerivedData/Build/Intermediates.noindex/Paperloft.build/Release/PaperloftApp.build/Objects-normal/arm64/PaperloftApp-OutputFileMap.json (in target 'PaperloftApp' from project 'Paperloft')
    cd /Users/builder/Factory/paperloft/evidence/checkouts/p2-checkpoint9283f0c
    write-file /Users/builder/Factory/paperloft/evidence/checkouts/p2-checkpoint9283f0c/build/VerifierDerivedData/Build/Intermediates.noindex/Paperloft.build/Release/PaperloftApp.build/Objects-normal/arm64/PaperloftApp-OutputFileMap.json

WriteAuxiliaryFile /Users/builder/Factory/paperloft/evidence/checkouts/p2-checkpoint9283f0c/build/VerifierDerivedData/Build/Intermediates.noindex/Paperloft.build/Release/PaperloftApp.build/Objects-normal/arm64/Paperloft\ Receipts.SwiftFileList (in target 'PaperloftApp' from project 'Paperloft')
    cd /Users/builder/Factory/paperloft/evidence/checkouts/p2-checkpoint9283f0c
    write-file /Users/builder/Factory/paperloft/evidence/checkouts/p2-checkpoint9283f0c/build/VerifierDerivedData/Build/Intermediates.noindex/Paperloft.build/Release/PaperloftApp.build/Objects-normal/arm64/Paperloft\ Receipts.SwiftFileList

WriteAuxiliaryFile /Users/builder/Factory/paperloft/evidence/checkouts/p2-checkpoint9283f0c/build/VerifierDerivedData/Build/Intermediates.noindex/Paperloft.build/Release/PaperloftApp.build/Objects-normal/arm64/Paperloft\ Receipts.SwiftConstValuesFileList (in target 'PaperloftApp' from project 'Paperloft')
    cd /Users/builder/Factory/paperloft/evidence/checkouts/p2-checkpoint9283f0c
    write-file /Users/builder/Factory/paperloft/evidence/checkouts/p2-checkpoint9283f0c/build/VerifierDerivedData/Build/Intermediates.noindex/Paperloft.build/Release/PaperloftApp.build/Objects-normal/arm64/Paperloft\ Receipts.SwiftConstValuesFileList

WriteAuxiliaryFile /Users/builder/Factory/paperloft/evidence/checkouts/p2-checkpoint9283f0c/build/VerifierDerivedData/Build/Intermediates.noindex/Paperloft.build/Release/PaperloftApp.build/Objects-normal/arm64/Paperloft\ Receipts.LinkFileList (in target 'PaperloftApp' from project 'Paperloft')
    cd /Users/builder/Factory/paperloft/evidence/checkouts/p2-checkpoint9283f0c
    write-file /Users/builder/Factory/paperloft/evidence/checkouts/p2-checkpoint9283f0c/build/VerifierDerivedData/Build/Intermediates.noindex/Paperloft.build/Release/PaperloftApp.build/Objects-normal/arm64/Paperloft\ Receipts.LinkFileList

WriteAuxiliaryFile /Users/builder/Factory/paperloft/evidence/checkouts/p2-checkpoint9283f0c/build/VerifierDerivedData/Build/Intermediates.noindex/Paperloft.build/Release/PaperloftApp.build/DerivedSources/Entitlements.plist (in target 'PaperloftApp' from project 'Paperloft')
    cd /Users/builder/Factory/paperloft/evidence/checkouts/p2-checkpoint9283f0c
    write-file /Users/builder/Factory/paperloft/evidence/checkouts/p2-checkpoint9283f0c/build/VerifierDerivedData/Build/Intermediates.noindex/Paperloft.build/Release/PaperloftApp.build/DerivedSources/Entitlements.plist

MkDir /Users/builder/Factory/paperloft/evidence/checkouts/p2-checkpoint9283f0c/build/VerifierDerivedData/Build/Products/Release/Paperloft\ Receipts.app/Contents/Resources (in target 'PaperloftApp' from project 'Paperloft')
    cd /Users/builder/Factory/paperloft/evidence/checkouts/p2-checkpoint9283f0c
    /bin/mkdir -p /Users/builder/Factory/paperloft/evidence/checkouts/p2-checkpoint9283f0c/build/VerifierDerivedData/Build/Products/Release/Paperloft\ Receipts.app/Contents/Resources

MkDir /Users/builder/Factory/paperloft/evidence/checkouts/p2-checkpoint9283f0c/build/VerifierDerivedData/Build/Products/Release/Paperloft\ Receipts.app/Contents/MacOS (in target 'PaperloftApp' from project 'Paperloft')
    cd /Users/builder/Factory/paperloft/evidence/checkouts/p2-checkpoint9283f0c
    /bin/mkdir -p /Users/builder/Factory/paperloft/evidence/checkouts/p2-checkpoint9283f0c/build/VerifierDerivedData/Build/Products/Release/Paperloft\ Receipts.app/Contents/MacOS

MkDir /Users/builder/Factory/paperloft/evidence/checkouts/p2-checkpoint9283f0c/build/VerifierDerivedData/Build/Products/Release/Paperloft\ Receipts.app/Contents (in target 'PaperloftApp' from project 'Paperloft')
    cd /Users/builder/Factory/paperloft/evidence/checkouts/p2-checkpoint9283f0c
    /bin/mkdir -p /Users/builder/Factory/paperloft/evidence/checkouts/p2-checkpoint9283f0c/build/VerifierDerivedData/Build/Products/Release/Paperloft\ Receipts.app/Contents

MkDir /Users/builder/Factory/paperloft/evidence/checkouts/p2-checkpoint9283f0c/build/VerifierDerivedData/Build/Products/Release/Paperloft\ Receipts.app (in target 'PaperloftApp' from project 'Paperloft')
    cd /Users/builder/Factory/paperloft/evidence/checkouts/p2-checkpoint9283f0c
    /bin/mkdir -p /Users/builder/Factory/paperloft/evidence/checkouts/p2-checkpoint9283f0c/build/VerifierDerivedData/Build/Products/Release/Paperloft\ Receipts.app

SwiftDriver PaperloftKit normal arm64 com.apple.xcode.tools.swift.compiler (in target 'PaperloftKit' from project 'PaperloftKit')
    cd /Users/builder/Factory/paperloft/evidence/checkouts/p2-checkpoint9283f0c/Paperloft.xcodeproj
    builtin-SwiftDriver -- /Applications/Xcode.app/Contents/Developer/Toolchains/XcodeDefault.xctoolchain/usr/bin/swiftc -parse-as-library -module-name PaperloftKit -O -whole-module-optimization @/Users/builder/Factory/paperloft/evidence/checkouts/p2-checkpoint9283f0c/build/VerifierDerivedData/Build/Intermediates.noindex/PaperloftKit.build/Release/PaperloftKit-t.build/Objects-normal/arm64/PaperloftKit.SwiftFileList -DSWIFT_PACKAGE -DSWIFT_MODULE_RESOURCE_BUNDLE_UNAVAILABLE -DXcode -plugin-path /Applications/Xcode.app/Contents/Developer/Toolchains/XcodeDefault.xctoolchain/usr/lib/swift/host/plugins/testing -enable-experimental-feature DebugDescriptionMacro -sdk /Applications/Xcode.app/Contents/Developer/Platforms/MacOSX.platform/Developer/SDKs/MacOSX27.0.sdk -target arm64-apple-macos27.0 -g -module-cache-path /Users/builder/Factory/paperloft/evidence/checkouts/p2-checkpoint9283f0c/build/VerifierDerivedData/ModuleCache.noindex -Xfrontend -serialize-debugging-options -profile-coverage-mapping -profile-generate -warnings-as-errors -swift-version 6 -I /Users/builder/Factory/paperloft/evidence/checkouts/p2-checkpoint9283f0c/build/VerifierDerivedData/Build/Products/Release -Isystem /Applications/Xcode.app/Contents/Developer/Platforms/MacOSX.platform/Developer/usr/lib -F /Users/builder/Factory/paperloft/evidence/checkouts/p2-checkpoint9283f0c/build/VerifierDerivedData/Build/Products/Release -F /Applications/Xcode.app/Contents/Developer/Platforms/MacOSX.platform/Developer/Library/Frameworks -c -num-threads 10 -Xcc -ivfsstatcache -Xcc /Users/builder/Factory/paperloft/evidence/checkouts/p2-checkpoint9283f0c/build/VerifierDerivedData/SDKStatCaches.noindex/macosx27.0-26A425-7231f6df4def33e022ae2eb8f782df1a.sdkstatcache -output-file-map /Users/builder/Factory/paperloft/evidence/checkouts/p2-checkpoint9283f0c/build/VerifierDerivedData/Build/Intermediates.noindex/PaperloftKit.build/Release/PaperloftKit-t.build/Objects-normal/arm64/PaperloftKit-OutputFileMap.json -save-temps -no-color-diagnostics -explicit-module-build -module-cache-path /Users/builder/Factory/paperloft/evidence/checkouts/p2-checkpoint9283f0c/build/VerifierDerivedData/Build/Intermediates.noindex/SwiftExplicitPrecompiledModules -clang-scanner-module-cache-path /Users/builder/Factory/paperloft/evidence/checkouts/p2-checkpoint9283f0c/build/VerifierDerivedData/ModuleCache.noindex -sdk-module-cache-path /Users/builder/Factory/paperloft/evidence/checkouts/p2-checkpoint9283f0c/build/VerifierDerivedData/SDKExplicitPrecompiledModules -emit-dependencies -emit-module -emit-module-path /Users/builder/Factory/paperloft/evidence/checkouts/p2-checkpoint9283f0c/build/VerifierDerivedData/Build/Intermediates.noindex/PaperloftKit.build/Release/PaperloftKit-t.build/Objects-normal/arm64/PaperloftKit.swiftmodule -serialize-diagnostics -dependency-scan-serialize-diagnostics-path /Users/builder/Factory/paperloft/evidence/checkouts/p2-checkpoint9283f0c/build/VerifierDerivedData/Build/Intermediates.noindex/PaperloftKit.build/Release/PaperloftKit-t.build/Objects-normal/arm64/PaperloftKit-dependency-scan.dia -validate-clang-modules-once -clang-build-session-file /Users/builder/Factory/paperloft/evidence/checkouts/p2-checkpoint9283f0c/build/VerifierDerivedData/ModuleCache.noindex/Session.modulevalidation -Xcc -fmodules-prune-interval\=86400 -Xcc -fmodules-prune-after\=345600 -package-name paperloftkit -emit-const-values -const-gather-protocols-list /Users/builder/Factory/paperloft/evidence/checkouts/p2-checkpoint9283f0c/build/VerifierDerivedData/Build/Intermediates.noindex/PaperloftKit.build/Release/PaperloftKit-t.build/Objects-normal/arm64/PaperloftKit_const_extract_protocols.json -Xcc -I/Users/builder/Factory/paperloft/evidence/checkouts/p2-checkpoint9283f0c/build/VerifierDerivedData/Build/Products/Release/include -Xcc -I/Users/builder/Factory/paperloft/evidence/checkouts/p2-checkpoint9283f0c/build/VerifierDerivedData/Build/Intermediates.noindex/PaperloftKit.build/Release/PaperloftKit-t.build/DerivedSources-normal/arm64 -Xcc -I/Users/builder/Factory/paperloft/evidence/checkouts/p2-checkpoint9283f0c/build/VerifierDerivedData/Build/Intermediates.noindex/PaperloftKit.build/Release/PaperloftKit-t.build/DerivedSources/arm64 -Xcc -I/Users/builder/Factory/paperloft/evidence/checkouts/p2-checkpoint9283f0c/build/VerifierDerivedData/Build/Intermediates.noindex/PaperloftKit.build/Release/PaperloftKit-t.build/DerivedSources -Xcc -DSWIFT_PACKAGE -emit-objc-header -emit-objc-header-path /Users/builder/Factory/paperloft/evidence/checkouts/p2-checkpoint9283f0c/build/VerifierDerivedData/Build/Intermediates.noindex/PaperloftKit.build/Release/PaperloftKit-t.build/Objects-normal/arm64/PaperloftKit-Swift.h -working-directory /Users/builder/Factory/paperloft/evidence/checkouts/p2-checkpoint9283f0c/Paperloft.xcodeproj -no-emit-module-separately-wmo

SwiftDriver\ Compilation PaperloftKit normal arm64 com.apple.xcode.tools.swift.compiler (in target 'PaperloftKit' from project 'PaperloftKit')
    cd /Users/builder/Factory/paperloft/evidence/checkouts/p2-checkpoint9283f0c/Paperloft.xcodeproj
    builtin-Swift-Compilation -- /Applications/Xcode.app/Contents/Developer/Toolchains/XcodeDefault.xctoolchain/usr/bin/swiftc -parse-as-library -module-name PaperloftKit -O -whole-module-optimization @/Users/builder/Factory/paperloft/evidence/checkouts/p2-checkpoint9283f0c/build/VerifierDerivedData/Build/Intermediates.noindex/PaperloftKit.build/Release/PaperloftKit-t.build/Objects-normal/arm64/PaperloftKit.SwiftFileList -DSWIFT_PACKAGE -DSWIFT_MODULE_RESOURCE_BUNDLE_UNAVAILABLE -DXcode -plugin-path /Applications/Xcode.app/Contents/Developer/Toolchains/XcodeDefault.xctoolchain/usr/lib/swift/host/plugins/testing -enable-experimental-feature DebugDescriptionMacro -sdk /Applications/Xcode.app/Contents/Developer/Platforms/MacOSX.platform/Developer/SDKs/MacOSX27.0.sdk -target arm64-apple-macos27.0 -g -module-cache-path /Users/builder/Factory/paperloft/evidence/checkouts/p2-checkpoint9283f0c/build/VerifierDerivedData/ModuleCache.noindex -Xfrontend -serialize-debugging-options -profile-coverage-mapping -profile-generate -warnings-as-errors -swift-version 6 -I /Users/builder/Factory/paperloft/evidence/checkouts/p2-checkpoint9283f0c/build/VerifierDerivedData/Build/Products/Release -Isystem /Applications/Xcode.app/Contents/Developer/Platforms/MacOSX.platform/Developer/usr/lib -F /Users/builder/Factory/paperloft/evidence/checkouts/p2-checkpoint9283f0c/build/VerifierDerivedData/Build/Products/Release -F /Applications/Xcode.app/Contents/Developer/Platforms/MacOSX.platform/Developer/Library/Frameworks -c -num-threads 10 -Xcc -ivfsstatcache -Xcc /Users/builder/Factory/paperloft/evidence/checkouts/p2-checkpoint9283f0c/build/VerifierDerivedData/SDKStatCaches.noindex/macosx27.0-26A425-7231f6df4def33e022ae2eb8f782df1a.sdkstatcache -output-file-map /Users/builder/Factory/paperloft/evidence/checkouts/p2-checkpoint9283f0c/build/VerifierDerivedData/Build/Intermediates.noindex/PaperloftKit.build/Release/PaperloftKit-t.build/Objects-normal/arm64/PaperloftKit-OutputFileMap.json -save-temps -no-color-diagnostics -explicit-module-build -module-cache-path /Users/builder/Factory/paperloft/evidence/checkouts/p2-checkpoint9283f0c/build/VerifierDerivedData/Build/Intermediates.noindex/SwiftExplicitPrecompiledModules -clang-scanner-module-cache-path /Users/builder/Factory/paperloft/evidence/checkouts/p2-checkpoint9283f0c/build/VerifierDerivedData/ModuleCache.noindex -sdk-module-cache-path /Users/builder/Factory/paperloft/evidence/checkouts/p2-checkpoint9283f0c/build/VerifierDerivedData/SDKExplicitPrecompiledModules -emit-dependencies -emit-module -emit-module-path /Users/builder/Factory/paperloft/evidence/checkouts/p2-checkpoint9283f0c/build/VerifierDerivedData/Build/Intermediates.noindex/PaperloftKit.build/Release/PaperloftKit-t.build/Objects-normal/arm64/PaperloftKit.swiftmodule -serialize-diagnostics -dependency-scan-serialize-diagnostics-path /Users/builder/Factory/paperloft/evidence/checkouts/p2-checkpoint9283f0c/build/VerifierDerivedData/Build/Intermediates.noindex/PaperloftKit.build/Release/PaperloftKit-t.build/Objects-normal/arm64/PaperloftKit-dependency-scan.dia -validate-clang-modules-once -clang-build-session-file /Users/builder/Factory/paperloft/evidence/checkouts/p2-checkpoint9283f0c/build/VerifierDerivedData/ModuleCache.noindex/Session.modulevalidation -Xcc -fmodules-prune-interval\=86400 -Xcc -fmodules-prune-after\=345600 -package-name paperloftkit -emit-const-values -const-gather-protocols-list /Users/builder/Factory/paperloft/evidence/checkouts/p2-checkpoint9283f0c/build/VerifierDerivedData/Build/Intermediates.noindex/PaperloftKit.build/Release/PaperloftKit-t.build/Objects-normal/arm64/PaperloftKit_const_extract_protocols.json -Xcc -I/Users/builder/Factory/paperloft/evidence/checkouts/p2-checkpoint9283f0c/build/VerifierDerivedData/Build/Products/Release/include -Xcc -I/Users/builder/Factory/paperloft/evidence/checkouts/p2-checkpoint9283f0c/build/VerifierDerivedData/Build/Intermediates.noindex/PaperloftKit.build/Release/PaperloftKit-t.build/DerivedSources-normal/arm64 -Xcc -I/Users/builder/Factory/paperloft/evidence/checkouts/p2-checkpoint9283f0c/build/VerifierDerivedData/Build/Intermediates.noindex/PaperloftKit.build/Release/PaperloftKit-t.build/DerivedSources/arm64 -Xcc -I/Users/builder/Factory/paperloft/evidence/checkouts/p2-checkpoint9283f0c/build/VerifierDerivedData/Build/Intermediates.noindex/PaperloftKit.build/Release/PaperloftKit-t.build/DerivedSources -Xcc -DSWIFT_PACKAGE -emit-objc-header -emit-objc-header-path /Users/builder/Factory/paperloft/evidence/checkouts/p2-checkpoint9283f0c/build/VerifierDerivedData/Build/Intermediates.noindex/PaperloftKit.build/Release/PaperloftKit-t.build/Objects-normal/arm64/PaperloftKit-Swift.h -working-directory /Users/builder/Factory/paperloft/evidence/checkouts/p2-checkpoint9283f0c/Paperloft.xcodeproj -no-emit-module-separately-wmo

SwiftExplicitDependencyGeneratePcm arm64 /Users/builder/Factory/paperloft/evidence/checkouts/p2-checkpoint9283f0c/build/VerifierDerivedData/SDKExplicitPrecompiledModules/_Builtin_stddef-92X5H3ERC8GC81CAKCL7AGGPJ.pcm

SwiftExplicitDependencyGeneratePcm arm64 /Users/builder/Factory/paperloft/evidence/checkouts/p2-checkpoint9283f0c/build/VerifierDerivedData/SDKExplicitPrecompiledModules/SwiftShims-2WQ67HXO98XDTMU57GI2JSODR.pcm

SwiftExplicitDependencyGeneratePcm arm64 /Users/builder/Factory/paperloft/evidence/checkouts/p2-checkpoint9283f0c/build/VerifierDerivedData/SDKExplicitPrecompiledModules/ptrcheck-1FY3S5SZMRIVZ0OOV6Q36DKHW.pcm

SwiftExplicitDependencyGeneratePcm arm64 /Users/builder/Factory/paperloft/evidence/checkouts/p2-checkpoint9283f0c/build/VerifierDerivedData/SDKExplicitPrecompiledModules/_Builtin_stdarg-CTZDSA8ZFPCJ0CPQHV6G0BZUT.pcm

SwiftExplicitDependencyGeneratePcm arm64 /Users/builder/Factory/paperloft/evidence/checkouts/p2-checkpoint9283f0c/build/VerifierDerivedData/SDKExplicitPrecompiledModules/ptrauth-793T9TKA7O87S1Z0KIAWJT1KW.pcm

SwiftExplicitDependencyGeneratePcm arm64 /Users/builder/Factory/paperloft/evidence/checkouts/p2-checkpoint9283f0c/build/VerifierDerivedData/SDKExplicitPrecompiledModules/_AvailabilityInternal-6O4GN5ROZL5XX8WPCXDEWX7PD.pcm

SwiftExplicitDependencyGeneratePcm arm64 /Users/builder/Factory/paperloft/evidence/checkouts/p2-checkpoint9283f0c/build/VerifierDerivedData/SDKExplicitPrecompiledModules/_Builtin_float-5JXJQSV7M88GPVVKYRMFF84KB.pcm

SwiftExplicitDependencyGeneratePcm arm64 /Users/builder/Factory/paperloft/evidence/checkouts/p2-checkpoint9283f0c/build/VerifierDerivedData/SDKExplicitPrecompiledModules/_SwiftConcurrencyShims-F5A3XUQUXTY4W9DZ5H9XJIBKZ.pcm

SwiftExplicitDependencyGeneratePcm arm64 /Users/builder/Factory/paperloft/evidence/checkouts/p2-checkpoint9283f0c/build/VerifierDerivedData/SDKExplicitPrecompiledModules/_Builtin_stdbool-7TCNLLAIOYB6H69ZJ8FYQPJWZ.pcm

SwiftExplicitDependencyGeneratePcm arm64 /Users/builder/Factory/paperloft/evidence/checkouts/p2-checkpoint9283f0c/build/VerifierDerivedData/SDKExplicitPrecompiledModules/_DarwinFoundation1-8YJ39CFJR396DFQI7X0DC2F4A.pcm

SwiftExplicitDependencyGeneratePcm arm64 /Users/builder/Factory/paperloft/evidence/checkouts/p2-checkpoint9283f0c/build/VerifierDerivedData/SDKExplicitPrecompiledModules/_DarwinFoundation2-72OD0Z0SR60Q80WO911J74NI6.pcm

SwiftExplicitDependencyGeneratePcm arm64 /Users/builder/Factory/paperloft/evidence/checkouts/p2-checkpoint9283f0c/build/VerifierDerivedData/SDKExplicitPrecompiledModules/_Builtin_limits-9OFY5O3A0WQEN10ES79ZKXWKP.pcm

SwiftExplicitDependencyGeneratePcm arm64 /Users/builder/Factory/paperloft/evidence/checkouts/p2-checkpoint9283f0c/build/VerifierDerivedData/SDKExplicitPrecompiledModules/sys_types-6UH5EJ4UO5K0MGYLSXEL8Q9GY.pcm

SwiftExplicitDependencyGeneratePcm arm64 /Users/builder/Factory/paperloft/evidence/checkouts/p2-checkpoint9283f0c/build/VerifierDerivedData/SDKExplicitPrecompiledModules/_Builtin_tgmath-D18QPKGCUSB358LC9AP8ZJR8Q.pcm

SwiftExplicitDependencyGeneratePcm arm64 /Users/builder/Factory/paperloft/evidence/checkouts/p2-checkpoint9283f0c/build/VerifierDerivedData/SDKExplicitPrecompiledModules/string_h-59U7HZA7N5SMTC56HZTWE98GQ.pcm

SwiftExplicitDependencyGeneratePcm arm64 /Users/builder/Factory/paperloft/evidence/checkouts/p2-checkpoint9283f0c/build/VerifierDerivedData/SDKExplicitPrecompiledModules/_Builtin_stdint-617WDDXQRLBMF86LEND75TQEE.pcm

SwiftExplicitDependencyGeneratePcm arm64 /Users/builder/Factory/paperloft/evidence/checkouts/p2-checkpoint9283f0c/build/VerifierDerivedData/SDKExplicitPrecompiledModules/_DarwinFoundation3-36YME8CX2Z1DF9CB9WEX4MZXR.pcm

SwiftExplicitDependencyGeneratePcm arm64 /Users/builder/Factory/paperloft/evidence/checkouts/p2-checkpoint9283f0c/build/VerifierDerivedData/SDKExplicitPrecompiledModules/_Builtin_stdatomic-6I64324HE6H4M8N1534SF532I.pcm

SwiftExplicitDependencyGeneratePcm arm64 /Users/builder/Factory/paperloft/evidence/checkouts/p2-checkpoint9283f0c/build/VerifierDerivedData/SDKExplicitPrecompiledModules/_Builtin_intrinsics-1JPP8E86HLO1HUUCO7D7IJIJL.pcm

SwiftExplicitDependencyGeneratePcm arm64 /Users/builder/Factory/paperloft/evidence/checkouts/p2-checkpoint9283f0c/build/VerifierDerivedData/SDKExplicitPrecompiledModules/libDER-16FOS3BSEQVWGC5LDG6SFSHMJ.pcm

SwiftExplicitDependencyGeneratePcm arm64 /Users/builder/Factory/paperloft/evidence/checkouts/p2-checkpoint9283f0c/build/VerifierDerivedData/SDKExplicitPrecompiledModules/_Builtin_inttypes-70HSJ9B104GSDBFR2H43XJVO2.pcm

SwiftExplicitDependencyGeneratePcm arm64 /Users/builder/Factory/paperloft/evidence/checkouts/p2-checkpoint9283f0c/build/VerifierDerivedData/SDKExplicitPrecompiledModules/Darwin-5R6B4EH8KZLARK8TE2AE0R4ID.pcm

SwiftExplicitDependencyGeneratePcm arm64 /Users/builder/Factory/paperloft/evidence/checkouts/p2-checkpoint9283f0c/build/VerifierDerivedData/SDKExplicitPrecompiledModules/simd-BKM70PETHMMLE2FL3FZ4GVZ7P.pcm

SwiftExplicitDependencyGeneratePcm arm64 /Users/builder/Factory/paperloft/evidence/checkouts/p2-checkpoint9283f0c/build/VerifierDerivedData/SDKExplicitPrecompiledModules/Compression-7ZEQFIAJX1AHA7MEE7VHI662S.pcm

SwiftExplicitDependencyGeneratePcm arm64 /Users/builder/Factory/paperloft/evidence/checkouts/p2-checkpoint9283f0c/build/VerifierDerivedData/SDKExplicitPrecompiledModules/MachO-9ZJ5ROOZA4C2QBYU5VU8F3QLJ.pcm

SwiftExplicitDependencyGeneratePcm arm64 /Users/builder/Factory/paperloft/evidence/checkouts/p2-checkpoint9283f0c/build/VerifierDerivedData/SDKExplicitPrecompiledModules/CUPS-1VDN3ZDKB6SV0FNXSQ542LZY9.pcm

SwiftExplicitDependencyGeneratePcm arm64 /Users/builder/Factory/paperloft/evidence/checkouts/p2-checkpoint9283f0c/build/VerifierDerivedData/SDKExplicitPrecompiledModules/libkern-9KLJOYBX1ROKUOURNTDTHHGHG.pcm

SwiftExplicitDependencyGeneratePcm arm64 /Users/builder/Factory/paperloft/evidence/checkouts/p2-checkpoint9283f0c/build/VerifierDerivedData/SDKExplicitPrecompiledModules/launch-89E1QTWM8ISBY4KBAJGESQZWX.pcm

SwiftExplicitDependencyGeneratePcm arm64 /Users/builder/Factory/paperloft/evidence/checkouts/p2-checkpoint9283f0c/build/VerifierDerivedData/SDKExplicitPrecompiledModules/ObjectiveC-5OKTG2NRDXPD8NIPR33J1YG8B.pcm

SwiftExplicitDependencyGeneratePcm arm64 /Users/builder/Factory/paperloft/evidence/checkouts/p2-checkpoint9283f0c/build/VerifierDerivedData/SDKExplicitPrecompiledModules/os_object-46ZL1ZF3NHSIU1J9D987B8RDC.pcm

SwiftExplicitDependencyGeneratePcm arm64 /Users/builder/Factory/paperloft/evidence/checkouts/p2-checkpoint9283f0c/build/VerifierDerivedData/SDKExplicitPrecompiledModules/os_workgroup-B0UPFBZ9A60OPER0ELTUDOFBJ.pcm

SwiftExplicitDependencyGeneratePcm arm64 /Users/builder/Factory/paperloft/evidence/checkouts/p2-checkpoint9283f0c/build/VerifierDerivedData/SDKExplicitPrecompiledModules/Dispatch-C08576S2GFM2GOKQ8PPOMG5MB.pcm

SwiftExplicitDependencyGeneratePcm arm64 /Users/builder/Factory/paperloft/evidence/checkouts/p2-checkpoint9283f0c/build/VerifierDerivedData/SDKExplicitPrecompiledModules/XPC-CQJANNY5Z1FRZNQ93AYIBC3P4.pcm

SwiftExplicitDependencyGeneratePcm arm64 /Users/builder/Factory/paperloft/evidence/checkouts/p2-checkpoint9283f0c/build/VerifierDerivedData/SDKExplicitPrecompiledModules/CoreFoundation-92REDHFZNA67K4IXPNX0QZ9HG.pcm

SwiftExplicitDependencyGeneratePcm arm64 /Users/builder/Factory/paperloft/evidence/checkouts/p2-checkpoint9283f0c/build/VerifierDerivedData/SDKExplicitPrecompiledModules/os-5ROFAMHHMXMJ8L3MPMJUNKAHG.pcm

SwiftExplicitDependencyGeneratePcm arm64 /Users/builder/Factory/paperloft/evidence/checkouts/p2-checkpoint9283f0c/build/VerifierDerivedData/SDKExplicitPrecompiledModules/CFNetwork-8VTOZBH7ZZWSNGFAV42GUQQMY.pcm

SwiftExplicitDependencyGeneratePcm arm64 /Users/builder/Factory/paperloft/evidence/checkouts/p2-checkpoint9283f0c/build/VerifierDerivedData/SDKExplicitPrecompiledModules/IOKit-BM4RP00OSKRZ638AGN3Y2II9T.pcm

SwiftExplicitDependencyGeneratePcm arm64 /Users/builder/Factory/paperloft/evidence/checkouts/p2-checkpoint9283f0c/build/VerifierDerivedData/SDKExplicitPrecompiledModules/Security-5T74HZQ1MG6ZFULYN12OYGD85.pcm

SwiftExplicitDependencyGeneratePcm arm64 /Users/builder/Factory/paperloft/evidence/checkouts/p2-checkpoint9283f0c/build/VerifierDerivedData/SDKExplicitPrecompiledModules/CoreAudioTypes-1WWBXS5TMHTOK6TV7VGUIRYLM.pcm

SwiftExplicitDependencyGeneratePcm arm64 /Users/builder/Factory/paperloft/evidence/checkouts/p2-checkpoint9283f0c/build/VerifierDerivedData/SDKExplicitPrecompiledModules/ColorSync-G9PYMPOLOTFBJ6LXAWDTAKOT.pcm

SwiftExplicitDependencyGeneratePcm arm64 /Users/builder/Factory/paperloft/evidence/checkouts/p2-checkpoint9283f0c/build/VerifierDerivedData/SDKExplicitPrecompiledModules/CoreGraphics-97DLUS9QLOP2RASQLNTPUTQ4L.pcm

SwiftExplicitDependencyGeneratePcm arm64 /Users/builder/Factory/paperloft/evidence/checkouts/p2-checkpoint9283f0c/build/VerifierDerivedData/SDKExplicitPrecompiledModules/DiskArbitration-BR40VYCKR5I9BX67LHS9TA4RW.pcm

SwiftExplicitDependencyGeneratePcm arm64 /Users/builder/Factory/paperloft/evidence/checkouts/p2-checkpoint9283f0c/build/VerifierDerivedData/SDKExplicitPrecompiledModules/CoreServices-1H1AKOCNC033666E2PZWNN87Y.pcm

SwiftExplicitDependencyGeneratePcm arm64 /Users/builder/Factory/paperloft/evidence/checkouts/p2-checkpoint9283f0c/build/VerifierDerivedData/SDKExplicitPrecompiledModules/ImageIO-COBGKYXYRO0H6N5HTDT6FXENR.pcm

SwiftExplicitDependencyGeneratePcm arm64 /Users/builder/Factory/paperloft/evidence/checkouts/p2-checkpoint9283f0c/build/VerifierDerivedData/SDKExplicitPrecompiledModules/CoreText-3LNL8CGFNJ0OMLC0NWGURC5W5.pcm

SwiftExplicitDependencyGeneratePcm arm64 /Users/builder/Factory/paperloft/evidence/checkouts/p2-checkpoint9283f0c/build/VerifierDerivedData/SDKExplicitPrecompiledModules/Foundation-C0S5UXCM36BCMGXT4QR5WZR0J.pcm

SwiftExplicitDependencyGeneratePcm arm64 /Users/builder/Factory/paperloft/evidence/checkouts/p2-checkpoint9283f0c/build/VerifierDerivedData/SDKExplicitPrecompiledModules/DataDetection-BK47JCJ0XW217XWBZSOUUFZLW.pcm

SwiftExplicitDependencyGeneratePcm arm64 /Users/builder/Factory/paperloft/evidence/checkouts/p2-checkpoint9283f0c/build/VerifierDerivedData/SDKExplicitPrecompiledModules/CoreAudio-EAIJI0FGVRQS71XJXD91ZMWQJ.pcm

SwiftExplicitDependencyGeneratePcm arm64 /Users/builder/Factory/paperloft/evidence/checkouts/p2-checkpoint9283f0c/build/VerifierDerivedData/SDKExplicitPrecompiledModules/LocalAuthentication-211MUBI7JIVWQ51IHGYK2TN67.pcm

SwiftExplicitDependencyGeneratePcm arm64 /Users/builder/Factory/paperloft/evidence/checkouts/p2-checkpoint9283f0c/build/VerifierDerivedData/SDKExplicitPrecompiledModules/IOSurface-7CB74Y7ATZ788KUH9A8GFQARC.pcm

SwiftExplicitDependencyGeneratePcm arm64 /Users/builder/Factory/paperloft/evidence/checkouts/p2-checkpoint9283f0c/build/VerifierDerivedData/SDKExplicitPrecompiledModules/UniformTypeIdentifiers-AMQUDRUT68GVMHAOJN4WDEJSB.pcm

SwiftExplicitDependencyGeneratePcm arm64 /Users/builder/Factory/paperloft/evidence/checkouts/p2-checkpoint9283f0c/build/VerifierDerivedData/SDKExplicitPrecompiledModules/ApplicationServices-35T3ROJX8B6ZUJBQY1DA7KCNX.pcm

SwiftExplicitDependencyGeneratePcm arm64 /Users/builder/Factory/paperloft/evidence/checkouts/p2-checkpoint9283f0c/build/VerifierDerivedData/SDKExplicitPrecompiledModules/CoreMIDI-A3W443J1QWKQ1T7UA26BMR8GT.pcm

SwiftExplicitDependencyGeneratePcm arm64 /Users/builder/Factory/paperloft/evidence/checkouts/p2-checkpoint9283f0c/build/VerifierDerivedData/SDKExplicitPrecompiledModules/Metal-4ICCQZKOBG9EP3195656IY891.pcm

SwiftExplicitDependencyGeneratePcm arm64 /Users/builder/Factory/paperloft/evidence/checkouts/p2-checkpoint9283f0c/build/VerifierDerivedData/SDKExplicitPrecompiledModules/OpenGL-5IK3BSPVTVL7UNV7ZO5JHY4U1.pcm

SwiftExplicitDependencyGeneratePcm arm64 /Users/builder/Factory/paperloft/evidence/checkouts/p2-checkpoint9283f0c/build/VerifierDerivedData/SDKExplicitPrecompiledModules/Carbon-7ZYOC0OYTCWJ7JNTUCYUT3B5U.pcm

SwiftExplicitDependencyGeneratePcm arm64 /Users/builder/Factory/paperloft/evidence/checkouts/p2-checkpoint9283f0c/build/VerifierDerivedData/SDKExplicitPrecompiledModules/CoreVideo-2K1ELMFOPN9TO57O6ACFMKSXT.pcm

SwiftExplicitDependencyGeneratePcm arm64 /Users/builder/Factory/paperloft/evidence/checkouts/p2-checkpoint9283f0c/build/VerifierDerivedData/SDKExplicitPrecompiledModules/AudioToolbox-CNVWZQVUJO4ZLBFVXNZ7VXEE.pcm

SwiftExplicitDependencyGeneratePcm arm64 /Users/builder/Factory/paperloft/evidence/checkouts/p2-checkpoint9283f0c/build/VerifierDerivedData/SDKExplicitPrecompiledModules/CoreImage-C8I77MLH9B138CIOHZTL4HLTD.pcm

SwiftExplicitDependencyGeneratePcm arm64 /Users/builder/Factory/paperloft/evidence/checkouts/p2-checkpoint9283f0c/build/VerifierDerivedData/SDKExplicitPrecompiledModules/Accelerate-DANE93QGD4FPUBLS40ZPWLPMP.pcm

SwiftExplicitDependencyGeneratePcm arm64 /Users/builder/Factory/paperloft/evidence/checkouts/p2-checkpoint9283f0c/build/VerifierDerivedData/SDKExplicitPrecompiledModules/CoreMedia-6PFIEABU8O86ZWJ18VSV8R2XW.pcm

SwiftExplicitDependencyGeneratePcm arm64 /Users/builder/Factory/paperloft/evidence/checkouts/p2-checkpoint9283f0c/build/VerifierDerivedData/SDKExplicitPrecompiledModules/CoreML-DT6JGPWB9DTI3RL39BSPKCPZF.pcm

SwiftExplicitDependencyGeneratePcm arm64 /Users/builder/Factory/paperloft/evidence/checkouts/p2-checkpoint9283f0c/build/VerifierDerivedData/SDKExplicitPrecompiledModules/QuartzCore-4L6V374SX32KYF9BRXP5HGUMM.pcm

SwiftExplicitDependencyGeneratePcm arm64 /Users/builder/Factory/paperloft/evidence/checkouts/p2-checkpoint9283f0c/build/VerifierDerivedData/SDKExplicitPrecompiledModules/VideoToolbox-78QEK1JZ0L7E4S62HBE2ZDGMW.pcm

SwiftExplicitDependencyGeneratePcm arm64 /Users/builder/Factory/paperloft/evidence/checkouts/p2-checkpoint9283f0c/build/VerifierDerivedData/SDKExplicitPrecompiledModules/Vision-43EV5W4GO3LDJL07YTOAFU67R.pcm

SwiftExplicitDependencyGeneratePcm arm64 /Users/builder/Factory/paperloft/evidence/checkouts/p2-checkpoint9283f0c/build/VerifierDerivedData/SDKExplicitPrecompiledModules/AVFAudio-6ZGSZCHI4X6LRVSO0L6XJX6K1.pcm

SwiftExplicitDependencyGeneratePcm arm64 /Users/builder/Factory/paperloft/evidence/checkouts/p2-checkpoint9283f0c/build/VerifierDerivedData/SDKExplicitPrecompiledModules/MediaToolbox-EJ09IUHVT8LBGE9K135EOWWHA.pcm

SwiftExplicitDependencyGeneratePcm arm64 /Users/builder/Factory/paperloft/evidence/checkouts/p2-checkpoint9283f0c/build/VerifierDerivedData/SDKExplicitPrecompiledModules/AVFoundation-EK36PPA9M45M1B43MMBSM6MS.pcm

SwiftCompile normal arm64 Compiling\ Assessment.swift,\ Extraction.swift,\ LibraryAccess.swift,\ LibraryFiles.swift,\ LibraryStore.swift,\ Money.swift,\ Receipt.swift,\ ReceiptEngine.swift,\ ReceiptIndex.swift,\ Recognize.swift,\ TextLayout.swift /Users/builder/Factory/paperloft/evidence/checkouts/p2-checkpoint9283f0c/Packages/PaperloftKit/Sources/PaperloftKit/Assessment.swift /Users/builder/Factory/paperloft/evidence/checkouts/p2-checkpoint9283f0c/Packages/PaperloftKit/Sources/PaperloftKit/Extraction.swift /Users/builder/Factory/paperloft/evidence/checkouts/p2-checkpoint9283f0c/Packages/PaperloftKit/Sources/PaperloftKit/LibraryAccess.swift /Users/builder/Factory/paperloft/evidence/checkouts/p2-checkpoint9283f0c/Packages/PaperloftKit/Sources/PaperloftKit/LibraryFiles.swift /Users/builder/Factory/paperloft/evidence/checkouts/p2-checkpoint9283f0c/Packages/PaperloftKit/Sources/PaperloftKit/LibraryStore.swift /Users/builder/Factory/paperloft/evidence/checkouts/p2-checkpoint9283f0c/Packages/PaperloftKit/Sources/PaperloftKit/Money.swift /Users/builder/Factory/paperloft/evidence/checkouts/p2-checkpoint9283f0c/Packages/PaperloftKit/Sources/PaperloftKit/Receipt.swift /Users/builder/Factory/paperloft/evidence/checkouts/p2-checkpoint9283f0c/Packages/PaperloftKit/Sources/PaperloftKit/ReceiptEngine.swift /Users/builder/Factory/paperloft/evidence/checkouts/p2-checkpoint9283f0c/Packages/PaperloftKit/Sources/PaperloftKit/ReceiptIndex.swift /Users/builder/Factory/paperloft/evidence/checkouts/p2-checkpoint9283f0c/Packages/PaperloftKit/Sources/PaperloftKit/Recognize.swift /Users/builder/Factory/paperloft/evidence/checkouts/p2-checkpoint9283f0c/Packages/PaperloftKit/Sources/PaperloftKit/TextLayout.swift /Applications/Xcode.app/Contents/Developer/Toolchains/XcodeDefault.xctoolchain/usr/lib/swift/macosx/prebuilt-modules/27.0/CoreImage.swiftmodule/arm64e-apple-macos.swiftmodule /Applications/Xcode.app/Contents/Developer/Toolchains/XcodeDefault.xctoolchain/usr/lib/swift/macosx/prebuilt-modules/27.0/FoundationModels.swiftmodule/arm64e-apple-macos.swiftmodule /Applications/Xcode.app/Contents/Developer/Toolchains/XcodeDefault.xctoolchain/usr/lib/swift/macosx/prebuilt-modules/27.0/simd.swiftmodule/arm64e-apple-macos.swiftmodule /Applications/Xcode.app/Contents/Developer/Toolchains/XcodeDefault.xctoolchain/usr/lib/swift/macosx/prebuilt-modules/27.0/Swift.swiftmodule/arm64e-apple-macos.swiftmodule /Applications/Xcode.app/Contents/Developer/Toolchains/XcodeDefault.xctoolchain/usr/lib/swift/macosx/prebuilt-modules/27.0/System.swiftmodule/arm64e-apple-macos.swiftmodule /Applications/Xcode.app/Contents/Developer/Toolchains/XcodeDefault.xctoolchain/usr/lib/swift/macosx/prebuilt-modules/27.0/QuartzCore.swiftmodule/arm64e-apple-macos.swiftmodule /Applications/Xcode.app/Contents/Developer/Toolchains/XcodeDefault.xctoolchain/usr/lib/swift/macosx/prebuilt-modules/27.0/_Builtin_float.swiftmodule/arm64e-apple-macos.swiftmodule /Applications/Xcode.app/Contents/Developer/Toolchains/XcodeDefault.xctoolchain/usr/lib/swift/macosx/prebuilt-modules/27.0/CoreML.swiftmodule/arm64e-apple-macos.swiftmodule /Applications/Xcode.app/Contents/Developer/Toolchains/XcodeDefault.xctoolchain/usr/lib/swift/macosx/prebuilt-modules/27.0/CoreMedia.swiftmodule/arm64e-apple-macos.swiftmodule /Applications/Xcode.app/Contents/Developer/Toolchains/XcodeDefault.xctoolchain/usr/lib/swift/macosx/prebuilt-modules/27.0/Synchronization.swiftmodule/arm64e-apple-macos.swiftmodule /Applications/Xcode.app/Contents/Developer/Toolchains/XcodeDefault.xctoolchain/usr/lib/swift/macosx/prebuilt-modules/27.0/Compression.swiftmodule/arm64e-apple-macos.swiftmodule /Applications/Xcode.app/Contents/Developer/Toolchains/XcodeDefault.xctoolchain/usr/lib/swift/macosx/prebuilt-modules/27.0/_DarwinFoundation3.swiftmodule/arm64e-apple-macos.swiftmodule /Applications/Xcode.app/Contents/Developer/Toolchains/XcodeDefault.xctoolchain/usr/lib/swift/macosx/prebuilt-modules/27.0/DataDetection.swiftmodule/arm64e-apple-macos.swiftmodule /Applications/Xcode.app/Contents/Developer/Toolchains/XcodeDefault.xctoolchain/usr/lib/swift/macosx/prebuilt-modules/27.0/CoreAudio.swiftmodule/arm64e-apple-macos.swiftmodule /Applications/Xcode.app/Contents/Developer/Toolchains/XcodeDefault.xctoolchain/usr/lib/swift/macosx/prebuilt-modules/27.0/_DarwinFoundation1.swiftmodule/arm64e-apple-macos.swiftmodule /Applications/Xcode.app/Contents/Developer/Toolchains/XcodeDefault.xctoolchain/usr/lib/swift/macosx/prebuilt-modules/27.0/Metal.swiftmodule/arm64e-apple-macos.swiftmodule /Applications/Xcode.app/Contents/Developer/Toolchains/XcodeDefault.xctoolchain/usr/lib/swift/macosx/prebuilt-modules/27.0/UniformTypeIdentifiers.swiftmodule/arm64e-apple-macos.swiftmodule /Applications/Xcode.app/Contents/Developer/Toolchains/XcodeDefault.xctoolchain/usr/lib/swift/macosx/prebuilt-modules/27.0/AudioToolbox.swiftmodule/arm64e-apple-macos.swiftmodule /Applications/Xcode.app/Contents/Developer/Toolchains/XcodeDefault.xctoolchain/usr/lib/swift/macosx/prebuilt-modules/27.0/os.swiftmodule/arm64e-apple-macos.swiftmodule /Applications/Xcode.app/Contents/Developer/Toolchains/XcodeDefault.xctoolchain/usr/lib/swift/macosx/prebuilt-modules/27.0/Observation.swiftmodule/arm64e-apple-macos.swiftmodule /Applications/Xcode.app/Contents/Developer/Toolchains/XcodeDefault.xctoolchain/usr/lib/swift/macosx/prebuilt-modules/27.0/AVFoundation.swiftmodule/arm64e-apple-macos.swiftmodule /Applications/Xcode.app/Contents/Developer/Toolchains/XcodeDefault.xctoolchain/usr/lib/swift/macosx/prebuilt-modules/27.0/Combine.swiftmodule/arm64e-apple-macos.swiftmodule /Applications/Xcode.app/Contents/Developer/Toolchains/XcodeDefault.xctoolchain/usr/lib/swift/macosx/prebuilt-modules/27.0/_StringProcessing.swiftmodule/arm64e-apple-macos.swiftmodule /Applications/Xcode.app/Contents/Developer/Toolchains/XcodeDefault.xctoolchain/usr/lib/swift/macosx/prebuilt-modules/27.0/CoreMIDI.swiftmodule/arm64e-apple-macos.swiftmodule /Applications/Xcode.app/Contents/Developer/Toolchains/XcodeDefault.xctoolchain/usr/lib/swift/macosx/prebuilt-modules/27.0/CoreFoundation.swiftmodule/arm64e-apple-macos.swiftmodule /Applications/Xcode.app/Contents/Developer/Toolchains/XcodeDefault.xctoolchain/usr/lib/swift/macosx/prebuilt-modules/27.0/ImageIO.swiftmodule/arm64e-apple-macos.swiftmodule /Applications/Xcode.app/Contents/Developer/Toolchains/XcodeDefault.xctoolchain/usr/lib/swift/macosx/prebuilt-modules/27.0/Dispatch.swiftmodule/arm64e-apple-macos.swiftmodule /Applications/Xcode.app/Contents/Developer/Toolchains/XcodeDefault.xctoolchain/usr/lib/swift/macosx/prebuilt-modules/27.0/IOKit.swiftmodule/arm64e-apple-macos.swiftmodule /Applications/Xcode.app/Contents/Developer/Toolchains/XcodeDefault.xctoolchain/usr/lib/swift/macosx/prebuilt-modules/27.0/LocalAuthentication.swiftmodule/arm64e-apple-macos.swiftmodule /Applications/Xcode.app/Contents/Developer/Toolchains/XcodeDefault.xctoolchain/usr/lib/swift/macosx/prebuilt-modules/27.0/ObjectiveC.swiftmodule/arm64e-apple-macos.swiftmodule /Applications/Xcode.app/Contents/Developer/Toolchains/XcodeDefault.xctoolchain/usr/lib/swift/macosx/prebuilt-modules/27.0/XPC.swiftmodule/arm64e-apple-macos.swiftmodule /Applications/Xcode.app/Contents/Developer/Toolchains/XcodeDefault.xctoolchain/usr/lib/swift/macosx/prebuilt-modules/27.0/_DarwinFoundation2.swiftmodule/arm64e-apple-macos.swiftmodule /Applications/Xcode.app/Contents/Developer/Toolchains/XcodeDefault.xctoolchain/usr/lib/swift/macosx/prebuilt-modules/27.0/AVFAudio.swiftmodule/arm64e-apple-macos.swiftmodule /Applications/Xcode.app/Contents/Developer/Toolchains/XcodeDefault.xctoolchain/usr/lib/swift/macosx/prebuilt-modules/27.0/Darwin.swiftmodule/arm64e-apple-macos.swiftmodule /Applications/Xcode.app/Contents/Developer/Toolchains/XcodeDefault.xctoolchain/usr/lib/swift/macosx/prebuilt-modules/27.0/SwiftData.swiftmodule/arm64e-apple-macos.swiftmodule /Applications/Xcode.app/Contents/Developer/Toolchains/XcodeDefault.xctoolchain/usr/lib/swift/macosx/prebuilt-modules/27.0/CoreGraphics.swiftmodule/arm64e-apple-macos.swiftmodule /Applications/Xcode.app/Contents/Developer/Toolchains/XcodeDefault.xctoolchain/usr/lib/swift/macosx/prebuilt-modules/27.0/Foundation.swiftmodule/arm64e-apple-macos.swiftmodule /Applications/Xcode.app/Contents/Developer/Toolchains/XcodeDefault.xctoolchain/usr/lib/swift/macosx/prebuilt-modules/27.0/Vision.swiftmodule/arm64e-apple-macos.swiftmodule /Applications/Xcode.app/Contents/Developer/Toolchains/XcodeDefault.xctoolchain/usr/lib/swift/macosx/prebuilt-modules/27.0/VideoToolbox.swiftmodule/arm64e-apple-macos.swiftmodule /Applications/Xcode.app/Contents/Developer/Toolchains/XcodeDefault.xctoolchain/usr/lib/swift/macosx/prebuilt-modules/27.0/_Concurrency.swiftmodule/arm64e-apple-macos.swiftmodule /Applications/Xcode.app/Contents/Developer/Toolchains/XcodeDefault.xctoolchain/usr/lib/swift/macosx/prebuilt-modules/27.0/CoreVideo.swiftmodule/arm64e-apple-macos.swiftmodule /Applications/Xcode.app/Contents/Developer/Toolchains/XcodeDefault.xctoolchain/usr/lib/swift/macosx/prebuilt-modules/27.0/MediaToolbox.swiftmodule/arm64e-apple-macos.swiftmodule /Applications/Xcode.app/Contents/Developer/Toolchains/XcodeDefault.xctoolchain/usr/lib/swift/macosx/prebuilt-modules/27.0/CryptoKit.swiftmodule/arm64e-apple-macos.swiftmodule /Applications/Xcode.app/Contents/Developer/Toolchains/XcodeDefault.xctoolchain/usr/lib/swift/macosx/prebuilt-modules/27.0/Accelerate.swiftmodule/arm64e-apple-macos.swiftmodule /Users/builder/Factory/paperloft/evidence/checkouts/p2-checkpoint9283f0c/build/VerifierDerivedData/SDKExplicitPrecompiledModules/MediaToolbox-EJ09IUHVT8LBGE9K135EOWWHA.pcm /Users/builder/Factory/paperloft/evidence/checkouts/p2-checkpoint9283f0c/build/VerifierDerivedData/SDKExplicitPrecompiledModules/IOKit-BM4RP00OSKRZ638AGN3Y2II9T.pcm /Users/builder/Factory/paperloft/evidence/checkouts/p2-checkpoint9283f0c/build/VerifierDerivedData/SDKExplicitPrecompiledModules/CoreAudioTypes-1WWBXS5TMHTOK6TV7VGUIRYLM.pcm /Users/builder/Factory/paperloft/evidence/checkouts/p2-checkpoint9283f0c/build/VerifierDerivedData/SDKExplicitPrecompiledModules/_SwiftConcurrencyShims-F5A3XUQUXTY4W9DZ5H9XJIBKZ.pcm /Users/builder/Factory/paperloft/evidence/checkouts/p2-checkpoint9283f0c/build/VerifierDerivedData/SDKExplicitPrecompiledModules/Carbon-7ZYOC0OYTCWJ7JNTUCYUT3B5U.pcm /Users/builder/Factory/paperloft/evidence/checkouts/p2-checkpoint9283f0c/build/VerifierDerivedData/SDKExplicitPrecompiledModules/LocalAuthentication-211MUBI7JIVWQ51IHGYK2TN67.pcm /Users/builder/Factory/paperloft/evidence/checkouts/p2-checkpoint9283f0c/build/VerifierDerivedData/SDKExplicitPrecompiledModules/simd-BKM70PETHMMLE2FL3FZ4GVZ7P.pcm /Users/builder/Factory/paperloft/evidence/checkouts/p2-checkpoint9283f0c/build/VerifierDerivedData/SDKExplicitPrecompiledModules/libkern-9KLJOYBX1ROKUOURNTDTHHGHG.pcm /Users/builder/Factory/paperloft/evidence/checkouts/p2-checkpoint9283f0c/build/VerifierDerivedData/SDKExplicitPrecompiledModules/ptrauth-793T9TKA7O87S1Z0KIAWJT1KW.pcm /Users/builder/Factory/paperloft/evidence/checkouts/p2-checkpoint9283f0c/build/VerifierDerivedData/SDKExplicitPrecompiledModules/os_workgroup-B0UPFBZ9A60OPER0ELTUDOFBJ.pcm /Users/builder/Factory/paperloft/evidence/checkouts/p2-checkpoint9283f0c/build/VerifierDerivedData/SDKExplicitPrecompiledModules/Foundation-C0S5UXCM36BCMGXT4QR5WZR0J.pcm /Users/builder/Factory/paperloft/evidence/checkouts/p2-checkpoint9283f0c/build/VerifierDerivedData/SDKExplicitPrecompiledModules/XPC-CQJANNY5Z1FRZNQ93AYIBC3P4.pcm /Users/builder/Factory/paperloft/evidence/checkouts/p2-checkpoint9283f0c/build/VerifierDerivedData/SDKExplicitPrecompiledModules/_Builtin_limits-9OFY5O3A0WQEN10ES79ZKXWKP.pcm /Users/builder/Factory/paperloft/evidence/checkouts/p2-checkpoint9283f0c/build/VerifierDerivedData/SDKExplicitPrecompiledModules/ColorSync-G9PYMPOLOTFBJ6LXAWDTAKOT.pcm /Users/builder/Factory/paperloft/evidence/checkouts/p2-checkpoint9283f0c/build/VerifierDerivedData/SDKExplicitPrecompiledModules/AVFoundation-EK36PPA9M45M1B43MMBSM6MS.pcm /Users/builder/Factory/paperloft/evidence/checkouts/p2-checkpoint9283f0c/build/VerifierDerivedData/SDKExplicitPrecompiledModules/_Builtin_inttypes-70HSJ9B104GSDBFR2H43XJVO2.pcm /Users/builder/Factory/paperloft/evidence/checkouts/p2-checkpoint9283f0c/build/VerifierDerivedData/SDKExplicitPrecompiledModules/_AvailabilityInternal-6O4GN5ROZL5XX8WPCXDEWX7PD.pcm /Users/builder/Factory/paperloft/evidence/checkouts/p2-checkpoint9283f0c/build/VerifierDerivedData/SDKExplicitPrecompiledModules/Compression-7ZEQFIAJX1AHA7MEE7VHI662S.pcm /Users/builder/Factory/paperloft/evidence/checkouts/p2-checkpoint9283f0c/build/VerifierDerivedData/SDKExplicitPrecompiledModules/CoreServices-1H1AKOCNC033666E2PZWNN87Y.pcm /Users/builder/Factory/paperloft/evidence/checkouts/p2-checkpoint9283f0c/build/VerifierDerivedData/SDKExplicitPrecompiledModules/_Builtin_stdatomic-6I64324HE6H4M8N1534SF532I.pcm /Users/builder/Factory/paperloft/evidence/checkouts/p2-checkpoint9283f0c/build/VerifierDerivedData/SDKExplicitPrecompiledModules/string_h-59U7HZA7N5SMTC56HZTWE98GQ.pcm /Users/builder/Factory/paperloft/evidence/checkouts/p2-checkpoint9283f0c/build/VerifierDerivedData/SDKExplicitPrecompiledModules/OpenGL-5IK3BSPVTVL7UNV7ZO5JHY4U1.pcm /Users/builder/Factory/paperloft/evidence/checkouts/p2-checkpoint9283f0c/build/VerifierDerivedData/SDKExplicitPrecompiledModules/Metal-4ICCQZKOBG9EP3195656IY891.pcm /Users/builder/Factory/paperloft/evidence/checkouts/p2-checkpoint9283f0c/build/VerifierDerivedData/SDKExplicitPrecompiledModules/DataDetection-BK47JCJ0XW217XWBZSOUUFZLW.pcm /Users/builder/Factory/paperloft/evidence/checkouts/p2-checkpoint9283f0c/build/VerifierDerivedData/SDKExplicitPrecompiledModules/AudioToolbox-CNVWZQVUJO4ZLBFVXNZ7VXEE.pcm /Users/builder/Factory/paperloft/evidence/checkouts/p2-checkpoint9283f0c/build/VerifierDerivedData/SDKExplicitPrecompiledModules/_Builtin_stdbool-7TCNLLAIOYB6H69ZJ8FYQPJWZ.pcm /Users/builder/Factory/paperloft/evidence/checkouts/p2-checkpoint9283f0c/build/VerifierDerivedData/SDKExplicitPrecompiledModules/CUPS-1VDN3ZDKB6SV0FNXSQ542LZY9.pcm /Users/builder/Factory/paperloft/evidence/checkouts/p2-checkpoint9283f0c/build/VerifierDerivedData/SDKExplicitPrecompiledModules/CoreMIDI-A3W443J1QWKQ1T7UA26BMR8GT.pcm /Users/builder/Factory/paperloft/evidence/checkouts/p2-checkpoint9283f0c/build/VerifierDerivedData/SDKExplicitPrecompiledModules/ObjectiveC-5OKTG2NRDXPD8NIPR33J1YG8B.pcm /Users/builder/Factory/paperloft/evidence/checkouts/p2-checkpoint9283f0c/build/VerifierDerivedData/SDKExplicitPrecompiledModules/ptrcheck-1FY3S5SZMRIVZ0OOV6Q36DKHW.pcm /Users/builder/Factory/paperloft/evidence/checkouts/p2-checkpoint9283f0c/build/VerifierDerivedData/SDKExplicitPrecompiledModules/CoreVideo-2K1ELMFOPN9TO57O6ACFMKSXT.pcm /Users/builder/Factory/paperloft/evidence/checkouts/p2-checkpoint9283f0c/build/VerifierDerivedData/SDKExplicitPrecompiledModules/VideoToolbox-78QEK1JZ0L7E4S62HBE2ZDGMW.pcm /Users/builder/Factory/paperloft/evidence/checkouts/p2-checkpoint9283f0c/build/VerifierDerivedData/SDKExplicitPrecompiledModules/AVFAudio-6ZGSZCHI4X6LRVSO0L6XJX6K1.pcm /Users/builder/Factory/paperloft/evidence/checkouts/p2-checkpoint9283f0c/build/VerifierDerivedData/SDKExplicitPrecompiledModules/libDER-16FOS3BSEQVWGC5LDG6SFSHMJ.pcm /Users/builder/Factory/paperloft/evidence/checkouts/p2-checkpoint9283f0c/build/VerifierDerivedData/SDKExplicitPrecompiledModules/launch-89E1QTWM8ISBY4KBAJGESQZWX.pcm /Users/builder/Factory/paperloft/evidence/checkouts/p2-checkpoint9283f0c/build/VerifierDerivedData/SDKExplicitPrecompiledModules/_Builtin_stdarg-CTZDSA8ZFPCJ0CPQHV6G0BZUT.pcm /Users/builder/Factory/paperloft/evidence/checkouts/p2-checkpoint9283f0c/build/VerifierDerivedData/SDKExplicitPrecompiledModules/MachO-9ZJ5ROOZA4C2QBYU5VU8F3QLJ.pcm /Users/builder/Factory/paperloft/evidence/checkouts/p2-checkpoint9283f0c/build/VerifierDerivedData/SDKExplicitPrecompiledModules/Dispatch-C08576S2GFM2GOKQ8PPOMG5MB.pcm /Users/builder/Factory/paperloft/evidence/checkouts/p2-checkpoint9283f0c/build/VerifierDerivedData/SDKExplicitPrecompiledModules/CoreText-3LNL8CGFNJ0OMLC0NWGURC5W5.pcm /Users/builder/Factory/paperloft/evidence/checkouts/p2-checkpoint9283f0c/build/VerifierDerivedData/SDKExplicitPrecompiledModules/_DarwinFoundation3-36YME8CX2Z1DF9CB9WEX4MZXR.pcm /Users/builder/Factory/paperloft/evidence/checkouts/p2-checkpoint9283f0c/build/VerifierDerivedData/SDKExplicitPrecompiledModules/_Builtin_intrinsics-1JPP8E86HLO1HUUCO7D7IJIJL.pcm /Users/builder/Factory/paperloft/evidence/checkouts/p2-checkpoint9283f0c/build/VerifierDerivedData/SDKExplicitPrecompiledModules/SwiftShims-2WQ67HXO98XDTMU57GI2JSODR.pcm /Users/builder/Factory/paperloft/evidence/checkouts/p2-checkpoint9283f0c/build/VerifierDerivedData/SDKExplicitPrecompiledModules/ApplicationServices-35T3ROJX8B6ZUJBQY1DA7KCNX.pcm /Users/builder/Factory/paperloft/evidence/checkouts/p2-checkpoint9283f0c/build/VerifierDerivedData/SDKExplicitPrecompiledModules/_Builtin_tgmath-D18QPKGCUSB358LC9AP8ZJR8Q.pcm /Users/builder/Factory/paperloft/evidence/checkouts/p2-checkpoint9283f0c/build/VerifierDerivedData/SDKExplicitPrecompiledModules/Darwin-5R6B4EH8KZLARK8TE2AE0R4ID.pcm /Users/builder/Factory/paperloft/evidence/checkouts/p2-checkpoint9283f0c/build/VerifierDerivedData/SDKExplicitPrecompiledModules/_DarwinFoundation1-8YJ39CFJR396DFQI7X0DC2F4A.pcm /Users/builder/Factory/paperloft/evidence/checkouts/p2-checkpoint9283f0c/build/VerifierDerivedData/SDKExplicitPrecompiledModules/DiskArbitration-BR40VYCKR5I9BX67LHS9TA4RW.pcm /Users/builder/Factory/paperloft/evidence/checkouts/p2-checkpoint9283f0c/build/VerifierDerivedData/SDKExplicitPrecompiledModules/IOSurface-7CB74Y7ATZ788KUH9A8GFQARC.pcm /Users/builder/Factory/paperloft/evidence/checkouts/p2-checkpoint9283f0c/build/VerifierDerivedData/SDKExplicitPrecompiledModules/_DarwinFoundation2-72OD0Z0SR60Q80WO911J74NI6.pcm /Users/builder/Factory/paperloft/evidence/checkouts/p2-checkpoint9283f0c/build/VerifierDerivedData/SDKExplicitPrecompiledModules/Vision-43EV5W4GO3LDJL07YTOAFU67R.pcm /Users/builder/Factory/paperloft/evidence/checkouts/p2-checkpoint9283f0c/build/VerifierDerivedData/SDKExplicitPrecompiledModules/ImageIO-COBGKYXYRO0H6N5HTDT6FXENR.pcm /Users/builder/Factory/paperloft/evidence/checkouts/p2-checkpoint9283f0c/build/VerifierDerivedData/SDKExplicitPrecompiledModules/CoreImage-C8I77MLH9B138CIOHZTL4HLTD.pcm /Users/builder/Factory/paperloft/evidence/checkouts/p2-checkpoint9283f0c/build/VerifierDerivedData/SDKExplicitPrecompiledModules/CoreML-DT6JGPWB9DTI3RL39BSPKCPZF.pcm /Users/builder/Factory/paperloft/evidence/checkouts/p2-checkpoint9283f0c/build/VerifierDerivedData/SDKExplicitPrecompiledModules/UniformTypeIdentifiers-AMQUDRUT68GVMHAOJN4WDEJSB.pcm /Users/builder/Factory/paperloft/evidence/checkouts/p2-checkpoint9283f0c/build/VerifierDerivedData/SDKExplicitPrecompiledModules/QuartzCore-4L6V374SX32KYF9BRXP5HGUMM.pcm /Users/builder/Factory/paperloft/evidence/checkouts/p2-checkpoint9283f0c/build/VerifierDerivedData/SDKExplicitPrecompiledModules/os_object-46ZL1ZF3NHSIU1J9D987B8RDC.pcm /Users/builder/Factory/paperloft/evidence/checkouts/p2-checkpoint9283f0c/build/VerifierDerivedData/SDKExplicitPrecompiledModules/CoreGraphics-97DLUS9QLOP2RASQLNTPUTQ4L.pcm /Users/builder/Factory/paperloft/evidence/checkouts/p2-checkpoint9283f0c/build/VerifierDerivedData/SDKExplicitPrecompiledModules/CFNetwork-8VTOZBH7ZZWSNGFAV42GUQQMY.pcm /Users/builder/Factory/paperloft/evidence/checkouts/p2-checkpoint9283f0c/build/VerifierDerivedData/SDKExplicitPrecompiledModules/Security-5T74HZQ1MG6ZFULYN12OYGD85.pcm /Users/builder/Factory/paperloft/evidence/checkouts/p2-checkpoint9283f0c/build/VerifierDerivedData/SDKExplicitPrecompiledModules/CoreMedia-6PFIEABU8O86ZWJ18VSV8R2XW.pcm /Users/builder/Factory/paperloft/evidence/checkouts/p2-checkpoint9283f0c/build/VerifierDerivedData/SDKExplicitPrecompiledModules/CoreAudio-EAIJI0FGVRQS71XJXD91ZMWQJ.pcm /Users/builder/Factory/paperloft/evidence/checkouts/p2-checkpoint9283f0c/build/VerifierDerivedData/SDKExplicitPrecompiledModules/os-5ROFAMHHMXMJ8L3MPMJUNKAHG.pcm /Users/builder/Factory/paperloft/evidence/checkouts/p2-checkpoint9283f0c/build/VerifierDerivedData/SDKExplicitPrecompiledModules/sys_types-6UH5EJ4UO5K0MGYLSXEL8Q9GY.pcm /Users/builder/Factory/paperloft/evidence/checkouts/p2-checkpoint9283f0c/build/VerifierDerivedData/SDKExplicitPrecompiledModules/Accelerate-DANE93QGD4FPUBLS40ZPWLPMP.pcm /Users/builder/Factory/paperloft/evidence/checkouts/p2-checkpoint9283f0c/build/VerifierDerivedData/SDKExplicitPrecompiledModules/_Builtin_stddef-92X5H3ERC8GC81CAKCL7AGGPJ.pcm /Users/builder/Factory/paperloft/evidence/checkouts/p2-checkpoint9283f0c/build/VerifierDerivedData/SDKExplicitPrecompiledModules/CoreFoundation-92REDHFZNA67K4IXPNX0QZ9HG.pcm /Users/builder/Factory/paperloft/evidence/checkouts/p2-checkpoint9283f0c/build/VerifierDerivedData/SDKExplicitPrecompiledModules/_Builtin_stdint-617WDDXQRLBMF86LEND75TQEE.pcm /Users/builder/Factory/paperloft/evidence/checkouts/p2-checkpoint9283f0c/build/VerifierDerivedData/SDKExplicitPrecompiledModules/_Builtin_float-5JXJQSV7M88GPVVKYRMFF84KB.pcm /Users/builder/Factory/paperloft/evidence/checkouts/p2-checkpoint9283f0c/build/VerifierDerivedData/Build/Intermediates.noindex/PaperloftKit.build/Release/PaperloftKit-t.build/Objects-normal/arm64/PaperloftKit-dependencies-1.json (in target 'PaperloftKit' from project 'PaperloftKit')

SwiftCompile normal arm64 (in target 'PaperloftKit' from project 'PaperloftKit')
    cd /Users/builder/Factory/paperloft/evidence/checkouts/p2-checkpoint9283f0c/Paperloft.xcodeproj
    

SwiftDriverJobDiscovery normal arm64 Compiling Assessment.swift, Extraction.swift, LibraryAccess.swift, LibraryFiles.swift, LibraryStore.swift, Money.swift, Receipt.swift, ReceiptEngine.swift, ReceiptIndex.swift, Recognize.swift, TextLayout.swift (in target 'PaperloftKit' from project 'PaperloftKit')

SwiftDriver\ Compilation\ Requirements PaperloftKit normal arm64 com.apple.xcode.tools.swift.compiler (in target 'PaperloftKit' from project 'PaperloftKit')
    cd /Users/builder/Factory/paperloft/evidence/checkouts/p2-checkpoint9283f0c/Paperloft.xcodeproj
    builtin-Swift-Compilation-Requirements -- /Applications/Xcode.app/Contents/Developer/Toolchains/XcodeDefault.xctoolchain/usr/bin/swiftc -parse-as-library -module-name PaperloftKit -O -whole-module-optimization @/Users/builder/Factory/paperloft/evidence/checkouts/p2-checkpoint9283f0c/build/VerifierDerivedData/Build/Intermediates.noindex/PaperloftKit.build/Release/PaperloftKit-t.build/Objects-normal/arm64/PaperloftKit.SwiftFileList -DSWIFT_PACKAGE -DSWIFT_MODULE_RESOURCE_BUNDLE_UNAVAILABLE -DXcode -plugin-path /Applications/Xcode.app/Contents/Developer/Toolchains/XcodeDefault.xctoolchain/usr/lib/swift/host/plugins/testing -enable-experimental-feature DebugDescriptionMacro -sdk /Applications/Xcode.app/Contents/Developer/Platforms/MacOSX.platform/Developer/SDKs/MacOSX27.0.sdk -target arm64-apple-macos27.0 -g -module-cache-path /Users/builder/Factory/paperloft/evidence/checkouts/p2-checkpoint9283f0c/build/VerifierDerivedData/ModuleCache.noindex -Xfrontend -serialize-debugging-options -profile-coverage-mapping -profile-generate -warnings-as-errors -swift-version 6 -I /Users/builder/Factory/paperloft/evidence/checkouts/p2-checkpoint9283f0c/build/VerifierDerivedData/Build/Products/Release -Isystem /Applications/Xcode.app/Contents/Developer/Platforms/MacOSX.platform/Developer/usr/lib -F /Users/builder/Factory/paperloft/evidence/checkouts/p2-checkpoint9283f0c/build/VerifierDerivedData/Build/Products/Release -F /Applications/Xcode.app/Contents/Developer/Platforms/MacOSX.platform/Developer/Library/Frameworks -c -num-threads 10 -Xcc -ivfsstatcache -Xcc /Users/builder/Factory/paperloft/evidence/checkouts/p2-checkpoint9283f0c/build/VerifierDerivedData/SDKStatCaches.noindex/macosx27.0-26A425-7231f6df4def33e022ae2eb8f782df1a.sdkstatcache -output-file-map /Users/builder/Factory/paperloft/evidence/checkouts/p2-checkpoint9283f0c/build/VerifierDerivedData/Build/Intermediates.noindex/PaperloftKit.build/Release/PaperloftKit-t.build/Objects-normal/arm64/PaperloftKit-OutputFileMap.json -save-temps -no-color-diagnostics -explicit-module-build -module-cache-path /Users/builder/Factory/paperloft/evidence/checkouts/p2-checkpoint9283f0c/build/VerifierDerivedData/Build/Intermediates.noindex/SwiftExplicitPrecompiledModules -clang-scanner-module-cache-path /Users/builder/Factory/paperloft/evidence/checkouts/p2-checkpoint9283f0c/build/VerifierDerivedData/ModuleCache.noindex -sdk-module-cache-path /Users/builder/Factory/paperloft/evidence/checkouts/p2-checkpoint9283f0c/build/VerifierDerivedData/SDKExplicitPrecompiledModules -emit-dependencies -emit-module -emit-module-path /Users/builder/Factory/paperloft/evidence/checkouts/p2-checkpoint9283f0c/build/VerifierDerivedData/Build/Intermediates.noindex/PaperloftKit.build/Release/PaperloftKit-t.build/Objects-normal/arm64/PaperloftKit.swiftmodule -serialize-diagnostics -dependency-scan-serialize-diagnostics-path /Users/builder/Factory/paperloft/evidence/checkouts/p2-checkpoint9283f0c/build/VerifierDerivedData/Build/Intermediates.noindex/PaperloftKit.build/Release/PaperloftKit-t.build/Objects-normal/arm64/PaperloftKit-dependency-scan.dia -validate-clang-modules-once -clang-build-session-file /Users/builder/Factory/paperloft/evidence/checkouts/p2-checkpoint9283f0c/build/VerifierDerivedData/ModuleCache.noindex/Session.modulevalidation -Xcc -fmodules-prune-interval\=86400 -Xcc -fmodules-prune-after\=345600 -package-name paperloftkit -emit-const-values -const-gather-protocols-list /Users/builder/Factory/paperloft/evidence/checkouts/p2-checkpoint9283f0c/build/VerifierDerivedData/Build/Intermediates.noindex/PaperloftKit.build/Release/PaperloftKit-t.build/Objects-normal/arm64/PaperloftKit_const_extract_protocols.json -Xcc -I/Users/builder/Factory/paperloft/evidence/checkouts/p2-checkpoint9283f0c/build/VerifierDerivedData/Build/Products/Release/include -Xcc -I/Users/builder/Factory/paperloft/evidence/checkouts/p2-checkpoint9283f0c/build/VerifierDerivedData/Build/Intermediates.noindex/PaperloftKit.build/Release/PaperloftKit-t.build/DerivedSources-normal/arm64 -Xcc -I/Users/builder/Factory/paperloft/evidence/checkouts/p2-checkpoint9283f0c/build/VerifierDerivedData/Build/Intermediates.noindex/PaperloftKit.build/Release/PaperloftKit-t.build/DerivedSources/arm64 -Xcc -I/Users/builder/Factory/paperloft/evidence/checkouts/p2-checkpoint9283f0c/build/VerifierDerivedData/Build/Intermediates.noindex/PaperloftKit.build/Release/PaperloftKit-t.build/DerivedSources -Xcc -DSWIFT_PACKAGE -emit-objc-header -emit-objc-header-path /Users/builder/Factory/paperloft/evidence/checkouts/p2-checkpoint9283f0c/build/VerifierDerivedData/Build/Intermediates.noindex/PaperloftKit.build/Release/PaperloftKit-t.build/Objects-normal/arm64/PaperloftKit-Swift.h -working-directory /Users/builder/Factory/paperloft/evidence/checkouts/p2-checkpoint9283f0c/Paperloft.xcodeproj -no-emit-module-separately-wmo

SwiftMergeGeneratedHeaders /Users/builder/Factory/paperloft/evidence/checkouts/p2-checkpoint9283f0c/build/VerifierDerivedData/Build/Intermediates.noindex/GeneratedModuleMaps/PaperloftKit-Swift.h /Users/builder/Factory/paperloft/evidence/checkouts/p2-checkpoint9283f0c/build/VerifierDerivedData/Build/Intermediates.noindex/PaperloftKit.build/Release/PaperloftKit-t.build/Objects-normal/arm64/PaperloftKit-Swift.h (in target 'PaperloftKit' from project 'PaperloftKit')
    cd /Users/builder/Factory/paperloft/evidence/checkouts/p2-checkpoint9283f0c/Packages/PaperloftKit
    builtin-swiftHeaderTool -arch arm64 /Users/builder/Factory/paperloft/evidence/checkouts/p2-checkpoint9283f0c/build/VerifierDerivedData/Build/Intermediates.noindex/PaperloftKit.build/Release/PaperloftKit-t.build/Objects-normal/arm64/PaperloftKit-Swift.h -o /Users/builder/Factory/paperloft/evidence/checkouts/p2-checkpoint9283f0c/build/VerifierDerivedData/Build/Intermediates.noindex/GeneratedModuleMaps/PaperloftKit-Swift.h

Copy /Users/builder/Factory/paperloft/evidence/checkouts/p2-checkpoint9283f0c/build/VerifierDerivedData/Build/Products/Release/PaperloftKit.swiftmodule/arm64-apple-macos.swiftmodule /Users/builder/Factory/paperloft/evidence/checkouts/p2-checkpoint9283f0c/build/VerifierDerivedData/Build/Intermediates.noindex/PaperloftKit.build/Release/PaperloftKit-t.build/Objects-normal/arm64/PaperloftKit.swiftmodule (in target 'PaperloftKit' from project 'PaperloftKit')
    cd /Users/builder/Factory/paperloft/evidence/checkouts/p2-checkpoint9283f0c/Packages/PaperloftKit
    builtin-copy -exclude .DS_Store -exclude CVS -exclude .svn -exclude .git -exclude .hg -strip-unsigned-binaries -strip-deterministic -strip-tool /Applications/Xcode.app/Contents/Developer/Toolchains/XcodeDefault.xctoolchain/usr/bin/strip -resolve-src-symlinks -rename /Users/builder/Factory/paperloft/evidence/checkouts/p2-checkpoint9283f0c/build/VerifierDerivedData/Build/Intermediates.noindex/PaperloftKit.build/Release/PaperloftKit-t.build/Objects-normal/arm64/PaperloftKit.swiftmodule /Users/builder/Factory/paperloft/evidence/checkouts/p2-checkpoint9283f0c/build/VerifierDerivedData/Build/Products/Release/PaperloftKit.swiftmodule/arm64-apple-macos.swiftmodule

Copy /Users/builder/Factory/paperloft/evidence/checkouts/p2-checkpoint9283f0c/build/VerifierDerivedData/Build/Products/Release/PaperloftKit.swiftmodule/arm64-apple-macos.abi.json /Users/builder/Factory/paperloft/evidence/checkouts/p2-checkpoint9283f0c/build/VerifierDerivedData/Build/Intermediates.noindex/PaperloftKit.build/Release/PaperloftKit-t.build/Objects-normal/arm64/PaperloftKit.abi.json (in target 'PaperloftKit' from project 'PaperloftKit')
    cd /Users/builder/Factory/paperloft/evidence/checkouts/p2-checkpoint9283f0c/Packages/PaperloftKit
    builtin-copy -exclude .DS_Store -exclude CVS -exclude .svn -exclude .git -exclude .hg -strip-unsigned-binaries -strip-deterministic -strip-tool /Applications/Xcode.app/Contents/Developer/Toolchains/XcodeDefault.xctoolchain/usr/bin/strip -resolve-src-symlinks -rename /Users/builder/Factory/paperloft/evidence/checkouts/p2-checkpoint9283f0c/build/VerifierDerivedData/Build/Intermediates.noindex/PaperloftKit.build/Release/PaperloftKit-t.build/Objects-normal/arm64/PaperloftKit.abi.json /Users/builder/Factory/paperloft/evidence/checkouts/p2-checkpoint9283f0c/build/VerifierDerivedData/Build/Products/Release/PaperloftKit.swiftmodule/arm64-apple-macos.abi.json

Copy /Users/builder/Factory/paperloft/evidence/checkouts/p2-checkpoint9283f0c/build/VerifierDerivedData/Build/Products/Release/PaperloftKit.swiftmodule/arm64-apple-macos.swiftdoc /Users/builder/Factory/paperloft/evidence/checkouts/p2-checkpoint9283f0c/build/VerifierDerivedData/Build/Intermediates.noindex/PaperloftKit.build/Release/PaperloftKit-t.build/Objects-normal/arm64/PaperloftKit.swiftdoc (in target 'PaperloftKit' from project 'PaperloftKit')
    cd /Users/builder/Factory/paperloft/evidence/checkouts/p2-checkpoint9283f0c/Packages/PaperloftKit
    builtin-copy -exclude .DS_Store -exclude CVS -exclude .svn -exclude .git -exclude .hg -strip-unsigned-binaries -strip-deterministic -strip-tool /Applications/Xcode.app/Contents/Developer/Toolchains/XcodeDefault.xctoolchain/usr/bin/strip -resolve-src-symlinks -rename /Users/builder/Factory/paperloft/evidence/checkouts/p2-checkpoint9283f0c/build/VerifierDerivedData/Build/Intermediates.noindex/PaperloftKit.build/Release/PaperloftKit-t.build/Objects-normal/arm64/PaperloftKit.swiftdoc /Users/builder/Factory/paperloft/evidence/checkouts/p2-checkpoint9283f0c/build/VerifierDerivedData/Build/Products/Release/PaperloftKit.swiftmodule/arm64-apple-macos.swiftdoc

Ld /Users/builder/Factory/paperloft/evidence/checkouts/p2-checkpoint9283f0c/build/VerifierDerivedData/Build/Products/Release/PaperloftKit.o normal (in target 'PaperloftKit' from project 'PaperloftKit')
    cd /Users/builder/Factory/paperloft/evidence/checkouts/p2-checkpoint9283f0c/Packages/PaperloftKit
    /Applications/Xcode.app/Contents/Developer/Toolchains/XcodeDefault.xctoolchain/usr/bin/clang -Xlinker -reproducible -target arm64-apple-macos27.0 -r -isysroot /Applications/Xcode.app/Contents/Developer/Platforms/MacOSX.platform/Developer/SDKs/MacOSX27.0.sdk -Os -Xlinker -no_warn_duplicate_libraries -F/Users/builder/Factory/paperloft/evidence/checkouts/p2-checkpoint9283f0c/build/VerifierDerivedData/Build/Intermediates.noindex/EagerLinkingTBDs/Release -F/Users/builder/Factory/paperloft/evidence/checkouts/p2-checkpoint9283f0c/build/VerifierDerivedData/Build/Products/Release -iframework /Applications/Xcode.app/Contents/Developer/Platforms/MacOSX.platform/Developer/Library/Frameworks -filelist /Users/builder/Factory/paperloft/evidence/checkouts/p2-checkpoint9283f0c/build/VerifierDerivedData/Build/Intermediates.noindex/PaperloftKit.build/Release/PaperloftKit-t.build/Objects-normal/arm64/PaperloftKit.LinkFileList -nostdlib -Xlinker -object_path_lto -Xlinker /Users/builder/Factory/paperloft/evidence/checkouts/p2-checkpoint9283f0c/build/VerifierDerivedData/Build/Intermediates.noindex/PaperloftKit.build/Release/PaperloftKit-t.build/Objects-normal/arm64/PaperloftKit_lto.o -Xlinker -debug_variant -Xlinker -dependency_info -Xlinker /Users/builder/Factory/paperloft/evidence/checkouts/p2-checkpoint9283f0c/build/VerifierDerivedData/Build/Intermediates.noindex/PaperloftKit.build/Release/PaperloftKit-t.build/Objects-normal/arm64/PaperloftKit_dependency_info.dat -fobjc-link-runtime -L/Applications/Xcode.app/Contents/Developer/Toolchains/XcodeDefault.xctoolchain/usr/lib/swift/macosx -L/usr/lib/swift -Xlinker -add_ast_path -Xlinker /Users/builder/Factory/paperloft/evidence/checkouts/p2-checkpoint9283f0c/build/VerifierDerivedData/Build/Intermediates.noindex/PaperloftKit.build/Release/PaperloftKit-t.build/Objects-normal/arm64/PaperloftKit.swiftmodule -o /Users/builder/Factory/paperloft/evidence/checkouts/p2-checkpoint9283f0c/build/VerifierDerivedData/Build/Products/Release/PaperloftKit.o

ProcessProductPackaging /Users/builder/Factory/paperloft/evidence/checkouts/p2-checkpoint9283f0c/Apps/PaperloftApp/Paperloft.entitlements /Users/builder/Factory/paperloft/evidence/checkouts/p2-checkpoint9283f0c/build/VerifierDerivedData/Build/Intermediates.noindex/Paperloft.build/Release/PaperloftApp.build/Paperloft\ Receipts.app.xcent (in target 'PaperloftApp' from project 'Paperloft')
    cd /Users/builder/Factory/paperloft/evidence/checkouts/p2-checkpoint9283f0c
    
    Entitlements:
    
    {
    "com.apple.security.app-sandbox" = 1;
    "com.apple.security.files.bookmarks.app-scope" = 1;
    "com.apple.security.files.user-selected.read-write" = 1;
    "com.apple.security.get-task-allow" = 1;
}
    
    builtin-productPackagingUtility /Users/builder/Factory/paperloft/evidence/checkouts/p2-checkpoint9283f0c/Apps/PaperloftApp/Paperloft.entitlements -entitlements -format xml -o /Users/builder/Factory/paperloft/evidence/checkouts/p2-checkpoint9283f0c/build/VerifierDerivedData/Build/Intermediates.noindex/Paperloft.build/Release/PaperloftApp.build/Paperloft\ Receipts.app.xcent

ProcessProductPackagingDER /Users/builder/Factory/paperloft/evidence/checkouts/p2-checkpoint9283f0c/build/VerifierDerivedData/Build/Intermediates.noindex/Paperloft.build/Release/PaperloftApp.build/Paperloft\ Receipts.app.xcent /Users/builder/Factory/paperloft/evidence/checkouts/p2-checkpoint9283f0c/build/VerifierDerivedData/Build/Intermediates.noindex/Paperloft.build/Release/PaperloftApp.build/Paperloft\ Receipts.app.xcent.der (in target 'PaperloftApp' from project 'Paperloft')
    cd /Users/builder/Factory/paperloft/evidence/checkouts/p2-checkpoint9283f0c
    /usr/bin/derq query -f xml -i /Users/builder/Factory/paperloft/evidence/checkouts/p2-checkpoint9283f0c/build/VerifierDerivedData/Build/Intermediates.noindex/Paperloft.build/Release/PaperloftApp.build/Paperloft\ Receipts.app.xcent -o /Users/builder/Factory/paperloft/evidence/checkouts/p2-checkpoint9283f0c/build/VerifierDerivedData/Build/Intermediates.noindex/Paperloft.build/Release/PaperloftApp.build/Paperloft\ Receipts.app.xcent.der --raw

SwiftDriver PaperloftApp normal arm64 com.apple.xcode.tools.swift.compiler (in target 'PaperloftApp' from project 'Paperloft')
    cd /Users/builder/Factory/paperloft/evidence/checkouts/p2-checkpoint9283f0c
    builtin-SwiftDriver -- /Applications/Xcode.app/Contents/Developer/Toolchains/XcodeDefault.xctoolchain/usr/bin/swiftc -module-name Paperloft_Receipts -O @/Users/builder/Factory/paperloft/evidence/checkouts/p2-checkpoint9283f0c/build/VerifierDerivedData/Build/Intermediates.noindex/Paperloft.build/Release/PaperloftApp.build/Objects-normal/arm64/Paperloft\ Receipts.SwiftFileList -enable-experimental-feature DebugDescriptionMacro -sdk /Applications/Xcode.app/Contents/Developer/Platforms/MacOSX.platform/Developer/SDKs/MacOSX27.0.sdk -target arm64-apple-macos27.0 -g -module-cache-path /Users/builder/Factory/paperloft/evidence/checkouts/p2-checkpoint9283f0c/build/VerifierDerivedData/ModuleCache.noindex -Xfrontend -serialize-debugging-options -profile-coverage-mapping -profile-generate -warnings-as-errors -swift-version 6 -I /Users/builder/Factory/paperloft/evidence/checkouts/p2-checkpoint9283f0c/build/VerifierDerivedData/Build/Products/Release -F /Users/builder/Factory/paperloft/evidence/checkouts/p2-checkpoint9283f0c/build/VerifierDerivedData/Build/Products/Release/PackageFrameworks -F /Users/builder/Factory/paperloft/evidence/checkouts/p2-checkpoint9283f0c/build/VerifierDerivedData/Build/Products/Release -parse-as-library -c -j10 -enable-batch-mode -incremental -Xcc -ivfsstatcache -Xcc /Users/builder/Factory/paperloft/evidence/checkouts/p2-checkpoint9283f0c/build/VerifierDerivedData/SDKStatCaches.noindex/macosx27.0-26A425-7231f6df4def33e022ae2eb8f782df1a.sdkstatcache -output-file-map /Users/builder/Factory/paperloft/evidence/checkouts/p2-checkpoint9283f0c/build/VerifierDerivedData/Build/Intermediates.noindex/Paperloft.build/Release/PaperloftApp.build/Objects-normal/arm64/PaperloftApp-OutputFileMap.json -save-temps -no-color-diagnostics -explicit-module-build -module-cache-path /Users/builder/Factory/paperloft/evidence/checkouts/p2-checkpoint9283f0c/build/VerifierDerivedData/Build/Intermediates.noindex/SwiftExplicitPrecompiledModules -clang-scanner-module-cache-path /Users/builder/Factory/paperloft/evidence/checkouts/p2-checkpoint9283f0c/build/VerifierDerivedData/ModuleCache.noindex -sdk-module-cache-path /Users/builder/Factory/paperloft/evidence/checkouts/p2-checkpoint9283f0c/build/VerifierDerivedData/SDKExplicitPrecompiledModules -emit-dependencies -emit-module -emit-module-path /Users/builder/Factory/paperloft/evidence/checkouts/p2-checkpoint9283f0c/build/VerifierDerivedData/Build/Intermediates.noindex/Paperloft.build/Release/PaperloftApp.build/Objects-normal/arm64/Paperloft_Receipts.swiftmodule -serialize-diagnostics -dependency-scan-serialize-diagnostics-path /Users/builder/Factory/paperloft/evidence/checkouts/p2-checkpoint9283f0c/build/VerifierDerivedData/Build/Intermediates.noindex/Paperloft.build/Release/PaperloftApp.build/Objects-normal/arm64/Paperloft_Receipts-dependency-scan.dia -validate-clang-modules-once -clang-build-session-file /Users/builder/Factory/paperloft/evidence/checkouts/p2-checkpoint9283f0c/build/VerifierDerivedData/ModuleCache.noindex/Session.modulevalidation -Xcc -fmodules-prune-interval\=86400 -Xcc -fmodules-prune-after\=345600 -emit-const-values -const-gather-protocols-list /Users/builder/Factory/paperloft/evidence/checkouts/p2-checkpoint9283f0c/build/VerifierDerivedData/Build/Intermediates.noindex/Paperloft.build/Release/PaperloftApp.build/Objects-normal/arm64/PaperloftApp_const_extract_protocols.json -Xcc -iquote -Xcc /Users/builder/Factory/paperloft/evidence/checkouts/p2-checkpoint9283f0c/build/VerifierDerivedData/Build/Intermediates.noindex/Paperloft.build/Release/PaperloftApp.build/Paperloft\ Receipts-generated-files.hmap -Xcc -I/Users/builder/Factory/paperloft/evidence/checkouts/p2-checkpoint9283f0c/build/VerifierDerivedData/Build/Intermediates.noindex/Paperloft.build/Release/PaperloftApp.build/Paperloft\ Receipts-own-target-headers.hmap -Xcc -I/Users/builder/Factory/paperloft/evidence/checkouts/p2-checkpoint9283f0c/build/VerifierDerivedData/Build/Intermediates.noindex/Paperloft.build/Release/PaperloftApp.build/Paperloft\ Receipts-all-non-framework-target-headers.hmap -Xcc -ivfsoverlay -Xcc /Users/builder/Factory/paperloft/evidence/checkouts/p2-checkpoint9283f0c/build/VerifierDerivedData/Build/Intermediates.noindex/Paperloft.build/Release/Paperloft-b93ddc6bcd4d234a5473ab01ad3589c4-VFS/all-product-headers.yaml -Xcc -iquote -Xcc /Users/builder/Factory/paperloft/evidence/checkouts/p2-checkpoint9283f0c/build/VerifierDerivedData/Build/Intermediates.noindex/Paperloft.build/Release/PaperloftApp.build/Paperloft\ Receipts-project-headers.hmap -Xcc -I/Users/builder/Factory/paperloft/evidence/checkouts/p2-checkpoint9283f0c/build/VerifierDerivedData/Build/Products/Release/include -Xcc -I/Users/builder/Factory/paperloft/evidence/checkouts/p2-checkpoint9283f0c/build/VerifierDerivedData/Build/Intermediates.noindex/Paperloft.build/Release/PaperloftApp.build/DerivedSources-normal/arm64 -Xcc -I/Users/builder/Factory/paperloft/evidence/checkouts/p2-checkpoint9283f0c/build/VerifierDerivedData/Build/Intermediates.noindex/Paperloft.build/Release/PaperloftApp.build/DerivedSources/arm64 -Xcc -I/Users/builder/Factory/paperloft/evidence/checkouts/p2-checkpoint9283f0c/build/VerifierDerivedData/Build/Intermediates.noindex/Paperloft.build/Release/PaperloftApp.build/DerivedSources -emit-objc-header -emit-objc-header-path /Users/builder/Factory/paperloft/evidence/checkouts/p2-checkpoint9283f0c/build/VerifierDerivedData/Build/Intermediates.noindex/Paperloft.build/Release/PaperloftApp.build/Objects-normal/arm64/Paperloft_Receipts-Swift.h -working-directory /Users/builder/Factory/paperloft/evidence/checkouts/p2-checkpoint9283f0c -experimental-emit-module-separately -disable-cmo

ExtractAppIntentsMetadata (in target 'PaperloftKit' from project 'PaperloftKit')
    cd /Users/builder/Factory/paperloft/evidence/checkouts/p2-checkpoint9283f0c/Packages/PaperloftKit
    /Applications/Xcode.app/Contents/Developer/Toolchains/XcodeDefault.xctoolchain/usr/bin/appintentsmetadataprocessor --toolchain-dir /Applications/Xcode.app/Contents/Developer/Toolchains/XcodeDefault.xctoolchain --module-name PaperloftKit --sdk-root /Applications/Xcode.app/Contents/Developer/Platforms/MacOSX.platform/Developer/SDKs/MacOSX27.0.sdk --xcode-version 27A266a --platform-family macOS --deployment-target 27.0 --bundle-identifier paperloftkit.PaperloftKit --output /Users/builder/Factory/paperloft/evidence/checkouts/p2-checkpoint9283f0c/build/VerifierDerivedData/Build/Products/Release/PaperloftKit.appintents --target-triple arm64-apple-macos27.0 --binary-file /Users/builder/Factory/paperloft/evidence/checkouts/p2-checkpoint9283f0c/build/VerifierDerivedData/Build/Products/Release/PaperloftKit.o --dependency-file /Users/builder/Factory/paperloft/evidence/checkouts/p2-checkpoint9283f0c/build/VerifierDerivedData/Build/Intermediates.noindex/PaperloftKit.build/Release/PaperloftKit-t.build/Objects-normal/arm64/PaperloftKit_dependency_info.dat --stringsdata-file /Users/builder/Factory/paperloft/evidence/checkouts/p2-checkpoint9283f0c/build/VerifierDerivedData/Build/Intermediates.noindex/PaperloftKit.build/Release/PaperloftKit-t.build/Objects-normal/arm64/ExtractedAppShortcutsMetadata.stringsdata --source-file-list /Users/builder/Factory/paperloft/evidence/checkouts/p2-checkpoint9283f0c/build/VerifierDerivedData/Build/Intermediates.noindex/PaperloftKit.build/Release/PaperloftKit-t.build/Objects-normal/arm64/PaperloftKit.SwiftFileList --metadata-file-list /Users/builder/Factory/paperloft/evidence/checkouts/p2-checkpoint9283f0c/build/VerifierDerivedData/Build/Intermediates.noindex/PaperloftKit.build/Release/PaperloftKit-t.build/PaperloftKit.DependencyMetadataFileList --static-metadata-file-list /Users/builder/Factory/paperloft/evidence/checkouts/p2-checkpoint9283f0c/build/VerifierDerivedData/Build/Intermediates.noindex/PaperloftKit.build/Release/PaperloftKit-t.build/PaperloftKit.DependencyStaticMetadataFileList --swift-const-vals-list /Users/builder/Factory/paperloft/evidence/checkouts/p2-checkpoint9283f0c/build/VerifierDerivedData/Build/Intermediates.noindex/PaperloftKit.build/Release/PaperloftKit-t.build/Objects-normal/arm64/PaperloftKit.SwiftConstValuesFileList --force --compile-time-extraction --deployment-aware-processing --no-app-shortcuts-localization
2026-09-26 22:03:47.239 appintentsmetadataprocessor[33810:944203] Starting appintentsmetadataprocessor export
2026-09-26 22:03:47.294 appintentsmetadataprocessor[33810:944203] Extracted no relevant App Intents symbols, skipping writing output

CpResource /Users/builder/Factory/paperloft/evidence/checkouts/p2-checkpoint9283f0c/build/VerifierDerivedData/Build/Products/Release/Paperloft\ Receipts.app/Contents/Resources/PrivacyInfo.xcprivacy /Users/builder/Factory/paperloft/evidence/checkouts/p2-checkpoint9283f0c/Apps/PaperloftApp/PrivacyInfo.xcprivacy (in target 'PaperloftApp' from project 'Paperloft')
    cd /Users/builder/Factory/paperloft/evidence/checkouts/p2-checkpoint9283f0c
    builtin-copy -exclude .DS_Store -exclude CVS -exclude .svn -exclude .git -exclude .hg -strip-unsigned-binaries -strip-deterministic -strip-tool /Applications/Xcode.app/Contents/Developer/Toolchains/XcodeDefault.xctoolchain/usr/bin/strip -resolve-src-symlinks /Users/builder/Factory/paperloft/evidence/checkouts/p2-checkpoint9283f0c/Apps/PaperloftApp/PrivacyInfo.xcprivacy /Users/builder/Factory/paperloft/evidence/checkouts/p2-checkpoint9283f0c/build/VerifierDerivedData/Build/Products/Release/Paperloft\ Receipts.app/Contents/Resources

ProcessInfoPlistFile /Users/builder/Factory/paperloft/evidence/checkouts/p2-checkpoint9283f0c/build/VerifierDerivedData/Build/Products/Release/Paperloft\ Receipts.app/Contents/Info.plist /Users/builder/Factory/paperloft/evidence/checkouts/p2-checkpoint9283f0c/build/VerifierDerivedData/Build/Intermediates.noindex/Paperloft.build/Release/PaperloftApp.build/empty-Paperloft\ Receipts.plist (in target 'PaperloftApp' from project 'Paperloft')
    cd /Users/builder/Factory/paperloft/evidence/checkouts/p2-checkpoint9283f0c
    builtin-infoPlistUtility /Users/builder/Factory/paperloft/evidence/checkouts/p2-checkpoint9283f0c/build/VerifierDerivedData/Build/Intermediates.noindex/Paperloft.build/Release/PaperloftApp.build/empty-Paperloft\ Receipts.plist -producttype com.apple.product-type.application -genpkginfo /Users/builder/Factory/paperloft/evidence/checkouts/p2-checkpoint9283f0c/build/VerifierDerivedData/Build/Products/Release/Paperloft\ Receipts.app/Contents/PkgInfo -expandbuildsettings -platform macosx -o /Users/builder/Factory/paperloft/evidence/checkouts/p2-checkpoint9283f0c/build/VerifierDerivedData/Build/Products/Release/Paperloft\ Receipts.app/Contents/Info.plist

SwiftExplicitDependencyGeneratePcm arm64 /Users/builder/Factory/paperloft/evidence/checkouts/p2-checkpoint9283f0c/build/VerifierDerivedData/SDKExplicitPrecompiledModules/_Builtin_stdbool-92IVBYWU4VLEI9GK8AZEQGIDD.pcm

SwiftExplicitDependencyGeneratePcm arm64 /Users/builder/Factory/paperloft/evidence/checkouts/p2-checkpoint9283f0c/build/VerifierDerivedData/SDKExplicitPrecompiledModules/DeveloperToolsSupport-7NLLK0WJHNI1K7TAVNZ4A5GZU.pcm

SwiftExplicitDependencyGeneratePcm arm64 /Users/builder/Factory/paperloft/evidence/checkouts/p2-checkpoint9283f0c/build/VerifierDerivedData/SDKExplicitPrecompiledModules/_SwiftConcurrencyShims-776DH056NOXSVYTV73IUZP4W4.pcm

SwiftExplicitDependencyGeneratePcm arm64 /Users/builder/Factory/paperloft/evidence/checkouts/p2-checkpoint9283f0c/build/VerifierDerivedData/SDKExplicitPrecompiledModules/_Builtin_stdarg-7XIVMZVG75JXVWOVLMXOTJ1LG.pcm

SwiftExplicitDependencyGeneratePcm arm64 /Users/builder/Factory/paperloft/evidence/checkouts/p2-checkpoint9283f0c/build/VerifierDerivedData/SDKExplicitPrecompiledModules/ptrauth-9VGUUQ4LT204RCLZ9KA1WGTUB.pcm

SwiftExplicitDependencyGeneratePcm arm64 /Users/builder/Factory/paperloft/evidence/checkouts/p2-checkpoint9283f0c/build/VerifierDerivedData/SDKExplicitPrecompiledModules/ptrcheck-4WT1YE1ZSZ9X873BNX8GQXFHO.pcm

SwiftExplicitDependencyGeneratePcm arm64 /Users/builder/Factory/paperloft/evidence/checkouts/p2-checkpoint9283f0c/build/VerifierDerivedData/SDKExplicitPrecompiledModules/_Builtin_stddef-3CAEWC5YPLVRCLRQL6GAA3A0X.pcm

SwiftExplicitDependencyGeneratePcm arm64 /Users/builder/Factory/paperloft/evidence/checkouts/p2-checkpoint9283f0c/build/VerifierDerivedData/SDKExplicitPrecompiledModules/_AvailabilityInternal-2CIXFJT2U9TMP3B7I58AZPBYT.pcm

SwiftExplicitDependencyGeneratePcm arm64 /Users/builder/Factory/paperloft/evidence/checkouts/p2-checkpoint9283f0c/build/VerifierDerivedData/SDKExplicitPrecompiledModules/_Builtin_float-Z1J3U3GIRS5PXWIRNS40ZFLF.pcm

SwiftExplicitDependencyGeneratePcm arm64 /Users/builder/Factory/paperloft/evidence/checkouts/p2-checkpoint9283f0c/build/VerifierDerivedData/SDKExplicitPrecompiledModules/SwiftShims-2KMH90YRX7N3BWCLKFC6GGVFO.pcm

SwiftExplicitDependencyGeneratePcm arm64 /Users/builder/Factory/paperloft/evidence/checkouts/p2-checkpoint9283f0c/build/VerifierDerivedData/SDKExplicitPrecompiledModules/_DarwinFoundation1-1ZD06Z902SHAG3H8PZ0X0KFOJ.pcm

SwiftExplicitDependencyGeneratePcm arm64 /Users/builder/Factory/paperloft/evidence/checkouts/p2-checkpoint9283f0c/build/VerifierDerivedData/SDKExplicitPrecompiledModules/ExtensionFoundation-5USL1A1M5T0B3OZC5MXYBHKN3.pcm

SwiftExplicitDependencyGeneratePcm arm64 /Users/builder/Factory/paperloft/evidence/checkouts/p2-checkpoint9283f0c/build/VerifierDerivedData/SDKExplicitPrecompiledModules/_Builtin_limits-EW6BK47RN2UP5VZDG1TWC1LFW.pcm

SwiftExplicitDependencyGeneratePcm arm64 /Users/builder/Factory/paperloft/evidence/checkouts/p2-checkpoint9283f0c/build/VerifierDerivedData/SDKExplicitPrecompiledModules/_DarwinFoundation2-A1VJJJYYHJ8064N95R84T8TIA.pcm

SwiftExplicitDependencyGeneratePcm arm64 /Users/builder/Factory/paperloft/evidence/checkouts/p2-checkpoint9283f0c/build/VerifierDerivedData/SDKExplicitPrecompiledModules/string_h-E3A830K00MHYKYZFOK36W9LQ4.pcm

SwiftExplicitDependencyGeneratePcm arm64 /Users/builder/Factory/paperloft/evidence/checkouts/p2-checkpoint9283f0c/build/VerifierDerivedData/SDKExplicitPrecompiledModules/_Builtin_tgmath-C7IQ1AQZ7BT7LOTNUO195201K.pcm

SwiftExplicitDependencyGeneratePcm arm64 /Users/builder/Factory/paperloft/evidence/checkouts/p2-checkpoint9283f0c/build/VerifierDerivedData/SDKExplicitPrecompiledModules/sys_types-BHFWRGVBFCP25BD0VD7Q4OJBY.pcm

SwiftExplicitDependencyGeneratePcm arm64 /Users/builder/Factory/paperloft/evidence/checkouts/p2-checkpoint9283f0c/build/VerifierDerivedData/SDKExplicitPrecompiledModules/_Builtin_stdint-RCE38V9BKZBD4BEMWJCGA9QA.pcm

SwiftExplicitDependencyGeneratePcm arm64 /Users/builder/Factory/paperloft/evidence/checkouts/p2-checkpoint9283f0c/build/VerifierDerivedData/SDKExplicitPrecompiledModules/_Builtin_intrinsics-6FTSWPXHMCTCIEY8ZDXDMPCRF.pcm

SwiftExplicitDependencyGeneratePcm arm64 /Users/builder/Factory/paperloft/evidence/checkouts/p2-checkpoint9283f0c/build/VerifierDerivedData/SDKExplicitPrecompiledModules/libDER-8BP4FHA0SJ2CIW34XFZE31A0K.pcm

SwiftExplicitDependencyGeneratePcm arm64 /Users/builder/Factory/paperloft/evidence/checkouts/p2-checkpoint9283f0c/build/VerifierDerivedData/SDKExplicitPrecompiledModules/_Builtin_stdatomic-EAZVAVCGIRT7ONFBUQOXBX5QG.pcm

SwiftExplicitDependencyGeneratePcm arm64 /Users/builder/Factory/paperloft/evidence/checkouts/p2-checkpoint9283f0c/build/VerifierDerivedData/SDKExplicitPrecompiledModules/_DarwinFoundation3-A4RIH9QPGSRKC57SG7QWNDXEM.pcm

SwiftExplicitDependencyGeneratePcm arm64 /Users/builder/Factory/paperloft/evidence/checkouts/p2-checkpoint9283f0c/build/VerifierDerivedData/SDKExplicitPrecompiledModules/_Builtin_inttypes-C38QLVON80XR2CXFA3STH5MS4.pcm

SwiftExplicitDependencyGeneratePcm arm64 /Users/builder/Factory/paperloft/evidence/checkouts/p2-checkpoint9283f0c/build/VerifierDerivedData/SDKExplicitPrecompiledModules/Darwin-EXHAZQAKYEY5T9F95B899AIBX.pcm

SwiftExplicitDependencyGeneratePcm arm64 /Users/builder/Factory/paperloft/evidence/checkouts/p2-checkpoint9283f0c/build/VerifierDerivedData/SDKExplicitPrecompiledModules/simd-D8QABUI0DI5NLCIHH005PEE1G.pcm

SwiftExplicitDependencyGeneratePcm arm64 /Users/builder/Factory/paperloft/evidence/checkouts/p2-checkpoint9283f0c/build/VerifierDerivedData/SDKExplicitPrecompiledModules/MachO-44A71HWQVJ4E1ITHG1QUTYCK2.pcm

SwiftExplicitDependencyGeneratePcm arm64 /Users/builder/Factory/paperloft/evidence/checkouts/p2-checkpoint9283f0c/build/VerifierDerivedData/SDKExplicitPrecompiledModules/libkern-6EMYW52H848LBL4TF046C7JM0.pcm

SwiftExplicitDependencyGeneratePcm arm64 /Users/builder/Factory/paperloft/evidence/checkouts/p2-checkpoint9283f0c/build/VerifierDerivedData/SDKExplicitPrecompiledModules/CUPS-22AVP3DRUENR785U7TGMQXW07.pcm

SwiftExplicitDependencyGeneratePcm arm64 /Users/builder/Factory/paperloft/evidence/checkouts/p2-checkpoint9283f0c/build/VerifierDerivedData/SDKExplicitPrecompiledModules/Compression-DMFL8357GOU9TJHRL37ZUOIC9.pcm

SwiftExplicitDependencyGeneratePcm arm64 /Users/builder/Factory/paperloft/evidence/checkouts/p2-checkpoint9283f0c/build/VerifierDerivedData/SDKExplicitPrecompiledModules/launch-BCLCPL3AWWRTU8CZA6GLZTEVO.pcm

SwiftExplicitDependencyGeneratePcm arm64 /Users/builder/Factory/paperloft/evidence/checkouts/p2-checkpoint9283f0c/build/VerifierDerivedData/SDKExplicitPrecompiledModules/ObjectiveC-58Y845IVHHAJFY7KFBG8IC63S.pcm

SwiftExplicitDependencyGeneratePcm arm64 /Users/builder/Factory/paperloft/evidence/checkouts/p2-checkpoint9283f0c/build/VerifierDerivedData/SDKExplicitPrecompiledModules/Spatial-A6ZGD7CBCMBSS8N4QD37IWCRO.pcm

SwiftExplicitDependencyGeneratePcm arm64 /Users/builder/Factory/paperloft/evidence/checkouts/p2-checkpoint9283f0c/build/VerifierDerivedData/SDKExplicitPrecompiledModules/os_object-7DMQAZA9QLUZ9WVEBRCVNTLYZ.pcm

SwiftExplicitDependencyGeneratePcm arm64 /Users/builder/Factory/paperloft/evidence/checkouts/p2-checkpoint9283f0c/build/VerifierDerivedData/SDKExplicitPrecompiledModules/os_workgroup-3XCGAHR5FMR79UOZLGSL61KME.pcm

SwiftExplicitDependencyGeneratePcm arm64 /Users/builder/Factory/paperloft/evidence/checkouts/p2-checkpoint9283f0c/build/VerifierDerivedData/SDKExplicitPrecompiledModules/Dispatch-3A1MTCWLB0OQAC6NX8ZSP9MU6.pcm

SwiftExplicitDependencyGeneratePcm arm64 /Users/builder/Factory/paperloft/evidence/checkouts/p2-checkpoint9283f0c/build/VerifierDerivedData/SDKExplicitPrecompiledModules/dnssd-G4NVZQ5SRB939DESH91SZSXX.pcm

SwiftExplicitDependencyGeneratePcm arm64 /Users/builder/Factory/paperloft/evidence/checkouts/p2-checkpoint9283f0c/build/VerifierDerivedData/SDKExplicitPrecompiledModules/XPC-DG6QREDPQKFEMAU6LDHKFH7U6.pcm

SwiftExplicitDependencyGeneratePcm arm64 /Users/builder/Factory/paperloft/evidence/checkouts/p2-checkpoint9283f0c/build/VerifierDerivedData/SDKExplicitPrecompiledModules/CoreFoundation-B9UW9GI3P62PFZGEMI8Q3A4ES.pcm

SwiftExplicitDependencyGeneratePcm arm64 /Users/builder/Factory/paperloft/evidence/checkouts/p2-checkpoint9283f0c/build/VerifierDerivedData/SDKExplicitPrecompiledModules/os-A4JC3CAFPR4VKI33WNC4YFUAE.pcm

SwiftExplicitDependencyGeneratePcm arm64 /Users/builder/Factory/paperloft/evidence/checkouts/p2-checkpoint9283f0c/build/VerifierDerivedData/SDKExplicitPrecompiledModules/CoreAudioTypes-B2Y2X73KTSSIJ3T2F2ZLCN3M5.pcm

SwiftExplicitDependencyGeneratePcm arm64 /Users/builder/Factory/paperloft/evidence/checkouts/p2-checkpoint9283f0c/build/VerifierDerivedData/SDKExplicitPrecompiledModules/Security-2JYPUNMAS04XIC6ISP2558BJ.pcm

SwiftExplicitDependencyGeneratePcm arm64 /Users/builder/Factory/paperloft/evidence/checkouts/p2-checkpoint9283f0c/build/VerifierDerivedData/SDKExplicitPrecompiledModules/IOKit-9J4Q9RE2NNNJM42IBP10XWOR3.pcm

SwiftExplicitDependencyGeneratePcm arm64 /Users/builder/Factory/paperloft/evidence/checkouts/p2-checkpoint9283f0c/build/VerifierDerivedData/SDKExplicitPrecompiledModules/ColorSync-10EQ9WWY5J7A3EEO2NCCX6RUX.pcm

SwiftExplicitDependencyGeneratePcm arm64 /Users/builder/Factory/paperloft/evidence/checkouts/p2-checkpoint9283f0c/build/VerifierDerivedData/SDKExplicitPrecompiledModules/CFNetwork-13C83CK22DECBRVQ3JCITUVPQ.pcm

SwiftExplicitDependencyGeneratePcm arm64 /Users/builder/Factory/paperloft/evidence/checkouts/p2-checkpoint9283f0c/build/VerifierDerivedData/SDKExplicitPrecompiledModules/CoreGraphics-EBB6O84LHUJI2QVOA91M2JGGK.pcm

SwiftExplicitDependencyGeneratePcm arm64 /Users/builder/Factory/paperloft/evidence/checkouts/p2-checkpoint9283f0c/build/VerifierDerivedData/SDKExplicitPrecompiledModules/DiskArbitration-AQ5YMVHQOTJ5GB678GSNTBMJP.pcm

SwiftExplicitDependencyGeneratePcm arm64 /Users/builder/Factory/paperloft/evidence/checkouts/p2-checkpoint9283f0c/build/VerifierDerivedData/SDKExplicitPrecompiledModules/CoreServices-DC1BCJHKLQ60T8YLBZ8JG0ER4.pcm

SwiftExplicitDependencyGeneratePcm arm64 /Users/builder/Factory/paperloft/evidence/checkouts/p2-checkpoint9283f0c/build/VerifierDerivedData/SDKExplicitPrecompiledModules/ImageIO-CX86LVGZVXVKJJQ4XKDODS8TO.pcm

SwiftExplicitDependencyGeneratePcm arm64 /Users/builder/Factory/paperloft/evidence/checkouts/p2-checkpoint9283f0c/build/VerifierDerivedData/SDKExplicitPrecompiledModules/CoreText-4C0178X6P5A4FKJCXE4AE50GZ.pcm

SwiftExplicitDependencyGeneratePcm arm64 /Users/builder/Factory/paperloft/evidence/checkouts/p2-checkpoint9283f0c/build/VerifierDerivedData/SDKExplicitPrecompiledModules/Foundation-2BM2NRMU7G1H49AJILA8QI9T4.pcm

SwiftExplicitDependencyGeneratePcm arm64 /Users/builder/Factory/paperloft/evidence/checkouts/p2-checkpoint9283f0c/build/VerifierDerivedData/SDKExplicitPrecompiledModules/_LocationEssentials-901OQHEEAVZY4717N3PQH6A3X.pcm

SwiftExplicitDependencyGeneratePcm arm64 /Users/builder/Factory/paperloft/evidence/checkouts/p2-checkpoint9283f0c/build/VerifierDerivedData/SDKExplicitPrecompiledModules/AppIntentsTypeSupport-95BQGP46C9IM3QH1XVL4PVAR.pcm

SwiftExplicitDependencyGeneratePcm arm64 /Users/builder/Factory/paperloft/evidence/checkouts/p2-checkpoint9283f0c/build/VerifierDerivedData/SDKExplicitPrecompiledModules/Network-25IS6NQBAEVAQA3LLNOYYC1VU.pcm

SwiftExplicitDependencyGeneratePcm arm64 /Users/builder/Factory/paperloft/evidence/checkouts/p2-checkpoint9283f0c/build/VerifierDerivedData/SDKExplicitPrecompiledModules/LocalAuthentication-6946EHCTML148AVAM8YV1JETA.pcm

SwiftExplicitDependencyGeneratePcm arm64 /Users/builder/Factory/paperloft/evidence/checkouts/p2-checkpoint9283f0c/build/VerifierDerivedData/SDKExplicitPrecompiledModules/AppIntents-CVWKICN8AQIO5TEIOXD8B7K04.pcm

SwiftExplicitDependencyGeneratePcm arm64 /Users/builder/Factory/paperloft/evidence/checkouts/p2-checkpoint9283f0c/build/VerifierDerivedData/SDKExplicitPrecompiledModules/CoreTransferable-BZOSTHCGN4LCJ5D76XKMB38PB.pcm

SwiftExplicitDependencyGeneratePcm arm64 /Users/builder/Factory/paperloft/evidence/checkouts/p2-checkpoint9283f0c/build/VerifierDerivedData/SDKExplicitPrecompiledModules/CoreAudio-DU2Z44YEVVDEOGRXIA7E5BLR0.pcm

SwiftExplicitDependencyGeneratePcm arm64 /Users/builder/Factory/paperloft/evidence/checkouts/p2-checkpoint9283f0c/build/VerifierDerivedData/SDKExplicitPrecompiledModules/Symbols-6DHAUKLFP9RDTQAHEV8RP100G.pcm

SwiftExplicitDependencyGeneratePcm arm64 /Users/builder/Factory/paperloft/evidence/checkouts/p2-checkpoint9283f0c/build/VerifierDerivedData/SDKExplicitPrecompiledModules/DataDetection-1XES02V2ASJFDDY4M8DR4974F.pcm

SwiftExplicitDependencyGeneratePcm arm64 /Users/builder/Factory/paperloft/evidence/checkouts/p2-checkpoint9283f0c/build/VerifierDerivedData/SDKExplicitPrecompiledModules/RelevanceKit-E1C2EBHFUQP1ZJWBD67CYTIT7.pcm

SwiftExplicitDependencyGeneratePcm arm64 /Users/builder/Factory/paperloft/evidence/checkouts/p2-checkpoint9283f0c/build/VerifierDerivedData/SDKExplicitPrecompiledModules/IOSurface-85QBZO31OGC07FV9NJ2ORNWWD.pcm

SwiftExplicitDependencyGeneratePcm arm64 /Users/builder/Factory/paperloft/evidence/checkouts/p2-checkpoint9283f0c/build/VerifierDerivedData/SDKExplicitPrecompiledModules/CoreMIDI-5JHSKKVQQL0XXXVU2PTJRBM2C.pcm

SwiftExplicitDependencyGeneratePcm arm64 /Users/builder/Factory/paperloft/evidence/checkouts/p2-checkpoint9283f0c/build/VerifierDerivedData/SDKExplicitPrecompiledModules/CoreLocation-2F81Y4LXDY299BHNSU8KXOJ09.pcm

SwiftExplicitDependencyGeneratePcm arm64 /Users/builder/Factory/paperloft/evidence/checkouts/p2-checkpoint9283f0c/build/VerifierDerivedData/SDKExplicitPrecompiledModules/CoreData-F0HZZLB049BD8J9EPNKKAYW7B.pcm

SwiftExplicitDependencyGeneratePcm arm64 /Users/builder/Factory/paperloft/evidence/checkouts/p2-checkpoint9283f0c/build/VerifierDerivedData/SDKExplicitPrecompiledModules/ApplicationServices-9WZR9CEGB595V4O5MATP542RU.pcm

SwiftExplicitDependencyGeneratePcm arm64 /Users/builder/Factory/paperloft/evidence/checkouts/p2-checkpoint9283f0c/build/VerifierDerivedData/SDKExplicitPrecompiledModules/UniformTypeIdentifiers-363N5HSKLLAGH9XYBTBSR68Y8.pcm

SwiftExplicitDependencyGeneratePcm arm64 /Users/builder/Factory/paperloft/evidence/checkouts/p2-checkpoint9283f0c/build/VerifierDerivedData/SDKExplicitPrecompiledModules/Accessibility-EG4DBUC5AWRAR4OE3JHRJMB3T.pcm

SwiftExplicitDependencyGeneratePcm arm64 /Users/builder/Factory/paperloft/evidence/checkouts/p2-checkpoint9283f0c/build/VerifierDerivedData/SDKExplicitPrecompiledModules/OSLog-4KPCD3HTDQBGU4O1AW1YHJUL2.pcm

SwiftExplicitDependencyGeneratePcm arm64 /Users/builder/Factory/paperloft/evidence/checkouts/p2-checkpoint9283f0c/build/VerifierDerivedData/SDKExplicitPrecompiledModules/Metal-8LC9Y9RO65QYVIQVNQ4SRFV39.pcm

SwiftExplicitDependencyGeneratePcm arm64 /Users/builder/Factory/paperloft/evidence/checkouts/p2-checkpoint9283f0c/build/VerifierDerivedData/SDKExplicitPrecompiledModules/OpenGL-ELJNG2QZP4A9MONHOENXW3Q5T.pcm

SwiftExplicitDependencyGeneratePcm arm64 /Users/builder/Factory/paperloft/evidence/checkouts/p2-checkpoint9283f0c/build/VerifierDerivedData/SDKExplicitPrecompiledModules/CoreSpotlight-8ZYH0J6CHNZ56HPG9UI8LJDAF.pcm

SwiftExplicitDependencyGeneratePcm arm64 /Users/builder/Factory/paperloft/evidence/checkouts/p2-checkpoint9283f0c/build/VerifierDerivedData/SDKExplicitPrecompiledModules/Carbon-8UIFTE5CNCCJIT23ISRK5L331.pcm

SwiftExplicitDependencyGeneratePcm arm64 /Users/builder/Factory/paperloft/evidence/checkouts/p2-checkpoint9283f0c/build/VerifierDerivedData/SDKExplicitPrecompiledModules/CoreVideo-4N35OZ3RO4ES0XB6GSXFWNU5U.pcm

SwiftExplicitDependencyGeneratePcm arm64 /Users/builder/Factory/paperloft/evidence/checkouts/p2-checkpoint9283f0c/build/VerifierDerivedData/SDKExplicitPrecompiledModules/AudioToolbox-BTSJ0Q5J2UNGR1P1CY8O4MB0W.pcm

SwiftExplicitDependencyGeneratePcm arm64 /Users/builder/Factory/paperloft/evidence/checkouts/p2-checkpoint9283f0c/build/VerifierDerivedData/SDKExplicitPrecompiledModules/CoreML-7DTKE1YQ75SIBO2KOMYIL39DV.pcm

SwiftExplicitDependencyGeneratePcm arm64 /Users/builder/Factory/paperloft/evidence/checkouts/p2-checkpoint9283f0c/build/VerifierDerivedData/SDKExplicitPrecompiledModules/CoreMedia-708IZBPKI54IHRGH9MYC91O8R.pcm

SwiftExplicitDependencyGeneratePcm arm64 /Users/builder/Factory/paperloft/evidence/checkouts/p2-checkpoint9283f0c/build/VerifierDerivedData/SDKExplicitPrecompiledModules/Accelerate-58F926ASXQ3P7XBWYRP8JIIJ6.pcm

SwiftExplicitDependencyGeneratePcm arm64 /Users/builder/Factory/paperloft/evidence/checkouts/p2-checkpoint9283f0c/build/VerifierDerivedData/SDKExplicitPrecompiledModules/CoreImage-1W2I9PQM3FEYQPB786OVXN058.pcm

SwiftExplicitDependencyGeneratePcm arm64 /Users/builder/Factory/paperloft/evidence/checkouts/p2-checkpoint9283f0c/build/VerifierDerivedData/SDKExplicitPrecompiledModules/QuartzCore-B4TOJ2L3Y78ONUKVNO17R1GFU.pcm

SwiftExplicitDependencyGeneratePcm arm64 /Users/builder/Factory/paperloft/evidence/checkouts/p2-checkpoint9283f0c/build/VerifierDerivedData/SDKExplicitPrecompiledModules/SwiftUICore-D1DB0NTAF5QIPDQ9P1CENGVKL.pcm

SwiftExplicitDependencyGeneratePcm arm64 /Users/builder/Factory/paperloft/evidence/checkouts/p2-checkpoint9283f0c/build/VerifierDerivedData/SDKExplicitPrecompiledModules/Vision-3RM3X3NKMHOFA8EAA8GCCXDCQ.pcm

SwiftExplicitDependencyGeneratePcm arm64 /Users/builder/Factory/paperloft/evidence/checkouts/p2-checkpoint9283f0c/build/VerifierDerivedData/SDKExplicitPrecompiledModules/VideoToolbox-EJS7QWIP7CX5MG4CFM7R866X8.pcm

SwiftExplicitDependencyGeneratePcm arm64 /Users/builder/Factory/paperloft/evidence/checkouts/p2-checkpoint9283f0c/build/VerifierDerivedData/SDKExplicitPrecompiledModules/AppKit-BNM0AWYKPMHZH9JJJ05LQVI7X.pcm

SwiftExplicitDependencyGeneratePcm arm64 /Users/builder/Factory/paperloft/evidence/checkouts/p2-checkpoint9283f0c/build/VerifierDerivedData/SDKExplicitPrecompiledModules/MediaToolbox-E7CI27N8EIG1JAR0TJ09LGAYN.pcm

SwiftExplicitDependencyGeneratePcm arm64 /Users/builder/Factory/paperloft/evidence/checkouts/p2-checkpoint9283f0c/build/VerifierDerivedData/SDKExplicitPrecompiledModules/AVFAudio-BW00T85WK8FZJ48ZWKC4WV36A.pcm

SwiftExplicitDependencyGeneratePcm arm64 /Users/builder/Factory/paperloft/evidence/checkouts/p2-checkpoint9283f0c/build/VerifierDerivedData/SDKExplicitPrecompiledModules/AVFoundation-62J34SYPY7YTWTEOJ8491DLNR.pcm

SwiftExplicitDependencyGeneratePcm arm64 /Users/builder/Factory/paperloft/evidence/checkouts/p2-checkpoint9283f0c/build/VerifierDerivedData/SDKExplicitPrecompiledModules/SwiftUI-7WFC7216RGY77XT68VV32P63C.pcm

SwiftCompile normal arm64 Compiling\ PaperloftApp.swift /Users/builder/Factory/paperloft/evidence/checkouts/p2-checkpoint9283f0c/Apps/PaperloftApp/PaperloftApp.swift (in target 'PaperloftApp' from project 'Paperloft')

SwiftCompile normal arm64 /Users/builder/Factory/paperloft/evidence/checkouts/p2-checkpoint9283f0c/Apps/PaperloftApp/PaperloftApp.swift (in target 'PaperloftApp' from project 'Paperloft')
    cd /Users/builder/Factory/paperloft/evidence/checkouts/p2-checkpoint9283f0c
    builtin-SwiftPerFileCompile PaperloftApp.swift

SwiftEmitModule normal arm64 Emitting\ module\ for\ Paperloft_Receipts (in target 'PaperloftApp' from project 'Paperloft')

SwiftCompile normal arm64 (in target 'PaperloftApp' from project 'Paperloft')
    cd /Users/builder/Factory/paperloft/evidence/checkouts/p2-checkpoint9283f0c
    

SwiftDriverJobDiscovery normal arm64 Emitting module for Paperloft_Receipts (in target 'PaperloftApp' from project 'Paperloft')

SwiftDriver\ Compilation\ Requirements PaperloftApp normal arm64 com.apple.xcode.tools.swift.compiler (in target 'PaperloftApp' from project 'Paperloft')
    cd /Users/builder/Factory/paperloft/evidence/checkouts/p2-checkpoint9283f0c
    builtin-Swift-Compilation-Requirements -- /Applications/Xcode.app/Contents/Developer/Toolchains/XcodeDefault.xctoolchain/usr/bin/swiftc -module-name Paperloft_Receipts -O @/Users/builder/Factory/paperloft/evidence/checkouts/p2-checkpoint9283f0c/build/VerifierDerivedData/Build/Intermediates.noindex/Paperloft.build/Release/PaperloftApp.build/Objects-normal/arm64/Paperloft\ Receipts.SwiftFileList -enable-experimental-feature DebugDescriptionMacro -sdk /Applications/Xcode.app/Contents/Developer/Platforms/MacOSX.platform/Developer/SDKs/MacOSX27.0.sdk -target arm64-apple-macos27.0 -g -module-cache-path /Users/builder/Factory/paperloft/evidence/checkouts/p2-checkpoint9283f0c/build/VerifierDerivedData/ModuleCache.noindex -Xfrontend -serialize-debugging-options -profile-coverage-mapping -profile-generate -warnings-as-errors -swift-version 6 -I /Users/builder/Factory/paperloft/evidence/checkouts/p2-checkpoint9283f0c/build/VerifierDerivedData/Build/Products/Release -F /Users/builder/Factory/paperloft/evidence/checkouts/p2-checkpoint9283f0c/build/VerifierDerivedData/Build/Products/Release/PackageFrameworks -F /Users/builder/Factory/paperloft/evidence/checkouts/p2-checkpoint9283f0c/build/VerifierDerivedData/Build/Products/Release -parse-as-library -c -j10 -enable-batch-mode -incremental -Xcc -ivfsstatcache -Xcc /Users/builder/Factory/paperloft/evidence/checkouts/p2-checkpoint9283f0c/build/VerifierDerivedData/SDKStatCaches.noindex/macosx27.0-26A425-7231f6df4def33e022ae2eb8f782df1a.sdkstatcache -output-file-map /Users/builder/Factory/paperloft/evidence/checkouts/p2-checkpoint9283f0c/build/VerifierDerivedData/Build/Intermediates.noindex/Paperloft.build/Release/PaperloftApp.build/Objects-normal/arm64/PaperloftApp-OutputFileMap.json -save-temps -no-color-diagnostics -explicit-module-build -module-cache-path /Users/builder/Factory/paperloft/evidence/checkouts/p2-checkpoint9283f0c/build/VerifierDerivedData/Build/Intermediates.noindex/SwiftExplicitPrecompiledModules -clang-scanner-module-cache-path /Users/builder/Factory/paperloft/evidence/checkouts/p2-checkpoint9283f0c/build/VerifierDerivedData/ModuleCache.noindex -sdk-module-cache-path /Users/builder/Factory/paperloft/evidence/checkouts/p2-checkpoint9283f0c/build/VerifierDerivedData/SDKExplicitPrecompiledModules -emit-dependencies -emit-module -emit-module-path /Users/builder/Factory/paperloft/evidence/checkouts/p2-checkpoint9283f0c/build/VerifierDerivedData/Build/Intermediates.noindex/Paperloft.build/Release/PaperloftApp.build/Objects-normal/arm64/Paperloft_Receipts.swiftmodule -serialize-diagnostics -dependency-scan-serialize-diagnostics-path /Users/builder/Factory/paperloft/evidence/checkouts/p2-checkpoint9283f0c/build/VerifierDerivedData/Build/Intermediates.noindex/Paperloft.build/Release/PaperloftApp.build/Objects-normal/arm64/Paperloft_Receipts-dependency-scan.dia -validate-clang-modules-once -clang-build-session-file /Users/builder/Factory/paperloft/evidence/checkouts/p2-checkpoint9283f0c/build/VerifierDerivedData/ModuleCache.noindex/Session.modulevalidation -Xcc -fmodules-prune-interval\=86400 -Xcc -fmodules-prune-after\=345600 -emit-const-values -const-gather-protocols-list /Users/builder/Factory/paperloft/evidence/checkouts/p2-checkpoint9283f0c/build/VerifierDerivedData/Build/Intermediates.noindex/Paperloft.build/Release/PaperloftApp.build/Objects-normal/arm64/PaperloftApp_const_extract_protocols.json -Xcc -iquote -Xcc /Users/builder/Factory/paperloft/evidence/checkouts/p2-checkpoint9283f0c/build/VerifierDerivedData/Build/Intermediates.noindex/Paperloft.build/Release/PaperloftApp.build/Paperloft\ Receipts-generated-files.hmap -Xcc -I/Users/builder/Factory/paperloft/evidence/checkouts/p2-checkpoint9283f0c/build/VerifierDerivedData/Build/Intermediates.noindex/Paperloft.build/Release/PaperloftApp.build/Paperloft\ Receipts-own-target-headers.hmap -Xcc -I/Users/builder/Factory/paperloft/evidence/checkouts/p2-checkpoint9283f0c/build/VerifierDerivedData/Build/Intermediates.noindex/Paperloft.build/Release/PaperloftApp.build/Paperloft\ Receipts-all-non-framework-target-headers.hmap -Xcc -ivfsoverlay -Xcc /Users/builder/Factory/paperloft/evidence/checkouts/p2-checkpoint9283f0c/build/VerifierDerivedData/Build/Intermediates.noindex/Paperloft.build/Release/Paperloft-b93ddc6bcd4d234a5473ab01ad3589c4-VFS/all-product-headers.yaml -Xcc -iquote -Xcc /Users/builder/Factory/paperloft/evidence/checkouts/p2-checkpoint9283f0c/build/VerifierDerivedData/Build/Intermediates.noindex/Paperloft.build/Release/PaperloftApp.build/Paperloft\ Receipts-project-headers.hmap -Xcc -I/Users/builder/Factory/paperloft/evidence/checkouts/p2-checkpoint9283f0c/build/VerifierDerivedData/Build/Products/Release/include -Xcc -I/Users/builder/Factory/paperloft/evidence/checkouts/p2-checkpoint9283f0c/build/VerifierDerivedData/Build/Intermediates.noindex/Paperloft.build/Release/PaperloftApp.build/DerivedSources-normal/arm64 -Xcc -I/Users/builder/Factory/paperloft/evidence/checkouts/p2-checkpoint9283f0c/build/VerifierDerivedData/Build/Intermediates.noindex/Paperloft.build/Release/PaperloftApp.build/DerivedSources/arm64 -Xcc -I/Users/builder/Factory/paperloft/evidence/checkouts/p2-checkpoint9283f0c/build/VerifierDerivedData/Build/Intermediates.noindex/Paperloft.build/Release/PaperloftApp.build/DerivedSources -emit-objc-header -emit-objc-header-path /Users/builder/Factory/paperloft/evidence/checkouts/p2-checkpoint9283f0c/build/VerifierDerivedData/Build/Intermediates.noindex/Paperloft.build/Release/PaperloftApp.build/Objects-normal/arm64/Paperloft_Receipts-Swift.h -working-directory /Users/builder/Factory/paperloft/evidence/checkouts/p2-checkpoint9283f0c -experimental-emit-module-separately -disable-cmo

SwiftMergeGeneratedHeaders /Users/builder/Factory/paperloft/evidence/checkouts/p2-checkpoint9283f0c/build/VerifierDerivedData/Build/Intermediates.noindex/Paperloft.build/Release/PaperloftApp.build/DerivedSources/Paperloft_Receipts-Swift.h /Users/builder/Factory/paperloft/evidence/checkouts/p2-checkpoint9283f0c/build/VerifierDerivedData/Build/Intermediates.noindex/Paperloft.build/Release/PaperloftApp.build/Objects-normal/arm64/Paperloft_Receipts-Swift.h (in target 'PaperloftApp' from project 'Paperloft')
    cd /Users/builder/Factory/paperloft/evidence/checkouts/p2-checkpoint9283f0c
    builtin-swiftHeaderTool -arch arm64 /Users/builder/Factory/paperloft/evidence/checkouts/p2-checkpoint9283f0c/build/VerifierDerivedData/Build/Intermediates.noindex/Paperloft.build/Release/PaperloftApp.build/Objects-normal/arm64/Paperloft_Receipts-Swift.h -o /Users/builder/Factory/paperloft/evidence/checkouts/p2-checkpoint9283f0c/build/VerifierDerivedData/Build/Intermediates.noindex/Paperloft.build/Release/PaperloftApp.build/DerivedSources/Paperloft_Receipts-Swift.h

Copy /Users/builder/Factory/paperloft/evidence/checkouts/p2-checkpoint9283f0c/build/VerifierDerivedData/Build/Products/Release/Paperloft_Receipts.swiftmodule/arm64-apple-macos.abi.json /Users/builder/Factory/paperloft/evidence/checkouts/p2-checkpoint9283f0c/build/VerifierDerivedData/Build/Intermediates.noindex/Paperloft.build/Release/PaperloftApp.build/Objects-normal/arm64/Paperloft_Receipts.abi.json (in target 'PaperloftApp' from project 'Paperloft')
    cd /Users/builder/Factory/paperloft/evidence/checkouts/p2-checkpoint9283f0c
    builtin-copy -exclude .DS_Store -exclude CVS -exclude .svn -exclude .git -exclude .hg -strip-unsigned-binaries -strip-deterministic -strip-tool /Applications/Xcode.app/Contents/Developer/Toolchains/XcodeDefault.xctoolchain/usr/bin/strip -resolve-src-symlinks -rename /Users/builder/Factory/paperloft/evidence/checkouts/p2-checkpoint9283f0c/build/VerifierDerivedData/Build/Intermediates.noindex/Paperloft.build/Release/PaperloftApp.build/Objects-normal/arm64/Paperloft_Receipts.abi.json /Users/builder/Factory/paperloft/evidence/checkouts/p2-checkpoint9283f0c/build/VerifierDerivedData/Build/Products/Release/Paperloft_Receipts.swiftmodule/arm64-apple-macos.abi.json

Copy /Users/builder/Factory/paperloft/evidence/checkouts/p2-checkpoint9283f0c/build/VerifierDerivedData/Build/Products/Release/Paperloft_Receipts.swiftmodule/arm64-apple-macos.swiftdoc /Users/builder/Factory/paperloft/evidence/checkouts/p2-checkpoint9283f0c/build/VerifierDerivedData/Build/Intermediates.noindex/Paperloft.build/Release/PaperloftApp.build/Objects-normal/arm64/Paperloft_Receipts.swiftdoc (in target 'PaperloftApp' from project 'Paperloft')
    cd /Users/builder/Factory/paperloft/evidence/checkouts/p2-checkpoint9283f0c
    builtin-copy -exclude .DS_Store -exclude CVS -exclude .svn -exclude .git -exclude .hg -strip-unsigned-binaries -strip-deterministic -strip-tool /Applications/Xcode.app/Contents/Developer/Toolchains/XcodeDefault.xctoolchain/usr/bin/strip -resolve-src-symlinks -rename /Users/builder/Factory/paperloft/evidence/checkouts/p2-checkpoint9283f0c/build/VerifierDerivedData/Build/Intermediates.noindex/Paperloft.build/Release/PaperloftApp.build/Objects-normal/arm64/Paperloft_Receipts.swiftdoc /Users/builder/Factory/paperloft/evidence/checkouts/p2-checkpoint9283f0c/build/VerifierDerivedData/Build/Products/Release/Paperloft_Receipts.swiftmodule/arm64-apple-macos.swiftdoc

Copy /Users/builder/Factory/paperloft/evidence/checkouts/p2-checkpoint9283f0c/build/VerifierDerivedData/Build/Products/Release/Paperloft_Receipts.swiftmodule/arm64-apple-macos.swiftmodule /Users/builder/Factory/paperloft/evidence/checkouts/p2-checkpoint9283f0c/build/VerifierDerivedData/Build/Intermediates.noindex/Paperloft.build/Release/PaperloftApp.build/Objects-normal/arm64/Paperloft_Receipts.swiftmodule (in target 'PaperloftApp' from project 'Paperloft')
    cd /Users/builder/Factory/paperloft/evidence/checkouts/p2-checkpoint9283f0c
    builtin-copy -exclude .DS_Store -exclude CVS -exclude .svn -exclude .git -exclude .hg -strip-unsigned-binaries -strip-deterministic -strip-tool /Applications/Xcode.app/Contents/Developer/Toolchains/XcodeDefault.xctoolchain/usr/bin/strip -resolve-src-symlinks -rename /Users/builder/Factory/paperloft/evidence/checkouts/p2-checkpoint9283f0c/build/VerifierDerivedData/Build/Intermediates.noindex/Paperloft.build/Release/PaperloftApp.build/Objects-normal/arm64/Paperloft_Receipts.swiftmodule /Users/builder/Factory/paperloft/evidence/checkouts/p2-checkpoint9283f0c/build/VerifierDerivedData/Build/Products/Release/Paperloft_Receipts.swiftmodule/arm64-apple-macos.swiftmodule

Copy /Users/builder/Factory/paperloft/evidence/checkouts/p2-checkpoint9283f0c/build/VerifierDerivedData/Build/Products/Release/Paperloft_Receipts.swiftmodule/Project/arm64-apple-macos.swiftsourceinfo /Users/builder/Factory/paperloft/evidence/checkouts/p2-checkpoint9283f0c/build/VerifierDerivedData/Build/Intermediates.noindex/Paperloft.build/Release/PaperloftApp.build/Objects-normal/arm64/Paperloft_Receipts.swiftsourceinfo (in target 'PaperloftApp' from project 'Paperloft')
    cd /Users/builder/Factory/paperloft/evidence/checkouts/p2-checkpoint9283f0c
    builtin-copy -exclude .DS_Store -exclude CVS -exclude .svn -exclude .git -exclude .hg -strip-unsigned-binaries -strip-deterministic -strip-tool /Applications/Xcode.app/Contents/Developer/Toolchains/XcodeDefault.xctoolchain/usr/bin/strip -resolve-src-symlinks -rename /Users/builder/Factory/paperloft/evidence/checkouts/p2-checkpoint9283f0c/build/VerifierDerivedData/Build/Intermediates.noindex/Paperloft.build/Release/PaperloftApp.build/Objects-normal/arm64/Paperloft_Receipts.swiftsourceinfo /Users/builder/Factory/paperloft/evidence/checkouts/p2-checkpoint9283f0c/build/VerifierDerivedData/Build/Products/Release/Paperloft_Receipts.swiftmodule/Project/arm64-apple-macos.swiftsourceinfo

SwiftDriverJobDiscovery normal arm64 Compiling PaperloftApp.swift (in target 'PaperloftApp' from project 'Paperloft')

SwiftDriver\ Compilation PaperloftApp normal arm64 com.apple.xcode.tools.swift.compiler (in target 'PaperloftApp' from project 'Paperloft')
    cd /Users/builder/Factory/paperloft/evidence/checkouts/p2-checkpoint9283f0c
    builtin-Swift-Compilation -- /Applications/Xcode.app/Contents/Developer/Toolchains/XcodeDefault.xctoolchain/usr/bin/swiftc -module-name Paperloft_Receipts -O @/Users/builder/Factory/paperloft/evidence/checkouts/p2-checkpoint9283f0c/build/VerifierDerivedData/Build/Intermediates.noindex/Paperloft.build/Release/PaperloftApp.build/Objects-normal/arm64/Paperloft\ Receipts.SwiftFileList -enable-experimental-feature DebugDescriptionMacro -sdk /Applications/Xcode.app/Contents/Developer/Platforms/MacOSX.platform/Developer/SDKs/MacOSX27.0.sdk -target arm64-apple-macos27.0 -g -module-cache-path /Users/builder/Factory/paperloft/evidence/checkouts/p2-checkpoint9283f0c/build/VerifierDerivedData/ModuleCache.noindex -Xfrontend -serialize-debugging-options -profile-coverage-mapping -profile-generate -warnings-as-errors -swift-version 6 -I /Users/builder/Factory/paperloft/evidence/checkouts/p2-checkpoint9283f0c/build/VerifierDerivedData/Build/Products/Release -F /Users/builder/Factory/paperloft/evidence/checkouts/p2-checkpoint9283f0c/build/VerifierDerivedData/Build/Products/Release/PackageFrameworks -F /Users/builder/Factory/paperloft/evidence/checkouts/p2-checkpoint9283f0c/build/VerifierDerivedData/Build/Products/Release -parse-as-library -c -j10 -enable-batch-mode -incremental -Xcc -ivfsstatcache -Xcc /Users/builder/Factory/paperloft/evidence/checkouts/p2-checkpoint9283f0c/build/VerifierDerivedData/SDKStatCaches.noindex/macosx27.0-26A425-7231f6df4def33e022ae2eb8f782df1a.sdkstatcache -output-file-map /Users/builder/Factory/paperloft/evidence/checkouts/p2-checkpoint9283f0c/build/VerifierDerivedData/Build/Intermediates.noindex/Paperloft.build/Release/PaperloftApp.build/Objects-normal/arm64/PaperloftApp-OutputFileMap.json -save-temps -no-color-diagnostics -explicit-module-build -module-cache-path /Users/builder/Factory/paperloft/evidence/checkouts/p2-checkpoint9283f0c/build/VerifierDerivedData/Build/Intermediates.noindex/SwiftExplicitPrecompiledModules -clang-scanner-module-cache-path /Users/builder/Factory/paperloft/evidence/checkouts/p2-checkpoint9283f0c/build/VerifierDerivedData/ModuleCache.noindex -sdk-module-cache-path /Users/builder/Factory/paperloft/evidence/checkouts/p2-checkpoint9283f0c/build/VerifierDerivedData/SDKExplicitPrecompiledModules -emit-dependencies -emit-module -emit-module-path /Users/builder/Factory/paperloft/evidence/checkouts/p2-checkpoint9283f0c/build/VerifierDerivedData/Build/Intermediates.noindex/Paperloft.build/Release/PaperloftApp.build/Objects-normal/arm64/Paperloft_Receipts.swiftmodule -serialize-diagnostics -dependency-scan-serialize-diagnostics-path /Users/builder/Factory/paperloft/evidence/checkouts/p2-checkpoint9283f0c/build/VerifierDerivedData/Build/Intermediates.noindex/Paperloft.build/Release/PaperloftApp.build/Objects-normal/arm64/Paperloft_Receipts-dependency-scan.dia -validate-clang-modules-once -clang-build-session-file /Users/builder/Factory/paperloft/evidence/checkouts/p2-checkpoint9283f0c/build/VerifierDerivedData/ModuleCache.noindex/Session.modulevalidation -Xcc -fmodules-prune-interval\=86400 -Xcc -fmodules-prune-after\=345600 -emit-const-values -const-gather-protocols-list /Users/builder/Factory/paperloft/evidence/checkouts/p2-checkpoint9283f0c/build/VerifierDerivedData/Build/Intermediates.noindex/Paperloft.build/Release/PaperloftApp.build/Objects-normal/arm64/PaperloftApp_const_extract_protocols.json -Xcc -iquote -Xcc /Users/builder/Factory/paperloft/evidence/checkouts/p2-checkpoint9283f0c/build/VerifierDerivedData/Build/Intermediates.noindex/Paperloft.build/Release/PaperloftApp.build/Paperloft\ Receipts-generated-files.hmap -Xcc -I/Users/builder/Factory/paperloft/evidence/checkouts/p2-checkpoint9283f0c/build/VerifierDerivedData/Build/Intermediates.noindex/Paperloft.build/Release/PaperloftApp.build/Paperloft\ Receipts-own-target-headers.hmap -Xcc -I/Users/builder/Factory/paperloft/evidence/checkouts/p2-checkpoint9283f0c/build/VerifierDerivedData/Build/Intermediates.noindex/Paperloft.build/Release/PaperloftApp.build/Paperloft\ Receipts-all-non-framework-target-headers.hmap -Xcc -ivfsoverlay -Xcc /Users/builder/Factory/paperloft/evidence/checkouts/p2-checkpoint9283f0c/build/VerifierDerivedData/Build/Intermediates.noindex/Paperloft.build/Release/Paperloft-b93ddc6bcd4d234a5473ab01ad3589c4-VFS/all-product-headers.yaml -Xcc -iquote -Xcc /Users/builder/Factory/paperloft/evidence/checkouts/p2-checkpoint9283f0c/build/VerifierDerivedData/Build/Intermediates.noindex/Paperloft.build/Release/PaperloftApp.build/Paperloft\ Receipts-project-headers.hmap -Xcc -I/Users/builder/Factory/paperloft/evidence/checkouts/p2-checkpoint9283f0c/build/VerifierDerivedData/Build/Products/Release/include -Xcc -I/Users/builder/Factory/paperloft/evidence/checkouts/p2-checkpoint9283f0c/build/VerifierDerivedData/Build/Intermediates.noindex/Paperloft.build/Release/PaperloftApp.build/DerivedSources-normal/arm64 -Xcc -I/Users/builder/Factory/paperloft/evidence/checkouts/p2-checkpoint9283f0c/build/VerifierDerivedData/Build/Intermediates.noindex/Paperloft.build/Release/PaperloftApp.build/DerivedSources/arm64 -Xcc -I/Users/builder/Factory/paperloft/evidence/checkouts/p2-checkpoint9283f0c/build/VerifierDerivedData/Build/Intermediates.noindex/Paperloft.build/Release/PaperloftApp.build/DerivedSources -emit-objc-header -emit-objc-header-path /Users/builder/Factory/paperloft/evidence/checkouts/p2-checkpoint9283f0c/build/VerifierDerivedData/Build/Intermediates.noindex/Paperloft.build/Release/PaperloftApp.build/Objects-normal/arm64/Paperloft_Receipts-Swift.h -working-directory /Users/builder/Factory/paperloft/evidence/checkouts/p2-checkpoint9283f0c -experimental-emit-module-separately -disable-cmo

Ld /Users/builder/Factory/paperloft/evidence/checkouts/p2-checkpoint9283f0c/build/VerifierDerivedData/Build/Products/Release/Paperloft\ Receipts.app/Contents/MacOS/Paperloft\ Receipts normal (in target 'PaperloftApp' from project 'Paperloft')
    cd /Users/builder/Factory/paperloft/evidence/checkouts/p2-checkpoint9283f0c
    /Applications/Xcode.app/Contents/Developer/Toolchains/XcodeDefault.xctoolchain/usr/bin/clang -Xlinker -reproducible -target arm64-apple-macos27.0 -isysroot /Applications/Xcode.app/Contents/Developer/Platforms/MacOSX.platform/Developer/SDKs/MacOSX27.0.sdk -Os -Xlinker -no_warn_duplicate_libraries -L/Users/builder/Factory/paperloft/evidence/checkouts/p2-checkpoint9283f0c/build/VerifierDerivedData/Build/Intermediates.noindex/EagerLinkingTBDs/Release -L/Users/builder/Factory/paperloft/evidence/checkouts/p2-checkpoint9283f0c/build/VerifierDerivedData/Build/Products/Release -F/Users/builder/Factory/paperloft/evidence/checkouts/p2-checkpoint9283f0c/build/VerifierDerivedData/Build/Intermediates.noindex/EagerLinkingTBDs/Release -F/Users/builder/Factory/paperloft/evidence/checkouts/p2-checkpoint9283f0c/build/VerifierDerivedData/Build/Products/Release/PackageFrameworks -F/Users/builder/Factory/paperloft/evidence/checkouts/p2-checkpoint9283f0c/build/VerifierDerivedData/Build/Products/Release -filelist /Users/builder/Factory/paperloft/evidence/checkouts/p2-checkpoint9283f0c/build/VerifierDerivedData/Build/Intermediates.noindex/Paperloft.build/Release/PaperloftApp.build/Objects-normal/arm64/Paperloft\ Receipts.LinkFileList -Xlinker -object_path_lto -Xlinker /Users/builder/Factory/paperloft/evidence/checkouts/p2-checkpoint9283f0c/build/VerifierDerivedData/Build/Intermediates.noindex/Paperloft.build/Release/PaperloftApp.build/Objects-normal/arm64/Paperloft\ Receipts_lto.o -Xlinker -debug_variant -Xlinker -dependency_info -Xlinker /Users/builder/Factory/paperloft/evidence/checkouts/p2-checkpoint9283f0c/build/VerifierDerivedData/Build/Intermediates.noindex/Paperloft.build/Release/PaperloftApp.build/Objects-normal/arm64/Paperloft\ Receipts_dependency_info.dat -fobjc-link-runtime -fprofile-instr-generate -L/Applications/Xcode.app/Contents/Developer/Toolchains/XcodeDefault.xctoolchain/usr/lib/swift/macosx -L/usr/lib/swift -Xlinker -add_ast_path -Xlinker /Users/builder/Factory/paperloft/evidence/checkouts/p2-checkpoint9283f0c/build/VerifierDerivedData/Build/Intermediates.noindex/Paperloft.build/Release/PaperloftApp.build/Objects-normal/arm64/Paperloft_Receipts.swiftmodule -Xlinker -no_adhoc_codesign -o /Users/builder/Factory/paperloft/evidence/checkouts/p2-checkpoint9283f0c/build/VerifierDerivedData/Build/Products/Release/Paperloft\ Receipts.app/Contents/MacOS/Paperloft\ Receipts

ExtractAppIntentsMetadata (in target 'PaperloftApp' from project 'Paperloft')
    cd /Users/builder/Factory/paperloft/evidence/checkouts/p2-checkpoint9283f0c
    /Applications/Xcode.app/Contents/Developer/Toolchains/XcodeDefault.xctoolchain/usr/bin/appintentsmetadataprocessor --toolchain-dir /Applications/Xcode.app/Contents/Developer/Toolchains/XcodeDefault.xctoolchain --module-name Paperloft_Receipts --sdk-root /Applications/Xcode.app/Contents/Developer/Platforms/MacOSX.platform/Developer/SDKs/MacOSX27.0.sdk --xcode-version 27A266a --platform-family macOS --deployment-target 27.0 --bundle-identifier app.paperloft.receipts --output /Users/builder/Factory/paperloft/evidence/checkouts/p2-checkpoint9283f0c/build/VerifierDerivedData/Build/Products/Release/Paperloft\ Receipts.app/Contents/Resources --target-triple arm64-apple-macos27.0 --binary-file /Users/builder/Factory/paperloft/evidence/checkouts/p2-checkpoint9283f0c/build/VerifierDerivedData/Build/Products/Release/Paperloft\ Receipts.app/Contents/MacOS/Paperloft\ Receipts --dependency-file /Users/builder/Factory/paperloft/evidence/checkouts/p2-checkpoint9283f0c/build/VerifierDerivedData/Build/Intermediates.noindex/Paperloft.build/Release/PaperloftApp.build/Objects-normal/arm64/Paperloft\ Receipts_dependency_info.dat --stringsdata-file /Users/builder/Factory/paperloft/evidence/checkouts/p2-checkpoint9283f0c/build/VerifierDerivedData/Build/Intermediates.noindex/Paperloft.build/Release/PaperloftApp.build/Objects-normal/arm64/ExtractedAppShortcutsMetadata.stringsdata --source-file-list /Users/builder/Factory/paperloft/evidence/checkouts/p2-checkpoint9283f0c/build/VerifierDerivedData/Build/Intermediates.noindex/Paperloft.build/Release/PaperloftApp.build/Objects-normal/arm64/Paperloft\ Receipts.SwiftFileList --metadata-file-list /Users/builder/Factory/paperloft/evidence/checkouts/p2-checkpoint9283f0c/build/VerifierDerivedData/Build/Intermediates.noindex/Paperloft.build/Release/PaperloftApp.build/Paperloft\ Receipts.DependencyMetadataFileList --static-metadata-file-list /Users/builder/Factory/paperloft/evidence/checkouts/p2-checkpoint9283f0c/build/VerifierDerivedData/Build/Intermediates.noindex/Paperloft.build/Release/PaperloftApp.build/Paperloft\ Receipts.DependencyStaticMetadataFileList --swift-const-vals-list /Users/builder/Factory/paperloft/evidence/checkouts/p2-checkpoint9283f0c/build/VerifierDerivedData/Build/Intermediates.noindex/Paperloft.build/Release/PaperloftApp.build/Objects-normal/arm64/Paperloft\ Receipts.SwiftConstValuesFileList --compile-time-extraction --deployment-aware-processing --no-app-shortcuts-localization
2026-09-26 22:03:51.589 appintentsmetadataprocessor[33929:944797] Starting appintentsmetadataprocessor export
2026-09-26 22:03:51.641 appintentsmetadataprocessor[33929:944797] Extracted no relevant App Intents symbols, skipping writing output

CopySwiftLibs /Users/builder/Factory/paperloft/evidence/checkouts/p2-checkpoint9283f0c/build/VerifierDerivedData/Build/Products/Release/Paperloft\ Receipts.app (in target 'PaperloftApp' from project 'Paperloft')
    cd /Users/builder/Factory/paperloft/evidence/checkouts/p2-checkpoint9283f0c
    builtin-swiftStdLibTool --copy --verbose --sign - --scan-executable /Users/builder/Factory/paperloft/evidence/checkouts/p2-checkpoint9283f0c/build/VerifierDerivedData/Build/Products/Release/Paperloft\ Receipts.app/Contents/MacOS/Paperloft\ Receipts --scan-folder /Users/builder/Factory/paperloft/evidence/checkouts/p2-checkpoint9283f0c/build/VerifierDerivedData/Build/Products/Release/Paperloft\ Receipts.app/Contents/Frameworks --scan-folder /Users/builder/Factory/paperloft/evidence/checkouts/p2-checkpoint9283f0c/build/VerifierDerivedData/Build/Products/Release/Paperloft\ Receipts.app/Contents/PlugIns --scan-folder /Users/builder/Factory/paperloft/evidence/checkouts/p2-checkpoint9283f0c/build/VerifierDerivedData/Build/Products/Release/Paperloft\ Receipts.app/Contents/Library/SystemExtensions --scan-folder /Users/builder/Factory/paperloft/evidence/checkouts/p2-checkpoint9283f0c/build/VerifierDerivedData/Build/Products/Release/Paperloft\ Receipts.app/Contents/Extensions --platform macosx --toolchain /Applications/Xcode.app/Contents/Developer/Toolchains/XcodeDefault.xctoolchain --destination /Users/builder/Factory/paperloft/evidence/checkouts/p2-checkpoint9283f0c/build/VerifierDerivedData/Build/Products/Release/Paperloft\ Receipts.app/Contents/Frameworks --strip-bitcode --strip-bitcode-tool /Applications/Xcode.app/Contents/Developer/Toolchains/XcodeDefault.xctoolchain/usr/bin/bitcode_strip --emit-dependency-info /Users/builder/Factory/paperloft/evidence/checkouts/p2-checkpoint9283f0c/build/VerifierDerivedData/Build/Intermediates.noindex/Paperloft.build/Release/PaperloftApp.build/SwiftStdLibToolInputDependencies.dep --filter-for-swift-os

CodeSign /Users/builder/Factory/paperloft/evidence/checkouts/p2-checkpoint9283f0c/build/VerifierDerivedData/Build/Products/Release/Paperloft\ Receipts.app (in target 'PaperloftApp' from project 'Paperloft')
    cd /Users/builder/Factory/paperloft/evidence/checkouts/p2-checkpoint9283f0c
    
    Signing Identity:     "Sign to Run Locally"
    
    /usr/bin/codesign --force --sign - --entitlements /Users/builder/Factory/paperloft/evidence/checkouts/p2-checkpoint9283f0c/build/VerifierDerivedData/Build/Intermediates.noindex/Paperloft.build/Release/PaperloftApp.build/Paperloft\ Receipts.app.xcent --timestamp\=none --generate-entitlement-der /Users/builder/Factory/paperloft/evidence/checkouts/p2-checkpoint9283f0c/build/VerifierDerivedData/Build/Products/Release/Paperloft\ Receipts.app

RegisterExecutionPolicyException /Users/builder/Factory/paperloft/evidence/checkouts/p2-checkpoint9283f0c/build/VerifierDerivedData/Build/Products/Release/Paperloft\ Receipts.app (in target 'PaperloftApp' from project 'Paperloft')
    cd /Users/builder/Factory/paperloft/evidence/checkouts/p2-checkpoint9283f0c
    builtin-RegisterExecutionPolicyException /Users/builder/Factory/paperloft/evidence/checkouts/p2-checkpoint9283f0c/build/VerifierDerivedData/Build/Products/Release/Paperloft\ Receipts.app

Validate /Users/builder/Factory/paperloft/evidence/checkouts/p2-checkpoint9283f0c/build/VerifierDerivedData/Build/Products/Release/Paperloft\ Receipts.app (in target 'PaperloftApp' from project 'Paperloft')
    cd /Users/builder/Factory/paperloft/evidence/checkouts/p2-checkpoint9283f0c
    builtin-validationUtility /Users/builder/Factory/paperloft/evidence/checkouts/p2-checkpoint9283f0c/build/VerifierDerivedData/Build/Products/Release/Paperloft\ Receipts.app -no-validate-extension -infoplist-subpath Contents/Info.plist

Touch /Users/builder/Factory/paperloft/evidence/checkouts/p2-checkpoint9283f0c/build/VerifierDerivedData/Build/Products/Release/Paperloft\ Receipts.app (in target 'PaperloftApp' from project 'Paperloft')
    cd /Users/builder/Factory/paperloft/evidence/checkouts/p2-checkpoint9283f0c
    /usr/bin/touch -c /Users/builder/Factory/paperloft/evidence/checkouts/p2-checkpoint9283f0c/build/VerifierDerivedData/Build/Products/Release/Paperloft\ Receipts.app

RegisterWithLaunchServices /Users/builder/Factory/paperloft/evidence/checkouts/p2-checkpoint9283f0c/build/VerifierDerivedData/Build/Products/Release/Paperloft\ Receipts.app (in target 'PaperloftApp' from project 'Paperloft')
    cd /Users/builder/Factory/paperloft/evidence/checkouts/p2-checkpoint9283f0c
    builtin-lsregisterurl --record-path /Users/builder/Factory/paperloft/evidence/checkouts/p2-checkpoint9283f0c/build/VerifierDerivedData/Build/Intermediates.noindex/XCBuildData/registered-launchservices.txt -- /System/Library/Frameworks/CoreServices.framework/Versions/Current/Frameworks/LaunchServices.framework/Versions/Current/Support/lsregister -f -R -trusted /Users/builder/Factory/paperloft/evidence/checkouts/p2-checkpoint9283f0c/build/VerifierDerivedData/Build/Products/Release/Paperloft\ Receipts.app

PruneExplicitPrecompiledModules /Users/builder/Factory/paperloft/evidence/checkouts/p2-checkpoint9283f0c/build/VerifierDerivedData/Build/Intermediates.noindex/ExplicitPrecompiledModules

PruneExplicitPrecompiledModules /Users/builder/Factory/paperloft/evidence/checkouts/p2-checkpoint9283f0c/build/VerifierDerivedData/SDKExplicitPrecompiledModules

PruneExplicitPrecompiledModules /Users/builder/Factory/paperloft/evidence/checkouts/p2-checkpoint9283f0c/build/VerifierDerivedData/Build/Intermediates.noindex/SwiftExplicitPrecompiledModules

** BUILD SUCCEEDED **

