Command line invocation:
    /Applications/Xcode.app/Contents/Developer/usr/bin/xcodebuild -project Paperloft.xcodeproj -scheme PaperloftApp -destination platform=macOS -derivedDataPath build/DerivedData -configuration Release SWIFT_TREAT_WARNINGS_AS_ERRORS=YES clean build

Build settings from command line:
    SWIFT_TREAT_WARNINGS_AS_ERRORS = YES

Resolve Package Graph


Resolved source packages:
  PaperloftKit: /Users/builder/Factory/paperloft/evidence/checkouts/p2-checkpoint7a86/Packages/PaperloftKit @ local

CreateBuildRequest

SendProjectDescription

CreateBuildOperation

** CLEAN SUCCEEDED **

ComputePackagePrebuildTargetDependencyGraph

Prepare packages

CreateBuildRequest

SendProjectDescription

CreateBuildOperation

ComputeTargetDependencyGraph
note: Building targets in dependency order
note: Target dependency graph (3 targets)
    Target 'PaperloftApp' in project 'Paperloft'
        ➜ Explicit dependency on target 'PaperloftKit-product' in project 'PaperloftKit'
    Target 'PaperloftKit-product' in project 'PaperloftKit'
        ➜ Explicit dependency on target 'PaperloftKit' in project 'PaperloftKit'
    Target 'PaperloftKit' in project 'PaperloftKit' (no dependencies)

GatherProvisioningInputs

CreateBuildDescription

ExecuteExternalTool /Applications/Xcode.app/Contents/Developer/Toolchains/XcodeDefault.xctoolchain/usr/bin/swiftc --version

ExecuteExternalTool /Applications/Xcode.app/Contents/Developer/Toolchains/XcodeDefault.xctoolchain/usr/bin/clang -v -E -dM -isysroot /Applications/Xcode.app/Contents/Developer/Platforms/MacOSX.platform/Developer/SDKs/MacOSX27.0.sdk -x c -c /dev/null

ExecuteExternalTool /Applications/Xcode.app/Contents/Developer/Toolchains/XcodeDefault.xctoolchain/usr/bin/ld -version_details

Build description signature: 1486f80d1431f13e066c6b8c1b38cd3a
Build description path: /Users/builder/Factory/paperloft/evidence/checkouts/p2-checkpoint7a86/build/DerivedData/Build/Intermediates.noindex/XCBuildData/1486f80d1431f13e066c6b8c1b38cd3a.xcbuilddata
CreateBuildDirectory /Users/builder/Factory/paperloft/evidence/checkouts/p2-checkpoint7a86/build/DerivedData/SDKExplicitPrecompiledModules
    cd /Users/builder/Factory/paperloft/evidence/checkouts/p2-checkpoint7a86/Paperloft.xcodeproj
    builtin-create-build-directory /Users/builder/Factory/paperloft/evidence/checkouts/p2-checkpoint7a86/build/DerivedData/SDKExplicitPrecompiledModules

CreateBuildDirectory /Users/builder/Factory/paperloft/evidence/checkouts/p2-checkpoint7a86/build/DerivedData/ModuleCache.noindex
    cd /Users/builder/Factory/paperloft/evidence/checkouts/p2-checkpoint7a86/Paperloft.xcodeproj
    builtin-create-build-directory /Users/builder/Factory/paperloft/evidence/checkouts/p2-checkpoint7a86/build/DerivedData/ModuleCache.noindex

ClangStatCache /Applications/Xcode.app/Contents/Developer/Toolchains/XcodeDefault.xctoolchain/usr/bin/clang-stat-cache /Applications/Xcode.app/Contents/Developer/Platforms/MacOSX.platform/Developer/SDKs/MacOSX27.0.sdk /Users/builder/Factory/paperloft/evidence/checkouts/p2-checkpoint7a86/build/DerivedData/SDKStatCaches.noindex/macosx27.0-26A425-7231f6df4def33e022ae2eb8f782df1a.sdkstatcache
    cd /Users/builder/Factory/paperloft/evidence/checkouts/p2-checkpoint7a86/Paperloft.xcodeproj
    /Applications/Xcode.app/Contents/Developer/Toolchains/XcodeDefault.xctoolchain/usr/bin/clang-stat-cache /Applications/Xcode.app/Contents/Developer/Platforms/MacOSX.platform/Developer/SDKs/MacOSX27.0.sdk -o /Users/builder/Factory/paperloft/evidence/checkouts/p2-checkpoint7a86/build/DerivedData/SDKStatCaches.noindex/macosx27.0-26A425-7231f6df4def33e022ae2eb8f782df1a.sdkstatcache

CreateBuildDirectory /Users/builder/Factory/paperloft/evidence/checkouts/p2-checkpoint7a86/build/DerivedData/CompilationCache.noindex
    cd /Users/builder/Factory/paperloft/evidence/checkouts/p2-checkpoint7a86/Paperloft.xcodeproj
    builtin-create-build-directory /Users/builder/Factory/paperloft/evidence/checkouts/p2-checkpoint7a86/build/DerivedData/CompilationCache.noindex

CreateBuildDirectory /Users/builder/Factory/paperloft/evidence/checkouts/p2-checkpoint7a86/build/DerivedData/Build/Products
    cd /Users/builder/Factory/paperloft/evidence/checkouts/p2-checkpoint7a86/Paperloft.xcodeproj
    builtin-create-build-directory /Users/builder/Factory/paperloft/evidence/checkouts/p2-checkpoint7a86/build/DerivedData/Build/Products

CreateBuildDirectory /Users/builder/Factory/paperloft/evidence/checkouts/p2-checkpoint7a86/build/DerivedData/Build/Intermediates.noindex
    cd /Users/builder/Factory/paperloft/evidence/checkouts/p2-checkpoint7a86/Paperloft.xcodeproj
    builtin-create-build-directory /Users/builder/Factory/paperloft/evidence/checkouts/p2-checkpoint7a86/build/DerivedData/Build/Intermediates.noindex

CreateBuildDirectory /Users/builder/Factory/paperloft/evidence/checkouts/p2-checkpoint7a86/build/DerivedData/Build/Intermediates.noindex/SwiftExplicitPrecompiledModules
    cd /Users/builder/Factory/paperloft/evidence/checkouts/p2-checkpoint7a86/Paperloft.xcodeproj
    builtin-create-build-directory /Users/builder/Factory/paperloft/evidence/checkouts/p2-checkpoint7a86/build/DerivedData/Build/Intermediates.noindex/SwiftExplicitPrecompiledModules

CreateBuildDirectory /Users/builder/Factory/paperloft/evidence/checkouts/p2-checkpoint7a86/build/DerivedData/Build/Intermediates.noindex/PrecompiledHeaders
    cd /Users/builder/Factory/paperloft/evidence/checkouts/p2-checkpoint7a86/Paperloft.xcodeproj
    builtin-create-build-directory /Users/builder/Factory/paperloft/evidence/checkouts/p2-checkpoint7a86/build/DerivedData/Build/Intermediates.noindex/PrecompiledHeaders

CreateBuildDirectory /Users/builder/Factory/paperloft/evidence/checkouts/p2-checkpoint7a86/build/DerivedData/Build/Intermediates.noindex/ExplicitPrecompiledModules
    cd /Users/builder/Factory/paperloft/evidence/checkouts/p2-checkpoint7a86/Paperloft.xcodeproj
    builtin-create-build-directory /Users/builder/Factory/paperloft/evidence/checkouts/p2-checkpoint7a86/build/DerivedData/Build/Intermediates.noindex/ExplicitPrecompiledModules

CreateBuildDirectory /Users/builder/Factory/paperloft/evidence/checkouts/p2-checkpoint7a86/build/DerivedData/Build/Intermediates.noindex/EagerLinkingTBDs/Release
    cd /Users/builder/Factory/paperloft/evidence/checkouts/p2-checkpoint7a86/Paperloft.xcodeproj
    builtin-create-build-directory /Users/builder/Factory/paperloft/evidence/checkouts/p2-checkpoint7a86/build/DerivedData/Build/Intermediates.noindex/EagerLinkingTBDs/Release

WriteAuxiliaryFile /Users/builder/Factory/paperloft/evidence/checkouts/p2-checkpoint7a86/build/DerivedData/Build/Intermediates.noindex/Paperloft.build/Release/Paperloft-b93ddc6bcd4d234a5473ab01ad3589c4-VFS/all-product-headers.yaml
    cd /Users/builder/Factory/paperloft/evidence/checkouts/p2-checkpoint7a86/Paperloft.xcodeproj
    write-file /Users/builder/Factory/paperloft/evidence/checkouts/p2-checkpoint7a86/build/DerivedData/Build/Intermediates.noindex/Paperloft.build/Release/Paperloft-b93ddc6bcd4d234a5473ab01ad3589c4-VFS/all-product-headers.yaml

CreateBuildDirectory /Users/builder/Factory/paperloft/evidence/checkouts/p2-checkpoint7a86/build/DerivedData/Build/Products/Release
    cd /Users/builder/Factory/paperloft/evidence/checkouts/p2-checkpoint7a86/Paperloft.xcodeproj
    builtin-create-build-directory /Users/builder/Factory/paperloft/evidence/checkouts/p2-checkpoint7a86/build/DerivedData/Build/Products/Release

CreateBuildDirectory /Users/builder/Factory/paperloft/evidence/checkouts/p2-checkpoint7a86/build/DerivedData/Build/Products/Release/PackageFrameworks
    cd /Users/builder/Factory/paperloft/evidence/checkouts/p2-checkpoint7a86/Paperloft.xcodeproj
    builtin-create-build-directory /Users/builder/Factory/paperloft/evidence/checkouts/p2-checkpoint7a86/build/DerivedData/Build/Products/Release/PackageFrameworks

WriteAuxiliaryFile /Users/builder/Factory/paperloft/evidence/checkouts/p2-checkpoint7a86/build/DerivedData/Build/Intermediates.noindex/PaperloftKit.build/Release/PaperloftKit-t.build/PaperloftKit.DependencyMetadataFileList (in target 'PaperloftKit' from project 'PaperloftKit')
    cd /Users/builder/Factory/paperloft/evidence/checkouts/p2-checkpoint7a86/Packages/PaperloftKit
    write-file /Users/builder/Factory/paperloft/evidence/checkouts/p2-checkpoint7a86/build/DerivedData/Build/Intermediates.noindex/PaperloftKit.build/Release/PaperloftKit-t.build/PaperloftKit.DependencyMetadataFileList

WriteAuxiliaryFile /Users/builder/Factory/paperloft/evidence/checkouts/p2-checkpoint7a86/build/DerivedData/Build/Intermediates.noindex/PaperloftKit.build/Release/PaperloftKit-t.build/PaperloftKit.DependencyStaticMetadataFileList (in target 'PaperloftKit' from project 'PaperloftKit')
    cd /Users/builder/Factory/paperloft/evidence/checkouts/p2-checkpoint7a86/Packages/PaperloftKit
    write-file /Users/builder/Factory/paperloft/evidence/checkouts/p2-checkpoint7a86/build/DerivedData/Build/Intermediates.noindex/PaperloftKit.build/Release/PaperloftKit-t.build/PaperloftKit.DependencyStaticMetadataFileList

WriteAuxiliaryFile /Users/builder/Factory/paperloft/evidence/checkouts/p2-checkpoint7a86/build/DerivedData/Build/Intermediates.noindex/PaperloftKit.build/Release/PaperloftKit-t.build/PaperloftKit.modulemap (in target 'PaperloftKit' from project 'PaperloftKit')
    cd /Users/builder/Factory/paperloft/evidence/checkouts/p2-checkpoint7a86/Packages/PaperloftKit
    write-file /Users/builder/Factory/paperloft/evidence/checkouts/p2-checkpoint7a86/build/DerivedData/Build/Intermediates.noindex/PaperloftKit.build/Release/PaperloftKit-t.build/PaperloftKit.modulemap

WriteAuxiliaryFile /Users/builder/Factory/paperloft/evidence/checkouts/p2-checkpoint7a86/build/DerivedData/Build/Intermediates.noindex/PaperloftKit.build/Release/PaperloftKit-t.build/Objects-normal/arm64/PaperloftKit.SwiftFileList (in target 'PaperloftKit' from project 'PaperloftKit')
    cd /Users/builder/Factory/paperloft/evidence/checkouts/p2-checkpoint7a86/Packages/PaperloftKit
    write-file /Users/builder/Factory/paperloft/evidence/checkouts/p2-checkpoint7a86/build/DerivedData/Build/Intermediates.noindex/PaperloftKit.build/Release/PaperloftKit-t.build/Objects-normal/arm64/PaperloftKit.SwiftFileList

WriteAuxiliaryFile /Users/builder/Factory/paperloft/evidence/checkouts/p2-checkpoint7a86/build/DerivedData/Build/Intermediates.noindex/PaperloftKit.build/Release/PaperloftKit-t.build/Objects-normal/arm64/PaperloftKit_const_extract_protocols.json (in target 'PaperloftKit' from project 'PaperloftKit')
    cd /Users/builder/Factory/paperloft/evidence/checkouts/p2-checkpoint7a86/Packages/PaperloftKit
    write-file /Users/builder/Factory/paperloft/evidence/checkouts/p2-checkpoint7a86/build/DerivedData/Build/Intermediates.noindex/PaperloftKit.build/Release/PaperloftKit-t.build/Objects-normal/arm64/PaperloftKit_const_extract_protocols.json

WriteAuxiliaryFile /Users/builder/Factory/paperloft/evidence/checkouts/p2-checkpoint7a86/build/DerivedData/Build/Intermediates.noindex/PaperloftKit.build/Release/PaperloftKit-t.build/Objects-normal/arm64/PaperloftKit.LinkFileList (in target 'PaperloftKit' from project 'PaperloftKit')
    cd /Users/builder/Factory/paperloft/evidence/checkouts/p2-checkpoint7a86/Packages/PaperloftKit
    write-file /Users/builder/Factory/paperloft/evidence/checkouts/p2-checkpoint7a86/build/DerivedData/Build/Intermediates.noindex/PaperloftKit.build/Release/PaperloftKit-t.build/Objects-normal/arm64/PaperloftKit.LinkFileList

WriteAuxiliaryFile /Users/builder/Factory/paperloft/evidence/checkouts/p2-checkpoint7a86/build/DerivedData/Build/Intermediates.noindex/PaperloftKit.build/Release/PaperloftKit-t.build/Objects-normal/arm64/PaperloftKit.SwiftConstValuesFileList (in target 'PaperloftKit' from project 'PaperloftKit')
    cd /Users/builder/Factory/paperloft/evidence/checkouts/p2-checkpoint7a86/Packages/PaperloftKit
    write-file /Users/builder/Factory/paperloft/evidence/checkouts/p2-checkpoint7a86/build/DerivedData/Build/Intermediates.noindex/PaperloftKit.build/Release/PaperloftKit-t.build/Objects-normal/arm64/PaperloftKit.SwiftConstValuesFileList

WriteAuxiliaryFile /Users/builder/Factory/paperloft/evidence/checkouts/p2-checkpoint7a86/build/DerivedData/Build/Intermediates.noindex/PaperloftKit.build/Release/PaperloftKit-t.build/Objects-normal/arm64/PaperloftKit-OutputFileMap.json (in target 'PaperloftKit' from project 'PaperloftKit')
    cd /Users/builder/Factory/paperloft/evidence/checkouts/p2-checkpoint7a86/Packages/PaperloftKit
    write-file /Users/builder/Factory/paperloft/evidence/checkouts/p2-checkpoint7a86/build/DerivedData/Build/Intermediates.noindex/PaperloftKit.build/Release/PaperloftKit-t.build/Objects-normal/arm64/PaperloftKit-OutputFileMap.json

WriteAuxiliaryFile /Users/builder/Factory/paperloft/evidence/checkouts/p2-checkpoint7a86/build/DerivedData/Build/Intermediates.noindex/Paperloft.build/Release/PaperloftApp.build/empty-Paperloft\ Receipts.plist (in target 'PaperloftApp' from project 'Paperloft')
    cd /Users/builder/Factory/paperloft/evidence/checkouts/p2-checkpoint7a86
    write-file /Users/builder/Factory/paperloft/evidence/checkouts/p2-checkpoint7a86/build/DerivedData/Build/Intermediates.noindex/Paperloft.build/Release/PaperloftApp.build/empty-Paperloft\ Receipts.plist

WriteAuxiliaryFile /Users/builder/Factory/paperloft/evidence/checkouts/p2-checkpoint7a86/build/DerivedData/Build/Intermediates.noindex/Paperloft.build/Release/PaperloftApp.build/Paperloft\ Receipts.hmap (in target 'PaperloftApp' from project 'Paperloft')
    cd /Users/builder/Factory/paperloft/evidence/checkouts/p2-checkpoint7a86
    write-file /Users/builder/Factory/paperloft/evidence/checkouts/p2-checkpoint7a86/build/DerivedData/Build/Intermediates.noindex/Paperloft.build/Release/PaperloftApp.build/Paperloft\ Receipts.hmap

WriteAuxiliaryFile /Users/builder/Factory/paperloft/evidence/checkouts/p2-checkpoint7a86/build/DerivedData/Build/Intermediates.noindex/Paperloft.build/Release/PaperloftApp.build/Paperloft\ Receipts.DependencyMetadataFileList (in target 'PaperloftApp' from project 'Paperloft')
    cd /Users/builder/Factory/paperloft/evidence/checkouts/p2-checkpoint7a86
    write-file /Users/builder/Factory/paperloft/evidence/checkouts/p2-checkpoint7a86/build/DerivedData/Build/Intermediates.noindex/Paperloft.build/Release/PaperloftApp.build/Paperloft\ Receipts.DependencyMetadataFileList

WriteAuxiliaryFile /Users/builder/Factory/paperloft/evidence/checkouts/p2-checkpoint7a86/build/DerivedData/Build/Intermediates.noindex/Paperloft.build/Release/PaperloftApp.build/Paperloft\ Receipts.DependencyStaticMetadataFileList (in target 'PaperloftApp' from project 'Paperloft')
    cd /Users/builder/Factory/paperloft/evidence/checkouts/p2-checkpoint7a86
    write-file /Users/builder/Factory/paperloft/evidence/checkouts/p2-checkpoint7a86/build/DerivedData/Build/Intermediates.noindex/Paperloft.build/Release/PaperloftApp.build/Paperloft\ Receipts.DependencyStaticMetadataFileList

WriteAuxiliaryFile /Users/builder/Factory/paperloft/evidence/checkouts/p2-checkpoint7a86/build/DerivedData/Build/Intermediates.noindex/Paperloft.build/Release/PaperloftApp.build/Paperloft\ Receipts-project-headers.hmap (in target 'PaperloftApp' from project 'Paperloft')
    cd /Users/builder/Factory/paperloft/evidence/checkouts/p2-checkpoint7a86
    write-file /Users/builder/Factory/paperloft/evidence/checkouts/p2-checkpoint7a86/build/DerivedData/Build/Intermediates.noindex/Paperloft.build/Release/PaperloftApp.build/Paperloft\ Receipts-project-headers.hmap

Copy /Users/builder/Factory/paperloft/evidence/checkouts/p2-checkpoint7a86/build/DerivedData/Build/Intermediates.noindex/GeneratedModuleMaps/PaperloftKit.modulemap /Users/builder/Factory/paperloft/evidence/checkouts/p2-checkpoint7a86/build/DerivedData/Build/Intermediates.noindex/PaperloftKit.build/Release/PaperloftKit-t.build/PaperloftKit.modulemap (in target 'PaperloftKit' from project 'PaperloftKit')
    cd /Users/builder/Factory/paperloft/evidence/checkouts/p2-checkpoint7a86/Packages/PaperloftKit
    builtin-copy -exclude .DS_Store -exclude CVS -exclude .svn -exclude .git -exclude .hg -strip-unsigned-binaries -strip-deterministic -strip-tool /Applications/Xcode.app/Contents/Developer/Toolchains/XcodeDefault.xctoolchain/usr/bin/strip -resolve-src-symlinks /Users/builder/Factory/paperloft/evidence/checkouts/p2-checkpoint7a86/build/DerivedData/Build/Intermediates.noindex/PaperloftKit.build/Release/PaperloftKit-t.build/PaperloftKit.modulemap /Users/builder/Factory/paperloft/evidence/checkouts/p2-checkpoint7a86/build/DerivedData/Build/Intermediates.noindex/GeneratedModuleMaps

WriteAuxiliaryFile /Users/builder/Factory/paperloft/evidence/checkouts/p2-checkpoint7a86/build/DerivedData/Build/Intermediates.noindex/Paperloft.build/Release/PaperloftApp.build/Paperloft\ Receipts-own-target-headers.hmap (in target 'PaperloftApp' from project 'Paperloft')
    cd /Users/builder/Factory/paperloft/evidence/checkouts/p2-checkpoint7a86
    write-file /Users/builder/Factory/paperloft/evidence/checkouts/p2-checkpoint7a86/build/DerivedData/Build/Intermediates.noindex/Paperloft.build/Release/PaperloftApp.build/Paperloft\ Receipts-own-target-headers.hmap

WriteAuxiliaryFile /Users/builder/Factory/paperloft/evidence/checkouts/p2-checkpoint7a86/build/DerivedData/Build/Intermediates.noindex/Paperloft.build/Release/PaperloftApp.build/Paperloft\ Receipts-generated-files.hmap (in target 'PaperloftApp' from project 'Paperloft')
    cd /Users/builder/Factory/paperloft/evidence/checkouts/p2-checkpoint7a86
    write-file /Users/builder/Factory/paperloft/evidence/checkouts/p2-checkpoint7a86/build/DerivedData/Build/Intermediates.noindex/Paperloft.build/Release/PaperloftApp.build/Paperloft\ Receipts-generated-files.hmap

WriteAuxiliaryFile /Users/builder/Factory/paperloft/evidence/checkouts/p2-checkpoint7a86/build/DerivedData/Build/Intermediates.noindex/Paperloft.build/Release/PaperloftApp.build/Paperloft\ Receipts-all-target-headers.hmap (in target 'PaperloftApp' from project 'Paperloft')
    cd /Users/builder/Factory/paperloft/evidence/checkouts/p2-checkpoint7a86
    write-file /Users/builder/Factory/paperloft/evidence/checkouts/p2-checkpoint7a86/build/DerivedData/Build/Intermediates.noindex/Paperloft.build/Release/PaperloftApp.build/Paperloft\ Receipts-all-target-headers.hmap

WriteAuxiliaryFile /Users/builder/Factory/paperloft/evidence/checkouts/p2-checkpoint7a86/build/DerivedData/Build/Intermediates.noindex/Paperloft.build/Release/PaperloftApp.build/Paperloft\ Receipts-all-non-framework-target-headers.hmap (in target 'PaperloftApp' from project 'Paperloft')
    cd /Users/builder/Factory/paperloft/evidence/checkouts/p2-checkpoint7a86
    write-file /Users/builder/Factory/paperloft/evidence/checkouts/p2-checkpoint7a86/build/DerivedData/Build/Intermediates.noindex/Paperloft.build/Release/PaperloftApp.build/Paperloft\ Receipts-all-non-framework-target-headers.hmap

WriteAuxiliaryFile /Users/builder/Factory/paperloft/evidence/checkouts/p2-checkpoint7a86/build/DerivedData/Build/Intermediates.noindex/Paperloft.build/Release/PaperloftApp.build/Objects-normal/arm64/PaperloftApp_const_extract_protocols.json (in target 'PaperloftApp' from project 'Paperloft')
    cd /Users/builder/Factory/paperloft/evidence/checkouts/p2-checkpoint7a86
    write-file /Users/builder/Factory/paperloft/evidence/checkouts/p2-checkpoint7a86/build/DerivedData/Build/Intermediates.noindex/Paperloft.build/Release/PaperloftApp.build/Objects-normal/arm64/PaperloftApp_const_extract_protocols.json

WriteAuxiliaryFile /Users/builder/Factory/paperloft/evidence/checkouts/p2-checkpoint7a86/build/DerivedData/Build/Intermediates.noindex/Paperloft.build/Release/PaperloftApp.build/Objects-normal/arm64/PaperloftApp-OutputFileMap.json (in target 'PaperloftApp' from project 'Paperloft')
    cd /Users/builder/Factory/paperloft/evidence/checkouts/p2-checkpoint7a86
    write-file /Users/builder/Factory/paperloft/evidence/checkouts/p2-checkpoint7a86/build/DerivedData/Build/Intermediates.noindex/Paperloft.build/Release/PaperloftApp.build/Objects-normal/arm64/PaperloftApp-OutputFileMap.json

WriteAuxiliaryFile /Users/builder/Factory/paperloft/evidence/checkouts/p2-checkpoint7a86/build/DerivedData/Build/Intermediates.noindex/Paperloft.build/Release/PaperloftApp.build/Objects-normal/arm64/Paperloft\ Receipts.SwiftFileList (in target 'PaperloftApp' from project 'Paperloft')
    cd /Users/builder/Factory/paperloft/evidence/checkouts/p2-checkpoint7a86
    write-file /Users/builder/Factory/paperloft/evidence/checkouts/p2-checkpoint7a86/build/DerivedData/Build/Intermediates.noindex/Paperloft.build/Release/PaperloftApp.build/Objects-normal/arm64/Paperloft\ Receipts.SwiftFileList

WriteAuxiliaryFile /Users/builder/Factory/paperloft/evidence/checkouts/p2-checkpoint7a86/build/DerivedData/Build/Intermediates.noindex/Paperloft.build/Release/PaperloftApp.build/Objects-normal/arm64/Paperloft\ Receipts.SwiftConstValuesFileList (in target 'PaperloftApp' from project 'Paperloft')
    cd /Users/builder/Factory/paperloft/evidence/checkouts/p2-checkpoint7a86
    write-file /Users/builder/Factory/paperloft/evidence/checkouts/p2-checkpoint7a86/build/DerivedData/Build/Intermediates.noindex/Paperloft.build/Release/PaperloftApp.build/Objects-normal/arm64/Paperloft\ Receipts.SwiftConstValuesFileList

WriteAuxiliaryFile /Users/builder/Factory/paperloft/evidence/checkouts/p2-checkpoint7a86/build/DerivedData/Build/Intermediates.noindex/Paperloft.build/Release/PaperloftApp.build/Objects-normal/arm64/Paperloft\ Receipts.LinkFileList (in target 'PaperloftApp' from project 'Paperloft')
    cd /Users/builder/Factory/paperloft/evidence/checkouts/p2-checkpoint7a86
    write-file /Users/builder/Factory/paperloft/evidence/checkouts/p2-checkpoint7a86/build/DerivedData/Build/Intermediates.noindex/Paperloft.build/Release/PaperloftApp.build/Objects-normal/arm64/Paperloft\ Receipts.LinkFileList

WriteAuxiliaryFile /Users/builder/Factory/paperloft/evidence/checkouts/p2-checkpoint7a86/build/DerivedData/Build/Intermediates.noindex/Paperloft.build/Release/PaperloftApp.build/DerivedSources/Entitlements.plist (in target 'PaperloftApp' from project 'Paperloft')
    cd /Users/builder/Factory/paperloft/evidence/checkouts/p2-checkpoint7a86
    write-file /Users/builder/Factory/paperloft/evidence/checkouts/p2-checkpoint7a86/build/DerivedData/Build/Intermediates.noindex/Paperloft.build/Release/PaperloftApp.build/DerivedSources/Entitlements.plist

MkDir /Users/builder/Factory/paperloft/evidence/checkouts/p2-checkpoint7a86/build/DerivedData/Build/Products/Release/Paperloft\ Receipts.app/Contents/Resources (in target 'PaperloftApp' from project 'Paperloft')
    cd /Users/builder/Factory/paperloft/evidence/checkouts/p2-checkpoint7a86
    /bin/mkdir -p /Users/builder/Factory/paperloft/evidence/checkouts/p2-checkpoint7a86/build/DerivedData/Build/Products/Release/Paperloft\ Receipts.app/Contents/Resources

MkDir /Users/builder/Factory/paperloft/evidence/checkouts/p2-checkpoint7a86/build/DerivedData/Build/Products/Release/Paperloft\ Receipts.app/Contents/MacOS (in target 'PaperloftApp' from project 'Paperloft')
    cd /Users/builder/Factory/paperloft/evidence/checkouts/p2-checkpoint7a86
    /bin/mkdir -p /Users/builder/Factory/paperloft/evidence/checkouts/p2-checkpoint7a86/build/DerivedData/Build/Products/Release/Paperloft\ Receipts.app/Contents/MacOS

MkDir /Users/builder/Factory/paperloft/evidence/checkouts/p2-checkpoint7a86/build/DerivedData/Build/Products/Release/Paperloft\ Receipts.app/Contents (in target 'PaperloftApp' from project 'Paperloft')
    cd /Users/builder/Factory/paperloft/evidence/checkouts/p2-checkpoint7a86
    /bin/mkdir -p /Users/builder/Factory/paperloft/evidence/checkouts/p2-checkpoint7a86/build/DerivedData/Build/Products/Release/Paperloft\ Receipts.app/Contents

MkDir /Users/builder/Factory/paperloft/evidence/checkouts/p2-checkpoint7a86/build/DerivedData/Build/Products/Release/Paperloft\ Receipts.app (in target 'PaperloftApp' from project 'Paperloft')
    cd /Users/builder/Factory/paperloft/evidence/checkouts/p2-checkpoint7a86
    /bin/mkdir -p /Users/builder/Factory/paperloft/evidence/checkouts/p2-checkpoint7a86/build/DerivedData/Build/Products/Release/Paperloft\ Receipts.app

SwiftDriver PaperloftKit normal arm64 com.apple.xcode.tools.swift.compiler (in target 'PaperloftKit' from project 'PaperloftKit')
    cd /Users/builder/Factory/paperloft/evidence/checkouts/p2-checkpoint7a86/Paperloft.xcodeproj
    builtin-SwiftDriver -- /Applications/Xcode.app/Contents/Developer/Toolchains/XcodeDefault.xctoolchain/usr/bin/swiftc -parse-as-library -module-name PaperloftKit -O -whole-module-optimization @/Users/builder/Factory/paperloft/evidence/checkouts/p2-checkpoint7a86/build/DerivedData/Build/Intermediates.noindex/PaperloftKit.build/Release/PaperloftKit-t.build/Objects-normal/arm64/PaperloftKit.SwiftFileList -DSWIFT_PACKAGE -DSWIFT_MODULE_RESOURCE_BUNDLE_UNAVAILABLE -DXcode -plugin-path /Applications/Xcode.app/Contents/Developer/Toolchains/XcodeDefault.xctoolchain/usr/lib/swift/host/plugins/testing -enable-experimental-feature DebugDescriptionMacro -sdk /Applications/Xcode.app/Contents/Developer/Platforms/MacOSX.platform/Developer/SDKs/MacOSX27.0.sdk -target arm64-apple-macos27.0 -g -module-cache-path /Users/builder/Factory/paperloft/evidence/checkouts/p2-checkpoint7a86/build/DerivedData/ModuleCache.noindex -Xfrontend -serialize-debugging-options -profile-coverage-mapping -profile-generate -warnings-as-errors -swift-version 6 -I /Users/builder/Factory/paperloft/evidence/checkouts/p2-checkpoint7a86/build/DerivedData/Build/Products/Release -Isystem /Applications/Xcode.app/Contents/Developer/Platforms/MacOSX.platform/Developer/usr/lib -F /Users/builder/Factory/paperloft/evidence/checkouts/p2-checkpoint7a86/build/DerivedData/Build/Products/Release -F /Applications/Xcode.app/Contents/Developer/Platforms/MacOSX.platform/Developer/Library/Frameworks -c -num-threads 10 -Xcc -ivfsstatcache -Xcc /Users/builder/Factory/paperloft/evidence/checkouts/p2-checkpoint7a86/build/DerivedData/SDKStatCaches.noindex/macosx27.0-26A425-7231f6df4def33e022ae2eb8f782df1a.sdkstatcache -output-file-map /Users/builder/Factory/paperloft/evidence/checkouts/p2-checkpoint7a86/build/DerivedData/Build/Intermediates.noindex/PaperloftKit.build/Release/PaperloftKit-t.build/Objects-normal/arm64/PaperloftKit-OutputFileMap.json -save-temps -no-color-diagnostics -explicit-module-build -module-cache-path /Users/builder/Factory/paperloft/evidence/checkouts/p2-checkpoint7a86/build/DerivedData/Build/Intermediates.noindex/SwiftExplicitPrecompiledModules -clang-scanner-module-cache-path /Users/builder/Factory/paperloft/evidence/checkouts/p2-checkpoint7a86/build/DerivedData/ModuleCache.noindex -sdk-module-cache-path /Users/builder/Factory/paperloft/evidence/checkouts/p2-checkpoint7a86/build/DerivedData/SDKExplicitPrecompiledModules -emit-dependencies -emit-module -emit-module-path /Users/builder/Factory/paperloft/evidence/checkouts/p2-checkpoint7a86/build/DerivedData/Build/Intermediates.noindex/PaperloftKit.build/Release/PaperloftKit-t.build/Objects-normal/arm64/PaperloftKit.swiftmodule -serialize-diagnostics -dependency-scan-serialize-diagnostics-path /Users/builder/Factory/paperloft/evidence/checkouts/p2-checkpoint7a86/build/DerivedData/Build/Intermediates.noindex/PaperloftKit.build/Release/PaperloftKit-t.build/Objects-normal/arm64/PaperloftKit-dependency-scan.dia -validate-clang-modules-once -clang-build-session-file /Users/builder/Factory/paperloft/evidence/checkouts/p2-checkpoint7a86/build/DerivedData/ModuleCache.noindex/Session.modulevalidation -Xcc -fmodules-prune-interval\=86400 -Xcc -fmodules-prune-after\=345600 -package-name paperloftkit -emit-const-values -const-gather-protocols-list /Users/builder/Factory/paperloft/evidence/checkouts/p2-checkpoint7a86/build/DerivedData/Build/Intermediates.noindex/PaperloftKit.build/Release/PaperloftKit-t.build/Objects-normal/arm64/PaperloftKit_const_extract_protocols.json -Xcc -I/Users/builder/Factory/paperloft/evidence/checkouts/p2-checkpoint7a86/build/DerivedData/Build/Products/Release/include -Xcc -I/Users/builder/Factory/paperloft/evidence/checkouts/p2-checkpoint7a86/build/DerivedData/Build/Intermediates.noindex/PaperloftKit.build/Release/PaperloftKit-t.build/DerivedSources-normal/arm64 -Xcc -I/Users/builder/Factory/paperloft/evidence/checkouts/p2-checkpoint7a86/build/DerivedData/Build/Intermediates.noindex/PaperloftKit.build/Release/PaperloftKit-t.build/DerivedSources/arm64 -Xcc -I/Users/builder/Factory/paperloft/evidence/checkouts/p2-checkpoint7a86/build/DerivedData/Build/Intermediates.noindex/PaperloftKit.build/Release/PaperloftKit-t.build/DerivedSources -Xcc -DSWIFT_PACKAGE -emit-objc-header -emit-objc-header-path /Users/builder/Factory/paperloft/evidence/checkouts/p2-checkpoint7a86/build/DerivedData/Build/Intermediates.noindex/PaperloftKit.build/Release/PaperloftKit-t.build/Objects-normal/arm64/PaperloftKit-Swift.h -working-directory /Users/builder/Factory/paperloft/evidence/checkouts/p2-checkpoint7a86/Paperloft.xcodeproj -no-emit-module-separately-wmo

SwiftDriver\ Compilation PaperloftKit normal arm64 com.apple.xcode.tools.swift.compiler (in target 'PaperloftKit' from project 'PaperloftKit')
    cd /Users/builder/Factory/paperloft/evidence/checkouts/p2-checkpoint7a86/Paperloft.xcodeproj
    builtin-Swift-Compilation -- /Applications/Xcode.app/Contents/Developer/Toolchains/XcodeDefault.xctoolchain/usr/bin/swiftc -parse-as-library -module-name PaperloftKit -O -whole-module-optimization @/Users/builder/Factory/paperloft/evidence/checkouts/p2-checkpoint7a86/build/DerivedData/Build/Intermediates.noindex/PaperloftKit.build/Release/PaperloftKit-t.build/Objects-normal/arm64/PaperloftKit.SwiftFileList -DSWIFT_PACKAGE -DSWIFT_MODULE_RESOURCE_BUNDLE_UNAVAILABLE -DXcode -plugin-path /Applications/Xcode.app/Contents/Developer/Toolchains/XcodeDefault.xctoolchain/usr/lib/swift/host/plugins/testing -enable-experimental-feature DebugDescriptionMacro -sdk /Applications/Xcode.app/Contents/Developer/Platforms/MacOSX.platform/Developer/SDKs/MacOSX27.0.sdk -target arm64-apple-macos27.0 -g -module-cache-path /Users/builder/Factory/paperloft/evidence/checkouts/p2-checkpoint7a86/build/DerivedData/ModuleCache.noindex -Xfrontend -serialize-debugging-options -profile-coverage-mapping -profile-generate -warnings-as-errors -swift-version 6 -I /Users/builder/Factory/paperloft/evidence/checkouts/p2-checkpoint7a86/build/DerivedData/Build/Products/Release -Isystem /Applications/Xcode.app/Contents/Developer/Platforms/MacOSX.platform/Developer/usr/lib -F /Users/builder/Factory/paperloft/evidence/checkouts/p2-checkpoint7a86/build/DerivedData/Build/Products/Release -F /Applications/Xcode.app/Contents/Developer/Platforms/MacOSX.platform/Developer/Library/Frameworks -c -num-threads 10 -Xcc -ivfsstatcache -Xcc /Users/builder/Factory/paperloft/evidence/checkouts/p2-checkpoint7a86/build/DerivedData/SDKStatCaches.noindex/macosx27.0-26A425-7231f6df4def33e022ae2eb8f782df1a.sdkstatcache -output-file-map /Users/builder/Factory/paperloft/evidence/checkouts/p2-checkpoint7a86/build/DerivedData/Build/Intermediates.noindex/PaperloftKit.build/Release/PaperloftKit-t.build/Objects-normal/arm64/PaperloftKit-OutputFileMap.json -save-temps -no-color-diagnostics -explicit-module-build -module-cache-path /Users/builder/Factory/paperloft/evidence/checkouts/p2-checkpoint7a86/build/DerivedData/Build/Intermediates.noindex/SwiftExplicitPrecompiledModules -clang-scanner-module-cache-path /Users/builder/Factory/paperloft/evidence/checkouts/p2-checkpoint7a86/build/DerivedData/ModuleCache.noindex -sdk-module-cache-path /Users/builder/Factory/paperloft/evidence/checkouts/p2-checkpoint7a86/build/DerivedData/SDKExplicitPrecompiledModules -emit-dependencies -emit-module -emit-module-path /Users/builder/Factory/paperloft/evidence/checkouts/p2-checkpoint7a86/build/DerivedData/Build/Intermediates.noindex/PaperloftKit.build/Release/PaperloftKit-t.build/Objects-normal/arm64/PaperloftKit.swiftmodule -serialize-diagnostics -dependency-scan-serialize-diagnostics-path /Users/builder/Factory/paperloft/evidence/checkouts/p2-checkpoint7a86/build/DerivedData/Build/Intermediates.noindex/PaperloftKit.build/Release/PaperloftKit-t.build/Objects-normal/arm64/PaperloftKit-dependency-scan.dia -validate-clang-modules-once -clang-build-session-file /Users/builder/Factory/paperloft/evidence/checkouts/p2-checkpoint7a86/build/DerivedData/ModuleCache.noindex/Session.modulevalidation -Xcc -fmodules-prune-interval\=86400 -Xcc -fmodules-prune-after\=345600 -package-name paperloftkit -emit-const-values -const-gather-protocols-list /Users/builder/Factory/paperloft/evidence/checkouts/p2-checkpoint7a86/build/DerivedData/Build/Intermediates.noindex/PaperloftKit.build/Release/PaperloftKit-t.build/Objects-normal/arm64/PaperloftKit_const_extract_protocols.json -Xcc -I/Users/builder/Factory/paperloft/evidence/checkouts/p2-checkpoint7a86/build/DerivedData/Build/Products/Release/include -Xcc -I/Users/builder/Factory/paperloft/evidence/checkouts/p2-checkpoint7a86/build/DerivedData/Build/Intermediates.noindex/PaperloftKit.build/Release/PaperloftKit-t.build/DerivedSources-normal/arm64 -Xcc -I/Users/builder/Factory/paperloft/evidence/checkouts/p2-checkpoint7a86/build/DerivedData/Build/Intermediates.noindex/PaperloftKit.build/Release/PaperloftKit-t.build/DerivedSources/arm64 -Xcc -I/Users/builder/Factory/paperloft/evidence/checkouts/p2-checkpoint7a86/build/DerivedData/Build/Intermediates.noindex/PaperloftKit.build/Release/PaperloftKit-t.build/DerivedSources -Xcc -DSWIFT_PACKAGE -emit-objc-header -emit-objc-header-path /Users/builder/Factory/paperloft/evidence/checkouts/p2-checkpoint7a86/build/DerivedData/Build/Intermediates.noindex/PaperloftKit.build/Release/PaperloftKit-t.build/Objects-normal/arm64/PaperloftKit-Swift.h -working-directory /Users/builder/Factory/paperloft/evidence/checkouts/p2-checkpoint7a86/Paperloft.xcodeproj -no-emit-module-separately-wmo

SwiftExplicitDependencyGeneratePcm arm64 /Users/builder/Factory/paperloft/evidence/checkouts/p2-checkpoint7a86/build/DerivedData/SDKExplicitPrecompiledModules/ptrauth-E69EY6HDKDPN4P31KD1Y6XK3W.pcm

SwiftExplicitDependencyGeneratePcm arm64 /Users/builder/Factory/paperloft/evidence/checkouts/p2-checkpoint7a86/build/DerivedData/SDKExplicitPrecompiledModules/SwiftShims-1C2PI9KRICD5JHRFJX4GT7EQG.pcm

SwiftExplicitDependencyGeneratePcm arm64 /Users/builder/Factory/paperloft/evidence/checkouts/p2-checkpoint7a86/build/DerivedData/SDKExplicitPrecompiledModules/_AvailabilityInternal-4N3RKJ991W3RYGPZZ23K2TKU3.pcm

SwiftExplicitDependencyGeneratePcm arm64 /Users/builder/Factory/paperloft/evidence/checkouts/p2-checkpoint7a86/build/DerivedData/SDKExplicitPrecompiledModules/_SwiftConcurrencyShims-4EFPIWZFE380ZW4PE1LZSV8E5.pcm

SwiftExplicitDependencyGeneratePcm arm64 /Users/builder/Factory/paperloft/evidence/checkouts/p2-checkpoint7a86/build/DerivedData/SDKExplicitPrecompiledModules/_Builtin_stdbool-1BCPX8C1QU4J47AX3652RSHB2.pcm

SwiftExplicitDependencyGeneratePcm arm64 /Users/builder/Factory/paperloft/evidence/checkouts/p2-checkpoint7a86/build/DerivedData/SDKExplicitPrecompiledModules/ptrcheck-39C28LQO62TRVZ9FWZ2VOI9M5.pcm

SwiftExplicitDependencyGeneratePcm arm64 /Users/builder/Factory/paperloft/evidence/checkouts/p2-checkpoint7a86/build/DerivedData/SDKExplicitPrecompiledModules/_Builtin_float-AL4ZJ7JIPI737SRTJ9URR4502.pcm

SwiftExplicitDependencyGeneratePcm arm64 /Users/builder/Factory/paperloft/evidence/checkouts/p2-checkpoint7a86/build/DerivedData/SDKExplicitPrecompiledModules/_Builtin_stdarg-CVBT8D5EU8SXJ5UJF56WU7Q19.pcm

SwiftExplicitDependencyGeneratePcm arm64 /Users/builder/Factory/paperloft/evidence/checkouts/p2-checkpoint7a86/build/DerivedData/SDKExplicitPrecompiledModules/_Builtin_stddef-BR2GY93P6Y7S3KPK6P2BF9QH.pcm

SwiftExplicitDependencyGeneratePcm arm64 /Users/builder/Factory/paperloft/evidence/checkouts/p2-checkpoint7a86/build/DerivedData/SDKExplicitPrecompiledModules/_DarwinFoundation1-76WA3XDI9JTX4NYLGZYGGIEC3.pcm

SwiftExplicitDependencyGeneratePcm arm64 /Users/builder/Factory/paperloft/evidence/checkouts/p2-checkpoint7a86/build/DerivedData/SDKExplicitPrecompiledModules/_Builtin_limits-6FC62N4GLL65M7NKS9UWP48QF.pcm

SwiftExplicitDependencyGeneratePcm arm64 /Users/builder/Factory/paperloft/evidence/checkouts/p2-checkpoint7a86/build/DerivedData/SDKExplicitPrecompiledModules/_DarwinFoundation2-4ZOO8GADGPYXBPMFEKNCXG4HY.pcm

SwiftExplicitDependencyGeneratePcm arm64 /Users/builder/Factory/paperloft/evidence/checkouts/p2-checkpoint7a86/build/DerivedData/SDKExplicitPrecompiledModules/sys_types-153J5OBVJ45V60PHZ8PFKBDRT.pcm

SwiftExplicitDependencyGeneratePcm arm64 /Users/builder/Factory/paperloft/evidence/checkouts/p2-checkpoint7a86/build/DerivedData/SDKExplicitPrecompiledModules/_Builtin_stdint-F0IRSZIO77IXKP4RMJLMYGGL6.pcm

SwiftExplicitDependencyGeneratePcm arm64 /Users/builder/Factory/paperloft/evidence/checkouts/p2-checkpoint7a86/build/DerivedData/SDKExplicitPrecompiledModules/_Builtin_tgmath-7PIXCJ8YBWSLUZSCBECMM159L.pcm

SwiftExplicitDependencyGeneratePcm arm64 /Users/builder/Factory/paperloft/evidence/checkouts/p2-checkpoint7a86/build/DerivedData/SDKExplicitPrecompiledModules/string_h-3LSK6MS31SPDAYM06D0FX5X2A.pcm

SwiftExplicitDependencyGeneratePcm arm64 /Users/builder/Factory/paperloft/evidence/checkouts/p2-checkpoint7a86/build/DerivedData/SDKExplicitPrecompiledModules/_DarwinFoundation3-NC3DPLQ0VC6WTKF4DJHA04MT.pcm

SwiftExplicitDependencyGeneratePcm arm64 /Users/builder/Factory/paperloft/evidence/checkouts/p2-checkpoint7a86/build/DerivedData/SDKExplicitPrecompiledModules/_Builtin_intrinsics-1HB9X0CLALQKY3NT6N847T87F.pcm

SwiftExplicitDependencyGeneratePcm arm64 /Users/builder/Factory/paperloft/evidence/checkouts/p2-checkpoint7a86/build/DerivedData/SDKExplicitPrecompiledModules/_Builtin_stdatomic-1MSBFM4GB3MWN97M52R910JVC.pcm

SwiftExplicitDependencyGeneratePcm arm64 /Users/builder/Factory/paperloft/evidence/checkouts/p2-checkpoint7a86/build/DerivedData/SDKExplicitPrecompiledModules/libDER-2DH343F99KP727P0VZO2QVHXJ.pcm

SwiftExplicitDependencyGeneratePcm arm64 /Users/builder/Factory/paperloft/evidence/checkouts/p2-checkpoint7a86/build/DerivedData/SDKExplicitPrecompiledModules/_Builtin_inttypes-476VF401AKR64L2HFCX8ZY9P1.pcm

SwiftExplicitDependencyGeneratePcm arm64 /Users/builder/Factory/paperloft/evidence/checkouts/p2-checkpoint7a86/build/DerivedData/SDKExplicitPrecompiledModules/Darwin-B87KXJME90BTZN8B91QL9CI5K.pcm

SwiftExplicitDependencyGeneratePcm arm64 /Users/builder/Factory/paperloft/evidence/checkouts/p2-checkpoint7a86/build/DerivedData/SDKExplicitPrecompiledModules/simd-3XBZGWGC0EQRGPTJVLVL3HM2A.pcm

SwiftExplicitDependencyGeneratePcm arm64 /Users/builder/Factory/paperloft/evidence/checkouts/p2-checkpoint7a86/build/DerivedData/SDKExplicitPrecompiledModules/launch-CX6KL9XCIOASKSPI6ISS3YHTU.pcm

SwiftExplicitDependencyGeneratePcm arm64 /Users/builder/Factory/paperloft/evidence/checkouts/p2-checkpoint7a86/build/DerivedData/SDKExplicitPrecompiledModules/MachO-5UY4M3S2ZZ69WLGBULH6MH4QN.pcm

SwiftExplicitDependencyGeneratePcm arm64 /Users/builder/Factory/paperloft/evidence/checkouts/p2-checkpoint7a86/build/DerivedData/SDKExplicitPrecompiledModules/libkern-AXXDZ7FZMZA4LE5BKDBYIQEC6.pcm

SwiftExplicitDependencyGeneratePcm arm64 /Users/builder/Factory/paperloft/evidence/checkouts/p2-checkpoint7a86/build/DerivedData/SDKExplicitPrecompiledModules/CUPS-B6HDDE66WC8CNS9JZSRNUVL3D.pcm

SwiftExplicitDependencyGeneratePcm arm64 /Users/builder/Factory/paperloft/evidence/checkouts/p2-checkpoint7a86/build/DerivedData/SDKExplicitPrecompiledModules/Compression-3CCPBH8T8HSFLDFI0ALQF42IM.pcm

SwiftExplicitDependencyGeneratePcm arm64 /Users/builder/Factory/paperloft/evidence/checkouts/p2-checkpoint7a86/build/DerivedData/SDKExplicitPrecompiledModules/ObjectiveC-7Y2CGWS55H3934333I99LYQTE.pcm

SwiftExplicitDependencyGeneratePcm arm64 /Users/builder/Factory/paperloft/evidence/checkouts/p2-checkpoint7a86/build/DerivedData/SDKExplicitPrecompiledModules/os_object-CGK5GJDCZTYO046ONO2QY14HO.pcm

SwiftExplicitDependencyGeneratePcm arm64 /Users/builder/Factory/paperloft/evidence/checkouts/p2-checkpoint7a86/build/DerivedData/SDKExplicitPrecompiledModules/os_workgroup-HEAC8H017X8L6G20YXAQE6E.pcm

SwiftExplicitDependencyGeneratePcm arm64 /Users/builder/Factory/paperloft/evidence/checkouts/p2-checkpoint7a86/build/DerivedData/SDKExplicitPrecompiledModules/Dispatch-8WI6NH4NXOP4H98PEBM4XIKEO.pcm

SwiftExplicitDependencyGeneratePcm arm64 /Users/builder/Factory/paperloft/evidence/checkouts/p2-checkpoint7a86/build/DerivedData/SDKExplicitPrecompiledModules/CoreFoundation-CA7TT6BPIOEQKQAN18HPNPBQK.pcm

SwiftExplicitDependencyGeneratePcm arm64 /Users/builder/Factory/paperloft/evidence/checkouts/p2-checkpoint7a86/build/DerivedData/SDKExplicitPrecompiledModules/XPC-BXX3UC5KQFXDDQ1QZYU14H91X.pcm

SwiftExplicitDependencyGeneratePcm arm64 /Users/builder/Factory/paperloft/evidence/checkouts/p2-checkpoint7a86/build/DerivedData/SDKExplicitPrecompiledModules/os-1GLXQII5A630EHQCS72DQGEYK.pcm

SwiftExplicitDependencyGeneratePcm arm64 /Users/builder/Factory/paperloft/evidence/checkouts/p2-checkpoint7a86/build/DerivedData/SDKExplicitPrecompiledModules/ColorSync-9R5INVJAVIX5IAQ8U1WIO1L2J.pcm

SwiftExplicitDependencyGeneratePcm arm64 /Users/builder/Factory/paperloft/evidence/checkouts/p2-checkpoint7a86/build/DerivedData/SDKExplicitPrecompiledModules/CFNetwork-AFSW0AYZDDXDAZ649CEL0BRDV.pcm

SwiftExplicitDependencyGeneratePcm arm64 /Users/builder/Factory/paperloft/evidence/checkouts/p2-checkpoint7a86/build/DerivedData/SDKExplicitPrecompiledModules/IOKit-72XYEKHRXU17SGHFK1GVE1TY3.pcm

SwiftExplicitDependencyGeneratePcm arm64 /Users/builder/Factory/paperloft/evidence/checkouts/p2-checkpoint7a86/build/DerivedData/SDKExplicitPrecompiledModules/Security-3U6LOH73B2JDHHE5VGHJW0I3B.pcm

SwiftExplicitDependencyGeneratePcm arm64 /Users/builder/Factory/paperloft/evidence/checkouts/p2-checkpoint7a86/build/DerivedData/SDKExplicitPrecompiledModules/CoreAudioTypes-D5OP6DR7DXUDSOFS0JWGMF3YI.pcm

SwiftExplicitDependencyGeneratePcm arm64 /Users/builder/Factory/paperloft/evidence/checkouts/p2-checkpoint7a86/build/DerivedData/SDKExplicitPrecompiledModules/DiskArbitration-B9NAFW5JYCT3O5FD55HQND4SH.pcm

SwiftExplicitDependencyGeneratePcm arm64 /Users/builder/Factory/paperloft/evidence/checkouts/p2-checkpoint7a86/build/DerivedData/SDKExplicitPrecompiledModules/CoreGraphics-APKYCM2CMPPFMF8DPRIIDTND0.pcm

SwiftExplicitDependencyGeneratePcm arm64 /Users/builder/Factory/paperloft/evidence/checkouts/p2-checkpoint7a86/build/DerivedData/SDKExplicitPrecompiledModules/CoreServices-DMFR47CW9B59S3R6VEA3H4MYY.pcm

SwiftExplicitDependencyGeneratePcm arm64 /Users/builder/Factory/paperloft/evidence/checkouts/p2-checkpoint7a86/build/DerivedData/SDKExplicitPrecompiledModules/ImageIO-38K0OKYWTGCYZ8IVKB0WTCGXH.pcm

SwiftExplicitDependencyGeneratePcm arm64 /Users/builder/Factory/paperloft/evidence/checkouts/p2-checkpoint7a86/build/DerivedData/SDKExplicitPrecompiledModules/CoreText-955469B7SCM6DQ4Z9PU1RX6CO.pcm

SwiftExplicitDependencyGeneratePcm arm64 /Users/builder/Factory/paperloft/evidence/checkouts/p2-checkpoint7a86/build/DerivedData/SDKExplicitPrecompiledModules/Foundation-A3LL14O08DP80EA5YA7RPOI4W.pcm

SwiftExplicitDependencyGeneratePcm arm64 /Users/builder/Factory/paperloft/evidence/checkouts/p2-checkpoint7a86/build/DerivedData/SDKExplicitPrecompiledModules/CoreAudio-33TDU667DVCU0NVR5A2C25O2W.pcm

SwiftExplicitDependencyGeneratePcm arm64 /Users/builder/Factory/paperloft/evidence/checkouts/p2-checkpoint7a86/build/DerivedData/SDKExplicitPrecompiledModules/IOSurface-8O90U87JXKN8WRTC6RAONSMXR.pcm

SwiftExplicitDependencyGeneratePcm arm64 /Users/builder/Factory/paperloft/evidence/checkouts/p2-checkpoint7a86/build/DerivedData/SDKExplicitPrecompiledModules/UniformTypeIdentifiers-17IWC82QW7ILOKZNGMZ6X7JW2.pcm

SwiftExplicitDependencyGeneratePcm arm64 /Users/builder/Factory/paperloft/evidence/checkouts/p2-checkpoint7a86/build/DerivedData/SDKExplicitPrecompiledModules/ApplicationServices-AS4KBFZ97XE9WQB357LNSD3H5.pcm

SwiftExplicitDependencyGeneratePcm arm64 /Users/builder/Factory/paperloft/evidence/checkouts/p2-checkpoint7a86/build/DerivedData/SDKExplicitPrecompiledModules/DataDetection-KRT8XQ04T3GIEGCAD0THR4MH.pcm

SwiftExplicitDependencyGeneratePcm arm64 /Users/builder/Factory/paperloft/evidence/checkouts/p2-checkpoint7a86/build/DerivedData/SDKExplicitPrecompiledModules/LocalAuthentication-DZZEFEPE357RN1BCI3C4M4LP6.pcm

SwiftExplicitDependencyGeneratePcm arm64 /Users/builder/Factory/paperloft/evidence/checkouts/p2-checkpoint7a86/build/DerivedData/SDKExplicitPrecompiledModules/CoreMIDI-6DR10ZFAYTFK434FBLCG9SFVY.pcm

SwiftExplicitDependencyGeneratePcm arm64 /Users/builder/Factory/paperloft/evidence/checkouts/p2-checkpoint7a86/build/DerivedData/SDKExplicitPrecompiledModules/Metal-3TFG6M3KMUW8C6HC5EQAK3RSI.pcm

SwiftExplicitDependencyGeneratePcm arm64 /Users/builder/Factory/paperloft/evidence/checkouts/p2-checkpoint7a86/build/DerivedData/SDKExplicitPrecompiledModules/OpenGL-16E0ORT5S2JBDQTSATUU9RQK0.pcm

SwiftExplicitDependencyGeneratePcm arm64 /Users/builder/Factory/paperloft/evidence/checkouts/p2-checkpoint7a86/build/DerivedData/SDKExplicitPrecompiledModules/Carbon-D73LKQ2Y4Z0QB5WKAEKDIYYP7.pcm

SwiftExplicitDependencyGeneratePcm arm64 /Users/builder/Factory/paperloft/evidence/checkouts/p2-checkpoint7a86/build/DerivedData/SDKExplicitPrecompiledModules/CoreVideo-3WWDUAC0MLD7J8OBI3RAJNJ9C.pcm

SwiftExplicitDependencyGeneratePcm arm64 /Users/builder/Factory/paperloft/evidence/checkouts/p2-checkpoint7a86/build/DerivedData/SDKExplicitPrecompiledModules/AudioToolbox-4AORE1YFCE1MLXTSPXANFU4MO.pcm

SwiftExplicitDependencyGeneratePcm arm64 /Users/builder/Factory/paperloft/evidence/checkouts/p2-checkpoint7a86/build/DerivedData/SDKExplicitPrecompiledModules/QuartzCore-OZPQS096FNGP2IG0IOHG8PCJ.pcm

SwiftExplicitDependencyGeneratePcm arm64 /Users/builder/Factory/paperloft/evidence/checkouts/p2-checkpoint7a86/build/DerivedData/SDKExplicitPrecompiledModules/CoreImage-1D60XT789H1AURDVJHQI64N27.pcm

SwiftExplicitDependencyGeneratePcm arm64 /Users/builder/Factory/paperloft/evidence/checkouts/p2-checkpoint7a86/build/DerivedData/SDKExplicitPrecompiledModules/Accelerate-7HTZTKOYE6QH1L4JQ7ZQE32YK.pcm

SwiftExplicitDependencyGeneratePcm arm64 /Users/builder/Factory/paperloft/evidence/checkouts/p2-checkpoint7a86/build/DerivedData/SDKExplicitPrecompiledModules/CoreMedia-DGLN1RN36GVELSAX6ALH93AJ4.pcm

SwiftExplicitDependencyGeneratePcm arm64 /Users/builder/Factory/paperloft/evidence/checkouts/p2-checkpoint7a86/build/DerivedData/SDKExplicitPrecompiledModules/CoreML-2ZYDD7GXVRNHXWMUCDYP3S1TN.pcm

SwiftExplicitDependencyGeneratePcm arm64 /Users/builder/Factory/paperloft/evidence/checkouts/p2-checkpoint7a86/build/DerivedData/SDKExplicitPrecompiledModules/AVFAudio-8OFMK8MAYV7IZTF4Y20UW9V68.pcm

SwiftExplicitDependencyGeneratePcm arm64 /Users/builder/Factory/paperloft/evidence/checkouts/p2-checkpoint7a86/build/DerivedData/SDKExplicitPrecompiledModules/VideoToolbox-17VNDODJ4F53J39M24RJOFBA8.pcm

SwiftExplicitDependencyGeneratePcm arm64 /Users/builder/Factory/paperloft/evidence/checkouts/p2-checkpoint7a86/build/DerivedData/SDKExplicitPrecompiledModules/MediaToolbox-DL9IKO9ZT21DIVL8C2WUDNMA5.pcm

SwiftExplicitDependencyGeneratePcm arm64 /Users/builder/Factory/paperloft/evidence/checkouts/p2-checkpoint7a86/build/DerivedData/SDKExplicitPrecompiledModules/Vision-74VZV57TFWR1E6SW08X8XE2IJ.pcm

SwiftExplicitDependencyGeneratePcm arm64 /Users/builder/Factory/paperloft/evidence/checkouts/p2-checkpoint7a86/build/DerivedData/SDKExplicitPrecompiledModules/AVFoundation-77P6KX3BFV55NIZ5FUW3JMHN7.pcm

SwiftCompile normal arm64 Compiling\ Assessment.swift,\ Extraction.swift,\ LibraryAccess.swift,\ LibraryFiles.swift,\ LibraryStore.swift,\ Money.swift,\ Receipt.swift,\ ReceiptEngine.swift,\ ReceiptIndex.swift,\ Recognize.swift,\ TextLayout.swift /Users/builder/Factory/paperloft/evidence/checkouts/p2-checkpoint7a86/Packages/PaperloftKit/Sources/PaperloftKit/Assessment.swift /Users/builder/Factory/paperloft/evidence/checkouts/p2-checkpoint7a86/Packages/PaperloftKit/Sources/PaperloftKit/Extraction.swift /Users/builder/Factory/paperloft/evidence/checkouts/p2-checkpoint7a86/Packages/PaperloftKit/Sources/PaperloftKit/LibraryAccess.swift /Users/builder/Factory/paperloft/evidence/checkouts/p2-checkpoint7a86/Packages/PaperloftKit/Sources/PaperloftKit/LibraryFiles.swift /Users/builder/Factory/paperloft/evidence/checkouts/p2-checkpoint7a86/Packages/PaperloftKit/Sources/PaperloftKit/LibraryStore.swift /Users/builder/Factory/paperloft/evidence/checkouts/p2-checkpoint7a86/Packages/PaperloftKit/Sources/PaperloftKit/Money.swift /Users/builder/Factory/paperloft/evidence/checkouts/p2-checkpoint7a86/Packages/PaperloftKit/Sources/PaperloftKit/Receipt.swift /Users/builder/Factory/paperloft/evidence/checkouts/p2-checkpoint7a86/Packages/PaperloftKit/Sources/PaperloftKit/ReceiptEngine.swift /Users/builder/Factory/paperloft/evidence/checkouts/p2-checkpoint7a86/Packages/PaperloftKit/Sources/PaperloftKit/ReceiptIndex.swift /Users/builder/Factory/paperloft/evidence/checkouts/p2-checkpoint7a86/Packages/PaperloftKit/Sources/PaperloftKit/Recognize.swift /Users/builder/Factory/paperloft/evidence/checkouts/p2-checkpoint7a86/Packages/PaperloftKit/Sources/PaperloftKit/TextLayout.swift /Applications/Xcode.app/Contents/Developer/Toolchains/XcodeDefault.xctoolchain/usr/lib/swift/macosx/prebuilt-modules/27.0/AVFAudio.swiftmodule/arm64e-apple-macos.swiftmodule /Applications/Xcode.app/Contents/Developer/Toolchains/XcodeDefault.xctoolchain/usr/lib/swift/macosx/prebuilt-modules/27.0/Vision.swiftmodule/arm64e-apple-macos.swiftmodule /Applications/Xcode.app/Contents/Developer/Toolchains/XcodeDefault.xctoolchain/usr/lib/swift/macosx/prebuilt-modules/27.0/simd.swiftmodule/arm64e-apple-macos.swiftmodule /Applications/Xcode.app/Contents/Developer/Toolchains/XcodeDefault.xctoolchain/usr/lib/swift/macosx/prebuilt-modules/27.0/IOKit.swiftmodule/arm64e-apple-macos.swiftmodule /Applications/Xcode.app/Contents/Developer/Toolchains/XcodeDefault.xctoolchain/usr/lib/swift/macosx/prebuilt-modules/27.0/Foundation.swiftmodule/arm64e-apple-macos.swiftmodule /Applications/Xcode.app/Contents/Developer/Toolchains/XcodeDefault.xctoolchain/usr/lib/swift/macosx/prebuilt-modules/27.0/AVFoundation.swiftmodule/arm64e-apple-macos.swiftmodule /Applications/Xcode.app/Contents/Developer/Toolchains/XcodeDefault.xctoolchain/usr/lib/swift/macosx/prebuilt-modules/27.0/Dispatch.swiftmodule/arm64e-apple-macos.swiftmodule /Applications/Xcode.app/Contents/Developer/Toolchains/XcodeDefault.xctoolchain/usr/lib/swift/macosx/prebuilt-modules/27.0/CoreAudio.swiftmodule/arm64e-apple-macos.swiftmodule /Applications/Xcode.app/Contents/Developer/Toolchains/XcodeDefault.xctoolchain/usr/lib/swift/macosx/prebuilt-modules/27.0/FoundationModels.swiftmodule/arm64e-apple-macos.swiftmodule /Applications/Xcode.app/Contents/Developer/Toolchains/XcodeDefault.xctoolchain/usr/lib/swift/macosx/prebuilt-modules/27.0/DataDetection.swiftmodule/arm64e-apple-macos.swiftmodule /Applications/Xcode.app/Contents/Developer/Toolchains/XcodeDefault.xctoolchain/usr/lib/swift/macosx/prebuilt-modules/27.0/Darwin.swiftmodule/arm64e-apple-macos.swiftmodule /Applications/Xcode.app/Contents/Developer/Toolchains/XcodeDefault.xctoolchain/usr/lib/swift/macosx/prebuilt-modules/27.0/CoreVideo.swiftmodule/arm64e-apple-macos.swiftmodule /Applications/Xcode.app/Contents/Developer/Toolchains/XcodeDefault.xctoolchain/usr/lib/swift/macosx/prebuilt-modules/27.0/CryptoKit.swiftmodule/arm64e-apple-macos.swiftmodule /Applications/Xcode.app/Contents/Developer/Toolchains/XcodeDefault.xctoolchain/usr/lib/swift/macosx/prebuilt-modules/27.0/Combine.swiftmodule/arm64e-apple-macos.swiftmodule /Applications/Xcode.app/Contents/Developer/Toolchains/XcodeDefault.xctoolchain/usr/lib/swift/macosx/prebuilt-modules/27.0/Metal.swiftmodule/arm64e-apple-macos.swiftmodule /Applications/Xcode.app/Contents/Developer/Toolchains/XcodeDefault.xctoolchain/usr/lib/swift/macosx/prebuilt-modules/27.0/_Builtin_float.swiftmodule/arm64e-apple-macos.swiftmodule /Applications/Xcode.app/Contents/Developer/Toolchains/XcodeDefault.xctoolchain/usr/lib/swift/macosx/prebuilt-modules/27.0/Observation.swiftmodule/arm64e-apple-macos.swiftmodule /Applications/Xcode.app/Contents/Developer/Toolchains/XcodeDefault.xctoolchain/usr/lib/swift/macosx/prebuilt-modules/27.0/_DarwinFoundation3.swiftmodule/arm64e-apple-macos.swiftmodule /Applications/Xcode.app/Contents/Developer/Toolchains/XcodeDefault.xctoolchain/usr/lib/swift/macosx/prebuilt-modules/27.0/_DarwinFoundation2.swiftmodule/arm64e-apple-macos.swiftmodule /Applications/Xcode.app/Contents/Developer/Toolchains/XcodeDefault.xctoolchain/usr/lib/swift/macosx/prebuilt-modules/27.0/AudioToolbox.swiftmodule/arm64e-apple-macos.swiftmodule /Applications/Xcode.app/Contents/Developer/Toolchains/XcodeDefault.xctoolchain/usr/lib/swift/macosx/prebuilt-modules/27.0/Accelerate.swiftmodule/arm64e-apple-macos.swiftmodule /Applications/Xcode.app/Contents/Developer/Toolchains/XcodeDefault.xctoolchain/usr/lib/swift/macosx/prebuilt-modules/27.0/ImageIO.swiftmodule/arm64e-apple-macos.swiftmodule /Applications/Xcode.app/Contents/Developer/Toolchains/XcodeDefault.xctoolchain/usr/lib/swift/macosx/prebuilt-modules/27.0/_Concurrency.swiftmodule/arm64e-apple-macos.swiftmodule /Applications/Xcode.app/Contents/Developer/Toolchains/XcodeDefault.xctoolchain/usr/lib/swift/macosx/prebuilt-modules/27.0/Synchronization.swiftmodule/arm64e-apple-macos.swiftmodule /Applications/Xcode.app/Contents/Developer/Toolchains/XcodeDefault.xctoolchain/usr/lib/swift/macosx/prebuilt-modules/27.0/CoreImage.swiftmodule/arm64e-apple-macos.swiftmodule /Applications/Xcode.app/Contents/Developer/Toolchains/XcodeDefault.xctoolchain/usr/lib/swift/macosx/prebuilt-modules/27.0/_DarwinFoundation1.swiftmodule/arm64e-apple-macos.swiftmodule /Applications/Xcode.app/Contents/Developer/Toolchains/XcodeDefault.xctoolchain/usr/lib/swift/macosx/prebuilt-modules/27.0/UniformTypeIdentifiers.swiftmodule/arm64e-apple-macos.swiftmodule /Applications/Xcode.app/Contents/Developer/Toolchains/XcodeDefault.xctoolchain/usr/lib/swift/macosx/prebuilt-modules/27.0/System.swiftmodule/arm64e-apple-macos.swiftmodule /Applications/Xcode.app/Contents/Developer/Toolchains/XcodeDefault.xctoolchain/usr/lib/swift/macosx/prebuilt-modules/27.0/CoreGraphics.swiftmodule/arm64e-apple-macos.swiftmodule /Applications/Xcode.app/Contents/Developer/Toolchains/XcodeDefault.xctoolchain/usr/lib/swift/macosx/prebuilt-modules/27.0/MediaToolbox.swiftmodule/arm64e-apple-macos.swiftmodule /Applications/Xcode.app/Contents/Developer/Toolchains/XcodeDefault.xctoolchain/usr/lib/swift/macosx/prebuilt-modules/27.0/XPC.swiftmodule/arm64e-apple-macos.swiftmodule /Applications/Xcode.app/Contents/Developer/Toolchains/XcodeDefault.xctoolchain/usr/lib/swift/macosx/prebuilt-modules/27.0/CoreMIDI.swiftmodule/arm64e-apple-macos.swiftmodule /Applications/Xcode.app/Contents/Developer/Toolchains/XcodeDefault.xctoolchain/usr/lib/swift/macosx/prebuilt-modules/27.0/Swift.swiftmodule/arm64e-apple-macos.swiftmodule /Applications/Xcode.app/Contents/Developer/Toolchains/XcodeDefault.xctoolchain/usr/lib/swift/macosx/prebuilt-modules/27.0/QuartzCore.swiftmodule/arm64e-apple-macos.swiftmodule /Applications/Xcode.app/Contents/Developer/Toolchains/XcodeDefault.xctoolchain/usr/lib/swift/macosx/prebuilt-modules/27.0/_StringProcessing.swiftmodule/arm64e-apple-macos.swiftmodule /Applications/Xcode.app/Contents/Developer/Toolchains/XcodeDefault.xctoolchain/usr/lib/swift/macosx/prebuilt-modules/27.0/Compression.swiftmodule/arm64e-apple-macos.swiftmodule /Applications/Xcode.app/Contents/Developer/Toolchains/XcodeDefault.xctoolchain/usr/lib/swift/macosx/prebuilt-modules/27.0/CoreMedia.swiftmodule/arm64e-apple-macos.swiftmodule /Applications/Xcode.app/Contents/Developer/Toolchains/XcodeDefault.xctoolchain/usr/lib/swift/macosx/prebuilt-modules/27.0/CoreFoundation.swiftmodule/arm64e-apple-macos.swiftmodule /Applications/Xcode.app/Contents/Developer/Toolchains/XcodeDefault.xctoolchain/usr/lib/swift/macosx/prebuilt-modules/27.0/VideoToolbox.swiftmodule/arm64e-apple-macos.swiftmodule /Applications/Xcode.app/Contents/Developer/Toolchains/XcodeDefault.xctoolchain/usr/lib/swift/macosx/prebuilt-modules/27.0/os.swiftmodule/arm64e-apple-macos.swiftmodule /Applications/Xcode.app/Contents/Developer/Toolchains/XcodeDefault.xctoolchain/usr/lib/swift/macosx/prebuilt-modules/27.0/ObjectiveC.swiftmodule/arm64e-apple-macos.swiftmodule /Applications/Xcode.app/Contents/Developer/Toolchains/XcodeDefault.xctoolchain/usr/lib/swift/macosx/prebuilt-modules/27.0/SwiftData.swiftmodule/arm64e-apple-macos.swiftmodule /Applications/Xcode.app/Contents/Developer/Toolchains/XcodeDefault.xctoolchain/usr/lib/swift/macosx/prebuilt-modules/27.0/CoreML.swiftmodule/arm64e-apple-macos.swiftmodule /Applications/Xcode.app/Contents/Developer/Toolchains/XcodeDefault.xctoolchain/usr/lib/swift/macosx/prebuilt-modules/27.0/LocalAuthentication.swiftmodule/arm64e-apple-macos.swiftmodule /Users/builder/Factory/paperloft/evidence/checkouts/p2-checkpoint7a86/build/DerivedData/SDKExplicitPrecompiledModules/_Builtin_inttypes-476VF401AKR64L2HFCX8ZY9P1.pcm /Users/builder/Factory/paperloft/evidence/checkouts/p2-checkpoint7a86/build/DerivedData/SDKExplicitPrecompiledModules/Metal-3TFG6M3KMUW8C6HC5EQAK3RSI.pcm /Users/builder/Factory/paperloft/evidence/checkouts/p2-checkpoint7a86/build/DerivedData/SDKExplicitPrecompiledModules/_Builtin_stdint-F0IRSZIO77IXKP4RMJLMYGGL6.pcm /Users/builder/Factory/paperloft/evidence/checkouts/p2-checkpoint7a86/build/DerivedData/SDKExplicitPrecompiledModules/sys_types-153J5OBVJ45V60PHZ8PFKBDRT.pcm /Users/builder/Factory/paperloft/evidence/checkouts/p2-checkpoint7a86/build/DerivedData/SDKExplicitPrecompiledModules/IOKit-72XYEKHRXU17SGHFK1GVE1TY3.pcm /Users/builder/Factory/paperloft/evidence/checkouts/p2-checkpoint7a86/build/DerivedData/SDKExplicitPrecompiledModules/AVFoundation-77P6KX3BFV55NIZ5FUW3JMHN7.pcm /Users/builder/Factory/paperloft/evidence/checkouts/p2-checkpoint7a86/build/DerivedData/SDKExplicitPrecompiledModules/CoreMIDI-6DR10ZFAYTFK434FBLCG9SFVY.pcm /Users/builder/Factory/paperloft/evidence/checkouts/p2-checkpoint7a86/build/DerivedData/SDKExplicitPrecompiledModules/_AvailabilityInternal-4N3RKJ991W3RYGPZZ23K2TKU3.pcm /Users/builder/Factory/paperloft/evidence/checkouts/p2-checkpoint7a86/build/DerivedData/SDKExplicitPrecompiledModules/VideoToolbox-17VNDODJ4F53J39M24RJOFBA8.pcm /Users/builder/Factory/paperloft/evidence/checkouts/p2-checkpoint7a86/build/DerivedData/SDKExplicitPrecompiledModules/simd-3XBZGWGC0EQRGPTJVLVL3HM2A.pcm /Users/builder/Factory/paperloft/evidence/checkouts/p2-checkpoint7a86/build/DerivedData/SDKExplicitPrecompiledModules/DataDetection-KRT8XQ04T3GIEGCAD0THR4MH.pcm /Users/builder/Factory/paperloft/evidence/checkouts/p2-checkpoint7a86/build/DerivedData/SDKExplicitPrecompiledModules/os-1GLXQII5A630EHQCS72DQGEYK.pcm /Users/builder/Factory/paperloft/evidence/checkouts/p2-checkpoint7a86/build/DerivedData/SDKExplicitPrecompiledModules/Carbon-D73LKQ2Y4Z0QB5WKAEKDIYYP7.pcm /Users/builder/Factory/paperloft/evidence/checkouts/p2-checkpoint7a86/build/DerivedData/SDKExplicitPrecompiledModules/_Builtin_stdarg-CVBT8D5EU8SXJ5UJF56WU7Q19.pcm /Users/builder/Factory/paperloft/evidence/checkouts/p2-checkpoint7a86/build/DerivedData/SDKExplicitPrecompiledModules/_Builtin_intrinsics-1HB9X0CLALQKY3NT6N847T87F.pcm /Users/builder/Factory/paperloft/evidence/checkouts/p2-checkpoint7a86/build/DerivedData/SDKExplicitPrecompiledModules/ImageIO-38K0OKYWTGCYZ8IVKB0WTCGXH.pcm /Users/builder/Factory/paperloft/evidence/checkouts/p2-checkpoint7a86/build/DerivedData/SDKExplicitPrecompiledModules/ObjectiveC-7Y2CGWS55H3934333I99LYQTE.pcm /Users/builder/Factory/paperloft/evidence/checkouts/p2-checkpoint7a86/build/DerivedData/SDKExplicitPrecompiledModules/ptrcheck-39C28LQO62TRVZ9FWZ2VOI9M5.pcm /Users/builder/Factory/paperloft/evidence/checkouts/p2-checkpoint7a86/build/DerivedData/SDKExplicitPrecompiledModules/_Builtin_tgmath-7PIXCJ8YBWSLUZSCBECMM159L.pcm /Users/builder/Factory/paperloft/evidence/checkouts/p2-checkpoint7a86/build/DerivedData/SDKExplicitPrecompiledModules/_Builtin_limits-6FC62N4GLL65M7NKS9UWP48QF.pcm /Users/builder/Factory/paperloft/evidence/checkouts/p2-checkpoint7a86/build/DerivedData/SDKExplicitPrecompiledModules/CFNetwork-AFSW0AYZDDXDAZ649CEL0BRDV.pcm /Users/builder/Factory/paperloft/evidence/checkouts/p2-checkpoint7a86/build/DerivedData/SDKExplicitPrecompiledModules/Accelerate-7HTZTKOYE6QH1L4JQ7ZQE32YK.pcm /Users/builder/Factory/paperloft/evidence/checkouts/p2-checkpoint7a86/build/DerivedData/SDKExplicitPrecompiledModules/_DarwinFoundation3-NC3DPLQ0VC6WTKF4DJHA04MT.pcm /Users/builder/Factory/paperloft/evidence/checkouts/p2-checkpoint7a86/build/DerivedData/SDKExplicitPrecompiledModules/string_h-3LSK6MS31SPDAYM06D0FX5X2A.pcm /Users/builder/Factory/paperloft/evidence/checkouts/p2-checkpoint7a86/build/DerivedData/SDKExplicitPrecompiledModules/UniformTypeIdentifiers-17IWC82QW7ILOKZNGMZ6X7JW2.pcm /Users/builder/Factory/paperloft/evidence/checkouts/p2-checkpoint7a86/build/DerivedData/SDKExplicitPrecompiledModules/SwiftShims-1C2PI9KRICD5JHRFJX4GT7EQG.pcm /Users/builder/Factory/paperloft/evidence/checkouts/p2-checkpoint7a86/build/DerivedData/SDKExplicitPrecompiledModules/CoreServices-DMFR47CW9B59S3R6VEA3H4MYY.pcm /Users/builder/Factory/paperloft/evidence/checkouts/p2-checkpoint7a86/build/DerivedData/SDKExplicitPrecompiledModules/CoreImage-1D60XT789H1AURDVJHQI64N27.pcm /Users/builder/Factory/paperloft/evidence/checkouts/p2-checkpoint7a86/build/DerivedData/SDKExplicitPrecompiledModules/OpenGL-16E0ORT5S2JBDQTSATUU9RQK0.pcm /Users/builder/Factory/paperloft/evidence/checkouts/p2-checkpoint7a86/build/DerivedData/SDKExplicitPrecompiledModules/CoreMedia-DGLN1RN36GVELSAX6ALH93AJ4.pcm /Users/builder/Factory/paperloft/evidence/checkouts/p2-checkpoint7a86/build/DerivedData/SDKExplicitPrecompiledModules/ptrauth-E69EY6HDKDPN4P31KD1Y6XK3W.pcm /Users/builder/Factory/paperloft/evidence/checkouts/p2-checkpoint7a86/build/DerivedData/SDKExplicitPrecompiledModules/CoreML-2ZYDD7GXVRNHXWMUCDYP3S1TN.pcm /Users/builder/Factory/paperloft/evidence/checkouts/p2-checkpoint7a86/build/DerivedData/SDKExplicitPrecompiledModules/AudioToolbox-4AORE1YFCE1MLXTSPXANFU4MO.pcm /Users/builder/Factory/paperloft/evidence/checkouts/p2-checkpoint7a86/build/DerivedData/SDKExplicitPrecompiledModules/_Builtin_stdbool-1BCPX8C1QU4J47AX3652RSHB2.pcm /Users/builder/Factory/paperloft/evidence/checkouts/p2-checkpoint7a86/build/DerivedData/SDKExplicitPrecompiledModules/QuartzCore-OZPQS096FNGP2IG0IOHG8PCJ.pcm /Users/builder/Factory/paperloft/evidence/checkouts/p2-checkpoint7a86/build/DerivedData/SDKExplicitPrecompiledModules/os_object-CGK5GJDCZTYO046ONO2QY14HO.pcm /Users/builder/Factory/paperloft/evidence/checkouts/p2-checkpoint7a86/build/DerivedData/SDKExplicitPrecompiledModules/CoreText-955469B7SCM6DQ4Z9PU1RX6CO.pcm /Users/builder/Factory/paperloft/evidence/checkouts/p2-checkpoint7a86/build/DerivedData/SDKExplicitPrecompiledModules/CUPS-B6HDDE66WC8CNS9JZSRNUVL3D.pcm /Users/builder/Factory/paperloft/evidence/checkouts/p2-checkpoint7a86/build/DerivedData/SDKExplicitPrecompiledModules/ColorSync-9R5INVJAVIX5IAQ8U1WIO1L2J.pcm /Users/builder/Factory/paperloft/evidence/checkouts/p2-checkpoint7a86/build/DerivedData/SDKExplicitPrecompiledModules/libDER-2DH343F99KP727P0VZO2QVHXJ.pcm /Users/builder/Factory/paperloft/evidence/checkouts/p2-checkpoint7a86/build/DerivedData/SDKExplicitPrecompiledModules/_DarwinFoundation2-4ZOO8GADGPYXBPMFEKNCXG4HY.pcm /Users/builder/Factory/paperloft/evidence/checkouts/p2-checkpoint7a86/build/DerivedData/SDKExplicitPrecompiledModules/Vision-74VZV57TFWR1E6SW08X8XE2IJ.pcm /Users/builder/Factory/paperloft/evidence/checkouts/p2-checkpoint7a86/build/DerivedData/SDKExplicitPrecompiledModules/Darwin-B87KXJME90BTZN8B91QL9CI5K.pcm /Users/builder/Factory/paperloft/evidence/checkouts/p2-checkpoint7a86/build/DerivedData/SDKExplicitPrecompiledModules/os_workgroup-HEAC8H017X8L6G20YXAQE6E.pcm /Users/builder/Factory/paperloft/evidence/checkouts/p2-checkpoint7a86/build/DerivedData/SDKExplicitPrecompiledModules/CoreGraphics-APKYCM2CMPPFMF8DPRIIDTND0.pcm /Users/builder/Factory/paperloft/evidence/checkouts/p2-checkpoint7a86/build/DerivedData/SDKExplicitPrecompiledModules/_Builtin_stdatomic-1MSBFM4GB3MWN97M52R910JVC.pcm /Users/builder/Factory/paperloft/evidence/checkouts/p2-checkpoint7a86/build/DerivedData/SDKExplicitPrecompiledModules/Compression-3CCPBH8T8HSFLDFI0ALQF42IM.pcm /Users/builder/Factory/paperloft/evidence/checkouts/p2-checkpoint7a86/build/DerivedData/SDKExplicitPrecompiledModules/IOSurface-8O90U87JXKN8WRTC6RAONSMXR.pcm /Users/builder/Factory/paperloft/evidence/checkouts/p2-checkpoint7a86/build/DerivedData/SDKExplicitPrecompiledModules/_SwiftConcurrencyShims-4EFPIWZFE380ZW4PE1LZSV8E5.pcm /Users/builder/Factory/paperloft/evidence/checkouts/p2-checkpoint7a86/build/DerivedData/SDKExplicitPrecompiledModules/Security-3U6LOH73B2JDHHE5VGHJW0I3B.pcm /Users/builder/Factory/paperloft/evidence/checkouts/p2-checkpoint7a86/build/DerivedData/SDKExplicitPrecompiledModules/CoreAudioTypes-D5OP6DR7DXUDSOFS0JWGMF3YI.pcm /Users/builder/Factory/paperloft/evidence/checkouts/p2-checkpoint7a86/build/DerivedData/SDKExplicitPrecompiledModules/launch-CX6KL9XCIOASKSPI6ISS3YHTU.pcm /Users/builder/Factory/paperloft/evidence/checkouts/p2-checkpoint7a86/build/DerivedData/SDKExplicitPrecompiledModules/AVFAudio-8OFMK8MAYV7IZTF4Y20UW9V68.pcm /Users/builder/Factory/paperloft/evidence/checkouts/p2-checkpoint7a86/build/DerivedData/SDKExplicitPrecompiledModules/libkern-AXXDZ7FZMZA4LE5BKDBYIQEC6.pcm /Users/builder/Factory/paperloft/evidence/checkouts/p2-checkpoint7a86/build/DerivedData/SDKExplicitPrecompiledModules/_Builtin_float-AL4ZJ7JIPI737SRTJ9URR4502.pcm /Users/builder/Factory/paperloft/evidence/checkouts/p2-checkpoint7a86/build/DerivedData/SDKExplicitPrecompiledModules/Dispatch-8WI6NH4NXOP4H98PEBM4XIKEO.pcm /Users/builder/Factory/paperloft/evidence/checkouts/p2-checkpoint7a86/build/DerivedData/SDKExplicitPrecompiledModules/DiskArbitration-B9NAFW5JYCT3O5FD55HQND4SH.pcm /Users/builder/Factory/paperloft/evidence/checkouts/p2-checkpoint7a86/build/DerivedData/SDKExplicitPrecompiledModules/CoreAudio-33TDU667DVCU0NVR5A2C25O2W.pcm /Users/builder/Factory/paperloft/evidence/checkouts/p2-checkpoint7a86/build/DerivedData/SDKExplicitPrecompiledModules/_Builtin_stddef-BR2GY93P6Y7S3KPK6P2BF9QH.pcm /Users/builder/Factory/paperloft/evidence/checkouts/p2-checkpoint7a86/build/DerivedData/SDKExplicitPrecompiledModules/Foundation-A3LL14O08DP80EA5YA7RPOI4W.pcm /Users/builder/Factory/paperloft/evidence/checkouts/p2-checkpoint7a86/build/DerivedData/SDKExplicitPrecompiledModules/LocalAuthentication-DZZEFEPE357RN1BCI3C4M4LP6.pcm /Users/builder/Factory/paperloft/evidence/checkouts/p2-checkpoint7a86/build/DerivedData/SDKExplicitPrecompiledModules/CoreVideo-3WWDUAC0MLD7J8OBI3RAJNJ9C.pcm /Users/builder/Factory/paperloft/evidence/checkouts/p2-checkpoint7a86/build/DerivedData/SDKExplicitPrecompiledModules/MediaToolbox-DL9IKO9ZT21DIVL8C2WUDNMA5.pcm /Users/builder/Factory/paperloft/evidence/checkouts/p2-checkpoint7a86/build/DerivedData/SDKExplicitPrecompiledModules/MachO-5UY4M3S2ZZ69WLGBULH6MH4QN.pcm /Users/builder/Factory/paperloft/evidence/checkouts/p2-checkpoint7a86/build/DerivedData/SDKExplicitPrecompiledModules/XPC-BXX3UC5KQFXDDQ1QZYU14H91X.pcm /Users/builder/Factory/paperloft/evidence/checkouts/p2-checkpoint7a86/build/DerivedData/SDKExplicitPrecompiledModules/_DarwinFoundation1-76WA3XDI9JTX4NYLGZYGGIEC3.pcm /Users/builder/Factory/paperloft/evidence/checkouts/p2-checkpoint7a86/build/DerivedData/SDKExplicitPrecompiledModules/CoreFoundation-CA7TT6BPIOEQKQAN18HPNPBQK.pcm /Users/builder/Factory/paperloft/evidence/checkouts/p2-checkpoint7a86/build/DerivedData/SDKExplicitPrecompiledModules/ApplicationServices-AS4KBFZ97XE9WQB357LNSD3H5.pcm /Users/builder/Factory/paperloft/evidence/checkouts/p2-checkpoint7a86/build/DerivedData/Build/Intermediates.noindex/PaperloftKit.build/Release/PaperloftKit-t.build/Objects-normal/arm64/PaperloftKit-dependencies-1.json (in target 'PaperloftKit' from project 'PaperloftKit')

SwiftCompile normal arm64 (in target 'PaperloftKit' from project 'PaperloftKit')
    cd /Users/builder/Factory/paperloft/evidence/checkouts/p2-checkpoint7a86/Paperloft.xcodeproj
    

SwiftDriverJobDiscovery normal arm64 Compiling Assessment.swift, Extraction.swift, LibraryAccess.swift, LibraryFiles.swift, LibraryStore.swift, Money.swift, Receipt.swift, ReceiptEngine.swift, ReceiptIndex.swift, Recognize.swift, TextLayout.swift (in target 'PaperloftKit' from project 'PaperloftKit')

SwiftDriver\ Compilation\ Requirements PaperloftKit normal arm64 com.apple.xcode.tools.swift.compiler (in target 'PaperloftKit' from project 'PaperloftKit')
    cd /Users/builder/Factory/paperloft/evidence/checkouts/p2-checkpoint7a86/Paperloft.xcodeproj
    builtin-Swift-Compilation-Requirements -- /Applications/Xcode.app/Contents/Developer/Toolchains/XcodeDefault.xctoolchain/usr/bin/swiftc -parse-as-library -module-name PaperloftKit -O -whole-module-optimization @/Users/builder/Factory/paperloft/evidence/checkouts/p2-checkpoint7a86/build/DerivedData/Build/Intermediates.noindex/PaperloftKit.build/Release/PaperloftKit-t.build/Objects-normal/arm64/PaperloftKit.SwiftFileList -DSWIFT_PACKAGE -DSWIFT_MODULE_RESOURCE_BUNDLE_UNAVAILABLE -DXcode -plugin-path /Applications/Xcode.app/Contents/Developer/Toolchains/XcodeDefault.xctoolchain/usr/lib/swift/host/plugins/testing -enable-experimental-feature DebugDescriptionMacro -sdk /Applications/Xcode.app/Contents/Developer/Platforms/MacOSX.platform/Developer/SDKs/MacOSX27.0.sdk -target arm64-apple-macos27.0 -g -module-cache-path /Users/builder/Factory/paperloft/evidence/checkouts/p2-checkpoint7a86/build/DerivedData/ModuleCache.noindex -Xfrontend -serialize-debugging-options -profile-coverage-mapping -profile-generate -warnings-as-errors -swift-version 6 -I /Users/builder/Factory/paperloft/evidence/checkouts/p2-checkpoint7a86/build/DerivedData/Build/Products/Release -Isystem /Applications/Xcode.app/Contents/Developer/Platforms/MacOSX.platform/Developer/usr/lib -F /Users/builder/Factory/paperloft/evidence/checkouts/p2-checkpoint7a86/build/DerivedData/Build/Products/Release -F /Applications/Xcode.app/Contents/Developer/Platforms/MacOSX.platform/Developer/Library/Frameworks -c -num-threads 10 -Xcc -ivfsstatcache -Xcc /Users/builder/Factory/paperloft/evidence/checkouts/p2-checkpoint7a86/build/DerivedData/SDKStatCaches.noindex/macosx27.0-26A425-7231f6df4def33e022ae2eb8f782df1a.sdkstatcache -output-file-map /Users/builder/Factory/paperloft/evidence/checkouts/p2-checkpoint7a86/build/DerivedData/Build/Intermediates.noindex/PaperloftKit.build/Release/PaperloftKit-t.build/Objects-normal/arm64/PaperloftKit-OutputFileMap.json -save-temps -no-color-diagnostics -explicit-module-build -module-cache-path /Users/builder/Factory/paperloft/evidence/checkouts/p2-checkpoint7a86/build/DerivedData/Build/Intermediates.noindex/SwiftExplicitPrecompiledModules -clang-scanner-module-cache-path /Users/builder/Factory/paperloft/evidence/checkouts/p2-checkpoint7a86/build/DerivedData/ModuleCache.noindex -sdk-module-cache-path /Users/builder/Factory/paperloft/evidence/checkouts/p2-checkpoint7a86/build/DerivedData/SDKExplicitPrecompiledModules -emit-dependencies -emit-module -emit-module-path /Users/builder/Factory/paperloft/evidence/checkouts/p2-checkpoint7a86/build/DerivedData/Build/Intermediates.noindex/PaperloftKit.build/Release/PaperloftKit-t.build/Objects-normal/arm64/PaperloftKit.swiftmodule -serialize-diagnostics -dependency-scan-serialize-diagnostics-path /Users/builder/Factory/paperloft/evidence/checkouts/p2-checkpoint7a86/build/DerivedData/Build/Intermediates.noindex/PaperloftKit.build/Release/PaperloftKit-t.build/Objects-normal/arm64/PaperloftKit-dependency-scan.dia -validate-clang-modules-once -clang-build-session-file /Users/builder/Factory/paperloft/evidence/checkouts/p2-checkpoint7a86/build/DerivedData/ModuleCache.noindex/Session.modulevalidation -Xcc -fmodules-prune-interval\=86400 -Xcc -fmodules-prune-after\=345600 -package-name paperloftkit -emit-const-values -const-gather-protocols-list /Users/builder/Factory/paperloft/evidence/checkouts/p2-checkpoint7a86/build/DerivedData/Build/Intermediates.noindex/PaperloftKit.build/Release/PaperloftKit-t.build/Objects-normal/arm64/PaperloftKit_const_extract_protocols.json -Xcc -I/Users/builder/Factory/paperloft/evidence/checkouts/p2-checkpoint7a86/build/DerivedData/Build/Products/Release/include -Xcc -I/Users/builder/Factory/paperloft/evidence/checkouts/p2-checkpoint7a86/build/DerivedData/Build/Intermediates.noindex/PaperloftKit.build/Release/PaperloftKit-t.build/DerivedSources-normal/arm64 -Xcc -I/Users/builder/Factory/paperloft/evidence/checkouts/p2-checkpoint7a86/build/DerivedData/Build/Intermediates.noindex/PaperloftKit.build/Release/PaperloftKit-t.build/DerivedSources/arm64 -Xcc -I/Users/builder/Factory/paperloft/evidence/checkouts/p2-checkpoint7a86/build/DerivedData/Build/Intermediates.noindex/PaperloftKit.build/Release/PaperloftKit-t.build/DerivedSources -Xcc -DSWIFT_PACKAGE -emit-objc-header -emit-objc-header-path /Users/builder/Factory/paperloft/evidence/checkouts/p2-checkpoint7a86/build/DerivedData/Build/Intermediates.noindex/PaperloftKit.build/Release/PaperloftKit-t.build/Objects-normal/arm64/PaperloftKit-Swift.h -working-directory /Users/builder/Factory/paperloft/evidence/checkouts/p2-checkpoint7a86/Paperloft.xcodeproj -no-emit-module-separately-wmo

SwiftMergeGeneratedHeaders /Users/builder/Factory/paperloft/evidence/checkouts/p2-checkpoint7a86/build/DerivedData/Build/Intermediates.noindex/GeneratedModuleMaps/PaperloftKit-Swift.h /Users/builder/Factory/paperloft/evidence/checkouts/p2-checkpoint7a86/build/DerivedData/Build/Intermediates.noindex/PaperloftKit.build/Release/PaperloftKit-t.build/Objects-normal/arm64/PaperloftKit-Swift.h (in target 'PaperloftKit' from project 'PaperloftKit')
    cd /Users/builder/Factory/paperloft/evidence/checkouts/p2-checkpoint7a86/Packages/PaperloftKit
    builtin-swiftHeaderTool -arch arm64 /Users/builder/Factory/paperloft/evidence/checkouts/p2-checkpoint7a86/build/DerivedData/Build/Intermediates.noindex/PaperloftKit.build/Release/PaperloftKit-t.build/Objects-normal/arm64/PaperloftKit-Swift.h -o /Users/builder/Factory/paperloft/evidence/checkouts/p2-checkpoint7a86/build/DerivedData/Build/Intermediates.noindex/GeneratedModuleMaps/PaperloftKit-Swift.h

Copy /Users/builder/Factory/paperloft/evidence/checkouts/p2-checkpoint7a86/build/DerivedData/Build/Products/Release/PaperloftKit.swiftmodule/arm64-apple-macos.swiftdoc /Users/builder/Factory/paperloft/evidence/checkouts/p2-checkpoint7a86/build/DerivedData/Build/Intermediates.noindex/PaperloftKit.build/Release/PaperloftKit-t.build/Objects-normal/arm64/PaperloftKit.swiftdoc (in target 'PaperloftKit' from project 'PaperloftKit')
    cd /Users/builder/Factory/paperloft/evidence/checkouts/p2-checkpoint7a86/Packages/PaperloftKit
    builtin-copy -exclude .DS_Store -exclude CVS -exclude .svn -exclude .git -exclude .hg -strip-unsigned-binaries -strip-deterministic -strip-tool /Applications/Xcode.app/Contents/Developer/Toolchains/XcodeDefault.xctoolchain/usr/bin/strip -resolve-src-symlinks -rename /Users/builder/Factory/paperloft/evidence/checkouts/p2-checkpoint7a86/build/DerivedData/Build/Intermediates.noindex/PaperloftKit.build/Release/PaperloftKit-t.build/Objects-normal/arm64/PaperloftKit.swiftdoc /Users/builder/Factory/paperloft/evidence/checkouts/p2-checkpoint7a86/build/DerivedData/Build/Products/Release/PaperloftKit.swiftmodule/arm64-apple-macos.swiftdoc

Copy /Users/builder/Factory/paperloft/evidence/checkouts/p2-checkpoint7a86/build/DerivedData/Build/Products/Release/PaperloftKit.swiftmodule/arm64-apple-macos.abi.json /Users/builder/Factory/paperloft/evidence/checkouts/p2-checkpoint7a86/build/DerivedData/Build/Intermediates.noindex/PaperloftKit.build/Release/PaperloftKit-t.build/Objects-normal/arm64/PaperloftKit.abi.json (in target 'PaperloftKit' from project 'PaperloftKit')
    cd /Users/builder/Factory/paperloft/evidence/checkouts/p2-checkpoint7a86/Packages/PaperloftKit
    builtin-copy -exclude .DS_Store -exclude CVS -exclude .svn -exclude .git -exclude .hg -strip-unsigned-binaries -strip-deterministic -strip-tool /Applications/Xcode.app/Contents/Developer/Toolchains/XcodeDefault.xctoolchain/usr/bin/strip -resolve-src-symlinks -rename /Users/builder/Factory/paperloft/evidence/checkouts/p2-checkpoint7a86/build/DerivedData/Build/Intermediates.noindex/PaperloftKit.build/Release/PaperloftKit-t.build/Objects-normal/arm64/PaperloftKit.abi.json /Users/builder/Factory/paperloft/evidence/checkouts/p2-checkpoint7a86/build/DerivedData/Build/Products/Release/PaperloftKit.swiftmodule/arm64-apple-macos.abi.json

Copy /Users/builder/Factory/paperloft/evidence/checkouts/p2-checkpoint7a86/build/DerivedData/Build/Products/Release/PaperloftKit.swiftmodule/arm64-apple-macos.swiftmodule /Users/builder/Factory/paperloft/evidence/checkouts/p2-checkpoint7a86/build/DerivedData/Build/Intermediates.noindex/PaperloftKit.build/Release/PaperloftKit-t.build/Objects-normal/arm64/PaperloftKit.swiftmodule (in target 'PaperloftKit' from project 'PaperloftKit')
    cd /Users/builder/Factory/paperloft/evidence/checkouts/p2-checkpoint7a86/Packages/PaperloftKit
    builtin-copy -exclude .DS_Store -exclude CVS -exclude .svn -exclude .git -exclude .hg -strip-unsigned-binaries -strip-deterministic -strip-tool /Applications/Xcode.app/Contents/Developer/Toolchains/XcodeDefault.xctoolchain/usr/bin/strip -resolve-src-symlinks -rename /Users/builder/Factory/paperloft/evidence/checkouts/p2-checkpoint7a86/build/DerivedData/Build/Intermediates.noindex/PaperloftKit.build/Release/PaperloftKit-t.build/Objects-normal/arm64/PaperloftKit.swiftmodule /Users/builder/Factory/paperloft/evidence/checkouts/p2-checkpoint7a86/build/DerivedData/Build/Products/Release/PaperloftKit.swiftmodule/arm64-apple-macos.swiftmodule

Ld /Users/builder/Factory/paperloft/evidence/checkouts/p2-checkpoint7a86/build/DerivedData/Build/Products/Release/PaperloftKit.o normal (in target 'PaperloftKit' from project 'PaperloftKit')
    cd /Users/builder/Factory/paperloft/evidence/checkouts/p2-checkpoint7a86/Packages/PaperloftKit
    /Applications/Xcode.app/Contents/Developer/Toolchains/XcodeDefault.xctoolchain/usr/bin/clang -Xlinker -reproducible -target arm64-apple-macos27.0 -r -isysroot /Applications/Xcode.app/Contents/Developer/Platforms/MacOSX.platform/Developer/SDKs/MacOSX27.0.sdk -Os -Xlinker -no_warn_duplicate_libraries -F/Users/builder/Factory/paperloft/evidence/checkouts/p2-checkpoint7a86/build/DerivedData/Build/Intermediates.noindex/EagerLinkingTBDs/Release -F/Users/builder/Factory/paperloft/evidence/checkouts/p2-checkpoint7a86/build/DerivedData/Build/Products/Release -iframework /Applications/Xcode.app/Contents/Developer/Platforms/MacOSX.platform/Developer/Library/Frameworks -filelist /Users/builder/Factory/paperloft/evidence/checkouts/p2-checkpoint7a86/build/DerivedData/Build/Intermediates.noindex/PaperloftKit.build/Release/PaperloftKit-t.build/Objects-normal/arm64/PaperloftKit.LinkFileList -nostdlib -Xlinker -object_path_lto -Xlinker /Users/builder/Factory/paperloft/evidence/checkouts/p2-checkpoint7a86/build/DerivedData/Build/Intermediates.noindex/PaperloftKit.build/Release/PaperloftKit-t.build/Objects-normal/arm64/PaperloftKit_lto.o -Xlinker -debug_variant -Xlinker -dependency_info -Xlinker /Users/builder/Factory/paperloft/evidence/checkouts/p2-checkpoint7a86/build/DerivedData/Build/Intermediates.noindex/PaperloftKit.build/Release/PaperloftKit-t.build/Objects-normal/arm64/PaperloftKit_dependency_info.dat -fobjc-link-runtime -L/Applications/Xcode.app/Contents/Developer/Toolchains/XcodeDefault.xctoolchain/usr/lib/swift/macosx -L/usr/lib/swift -Xlinker -add_ast_path -Xlinker /Users/builder/Factory/paperloft/evidence/checkouts/p2-checkpoint7a86/build/DerivedData/Build/Intermediates.noindex/PaperloftKit.build/Release/PaperloftKit-t.build/Objects-normal/arm64/PaperloftKit.swiftmodule -o /Users/builder/Factory/paperloft/evidence/checkouts/p2-checkpoint7a86/build/DerivedData/Build/Products/Release/PaperloftKit.o

ProcessProductPackaging /Users/builder/Factory/paperloft/evidence/checkouts/p2-checkpoint7a86/Apps/PaperloftApp/Paperloft.entitlements /Users/builder/Factory/paperloft/evidence/checkouts/p2-checkpoint7a86/build/DerivedData/Build/Intermediates.noindex/Paperloft.build/Release/PaperloftApp.build/Paperloft\ Receipts.app.xcent (in target 'PaperloftApp' from project 'Paperloft')
    cd /Users/builder/Factory/paperloft/evidence/checkouts/p2-checkpoint7a86
    
    Entitlements:
    
    {
    "com.apple.security.app-sandbox" = 1;
    "com.apple.security.files.bookmarks.app-scope" = 1;
    "com.apple.security.files.user-selected.read-write" = 1;
    "com.apple.security.get-task-allow" = 1;
}
    
    builtin-productPackagingUtility /Users/builder/Factory/paperloft/evidence/checkouts/p2-checkpoint7a86/Apps/PaperloftApp/Paperloft.entitlements -entitlements -format xml -o /Users/builder/Factory/paperloft/evidence/checkouts/p2-checkpoint7a86/build/DerivedData/Build/Intermediates.noindex/Paperloft.build/Release/PaperloftApp.build/Paperloft\ Receipts.app.xcent

ProcessProductPackagingDER /Users/builder/Factory/paperloft/evidence/checkouts/p2-checkpoint7a86/build/DerivedData/Build/Intermediates.noindex/Paperloft.build/Release/PaperloftApp.build/Paperloft\ Receipts.app.xcent /Users/builder/Factory/paperloft/evidence/checkouts/p2-checkpoint7a86/build/DerivedData/Build/Intermediates.noindex/Paperloft.build/Release/PaperloftApp.build/Paperloft\ Receipts.app.xcent.der (in target 'PaperloftApp' from project 'Paperloft')
    cd /Users/builder/Factory/paperloft/evidence/checkouts/p2-checkpoint7a86
    /usr/bin/derq query -f xml -i /Users/builder/Factory/paperloft/evidence/checkouts/p2-checkpoint7a86/build/DerivedData/Build/Intermediates.noindex/Paperloft.build/Release/PaperloftApp.build/Paperloft\ Receipts.app.xcent -o /Users/builder/Factory/paperloft/evidence/checkouts/p2-checkpoint7a86/build/DerivedData/Build/Intermediates.noindex/Paperloft.build/Release/PaperloftApp.build/Paperloft\ Receipts.app.xcent.der --raw

SwiftDriver PaperloftApp normal arm64 com.apple.xcode.tools.swift.compiler (in target 'PaperloftApp' from project 'Paperloft')
    cd /Users/builder/Factory/paperloft/evidence/checkouts/p2-checkpoint7a86
    builtin-SwiftDriver -- /Applications/Xcode.app/Contents/Developer/Toolchains/XcodeDefault.xctoolchain/usr/bin/swiftc -module-name Paperloft_Receipts -O @/Users/builder/Factory/paperloft/evidence/checkouts/p2-checkpoint7a86/build/DerivedData/Build/Intermediates.noindex/Paperloft.build/Release/PaperloftApp.build/Objects-normal/arm64/Paperloft\ Receipts.SwiftFileList -enable-experimental-feature DebugDescriptionMacro -sdk /Applications/Xcode.app/Contents/Developer/Platforms/MacOSX.platform/Developer/SDKs/MacOSX27.0.sdk -target arm64-apple-macos27.0 -g -module-cache-path /Users/builder/Factory/paperloft/evidence/checkouts/p2-checkpoint7a86/build/DerivedData/ModuleCache.noindex -Xfrontend -serialize-debugging-options -profile-coverage-mapping -profile-generate -warnings-as-errors -swift-version 6 -I /Users/builder/Factory/paperloft/evidence/checkouts/p2-checkpoint7a86/build/DerivedData/Build/Products/Release -F /Users/builder/Factory/paperloft/evidence/checkouts/p2-checkpoint7a86/build/DerivedData/Build/Products/Release/PackageFrameworks -F /Users/builder/Factory/paperloft/evidence/checkouts/p2-checkpoint7a86/build/DerivedData/Build/Products/Release -parse-as-library -c -j10 -enable-batch-mode -incremental -Xcc -ivfsstatcache -Xcc /Users/builder/Factory/paperloft/evidence/checkouts/p2-checkpoint7a86/build/DerivedData/SDKStatCaches.noindex/macosx27.0-26A425-7231f6df4def33e022ae2eb8f782df1a.sdkstatcache -output-file-map /Users/builder/Factory/paperloft/evidence/checkouts/p2-checkpoint7a86/build/DerivedData/Build/Intermediates.noindex/Paperloft.build/Release/PaperloftApp.build/Objects-normal/arm64/PaperloftApp-OutputFileMap.json -save-temps -no-color-diagnostics -explicit-module-build -module-cache-path /Users/builder/Factory/paperloft/evidence/checkouts/p2-checkpoint7a86/build/DerivedData/Build/Intermediates.noindex/SwiftExplicitPrecompiledModules -clang-scanner-module-cache-path /Users/builder/Factory/paperloft/evidence/checkouts/p2-checkpoint7a86/build/DerivedData/ModuleCache.noindex -sdk-module-cache-path /Users/builder/Factory/paperloft/evidence/checkouts/p2-checkpoint7a86/build/DerivedData/SDKExplicitPrecompiledModules -emit-dependencies -emit-module -emit-module-path /Users/builder/Factory/paperloft/evidence/checkouts/p2-checkpoint7a86/build/DerivedData/Build/Intermediates.noindex/Paperloft.build/Release/PaperloftApp.build/Objects-normal/arm64/Paperloft_Receipts.swiftmodule -serialize-diagnostics -dependency-scan-serialize-diagnostics-path /Users/builder/Factory/paperloft/evidence/checkouts/p2-checkpoint7a86/build/DerivedData/Build/Intermediates.noindex/Paperloft.build/Release/PaperloftApp.build/Objects-normal/arm64/Paperloft_Receipts-dependency-scan.dia -validate-clang-modules-once -clang-build-session-file /Users/builder/Factory/paperloft/evidence/checkouts/p2-checkpoint7a86/build/DerivedData/ModuleCache.noindex/Session.modulevalidation -Xcc -fmodules-prune-interval\=86400 -Xcc -fmodules-prune-after\=345600 -emit-const-values -const-gather-protocols-list /Users/builder/Factory/paperloft/evidence/checkouts/p2-checkpoint7a86/build/DerivedData/Build/Intermediates.noindex/Paperloft.build/Release/PaperloftApp.build/Objects-normal/arm64/PaperloftApp_const_extract_protocols.json -Xcc -iquote -Xcc /Users/builder/Factory/paperloft/evidence/checkouts/p2-checkpoint7a86/build/DerivedData/Build/Intermediates.noindex/Paperloft.build/Release/PaperloftApp.build/Paperloft\ Receipts-generated-files.hmap -Xcc -I/Users/builder/Factory/paperloft/evidence/checkouts/p2-checkpoint7a86/build/DerivedData/Build/Intermediates.noindex/Paperloft.build/Release/PaperloftApp.build/Paperloft\ Receipts-own-target-headers.hmap -Xcc -I/Users/builder/Factory/paperloft/evidence/checkouts/p2-checkpoint7a86/build/DerivedData/Build/Intermediates.noindex/Paperloft.build/Release/PaperloftApp.build/Paperloft\ Receipts-all-non-framework-target-headers.hmap -Xcc -ivfsoverlay -Xcc /Users/builder/Factory/paperloft/evidence/checkouts/p2-checkpoint7a86/build/DerivedData/Build/Intermediates.noindex/Paperloft.build/Release/Paperloft-b93ddc6bcd4d234a5473ab01ad3589c4-VFS/all-product-headers.yaml -Xcc -iquote -Xcc /Users/builder/Factory/paperloft/evidence/checkouts/p2-checkpoint7a86/build/DerivedData/Build/Intermediates.noindex/Paperloft.build/Release/PaperloftApp.build/Paperloft\ Receipts-project-headers.hmap -Xcc -I/Users/builder/Factory/paperloft/evidence/checkouts/p2-checkpoint7a86/build/DerivedData/Build/Products/Release/include -Xcc -I/Users/builder/Factory/paperloft/evidence/checkouts/p2-checkpoint7a86/build/DerivedData/Build/Intermediates.noindex/Paperloft.build/Release/PaperloftApp.build/DerivedSources-normal/arm64 -Xcc -I/Users/builder/Factory/paperloft/evidence/checkouts/p2-checkpoint7a86/build/DerivedData/Build/Intermediates.noindex/Paperloft.build/Release/PaperloftApp.build/DerivedSources/arm64 -Xcc -I/Users/builder/Factory/paperloft/evidence/checkouts/p2-checkpoint7a86/build/DerivedData/Build/Intermediates.noindex/Paperloft.build/Release/PaperloftApp.build/DerivedSources -emit-objc-header -emit-objc-header-path /Users/builder/Factory/paperloft/evidence/checkouts/p2-checkpoint7a86/build/DerivedData/Build/Intermediates.noindex/Paperloft.build/Release/PaperloftApp.build/Objects-normal/arm64/Paperloft_Receipts-Swift.h -working-directory /Users/builder/Factory/paperloft/evidence/checkouts/p2-checkpoint7a86 -experimental-emit-module-separately -disable-cmo

ExtractAppIntentsMetadata (in target 'PaperloftKit' from project 'PaperloftKit')
    cd /Users/builder/Factory/paperloft/evidence/checkouts/p2-checkpoint7a86/Packages/PaperloftKit
    /Applications/Xcode.app/Contents/Developer/Toolchains/XcodeDefault.xctoolchain/usr/bin/appintentsmetadataprocessor --toolchain-dir /Applications/Xcode.app/Contents/Developer/Toolchains/XcodeDefault.xctoolchain --module-name PaperloftKit --sdk-root /Applications/Xcode.app/Contents/Developer/Platforms/MacOSX.platform/Developer/SDKs/MacOSX27.0.sdk --xcode-version 27A266a --platform-family macOS --deployment-target 27.0 --bundle-identifier paperloftkit.PaperloftKit --output /Users/builder/Factory/paperloft/evidence/checkouts/p2-checkpoint7a86/build/DerivedData/Build/Products/Release/PaperloftKit.appintents --target-triple arm64-apple-macos27.0 --binary-file /Users/builder/Factory/paperloft/evidence/checkouts/p2-checkpoint7a86/build/DerivedData/Build/Products/Release/PaperloftKit.o --dependency-file /Users/builder/Factory/paperloft/evidence/checkouts/p2-checkpoint7a86/build/DerivedData/Build/Intermediates.noindex/PaperloftKit.build/Release/PaperloftKit-t.build/Objects-normal/arm64/PaperloftKit_dependency_info.dat --stringsdata-file /Users/builder/Factory/paperloft/evidence/checkouts/p2-checkpoint7a86/build/DerivedData/Build/Intermediates.noindex/PaperloftKit.build/Release/PaperloftKit-t.build/Objects-normal/arm64/ExtractedAppShortcutsMetadata.stringsdata --source-file-list /Users/builder/Factory/paperloft/evidence/checkouts/p2-checkpoint7a86/build/DerivedData/Build/Intermediates.noindex/PaperloftKit.build/Release/PaperloftKit-t.build/Objects-normal/arm64/PaperloftKit.SwiftFileList --metadata-file-list /Users/builder/Factory/paperloft/evidence/checkouts/p2-checkpoint7a86/build/DerivedData/Build/Intermediates.noindex/PaperloftKit.build/Release/PaperloftKit-t.build/PaperloftKit.DependencyMetadataFileList --static-metadata-file-list /Users/builder/Factory/paperloft/evidence/checkouts/p2-checkpoint7a86/build/DerivedData/Build/Intermediates.noindex/PaperloftKit.build/Release/PaperloftKit-t.build/PaperloftKit.DependencyStaticMetadataFileList --swift-const-vals-list /Users/builder/Factory/paperloft/evidence/checkouts/p2-checkpoint7a86/build/DerivedData/Build/Intermediates.noindex/PaperloftKit.build/Release/PaperloftKit-t.build/Objects-normal/arm64/PaperloftKit.SwiftConstValuesFileList --force --compile-time-extraction --deployment-aware-processing --no-app-shortcuts-localization
2026-09-26 21:33:55.261 appintentsmetadataprocessor[20665:862568] Starting appintentsmetadataprocessor export
2026-09-26 21:33:55.321 appintentsmetadataprocessor[20665:862568] Extracted no relevant App Intents symbols, skipping writing output

CpResource /Users/builder/Factory/paperloft/evidence/checkouts/p2-checkpoint7a86/build/DerivedData/Build/Products/Release/Paperloft\ Receipts.app/Contents/Resources/PrivacyInfo.xcprivacy /Users/builder/Factory/paperloft/evidence/checkouts/p2-checkpoint7a86/Apps/PaperloftApp/PrivacyInfo.xcprivacy (in target 'PaperloftApp' from project 'Paperloft')
    cd /Users/builder/Factory/paperloft/evidence/checkouts/p2-checkpoint7a86
    builtin-copy -exclude .DS_Store -exclude CVS -exclude .svn -exclude .git -exclude .hg -strip-unsigned-binaries -strip-deterministic -strip-tool /Applications/Xcode.app/Contents/Developer/Toolchains/XcodeDefault.xctoolchain/usr/bin/strip -resolve-src-symlinks /Users/builder/Factory/paperloft/evidence/checkouts/p2-checkpoint7a86/Apps/PaperloftApp/PrivacyInfo.xcprivacy /Users/builder/Factory/paperloft/evidence/checkouts/p2-checkpoint7a86/build/DerivedData/Build/Products/Release/Paperloft\ Receipts.app/Contents/Resources

ProcessInfoPlistFile /Users/builder/Factory/paperloft/evidence/checkouts/p2-checkpoint7a86/build/DerivedData/Build/Products/Release/Paperloft\ Receipts.app/Contents/Info.plist /Users/builder/Factory/paperloft/evidence/checkouts/p2-checkpoint7a86/build/DerivedData/Build/Intermediates.noindex/Paperloft.build/Release/PaperloftApp.build/empty-Paperloft\ Receipts.plist (in target 'PaperloftApp' from project 'Paperloft')
    cd /Users/builder/Factory/paperloft/evidence/checkouts/p2-checkpoint7a86
    builtin-infoPlistUtility /Users/builder/Factory/paperloft/evidence/checkouts/p2-checkpoint7a86/build/DerivedData/Build/Intermediates.noindex/Paperloft.build/Release/PaperloftApp.build/empty-Paperloft\ Receipts.plist -producttype com.apple.product-type.application -genpkginfo /Users/builder/Factory/paperloft/evidence/checkouts/p2-checkpoint7a86/build/DerivedData/Build/Products/Release/Paperloft\ Receipts.app/Contents/PkgInfo -expandbuildsettings -platform macosx -o /Users/builder/Factory/paperloft/evidence/checkouts/p2-checkpoint7a86/build/DerivedData/Build/Products/Release/Paperloft\ Receipts.app/Contents/Info.plist

SwiftExplicitDependencyGeneratePcm arm64 /Users/builder/Factory/paperloft/evidence/checkouts/p2-checkpoint7a86/build/DerivedData/SDKExplicitPrecompiledModules/_Builtin_stdbool-8ET0TC7X3R7TLBF3IOTHA28GQ.pcm

SwiftExplicitDependencyGeneratePcm arm64 /Users/builder/Factory/paperloft/evidence/checkouts/p2-checkpoint7a86/build/DerivedData/SDKExplicitPrecompiledModules/_AvailabilityInternal-2SIWA6SZQ35V6FX2UV7J23P59.pcm

SwiftExplicitDependencyGeneratePcm arm64 /Users/builder/Factory/paperloft/evidence/checkouts/p2-checkpoint7a86/build/DerivedData/SDKExplicitPrecompiledModules/_Builtin_stdarg-94ZCM7TMDAYPF4UUPPD450OZJ.pcm

SwiftExplicitDependencyGeneratePcm arm64 /Users/builder/Factory/paperloft/evidence/checkouts/p2-checkpoint7a86/build/DerivedData/SDKExplicitPrecompiledModules/_SwiftConcurrencyShims-6Q3UL5KZ8RNSRZAH95Q2WN0ET.pcm

SwiftExplicitDependencyGeneratePcm arm64 /Users/builder/Factory/paperloft/evidence/checkouts/p2-checkpoint7a86/build/DerivedData/SDKExplicitPrecompiledModules/ptrcheck-5P19F68OA6ZBV9XE6OSQ777WL.pcm

SwiftExplicitDependencyGeneratePcm arm64 /Users/builder/Factory/paperloft/evidence/checkouts/p2-checkpoint7a86/build/DerivedData/SDKExplicitPrecompiledModules/_Builtin_float-5ANLZ3HEOIV1WWT3XBACYBNKU.pcm

SwiftExplicitDependencyGeneratePcm arm64 /Users/builder/Factory/paperloft/evidence/checkouts/p2-checkpoint7a86/build/DerivedData/SDKExplicitPrecompiledModules/SwiftShims-3KIDGHZ59GX2MTOS30QFPH9QA.pcm

SwiftExplicitDependencyGeneratePcm arm64 /Users/builder/Factory/paperloft/evidence/checkouts/p2-checkpoint7a86/build/DerivedData/SDKExplicitPrecompiledModules/_Builtin_stddef-77RTH4H2R4QPXRJTZ16J7CGD.pcm

SwiftExplicitDependencyGeneratePcm arm64 /Users/builder/Factory/paperloft/evidence/checkouts/p2-checkpoint7a86/build/DerivedData/SDKExplicitPrecompiledModules/ptrauth-5GBTJBR2SK84S07134K2EQ5CY.pcm

SwiftExplicitDependencyGeneratePcm arm64 /Users/builder/Factory/paperloft/evidence/checkouts/p2-checkpoint7a86/build/DerivedData/SDKExplicitPrecompiledModules/DeveloperToolsSupport-BBMKWLT7T2O5KX1RHRBL1V0JW.pcm

SwiftExplicitDependencyGeneratePcm arm64 /Users/builder/Factory/paperloft/evidence/checkouts/p2-checkpoint7a86/build/DerivedData/SDKExplicitPrecompiledModules/_DarwinFoundation1-9X02ITPTDPR0E9MJXBPXS3FXO.pcm

SwiftExplicitDependencyGeneratePcm arm64 /Users/builder/Factory/paperloft/evidence/checkouts/p2-checkpoint7a86/build/DerivedData/SDKExplicitPrecompiledModules/ExtensionFoundation-7B318QEUQIXLR99VS661JBH1H.pcm

SwiftExplicitDependencyGeneratePcm arm64 /Users/builder/Factory/paperloft/evidence/checkouts/p2-checkpoint7a86/build/DerivedData/SDKExplicitPrecompiledModules/_Builtin_limits-CKYINAW89MHXWQWL9HUN7J8K1.pcm

SwiftExplicitDependencyGeneratePcm arm64 /Users/builder/Factory/paperloft/evidence/checkouts/p2-checkpoint7a86/build/DerivedData/SDKExplicitPrecompiledModules/_DarwinFoundation2-2W01Z9SW7HF2LHQDYOJGGD3Z9.pcm

SwiftExplicitDependencyGeneratePcm arm64 /Users/builder/Factory/paperloft/evidence/checkouts/p2-checkpoint7a86/build/DerivedData/SDKExplicitPrecompiledModules/_Builtin_stdint-AQQOA6CU4N9PIWLWS64DHJLCJ.pcm

SwiftExplicitDependencyGeneratePcm arm64 /Users/builder/Factory/paperloft/evidence/checkouts/p2-checkpoint7a86/build/DerivedData/SDKExplicitPrecompiledModules/_Builtin_tgmath-3KROEQ98D9M9ISY0XVQB94BKM.pcm

SwiftExplicitDependencyGeneratePcm arm64 /Users/builder/Factory/paperloft/evidence/checkouts/p2-checkpoint7a86/build/DerivedData/SDKExplicitPrecompiledModules/sys_types-CJCY4NZ5HQ45YZKVB3WDEPWUJ.pcm

SwiftExplicitDependencyGeneratePcm arm64 /Users/builder/Factory/paperloft/evidence/checkouts/p2-checkpoint7a86/build/DerivedData/SDKExplicitPrecompiledModules/string_h-1UOFNHYUCAVDFKE1AOCMHO6TW.pcm

SwiftExplicitDependencyGeneratePcm arm64 /Users/builder/Factory/paperloft/evidence/checkouts/p2-checkpoint7a86/build/DerivedData/SDKExplicitPrecompiledModules/libDER-7M7IW35E14GYZQE6AAFF6GBFI.pcm

SwiftExplicitDependencyGeneratePcm arm64 /Users/builder/Factory/paperloft/evidence/checkouts/p2-checkpoint7a86/build/DerivedData/SDKExplicitPrecompiledModules/_Builtin_stdatomic-35FB5LZT1VOFIEMCL0L47DL8O.pcm

SwiftExplicitDependencyGeneratePcm arm64 /Users/builder/Factory/paperloft/evidence/checkouts/p2-checkpoint7a86/build/DerivedData/SDKExplicitPrecompiledModules/_Builtin_intrinsics-32L4E19CYZLHKYQYICSZG0IR0.pcm

SwiftExplicitDependencyGeneratePcm arm64 /Users/builder/Factory/paperloft/evidence/checkouts/p2-checkpoint7a86/build/DerivedData/SDKExplicitPrecompiledModules/_DarwinFoundation3-9T6V00ZH1JAGNGAC5STL03HC5.pcm

SwiftExplicitDependencyGeneratePcm arm64 /Users/builder/Factory/paperloft/evidence/checkouts/p2-checkpoint7a86/build/DerivedData/SDKExplicitPrecompiledModules/_Builtin_inttypes-8FNVSYT9QOO7J8ZDF2PKXY34I.pcm

SwiftExplicitDependencyGeneratePcm arm64 /Users/builder/Factory/paperloft/evidence/checkouts/p2-checkpoint7a86/build/DerivedData/SDKExplicitPrecompiledModules/Darwin-E3HDPQ2V2BUD8NF8Z0AVM2TZ5.pcm

SwiftExplicitDependencyGeneratePcm arm64 /Users/builder/Factory/paperloft/evidence/checkouts/p2-checkpoint7a86/build/DerivedData/SDKExplicitPrecompiledModules/simd-DPKEI125QNLSOXMPLYASS0J1E.pcm

SwiftExplicitDependencyGeneratePcm arm64 /Users/builder/Factory/paperloft/evidence/checkouts/p2-checkpoint7a86/build/DerivedData/SDKExplicitPrecompiledModules/CUPS-AZXB7IEIR3SVA6ZQ6HEF6R9L8.pcm

SwiftExplicitDependencyGeneratePcm arm64 /Users/builder/Factory/paperloft/evidence/checkouts/p2-checkpoint7a86/build/DerivedData/SDKExplicitPrecompiledModules/libkern-5JMRTY4TRQBOLULRZD5GY12E.pcm

SwiftExplicitDependencyGeneratePcm arm64 /Users/builder/Factory/paperloft/evidence/checkouts/p2-checkpoint7a86/build/DerivedData/SDKExplicitPrecompiledModules/launch-1R9PFH31TGA9TTEN6VZBU3Y4I.pcm

SwiftExplicitDependencyGeneratePcm arm64 /Users/builder/Factory/paperloft/evidence/checkouts/p2-checkpoint7a86/build/DerivedData/SDKExplicitPrecompiledModules/Compression-D467M40RCCAHAWRHG98FYGI89.pcm

SwiftExplicitDependencyGeneratePcm arm64 /Users/builder/Factory/paperloft/evidence/checkouts/p2-checkpoint7a86/build/DerivedData/SDKExplicitPrecompiledModules/MachO-8O0M5YR02P4V4K1VB6XQ3NHBR.pcm

SwiftExplicitDependencyGeneratePcm arm64 /Users/builder/Factory/paperloft/evidence/checkouts/p2-checkpoint7a86/build/DerivedData/SDKExplicitPrecompiledModules/ObjectiveC-5XC6C5BVWZBWVI94DY9959ZY6.pcm

SwiftExplicitDependencyGeneratePcm arm64 /Users/builder/Factory/paperloft/evidence/checkouts/p2-checkpoint7a86/build/DerivedData/SDKExplicitPrecompiledModules/Spatial-AES127SGCZQIAICGXNUQ8CTZK.pcm

SwiftExplicitDependencyGeneratePcm arm64 /Users/builder/Factory/paperloft/evidence/checkouts/p2-checkpoint7a86/build/DerivedData/SDKExplicitPrecompiledModules/os_object-EF356RZUPWNN18GNLZ3ENNOMB.pcm

SwiftExplicitDependencyGeneratePcm arm64 /Users/builder/Factory/paperloft/evidence/checkouts/p2-checkpoint7a86/build/DerivedData/SDKExplicitPrecompiledModules/os_workgroup-7114MTME7V5B602EB6JI9I2ZO.pcm

SwiftExplicitDependencyGeneratePcm arm64 /Users/builder/Factory/paperloft/evidence/checkouts/p2-checkpoint7a86/build/DerivedData/SDKExplicitPrecompiledModules/Dispatch-EEQC7O2Q88769W2FWI2AHVUEB.pcm

SwiftExplicitDependencyGeneratePcm arm64 /Users/builder/Factory/paperloft/evidence/checkouts/p2-checkpoint7a86/build/DerivedData/SDKExplicitPrecompiledModules/dnssd-4EXSKRN1IB5YGUUC32XANFG1W.pcm

SwiftExplicitDependencyGeneratePcm arm64 /Users/builder/Factory/paperloft/evidence/checkouts/p2-checkpoint7a86/build/DerivedData/SDKExplicitPrecompiledModules/XPC-A595CK9FRF2WTWASPOR52GK5Q.pcm

SwiftExplicitDependencyGeneratePcm arm64 /Users/builder/Factory/paperloft/evidence/checkouts/p2-checkpoint7a86/build/DerivedData/SDKExplicitPrecompiledModules/CoreFoundation-40AA2DW3TUFCHRHN3VNSO3CP9.pcm

SwiftExplicitDependencyGeneratePcm arm64 /Users/builder/Factory/paperloft/evidence/checkouts/p2-checkpoint7a86/build/DerivedData/SDKExplicitPrecompiledModules/os-4XOBXEKBCAQ6T32GK0LQOS8MR.pcm

SwiftExplicitDependencyGeneratePcm arm64 /Users/builder/Factory/paperloft/evidence/checkouts/p2-checkpoint7a86/build/DerivedData/SDKExplicitPrecompiledModules/CoreAudioTypes-D4HGYC5WUXRHTCLHZF07S9CB5.pcm

SwiftExplicitDependencyGeneratePcm arm64 /Users/builder/Factory/paperloft/evidence/checkouts/p2-checkpoint7a86/build/DerivedData/SDKExplicitPrecompiledModules/IOKit-95E3J9R99T1BN1ZBF7S108ZD3.pcm

SwiftExplicitDependencyGeneratePcm arm64 /Users/builder/Factory/paperloft/evidence/checkouts/p2-checkpoint7a86/build/DerivedData/SDKExplicitPrecompiledModules/ColorSync-BVXJF1MERIFNKQNMWR9RMWY3E.pcm

SwiftExplicitDependencyGeneratePcm arm64 /Users/builder/Factory/paperloft/evidence/checkouts/p2-checkpoint7a86/build/DerivedData/SDKExplicitPrecompiledModules/Security-4F25TPKE9ASX8PGT3FG3GNX3J.pcm

SwiftExplicitDependencyGeneratePcm arm64 /Users/builder/Factory/paperloft/evidence/checkouts/p2-checkpoint7a86/build/DerivedData/SDKExplicitPrecompiledModules/CFNetwork-EC3VNYGRJBIH4VWAU4UBDNZZZ.pcm

SwiftExplicitDependencyGeneratePcm arm64 /Users/builder/Factory/paperloft/evidence/checkouts/p2-checkpoint7a86/build/DerivedData/SDKExplicitPrecompiledModules/DiskArbitration-5CJ2Y0XCPCJSXWRL5ZM4GJM3X.pcm

SwiftExplicitDependencyGeneratePcm arm64 /Users/builder/Factory/paperloft/evidence/checkouts/p2-checkpoint7a86/build/DerivedData/SDKExplicitPrecompiledModules/CoreGraphics-LC05RER2SLBLOGWH4R6AJHHP.pcm

SwiftExplicitDependencyGeneratePcm arm64 /Users/builder/Factory/paperloft/evidence/checkouts/p2-checkpoint7a86/build/DerivedData/SDKExplicitPrecompiledModules/CoreServices-2PDTRNOU1SG6LN53MX3ZTUU8A.pcm

SwiftExplicitDependencyGeneratePcm arm64 /Users/builder/Factory/paperloft/evidence/checkouts/p2-checkpoint7a86/build/DerivedData/SDKExplicitPrecompiledModules/ImageIO-2C98YD1WFUZJSW3J9PH3CRUWP.pcm

SwiftExplicitDependencyGeneratePcm arm64 /Users/builder/Factory/paperloft/evidence/checkouts/p2-checkpoint7a86/build/DerivedData/SDKExplicitPrecompiledModules/CoreText-9XOKVW45R45XUDAS7RG6GCLJ1.pcm

SwiftExplicitDependencyGeneratePcm arm64 /Users/builder/Factory/paperloft/evidence/checkouts/p2-checkpoint7a86/build/DerivedData/SDKExplicitPrecompiledModules/Foundation-3IJ194NA1N3BJMKJ3XAD2OHP1.pcm

SwiftExplicitDependencyGeneratePcm arm64 /Users/builder/Factory/paperloft/evidence/checkouts/p2-checkpoint7a86/build/DerivedData/SDKExplicitPrecompiledModules/Accessibility-2HFNYBZD8LZW2CJF5IDOH56X7.pcm

SwiftExplicitDependencyGeneratePcm arm64 /Users/builder/Factory/paperloft/evidence/checkouts/p2-checkpoint7a86/build/DerivedData/SDKExplicitPrecompiledModules/RelevanceKit-4N6V18D2UN19VWLZ52UZIOSO8.pcm

SwiftExplicitDependencyGeneratePcm arm64 /Users/builder/Factory/paperloft/evidence/checkouts/p2-checkpoint7a86/build/DerivedData/SDKExplicitPrecompiledModules/IOSurface-6T4LIMOAZ3RT4XBUBACTNEKLF.pcm

SwiftExplicitDependencyGeneratePcm arm64 /Users/builder/Factory/paperloft/evidence/checkouts/p2-checkpoint7a86/build/DerivedData/SDKExplicitPrecompiledModules/CoreAudio-2Y81D57NN177R0Y6SV12PZKWN.pcm

SwiftExplicitDependencyGeneratePcm arm64 /Users/builder/Factory/paperloft/evidence/checkouts/p2-checkpoint7a86/build/DerivedData/SDKExplicitPrecompiledModules/CoreTransferable-15U1KWTMFMV3XPWTDLAXP6YQM.pcm

SwiftExplicitDependencyGeneratePcm arm64 /Users/builder/Factory/paperloft/evidence/checkouts/p2-checkpoint7a86/build/DerivedData/SDKExplicitPrecompiledModules/LocalAuthentication-9QZU2OVWEZ0NXF34RLTI9X38S.pcm

SwiftExplicitDependencyGeneratePcm arm64 /Users/builder/Factory/paperloft/evidence/checkouts/p2-checkpoint7a86/build/DerivedData/SDKExplicitPrecompiledModules/CoreMIDI-38VHSYA3SKTTDV7L9KCAZANGQ.pcm

SwiftExplicitDependencyGeneratePcm arm64 /Users/builder/Factory/paperloft/evidence/checkouts/p2-checkpoint7a86/build/DerivedData/SDKExplicitPrecompiledModules/_LocationEssentials-4BNRNSKI2B9CLY0V615MM19UY.pcm

SwiftExplicitDependencyGeneratePcm arm64 /Users/builder/Factory/paperloft/evidence/checkouts/p2-checkpoint7a86/build/DerivedData/SDKExplicitPrecompiledModules/OSLog-1E9EOUU995ZQBBC8BLU9UHJ2Y.pcm

SwiftExplicitDependencyGeneratePcm arm64 /Users/builder/Factory/paperloft/evidence/checkouts/p2-checkpoint7a86/build/DerivedData/SDKExplicitPrecompiledModules/CoreData-E25BO4HS1H7MLX3V0R4E7FODG.pcm

SwiftExplicitDependencyGeneratePcm arm64 /Users/builder/Factory/paperloft/evidence/checkouts/p2-checkpoint7a86/build/DerivedData/SDKExplicitPrecompiledModules/AppIntents-CWX3UHHA2NT7KN3Y5TG3K8VY4.pcm

SwiftExplicitDependencyGeneratePcm arm64 /Users/builder/Factory/paperloft/evidence/checkouts/p2-checkpoint7a86/build/DerivedData/SDKExplicitPrecompiledModules/CoreLocation-37L1ZYD4W2W5C1SNE94VQLRKV.pcm

SwiftExplicitDependencyGeneratePcm arm64 /Users/builder/Factory/paperloft/evidence/checkouts/p2-checkpoint7a86/build/DerivedData/SDKExplicitPrecompiledModules/ApplicationServices-FONRAOAXKBXKNLFWDUQZSY7K.pcm

SwiftExplicitDependencyGeneratePcm arm64 /Users/builder/Factory/paperloft/evidence/checkouts/p2-checkpoint7a86/build/DerivedData/SDKExplicitPrecompiledModules/AppIntentsTypeSupport-6AALGW0ZQKLLEFJC2JG3DDZZN.pcm

SwiftExplicitDependencyGeneratePcm arm64 /Users/builder/Factory/paperloft/evidence/checkouts/p2-checkpoint7a86/build/DerivedData/SDKExplicitPrecompiledModules/Symbols-D40HS8NZCN4TO1NH06SEEJ0RK.pcm

SwiftExplicitDependencyGeneratePcm arm64 /Users/builder/Factory/paperloft/evidence/checkouts/p2-checkpoint7a86/build/DerivedData/SDKExplicitPrecompiledModules/UniformTypeIdentifiers-3MGN8MURPJ53I7X86X1RLLHIL.pcm

SwiftExplicitDependencyGeneratePcm arm64 /Users/builder/Factory/paperloft/evidence/checkouts/p2-checkpoint7a86/build/DerivedData/SDKExplicitPrecompiledModules/DataDetection-5C6K0E20Q8RBDXXS6PSIGT42M.pcm

SwiftExplicitDependencyGeneratePcm arm64 /Users/builder/Factory/paperloft/evidence/checkouts/p2-checkpoint7a86/build/DerivedData/SDKExplicitPrecompiledModules/Network-5JUYOEUOYWZ8FPTTNFUNW7D3L.pcm

SwiftExplicitDependencyGeneratePcm arm64 /Users/builder/Factory/paperloft/evidence/checkouts/p2-checkpoint7a86/build/DerivedData/SDKExplicitPrecompiledModules/Metal-8AF05RC3A2F1YULHNJ63TTTG7.pcm

SwiftExplicitDependencyGeneratePcm arm64 /Users/builder/Factory/paperloft/evidence/checkouts/p2-checkpoint7a86/build/DerivedData/SDKExplicitPrecompiledModules/OpenGL-C2C13L0NZH3YPWII97WWYBBYC.pcm

SwiftExplicitDependencyGeneratePcm arm64 /Users/builder/Factory/paperloft/evidence/checkouts/p2-checkpoint7a86/build/DerivedData/SDKExplicitPrecompiledModules/CoreSpotlight-DXSIPPFPXG0JGEJ7WUYDLYDAG.pcm

SwiftExplicitDependencyGeneratePcm arm64 /Users/builder/Factory/paperloft/evidence/checkouts/p2-checkpoint7a86/build/DerivedData/SDKExplicitPrecompiledModules/Carbon-9V8K1U2CI7J1DQTB1D7E7MOBW.pcm

SwiftExplicitDependencyGeneratePcm arm64 /Users/builder/Factory/paperloft/evidence/checkouts/p2-checkpoint7a86/build/DerivedData/SDKExplicitPrecompiledModules/CoreVideo-2PBQS735YIDO8SRH4GT5EY2XH.pcm

SwiftExplicitDependencyGeneratePcm arm64 /Users/builder/Factory/paperloft/evidence/checkouts/p2-checkpoint7a86/build/DerivedData/SDKExplicitPrecompiledModules/Accelerate-E2PFEVC0LOMFT2ILGBQMB93GL.pcm

SwiftExplicitDependencyGeneratePcm arm64 /Users/builder/Factory/paperloft/evidence/checkouts/p2-checkpoint7a86/build/DerivedData/SDKExplicitPrecompiledModules/QuartzCore-BVKVYL8G388RUGJ9S07QLGTRO.pcm

SwiftExplicitDependencyGeneratePcm arm64 /Users/builder/Factory/paperloft/evidence/checkouts/p2-checkpoint7a86/build/DerivedData/SDKExplicitPrecompiledModules/CoreMedia-1N2BYQIPAS7J62RI2XL2B7IRY.pcm

SwiftExplicitDependencyGeneratePcm arm64 /Users/builder/Factory/paperloft/evidence/checkouts/p2-checkpoint7a86/build/DerivedData/SDKExplicitPrecompiledModules/CoreML-PK0D28U0DXNYFGGTKZORDF1V.pcm

SwiftExplicitDependencyGeneratePcm arm64 /Users/builder/Factory/paperloft/evidence/checkouts/p2-checkpoint7a86/build/DerivedData/SDKExplicitPrecompiledModules/CoreImage-7ZZM3KG7IOVKP131NNH94UTDG.pcm

SwiftExplicitDependencyGeneratePcm arm64 /Users/builder/Factory/paperloft/evidence/checkouts/p2-checkpoint7a86/build/DerivedData/SDKExplicitPrecompiledModules/AudioToolbox-E18OA6VBWLTLUJ7SR78G5HI4Y.pcm

SwiftExplicitDependencyGeneratePcm arm64 /Users/builder/Factory/paperloft/evidence/checkouts/p2-checkpoint7a86/build/DerivedData/SDKExplicitPrecompiledModules/SwiftUICore-7QM3W6Z1RE27II88MMZZ7R58C.pcm

SwiftExplicitDependencyGeneratePcm arm64 /Users/builder/Factory/paperloft/evidence/checkouts/p2-checkpoint7a86/build/DerivedData/SDKExplicitPrecompiledModules/Vision-2CNZN01M4NUL6TKR392SFLOY0.pcm

SwiftExplicitDependencyGeneratePcm arm64 /Users/builder/Factory/paperloft/evidence/checkouts/p2-checkpoint7a86/build/DerivedData/SDKExplicitPrecompiledModules/VideoToolbox-CI5L5L6IKS6VNNIB4L3645JY.pcm

SwiftExplicitDependencyGeneratePcm arm64 /Users/builder/Factory/paperloft/evidence/checkouts/p2-checkpoint7a86/build/DerivedData/SDKExplicitPrecompiledModules/AppKit-CO4WFAQS1QEPTBRIJWRHE7JAT.pcm

SwiftExplicitDependencyGeneratePcm arm64 /Users/builder/Factory/paperloft/evidence/checkouts/p2-checkpoint7a86/build/DerivedData/SDKExplicitPrecompiledModules/AVFAudio-A5DX5TRN1GX4V7IXEN3P5MPD2.pcm

SwiftExplicitDependencyGeneratePcm arm64 /Users/builder/Factory/paperloft/evidence/checkouts/p2-checkpoint7a86/build/DerivedData/SDKExplicitPrecompiledModules/MediaToolbox-BPGX06X7EC2CRLUJHVTC59KJ6.pcm

SwiftExplicitDependencyGeneratePcm arm64 /Users/builder/Factory/paperloft/evidence/checkouts/p2-checkpoint7a86/build/DerivedData/SDKExplicitPrecompiledModules/AVFoundation-BNU6H01B3UZRJS38AKIOBWLAL.pcm

SwiftExplicitDependencyGeneratePcm arm64 /Users/builder/Factory/paperloft/evidence/checkouts/p2-checkpoint7a86/build/DerivedData/SDKExplicitPrecompiledModules/SwiftUI-5298RURS9U6EC21X8P89OE4OX.pcm

SwiftEmitModule normal arm64 Emitting\ module\ for\ Paperloft_Receipts (in target 'PaperloftApp' from project 'Paperloft')

SwiftCompile normal arm64 (in target 'PaperloftApp' from project 'Paperloft')
    cd /Users/builder/Factory/paperloft/evidence/checkouts/p2-checkpoint7a86
    

SwiftCompile normal arm64 Compiling\ PaperloftApp.swift /Users/builder/Factory/paperloft/evidence/checkouts/p2-checkpoint7a86/Apps/PaperloftApp/PaperloftApp.swift (in target 'PaperloftApp' from project 'Paperloft')

SwiftCompile normal arm64 /Users/builder/Factory/paperloft/evidence/checkouts/p2-checkpoint7a86/Apps/PaperloftApp/PaperloftApp.swift (in target 'PaperloftApp' from project 'Paperloft')
    cd /Users/builder/Factory/paperloft/evidence/checkouts/p2-checkpoint7a86
    builtin-SwiftPerFileCompile PaperloftApp.swift

SwiftDriverJobDiscovery normal arm64 Emitting module for Paperloft_Receipts (in target 'PaperloftApp' from project 'Paperloft')

SwiftDriver\ Compilation\ Requirements PaperloftApp normal arm64 com.apple.xcode.tools.swift.compiler (in target 'PaperloftApp' from project 'Paperloft')
    cd /Users/builder/Factory/paperloft/evidence/checkouts/p2-checkpoint7a86
    builtin-Swift-Compilation-Requirements -- /Applications/Xcode.app/Contents/Developer/Toolchains/XcodeDefault.xctoolchain/usr/bin/swiftc -module-name Paperloft_Receipts -O @/Users/builder/Factory/paperloft/evidence/checkouts/p2-checkpoint7a86/build/DerivedData/Build/Intermediates.noindex/Paperloft.build/Release/PaperloftApp.build/Objects-normal/arm64/Paperloft\ Receipts.SwiftFileList -enable-experimental-feature DebugDescriptionMacro -sdk /Applications/Xcode.app/Contents/Developer/Platforms/MacOSX.platform/Developer/SDKs/MacOSX27.0.sdk -target arm64-apple-macos27.0 -g -module-cache-path /Users/builder/Factory/paperloft/evidence/checkouts/p2-checkpoint7a86/build/DerivedData/ModuleCache.noindex -Xfrontend -serialize-debugging-options -profile-coverage-mapping -profile-generate -warnings-as-errors -swift-version 6 -I /Users/builder/Factory/paperloft/evidence/checkouts/p2-checkpoint7a86/build/DerivedData/Build/Products/Release -F /Users/builder/Factory/paperloft/evidence/checkouts/p2-checkpoint7a86/build/DerivedData/Build/Products/Release/PackageFrameworks -F /Users/builder/Factory/paperloft/evidence/checkouts/p2-checkpoint7a86/build/DerivedData/Build/Products/Release -parse-as-library -c -j10 -enable-batch-mode -incremental -Xcc -ivfsstatcache -Xcc /Users/builder/Factory/paperloft/evidence/checkouts/p2-checkpoint7a86/build/DerivedData/SDKStatCaches.noindex/macosx27.0-26A425-7231f6df4def33e022ae2eb8f782df1a.sdkstatcache -output-file-map /Users/builder/Factory/paperloft/evidence/checkouts/p2-checkpoint7a86/build/DerivedData/Build/Intermediates.noindex/Paperloft.build/Release/PaperloftApp.build/Objects-normal/arm64/PaperloftApp-OutputFileMap.json -save-temps -no-color-diagnostics -explicit-module-build -module-cache-path /Users/builder/Factory/paperloft/evidence/checkouts/p2-checkpoint7a86/build/DerivedData/Build/Intermediates.noindex/SwiftExplicitPrecompiledModules -clang-scanner-module-cache-path /Users/builder/Factory/paperloft/evidence/checkouts/p2-checkpoint7a86/build/DerivedData/ModuleCache.noindex -sdk-module-cache-path /Users/builder/Factory/paperloft/evidence/checkouts/p2-checkpoint7a86/build/DerivedData/SDKExplicitPrecompiledModules -emit-dependencies -emit-module -emit-module-path /Users/builder/Factory/paperloft/evidence/checkouts/p2-checkpoint7a86/build/DerivedData/Build/Intermediates.noindex/Paperloft.build/Release/PaperloftApp.build/Objects-normal/arm64/Paperloft_Receipts.swiftmodule -serialize-diagnostics -dependency-scan-serialize-diagnostics-path /Users/builder/Factory/paperloft/evidence/checkouts/p2-checkpoint7a86/build/DerivedData/Build/Intermediates.noindex/Paperloft.build/Release/PaperloftApp.build/Objects-normal/arm64/Paperloft_Receipts-dependency-scan.dia -validate-clang-modules-once -clang-build-session-file /Users/builder/Factory/paperloft/evidence/checkouts/p2-checkpoint7a86/build/DerivedData/ModuleCache.noindex/Session.modulevalidation -Xcc -fmodules-prune-interval\=86400 -Xcc -fmodules-prune-after\=345600 -emit-const-values -const-gather-protocols-list /Users/builder/Factory/paperloft/evidence/checkouts/p2-checkpoint7a86/build/DerivedData/Build/Intermediates.noindex/Paperloft.build/Release/PaperloftApp.build/Objects-normal/arm64/PaperloftApp_const_extract_protocols.json -Xcc -iquote -Xcc /Users/builder/Factory/paperloft/evidence/checkouts/p2-checkpoint7a86/build/DerivedData/Build/Intermediates.noindex/Paperloft.build/Release/PaperloftApp.build/Paperloft\ Receipts-generated-files.hmap -Xcc -I/Users/builder/Factory/paperloft/evidence/checkouts/p2-checkpoint7a86/build/DerivedData/Build/Intermediates.noindex/Paperloft.build/Release/PaperloftApp.build/Paperloft\ Receipts-own-target-headers.hmap -Xcc -I/Users/builder/Factory/paperloft/evidence/checkouts/p2-checkpoint7a86/build/DerivedData/Build/Intermediates.noindex/Paperloft.build/Release/PaperloftApp.build/Paperloft\ Receipts-all-non-framework-target-headers.hmap -Xcc -ivfsoverlay -Xcc /Users/builder/Factory/paperloft/evidence/checkouts/p2-checkpoint7a86/build/DerivedData/Build/Intermediates.noindex/Paperloft.build/Release/Paperloft-b93ddc6bcd4d234a5473ab01ad3589c4-VFS/all-product-headers.yaml -Xcc -iquote -Xcc /Users/builder/Factory/paperloft/evidence/checkouts/p2-checkpoint7a86/build/DerivedData/Build/Intermediates.noindex/Paperloft.build/Release/PaperloftApp.build/Paperloft\ Receipts-project-headers.hmap -Xcc -I/Users/builder/Factory/paperloft/evidence/checkouts/p2-checkpoint7a86/build/DerivedData/Build/Products/Release/include -Xcc -I/Users/builder/Factory/paperloft/evidence/checkouts/p2-checkpoint7a86/build/DerivedData/Build/Intermediates.noindex/Paperloft.build/Release/PaperloftApp.build/DerivedSources-normal/arm64 -Xcc -I/Users/builder/Factory/paperloft/evidence/checkouts/p2-checkpoint7a86/build/DerivedData/Build/Intermediates.noindex/Paperloft.build/Release/PaperloftApp.build/DerivedSources/arm64 -Xcc -I/Users/builder/Factory/paperloft/evidence/checkouts/p2-checkpoint7a86/build/DerivedData/Build/Intermediates.noindex/Paperloft.build/Release/PaperloftApp.build/DerivedSources -emit-objc-header -emit-objc-header-path /Users/builder/Factory/paperloft/evidence/checkouts/p2-checkpoint7a86/build/DerivedData/Build/Intermediates.noindex/Paperloft.build/Release/PaperloftApp.build/Objects-normal/arm64/Paperloft_Receipts-Swift.h -working-directory /Users/builder/Factory/paperloft/evidence/checkouts/p2-checkpoint7a86 -experimental-emit-module-separately -disable-cmo

SwiftMergeGeneratedHeaders /Users/builder/Factory/paperloft/evidence/checkouts/p2-checkpoint7a86/build/DerivedData/Build/Intermediates.noindex/Paperloft.build/Release/PaperloftApp.build/DerivedSources/Paperloft_Receipts-Swift.h /Users/builder/Factory/paperloft/evidence/checkouts/p2-checkpoint7a86/build/DerivedData/Build/Intermediates.noindex/Paperloft.build/Release/PaperloftApp.build/Objects-normal/arm64/Paperloft_Receipts-Swift.h (in target 'PaperloftApp' from project 'Paperloft')
    cd /Users/builder/Factory/paperloft/evidence/checkouts/p2-checkpoint7a86
    builtin-swiftHeaderTool -arch arm64 /Users/builder/Factory/paperloft/evidence/checkouts/p2-checkpoint7a86/build/DerivedData/Build/Intermediates.noindex/Paperloft.build/Release/PaperloftApp.build/Objects-normal/arm64/Paperloft_Receipts-Swift.h -o /Users/builder/Factory/paperloft/evidence/checkouts/p2-checkpoint7a86/build/DerivedData/Build/Intermediates.noindex/Paperloft.build/Release/PaperloftApp.build/DerivedSources/Paperloft_Receipts-Swift.h

Copy /Users/builder/Factory/paperloft/evidence/checkouts/p2-checkpoint7a86/build/DerivedData/Build/Products/Release/Paperloft_Receipts.swiftmodule/arm64-apple-macos.swiftmodule /Users/builder/Factory/paperloft/evidence/checkouts/p2-checkpoint7a86/build/DerivedData/Build/Intermediates.noindex/Paperloft.build/Release/PaperloftApp.build/Objects-normal/arm64/Paperloft_Receipts.swiftmodule (in target 'PaperloftApp' from project 'Paperloft')
    cd /Users/builder/Factory/paperloft/evidence/checkouts/p2-checkpoint7a86
    builtin-copy -exclude .DS_Store -exclude CVS -exclude .svn -exclude .git -exclude .hg -strip-unsigned-binaries -strip-deterministic -strip-tool /Applications/Xcode.app/Contents/Developer/Toolchains/XcodeDefault.xctoolchain/usr/bin/strip -resolve-src-symlinks -rename /Users/builder/Factory/paperloft/evidence/checkouts/p2-checkpoint7a86/build/DerivedData/Build/Intermediates.noindex/Paperloft.build/Release/PaperloftApp.build/Objects-normal/arm64/Paperloft_Receipts.swiftmodule /Users/builder/Factory/paperloft/evidence/checkouts/p2-checkpoint7a86/build/DerivedData/Build/Products/Release/Paperloft_Receipts.swiftmodule/arm64-apple-macos.swiftmodule

Copy /Users/builder/Factory/paperloft/evidence/checkouts/p2-checkpoint7a86/build/DerivedData/Build/Products/Release/Paperloft_Receipts.swiftmodule/arm64-apple-macos.swiftdoc /Users/builder/Factory/paperloft/evidence/checkouts/p2-checkpoint7a86/build/DerivedData/Build/Intermediates.noindex/Paperloft.build/Release/PaperloftApp.build/Objects-normal/arm64/Paperloft_Receipts.swiftdoc (in target 'PaperloftApp' from project 'Paperloft')
    cd /Users/builder/Factory/paperloft/evidence/checkouts/p2-checkpoint7a86
    builtin-copy -exclude .DS_Store -exclude CVS -exclude .svn -exclude .git -exclude .hg -strip-unsigned-binaries -strip-deterministic -strip-tool /Applications/Xcode.app/Contents/Developer/Toolchains/XcodeDefault.xctoolchain/usr/bin/strip -resolve-src-symlinks -rename /Users/builder/Factory/paperloft/evidence/checkouts/p2-checkpoint7a86/build/DerivedData/Build/Intermediates.noindex/Paperloft.build/Release/PaperloftApp.build/Objects-normal/arm64/Paperloft_Receipts.swiftdoc /Users/builder/Factory/paperloft/evidence/checkouts/p2-checkpoint7a86/build/DerivedData/Build/Products/Release/Paperloft_Receipts.swiftmodule/arm64-apple-macos.swiftdoc

Copy /Users/builder/Factory/paperloft/evidence/checkouts/p2-checkpoint7a86/build/DerivedData/Build/Products/Release/Paperloft_Receipts.swiftmodule/arm64-apple-macos.abi.json /Users/builder/Factory/paperloft/evidence/checkouts/p2-checkpoint7a86/build/DerivedData/Build/Intermediates.noindex/Paperloft.build/Release/PaperloftApp.build/Objects-normal/arm64/Paperloft_Receipts.abi.json (in target 'PaperloftApp' from project 'Paperloft')
    cd /Users/builder/Factory/paperloft/evidence/checkouts/p2-checkpoint7a86
    builtin-copy -exclude .DS_Store -exclude CVS -exclude .svn -exclude .git -exclude .hg -strip-unsigned-binaries -strip-deterministic -strip-tool /Applications/Xcode.app/Contents/Developer/Toolchains/XcodeDefault.xctoolchain/usr/bin/strip -resolve-src-symlinks -rename /Users/builder/Factory/paperloft/evidence/checkouts/p2-checkpoint7a86/build/DerivedData/Build/Intermediates.noindex/Paperloft.build/Release/PaperloftApp.build/Objects-normal/arm64/Paperloft_Receipts.abi.json /Users/builder/Factory/paperloft/evidence/checkouts/p2-checkpoint7a86/build/DerivedData/Build/Products/Release/Paperloft_Receipts.swiftmodule/arm64-apple-macos.abi.json

Copy /Users/builder/Factory/paperloft/evidence/checkouts/p2-checkpoint7a86/build/DerivedData/Build/Products/Release/Paperloft_Receipts.swiftmodule/Project/arm64-apple-macos.swiftsourceinfo /Users/builder/Factory/paperloft/evidence/checkouts/p2-checkpoint7a86/build/DerivedData/Build/Intermediates.noindex/Paperloft.build/Release/PaperloftApp.build/Objects-normal/arm64/Paperloft_Receipts.swiftsourceinfo (in target 'PaperloftApp' from project 'Paperloft')
    cd /Users/builder/Factory/paperloft/evidence/checkouts/p2-checkpoint7a86
    builtin-copy -exclude .DS_Store -exclude CVS -exclude .svn -exclude .git -exclude .hg -strip-unsigned-binaries -strip-deterministic -strip-tool /Applications/Xcode.app/Contents/Developer/Toolchains/XcodeDefault.xctoolchain/usr/bin/strip -resolve-src-symlinks -rename /Users/builder/Factory/paperloft/evidence/checkouts/p2-checkpoint7a86/build/DerivedData/Build/Intermediates.noindex/Paperloft.build/Release/PaperloftApp.build/Objects-normal/arm64/Paperloft_Receipts.swiftsourceinfo /Users/builder/Factory/paperloft/evidence/checkouts/p2-checkpoint7a86/build/DerivedData/Build/Products/Release/Paperloft_Receipts.swiftmodule/Project/arm64-apple-macos.swiftsourceinfo

SwiftDriverJobDiscovery normal arm64 Compiling PaperloftApp.swift (in target 'PaperloftApp' from project 'Paperloft')

SwiftDriver\ Compilation PaperloftApp normal arm64 com.apple.xcode.tools.swift.compiler (in target 'PaperloftApp' from project 'Paperloft')
    cd /Users/builder/Factory/paperloft/evidence/checkouts/p2-checkpoint7a86
    builtin-Swift-Compilation -- /Applications/Xcode.app/Contents/Developer/Toolchains/XcodeDefault.xctoolchain/usr/bin/swiftc -module-name Paperloft_Receipts -O @/Users/builder/Factory/paperloft/evidence/checkouts/p2-checkpoint7a86/build/DerivedData/Build/Intermediates.noindex/Paperloft.build/Release/PaperloftApp.build/Objects-normal/arm64/Paperloft\ Receipts.SwiftFileList -enable-experimental-feature DebugDescriptionMacro -sdk /Applications/Xcode.app/Contents/Developer/Platforms/MacOSX.platform/Developer/SDKs/MacOSX27.0.sdk -target arm64-apple-macos27.0 -g -module-cache-path /Users/builder/Factory/paperloft/evidence/checkouts/p2-checkpoint7a86/build/DerivedData/ModuleCache.noindex -Xfrontend -serialize-debugging-options -profile-coverage-mapping -profile-generate -warnings-as-errors -swift-version 6 -I /Users/builder/Factory/paperloft/evidence/checkouts/p2-checkpoint7a86/build/DerivedData/Build/Products/Release -F /Users/builder/Factory/paperloft/evidence/checkouts/p2-checkpoint7a86/build/DerivedData/Build/Products/Release/PackageFrameworks -F /Users/builder/Factory/paperloft/evidence/checkouts/p2-checkpoint7a86/build/DerivedData/Build/Products/Release -parse-as-library -c -j10 -enable-batch-mode -incremental -Xcc -ivfsstatcache -Xcc /Users/builder/Factory/paperloft/evidence/checkouts/p2-checkpoint7a86/build/DerivedData/SDKStatCaches.noindex/macosx27.0-26A425-7231f6df4def33e022ae2eb8f782df1a.sdkstatcache -output-file-map /Users/builder/Factory/paperloft/evidence/checkouts/p2-checkpoint7a86/build/DerivedData/Build/Intermediates.noindex/Paperloft.build/Release/PaperloftApp.build/Objects-normal/arm64/PaperloftApp-OutputFileMap.json -save-temps -no-color-diagnostics -explicit-module-build -module-cache-path /Users/builder/Factory/paperloft/evidence/checkouts/p2-checkpoint7a86/build/DerivedData/Build/Intermediates.noindex/SwiftExplicitPrecompiledModules -clang-scanner-module-cache-path /Users/builder/Factory/paperloft/evidence/checkouts/p2-checkpoint7a86/build/DerivedData/ModuleCache.noindex -sdk-module-cache-path /Users/builder/Factory/paperloft/evidence/checkouts/p2-checkpoint7a86/build/DerivedData/SDKExplicitPrecompiledModules -emit-dependencies -emit-module -emit-module-path /Users/builder/Factory/paperloft/evidence/checkouts/p2-checkpoint7a86/build/DerivedData/Build/Intermediates.noindex/Paperloft.build/Release/PaperloftApp.build/Objects-normal/arm64/Paperloft_Receipts.swiftmodule -serialize-diagnostics -dependency-scan-serialize-diagnostics-path /Users/builder/Factory/paperloft/evidence/checkouts/p2-checkpoint7a86/build/DerivedData/Build/Intermediates.noindex/Paperloft.build/Release/PaperloftApp.build/Objects-normal/arm64/Paperloft_Receipts-dependency-scan.dia -validate-clang-modules-once -clang-build-session-file /Users/builder/Factory/paperloft/evidence/checkouts/p2-checkpoint7a86/build/DerivedData/ModuleCache.noindex/Session.modulevalidation -Xcc -fmodules-prune-interval\=86400 -Xcc -fmodules-prune-after\=345600 -emit-const-values -const-gather-protocols-list /Users/builder/Factory/paperloft/evidence/checkouts/p2-checkpoint7a86/build/DerivedData/Build/Intermediates.noindex/Paperloft.build/Release/PaperloftApp.build/Objects-normal/arm64/PaperloftApp_const_extract_protocols.json -Xcc -iquote -Xcc /Users/builder/Factory/paperloft/evidence/checkouts/p2-checkpoint7a86/build/DerivedData/Build/Intermediates.noindex/Paperloft.build/Release/PaperloftApp.build/Paperloft\ Receipts-generated-files.hmap -Xcc -I/Users/builder/Factory/paperloft/evidence/checkouts/p2-checkpoint7a86/build/DerivedData/Build/Intermediates.noindex/Paperloft.build/Release/PaperloftApp.build/Paperloft\ Receipts-own-target-headers.hmap -Xcc -I/Users/builder/Factory/paperloft/evidence/checkouts/p2-checkpoint7a86/build/DerivedData/Build/Intermediates.noindex/Paperloft.build/Release/PaperloftApp.build/Paperloft\ Receipts-all-non-framework-target-headers.hmap -Xcc -ivfsoverlay -Xcc /Users/builder/Factory/paperloft/evidence/checkouts/p2-checkpoint7a86/build/DerivedData/Build/Intermediates.noindex/Paperloft.build/Release/Paperloft-b93ddc6bcd4d234a5473ab01ad3589c4-VFS/all-product-headers.yaml -Xcc -iquote -Xcc /Users/builder/Factory/paperloft/evidence/checkouts/p2-checkpoint7a86/build/DerivedData/Build/Intermediates.noindex/Paperloft.build/Release/PaperloftApp.build/Paperloft\ Receipts-project-headers.hmap -Xcc -I/Users/builder/Factory/paperloft/evidence/checkouts/p2-checkpoint7a86/build/DerivedData/Build/Products/Release/include -Xcc -I/Users/builder/Factory/paperloft/evidence/checkouts/p2-checkpoint7a86/build/DerivedData/Build/Intermediates.noindex/Paperloft.build/Release/PaperloftApp.build/DerivedSources-normal/arm64 -Xcc -I/Users/builder/Factory/paperloft/evidence/checkouts/p2-checkpoint7a86/build/DerivedData/Build/Intermediates.noindex/Paperloft.build/Release/PaperloftApp.build/DerivedSources/arm64 -Xcc -I/Users/builder/Factory/paperloft/evidence/checkouts/p2-checkpoint7a86/build/DerivedData/Build/Intermediates.noindex/Paperloft.build/Release/PaperloftApp.build/DerivedSources -emit-objc-header -emit-objc-header-path /Users/builder/Factory/paperloft/evidence/checkouts/p2-checkpoint7a86/build/DerivedData/Build/Intermediates.noindex/Paperloft.build/Release/PaperloftApp.build/Objects-normal/arm64/Paperloft_Receipts-Swift.h -working-directory /Users/builder/Factory/paperloft/evidence/checkouts/p2-checkpoint7a86 -experimental-emit-module-separately -disable-cmo

Ld /Users/builder/Factory/paperloft/evidence/checkouts/p2-checkpoint7a86/build/DerivedData/Build/Products/Release/Paperloft\ Receipts.app/Contents/MacOS/Paperloft\ Receipts normal (in target 'PaperloftApp' from project 'Paperloft')
    cd /Users/builder/Factory/paperloft/evidence/checkouts/p2-checkpoint7a86
    /Applications/Xcode.app/Contents/Developer/Toolchains/XcodeDefault.xctoolchain/usr/bin/clang -Xlinker -reproducible -target arm64-apple-macos27.0 -isysroot /Applications/Xcode.app/Contents/Developer/Platforms/MacOSX.platform/Developer/SDKs/MacOSX27.0.sdk -Os -Xlinker -no_warn_duplicate_libraries -L/Users/builder/Factory/paperloft/evidence/checkouts/p2-checkpoint7a86/build/DerivedData/Build/Intermediates.noindex/EagerLinkingTBDs/Release -L/Users/builder/Factory/paperloft/evidence/checkouts/p2-checkpoint7a86/build/DerivedData/Build/Products/Release -F/Users/builder/Factory/paperloft/evidence/checkouts/p2-checkpoint7a86/build/DerivedData/Build/Intermediates.noindex/EagerLinkingTBDs/Release -F/Users/builder/Factory/paperloft/evidence/checkouts/p2-checkpoint7a86/build/DerivedData/Build/Products/Release/PackageFrameworks -F/Users/builder/Factory/paperloft/evidence/checkouts/p2-checkpoint7a86/build/DerivedData/Build/Products/Release -filelist /Users/builder/Factory/paperloft/evidence/checkouts/p2-checkpoint7a86/build/DerivedData/Build/Intermediates.noindex/Paperloft.build/Release/PaperloftApp.build/Objects-normal/arm64/Paperloft\ Receipts.LinkFileList -Xlinker -object_path_lto -Xlinker /Users/builder/Factory/paperloft/evidence/checkouts/p2-checkpoint7a86/build/DerivedData/Build/Intermediates.noindex/Paperloft.build/Release/PaperloftApp.build/Objects-normal/arm64/Paperloft\ Receipts_lto.o -Xlinker -debug_variant -Xlinker -dependency_info -Xlinker /Users/builder/Factory/paperloft/evidence/checkouts/p2-checkpoint7a86/build/DerivedData/Build/Intermediates.noindex/Paperloft.build/Release/PaperloftApp.build/Objects-normal/arm64/Paperloft\ Receipts_dependency_info.dat -fobjc-link-runtime -fprofile-instr-generate -L/Applications/Xcode.app/Contents/Developer/Toolchains/XcodeDefault.xctoolchain/usr/lib/swift/macosx -L/usr/lib/swift -Xlinker -add_ast_path -Xlinker /Users/builder/Factory/paperloft/evidence/checkouts/p2-checkpoint7a86/build/DerivedData/Build/Intermediates.noindex/Paperloft.build/Release/PaperloftApp.build/Objects-normal/arm64/Paperloft_Receipts.swiftmodule -Xlinker -no_adhoc_codesign -o /Users/builder/Factory/paperloft/evidence/checkouts/p2-checkpoint7a86/build/DerivedData/Build/Products/Release/Paperloft\ Receipts.app/Contents/MacOS/Paperloft\ Receipts

CopySwiftLibs /Users/builder/Factory/paperloft/evidence/checkouts/p2-checkpoint7a86/build/DerivedData/Build/Products/Release/Paperloft\ Receipts.app (in target 'PaperloftApp' from project 'Paperloft')
    cd /Users/builder/Factory/paperloft/evidence/checkouts/p2-checkpoint7a86
    builtin-swiftStdLibTool --copy --verbose --sign - --scan-executable /Users/builder/Factory/paperloft/evidence/checkouts/p2-checkpoint7a86/build/DerivedData/Build/Products/Release/Paperloft\ Receipts.app/Contents/MacOS/Paperloft\ Receipts --scan-folder /Users/builder/Factory/paperloft/evidence/checkouts/p2-checkpoint7a86/build/DerivedData/Build/Products/Release/Paperloft\ Receipts.app/Contents/Frameworks --scan-folder /Users/builder/Factory/paperloft/evidence/checkouts/p2-checkpoint7a86/build/DerivedData/Build/Products/Release/Paperloft\ Receipts.app/Contents/PlugIns --scan-folder /Users/builder/Factory/paperloft/evidence/checkouts/p2-checkpoint7a86/build/DerivedData/Build/Products/Release/Paperloft\ Receipts.app/Contents/Library/SystemExtensions --scan-folder /Users/builder/Factory/paperloft/evidence/checkouts/p2-checkpoint7a86/build/DerivedData/Build/Products/Release/Paperloft\ Receipts.app/Contents/Extensions --platform macosx --toolchain /Applications/Xcode.app/Contents/Developer/Toolchains/XcodeDefault.xctoolchain --destination /Users/builder/Factory/paperloft/evidence/checkouts/p2-checkpoint7a86/build/DerivedData/Build/Products/Release/Paperloft\ Receipts.app/Contents/Frameworks --strip-bitcode --strip-bitcode-tool /Applications/Xcode.app/Contents/Developer/Toolchains/XcodeDefault.xctoolchain/usr/bin/bitcode_strip --emit-dependency-info /Users/builder/Factory/paperloft/evidence/checkouts/p2-checkpoint7a86/build/DerivedData/Build/Intermediates.noindex/Paperloft.build/Release/PaperloftApp.build/SwiftStdLibToolInputDependencies.dep --filter-for-swift-os

ExtractAppIntentsMetadata (in target 'PaperloftApp' from project 'Paperloft')
    cd /Users/builder/Factory/paperloft/evidence/checkouts/p2-checkpoint7a86
    /Applications/Xcode.app/Contents/Developer/Toolchains/XcodeDefault.xctoolchain/usr/bin/appintentsmetadataprocessor --toolchain-dir /Applications/Xcode.app/Contents/Developer/Toolchains/XcodeDefault.xctoolchain --module-name Paperloft_Receipts --sdk-root /Applications/Xcode.app/Contents/Developer/Platforms/MacOSX.platform/Developer/SDKs/MacOSX27.0.sdk --xcode-version 27A266a --platform-family macOS --deployment-target 27.0 --bundle-identifier app.paperloft.receipts --output /Users/builder/Factory/paperloft/evidence/checkouts/p2-checkpoint7a86/build/DerivedData/Build/Products/Release/Paperloft\ Receipts.app/Contents/Resources --target-triple arm64-apple-macos27.0 --binary-file /Users/builder/Factory/paperloft/evidence/checkouts/p2-checkpoint7a86/build/DerivedData/Build/Products/Release/Paperloft\ Receipts.app/Contents/MacOS/Paperloft\ Receipts --dependency-file /Users/builder/Factory/paperloft/evidence/checkouts/p2-checkpoint7a86/build/DerivedData/Build/Intermediates.noindex/Paperloft.build/Release/PaperloftApp.build/Objects-normal/arm64/Paperloft\ Receipts_dependency_info.dat --stringsdata-file /Users/builder/Factory/paperloft/evidence/checkouts/p2-checkpoint7a86/build/DerivedData/Build/Intermediates.noindex/Paperloft.build/Release/PaperloftApp.build/Objects-normal/arm64/ExtractedAppShortcutsMetadata.stringsdata --source-file-list /Users/builder/Factory/paperloft/evidence/checkouts/p2-checkpoint7a86/build/DerivedData/Build/Intermediates.noindex/Paperloft.build/Release/PaperloftApp.build/Objects-normal/arm64/Paperloft\ Receipts.SwiftFileList --metadata-file-list /Users/builder/Factory/paperloft/evidence/checkouts/p2-checkpoint7a86/build/DerivedData/Build/Intermediates.noindex/Paperloft.build/Release/PaperloftApp.build/Paperloft\ Receipts.DependencyMetadataFileList --static-metadata-file-list /Users/builder/Factory/paperloft/evidence/checkouts/p2-checkpoint7a86/build/DerivedData/Build/Intermediates.noindex/Paperloft.build/Release/PaperloftApp.build/Paperloft\ Receipts.DependencyStaticMetadataFileList --swift-const-vals-list /Users/builder/Factory/paperloft/evidence/checkouts/p2-checkpoint7a86/build/DerivedData/Build/Intermediates.noindex/Paperloft.build/Release/PaperloftApp.build/Objects-normal/arm64/Paperloft\ Receipts.SwiftConstValuesFileList --compile-time-extraction --deployment-aware-processing --no-app-shortcuts-localization
2026-09-26 21:33:59.745 appintentsmetadataprocessor[20821:863273] Starting appintentsmetadataprocessor export
2026-09-26 21:33:59.799 appintentsmetadataprocessor[20821:863273] Extracted no relevant App Intents symbols, skipping writing output

CodeSign /Users/builder/Factory/paperloft/evidence/checkouts/p2-checkpoint7a86/build/DerivedData/Build/Products/Release/Paperloft\ Receipts.app (in target 'PaperloftApp' from project 'Paperloft')
    cd /Users/builder/Factory/paperloft/evidence/checkouts/p2-checkpoint7a86
    
    Signing Identity:     "Sign to Run Locally"
    
    /usr/bin/codesign --force --sign - --entitlements /Users/builder/Factory/paperloft/evidence/checkouts/p2-checkpoint7a86/build/DerivedData/Build/Intermediates.noindex/Paperloft.build/Release/PaperloftApp.build/Paperloft\ Receipts.app.xcent --timestamp\=none --generate-entitlement-der /Users/builder/Factory/paperloft/evidence/checkouts/p2-checkpoint7a86/build/DerivedData/Build/Products/Release/Paperloft\ Receipts.app

RegisterExecutionPolicyException /Users/builder/Factory/paperloft/evidence/checkouts/p2-checkpoint7a86/build/DerivedData/Build/Products/Release/Paperloft\ Receipts.app (in target 'PaperloftApp' from project 'Paperloft')
    cd /Users/builder/Factory/paperloft/evidence/checkouts/p2-checkpoint7a86
    builtin-RegisterExecutionPolicyException /Users/builder/Factory/paperloft/evidence/checkouts/p2-checkpoint7a86/build/DerivedData/Build/Products/Release/Paperloft\ Receipts.app

Validate /Users/builder/Factory/paperloft/evidence/checkouts/p2-checkpoint7a86/build/DerivedData/Build/Products/Release/Paperloft\ Receipts.app (in target 'PaperloftApp' from project 'Paperloft')
    cd /Users/builder/Factory/paperloft/evidence/checkouts/p2-checkpoint7a86
    builtin-validationUtility /Users/builder/Factory/paperloft/evidence/checkouts/p2-checkpoint7a86/build/DerivedData/Build/Products/Release/Paperloft\ Receipts.app -no-validate-extension -infoplist-subpath Contents/Info.plist

Touch /Users/builder/Factory/paperloft/evidence/checkouts/p2-checkpoint7a86/build/DerivedData/Build/Products/Release/Paperloft\ Receipts.app (in target 'PaperloftApp' from project 'Paperloft')
    cd /Users/builder/Factory/paperloft/evidence/checkouts/p2-checkpoint7a86
    /usr/bin/touch -c /Users/builder/Factory/paperloft/evidence/checkouts/p2-checkpoint7a86/build/DerivedData/Build/Products/Release/Paperloft\ Receipts.app

RegisterWithLaunchServices /Users/builder/Factory/paperloft/evidence/checkouts/p2-checkpoint7a86/build/DerivedData/Build/Products/Release/Paperloft\ Receipts.app (in target 'PaperloftApp' from project 'Paperloft')
    cd /Users/builder/Factory/paperloft/evidence/checkouts/p2-checkpoint7a86
    builtin-lsregisterurl --record-path /Users/builder/Factory/paperloft/evidence/checkouts/p2-checkpoint7a86/build/DerivedData/Build/Intermediates.noindex/XCBuildData/registered-launchservices.txt -- /System/Library/Frameworks/CoreServices.framework/Versions/Current/Frameworks/LaunchServices.framework/Versions/Current/Support/lsregister -f -R -trusted /Users/builder/Factory/paperloft/evidence/checkouts/p2-checkpoint7a86/build/DerivedData/Build/Products/Release/Paperloft\ Receipts.app

PruneExplicitPrecompiledModules /Users/builder/Factory/paperloft/evidence/checkouts/p2-checkpoint7a86/build/DerivedData/SDKExplicitPrecompiledModules

PruneExplicitPrecompiledModules /Users/builder/Factory/paperloft/evidence/checkouts/p2-checkpoint7a86/build/DerivedData/Build/Intermediates.noindex/ExplicitPrecompiledModules

PruneExplicitPrecompiledModules /Users/builder/Factory/paperloft/evidence/checkouts/p2-checkpoint7a86/build/DerivedData/Build/Intermediates.noindex/SwiftExplicitPrecompiledModules

** BUILD SUCCEEDED **

