Command line invocation:
    /Applications/Xcode.app/Contents/Developer/usr/bin/xcodebuild -project Paperloft.xcodeproj -scheme PaperloftApp -destination platform=macOS -configuration Debug -derivedDataPath build/DerivedData SWIFT_TREAT_WARNINGS_AS_ERRORS=YES clean build

Build settings from command line:
    SWIFT_TREAT_WARNINGS_AS_ERRORS = YES

Resolve Package Graph


Resolved source packages:
  PaperloftKit: /Users/builder/Factory/paperloft/evidence/checkouts/p4-28c3cef/Packages/PaperloftKit @ local
  PaperloftHandoff: /Users/builder/Factory/paperloft/evidence/checkouts/p4-28c3cef/Packages/PaperloftHandoff @ local

CreateBuildRequest

SendProjectDescription

CreateBuildOperation

** CLEAN SUCCEEDED **

ComputePackagePrebuildTargetDependencyGraph

Prepare packages

CreateBuildRequest

SendProjectDescription

CreateBuildOperation

ComputeTargetDependencyGraph
note: Building targets in dependency order
note: Target dependency graph (6 targets)
    Target 'PaperloftApp' in project 'Paperloft'
        ➜ Explicit dependency on target 'PaperloftShare' in project 'Paperloft'
        ➜ Explicit dependency on target 'PaperloftKit-product' in project 'PaperloftKit'
        ➜ Explicit dependency on target 'PaperloftHandoff-product' in project 'PaperloftHandoff'
    Target 'PaperloftKit-product' in project 'PaperloftKit'
        ➜ Explicit dependency on target 'PaperloftKit' in project 'PaperloftKit'
    Target 'PaperloftKit' in project 'PaperloftKit' (no dependencies)
    Target 'PaperloftShare' in project 'Paperloft'
        ➜ Explicit dependency on target 'PaperloftHandoff-product' in project 'PaperloftHandoff'
    Target 'PaperloftHandoff-product' in project 'PaperloftHandoff'
        ➜ Explicit dependency on target 'PaperloftHandoff' in project 'PaperloftHandoff'
    Target 'PaperloftHandoff' in project 'PaperloftHandoff' (no dependencies)

GatherProvisioningInputs

CreateBuildDescription

ExecuteExternalTool /Applications/Xcode.app/Contents/Developer/Toolchains/XcodeDefault.xctoolchain/usr/bin/swiftc --version

ExecuteExternalTool /Applications/Xcode.app/Contents/Developer/Toolchains/XcodeDefault.xctoolchain/usr/bin/clang -v -E -dM -isysroot /Applications/Xcode.app/Contents/Developer/Platforms/MacOSX.platform/Developer/SDKs/MacOSX27.0.sdk -x c -c /dev/null

ExecuteExternalTool /Applications/Xcode.app/Contents/Developer/usr/bin/actool --version --output-format xml1

ExecuteExternalTool /Applications/Xcode.app/Contents/Developer/Toolchains/XcodeDefault.xctoolchain/usr/bin/ld -version_details

Build description signature: 59f071755c82f01b46b6559b223305bd
Build description path: /Users/builder/Factory/paperloft/evidence/checkouts/p4-28c3cef/build/DerivedData/Build/Intermediates.noindex/XCBuildData/59f071755c82f01b46b6559b223305bd.xcbuilddata
CreateBuildDirectory /Users/builder/Factory/paperloft/evidence/checkouts/p4-28c3cef/build/DerivedData/SDKExplicitPrecompiledModules
    cd /Users/builder/Factory/paperloft/evidence/checkouts/p4-28c3cef/Paperloft.xcodeproj
    builtin-create-build-directory /Users/builder/Factory/paperloft/evidence/checkouts/p4-28c3cef/build/DerivedData/SDKExplicitPrecompiledModules

CreateBuildDirectory /Users/builder/Factory/paperloft/evidence/checkouts/p4-28c3cef/build/DerivedData/ModuleCache.noindex
    cd /Users/builder/Factory/paperloft/evidence/checkouts/p4-28c3cef/Paperloft.xcodeproj
    builtin-create-build-directory /Users/builder/Factory/paperloft/evidence/checkouts/p4-28c3cef/build/DerivedData/ModuleCache.noindex

CreateBuildDirectory /Users/builder/Factory/paperloft/evidence/checkouts/p4-28c3cef/build/DerivedData/CompilationCache.noindex
    cd /Users/builder/Factory/paperloft/evidence/checkouts/p4-28c3cef/Paperloft.xcodeproj
    builtin-create-build-directory /Users/builder/Factory/paperloft/evidence/checkouts/p4-28c3cef/build/DerivedData/CompilationCache.noindex

ClangStatCache /Applications/Xcode.app/Contents/Developer/Toolchains/XcodeDefault.xctoolchain/usr/bin/clang-stat-cache /Applications/Xcode.app/Contents/Developer/Platforms/MacOSX.platform/Developer/SDKs/MacOSX27.0.sdk /Users/builder/Factory/paperloft/evidence/checkouts/p4-28c3cef/build/DerivedData/SDKStatCaches.noindex/macosx27.0-26A425-7231f6df4def33e022ae2eb8f782df1a.sdkstatcache
    cd /Users/builder/Factory/paperloft/evidence/checkouts/p4-28c3cef/Paperloft.xcodeproj
    /Applications/Xcode.app/Contents/Developer/Toolchains/XcodeDefault.xctoolchain/usr/bin/clang-stat-cache /Applications/Xcode.app/Contents/Developer/Platforms/MacOSX.platform/Developer/SDKs/MacOSX27.0.sdk -o /Users/builder/Factory/paperloft/evidence/checkouts/p4-28c3cef/build/DerivedData/SDKStatCaches.noindex/macosx27.0-26A425-7231f6df4def33e022ae2eb8f782df1a.sdkstatcache

CreateBuildDirectory /Users/builder/Factory/paperloft/evidence/checkouts/p4-28c3cef/build/DerivedData/Build/Products
    cd /Users/builder/Factory/paperloft/evidence/checkouts/p4-28c3cef/Paperloft.xcodeproj
    builtin-create-build-directory /Users/builder/Factory/paperloft/evidence/checkouts/p4-28c3cef/build/DerivedData/Build/Products

CreateBuildDirectory /Users/builder/Factory/paperloft/evidence/checkouts/p4-28c3cef/build/DerivedData/Build/Intermediates.noindex
    cd /Users/builder/Factory/paperloft/evidence/checkouts/p4-28c3cef/Paperloft.xcodeproj
    builtin-create-build-directory /Users/builder/Factory/paperloft/evidence/checkouts/p4-28c3cef/build/DerivedData/Build/Intermediates.noindex

CreateBuildDirectory /Users/builder/Factory/paperloft/evidence/checkouts/p4-28c3cef/build/DerivedData/Build/Intermediates.noindex/PrecompiledHeaders
    cd /Users/builder/Factory/paperloft/evidence/checkouts/p4-28c3cef/Paperloft.xcodeproj
    builtin-create-build-directory /Users/builder/Factory/paperloft/evidence/checkouts/p4-28c3cef/build/DerivedData/Build/Intermediates.noindex/PrecompiledHeaders

CreateBuildDirectory /Users/builder/Factory/paperloft/evidence/checkouts/p4-28c3cef/build/DerivedData/Build/Intermediates.noindex/ExplicitPrecompiledModules
    cd /Users/builder/Factory/paperloft/evidence/checkouts/p4-28c3cef/Paperloft.xcodeproj
    builtin-create-build-directory /Users/builder/Factory/paperloft/evidence/checkouts/p4-28c3cef/build/DerivedData/Build/Intermediates.noindex/ExplicitPrecompiledModules

CreateBuildDirectory /Users/builder/Factory/paperloft/evidence/checkouts/p4-28c3cef/build/DerivedData/Build/Intermediates.noindex/SwiftExplicitPrecompiledModules
    cd /Users/builder/Factory/paperloft/evidence/checkouts/p4-28c3cef/Paperloft.xcodeproj
    builtin-create-build-directory /Users/builder/Factory/paperloft/evidence/checkouts/p4-28c3cef/build/DerivedData/Build/Intermediates.noindex/SwiftExplicitPrecompiledModules

CreateBuildDirectory /Users/builder/Factory/paperloft/evidence/checkouts/p4-28c3cef/build/DerivedData/Build/Products/Debug
    cd /Users/builder/Factory/paperloft/evidence/checkouts/p4-28c3cef/Paperloft.xcodeproj
    builtin-create-build-directory /Users/builder/Factory/paperloft/evidence/checkouts/p4-28c3cef/build/DerivedData/Build/Products/Debug

CreateBuildDirectory /Users/builder/Factory/paperloft/evidence/checkouts/p4-28c3cef/build/DerivedData/Build/Intermediates.noindex/EagerLinkingTBDs/Debug
    cd /Users/builder/Factory/paperloft/evidence/checkouts/p4-28c3cef/Paperloft.xcodeproj
    builtin-create-build-directory /Users/builder/Factory/paperloft/evidence/checkouts/p4-28c3cef/build/DerivedData/Build/Intermediates.noindex/EagerLinkingTBDs/Debug

WriteAuxiliaryFile /Users/builder/Factory/paperloft/evidence/checkouts/p4-28c3cef/build/DerivedData/Build/Intermediates.noindex/Paperloft.build/Debug/Paperloft-b93ddc6bcd4d234a5473ab01ad3589c4-VFS/all-product-headers.yaml
    cd /Users/builder/Factory/paperloft/evidence/checkouts/p4-28c3cef/Paperloft.xcodeproj
    write-file /Users/builder/Factory/paperloft/evidence/checkouts/p4-28c3cef/build/DerivedData/Build/Intermediates.noindex/Paperloft.build/Debug/Paperloft-b93ddc6bcd4d234a5473ab01ad3589c4-VFS/all-product-headers.yaml

CreateBuildDirectory /Users/builder/Factory/paperloft/evidence/checkouts/p4-28c3cef/build/DerivedData/Build/Products/Debug/PackageFrameworks
    cd /Users/builder/Factory/paperloft/evidence/checkouts/p4-28c3cef/Paperloft.xcodeproj
    builtin-create-build-directory /Users/builder/Factory/paperloft/evidence/checkouts/p4-28c3cef/build/DerivedData/Build/Products/Debug/PackageFrameworks

WriteAuxiliaryFile /Users/builder/Factory/paperloft/evidence/checkouts/p4-28c3cef/build/DerivedData/Build/Intermediates.noindex/Paperloft.build/Debug/PaperloftShare.build/PaperloftShare-generated-files.hmap (in target 'PaperloftShare' from project 'Paperloft')
    cd /Users/builder/Factory/paperloft/evidence/checkouts/p4-28c3cef
    write-file /Users/builder/Factory/paperloft/evidence/checkouts/p4-28c3cef/build/DerivedData/Build/Intermediates.noindex/Paperloft.build/Debug/PaperloftShare.build/PaperloftShare-generated-files.hmap

WriteAuxiliaryFile /Users/builder/Factory/paperloft/evidence/checkouts/p4-28c3cef/build/DerivedData/Build/Intermediates.noindex/Paperloft.build/Debug/PaperloftShare.build/PaperloftShare-project-headers.hmap (in target 'PaperloftShare' from project 'Paperloft')
    cd /Users/builder/Factory/paperloft/evidence/checkouts/p4-28c3cef
    write-file /Users/builder/Factory/paperloft/evidence/checkouts/p4-28c3cef/build/DerivedData/Build/Intermediates.noindex/Paperloft.build/Debug/PaperloftShare.build/PaperloftShare-project-headers.hmap

WriteAuxiliaryFile /Users/builder/Factory/paperloft/evidence/checkouts/p4-28c3cef/build/DerivedData/Build/Intermediates.noindex/Paperloft.build/Debug/PaperloftShare.build/PaperloftShare-all-target-headers.hmap (in target 'PaperloftShare' from project 'Paperloft')
    cd /Users/builder/Factory/paperloft/evidence/checkouts/p4-28c3cef
    write-file /Users/builder/Factory/paperloft/evidence/checkouts/p4-28c3cef/build/DerivedData/Build/Intermediates.noindex/Paperloft.build/Debug/PaperloftShare.build/PaperloftShare-all-target-headers.hmap

WriteAuxiliaryFile /Users/builder/Factory/paperloft/evidence/checkouts/p4-28c3cef/build/DerivedData/Build/Intermediates.noindex/Paperloft.build/Debug/PaperloftShare.build/PaperloftShare.hmap (in target 'PaperloftShare' from project 'Paperloft')
    cd /Users/builder/Factory/paperloft/evidence/checkouts/p4-28c3cef
    write-file /Users/builder/Factory/paperloft/evidence/checkouts/p4-28c3cef/build/DerivedData/Build/Intermediates.noindex/Paperloft.build/Debug/PaperloftShare.build/PaperloftShare.hmap

WriteAuxiliaryFile /Users/builder/Factory/paperloft/evidence/checkouts/p4-28c3cef/build/DerivedData/Build/Intermediates.noindex/Paperloft.build/Debug/PaperloftShare.build/PaperloftShare-all-non-framework-target-headers.hmap (in target 'PaperloftShare' from project 'Paperloft')
    cd /Users/builder/Factory/paperloft/evidence/checkouts/p4-28c3cef
    write-file /Users/builder/Factory/paperloft/evidence/checkouts/p4-28c3cef/build/DerivedData/Build/Intermediates.noindex/Paperloft.build/Debug/PaperloftShare.build/PaperloftShare-all-non-framework-target-headers.hmap

WriteAuxiliaryFile /Users/builder/Factory/paperloft/evidence/checkouts/p4-28c3cef/build/DerivedData/Build/Intermediates.noindex/Paperloft.build/Debug/PaperloftShare.build/PaperloftShare-DebugEntryPoint-normal-arm64.txt (in target 'PaperloftShare' from project 'Paperloft')
    cd /Users/builder/Factory/paperloft/evidence/checkouts/p4-28c3cef
    write-file /Users/builder/Factory/paperloft/evidence/checkouts/p4-28c3cef/build/DerivedData/Build/Intermediates.noindex/Paperloft.build/Debug/PaperloftShare.build/PaperloftShare-DebugEntryPoint-normal-arm64.txt

WriteAuxiliaryFile /Users/builder/Factory/paperloft/evidence/checkouts/p4-28c3cef/build/DerivedData/Build/Intermediates.noindex/Paperloft.build/Debug/PaperloftShare.build/PaperloftShare-own-target-headers.hmap (in target 'PaperloftShare' from project 'Paperloft')
    cd /Users/builder/Factory/paperloft/evidence/checkouts/p4-28c3cef
    write-file /Users/builder/Factory/paperloft/evidence/checkouts/p4-28c3cef/build/DerivedData/Build/Intermediates.noindex/Paperloft.build/Debug/PaperloftShare.build/PaperloftShare-own-target-headers.hmap

WriteAuxiliaryFile /Users/builder/Factory/paperloft/evidence/checkouts/p4-28c3cef/build/DerivedData/Build/Intermediates.noindex/Paperloft.build/Debug/PaperloftShare.build/PaperloftShare-DebugDylibPath-normal-arm64.txt (in target 'PaperloftShare' from project 'Paperloft')
    cd /Users/builder/Factory/paperloft/evidence/checkouts/p4-28c3cef
    write-file /Users/builder/Factory/paperloft/evidence/checkouts/p4-28c3cef/build/DerivedData/Build/Intermediates.noindex/Paperloft.build/Debug/PaperloftShare.build/PaperloftShare-DebugDylibPath-normal-arm64.txt

WriteAuxiliaryFile /Users/builder/Factory/paperloft/evidence/checkouts/p4-28c3cef/build/DerivedData/Build/Intermediates.noindex/Paperloft.build/Debug/PaperloftShare.build/PaperloftShare-DebugDylibInstallName-normal-arm64.txt (in target 'PaperloftShare' from project 'Paperloft')
    cd /Users/builder/Factory/paperloft/evidence/checkouts/p4-28c3cef
    write-file /Users/builder/Factory/paperloft/evidence/checkouts/p4-28c3cef/build/DerivedData/Build/Intermediates.noindex/Paperloft.build/Debug/PaperloftShare.build/PaperloftShare-DebugDylibInstallName-normal-arm64.txt

WriteAuxiliaryFile /Users/builder/Factory/paperloft/evidence/checkouts/p4-28c3cef/build/DerivedData/Build/Intermediates.noindex/Paperloft.build/Debug/PaperloftShare.build/Objects-normal/arm64/PaperloftShare.LinkFileList (in target 'PaperloftShare' from project 'Paperloft')
    cd /Users/builder/Factory/paperloft/evidence/checkouts/p4-28c3cef
    write-file /Users/builder/Factory/paperloft/evidence/checkouts/p4-28c3cef/build/DerivedData/Build/Intermediates.noindex/Paperloft.build/Debug/PaperloftShare.build/Objects-normal/arm64/PaperloftShare.LinkFileList

WriteAuxiliaryFile /Users/builder/Factory/paperloft/evidence/checkouts/p4-28c3cef/build/DerivedData/Build/Intermediates.noindex/Paperloft.build/Debug/PaperloftShare.build/Objects-normal/arm64/PaperloftShare.SwiftFileList (in target 'PaperloftShare' from project 'Paperloft')
    cd /Users/builder/Factory/paperloft/evidence/checkouts/p4-28c3cef
    write-file /Users/builder/Factory/paperloft/evidence/checkouts/p4-28c3cef/build/DerivedData/Build/Intermediates.noindex/Paperloft.build/Debug/PaperloftShare.build/Objects-normal/arm64/PaperloftShare.SwiftFileList

WriteAuxiliaryFile /Users/builder/Factory/paperloft/evidence/checkouts/p4-28c3cef/build/DerivedData/Build/Intermediates.noindex/Paperloft.build/Debug/PaperloftShare.build/Objects-normal/arm64/PaperloftShare-OutputFileMap.json (in target 'PaperloftShare' from project 'Paperloft')
    cd /Users/builder/Factory/paperloft/evidence/checkouts/p4-28c3cef
    write-file /Users/builder/Factory/paperloft/evidence/checkouts/p4-28c3cef/build/DerivedData/Build/Intermediates.noindex/Paperloft.build/Debug/PaperloftShare.build/Objects-normal/arm64/PaperloftShare-OutputFileMap.json

WriteAuxiliaryFile /Users/builder/Factory/paperloft/evidence/checkouts/p4-28c3cef/build/DerivedData/Build/Intermediates.noindex/Paperloft.build/Debug/PaperloftShare.build/DerivedSources/Entitlements.plist (in target 'PaperloftShare' from project 'Paperloft')
    cd /Users/builder/Factory/paperloft/evidence/checkouts/p4-28c3cef
    write-file /Users/builder/Factory/paperloft/evidence/checkouts/p4-28c3cef/build/DerivedData/Build/Intermediates.noindex/Paperloft.build/Debug/PaperloftShare.build/DerivedSources/Entitlements.plist

WriteAuxiliaryFile /Users/builder/Factory/paperloft/evidence/checkouts/p4-28c3cef/build/DerivedData/Build/Intermediates.noindex/Paperloft.build/Debug/PaperloftShare.build/Objects-normal/arm64/PaperloftShare_const_extract_protocols.json (in target 'PaperloftShare' from project 'Paperloft')
    cd /Users/builder/Factory/paperloft/evidence/checkouts/p4-28c3cef
    write-file /Users/builder/Factory/paperloft/evidence/checkouts/p4-28c3cef/build/DerivedData/Build/Intermediates.noindex/Paperloft.build/Debug/PaperloftShare.build/Objects-normal/arm64/PaperloftShare_const_extract_protocols.json

WriteAuxiliaryFile /Users/builder/Factory/paperloft/evidence/checkouts/p4-28c3cef/build/DerivedData/Build/Intermediates.noindex/PaperloftKit.build/Debug/PaperloftKit-t.build/PaperloftKit.modulemap (in target 'PaperloftKit' from project 'PaperloftKit')
    cd /Users/builder/Factory/paperloft/evidence/checkouts/p4-28c3cef/Packages/PaperloftKit
    write-file /Users/builder/Factory/paperloft/evidence/checkouts/p4-28c3cef/build/DerivedData/Build/Intermediates.noindex/PaperloftKit.build/Debug/PaperloftKit-t.build/PaperloftKit.modulemap

WriteAuxiliaryFile /Users/builder/Factory/paperloft/evidence/checkouts/p4-28c3cef/build/DerivedData/Build/Intermediates.noindex/PaperloftKit.build/Debug/PaperloftKit-t.build/PaperloftKit.DependencyStaticMetadataFileList (in target 'PaperloftKit' from project 'PaperloftKit')
    cd /Users/builder/Factory/paperloft/evidence/checkouts/p4-28c3cef/Packages/PaperloftKit
    write-file /Users/builder/Factory/paperloft/evidence/checkouts/p4-28c3cef/build/DerivedData/Build/Intermediates.noindex/PaperloftKit.build/Debug/PaperloftKit-t.build/PaperloftKit.DependencyStaticMetadataFileList

WriteAuxiliaryFile /Users/builder/Factory/paperloft/evidence/checkouts/p4-28c3cef/build/DerivedData/Build/Intermediates.noindex/PaperloftKit.build/Debug/PaperloftKit-t.build/PaperloftKit.DependencyMetadataFileList (in target 'PaperloftKit' from project 'PaperloftKit')
    cd /Users/builder/Factory/paperloft/evidence/checkouts/p4-28c3cef/Packages/PaperloftKit
    write-file /Users/builder/Factory/paperloft/evidence/checkouts/p4-28c3cef/build/DerivedData/Build/Intermediates.noindex/PaperloftKit.build/Debug/PaperloftKit-t.build/PaperloftKit.DependencyMetadataFileList

WriteAuxiliaryFile /Users/builder/Factory/paperloft/evidence/checkouts/p4-28c3cef/build/DerivedData/Build/Intermediates.noindex/PaperloftKit.build/Debug/PaperloftKit-t.build/Objects-normal/arm64/PaperloftKit_const_extract_protocols.json (in target 'PaperloftKit' from project 'PaperloftKit')
    cd /Users/builder/Factory/paperloft/evidence/checkouts/p4-28c3cef/Packages/PaperloftKit
    write-file /Users/builder/Factory/paperloft/evidence/checkouts/p4-28c3cef/build/DerivedData/Build/Intermediates.noindex/PaperloftKit.build/Debug/PaperloftKit-t.build/Objects-normal/arm64/PaperloftKit_const_extract_protocols.json

WriteAuxiliaryFile /Users/builder/Factory/paperloft/evidence/checkouts/p4-28c3cef/build/DerivedData/Build/Intermediates.noindex/PaperloftKit.build/Debug/PaperloftKit-t.build/Objects-normal/arm64/PaperloftKit.SwiftFileList (in target 'PaperloftKit' from project 'PaperloftKit')
    cd /Users/builder/Factory/paperloft/evidence/checkouts/p4-28c3cef/Packages/PaperloftKit
    write-file /Users/builder/Factory/paperloft/evidence/checkouts/p4-28c3cef/build/DerivedData/Build/Intermediates.noindex/PaperloftKit.build/Debug/PaperloftKit-t.build/Objects-normal/arm64/PaperloftKit.SwiftFileList

WriteAuxiliaryFile /Users/builder/Factory/paperloft/evidence/checkouts/p4-28c3cef/build/DerivedData/Build/Intermediates.noindex/PaperloftKit.build/Debug/PaperloftKit-t.build/Objects-normal/arm64/PaperloftKit.SwiftConstValuesFileList (in target 'PaperloftKit' from project 'PaperloftKit')
    cd /Users/builder/Factory/paperloft/evidence/checkouts/p4-28c3cef/Packages/PaperloftKit
    write-file /Users/builder/Factory/paperloft/evidence/checkouts/p4-28c3cef/build/DerivedData/Build/Intermediates.noindex/PaperloftKit.build/Debug/PaperloftKit-t.build/Objects-normal/arm64/PaperloftKit.SwiftConstValuesFileList

WriteAuxiliaryFile /Users/builder/Factory/paperloft/evidence/checkouts/p4-28c3cef/build/DerivedData/Build/Intermediates.noindex/PaperloftKit.build/Debug/PaperloftKit-t.build/Objects-normal/arm64/PaperloftKit.LinkFileList (in target 'PaperloftKit' from project 'PaperloftKit')
    cd /Users/builder/Factory/paperloft/evidence/checkouts/p4-28c3cef/Packages/PaperloftKit
    write-file /Users/builder/Factory/paperloft/evidence/checkouts/p4-28c3cef/build/DerivedData/Build/Intermediates.noindex/PaperloftKit.build/Debug/PaperloftKit-t.build/Objects-normal/arm64/PaperloftKit.LinkFileList

WriteAuxiliaryFile /Users/builder/Factory/paperloft/evidence/checkouts/p4-28c3cef/build/DerivedData/Build/Intermediates.noindex/PaperloftKit.build/Debug/PaperloftKit-t.build/Objects-normal/arm64/PaperloftKit-OutputFileMap.json (in target 'PaperloftKit' from project 'PaperloftKit')
    cd /Users/builder/Factory/paperloft/evidence/checkouts/p4-28c3cef/Packages/PaperloftKit
    write-file /Users/builder/Factory/paperloft/evidence/checkouts/p4-28c3cef/build/DerivedData/Build/Intermediates.noindex/PaperloftKit.build/Debug/PaperloftKit-t.build/Objects-normal/arm64/PaperloftKit-OutputFileMap.json

WriteAuxiliaryFile /Users/builder/Factory/paperloft/evidence/checkouts/p4-28c3cef/build/DerivedData/Build/Intermediates.noindex/PaperloftHandoff.build/Debug/PaperloftHandoff-t.build/PaperloftHandoff.DependencyStaticMetadataFileList (in target 'PaperloftHandoff' from project 'PaperloftHandoff')
    cd /Users/builder/Factory/paperloft/evidence/checkouts/p4-28c3cef/Packages/PaperloftHandoff
    write-file /Users/builder/Factory/paperloft/evidence/checkouts/p4-28c3cef/build/DerivedData/Build/Intermediates.noindex/PaperloftHandoff.build/Debug/PaperloftHandoff-t.build/PaperloftHandoff.DependencyStaticMetadataFileList

WriteAuxiliaryFile /Users/builder/Factory/paperloft/evidence/checkouts/p4-28c3cef/build/DerivedData/Build/Intermediates.noindex/PaperloftHandoff.build/Debug/PaperloftHandoff-t.build/PaperloftHandoff.modulemap (in target 'PaperloftHandoff' from project 'PaperloftHandoff')
    cd /Users/builder/Factory/paperloft/evidence/checkouts/p4-28c3cef/Packages/PaperloftHandoff
    write-file /Users/builder/Factory/paperloft/evidence/checkouts/p4-28c3cef/build/DerivedData/Build/Intermediates.noindex/PaperloftHandoff.build/Debug/PaperloftHandoff-t.build/PaperloftHandoff.modulemap

WriteAuxiliaryFile /Users/builder/Factory/paperloft/evidence/checkouts/p4-28c3cef/build/DerivedData/Build/Intermediates.noindex/PaperloftHandoff.build/Debug/PaperloftHandoff-t.build/PaperloftHandoff.DependencyMetadataFileList (in target 'PaperloftHandoff' from project 'PaperloftHandoff')
    cd /Users/builder/Factory/paperloft/evidence/checkouts/p4-28c3cef/Packages/PaperloftHandoff
    write-file /Users/builder/Factory/paperloft/evidence/checkouts/p4-28c3cef/build/DerivedData/Build/Intermediates.noindex/PaperloftHandoff.build/Debug/PaperloftHandoff-t.build/PaperloftHandoff.DependencyMetadataFileList

WriteAuxiliaryFile /Users/builder/Factory/paperloft/evidence/checkouts/p4-28c3cef/build/DerivedData/Build/Intermediates.noindex/PaperloftHandoff.build/Debug/PaperloftHandoff-t.build/Objects-normal/arm64/PaperloftHandoff_const_extract_protocols.json (in target 'PaperloftHandoff' from project 'PaperloftHandoff')
    cd /Users/builder/Factory/paperloft/evidence/checkouts/p4-28c3cef/Packages/PaperloftHandoff
    write-file /Users/builder/Factory/paperloft/evidence/checkouts/p4-28c3cef/build/DerivedData/Build/Intermediates.noindex/PaperloftHandoff.build/Debug/PaperloftHandoff-t.build/Objects-normal/arm64/PaperloftHandoff_const_extract_protocols.json

Copy /Users/builder/Factory/paperloft/evidence/checkouts/p4-28c3cef/build/DerivedData/Build/Intermediates.noindex/GeneratedModuleMaps/PaperloftKit.modulemap /Users/builder/Factory/paperloft/evidence/checkouts/p4-28c3cef/build/DerivedData/Build/Intermediates.noindex/PaperloftKit.build/Debug/PaperloftKit-t.build/PaperloftKit.modulemap (in target 'PaperloftKit' from project 'PaperloftKit')
    cd /Users/builder/Factory/paperloft/evidence/checkouts/p4-28c3cef/Packages/PaperloftKit
    builtin-copy -exclude .DS_Store -exclude CVS -exclude .svn -exclude .git -exclude .hg -resolve-src-symlinks /Users/builder/Factory/paperloft/evidence/checkouts/p4-28c3cef/build/DerivedData/Build/Intermediates.noindex/PaperloftKit.build/Debug/PaperloftKit-t.build/PaperloftKit.modulemap /Users/builder/Factory/paperloft/evidence/checkouts/p4-28c3cef/build/DerivedData/Build/Intermediates.noindex/GeneratedModuleMaps

WriteAuxiliaryFile /Users/builder/Factory/paperloft/evidence/checkouts/p4-28c3cef/build/DerivedData/Build/Intermediates.noindex/PaperloftHandoff.build/Debug/PaperloftHandoff-t.build/Objects-normal/arm64/PaperloftHandoff.SwiftFileList (in target 'PaperloftHandoff' from project 'PaperloftHandoff')
    cd /Users/builder/Factory/paperloft/evidence/checkouts/p4-28c3cef/Packages/PaperloftHandoff
    write-file /Users/builder/Factory/paperloft/evidence/checkouts/p4-28c3cef/build/DerivedData/Build/Intermediates.noindex/PaperloftHandoff.build/Debug/PaperloftHandoff-t.build/Objects-normal/arm64/PaperloftHandoff.SwiftFileList

WriteAuxiliaryFile /Users/builder/Factory/paperloft/evidence/checkouts/p4-28c3cef/build/DerivedData/Build/Intermediates.noindex/PaperloftHandoff.build/Debug/PaperloftHandoff-t.build/Objects-normal/arm64/PaperloftHandoff.SwiftConstValuesFileList (in target 'PaperloftHandoff' from project 'PaperloftHandoff')
    cd /Users/builder/Factory/paperloft/evidence/checkouts/p4-28c3cef/Packages/PaperloftHandoff
    write-file /Users/builder/Factory/paperloft/evidence/checkouts/p4-28c3cef/build/DerivedData/Build/Intermediates.noindex/PaperloftHandoff.build/Debug/PaperloftHandoff-t.build/Objects-normal/arm64/PaperloftHandoff.SwiftConstValuesFileList

WriteAuxiliaryFile /Users/builder/Factory/paperloft/evidence/checkouts/p4-28c3cef/build/DerivedData/Build/Intermediates.noindex/PaperloftHandoff.build/Debug/PaperloftHandoff-t.build/Objects-normal/arm64/PaperloftHandoff.LinkFileList (in target 'PaperloftHandoff' from project 'PaperloftHandoff')
    cd /Users/builder/Factory/paperloft/evidence/checkouts/p4-28c3cef/Packages/PaperloftHandoff
    write-file /Users/builder/Factory/paperloft/evidence/checkouts/p4-28c3cef/build/DerivedData/Build/Intermediates.noindex/PaperloftHandoff.build/Debug/PaperloftHandoff-t.build/Objects-normal/arm64/PaperloftHandoff.LinkFileList

WriteAuxiliaryFile /Users/builder/Factory/paperloft/evidence/checkouts/p4-28c3cef/build/DerivedData/Build/Intermediates.noindex/PaperloftHandoff.build/Debug/PaperloftHandoff-t.build/Objects-normal/arm64/PaperloftHandoff-OutputFileMap.json (in target 'PaperloftHandoff' from project 'PaperloftHandoff')
    cd /Users/builder/Factory/paperloft/evidence/checkouts/p4-28c3cef/Packages/PaperloftHandoff
    write-file /Users/builder/Factory/paperloft/evidence/checkouts/p4-28c3cef/build/DerivedData/Build/Intermediates.noindex/PaperloftHandoff.build/Debug/PaperloftHandoff-t.build/Objects-normal/arm64/PaperloftHandoff-OutputFileMap.json

WriteAuxiliaryFile /Users/builder/Factory/paperloft/evidence/checkouts/p4-28c3cef/build/DerivedData/Build/Intermediates.noindex/Paperloft.build/Debug/PaperloftApp.build/Paperloft\ Receipts.hmap (in target 'PaperloftApp' from project 'Paperloft')
    cd /Users/builder/Factory/paperloft/evidence/checkouts/p4-28c3cef
    write-file /Users/builder/Factory/paperloft/evidence/checkouts/p4-28c3cef/build/DerivedData/Build/Intermediates.noindex/Paperloft.build/Debug/PaperloftApp.build/Paperloft\ Receipts.hmap

WriteAuxiliaryFile /Users/builder/Factory/paperloft/evidence/checkouts/p4-28c3cef/build/DerivedData/Build/Intermediates.noindex/Paperloft.build/Debug/PaperloftApp.build/Paperloft\ Receipts.DependencyStaticMetadataFileList (in target 'PaperloftApp' from project 'Paperloft')
    cd /Users/builder/Factory/paperloft/evidence/checkouts/p4-28c3cef
    write-file /Users/builder/Factory/paperloft/evidence/checkouts/p4-28c3cef/build/DerivedData/Build/Intermediates.noindex/Paperloft.build/Debug/PaperloftApp.build/Paperloft\ Receipts.DependencyStaticMetadataFileList

WriteAuxiliaryFile /Users/builder/Factory/paperloft/evidence/checkouts/p4-28c3cef/build/DerivedData/Build/Intermediates.noindex/Paperloft.build/Debug/PaperloftApp.build/Paperloft\ Receipts.DependencyMetadataFileList (in target 'PaperloftApp' from project 'Paperloft')
    cd /Users/builder/Factory/paperloft/evidence/checkouts/p4-28c3cef
    write-file /Users/builder/Factory/paperloft/evidence/checkouts/p4-28c3cef/build/DerivedData/Build/Intermediates.noindex/Paperloft.build/Debug/PaperloftApp.build/Paperloft\ Receipts.DependencyMetadataFileList

WriteAuxiliaryFile /Users/builder/Factory/paperloft/evidence/checkouts/p4-28c3cef/build/DerivedData/Build/Intermediates.noindex/Paperloft.build/Debug/PaperloftApp.build/Paperloft\ Receipts-project-headers.hmap (in target 'PaperloftApp' from project 'Paperloft')
    cd /Users/builder/Factory/paperloft/evidence/checkouts/p4-28c3cef
    write-file /Users/builder/Factory/paperloft/evidence/checkouts/p4-28c3cef/build/DerivedData/Build/Intermediates.noindex/Paperloft.build/Debug/PaperloftApp.build/Paperloft\ Receipts-project-headers.hmap

Copy /Users/builder/Factory/paperloft/evidence/checkouts/p4-28c3cef/build/DerivedData/Build/Intermediates.noindex/GeneratedModuleMaps/PaperloftHandoff.modulemap /Users/builder/Factory/paperloft/evidence/checkouts/p4-28c3cef/build/DerivedData/Build/Intermediates.noindex/PaperloftHandoff.build/Debug/PaperloftHandoff-t.build/PaperloftHandoff.modulemap (in target 'PaperloftHandoff' from project 'PaperloftHandoff')
    cd /Users/builder/Factory/paperloft/evidence/checkouts/p4-28c3cef/Packages/PaperloftHandoff
    builtin-copy -exclude .DS_Store -exclude CVS -exclude .svn -exclude .git -exclude .hg -resolve-src-symlinks /Users/builder/Factory/paperloft/evidence/checkouts/p4-28c3cef/build/DerivedData/Build/Intermediates.noindex/PaperloftHandoff.build/Debug/PaperloftHandoff-t.build/PaperloftHandoff.modulemap /Users/builder/Factory/paperloft/evidence/checkouts/p4-28c3cef/build/DerivedData/Build/Intermediates.noindex/GeneratedModuleMaps

WriteAuxiliaryFile /Users/builder/Factory/paperloft/evidence/checkouts/p4-28c3cef/build/DerivedData/Build/Intermediates.noindex/Paperloft.build/Debug/PaperloftApp.build/Paperloft\ Receipts-own-target-headers.hmap (in target 'PaperloftApp' from project 'Paperloft')
    cd /Users/builder/Factory/paperloft/evidence/checkouts/p4-28c3cef
    write-file /Users/builder/Factory/paperloft/evidence/checkouts/p4-28c3cef/build/DerivedData/Build/Intermediates.noindex/Paperloft.build/Debug/PaperloftApp.build/Paperloft\ Receipts-own-target-headers.hmap

WriteAuxiliaryFile /Users/builder/Factory/paperloft/evidence/checkouts/p4-28c3cef/build/DerivedData/Build/Intermediates.noindex/Paperloft.build/Debug/PaperloftApp.build/Paperloft\ Receipts-generated-files.hmap (in target 'PaperloftApp' from project 'Paperloft')
    cd /Users/builder/Factory/paperloft/evidence/checkouts/p4-28c3cef
    write-file /Users/builder/Factory/paperloft/evidence/checkouts/p4-28c3cef/build/DerivedData/Build/Intermediates.noindex/Paperloft.build/Debug/PaperloftApp.build/Paperloft\ Receipts-generated-files.hmap

WriteAuxiliaryFile /Users/builder/Factory/paperloft/evidence/checkouts/p4-28c3cef/build/DerivedData/Build/Intermediates.noindex/Paperloft.build/Debug/PaperloftApp.build/Paperloft\ Receipts-all-target-headers.hmap (in target 'PaperloftApp' from project 'Paperloft')
    cd /Users/builder/Factory/paperloft/evidence/checkouts/p4-28c3cef
    write-file /Users/builder/Factory/paperloft/evidence/checkouts/p4-28c3cef/build/DerivedData/Build/Intermediates.noindex/Paperloft.build/Debug/PaperloftApp.build/Paperloft\ Receipts-all-target-headers.hmap

WriteAuxiliaryFile /Users/builder/Factory/paperloft/evidence/checkouts/p4-28c3cef/build/DerivedData/Build/Intermediates.noindex/Paperloft.build/Debug/PaperloftApp.build/Paperloft\ Receipts-all-non-framework-target-headers.hmap (in target 'PaperloftApp' from project 'Paperloft')
    cd /Users/builder/Factory/paperloft/evidence/checkouts/p4-28c3cef
    write-file /Users/builder/Factory/paperloft/evidence/checkouts/p4-28c3cef/build/DerivedData/Build/Intermediates.noindex/Paperloft.build/Debug/PaperloftApp.build/Paperloft\ Receipts-all-non-framework-target-headers.hmap

WriteAuxiliaryFile /Users/builder/Factory/paperloft/evidence/checkouts/p4-28c3cef/build/DerivedData/Build/Intermediates.noindex/Paperloft.build/Debug/PaperloftApp.build/Paperloft\ Receipts-DebugDylibPath-normal-arm64.txt (in target 'PaperloftApp' from project 'Paperloft')
    cd /Users/builder/Factory/paperloft/evidence/checkouts/p4-28c3cef
    write-file /Users/builder/Factory/paperloft/evidence/checkouts/p4-28c3cef/build/DerivedData/Build/Intermediates.noindex/Paperloft.build/Debug/PaperloftApp.build/Paperloft\ Receipts-DebugDylibPath-normal-arm64.txt

WriteAuxiliaryFile /Users/builder/Factory/paperloft/evidence/checkouts/p4-28c3cef/build/DerivedData/Build/Intermediates.noindex/Paperloft.build/Debug/PaperloftApp.build/Paperloft\ Receipts-DebugDylibInstallName-normal-arm64.txt (in target 'PaperloftApp' from project 'Paperloft')
    cd /Users/builder/Factory/paperloft/evidence/checkouts/p4-28c3cef
    write-file /Users/builder/Factory/paperloft/evidence/checkouts/p4-28c3cef/build/DerivedData/Build/Intermediates.noindex/Paperloft.build/Debug/PaperloftApp.build/Paperloft\ Receipts-DebugDylibInstallName-normal-arm64.txt

WriteAuxiliaryFile /Users/builder/Factory/paperloft/evidence/checkouts/p4-28c3cef/build/DerivedData/Build/Intermediates.noindex/Paperloft.build/Debug/PaperloftApp.build/Objects-normal/arm64/PaperloftApp_const_extract_protocols.json (in target 'PaperloftApp' from project 'Paperloft')
    cd /Users/builder/Factory/paperloft/evidence/checkouts/p4-28c3cef
    write-file /Users/builder/Factory/paperloft/evidence/checkouts/p4-28c3cef/build/DerivedData/Build/Intermediates.noindex/Paperloft.build/Debug/PaperloftApp.build/Objects-normal/arm64/PaperloftApp_const_extract_protocols.json

WriteAuxiliaryFile /Users/builder/Factory/paperloft/evidence/checkouts/p4-28c3cef/build/DerivedData/Build/Intermediates.noindex/Paperloft.build/Debug/PaperloftApp.build/Objects-normal/arm64/PaperloftApp-OutputFileMap.json (in target 'PaperloftApp' from project 'Paperloft')
    cd /Users/builder/Factory/paperloft/evidence/checkouts/p4-28c3cef
    write-file /Users/builder/Factory/paperloft/evidence/checkouts/p4-28c3cef/build/DerivedData/Build/Intermediates.noindex/Paperloft.build/Debug/PaperloftApp.build/Objects-normal/arm64/PaperloftApp-OutputFileMap.json

WriteAuxiliaryFile /Users/builder/Factory/paperloft/evidence/checkouts/p4-28c3cef/build/DerivedData/Build/Intermediates.noindex/Paperloft.build/Debug/PaperloftApp.build/Objects-normal/arm64/Paperloft\ Receipts.SwiftFileList (in target 'PaperloftApp' from project 'Paperloft')
    cd /Users/builder/Factory/paperloft/evidence/checkouts/p4-28c3cef
    write-file /Users/builder/Factory/paperloft/evidence/checkouts/p4-28c3cef/build/DerivedData/Build/Intermediates.noindex/Paperloft.build/Debug/PaperloftApp.build/Objects-normal/arm64/Paperloft\ Receipts.SwiftFileList

WriteAuxiliaryFile /Users/builder/Factory/paperloft/evidence/checkouts/p4-28c3cef/build/DerivedData/Build/Intermediates.noindex/Paperloft.build/Debug/PaperloftApp.build/Objects-normal/arm64/Paperloft\ Receipts.SwiftConstValuesFileList (in target 'PaperloftApp' from project 'Paperloft')
    cd /Users/builder/Factory/paperloft/evidence/checkouts/p4-28c3cef
    write-file /Users/builder/Factory/paperloft/evidence/checkouts/p4-28c3cef/build/DerivedData/Build/Intermediates.noindex/Paperloft.build/Debug/PaperloftApp.build/Objects-normal/arm64/Paperloft\ Receipts.SwiftConstValuesFileList

WriteAuxiliaryFile /Users/builder/Factory/paperloft/evidence/checkouts/p4-28c3cef/build/DerivedData/Build/Intermediates.noindex/Paperloft.build/Debug/PaperloftApp.build/Objects-normal/arm64/Paperloft\ Receipts.LinkFileList (in target 'PaperloftApp' from project 'Paperloft')
    cd /Users/builder/Factory/paperloft/evidence/checkouts/p4-28c3cef
    write-file /Users/builder/Factory/paperloft/evidence/checkouts/p4-28c3cef/build/DerivedData/Build/Intermediates.noindex/Paperloft.build/Debug/PaperloftApp.build/Objects-normal/arm64/Paperloft\ Receipts.LinkFileList

WriteAuxiliaryFile /Users/builder/Factory/paperloft/evidence/checkouts/p4-28c3cef/build/DerivedData/Build/Intermediates.noindex/Paperloft.build/Debug/PaperloftApp.build/DerivedSources/Entitlements.plist (in target 'PaperloftApp' from project 'Paperloft')
    cd /Users/builder/Factory/paperloft/evidence/checkouts/p4-28c3cef
    write-file /Users/builder/Factory/paperloft/evidence/checkouts/p4-28c3cef/build/DerivedData/Build/Intermediates.noindex/Paperloft.build/Debug/PaperloftApp.build/DerivedSources/Entitlements.plist

MkDir /Users/builder/Factory/paperloft/evidence/checkouts/p4-28c3cef/build/DerivedData/Build/Products/Debug/PaperloftShare.appex/Contents (in target 'PaperloftShare' from project 'Paperloft')
    cd /Users/builder/Factory/paperloft/evidence/checkouts/p4-28c3cef
    /bin/mkdir -p /Users/builder/Factory/paperloft/evidence/checkouts/p4-28c3cef/build/DerivedData/Build/Products/Debug/PaperloftShare.appex/Contents

MkDir /Users/builder/Factory/paperloft/evidence/checkouts/p4-28c3cef/build/DerivedData/Build/Products/Debug/PaperloftShare.appex/Contents/Resources (in target 'PaperloftShare' from project 'Paperloft')
    cd /Users/builder/Factory/paperloft/evidence/checkouts/p4-28c3cef
    /bin/mkdir -p /Users/builder/Factory/paperloft/evidence/checkouts/p4-28c3cef/build/DerivedData/Build/Products/Debug/PaperloftShare.appex/Contents/Resources

MkDir /Users/builder/Factory/paperloft/evidence/checkouts/p4-28c3cef/build/DerivedData/Build/Products/Debug/PaperloftShare.appex/Contents/MacOS (in target 'PaperloftShare' from project 'Paperloft')
    cd /Users/builder/Factory/paperloft/evidence/checkouts/p4-28c3cef
    /bin/mkdir -p /Users/builder/Factory/paperloft/evidence/checkouts/p4-28c3cef/build/DerivedData/Build/Products/Debug/PaperloftShare.appex/Contents/MacOS

MkDir /Users/builder/Factory/paperloft/evidence/checkouts/p4-28c3cef/build/DerivedData/Build/Products/Debug/PaperloftShare.appex (in target 'PaperloftShare' from project 'Paperloft')
    cd /Users/builder/Factory/paperloft/evidence/checkouts/p4-28c3cef
    /bin/mkdir -p /Users/builder/Factory/paperloft/evidence/checkouts/p4-28c3cef/build/DerivedData/Build/Products/Debug/PaperloftShare.appex

MkDir /Users/builder/Factory/paperloft/evidence/checkouts/p4-28c3cef/build/DerivedData/Build/Products/Debug/Paperloft\ Receipts.app/Contents/Resources (in target 'PaperloftApp' from project 'Paperloft')
    cd /Users/builder/Factory/paperloft/evidence/checkouts/p4-28c3cef
    /bin/mkdir -p /Users/builder/Factory/paperloft/evidence/checkouts/p4-28c3cef/build/DerivedData/Build/Products/Debug/Paperloft\ Receipts.app/Contents/Resources

MkDir /Users/builder/Factory/paperloft/evidence/checkouts/p4-28c3cef/build/DerivedData/Build/Products/Debug/Paperloft\ Receipts.app/Contents/PlugIns (in target 'PaperloftApp' from project 'Paperloft')
    cd /Users/builder/Factory/paperloft/evidence/checkouts/p4-28c3cef
    /bin/mkdir -p /Users/builder/Factory/paperloft/evidence/checkouts/p4-28c3cef/build/DerivedData/Build/Products/Debug/Paperloft\ Receipts.app/Contents/PlugIns

MkDir /Users/builder/Factory/paperloft/evidence/checkouts/p4-28c3cef/build/DerivedData/Build/Products/Debug/Paperloft\ Receipts.app/Contents/MacOS (in target 'PaperloftApp' from project 'Paperloft')
    cd /Users/builder/Factory/paperloft/evidence/checkouts/p4-28c3cef
    /bin/mkdir -p /Users/builder/Factory/paperloft/evidence/checkouts/p4-28c3cef/build/DerivedData/Build/Products/Debug/Paperloft\ Receipts.app/Contents/MacOS

MkDir /Users/builder/Factory/paperloft/evidence/checkouts/p4-28c3cef/build/DerivedData/Build/Products/Debug/Paperloft\ Receipts.app/Contents (in target 'PaperloftApp' from project 'Paperloft')
    cd /Users/builder/Factory/paperloft/evidence/checkouts/p4-28c3cef
    /bin/mkdir -p /Users/builder/Factory/paperloft/evidence/checkouts/p4-28c3cef/build/DerivedData/Build/Products/Debug/Paperloft\ Receipts.app/Contents

MkDir /Users/builder/Factory/paperloft/evidence/checkouts/p4-28c3cef/build/DerivedData/Build/Products/Debug/Paperloft\ Receipts.app (in target 'PaperloftApp' from project 'Paperloft')
    cd /Users/builder/Factory/paperloft/evidence/checkouts/p4-28c3cef
    /bin/mkdir -p /Users/builder/Factory/paperloft/evidence/checkouts/p4-28c3cef/build/DerivedData/Build/Products/Debug/Paperloft\ Receipts.app

SwiftDriver PaperloftKit normal arm64 com.apple.xcode.tools.swift.compiler (in target 'PaperloftKit' from project 'PaperloftKit')
    cd /Users/builder/Factory/paperloft/evidence/checkouts/p4-28c3cef/Paperloft.xcodeproj
    builtin-SwiftDriver -- /Applications/Xcode.app/Contents/Developer/Toolchains/XcodeDefault.xctoolchain/usr/bin/swiftc -parse-as-library -module-name PaperloftKit -Onone @/Users/builder/Factory/paperloft/evidence/checkouts/p4-28c3cef/build/DerivedData/Build/Intermediates.noindex/PaperloftKit.build/Debug/PaperloftKit-t.build/Objects-normal/arm64/PaperloftKit.SwiftFileList -DSWIFT_PACKAGE -DDEBUG -DSWIFT_MODULE_RESOURCE_BUNDLE_UNAVAILABLE -DXcode -plugin-path /Applications/Xcode.app/Contents/Developer/Toolchains/XcodeDefault.xctoolchain/usr/lib/swift/host/plugins/testing -enable-experimental-feature DebugDescriptionMacro -sdk /Applications/Xcode.app/Contents/Developer/Platforms/MacOSX.platform/Developer/SDKs/MacOSX27.0.sdk -target arm64-apple-macos27.0 -g -module-cache-path /Users/builder/Factory/paperloft/evidence/checkouts/p4-28c3cef/build/DerivedData/ModuleCache.noindex -Xfrontend -serialize-debugging-options -profile-coverage-mapping -profile-generate -enable-testing -warnings-as-errors -index-store-path /Users/builder/Factory/paperloft/evidence/checkouts/p4-28c3cef/build/DerivedData/Index.noindex/DataStore -Xcc -D_LIBCPP_HARDENING_MODE\=_LIBCPP_HARDENING_MODE_DEBUG -swift-version 6 -I /Users/builder/Factory/paperloft/evidence/checkouts/p4-28c3cef/build/DerivedData/Build/Products/Debug -Isystem /Applications/Xcode.app/Contents/Developer/Platforms/MacOSX.platform/Developer/usr/lib -F /Users/builder/Factory/paperloft/evidence/checkouts/p4-28c3cef/build/DerivedData/Build/Products/Debug -F /Applications/Xcode.app/Contents/Developer/Platforms/MacOSX.platform/Developer/Library/Frameworks -c -j10 -enable-batch-mode -incremental -Xcc -ivfsstatcache -Xcc /Users/builder/Factory/paperloft/evidence/checkouts/p4-28c3cef/build/DerivedData/SDKStatCaches.noindex/macosx27.0-26A425-7231f6df4def33e022ae2eb8f782df1a.sdkstatcache -output-file-map /Users/builder/Factory/paperloft/evidence/checkouts/p4-28c3cef/build/DerivedData/Build/Intermediates.noindex/PaperloftKit.build/Debug/PaperloftKit-t.build/Objects-normal/arm64/PaperloftKit-OutputFileMap.json -save-temps -no-color-diagnostics -explicit-module-build -module-cache-path /Users/builder/Factory/paperloft/evidence/checkouts/p4-28c3cef/build/DerivedData/Build/Intermediates.noindex/SwiftExplicitPrecompiledModules -clang-scanner-module-cache-path /Users/builder/Factory/paperloft/evidence/checkouts/p4-28c3cef/build/DerivedData/ModuleCache.noindex -sdk-module-cache-path /Users/builder/Factory/paperloft/evidence/checkouts/p4-28c3cef/build/DerivedData/SDKExplicitPrecompiledModules -emit-dependencies -emit-module -emit-module-path /Users/builder/Factory/paperloft/evidence/checkouts/p4-28c3cef/build/DerivedData/Build/Intermediates.noindex/PaperloftKit.build/Debug/PaperloftKit-t.build/Objects-normal/arm64/PaperloftKit.swiftmodule -serialize-diagnostics -dependency-scan-serialize-diagnostics-path /Users/builder/Factory/paperloft/evidence/checkouts/p4-28c3cef/build/DerivedData/Build/Intermediates.noindex/PaperloftKit.build/Debug/PaperloftKit-t.build/Objects-normal/arm64/PaperloftKit-dependency-scan.dia -validate-clang-modules-once -clang-build-session-file /Users/builder/Factory/paperloft/evidence/checkouts/p4-28c3cef/build/DerivedData/ModuleCache.noindex/Session.modulevalidation -Xcc -fmodules-prune-interval\=86400 -Xcc -fmodules-prune-after\=345600 -package-name paperloftkit -emit-const-values -const-gather-protocols-list /Users/builder/Factory/paperloft/evidence/checkouts/p4-28c3cef/build/DerivedData/Build/Intermediates.noindex/PaperloftKit.build/Debug/PaperloftKit-t.build/Objects-normal/arm64/PaperloftKit_const_extract_protocols.json -Xcc -I/Users/builder/Factory/paperloft/evidence/checkouts/p4-28c3cef/build/DerivedData/Build/Products/Debug/include -Xcc -I/Users/builder/Factory/paperloft/evidence/checkouts/p4-28c3cef/build/DerivedData/Build/Intermediates.noindex/PaperloftKit.build/Debug/PaperloftKit-t.build/DerivedSources-normal/arm64 -Xcc -I/Users/builder/Factory/paperloft/evidence/checkouts/p4-28c3cef/build/DerivedData/Build/Intermediates.noindex/PaperloftKit.build/Debug/PaperloftKit-t.build/DerivedSources/arm64 -Xcc -I/Users/builder/Factory/paperloft/evidence/checkouts/p4-28c3cef/build/DerivedData/Build/Intermediates.noindex/PaperloftKit.build/Debug/PaperloftKit-t.build/DerivedSources -Xcc -DSWIFT_PACKAGE -Xcc -DDEBUG\=1 -emit-objc-header -emit-objc-header-path /Users/builder/Factory/paperloft/evidence/checkouts/p4-28c3cef/build/DerivedData/Build/Intermediates.noindex/PaperloftKit.build/Debug/PaperloftKit-t.build/Objects-normal/arm64/PaperloftKit-Swift.h -working-directory /Users/builder/Factory/paperloft/evidence/checkouts/p4-28c3cef/Paperloft.xcodeproj -experimental-emit-module-separately -disable-cmo

SwiftDriver PaperloftHandoff normal arm64 com.apple.xcode.tools.swift.compiler (in target 'PaperloftHandoff' from project 'PaperloftHandoff')
    cd /Users/builder/Factory/paperloft/evidence/checkouts/p4-28c3cef/Paperloft.xcodeproj
    builtin-SwiftDriver -- /Applications/Xcode.app/Contents/Developer/Toolchains/XcodeDefault.xctoolchain/usr/bin/swiftc -parse-as-library -module-name PaperloftHandoff -Onone @/Users/builder/Factory/paperloft/evidence/checkouts/p4-28c3cef/build/DerivedData/Build/Intermediates.noindex/PaperloftHandoff.build/Debug/PaperloftHandoff-t.build/Objects-normal/arm64/PaperloftHandoff.SwiftFileList -DSWIFT_PACKAGE -DDEBUG -DSWIFT_MODULE_RESOURCE_BUNDLE_UNAVAILABLE -DXcode -plugin-path /Applications/Xcode.app/Contents/Developer/Toolchains/XcodeDefault.xctoolchain/usr/lib/swift/host/plugins/testing -enable-experimental-feature DebugDescriptionMacro -sdk /Applications/Xcode.app/Contents/Developer/Platforms/MacOSX.platform/Developer/SDKs/MacOSX27.0.sdk -target arm64-apple-macos13.0 -g -module-cache-path /Users/builder/Factory/paperloft/evidence/checkouts/p4-28c3cef/build/DerivedData/ModuleCache.noindex -Xfrontend -serialize-debugging-options -profile-coverage-mapping -profile-generate -enable-testing -warnings-as-errors -index-store-path /Users/builder/Factory/paperloft/evidence/checkouts/p4-28c3cef/build/DerivedData/Index.noindex/DataStore -Xcc -D_LIBCPP_HARDENING_MODE\=_LIBCPP_HARDENING_MODE_DEBUG -swift-version 6 -I /Users/builder/Factory/paperloft/evidence/checkouts/p4-28c3cef/build/DerivedData/Build/Products/Debug -Isystem /Applications/Xcode.app/Contents/Developer/Platforms/MacOSX.platform/Developer/usr/lib -F /Users/builder/Factory/paperloft/evidence/checkouts/p4-28c3cef/build/DerivedData/Build/Products/Debug -F /Applications/Xcode.app/Contents/Developer/Platforms/MacOSX.platform/Developer/Library/Frameworks -c -j10 -enable-batch-mode -incremental -Xcc -ivfsstatcache -Xcc /Users/builder/Factory/paperloft/evidence/checkouts/p4-28c3cef/build/DerivedData/SDKStatCaches.noindex/macosx27.0-26A425-7231f6df4def33e022ae2eb8f782df1a.sdkstatcache -output-file-map /Users/builder/Factory/paperloft/evidence/checkouts/p4-28c3cef/build/DerivedData/Build/Intermediates.noindex/PaperloftHandoff.build/Debug/PaperloftHandoff-t.build/Objects-normal/arm64/PaperloftHandoff-OutputFileMap.json -save-temps -no-color-diagnostics -explicit-module-build -module-cache-path /Users/builder/Factory/paperloft/evidence/checkouts/p4-28c3cef/build/DerivedData/Build/Intermediates.noindex/SwiftExplicitPrecompiledModules -clang-scanner-module-cache-path /Users/builder/Factory/paperloft/evidence/checkouts/p4-28c3cef/build/DerivedData/ModuleCache.noindex -sdk-module-cache-path /Users/builder/Factory/paperloft/evidence/checkouts/p4-28c3cef/build/DerivedData/SDKExplicitPrecompiledModules -emit-dependencies -emit-module -emit-module-path /Users/builder/Factory/paperloft/evidence/checkouts/p4-28c3cef/build/DerivedData/Build/Intermediates.noindex/PaperloftHandoff.build/Debug/PaperloftHandoff-t.build/Objects-normal/arm64/PaperloftHandoff.swiftmodule -serialize-diagnostics -dependency-scan-serialize-diagnostics-path /Users/builder/Factory/paperloft/evidence/checkouts/p4-28c3cef/build/DerivedData/Build/Intermediates.noindex/PaperloftHandoff.build/Debug/PaperloftHandoff-t.build/Objects-normal/arm64/PaperloftHandoff-dependency-scan.dia -validate-clang-modules-once -clang-build-session-file /Users/builder/Factory/paperloft/evidence/checkouts/p4-28c3cef/build/DerivedData/ModuleCache.noindex/Session.modulevalidation -Xcc -fmodules-prune-interval\=86400 -Xcc -fmodules-prune-after\=345600 -package-name paperlofthandoff -emit-const-values -const-gather-protocols-list /Users/builder/Factory/paperloft/evidence/checkouts/p4-28c3cef/build/DerivedData/Build/Intermediates.noindex/PaperloftHandoff.build/Debug/PaperloftHandoff-t.build/Objects-normal/arm64/PaperloftHandoff_const_extract_protocols.json -Xcc -I/Users/builder/Factory/paperloft/evidence/checkouts/p4-28c3cef/build/DerivedData/Build/Products/Debug/include -Xcc -I/Users/builder/Factory/paperloft/evidence/checkouts/p4-28c3cef/build/DerivedData/Build/Intermediates.noindex/PaperloftHandoff.build/Debug/PaperloftHandoff-t.build/DerivedSources-normal/arm64 -Xcc -I/Users/builder/Factory/paperloft/evidence/checkouts/p4-28c3cef/build/DerivedData/Build/Intermediates.noindex/PaperloftHandoff.build/Debug/PaperloftHandoff-t.build/DerivedSources/arm64 -Xcc -I/Users/builder/Factory/paperloft/evidence/checkouts/p4-28c3cef/build/DerivedData/Build/Intermediates.noindex/PaperloftHandoff.build/Debug/PaperloftHandoff-t.build/DerivedSources -Xcc -DSWIFT_PACKAGE -Xcc -DDEBUG\=1 -emit-objc-header -emit-objc-header-path /Users/builder/Factory/paperloft/evidence/checkouts/p4-28c3cef/build/DerivedData/Build/Intermediates.noindex/PaperloftHandoff.build/Debug/PaperloftHandoff-t.build/Objects-normal/arm64/PaperloftHandoff-Swift.h -working-directory /Users/builder/Factory/paperloft/evidence/checkouts/p4-28c3cef/Paperloft.xcodeproj -experimental-emit-module-separately -disable-cmo

SwiftExplicitDependencyGeneratePcm arm64 /Users/builder/Factory/paperloft/evidence/checkouts/p4-28c3cef/build/DerivedData/SDKExplicitPrecompiledModules/ptrcheck-YPW5QXQNR4R9ARIOWIU3EURS.pcm

SwiftExplicitDependencyGeneratePcm arm64 /Users/builder/Factory/paperloft/evidence/checkouts/p4-28c3cef/build/DerivedData/SDKExplicitPrecompiledModules/_Builtin_float-8KA740JPRZS3M21QC31P298G3.pcm

SwiftExplicitDependencyGeneratePcm arm64 /Users/builder/Factory/paperloft/evidence/checkouts/p4-28c3cef/build/DerivedData/SDKExplicitPrecompiledModules/SwiftShims-4N41TEPF3IQ7AHWY9GZUQVMJ1.pcm

SwiftExplicitDependencyGeneratePcm arm64 /Users/builder/Factory/paperloft/evidence/checkouts/p4-28c3cef/build/DerivedData/SDKExplicitPrecompiledModules/ptrauth-30QU9KLN823NEEF5N89SCUGSK.pcm

SwiftExplicitDependencyGeneratePcm arm64 /Users/builder/Factory/paperloft/evidence/checkouts/p4-28c3cef/build/DerivedData/SDKExplicitPrecompiledModules/_Builtin_stddef-7WO3N15520B4Z2VANWK90502R.pcm

SwiftExplicitDependencyGeneratePcm arm64 /Users/builder/Factory/paperloft/evidence/checkouts/p4-28c3cef/build/DerivedData/SDKExplicitPrecompiledModules/_AvailabilityInternal-1FW1J4SC744P5DYHYE7S8PNMI.pcm

SwiftExplicitDependencyGeneratePcm arm64 /Users/builder/Factory/paperloft/evidence/checkouts/p4-28c3cef/build/DerivedData/SDKExplicitPrecompiledModules/_Builtin_stdbool-28VSM26290Z3WFIQKXEYQWGFN.pcm

SwiftExplicitDependencyGeneratePcm arm64 /Users/builder/Factory/paperloft/evidence/checkouts/p4-28c3cef/build/DerivedData/SDKExplicitPrecompiledModules/_SwiftConcurrencyShims-2J6B123XTMPL67JGJ5XZ0A52W.pcm

SwiftExplicitDependencyGeneratePcm arm64 /Users/builder/Factory/paperloft/evidence/checkouts/p4-28c3cef/build/DerivedData/SDKExplicitPrecompiledModules/_Builtin_stdarg-229NBMA8G4J085YJHRYBPRALE.pcm

SwiftExplicitDependencyGeneratePcm arm64 /Users/builder/Factory/paperloft/evidence/checkouts/p4-28c3cef/build/DerivedData/SDKExplicitPrecompiledModules/_DarwinFoundation1-5TLFBFUMWPLY21LVCD363NYC9.pcm

SwiftExplicitDependencyGeneratePcm arm64 /Users/builder/Factory/paperloft/evidence/checkouts/p4-28c3cef/build/DerivedData/SDKExplicitPrecompiledModules/_DarwinFoundation2-C106KNGD3AXLJPWCT62ZMY1UI.pcm

SwiftExplicitDependencyGeneratePcm arm64 /Users/builder/Factory/paperloft/evidence/checkouts/p4-28c3cef/build/DerivedData/SDKExplicitPrecompiledModules/_Builtin_limits-8MDDI0Z3MEWQYRD0POJZB041S.pcm

SwiftExplicitDependencyGeneratePcm arm64 /Users/builder/Factory/paperloft/evidence/checkouts/p4-28c3cef/build/DerivedData/SDKExplicitPrecompiledModules/sys_types-8WH9XD7ULIO1Y5LCBD3M68C4R.pcm

SwiftExplicitDependencyGeneratePcm arm64 /Users/builder/Factory/paperloft/evidence/checkouts/p4-28c3cef/build/DerivedData/SDKExplicitPrecompiledModules/_Builtin_stdint-1Q1OVVRM5IVWWC29PJBO18DGB.pcm

SwiftExplicitDependencyGeneratePcm arm64 /Users/builder/Factory/paperloft/evidence/checkouts/p4-28c3cef/build/DerivedData/SDKExplicitPrecompiledModules/string_h-ENL38OMHG1YPA5NGDSBHGBIG7.pcm

SwiftExplicitDependencyGeneratePcm arm64 /Users/builder/Factory/paperloft/evidence/checkouts/p4-28c3cef/build/DerivedData/SDKExplicitPrecompiledModules/_Builtin_limits-8MDDI0Z3MEWQYRD0POJZB041S.pcm

SwiftExplicitDependencyGeneratePcm arm64 /Users/builder/Factory/paperloft/evidence/checkouts/p4-28c3cef/build/DerivedData/SDKExplicitPrecompiledModules/DeveloperToolsSupport-1J8WPMUSVQH3AF5U2RDSOPRQJ.pcm

SwiftExplicitDependencyGeneratePcm arm64 /Users/builder/Factory/paperloft/evidence/checkouts/p4-28c3cef/build/DerivedData/SDKExplicitPrecompiledModules/_DarwinFoundation2-C106KNGD3AXLJPWCT62ZMY1UI.pcm

SwiftExplicitDependencyGeneratePcm arm64 /Users/builder/Factory/paperloft/evidence/checkouts/p4-28c3cef/build/DerivedData/SDKExplicitPrecompiledModules/libDER-3Z8IBXLMPL5T3HLK33PCW7YZ2.pcm

SwiftExplicitDependencyGeneratePcm arm64 /Users/builder/Factory/paperloft/evidence/checkouts/p4-28c3cef/build/DerivedData/SDKExplicitPrecompiledModules/_DarwinFoundation3-8OEKAQMDQREXZRKMVD5B3SW16.pcm

SwiftExplicitDependencyGeneratePcm arm64 /Users/builder/Factory/paperloft/evidence/checkouts/p4-28c3cef/build/DerivedData/SDKExplicitPrecompiledModules/sys_types-8WH9XD7ULIO1Y5LCBD3M68C4R.pcm

SwiftExplicitDependencyGeneratePcm arm64 /Users/builder/Factory/paperloft/evidence/checkouts/p4-28c3cef/build/DerivedData/SDKExplicitPrecompiledModules/_Builtin_tgmath-B83D9FPPKR6EVB21XNSAX8JVT.pcm

SwiftExplicitDependencyGeneratePcm arm64 /Users/builder/Factory/paperloft/evidence/checkouts/p4-28c3cef/build/DerivedData/SDKExplicitPrecompiledModules/_Builtin_stdint-1Q1OVVRM5IVWWC29PJBO18DGB.pcm

SwiftExplicitDependencyGeneratePcm arm64 /Users/builder/Factory/paperloft/evidence/checkouts/p4-28c3cef/build/DerivedData/SDKExplicitPrecompiledModules/string_h-ENL38OMHG1YPA5NGDSBHGBIG7.pcm

SwiftExplicitDependencyGeneratePcm arm64 /Users/builder/Factory/paperloft/evidence/checkouts/p4-28c3cef/build/DerivedData/SDKExplicitPrecompiledModules/_Builtin_inttypes-6OFAB27KUWT0BW7ZQ9O010FYP.pcm

SwiftExplicitDependencyGeneratePcm arm64 /Users/builder/Factory/paperloft/evidence/checkouts/p4-28c3cef/build/DerivedData/SDKExplicitPrecompiledModules/_Builtin_stdatomic-46HLGGGDE1NSP077GWBUUFWRA.pcm

SwiftExplicitDependencyGeneratePcm arm64 /Users/builder/Factory/paperloft/evidence/checkouts/p4-28c3cef/build/DerivedData/SDKExplicitPrecompiledModules/_DarwinFoundation3-8OEKAQMDQREXZRKMVD5B3SW16.pcm

SwiftExplicitDependencyGeneratePcm arm64 /Users/builder/Factory/paperloft/evidence/checkouts/p4-28c3cef/build/DerivedData/SDKExplicitPrecompiledModules/_Builtin_intrinsics-AA5VFGPTX9EEQDOEKRLP1FVF9.pcm

SwiftExplicitDependencyGeneratePcm arm64 /Users/builder/Factory/paperloft/evidence/checkouts/p4-28c3cef/build/DerivedData/SDKExplicitPrecompiledModules/libDER-3Z8IBXLMPL5T3HLK33PCW7YZ2.pcm

SwiftExplicitDependencyGeneratePcm arm64 /Users/builder/Factory/paperloft/evidence/checkouts/p4-28c3cef/build/DerivedData/SDKExplicitPrecompiledModules/Darwin-2IQNVE5S39J1FIO5W66NP5B8F.pcm

SwiftExplicitDependencyGeneratePcm arm64 /Users/builder/Factory/paperloft/evidence/checkouts/p4-28c3cef/build/DerivedData/SDKExplicitPrecompiledModules/_Builtin_inttypes-6OFAB27KUWT0BW7ZQ9O010FYP.pcm

SwiftExplicitDependencyGeneratePcm arm64 /Users/builder/Factory/paperloft/evidence/checkouts/p4-28c3cef/build/DerivedData/SDKExplicitPrecompiledModules/Darwin-2IQNVE5S39J1FIO5W66NP5B8F.pcm

SwiftExplicitDependencyGeneratePcm arm64 /Users/builder/Factory/paperloft/evidence/checkouts/p4-28c3cef/build/DerivedData/SDKExplicitPrecompiledModules/simd-4GC506K121OD5H4DUSASCV6GX.pcm

SwiftExplicitDependencyGeneratePcm arm64 /Users/builder/Factory/paperloft/evidence/checkouts/p4-28c3cef/build/DerivedData/SDKExplicitPrecompiledModules/libkern-2WAAPU77IOGTG83A2CJGQBJ7F.pcm

SwiftExplicitDependencyGeneratePcm arm64 /Users/builder/Factory/paperloft/evidence/checkouts/p4-28c3cef/build/DerivedData/SDKExplicitPrecompiledModules/launch-C2J4WN7TDQX7P1UHTVGN2IOUX.pcm

SwiftExplicitDependencyGeneratePcm arm64 /Users/builder/Factory/paperloft/evidence/checkouts/p4-28c3cef/build/DerivedData/SDKExplicitPrecompiledModules/MachO-6C15D6G7GL9NOHRZYQ6MLJN0R.pcm

SwiftExplicitDependencyGeneratePcm arm64 /Users/builder/Factory/paperloft/evidence/checkouts/p4-28c3cef/build/DerivedData/SDKExplicitPrecompiledModules/ObjectiveC-1G1TLDD4Y5NY1OSZINO3QN9SU.pcm

SwiftExplicitDependencyGeneratePcm arm64 /Users/builder/Factory/paperloft/evidence/checkouts/p4-28c3cef/build/DerivedData/SDKExplicitPrecompiledModules/libkern-2WAAPU77IOGTG83A2CJGQBJ7F.pcm

SwiftExplicitDependencyGeneratePcm arm64 /Users/builder/Factory/paperloft/evidence/checkouts/p4-28c3cef/build/DerivedData/SDKExplicitPrecompiledModules/launch-C2J4WN7TDQX7P1UHTVGN2IOUX.pcm

SwiftExplicitDependencyGeneratePcm arm64 /Users/builder/Factory/paperloft/evidence/checkouts/p4-28c3cef/build/DerivedData/SDKExplicitPrecompiledModules/CUPS-AKDXP4KI62B4EVID55G7J2OT6.pcm

SwiftExplicitDependencyGeneratePcm arm64 /Users/builder/Factory/paperloft/evidence/checkouts/p4-28c3cef/build/DerivedData/SDKExplicitPrecompiledModules/MachO-6C15D6G7GL9NOHRZYQ6MLJN0R.pcm

SwiftExplicitDependencyGeneratePcm arm64 /Users/builder/Factory/paperloft/evidence/checkouts/p4-28c3cef/build/DerivedData/SDKExplicitPrecompiledModules/Compression-AJUXJ3938HAGP0SLQG2L88HFD.pcm

SwiftExplicitDependencyGeneratePcm arm64 /Users/builder/Factory/paperloft/evidence/checkouts/p4-28c3cef/build/DerivedData/SDKExplicitPrecompiledModules/os_object-EK2EYH5LXFFDU1Z5NI4C4IRW5.pcm

SwiftExplicitDependencyGeneratePcm arm64 /Users/builder/Factory/paperloft/evidence/checkouts/p4-28c3cef/build/DerivedData/SDKExplicitPrecompiledModules/os_workgroup-E9ZT3PU1JO0UX5ZS9QGCF3FEM.pcm

SwiftExplicitDependencyGeneratePcm arm64 /Users/builder/Factory/paperloft/evidence/checkouts/p4-28c3cef/build/DerivedData/SDKExplicitPrecompiledModules/ObjectiveC-1G1TLDD4Y5NY1OSZINO3QN9SU.pcm

SwiftExplicitDependencyGeneratePcm arm64 /Users/builder/Factory/paperloft/evidence/checkouts/p4-28c3cef/build/DerivedData/SDKExplicitPrecompiledModules/Spatial-8XSCHDGL1EBGWISCQJ67F6Q7F.pcm

SwiftExplicitDependencyGeneratePcm arm64 /Users/builder/Factory/paperloft/evidence/checkouts/p4-28c3cef/build/DerivedData/SDKExplicitPrecompiledModules/Dispatch-4ASXYE4YG77TITQ028922T5CW.pcm

SwiftExplicitDependencyGeneratePcm arm64 /Users/builder/Factory/paperloft/evidence/checkouts/p4-28c3cef/build/DerivedData/SDKExplicitPrecompiledModules/os_object-EK2EYH5LXFFDU1Z5NI4C4IRW5.pcm

SwiftExplicitDependencyGeneratePcm arm64 /Users/builder/Factory/paperloft/evidence/checkouts/p4-28c3cef/build/DerivedData/SDKExplicitPrecompiledModules/os_workgroup-E9ZT3PU1JO0UX5ZS9QGCF3FEM.pcm

SwiftExplicitDependencyGeneratePcm arm64 /Users/builder/Factory/paperloft/evidence/checkouts/p4-28c3cef/build/DerivedData/SDKExplicitPrecompiledModules/CoreFoundation-2TX29ZRO8QKM4DNELXCX9FCBP.pcm

SwiftExplicitDependencyGeneratePcm arm64 /Users/builder/Factory/paperloft/evidence/checkouts/p4-28c3cef/build/DerivedData/SDKExplicitPrecompiledModules/XPC-6C5S7UXZ8UVL70TYE917QO3PO.pcm

SwiftExplicitDependencyGeneratePcm arm64 /Users/builder/Factory/paperloft/evidence/checkouts/p4-28c3cef/build/DerivedData/SDKExplicitPrecompiledModules/Dispatch-4ASXYE4YG77TITQ028922T5CW.pcm

SwiftExplicitDependencyGeneratePcm arm64 /Users/builder/Factory/paperloft/evidence/checkouts/p4-28c3cef/build/DerivedData/SDKExplicitPrecompiledModules/IOKit-EUFCXAP4D8A90VU8ASYSW3DCZ.pcm

SwiftExplicitDependencyGeneratePcm arm64 /Users/builder/Factory/paperloft/evidence/checkouts/p4-28c3cef/build/DerivedData/SDKExplicitPrecompiledModules/Security-2VG2H93UU88V6CN8RUL0SUCRX.pcm

SwiftExplicitDependencyGeneratePcm arm64 /Users/builder/Factory/paperloft/evidence/checkouts/p4-28c3cef/build/DerivedData/SDKExplicitPrecompiledModules/CFNetwork-1IMDN5KJGXPHIWJIDL44DI4O4.pcm

SwiftExplicitDependencyGeneratePcm arm64 /Users/builder/Factory/paperloft/evidence/checkouts/p4-28c3cef/build/DerivedData/SDKExplicitPrecompiledModules/XPC-6C5S7UXZ8UVL70TYE917QO3PO.pcm

SwiftExplicitDependencyGeneratePcm arm64 /Users/builder/Factory/paperloft/evidence/checkouts/p4-28c3cef/build/DerivedData/SDKExplicitPrecompiledModules/CoreFoundation-2TX29ZRO8QKM4DNELXCX9FCBP.pcm

SwiftExplicitDependencyGeneratePcm arm64 /Users/builder/Factory/paperloft/evidence/checkouts/p4-28c3cef/build/DerivedData/SDKExplicitPrecompiledModules/os-32URHOR71KZAQZSJTFFI6DNLQ.pcm

SwiftExplicitDependencyGeneratePcm arm64 /Users/builder/Factory/paperloft/evidence/checkouts/p4-28c3cef/build/DerivedData/SDKExplicitPrecompiledModules/ColorSync-A0LGAXAZZMLREHQUSP5Y2BXO9.pcm

SwiftExplicitDependencyGeneratePcm arm64 /Users/builder/Factory/paperloft/evidence/checkouts/p4-28c3cef/build/DerivedData/SDKExplicitPrecompiledModules/Security-2VG2H93UU88V6CN8RUL0SUCRX.pcm

SwiftExplicitDependencyGeneratePcm arm64 /Users/builder/Factory/paperloft/evidence/checkouts/p4-28c3cef/build/DerivedData/SDKExplicitPrecompiledModules/CFNetwork-1IMDN5KJGXPHIWJIDL44DI4O4.pcm

SwiftExplicitDependencyGeneratePcm arm64 /Users/builder/Factory/paperloft/evidence/checkouts/p4-28c3cef/build/DerivedData/SDKExplicitPrecompiledModules/CoreAudioTypes-8O8S8N5S26WBAW2SSBWGA6YY0.pcm

SwiftExplicitDependencyGeneratePcm arm64 /Users/builder/Factory/paperloft/evidence/checkouts/p4-28c3cef/build/DerivedData/SDKExplicitPrecompiledModules/IOKit-EUFCXAP4D8A90VU8ASYSW3DCZ.pcm

SwiftExplicitDependencyGeneratePcm arm64 /Users/builder/Factory/paperloft/evidence/checkouts/p4-28c3cef/build/DerivedData/SDKExplicitPrecompiledModules/DiskArbitration-CSUBH3EWBBU39OPYB8O55KI46.pcm

SwiftExplicitDependencyGeneratePcm arm64 /Users/builder/Factory/paperloft/evidence/checkouts/p4-28c3cef/build/DerivedData/SDKExplicitPrecompiledModules/CoreServices-3LR9SDZXPKH07O0D5TQ9C7YT.pcm

SwiftExplicitDependencyGeneratePcm arm64 /Users/builder/Factory/paperloft/evidence/checkouts/p4-28c3cef/build/DerivedData/SDKExplicitPrecompiledModules/DiskArbitration-CSUBH3EWBBU39OPYB8O55KI46.pcm

SwiftExplicitDependencyGeneratePcm arm64 /Users/builder/Factory/paperloft/evidence/checkouts/p4-28c3cef/build/DerivedData/SDKExplicitPrecompiledModules/CoreGraphics-7CA8T52OTX1TCLP4DMJKTILVE.pcm

SwiftExplicitDependencyGeneratePcm arm64 /Users/builder/Factory/paperloft/evidence/checkouts/p4-28c3cef/build/DerivedData/SDKExplicitPrecompiledModules/CoreServices-3LR9SDZXPKH07O0D5TQ9C7YT.pcm

SwiftExplicitDependencyGeneratePcm arm64 /Users/builder/Factory/paperloft/evidence/checkouts/p4-28c3cef/build/DerivedData/SDKExplicitPrecompiledModules/CoreText-BLZUGQACEESOK4YOUABWKIAJV.pcm

SwiftExplicitDependencyGeneratePcm arm64 /Users/builder/Factory/paperloft/evidence/checkouts/p4-28c3cef/build/DerivedData/SDKExplicitPrecompiledModules/ImageIO-CC7NVPXHQ5RMZSF4PL0DUZ2JJ.pcm

SwiftExplicitDependencyGeneratePcm arm64 /Users/builder/Factory/paperloft/evidence/checkouts/p4-28c3cef/build/DerivedData/SDKExplicitPrecompiledModules/Foundation-3FTZZLJ9M71B1SSEFGY8R77NU.pcm

SwiftExplicitDependencyGeneratePcm arm64 /Users/builder/Factory/paperloft/evidence/checkouts/p4-28c3cef/build/DerivedData/SDKExplicitPrecompiledModules/Foundation-3FTZZLJ9M71B1SSEFGY8R77NU.pcm

SwiftEmitModule normal arm64 Emitting\ module\ for\ PaperloftHandoff (in target 'PaperloftHandoff' from project 'PaperloftHandoff')

SwiftCompile normal arm64 (in target 'PaperloftHandoff' from project 'PaperloftHandoff')
    cd /Users/builder/Factory/paperloft/evidence/checkouts/p4-28c3cef/Paperloft.xcodeproj
    

SwiftCompile normal arm64 Compiling\ HandoffFileCopy.swift /Users/builder/Factory/paperloft/evidence/checkouts/p4-28c3cef/Packages/PaperloftHandoff/Sources/PaperloftHandoff/HandoffFileCopy.swift (in target 'PaperloftHandoff' from project 'PaperloftHandoff')

SwiftCompile normal arm64 /Users/builder/Factory/paperloft/evidence/checkouts/p4-28c3cef/Packages/PaperloftHandoff/Sources/PaperloftHandoff/HandoffFileCopy.swift (in target 'PaperloftHandoff' from project 'PaperloftHandoff')
    cd /Users/builder/Factory/paperloft/evidence/checkouts/p4-28c3cef/Paperloft.xcodeproj
    builtin-SwiftPerFileCompile HandoffFileCopy.swift

SwiftCompile normal arm64 Compiling\ HandoffStore.swift /Users/builder/Factory/paperloft/evidence/checkouts/p4-28c3cef/Packages/PaperloftHandoff/Sources/PaperloftHandoff/HandoffStore.swift (in target 'PaperloftHandoff' from project 'PaperloftHandoff')

SwiftCompile normal arm64 /Users/builder/Factory/paperloft/evidence/checkouts/p4-28c3cef/Packages/PaperloftHandoff/Sources/PaperloftHandoff/HandoffStore.swift (in target 'PaperloftHandoff' from project 'PaperloftHandoff')
    cd /Users/builder/Factory/paperloft/evidence/checkouts/p4-28c3cef/Paperloft.xcodeproj
    builtin-SwiftPerFileCompile HandoffStore.swift

SwiftCompile normal arm64 Compiling\ HandoffConsumerLease.swift /Users/builder/Factory/paperloft/evidence/checkouts/p4-28c3cef/Packages/PaperloftHandoff/Sources/PaperloftHandoff/HandoffConsumerLease.swift (in target 'PaperloftHandoff' from project 'PaperloftHandoff')

SwiftCompile normal arm64 /Users/builder/Factory/paperloft/evidence/checkouts/p4-28c3cef/Packages/PaperloftHandoff/Sources/PaperloftHandoff/HandoffConsumerLease.swift (in target 'PaperloftHandoff' from project 'PaperloftHandoff')
    cd /Users/builder/Factory/paperloft/evidence/checkouts/p4-28c3cef/Paperloft.xcodeproj
    builtin-SwiftPerFileCompile HandoffConsumerLease.swift

SwiftDriverJobDiscovery normal arm64 Emitting module for PaperloftHandoff (in target 'PaperloftHandoff' from project 'PaperloftHandoff')

SwiftDriver\ Compilation\ Requirements PaperloftHandoff normal arm64 com.apple.xcode.tools.swift.compiler (in target 'PaperloftHandoff' from project 'PaperloftHandoff')
    cd /Users/builder/Factory/paperloft/evidence/checkouts/p4-28c3cef/Paperloft.xcodeproj
    builtin-Swift-Compilation-Requirements -- /Applications/Xcode.app/Contents/Developer/Toolchains/XcodeDefault.xctoolchain/usr/bin/swiftc -parse-as-library -module-name PaperloftHandoff -Onone @/Users/builder/Factory/paperloft/evidence/checkouts/p4-28c3cef/build/DerivedData/Build/Intermediates.noindex/PaperloftHandoff.build/Debug/PaperloftHandoff-t.build/Objects-normal/arm64/PaperloftHandoff.SwiftFileList -DSWIFT_PACKAGE -DDEBUG -DSWIFT_MODULE_RESOURCE_BUNDLE_UNAVAILABLE -DXcode -plugin-path /Applications/Xcode.app/Contents/Developer/Toolchains/XcodeDefault.xctoolchain/usr/lib/swift/host/plugins/testing -enable-experimental-feature DebugDescriptionMacro -sdk /Applications/Xcode.app/Contents/Developer/Platforms/MacOSX.platform/Developer/SDKs/MacOSX27.0.sdk -target arm64-apple-macos13.0 -g -module-cache-path /Users/builder/Factory/paperloft/evidence/checkouts/p4-28c3cef/build/DerivedData/ModuleCache.noindex -Xfrontend -serialize-debugging-options -profile-coverage-mapping -profile-generate -enable-testing -warnings-as-errors -index-store-path /Users/builder/Factory/paperloft/evidence/checkouts/p4-28c3cef/build/DerivedData/Index.noindex/DataStore -Xcc -D_LIBCPP_HARDENING_MODE\=_LIBCPP_HARDENING_MODE_DEBUG -swift-version 6 -I /Users/builder/Factory/paperloft/evidence/checkouts/p4-28c3cef/build/DerivedData/Build/Products/Debug -Isystem /Applications/Xcode.app/Contents/Developer/Platforms/MacOSX.platform/Developer/usr/lib -F /Users/builder/Factory/paperloft/evidence/checkouts/p4-28c3cef/build/DerivedData/Build/Products/Debug -F /Applications/Xcode.app/Contents/Developer/Platforms/MacOSX.platform/Developer/Library/Frameworks -c -j10 -enable-batch-mode -incremental -Xcc -ivfsstatcache -Xcc /Users/builder/Factory/paperloft/evidence/checkouts/p4-28c3cef/build/DerivedData/SDKStatCaches.noindex/macosx27.0-26A425-7231f6df4def33e022ae2eb8f782df1a.sdkstatcache -output-file-map /Users/builder/Factory/paperloft/evidence/checkouts/p4-28c3cef/build/DerivedData/Build/Intermediates.noindex/PaperloftHandoff.build/Debug/PaperloftHandoff-t.build/Objects-normal/arm64/PaperloftHandoff-OutputFileMap.json -save-temps -no-color-diagnostics -explicit-module-build -module-cache-path /Users/builder/Factory/paperloft/evidence/checkouts/p4-28c3cef/build/DerivedData/Build/Intermediates.noindex/SwiftExplicitPrecompiledModules -clang-scanner-module-cache-path /Users/builder/Factory/paperloft/evidence/checkouts/p4-28c3cef/build/DerivedData/ModuleCache.noindex -sdk-module-cache-path /Users/builder/Factory/paperloft/evidence/checkouts/p4-28c3cef/build/DerivedData/SDKExplicitPrecompiledModules -emit-dependencies -emit-module -emit-module-path /Users/builder/Factory/paperloft/evidence/checkouts/p4-28c3cef/build/DerivedData/Build/Intermediates.noindex/PaperloftHandoff.build/Debug/PaperloftHandoff-t.build/Objects-normal/arm64/PaperloftHandoff.swiftmodule -serialize-diagnostics -dependency-scan-serialize-diagnostics-path /Users/builder/Factory/paperloft/evidence/checkouts/p4-28c3cef/build/DerivedData/Build/Intermediates.noindex/PaperloftHandoff.build/Debug/PaperloftHandoff-t.build/Objects-normal/arm64/PaperloftHandoff-dependency-scan.dia -validate-clang-modules-once -clang-build-session-file /Users/builder/Factory/paperloft/evidence/checkouts/p4-28c3cef/build/DerivedData/ModuleCache.noindex/Session.modulevalidation -Xcc -fmodules-prune-interval\=86400 -Xcc -fmodules-prune-after\=345600 -package-name paperlofthandoff -emit-const-values -const-gather-protocols-list /Users/builder/Factory/paperloft/evidence/checkouts/p4-28c3cef/build/DerivedData/Build/Intermediates.noindex/PaperloftHandoff.build/Debug/PaperloftHandoff-t.build/Objects-normal/arm64/PaperloftHandoff_const_extract_protocols.json -Xcc -I/Users/builder/Factory/paperloft/evidence/checkouts/p4-28c3cef/build/DerivedData/Build/Products/Debug/include -Xcc -I/Users/builder/Factory/paperloft/evidence/checkouts/p4-28c3cef/build/DerivedData/Build/Intermediates.noindex/PaperloftHandoff.build/Debug/PaperloftHandoff-t.build/DerivedSources-normal/arm64 -Xcc -I/Users/builder/Factory/paperloft/evidence/checkouts/p4-28c3cef/build/DerivedData/Build/Intermediates.noindex/PaperloftHandoff.build/Debug/PaperloftHandoff-t.build/DerivedSources/arm64 -Xcc -I/Users/builder/Factory/paperloft/evidence/checkouts/p4-28c3cef/build/DerivedData/Build/Intermediates.noindex/PaperloftHandoff.build/Debug/PaperloftHandoff-t.build/DerivedSources -Xcc -DSWIFT_PACKAGE -Xcc -DDEBUG\=1 -emit-objc-header -emit-objc-header-path /Users/builder/Factory/paperloft/evidence/checkouts/p4-28c3cef/build/DerivedData/Build/Intermediates.noindex/PaperloftHandoff.build/Debug/PaperloftHandoff-t.build/Objects-normal/arm64/PaperloftHandoff-Swift.h -working-directory /Users/builder/Factory/paperloft/evidence/checkouts/p4-28c3cef/Paperloft.xcodeproj -experimental-emit-module-separately -disable-cmo

SwiftMergeGeneratedHeaders /Users/builder/Factory/paperloft/evidence/checkouts/p4-28c3cef/build/DerivedData/Build/Intermediates.noindex/GeneratedModuleMaps/PaperloftHandoff-Swift.h /Users/builder/Factory/paperloft/evidence/checkouts/p4-28c3cef/build/DerivedData/Build/Intermediates.noindex/PaperloftHandoff.build/Debug/PaperloftHandoff-t.build/Objects-normal/arm64/PaperloftHandoff-Swift.h (in target 'PaperloftHandoff' from project 'PaperloftHandoff')
    cd /Users/builder/Factory/paperloft/evidence/checkouts/p4-28c3cef/Packages/PaperloftHandoff
    builtin-swiftHeaderTool -arch arm64 /Users/builder/Factory/paperloft/evidence/checkouts/p4-28c3cef/build/DerivedData/Build/Intermediates.noindex/PaperloftHandoff.build/Debug/PaperloftHandoff-t.build/Objects-normal/arm64/PaperloftHandoff-Swift.h -o /Users/builder/Factory/paperloft/evidence/checkouts/p4-28c3cef/build/DerivedData/Build/Intermediates.noindex/GeneratedModuleMaps/PaperloftHandoff-Swift.h

Copy /Users/builder/Factory/paperloft/evidence/checkouts/p4-28c3cef/build/DerivedData/Build/Products/Debug/PaperloftHandoff.swiftmodule/arm64-apple-macos.abi.json /Users/builder/Factory/paperloft/evidence/checkouts/p4-28c3cef/build/DerivedData/Build/Intermediates.noindex/PaperloftHandoff.build/Debug/PaperloftHandoff-t.build/Objects-normal/arm64/PaperloftHandoff.abi.json (in target 'PaperloftHandoff' from project 'PaperloftHandoff')
    cd /Users/builder/Factory/paperloft/evidence/checkouts/p4-28c3cef/Packages/PaperloftHandoff
    builtin-copy -exclude .DS_Store -exclude CVS -exclude .svn -exclude .git -exclude .hg -resolve-src-symlinks -rename /Users/builder/Factory/paperloft/evidence/checkouts/p4-28c3cef/build/DerivedData/Build/Intermediates.noindex/PaperloftHandoff.build/Debug/PaperloftHandoff-t.build/Objects-normal/arm64/PaperloftHandoff.abi.json /Users/builder/Factory/paperloft/evidence/checkouts/p4-28c3cef/build/DerivedData/Build/Products/Debug/PaperloftHandoff.swiftmodule/arm64-apple-macos.abi.json

Copy /Users/builder/Factory/paperloft/evidence/checkouts/p4-28c3cef/build/DerivedData/Build/Products/Debug/PaperloftHandoff.swiftmodule/arm64-apple-macos.swiftmodule /Users/builder/Factory/paperloft/evidence/checkouts/p4-28c3cef/build/DerivedData/Build/Intermediates.noindex/PaperloftHandoff.build/Debug/PaperloftHandoff-t.build/Objects-normal/arm64/PaperloftHandoff.swiftmodule (in target 'PaperloftHandoff' from project 'PaperloftHandoff')
    cd /Users/builder/Factory/paperloft/evidence/checkouts/p4-28c3cef/Packages/PaperloftHandoff
    builtin-copy -exclude .DS_Store -exclude CVS -exclude .svn -exclude .git -exclude .hg -resolve-src-symlinks -rename /Users/builder/Factory/paperloft/evidence/checkouts/p4-28c3cef/build/DerivedData/Build/Intermediates.noindex/PaperloftHandoff.build/Debug/PaperloftHandoff-t.build/Objects-normal/arm64/PaperloftHandoff.swiftmodule /Users/builder/Factory/paperloft/evidence/checkouts/p4-28c3cef/build/DerivedData/Build/Products/Debug/PaperloftHandoff.swiftmodule/arm64-apple-macos.swiftmodule

Copy /Users/builder/Factory/paperloft/evidence/checkouts/p4-28c3cef/build/DerivedData/Build/Products/Debug/PaperloftHandoff.swiftmodule/arm64-apple-macos.swiftdoc /Users/builder/Factory/paperloft/evidence/checkouts/p4-28c3cef/build/DerivedData/Build/Intermediates.noindex/PaperloftHandoff.build/Debug/PaperloftHandoff-t.build/Objects-normal/arm64/PaperloftHandoff.swiftdoc (in target 'PaperloftHandoff' from project 'PaperloftHandoff')
    cd /Users/builder/Factory/paperloft/evidence/checkouts/p4-28c3cef/Packages/PaperloftHandoff
    builtin-copy -exclude .DS_Store -exclude CVS -exclude .svn -exclude .git -exclude .hg -resolve-src-symlinks -rename /Users/builder/Factory/paperloft/evidence/checkouts/p4-28c3cef/build/DerivedData/Build/Intermediates.noindex/PaperloftHandoff.build/Debug/PaperloftHandoff-t.build/Objects-normal/arm64/PaperloftHandoff.swiftdoc /Users/builder/Factory/paperloft/evidence/checkouts/p4-28c3cef/build/DerivedData/Build/Products/Debug/PaperloftHandoff.swiftmodule/arm64-apple-macos.swiftdoc

Copy /Users/builder/Factory/paperloft/evidence/checkouts/p4-28c3cef/build/DerivedData/Build/Products/Debug/PaperloftHandoff.swiftmodule/Project/arm64-apple-macos.swiftsourceinfo /Users/builder/Factory/paperloft/evidence/checkouts/p4-28c3cef/build/DerivedData/Build/Intermediates.noindex/PaperloftHandoff.build/Debug/PaperloftHandoff-t.build/Objects-normal/arm64/PaperloftHandoff.swiftsourceinfo (in target 'PaperloftHandoff' from project 'PaperloftHandoff')
    cd /Users/builder/Factory/paperloft/evidence/checkouts/p4-28c3cef/Packages/PaperloftHandoff
    builtin-copy -exclude .DS_Store -exclude CVS -exclude .svn -exclude .git -exclude .hg -resolve-src-symlinks -rename /Users/builder/Factory/paperloft/evidence/checkouts/p4-28c3cef/build/DerivedData/Build/Intermediates.noindex/PaperloftHandoff.build/Debug/PaperloftHandoff-t.build/Objects-normal/arm64/PaperloftHandoff.swiftsourceinfo /Users/builder/Factory/paperloft/evidence/checkouts/p4-28c3cef/build/DerivedData/Build/Products/Debug/PaperloftHandoff.swiftmodule/Project/arm64-apple-macos.swiftsourceinfo

SwiftExplicitDependencyGeneratePcm arm64 /Users/builder/Factory/paperloft/evidence/checkouts/p4-28c3cef/build/DerivedData/SDKExplicitPrecompiledModules/OSLog-3MBKX5PXAU049MU21QSGUGBZD.pcm

SwiftExplicitDependencyGeneratePcm arm64 /Users/builder/Factory/paperloft/evidence/checkouts/p4-28c3cef/build/DerivedData/SDKExplicitPrecompiledModules/Accessibility-A688810BEDT96QQJBHDYOZLB2.pcm

SwiftExplicitDependencyGeneratePcm arm64 /Users/builder/Factory/paperloft/evidence/checkouts/p4-28c3cef/build/DerivedData/SDKExplicitPrecompiledModules/IOSurface-98602ZBTYNQ82KPVJGSVVBYS3.pcm

SwiftExplicitDependencyGeneratePcm arm64 /Users/builder/Factory/paperloft/evidence/checkouts/p4-28c3cef/build/DerivedData/SDKExplicitPrecompiledModules/LocalAuthentication-534ZP9LWOVI4I0XGLGOPLZGPZ.pcm

SwiftExplicitDependencyGeneratePcm arm64 /Users/builder/Factory/paperloft/evidence/checkouts/p4-28c3cef/build/DerivedData/SDKExplicitPrecompiledModules/CoreMIDI-54S09HAZ72L8ZUD5JU3T9AJ9I.pcm

SwiftExplicitDependencyGeneratePcm arm64 /Users/builder/Factory/paperloft/evidence/checkouts/p4-28c3cef/build/DerivedData/SDKExplicitPrecompiledModules/CoreData-B5DD28WASNO2H10B1UTWURTBN.pcm

SwiftExplicitDependencyGeneratePcm arm64 /Users/builder/Factory/paperloft/evidence/checkouts/p4-28c3cef/build/DerivedData/SDKExplicitPrecompiledModules/CoreAudio-78XR7Y8GBNWEK2L94OC4N03X5.pcm

SwiftExplicitDependencyGeneratePcm arm64 /Users/builder/Factory/paperloft/evidence/checkouts/p4-28c3cef/build/DerivedData/SDKExplicitPrecompiledModules/DataDetection-9OWL4L0Q9W9SPHNMBZWUC4DXM.pcm

SwiftExplicitDependencyGeneratePcm arm64 /Users/builder/Factory/paperloft/evidence/checkouts/p4-28c3cef/build/DerivedData/SDKExplicitPrecompiledModules/UniformTypeIdentifiers-4T8AVRIKBZOG4UJSZFKGFIDAZ.pcm

SwiftExplicitDependencyGeneratePcm arm64 /Users/builder/Factory/paperloft/evidence/checkouts/p4-28c3cef/build/DerivedData/SDKExplicitPrecompiledModules/Symbols-B0JYJNHPH9V10ENKMNSO6P6CX.pcm

SwiftExplicitDependencyGeneratePcm arm64 /Users/builder/Factory/paperloft/evidence/checkouts/p4-28c3cef/build/DerivedData/SDKExplicitPrecompiledModules/ApplicationServices-1VIL8QXERMD1O68QKUFBZ7CK6.pcm

SwiftExplicitDependencyGeneratePcm arm64 /Users/builder/Factory/paperloft/evidence/checkouts/p4-28c3cef/build/DerivedData/SDKExplicitPrecompiledModules/CoreTransferable-BLEM4FVBFWX3AN3GBMDFC3CCW.pcm

SwiftExplicitDependencyGeneratePcm arm64 /Users/builder/Factory/paperloft/evidence/checkouts/p4-28c3cef/build/DerivedData/SDKExplicitPrecompiledModules/Metal-3TEKWHF1TPHGV9HZFNR03Z2FV.pcm

SwiftExplicitDependencyGeneratePcm arm64 /Users/builder/Factory/paperloft/evidence/checkouts/p4-28c3cef/build/DerivedData/SDKExplicitPrecompiledModules/OpenGL-70P1VI2RRI2OF5PDS3AD1UJ8N.pcm

ProcessProductPackaging /Users/builder/Factory/paperloft/evidence/checkouts/p4-28c3cef/Apps/PaperloftShare/PaperloftShare.entitlements /Users/builder/Factory/paperloft/evidence/checkouts/p4-28c3cef/build/DerivedData/Build/Intermediates.noindex/Paperloft.build/Debug/PaperloftShare.build/PaperloftShare.appex.xcent (in target 'PaperloftShare' from project 'Paperloft')
    cd /Users/builder/Factory/paperloft/evidence/checkouts/p4-28c3cef
    
    Entitlements:
    
    {
    "com.apple.security.app-sandbox" = 1;
    "com.apple.security.get-task-allow" = 1;
}
    
    builtin-productPackagingUtility /Users/builder/Factory/paperloft/evidence/checkouts/p4-28c3cef/Apps/PaperloftShare/PaperloftShare.entitlements -entitlements -format xml -o /Users/builder/Factory/paperloft/evidence/checkouts/p4-28c3cef/build/DerivedData/Build/Intermediates.noindex/Paperloft.build/Debug/PaperloftShare.build/PaperloftShare.appex.xcent

ProcessProductPackagingDER /Users/builder/Factory/paperloft/evidence/checkouts/p4-28c3cef/build/DerivedData/Build/Intermediates.noindex/Paperloft.build/Debug/PaperloftShare.build/PaperloftShare.appex.xcent /Users/builder/Factory/paperloft/evidence/checkouts/p4-28c3cef/build/DerivedData/Build/Intermediates.noindex/Paperloft.build/Debug/PaperloftShare.build/PaperloftShare.appex.xcent.der (in target 'PaperloftShare' from project 'Paperloft')
    cd /Users/builder/Factory/paperloft/evidence/checkouts/p4-28c3cef
    /usr/bin/derq query -f xml -i /Users/builder/Factory/paperloft/evidence/checkouts/p4-28c3cef/build/DerivedData/Build/Intermediates.noindex/Paperloft.build/Debug/PaperloftShare.build/PaperloftShare.appex.xcent -o /Users/builder/Factory/paperloft/evidence/checkouts/p4-28c3cef/build/DerivedData/Build/Intermediates.noindex/Paperloft.build/Debug/PaperloftShare.build/PaperloftShare.appex.xcent.der --raw

SwiftDriver PaperloftShare normal arm64 com.apple.xcode.tools.swift.compiler (in target 'PaperloftShare' from project 'Paperloft')
    cd /Users/builder/Factory/paperloft/evidence/checkouts/p4-28c3cef
    builtin-SwiftDriver -- /Applications/Xcode.app/Contents/Developer/Toolchains/XcodeDefault.xctoolchain/usr/bin/swiftc -module-name PaperloftShare -Onone @/Users/builder/Factory/paperloft/evidence/checkouts/p4-28c3cef/build/DerivedData/Build/Intermediates.noindex/Paperloft.build/Debug/PaperloftShare.build/Objects-normal/arm64/PaperloftShare.SwiftFileList -DDEBUG -enable-experimental-feature DebugDescriptionMacro -sdk /Applications/Xcode.app/Contents/Developer/Platforms/MacOSX.platform/Developer/SDKs/MacOSX27.0.sdk -target arm64-apple-macos27.0 -g -module-cache-path /Users/builder/Factory/paperloft/evidence/checkouts/p4-28c3cef/build/DerivedData/ModuleCache.noindex -Xfrontend -serialize-debugging-options -application-extension -profile-coverage-mapping -profile-generate -enable-testing -warnings-as-errors -index-store-path /Users/builder/Factory/paperloft/evidence/checkouts/p4-28c3cef/build/DerivedData/Index.noindex/DataStore -swift-version 6 -I /Users/builder/Factory/paperloft/evidence/checkouts/p4-28c3cef/build/DerivedData/Build/Products/Debug -F /Users/builder/Factory/paperloft/evidence/checkouts/p4-28c3cef/build/DerivedData/Build/Products/Debug/PackageFrameworks -F /Users/builder/Factory/paperloft/evidence/checkouts/p4-28c3cef/build/DerivedData/Build/Products/Debug -parse-as-library -c -j10 -enable-batch-mode -incremental -Xcc -ivfsstatcache -Xcc /Users/builder/Factory/paperloft/evidence/checkouts/p4-28c3cef/build/DerivedData/SDKStatCaches.noindex/macosx27.0-26A425-7231f6df4def33e022ae2eb8f782df1a.sdkstatcache -output-file-map /Users/builder/Factory/paperloft/evidence/checkouts/p4-28c3cef/build/DerivedData/Build/Intermediates.noindex/Paperloft.build/Debug/PaperloftShare.build/Objects-normal/arm64/PaperloftShare-OutputFileMap.json -save-temps -no-color-diagnostics -explicit-module-build -module-cache-path /Users/builder/Factory/paperloft/evidence/checkouts/p4-28c3cef/build/DerivedData/Build/Intermediates.noindex/SwiftExplicitPrecompiledModules -clang-scanner-module-cache-path /Users/builder/Factory/paperloft/evidence/checkouts/p4-28c3cef/build/DerivedData/ModuleCache.noindex -sdk-module-cache-path /Users/builder/Factory/paperloft/evidence/checkouts/p4-28c3cef/build/DerivedData/SDKExplicitPrecompiledModules -emit-dependencies -emit-module -emit-module-path /Users/builder/Factory/paperloft/evidence/checkouts/p4-28c3cef/build/DerivedData/Build/Intermediates.noindex/Paperloft.build/Debug/PaperloftShare.build/Objects-normal/arm64/PaperloftShare.swiftmodule -serialize-diagnostics -dependency-scan-serialize-diagnostics-path /Users/builder/Factory/paperloft/evidence/checkouts/p4-28c3cef/build/DerivedData/Build/Intermediates.noindex/Paperloft.build/Debug/PaperloftShare.build/Objects-normal/arm64/PaperloftShare-dependency-scan.dia -validate-clang-modules-once -clang-build-session-file /Users/builder/Factory/paperloft/evidence/checkouts/p4-28c3cef/build/DerivedData/ModuleCache.noindex/Session.modulevalidation -Xcc -fmodules-prune-interval\=86400 -Xcc -fmodules-prune-after\=345600 -emit-const-values -const-gather-protocols-list /Users/builder/Factory/paperloft/evidence/checkouts/p4-28c3cef/build/DerivedData/Build/Intermediates.noindex/Paperloft.build/Debug/PaperloftShare.build/Objects-normal/arm64/PaperloftShare_const_extract_protocols.json -Xcc -iquote -Xcc /Users/builder/Factory/paperloft/evidence/checkouts/p4-28c3cef/build/DerivedData/Build/Intermediates.noindex/Paperloft.build/Debug/PaperloftShare.build/PaperloftShare-generated-files.hmap -Xcc -I/Users/builder/Factory/paperloft/evidence/checkouts/p4-28c3cef/build/DerivedData/Build/Intermediates.noindex/Paperloft.build/Debug/PaperloftShare.build/PaperloftShare-own-target-headers.hmap -Xcc -I/Users/builder/Factory/paperloft/evidence/checkouts/p4-28c3cef/build/DerivedData/Build/Intermediates.noindex/Paperloft.build/Debug/PaperloftShare.build/PaperloftShare-all-non-framework-target-headers.hmap -Xcc -ivfsoverlay -Xcc /Users/builder/Factory/paperloft/evidence/checkouts/p4-28c3cef/build/DerivedData/Build/Intermediates.noindex/Paperloft.build/Debug/Paperloft-b93ddc6bcd4d234a5473ab01ad3589c4-VFS/all-product-headers.yaml -Xcc -iquote -Xcc /Users/builder/Factory/paperloft/evidence/checkouts/p4-28c3cef/build/DerivedData/Build/Intermediates.noindex/Paperloft.build/Debug/PaperloftShare.build/PaperloftShare-project-headers.hmap -Xcc -I/Users/builder/Factory/paperloft/evidence/checkouts/p4-28c3cef/build/DerivedData/Build/Products/Debug/include -Xcc -I/Users/builder/Factory/paperloft/evidence/checkouts/p4-28c3cef/build/DerivedData/Build/Intermediates.noindex/Paperloft.build/Debug/PaperloftShare.build/DerivedSources-normal/arm64 -Xcc -I/Users/builder/Factory/paperloft/evidence/checkouts/p4-28c3cef/build/DerivedData/Build/Intermediates.noindex/Paperloft.build/Debug/PaperloftShare.build/DerivedSources/arm64 -Xcc -I/Users/builder/Factory/paperloft/evidence/checkouts/p4-28c3cef/build/DerivedData/Build/Intermediates.noindex/Paperloft.build/Debug/PaperloftShare.build/DerivedSources -emit-objc-header -emit-objc-header-path /Users/builder/Factory/paperloft/evidence/checkouts/p4-28c3cef/build/DerivedData/Build/Intermediates.noindex/Paperloft.build/Debug/PaperloftShare.build/Objects-normal/arm64/PaperloftShare-Swift.h -working-directory /Users/builder/Factory/paperloft/evidence/checkouts/p4-28c3cef -experimental-emit-module-separately -disable-cmo

SwiftExplicitDependencyGeneratePcm arm64 /Users/builder/Factory/paperloft/evidence/checkouts/p4-28c3cef/build/DerivedData/SDKExplicitPrecompiledModules/Carbon-HEFJW3DRWNT9MJ0U180WXM2P.pcm

SwiftExplicitDependencyGeneratePcm arm64 /Users/builder/Factory/paperloft/evidence/checkouts/p4-28c3cef/build/DerivedData/SDKExplicitPrecompiledModules/CoreVideo-1W0KQM3HRQ5OUO4U8HJWK9E1A.pcm

SwiftExplicitDependencyGeneratePcm arm64 /Users/builder/Factory/paperloft/evidence/checkouts/p4-28c3cef/build/DerivedData/SDKExplicitPrecompiledModules/QuartzCore-8GQ839DV2OU89275T9R6MWPGL.pcm

SwiftExplicitDependencyGeneratePcm arm64 /Users/builder/Factory/paperloft/evidence/checkouts/p4-28c3cef/build/DerivedData/SDKExplicitPrecompiledModules/Accelerate-E396PDYHB5K184RTSGILOXRMY.pcm

SwiftExplicitDependencyGeneratePcm arm64 /Users/builder/Factory/paperloft/evidence/checkouts/p4-28c3cef/build/DerivedData/SDKExplicitPrecompiledModules/CoreImage-9R0FC69968FY1U9GHIE2K1758.pcm

SwiftExplicitDependencyGeneratePcm arm64 /Users/builder/Factory/paperloft/evidence/checkouts/p4-28c3cef/build/DerivedData/SDKExplicitPrecompiledModules/CoreMedia-66LWVS30H16UW7PC2HLQD3MQA.pcm

SwiftExplicitDependencyGeneratePcm arm64 /Users/builder/Factory/paperloft/evidence/checkouts/p4-28c3cef/build/DerivedData/SDKExplicitPrecompiledModules/CoreML-4F8SXE1RSSEVES3LK38OGN4X4.pcm

SwiftExplicitDependencyGeneratePcm arm64 /Users/builder/Factory/paperloft/evidence/checkouts/p4-28c3cef/build/DerivedData/SDKExplicitPrecompiledModules/AudioToolbox-4DT1R8HR3JNTAM6STA45I59TO.pcm

SwiftExplicitDependencyGeneratePcm arm64 /Users/builder/Factory/paperloft/evidence/checkouts/p4-28c3cef/build/DerivedData/SDKExplicitPrecompiledModules/SwiftUICore-6N9ZXGAKWWPXZKW421UMWPT5A.pcm

SwiftExplicitDependencyGeneratePcm arm64 /Users/builder/Factory/paperloft/evidence/checkouts/p4-28c3cef/build/DerivedData/SDKExplicitPrecompiledModules/VideoToolbox-EBOA1ZWFNVZ427HDLP0FVDTKJ.pcm

SwiftExplicitDependencyGeneratePcm arm64 /Users/builder/Factory/paperloft/evidence/checkouts/p4-28c3cef/build/DerivedData/SDKExplicitPrecompiledModules/Vision-BHVYIIAWPINNRCB5IM0ZTHHML.pcm

SwiftExplicitDependencyGeneratePcm arm64 /Users/builder/Factory/paperloft/evidence/checkouts/p4-28c3cef/build/DerivedData/SDKExplicitPrecompiledModules/AppKit-6GDBKDBLNU27IZNXFVS0NMWC1.pcm

SwiftExplicitDependencyGeneratePcm arm64 /Users/builder/Factory/paperloft/evidence/checkouts/p4-28c3cef/build/DerivedData/SDKExplicitPrecompiledModules/MediaToolbox-5A1716V7E8HMUVQ91LNOA50LO.pcm

SwiftExplicitDependencyGeneratePcm arm64 /Users/builder/Factory/paperloft/evidence/checkouts/p4-28c3cef/build/DerivedData/SDKExplicitPrecompiledModules/AVFAudio-1GYYCIY7EGWK3U07UF1UUJ1FG.pcm

SwiftExplicitDependencyGeneratePcm arm64 /Users/builder/Factory/paperloft/evidence/checkouts/p4-28c3cef/build/DerivedData/SDKExplicitPrecompiledModules/_Builtin_float-E0W96A0U7L83H5H9R38Z8IFNU.pcm

SwiftExplicitDependencyGeneratePcm arm64 /Users/builder/Factory/paperloft/evidence/checkouts/p4-28c3cef/build/DerivedData/SDKExplicitPrecompiledModules/ptrcheck-AP0MRI2KK7183A7NSYZROPXA.pcm

SwiftExplicitDependencyGeneratePcm arm64 /Users/builder/Factory/paperloft/evidence/checkouts/p4-28c3cef/build/DerivedData/SDKExplicitPrecompiledModules/_Builtin_stddef-DHU9LQALUDJJZHF4R1OW4A6VD.pcm

SwiftExplicitDependencyGeneratePcm arm64 /Users/builder/Factory/paperloft/evidence/checkouts/p4-28c3cef/build/DerivedData/SDKExplicitPrecompiledModules/DeveloperToolsSupport-25DKZARQ7525GK7LYWWS6RDRA.pcm

SwiftExplicitDependencyGeneratePcm arm64 /Users/builder/Factory/paperloft/evidence/checkouts/p4-28c3cef/build/DerivedData/SDKExplicitPrecompiledModules/_AvailabilityInternal-CGKEY1T8PAP6WXVPZ424RMUJZ.pcm

SwiftExplicitDependencyGeneratePcm arm64 /Users/builder/Factory/paperloft/evidence/checkouts/p4-28c3cef/build/DerivedData/SDKExplicitPrecompiledModules/ptrauth-5PMTR9AN49KV0G198P69TCCKM.pcm

SwiftExplicitDependencyGeneratePcm arm64 /Users/builder/Factory/paperloft/evidence/checkouts/p4-28c3cef/build/DerivedData/SDKExplicitPrecompiledModules/_Builtin_stdarg-5N1I5UKAUAPE3Y6RCSHA5GC9Q.pcm

SwiftExplicitDependencyGeneratePcm arm64 /Users/builder/Factory/paperloft/evidence/checkouts/p4-28c3cef/build/DerivedData/SDKExplicitPrecompiledModules/_SwiftConcurrencyShims-RUK571N0NS5ZSZAQ0MZ2Z42L.pcm

SwiftExplicitDependencyGeneratePcm arm64 /Users/builder/Factory/paperloft/evidence/checkouts/p4-28c3cef/build/DerivedData/SDKExplicitPrecompiledModules/SwiftShims-62OF8FR5S6SZWZUYO2VGSAJH.pcm

SwiftExplicitDependencyGeneratePcm arm64 /Users/builder/Factory/paperloft/evidence/checkouts/p4-28c3cef/build/DerivedData/SDKExplicitPrecompiledModules/AVFoundation-8CDYMT7VPQ0KESMASWIYIQSS4.pcm

SwiftExplicitDependencyGeneratePcm arm64 /Users/builder/Factory/paperloft/evidence/checkouts/p4-28c3cef/build/DerivedData/SDKExplicitPrecompiledModules/_Builtin_stdbool-88W8SXY6A2RC1T2G08J3TA54T.pcm

SwiftExplicitDependencyGeneratePcm arm64 /Users/builder/Factory/paperloft/evidence/checkouts/p4-28c3cef/build/DerivedData/SDKExplicitPrecompiledModules/_DarwinFoundation1-2C4OLQX466ZQV1I8E80NEA0KW.pcm

SwiftExplicitDependencyGeneratePcm arm64 /Users/builder/Factory/paperloft/evidence/checkouts/p4-28c3cef/build/DerivedData/SDKExplicitPrecompiledModules/_Builtin_limits-F3TFD4G8BP0Q0A5YL4XNN70T1.pcm

SwiftExplicitDependencyGeneratePcm arm64 /Users/builder/Factory/paperloft/evidence/checkouts/p4-28c3cef/build/DerivedData/SDKExplicitPrecompiledModules/_DarwinFoundation2-6WLHNBUKFX4ROAGZ8BKNVPJ8G.pcm

SwiftExplicitDependencyGeneratePcm arm64 /Users/builder/Factory/paperloft/evidence/checkouts/p4-28c3cef/build/DerivedData/SDKExplicitPrecompiledModules/string_h-8QDO30XNO27LL15A8U41QCELJ.pcm

SwiftExplicitDependencyGeneratePcm arm64 /Users/builder/Factory/paperloft/evidence/checkouts/p4-28c3cef/build/DerivedData/SDKExplicitPrecompiledModules/_Builtin_stdint-A00BLJH31OPND21RP45NRFJW3.pcm

SwiftExplicitDependencyGeneratePcm arm64 /Users/builder/Factory/paperloft/evidence/checkouts/p4-28c3cef/build/DerivedData/SDKExplicitPrecompiledModules/_Builtin_tgmath-37OM9327D05255S89K7NI5K76.pcm

SwiftExplicitDependencyGeneratePcm arm64 /Users/builder/Factory/paperloft/evidence/checkouts/p4-28c3cef/build/DerivedData/SDKExplicitPrecompiledModules/sys_types-BYB1JPWSTMXGJSON9P9K47KWW.pcm

SwiftExplicitDependencyGeneratePcm arm64 /Users/builder/Factory/paperloft/evidence/checkouts/p4-28c3cef/build/DerivedData/SDKExplicitPrecompiledModules/_Builtin_stdatomic-5C3T5WV4L03I7UR515UKUTD11.pcm

SwiftExplicitDependencyGeneratePcm arm64 /Users/builder/Factory/paperloft/evidence/checkouts/p4-28c3cef/build/DerivedData/SDKExplicitPrecompiledModules/libDER-1FALYG4ANRIHQZLFFMCQKMDN6.pcm

SwiftExplicitDependencyGeneratePcm arm64 /Users/builder/Factory/paperloft/evidence/checkouts/p4-28c3cef/build/DerivedData/SDKExplicitPrecompiledModules/_Builtin_intrinsics-111NN719G6LJ7Z48BQKB9PP1G.pcm

SwiftExplicitDependencyGeneratePcm arm64 /Users/builder/Factory/paperloft/evidence/checkouts/p4-28c3cef/build/DerivedData/SDKExplicitPrecompiledModules/_DarwinFoundation3-EMQYA2GTDLZNA3VVUA2JBZ3E3.pcm

SwiftExplicitDependencyGeneratePcm arm64 /Users/builder/Factory/paperloft/evidence/checkouts/p4-28c3cef/build/DerivedData/SDKExplicitPrecompiledModules/_Builtin_inttypes-8NJC2BG492S8EYJ5YIRX036KV.pcm

SwiftExplicitDependencyGeneratePcm arm64 /Users/builder/Factory/paperloft/evidence/checkouts/p4-28c3cef/build/DerivedData/SDKExplicitPrecompiledModules/Darwin-6O7BW4WULZ301SFP98XYKCMDI.pcm

SwiftExplicitDependencyGeneratePcm arm64 /Users/builder/Factory/paperloft/evidence/checkouts/p4-28c3cef/build/DerivedData/SDKExplicitPrecompiledModules/Cocoa-2SDUZDKW9EKMVXWE9VNTTX86P.pcm

SwiftExplicitDependencyGeneratePcm arm64 /Users/builder/Factory/paperloft/evidence/checkouts/p4-28c3cef/build/DerivedData/SDKExplicitPrecompiledModules/simd-3Y7XY3DANTTESTKWPZG3YYJY0.pcm

SwiftExplicitDependencyGeneratePcm arm64 /Users/builder/Factory/paperloft/evidence/checkouts/p4-28c3cef/build/DerivedData/SDKExplicitPrecompiledModules/PDFKit-B3OM3ROJ2OYZXU9ZTVJHU6U9U.pcm

SwiftEmitModule normal arm64 Emitting\ module\ for\ PaperloftKit (in target 'PaperloftKit' from project 'PaperloftKit')

SwiftCompile normal arm64 (in target 'PaperloftKit' from project 'PaperloftKit')
    cd /Users/builder/Factory/paperloft/evidence/checkouts/p4-28c3cef/Paperloft.xcodeproj
    

SwiftCompile normal arm64 Compiling\ ReceiptIndex.swift,\ ReceiptNameTemplate.swift /Users/builder/Factory/paperloft/evidence/checkouts/p4-28c3cef/Packages/PaperloftKit/Sources/PaperloftKit/ReceiptIndex.swift /Users/builder/Factory/paperloft/evidence/checkouts/p4-28c3cef/Packages/PaperloftKit/Sources/PaperloftKit/ReceiptNameTemplate.swift (in target 'PaperloftKit' from project 'PaperloftKit')

SwiftCompile normal arm64 /Users/builder/Factory/paperloft/evidence/checkouts/p4-28c3cef/Packages/PaperloftKit/Sources/PaperloftKit/ReceiptIndex.swift (in target 'PaperloftKit' from project 'PaperloftKit')
    cd /Users/builder/Factory/paperloft/evidence/checkouts/p4-28c3cef/Paperloft.xcodeproj
    builtin-SwiftPerFileCompile ReceiptIndex.swift

SwiftCompile normal arm64 /Users/builder/Factory/paperloft/evidence/checkouts/p4-28c3cef/Packages/PaperloftKit/Sources/PaperloftKit/ReceiptNameTemplate.swift (in target 'PaperloftKit' from project 'PaperloftKit')
    cd /Users/builder/Factory/paperloft/evidence/checkouts/p4-28c3cef/Paperloft.xcodeproj
    builtin-SwiftPerFileCompile ReceiptNameTemplate.swift

SwiftCompile normal arm64 Compiling\ TaxSourceEvidence.swift,\ TextLayout.swift /Users/builder/Factory/paperloft/evidence/checkouts/p4-28c3cef/Packages/PaperloftKit/Sources/PaperloftKit/TaxSourceEvidence.swift /Users/builder/Factory/paperloft/evidence/checkouts/p4-28c3cef/Packages/PaperloftKit/Sources/PaperloftKit/TextLayout.swift (in target 'PaperloftKit' from project 'PaperloftKit')

SwiftCompile normal arm64 /Users/builder/Factory/paperloft/evidence/checkouts/p4-28c3cef/Packages/PaperloftKit/Sources/PaperloftKit/TaxSourceEvidence.swift (in target 'PaperloftKit' from project 'PaperloftKit')
    cd /Users/builder/Factory/paperloft/evidence/checkouts/p4-28c3cef/Paperloft.xcodeproj
    builtin-SwiftPerFileCompile TaxSourceEvidence.swift

SwiftCompile normal arm64 /Users/builder/Factory/paperloft/evidence/checkouts/p4-28c3cef/Packages/PaperloftKit/Sources/PaperloftKit/TextLayout.swift (in target 'PaperloftKit' from project 'PaperloftKit')
    cd /Users/builder/Factory/paperloft/evidence/checkouts/p4-28c3cef/Paperloft.xcodeproj
    builtin-SwiftPerFileCompile TextLayout.swift

SwiftCompile normal arm64 Compiling\ AccountantPack.swift,\ Assessment.swift,\ Extraction.swift /Users/builder/Factory/paperloft/evidence/checkouts/p4-28c3cef/Packages/PaperloftKit/Sources/PaperloftKit/AccountantPack.swift /Users/builder/Factory/paperloft/evidence/checkouts/p4-28c3cef/Packages/PaperloftKit/Sources/PaperloftKit/Assessment.swift /Users/builder/Factory/paperloft/evidence/checkouts/p4-28c3cef/Packages/PaperloftKit/Sources/PaperloftKit/Extraction.swift (in target 'PaperloftKit' from project 'PaperloftKit')

SwiftCompile normal arm64 /Users/builder/Factory/paperloft/evidence/checkouts/p4-28c3cef/Packages/PaperloftKit/Sources/PaperloftKit/AccountantPack.swift (in target 'PaperloftKit' from project 'PaperloftKit')
    cd /Users/builder/Factory/paperloft/evidence/checkouts/p4-28c3cef/Paperloft.xcodeproj
    builtin-SwiftPerFileCompile AccountantPack.swift

SwiftCompile normal arm64 /Users/builder/Factory/paperloft/evidence/checkouts/p4-28c3cef/Packages/PaperloftKit/Sources/PaperloftKit/Assessment.swift (in target 'PaperloftKit' from project 'PaperloftKit')
    cd /Users/builder/Factory/paperloft/evidence/checkouts/p4-28c3cef/Paperloft.xcodeproj
    builtin-SwiftPerFileCompile Assessment.swift

SwiftCompile normal arm64 /Users/builder/Factory/paperloft/evidence/checkouts/p4-28c3cef/Packages/PaperloftKit/Sources/PaperloftKit/Extraction.swift (in target 'PaperloftKit' from project 'PaperloftKit')
    cd /Users/builder/Factory/paperloft/evidence/checkouts/p4-28c3cef/Paperloft.xcodeproj
    builtin-SwiftPerFileCompile Extraction.swift

SwiftCompile normal arm64 Compiling\ Recognize.swift,\ ScanImport.swift /Users/builder/Factory/paperloft/evidence/checkouts/p4-28c3cef/Packages/PaperloftKit/Sources/PaperloftKit/Recognize.swift /Users/builder/Factory/paperloft/evidence/checkouts/p4-28c3cef/Packages/PaperloftKit/Sources/PaperloftKit/ScanImport.swift (in target 'PaperloftKit' from project 'PaperloftKit')

SwiftCompile normal arm64 /Users/builder/Factory/paperloft/evidence/checkouts/p4-28c3cef/Packages/PaperloftKit/Sources/PaperloftKit/Recognize.swift (in target 'PaperloftKit' from project 'PaperloftKit')
    cd /Users/builder/Factory/paperloft/evidence/checkouts/p4-28c3cef/Paperloft.xcodeproj
    builtin-SwiftPerFileCompile Recognize.swift

SwiftCompile normal arm64 /Users/builder/Factory/paperloft/evidence/checkouts/p4-28c3cef/Packages/PaperloftKit/Sources/PaperloftKit/ScanImport.swift (in target 'PaperloftKit' from project 'PaperloftKit')
    cd /Users/builder/Factory/paperloft/evidence/checkouts/p4-28c3cef/Paperloft.xcodeproj
    builtin-SwiftPerFileCompile ScanImport.swift

SwiftCompile normal arm64 Compiling\ Receipt.swift,\ ReceiptEngine.swift /Users/builder/Factory/paperloft/evidence/checkouts/p4-28c3cef/Packages/PaperloftKit/Sources/PaperloftKit/Receipt.swift /Users/builder/Factory/paperloft/evidence/checkouts/p4-28c3cef/Packages/PaperloftKit/Sources/PaperloftKit/ReceiptEngine.swift (in target 'PaperloftKit' from project 'PaperloftKit')

SwiftCompile normal arm64 /Users/builder/Factory/paperloft/evidence/checkouts/p4-28c3cef/Packages/PaperloftKit/Sources/PaperloftKit/Receipt.swift (in target 'PaperloftKit' from project 'PaperloftKit')
    cd /Users/builder/Factory/paperloft/evidence/checkouts/p4-28c3cef/Paperloft.xcodeproj
    builtin-SwiftPerFileCompile Receipt.swift

SwiftCompile normal arm64 /Users/builder/Factory/paperloft/evidence/checkouts/p4-28c3cef/Packages/PaperloftKit/Sources/PaperloftKit/ReceiptEngine.swift (in target 'PaperloftKit' from project 'PaperloftKit')
    cd /Users/builder/Factory/paperloft/evidence/checkouts/p4-28c3cef/Paperloft.xcodeproj
    builtin-SwiftPerFileCompile ReceiptEngine.swift

SwiftExplicitDependencyGeneratePcm arm64 /Users/builder/Factory/paperloft/evidence/checkouts/p4-28c3cef/build/DerivedData/SDKExplicitPrecompiledModules/launch-PGO59LMO3Q0A5DRQUFC3PU1I.pcm

SwiftDriverJobDiscovery normal arm64 Compiling HandoffConsumerLease.swift (in target 'PaperloftHandoff' from project 'PaperloftHandoff')

SwiftExplicitDependencyGeneratePcm arm64 /Users/builder/Factory/paperloft/evidence/checkouts/p4-28c3cef/build/DerivedData/SDKExplicitPrecompiledModules/libkern-6AF7D0OX3XIF5FNOZS4SDZRZQ.pcm

SwiftDriverJobDiscovery normal arm64 Compiling HandoffFileCopy.swift (in target 'PaperloftHandoff' from project 'PaperloftHandoff')

SwiftExplicitDependencyGeneratePcm arm64 /Users/builder/Factory/paperloft/evidence/checkouts/p4-28c3cef/build/DerivedData/SDKExplicitPrecompiledModules/CUPS-BRBWFBGY6M252MOSK479V50HD.pcm

SwiftExplicitDependencyGeneratePcm arm64 /Users/builder/Factory/paperloft/evidence/checkouts/p4-28c3cef/build/DerivedData/SDKExplicitPrecompiledModules/Spatial-2AJSKV8RNCOFH81YU0JRJA8L7.pcm

SwiftExplicitDependencyGeneratePcm arm64 /Users/builder/Factory/paperloft/evidence/checkouts/p4-28c3cef/build/DerivedData/SDKExplicitPrecompiledModules/MachO-B0RAM68320ACFF9QWZ7LDDOBI.pcm

SwiftCompile normal arm64 Compiling\ IntakeQueue.swift,\ LibraryAccess.swift,\ LibraryFiles.swift /Users/builder/Factory/paperloft/evidence/checkouts/p4-28c3cef/Packages/PaperloftKit/Sources/PaperloftKit/IntakeQueue.swift /Users/builder/Factory/paperloft/evidence/checkouts/p4-28c3cef/Packages/PaperloftKit/Sources/PaperloftKit/LibraryAccess.swift /Users/builder/Factory/paperloft/evidence/checkouts/p4-28c3cef/Packages/PaperloftKit/Sources/PaperloftKit/LibraryFiles.swift (in target 'PaperloftKit' from project 'PaperloftKit')

SwiftCompile normal arm64 /Users/builder/Factory/paperloft/evidence/checkouts/p4-28c3cef/Packages/PaperloftKit/Sources/PaperloftKit/IntakeQueue.swift (in target 'PaperloftKit' from project 'PaperloftKit')
    cd /Users/builder/Factory/paperloft/evidence/checkouts/p4-28c3cef/Paperloft.xcodeproj
    builtin-SwiftPerFileCompile IntakeQueue.swift

SwiftCompile normal arm64 /Users/builder/Factory/paperloft/evidence/checkouts/p4-28c3cef/Packages/PaperloftKit/Sources/PaperloftKit/LibraryAccess.swift (in target 'PaperloftKit' from project 'PaperloftKit')
    cd /Users/builder/Factory/paperloft/evidence/checkouts/p4-28c3cef/Paperloft.xcodeproj
    builtin-SwiftPerFileCompile LibraryAccess.swift

SwiftCompile normal arm64 /Users/builder/Factory/paperloft/evidence/checkouts/p4-28c3cef/Packages/PaperloftKit/Sources/PaperloftKit/LibraryFiles.swift (in target 'PaperloftKit' from project 'PaperloftKit')
    cd /Users/builder/Factory/paperloft/evidence/checkouts/p4-28c3cef/Paperloft.xcodeproj
    builtin-SwiftPerFileCompile LibraryFiles.swift

SwiftDriverJobDiscovery normal arm64 Compiling HandoffStore.swift (in target 'PaperloftHandoff' from project 'PaperloftHandoff')

SwiftCompile normal arm64 Compiling\ MailFieldHints.swift,\ MailImport.swift,\ Money.swift /Users/builder/Factory/paperloft/evidence/checkouts/p4-28c3cef/Packages/PaperloftKit/Sources/PaperloftKit/MailFieldHints.swift /Users/builder/Factory/paperloft/evidence/checkouts/p4-28c3cef/Packages/PaperloftKit/Sources/PaperloftKit/MailImport.swift /Users/builder/Factory/paperloft/evidence/checkouts/p4-28c3cef/Packages/PaperloftKit/Sources/PaperloftKit/Money.swift (in target 'PaperloftKit' from project 'PaperloftKit')

SwiftCompile normal arm64 /Users/builder/Factory/paperloft/evidence/checkouts/p4-28c3cef/Packages/PaperloftKit/Sources/PaperloftKit/MailFieldHints.swift (in target 'PaperloftKit' from project 'PaperloftKit')
    cd /Users/builder/Factory/paperloft/evidence/checkouts/p4-28c3cef/Paperloft.xcodeproj
    builtin-SwiftPerFileCompile MailFieldHints.swift

SwiftCompile normal arm64 /Users/builder/Factory/paperloft/evidence/checkouts/p4-28c3cef/Packages/PaperloftKit/Sources/PaperloftKit/MailImport.swift (in target 'PaperloftKit' from project 'PaperloftKit')
    cd /Users/builder/Factory/paperloft/evidence/checkouts/p4-28c3cef/Paperloft.xcodeproj
    builtin-SwiftPerFileCompile MailImport.swift

SwiftCompile normal arm64 /Users/builder/Factory/paperloft/evidence/checkouts/p4-28c3cef/Packages/PaperloftKit/Sources/PaperloftKit/Money.swift (in target 'PaperloftKit' from project 'PaperloftKit')
    cd /Users/builder/Factory/paperloft/evidence/checkouts/p4-28c3cef/Paperloft.xcodeproj
    builtin-SwiftPerFileCompile Money.swift

SwiftCompile normal arm64 Compiling\ MailDeliveryLedger.swift,\ MailDocument.swift,\ MailEnvelope.swift /Users/builder/Factory/paperloft/evidence/checkouts/p4-28c3cef/Packages/PaperloftKit/Sources/PaperloftKit/MailDeliveryLedger.swift /Users/builder/Factory/paperloft/evidence/checkouts/p4-28c3cef/Packages/PaperloftKit/Sources/PaperloftKit/MailDocument.swift /Users/builder/Factory/paperloft/evidence/checkouts/p4-28c3cef/Packages/PaperloftKit/Sources/PaperloftKit/MailEnvelope.swift (in target 'PaperloftKit' from project 'PaperloftKit')

SwiftCompile normal arm64 /Users/builder/Factory/paperloft/evidence/checkouts/p4-28c3cef/Packages/PaperloftKit/Sources/PaperloftKit/MailDeliveryLedger.swift (in target 'PaperloftKit' from project 'PaperloftKit')
    cd /Users/builder/Factory/paperloft/evidence/checkouts/p4-28c3cef/Paperloft.xcodeproj
    builtin-SwiftPerFileCompile MailDeliveryLedger.swift

SwiftCompile normal arm64 /Users/builder/Factory/paperloft/evidence/checkouts/p4-28c3cef/Packages/PaperloftKit/Sources/PaperloftKit/MailDocument.swift (in target 'PaperloftKit' from project 'PaperloftKit')
    cd /Users/builder/Factory/paperloft/evidence/checkouts/p4-28c3cef/Paperloft.xcodeproj
    builtin-SwiftPerFileCompile MailDocument.swift

SwiftCompile normal arm64 /Users/builder/Factory/paperloft/evidence/checkouts/p4-28c3cef/Packages/PaperloftKit/Sources/PaperloftKit/MailEnvelope.swift (in target 'PaperloftKit' from project 'PaperloftKit')
    cd /Users/builder/Factory/paperloft/evidence/checkouts/p4-28c3cef/Paperloft.xcodeproj
    builtin-SwiftPerFileCompile MailEnvelope.swift

SwiftExplicitDependencyGeneratePcm arm64 /Users/builder/Factory/paperloft/evidence/checkouts/p4-28c3cef/build/DerivedData/SDKExplicitPrecompiledModules/ObjectiveC-9YLRRL9W294Y1PZSU7K7L5E3C.pcm

SwiftDriverJobDiscovery normal arm64 Compiling TaxSourceEvidence.swift, TextLayout.swift (in target 'PaperloftKit' from project 'PaperloftKit')

SwiftCompile normal arm64 Compiling\ LibraryStore.swift,\ MailAttachmentSupport.swift,\ MailCandidateSelection.swift /Users/builder/Factory/paperloft/evidence/checkouts/p4-28c3cef/Packages/PaperloftKit/Sources/PaperloftKit/LibraryStore.swift /Users/builder/Factory/paperloft/evidence/checkouts/p4-28c3cef/Packages/PaperloftKit/Sources/PaperloftKit/MailAttachmentSupport.swift /Users/builder/Factory/paperloft/evidence/checkouts/p4-28c3cef/Packages/PaperloftKit/Sources/PaperloftKit/MailCandidateSelection.swift (in target 'PaperloftKit' from project 'PaperloftKit')

SwiftCompile normal arm64 /Users/builder/Factory/paperloft/evidence/checkouts/p4-28c3cef/Packages/PaperloftKit/Sources/PaperloftKit/LibraryStore.swift (in target 'PaperloftKit' from project 'PaperloftKit')
    cd /Users/builder/Factory/paperloft/evidence/checkouts/p4-28c3cef/Paperloft.xcodeproj
    builtin-SwiftPerFileCompile LibraryStore.swift

SwiftCompile normal arm64 /Users/builder/Factory/paperloft/evidence/checkouts/p4-28c3cef/Packages/PaperloftKit/Sources/PaperloftKit/MailAttachmentSupport.swift (in target 'PaperloftKit' from project 'PaperloftKit')
    cd /Users/builder/Factory/paperloft/evidence/checkouts/p4-28c3cef/Paperloft.xcodeproj
    builtin-SwiftPerFileCompile MailAttachmentSupport.swift

SwiftCompile normal arm64 /Users/builder/Factory/paperloft/evidence/checkouts/p4-28c3cef/Packages/PaperloftKit/Sources/PaperloftKit/MailCandidateSelection.swift (in target 'PaperloftKit' from project 'PaperloftKit')
    cd /Users/builder/Factory/paperloft/evidence/checkouts/p4-28c3cef/Paperloft.xcodeproj
    builtin-SwiftPerFileCompile MailCandidateSelection.swift

SwiftCompile normal arm64 Compiling\ UnderstandingQuota.swift,\ WatchedFolderScanner.swift /Users/builder/Factory/paperloft/evidence/checkouts/p4-28c3cef/Packages/PaperloftKit/Sources/PaperloftKit/UnderstandingQuota.swift /Users/builder/Factory/paperloft/evidence/checkouts/p4-28c3cef/Packages/PaperloftKit/Sources/PaperloftKit/WatchedFolderScanner.swift (in target 'PaperloftKit' from project 'PaperloftKit')

SwiftCompile normal arm64 /Users/builder/Factory/paperloft/evidence/checkouts/p4-28c3cef/Packages/PaperloftKit/Sources/PaperloftKit/UnderstandingQuota.swift (in target 'PaperloftKit' from project 'PaperloftKit')
    cd /Users/builder/Factory/paperloft/evidence/checkouts/p4-28c3cef/Paperloft.xcodeproj
    builtin-SwiftPerFileCompile UnderstandingQuota.swift

SwiftCompile normal arm64 /Users/builder/Factory/paperloft/evidence/checkouts/p4-28c3cef/Packages/PaperloftKit/Sources/PaperloftKit/WatchedFolderScanner.swift (in target 'PaperloftKit' from project 'PaperloftKit')
    cd /Users/builder/Factory/paperloft/evidence/checkouts/p4-28c3cef/Paperloft.xcodeproj
    builtin-SwiftPerFileCompile WatchedFolderScanner.swift

SwiftExplicitDependencyGeneratePcm arm64 /Users/builder/Factory/paperloft/evidence/checkouts/p4-28c3cef/build/DerivedData/SDKExplicitPrecompiledModules/os_object-67456GM6AM1U3234EGR80Y3GH.pcm

SwiftDriverJobDiscovery normal arm64 Emitting module for PaperloftKit (in target 'PaperloftKit' from project 'PaperloftKit')

SwiftDriver\ Compilation\ Requirements PaperloftKit normal arm64 com.apple.xcode.tools.swift.compiler (in target 'PaperloftKit' from project 'PaperloftKit')
    cd /Users/builder/Factory/paperloft/evidence/checkouts/p4-28c3cef/Paperloft.xcodeproj
    builtin-Swift-Compilation-Requirements -- /Applications/Xcode.app/Contents/Developer/Toolchains/XcodeDefault.xctoolchain/usr/bin/swiftc -parse-as-library -module-name PaperloftKit -Onone @/Users/builder/Factory/paperloft/evidence/checkouts/p4-28c3cef/build/DerivedData/Build/Intermediates.noindex/PaperloftKit.build/Debug/PaperloftKit-t.build/Objects-normal/arm64/PaperloftKit.SwiftFileList -DSWIFT_PACKAGE -DDEBUG -DSWIFT_MODULE_RESOURCE_BUNDLE_UNAVAILABLE -DXcode -plugin-path /Applications/Xcode.app/Contents/Developer/Toolchains/XcodeDefault.xctoolchain/usr/lib/swift/host/plugins/testing -enable-experimental-feature DebugDescriptionMacro -sdk /Applications/Xcode.app/Contents/Developer/Platforms/MacOSX.platform/Developer/SDKs/MacOSX27.0.sdk -target arm64-apple-macos27.0 -g -module-cache-path /Users/builder/Factory/paperloft/evidence/checkouts/p4-28c3cef/build/DerivedData/ModuleCache.noindex -Xfrontend -serialize-debugging-options -profile-coverage-mapping -profile-generate -enable-testing -warnings-as-errors -index-store-path /Users/builder/Factory/paperloft/evidence/checkouts/p4-28c3cef/build/DerivedData/Index.noindex/DataStore -Xcc -D_LIBCPP_HARDENING_MODE\=_LIBCPP_HARDENING_MODE_DEBUG -swift-version 6 -I /Users/builder/Factory/paperloft/evidence/checkouts/p4-28c3cef/build/DerivedData/Build/Products/Debug -Isystem /Applications/Xcode.app/Contents/Developer/Platforms/MacOSX.platform/Developer/usr/lib -F /Users/builder/Factory/paperloft/evidence/checkouts/p4-28c3cef/build/DerivedData/Build/Products/Debug -F /Applications/Xcode.app/Contents/Developer/Platforms/MacOSX.platform/Developer/Library/Frameworks -c -j10 -enable-batch-mode -incremental -Xcc -ivfsstatcache -Xcc /Users/builder/Factory/paperloft/evidence/checkouts/p4-28c3cef/build/DerivedData/SDKStatCaches.noindex/macosx27.0-26A425-7231f6df4def33e022ae2eb8f782df1a.sdkstatcache -output-file-map /Users/builder/Factory/paperloft/evidence/checkouts/p4-28c3cef/build/DerivedData/Build/Intermediates.noindex/PaperloftKit.build/Debug/PaperloftKit-t.build/Objects-normal/arm64/PaperloftKit-OutputFileMap.json -save-temps -no-color-diagnostics -explicit-module-build -module-cache-path /Users/builder/Factory/paperloft/evidence/checkouts/p4-28c3cef/build/DerivedData/Build/Intermediates.noindex/SwiftExplicitPrecompiledModules -clang-scanner-module-cache-path /Users/builder/Factory/paperloft/evidence/checkouts/p4-28c3cef/build/DerivedData/ModuleCache.noindex -sdk-module-cache-path /Users/builder/Factory/paperloft/evidence/checkouts/p4-28c3cef/build/DerivedData/SDKExplicitPrecompiledModules -emit-dependencies -emit-module -emit-module-path /Users/builder/Factory/paperloft/evidence/checkouts/p4-28c3cef/build/DerivedData/Build/Intermediates.noindex/PaperloftKit.build/Debug/PaperloftKit-t.build/Objects-normal/arm64/PaperloftKit.swiftmodule -serialize-diagnostics -dependency-scan-serialize-diagnostics-path /Users/builder/Factory/paperloft/evidence/checkouts/p4-28c3cef/build/DerivedData/Build/Intermediates.noindex/PaperloftKit.build/Debug/PaperloftKit-t.build/Objects-normal/arm64/PaperloftKit-dependency-scan.dia -validate-clang-modules-once -clang-build-session-file /Users/builder/Factory/paperloft/evidence/checkouts/p4-28c3cef/build/DerivedData/ModuleCache.noindex/Session.modulevalidation -Xcc -fmodules-prune-interval\=86400 -Xcc -fmodules-prune-after\=345600 -package-name paperloftkit -emit-const-values -const-gather-protocols-list /Users/builder/Factory/paperloft/evidence/checkouts/p4-28c3cef/build/DerivedData/Build/Intermediates.noindex/PaperloftKit.build/Debug/PaperloftKit-t.build/Objects-normal/arm64/PaperloftKit_const_extract_protocols.json -Xcc -I/Users/builder/Factory/paperloft/evidence/checkouts/p4-28c3cef/build/DerivedData/Build/Products/Debug/include -Xcc -I/Users/builder/Factory/paperloft/evidence/checkouts/p4-28c3cef/build/DerivedData/Build/Intermediates.noindex/PaperloftKit.build/Debug/PaperloftKit-t.build/DerivedSources-normal/arm64 -Xcc -I/Users/builder/Factory/paperloft/evidence/checkouts/p4-28c3cef/build/DerivedData/Build/Intermediates.noindex/PaperloftKit.build/Debug/PaperloftKit-t.build/DerivedSources/arm64 -Xcc -I/Users/builder/Factory/paperloft/evidence/checkouts/p4-28c3cef/build/DerivedData/Build/Intermediates.noindex/PaperloftKit.build/Debug/PaperloftKit-t.build/DerivedSources -Xcc -DSWIFT_PACKAGE -Xcc -DDEBUG\=1 -emit-objc-header -emit-objc-header-path /Users/builder/Factory/paperloft/evidence/checkouts/p4-28c3cef/build/DerivedData/Build/Intermediates.noindex/PaperloftKit.build/Debug/PaperloftKit-t.build/Objects-normal/arm64/PaperloftKit-Swift.h -working-directory /Users/builder/Factory/paperloft/evidence/checkouts/p4-28c3cef/Paperloft.xcodeproj -experimental-emit-module-separately -disable-cmo

SwiftDriverJobDiscovery normal arm64 Compiling ReceiptIndex.swift, ReceiptNameTemplate.swift (in target 'PaperloftKit' from project 'PaperloftKit')

SwiftDriver\ Compilation PaperloftHandoff normal arm64 com.apple.xcode.tools.swift.compiler (in target 'PaperloftHandoff' from project 'PaperloftHandoff')
    cd /Users/builder/Factory/paperloft/evidence/checkouts/p4-28c3cef/Paperloft.xcodeproj
    builtin-Swift-Compilation -- /Applications/Xcode.app/Contents/Developer/Toolchains/XcodeDefault.xctoolchain/usr/bin/swiftc -parse-as-library -module-name PaperloftHandoff -Onone @/Users/builder/Factory/paperloft/evidence/checkouts/p4-28c3cef/build/DerivedData/Build/Intermediates.noindex/PaperloftHandoff.build/Debug/PaperloftHandoff-t.build/Objects-normal/arm64/PaperloftHandoff.SwiftFileList -DSWIFT_PACKAGE -DDEBUG -DSWIFT_MODULE_RESOURCE_BUNDLE_UNAVAILABLE -DXcode -plugin-path /Applications/Xcode.app/Contents/Developer/Toolchains/XcodeDefault.xctoolchain/usr/lib/swift/host/plugins/testing -enable-experimental-feature DebugDescriptionMacro -sdk /Applications/Xcode.app/Contents/Developer/Platforms/MacOSX.platform/Developer/SDKs/MacOSX27.0.sdk -target arm64-apple-macos13.0 -g -module-cache-path /Users/builder/Factory/paperloft/evidence/checkouts/p4-28c3cef/build/DerivedData/ModuleCache.noindex -Xfrontend -serialize-debugging-options -profile-coverage-mapping -profile-generate -enable-testing -warnings-as-errors -index-store-path /Users/builder/Factory/paperloft/evidence/checkouts/p4-28c3cef/build/DerivedData/Index.noindex/DataStore -Xcc -D_LIBCPP_HARDENING_MODE\=_LIBCPP_HARDENING_MODE_DEBUG -swift-version 6 -I /Users/builder/Factory/paperloft/evidence/checkouts/p4-28c3cef/build/DerivedData/Build/Products/Debug -Isystem /Applications/Xcode.app/Contents/Developer/Platforms/MacOSX.platform/Developer/usr/lib -F /Users/builder/Factory/paperloft/evidence/checkouts/p4-28c3cef/build/DerivedData/Build/Products/Debug -F /Applications/Xcode.app/Contents/Developer/Platforms/MacOSX.platform/Developer/Library/Frameworks -c -j10 -enable-batch-mode -incremental -Xcc -ivfsstatcache -Xcc /Users/builder/Factory/paperloft/evidence/checkouts/p4-28c3cef/build/DerivedData/SDKStatCaches.noindex/macosx27.0-26A425-7231f6df4def33e022ae2eb8f782df1a.sdkstatcache -output-file-map /Users/builder/Factory/paperloft/evidence/checkouts/p4-28c3cef/build/DerivedData/Build/Intermediates.noindex/PaperloftHandoff.build/Debug/PaperloftHandoff-t.build/Objects-normal/arm64/PaperloftHandoff-OutputFileMap.json -save-temps -no-color-diagnostics -explicit-module-build -module-cache-path /Users/builder/Factory/paperloft/evidence/checkouts/p4-28c3cef/build/DerivedData/Build/Intermediates.noindex/SwiftExplicitPrecompiledModules -clang-scanner-module-cache-path /Users/builder/Factory/paperloft/evidence/checkouts/p4-28c3cef/build/DerivedData/ModuleCache.noindex -sdk-module-cache-path /Users/builder/Factory/paperloft/evidence/checkouts/p4-28c3cef/build/DerivedData/SDKExplicitPrecompiledModules -emit-dependencies -emit-module -emit-module-path /Users/builder/Factory/paperloft/evidence/checkouts/p4-28c3cef/build/DerivedData/Build/Intermediates.noindex/PaperloftHandoff.build/Debug/PaperloftHandoff-t.build/Objects-normal/arm64/PaperloftHandoff.swiftmodule -serialize-diagnostics -dependency-scan-serialize-diagnostics-path /Users/builder/Factory/paperloft/evidence/checkouts/p4-28c3cef/build/DerivedData/Build/Intermediates.noindex/PaperloftHandoff.build/Debug/PaperloftHandoff-t.build/Objects-normal/arm64/PaperloftHandoff-dependency-scan.dia -validate-clang-modules-once -clang-build-session-file /Users/builder/Factory/paperloft/evidence/checkouts/p4-28c3cef/build/DerivedData/ModuleCache.noindex/Session.modulevalidation -Xcc -fmodules-prune-interval\=86400 -Xcc -fmodules-prune-after\=345600 -package-name paperlofthandoff -emit-const-values -const-gather-protocols-list /Users/builder/Factory/paperloft/evidence/checkouts/p4-28c3cef/build/DerivedData/Build/Intermediates.noindex/PaperloftHandoff.build/Debug/PaperloftHandoff-t.build/Objects-normal/arm64/PaperloftHandoff_const_extract_protocols.json -Xcc -I/Users/builder/Factory/paperloft/evidence/checkouts/p4-28c3cef/build/DerivedData/Build/Products/Debug/include -Xcc -I/Users/builder/Factory/paperloft/evidence/checkouts/p4-28c3cef/build/DerivedData/Build/Intermediates.noindex/PaperloftHandoff.build/Debug/PaperloftHandoff-t.build/DerivedSources-normal/arm64 -Xcc -I/Users/builder/Factory/paperloft/evidence/checkouts/p4-28c3cef/build/DerivedData/Build/Intermediates.noindex/PaperloftHandoff.build/Debug/PaperloftHandoff-t.build/DerivedSources/arm64 -Xcc -I/Users/builder/Factory/paperloft/evidence/checkouts/p4-28c3cef/build/DerivedData/Build/Intermediates.noindex/PaperloftHandoff.build/Debug/PaperloftHandoff-t.build/DerivedSources -Xcc -DSWIFT_PACKAGE -Xcc -DDEBUG\=1 -emit-objc-header -emit-objc-header-path /Users/builder/Factory/paperloft/evidence/checkouts/p4-28c3cef/build/DerivedData/Build/Intermediates.noindex/PaperloftHandoff.build/Debug/PaperloftHandoff-t.build/Objects-normal/arm64/PaperloftHandoff-Swift.h -working-directory /Users/builder/Factory/paperloft/evidence/checkouts/p4-28c3cef/Paperloft.xcodeproj -experimental-emit-module-separately -disable-cmo

SwiftMergeGeneratedHeaders /Users/builder/Factory/paperloft/evidence/checkouts/p4-28c3cef/build/DerivedData/Build/Intermediates.noindex/GeneratedModuleMaps/PaperloftKit-Swift.h /Users/builder/Factory/paperloft/evidence/checkouts/p4-28c3cef/build/DerivedData/Build/Intermediates.noindex/PaperloftKit.build/Debug/PaperloftKit-t.build/Objects-normal/arm64/PaperloftKit-Swift.h (in target 'PaperloftKit' from project 'PaperloftKit')
    cd /Users/builder/Factory/paperloft/evidence/checkouts/p4-28c3cef/Packages/PaperloftKit
    builtin-swiftHeaderTool -arch arm64 /Users/builder/Factory/paperloft/evidence/checkouts/p4-28c3cef/build/DerivedData/Build/Intermediates.noindex/PaperloftKit.build/Debug/PaperloftKit-t.build/Objects-normal/arm64/PaperloftKit-Swift.h -o /Users/builder/Factory/paperloft/evidence/checkouts/p4-28c3cef/build/DerivedData/Build/Intermediates.noindex/GeneratedModuleMaps/PaperloftKit-Swift.h

Copy /Users/builder/Factory/paperloft/evidence/checkouts/p4-28c3cef/build/DerivedData/Build/Products/Debug/PaperloftKit.swiftmodule/arm64-apple-macos.swiftmodule /Users/builder/Factory/paperloft/evidence/checkouts/p4-28c3cef/build/DerivedData/Build/Intermediates.noindex/PaperloftKit.build/Debug/PaperloftKit-t.build/Objects-normal/arm64/PaperloftKit.swiftmodule (in target 'PaperloftKit' from project 'PaperloftKit')
    cd /Users/builder/Factory/paperloft/evidence/checkouts/p4-28c3cef/Packages/PaperloftKit
    builtin-copy -exclude .DS_Store -exclude CVS -exclude .svn -exclude .git -exclude .hg -resolve-src-symlinks -rename /Users/builder/Factory/paperloft/evidence/checkouts/p4-28c3cef/build/DerivedData/Build/Intermediates.noindex/PaperloftKit.build/Debug/PaperloftKit-t.build/Objects-normal/arm64/PaperloftKit.swiftmodule /Users/builder/Factory/paperloft/evidence/checkouts/p4-28c3cef/build/DerivedData/Build/Products/Debug/PaperloftKit.swiftmodule/arm64-apple-macos.swiftmodule

Copy /Users/builder/Factory/paperloft/evidence/checkouts/p4-28c3cef/build/DerivedData/Build/Products/Debug/PaperloftKit.swiftmodule/arm64-apple-macos.swiftdoc /Users/builder/Factory/paperloft/evidence/checkouts/p4-28c3cef/build/DerivedData/Build/Intermediates.noindex/PaperloftKit.build/Debug/PaperloftKit-t.build/Objects-normal/arm64/PaperloftKit.swiftdoc (in target 'PaperloftKit' from project 'PaperloftKit')
    cd /Users/builder/Factory/paperloft/evidence/checkouts/p4-28c3cef/Packages/PaperloftKit
    builtin-copy -exclude .DS_Store -exclude CVS -exclude .svn -exclude .git -exclude .hg -resolve-src-symlinks -rename /Users/builder/Factory/paperloft/evidence/checkouts/p4-28c3cef/build/DerivedData/Build/Intermediates.noindex/PaperloftKit.build/Debug/PaperloftKit-t.build/Objects-normal/arm64/PaperloftKit.swiftdoc /Users/builder/Factory/paperloft/evidence/checkouts/p4-28c3cef/build/DerivedData/Build/Products/Debug/PaperloftKit.swiftmodule/arm64-apple-macos.swiftdoc

Copy /Users/builder/Factory/paperloft/evidence/checkouts/p4-28c3cef/build/DerivedData/Build/Products/Debug/PaperloftKit.swiftmodule/arm64-apple-macos.abi.json /Users/builder/Factory/paperloft/evidence/checkouts/p4-28c3cef/build/DerivedData/Build/Intermediates.noindex/PaperloftKit.build/Debug/PaperloftKit-t.build/Objects-normal/arm64/PaperloftKit.abi.json (in target 'PaperloftKit' from project 'PaperloftKit')
    cd /Users/builder/Factory/paperloft/evidence/checkouts/p4-28c3cef/Packages/PaperloftKit
    builtin-copy -exclude .DS_Store -exclude CVS -exclude .svn -exclude .git -exclude .hg -resolve-src-symlinks -rename /Users/builder/Factory/paperloft/evidence/checkouts/p4-28c3cef/build/DerivedData/Build/Intermediates.noindex/PaperloftKit.build/Debug/PaperloftKit-t.build/Objects-normal/arm64/PaperloftKit.abi.json /Users/builder/Factory/paperloft/evidence/checkouts/p4-28c3cef/build/DerivedData/Build/Products/Debug/PaperloftKit.swiftmodule/arm64-apple-macos.abi.json

Copy /Users/builder/Factory/paperloft/evidence/checkouts/p4-28c3cef/build/DerivedData/Build/Products/Debug/PaperloftKit.swiftmodule/Project/arm64-apple-macos.swiftsourceinfo /Users/builder/Factory/paperloft/evidence/checkouts/p4-28c3cef/build/DerivedData/Build/Intermediates.noindex/PaperloftKit.build/Debug/PaperloftKit-t.build/Objects-normal/arm64/PaperloftKit.swiftsourceinfo (in target 'PaperloftKit' from project 'PaperloftKit')
    cd /Users/builder/Factory/paperloft/evidence/checkouts/p4-28c3cef/Packages/PaperloftKit
    builtin-copy -exclude .DS_Store -exclude CVS -exclude .svn -exclude .git -exclude .hg -resolve-src-symlinks -rename /Users/builder/Factory/paperloft/evidence/checkouts/p4-28c3cef/build/DerivedData/Build/Intermediates.noindex/PaperloftKit.build/Debug/PaperloftKit-t.build/Objects-normal/arm64/PaperloftKit.swiftsourceinfo /Users/builder/Factory/paperloft/evidence/checkouts/p4-28c3cef/build/DerivedData/Build/Products/Debug/PaperloftKit.swiftmodule/Project/arm64-apple-macos.swiftsourceinfo

Ld /Users/builder/Factory/paperloft/evidence/checkouts/p4-28c3cef/build/DerivedData/Build/Products/Debug/PaperloftHandoff.o normal (in target 'PaperloftHandoff' from project 'PaperloftHandoff')
    cd /Users/builder/Factory/paperloft/evidence/checkouts/p4-28c3cef/Packages/PaperloftHandoff
    /Applications/Xcode.app/Contents/Developer/Toolchains/XcodeDefault.xctoolchain/usr/bin/clang -Xlinker -reproducible -target arm64-apple-macos13.0 -r -isysroot /Applications/Xcode.app/Contents/Developer/Platforms/MacOSX.platform/Developer/SDKs/MacOSX27.0.sdk -O0 -Xlinker -no_warn_duplicate_libraries -F/Users/builder/Factory/paperloft/evidence/checkouts/p4-28c3cef/build/DerivedData/Build/Intermediates.noindex/EagerLinkingTBDs/Debug -F/Users/builder/Factory/paperloft/evidence/checkouts/p4-28c3cef/build/DerivedData/Build/Products/Debug -iframework /Applications/Xcode.app/Contents/Developer/Platforms/MacOSX.platform/Developer/Library/Frameworks -filelist /Users/builder/Factory/paperloft/evidence/checkouts/p4-28c3cef/build/DerivedData/Build/Intermediates.noindex/PaperloftHandoff.build/Debug/PaperloftHandoff-t.build/Objects-normal/arm64/PaperloftHandoff.LinkFileList -nostdlib -Xlinker -object_path_lto -Xlinker /Users/builder/Factory/paperloft/evidence/checkouts/p4-28c3cef/build/DerivedData/Build/Intermediates.noindex/PaperloftHandoff.build/Debug/PaperloftHandoff-t.build/Objects-normal/arm64/PaperloftHandoff_lto.o -Xlinker -no_deduplicate -Xlinker -debug_variant -Xlinker -dependency_info -Xlinker /Users/builder/Factory/paperloft/evidence/checkouts/p4-28c3cef/build/DerivedData/Build/Intermediates.noindex/PaperloftHandoff.build/Debug/PaperloftHandoff-t.build/Objects-normal/arm64/PaperloftHandoff_dependency_info.dat -fobjc-link-runtime -L/Applications/Xcode.app/Contents/Developer/Toolchains/XcodeDefault.xctoolchain/usr/lib/swift/macosx -L/usr/lib/swift -Xlinker -add_ast_path -Xlinker /Users/builder/Factory/paperloft/evidence/checkouts/p4-28c3cef/build/DerivedData/Build/Intermediates.noindex/PaperloftHandoff.build/Debug/PaperloftHandoff-t.build/Objects-normal/arm64/PaperloftHandoff.swiftmodule -o /Users/builder/Factory/paperloft/evidence/checkouts/p4-28c3cef/build/DerivedData/Build/Products/Debug/PaperloftHandoff.o

SwiftExplicitDependencyGeneratePcm arm64 /Users/builder/Factory/paperloft/evidence/checkouts/p4-28c3cef/build/DerivedData/SDKExplicitPrecompiledModules/os_workgroup-48TGOBM5DXK2WVVLR5G5OZD1E.pcm

ExtractAppIntentsMetadata (in target 'PaperloftHandoff' from project 'PaperloftHandoff')
    cd /Users/builder/Factory/paperloft/evidence/checkouts/p4-28c3cef/Packages/PaperloftHandoff
    /Applications/Xcode.app/Contents/Developer/Toolchains/XcodeDefault.xctoolchain/usr/bin/appintentsmetadataprocessor --toolchain-dir /Applications/Xcode.app/Contents/Developer/Toolchains/XcodeDefault.xctoolchain --module-name PaperloftHandoff --sdk-root /Applications/Xcode.app/Contents/Developer/Platforms/MacOSX.platform/Developer/SDKs/MacOSX27.0.sdk --xcode-version 27A266a --platform-family macOS --deployment-target 13.0 --bundle-identifier paperlofthandoff.PaperloftHandoff --output /Users/builder/Factory/paperloft/evidence/checkouts/p4-28c3cef/build/DerivedData/Build/Products/Debug/PaperloftHandoff.appintents --target-triple arm64-apple-macos13.0 --binary-file /Users/builder/Factory/paperloft/evidence/checkouts/p4-28c3cef/build/DerivedData/Build/Products/Debug/PaperloftHandoff.o --dependency-file /Users/builder/Factory/paperloft/evidence/checkouts/p4-28c3cef/build/DerivedData/Build/Intermediates.noindex/PaperloftHandoff.build/Debug/PaperloftHandoff-t.build/Objects-normal/arm64/PaperloftHandoff_dependency_info.dat --stringsdata-file /Users/builder/Factory/paperloft/evidence/checkouts/p4-28c3cef/build/DerivedData/Build/Intermediates.noindex/PaperloftHandoff.build/Debug/PaperloftHandoff-t.build/Objects-normal/arm64/ExtractedAppShortcutsMetadata.stringsdata --source-file-list /Users/builder/Factory/paperloft/evidence/checkouts/p4-28c3cef/build/DerivedData/Build/Intermediates.noindex/PaperloftHandoff.build/Debug/PaperloftHandoff-t.build/Objects-normal/arm64/PaperloftHandoff.SwiftFileList --metadata-file-list /Users/builder/Factory/paperloft/evidence/checkouts/p4-28c3cef/build/DerivedData/Build/Intermediates.noindex/PaperloftHandoff.build/Debug/PaperloftHandoff-t.build/PaperloftHandoff.DependencyMetadataFileList --static-metadata-file-list /Users/builder/Factory/paperloft/evidence/checkouts/p4-28c3cef/build/DerivedData/Build/Intermediates.noindex/PaperloftHandoff.build/Debug/PaperloftHandoff-t.build/PaperloftHandoff.DependencyStaticMetadataFileList --swift-const-vals-list /Users/builder/Factory/paperloft/evidence/checkouts/p4-28c3cef/build/DerivedData/Build/Intermediates.noindex/PaperloftHandoff.build/Debug/PaperloftHandoff-t.build/Objects-normal/arm64/PaperloftHandoff.SwiftConstValuesFileList --force --compile-time-extraction --deployment-aware-processing --no-app-shortcuts-localization
2026-10-02 00:12:55.151 appintentsmetadataprocessor[75698:7146437] Starting appintentsmetadataprocessor export
2026-10-02 00:12:55.216 appintentsmetadataprocessor[75698:7146437] Extracted no relevant App Intents symbols, skipping writing output

SwiftExplicitDependencyGeneratePcm arm64 /Users/builder/Factory/paperloft/evidence/checkouts/p4-28c3cef/build/DerivedData/SDKExplicitPrecompiledModules/Dispatch-6DM9VK4BIGFPJJJD6YZXIO5S.pcm

SwiftDriverJobDiscovery normal arm64 Compiling Receipt.swift, ReceiptEngine.swift (in target 'PaperloftKit' from project 'PaperloftKit')

ProcessInfoPlistFile /Users/builder/Factory/paperloft/evidence/checkouts/p4-28c3cef/build/DerivedData/Build/Products/Debug/PaperloftShare.appex/Contents/Info.plist /Users/builder/Factory/paperloft/evidence/checkouts/p4-28c3cef/Configuration/Share-Info.plist (in target 'PaperloftShare' from project 'Paperloft')
    cd /Users/builder/Factory/paperloft/evidence/checkouts/p4-28c3cef
    builtin-infoPlistUtility /Users/builder/Factory/paperloft/evidence/checkouts/p4-28c3cef/Configuration/Share-Info.plist -producttype com.apple.product-type.app-extension -expandbuildsettings -platform macosx -o /Users/builder/Factory/paperloft/evidence/checkouts/p4-28c3cef/build/DerivedData/Build/Products/Debug/PaperloftShare.appex/Contents/Info.plist

CpResource /Users/builder/Factory/paperloft/evidence/checkouts/p4-28c3cef/build/DerivedData/Build/Products/Debug/PaperloftShare.appex/Contents/Resources/PrivacyInfo.xcprivacy /Users/builder/Factory/paperloft/evidence/checkouts/p4-28c3cef/Apps/PaperloftShare/PrivacyInfo.xcprivacy (in target 'PaperloftShare' from project 'Paperloft')
    cd /Users/builder/Factory/paperloft/evidence/checkouts/p4-28c3cef
    builtin-copy -exclude .DS_Store -exclude CVS -exclude .svn -exclude .git -exclude .hg -strip-unsigned-binaries -strip-deterministic -strip-tool /Applications/Xcode.app/Contents/Developer/Toolchains/XcodeDefault.xctoolchain/usr/bin/strip -resolve-src-symlinks /Users/builder/Factory/paperloft/evidence/checkouts/p4-28c3cef/Apps/PaperloftShare/PrivacyInfo.xcprivacy /Users/builder/Factory/paperloft/evidence/checkouts/p4-28c3cef/build/DerivedData/Build/Products/Debug/PaperloftShare.appex/Contents/Resources

Ld /Users/builder/Factory/paperloft/evidence/checkouts/p4-28c3cef/build/DerivedData/Build/Products/Debug/PaperloftShare.appex/Contents/MacOS/__preview.dylib normal (in target 'PaperloftShare' from project 'Paperloft')
    cd /Users/builder/Factory/paperloft/evidence/checkouts/p4-28c3cef
    /Applications/Xcode.app/Contents/Developer/Toolchains/XcodeDefault.xctoolchain/usr/bin/clang -Xlinker -reproducible -target arm64-apple-macos27.0 -dynamiclib -isysroot /Applications/Xcode.app/Contents/Developer/Platforms/MacOSX.platform/Developer/SDKs/MacOSX27.0.sdk -Os -Xlinker -no_warn_duplicate_libraries -L/Users/builder/Factory/paperloft/evidence/checkouts/p4-28c3cef/build/DerivedData/Build/Products/Debug -F/Users/builder/Factory/paperloft/evidence/checkouts/p4-28c3cef/build/DerivedData/Build/Products/Debug/PackageFrameworks -F/Users/builder/Factory/paperloft/evidence/checkouts/p4-28c3cef/build/DerivedData/Build/Products/Debug -install_name @rpath/PaperloftShare.debug.dylib -rdynamic -Xlinker -debug_variant -Xlinker -dependency_info -Xlinker /Users/builder/Factory/paperloft/evidence/checkouts/p4-28c3cef/build/DerivedData/Build/Intermediates.noindex/Paperloft.build/Debug/PaperloftShare.build/Objects-normal/arm64/PaperloftShare_dependency_info.dat -Xlinker -no_adhoc_codesign -o /Users/builder/Factory/paperloft/evidence/checkouts/p4-28c3cef/build/DerivedData/Build/Products/Debug/PaperloftShare.appex/Contents/MacOS/__preview.dylib

SwiftExplicitDependencyGeneratePcm arm64 /Users/builder/Factory/paperloft/evidence/checkouts/p4-28c3cef/build/DerivedData/SDKExplicitPrecompiledModules/CoreFoundation-BVKAPDBLJEKP2E4EL9I04E6K6.pcm

SwiftExplicitDependencyGeneratePcm arm64 /Users/builder/Factory/paperloft/evidence/checkouts/p4-28c3cef/build/DerivedData/SDKExplicitPrecompiledModules/XPC-C1NI5MZ9FH0QGYYQESDW6EDBQ.pcm

SwiftExplicitDependencyGeneratePcm arm64 /Users/builder/Factory/paperloft/evidence/checkouts/p4-28c3cef/build/DerivedData/SDKExplicitPrecompiledModules/os-296O4NWGLQ184WVSVRJEFJ06L.pcm

SwiftExplicitDependencyGeneratePcm arm64 /Users/builder/Factory/paperloft/evidence/checkouts/p4-28c3cef/build/DerivedData/SDKExplicitPrecompiledModules/ColorSync-4DXZ0IB7J2NGFKOPTJH1T20LI.pcm

SwiftExplicitDependencyGeneratePcm arm64 /Users/builder/Factory/paperloft/evidence/checkouts/p4-28c3cef/build/DerivedData/SDKExplicitPrecompiledModules/CFNetwork-2PJE7VSVFPG1S2FQ6LW8RCOI0.pcm

SwiftExplicitDependencyGeneratePcm arm64 /Users/builder/Factory/paperloft/evidence/checkouts/p4-28c3cef/build/DerivedData/SDKExplicitPrecompiledModules/IOKit-5L8J9W0BQXYIWHYE5VS91OPPU.pcm

SwiftExplicitDependencyGeneratePcm arm64 /Users/builder/Factory/paperloft/evidence/checkouts/p4-28c3cef/build/DerivedData/SDKExplicitPrecompiledModules/CoreAudioTypes-8JSVZPEK2DWA92GBMUDN29127.pcm

SwiftExplicitDependencyGeneratePcm arm64 /Users/builder/Factory/paperloft/evidence/checkouts/p4-28c3cef/build/DerivedData/SDKExplicitPrecompiledModules/Security-7ZFCBYYN30OGYJLR5EUTCVZ4M.pcm

SwiftExplicitDependencyGeneratePcm arm64 /Users/builder/Factory/paperloft/evidence/checkouts/p4-28c3cef/build/DerivedData/SDKExplicitPrecompiledModules/DiskArbitration-CZ5SJY01OJX59DMDDNLA7U74V.pcm

SwiftExplicitDependencyGeneratePcm arm64 /Users/builder/Factory/paperloft/evidence/checkouts/p4-28c3cef/build/DerivedData/SDKExplicitPrecompiledModules/CoreGraphics-7FX4YV5NIZ22WNMN3UMI3QGMA.pcm

SwiftExplicitDependencyGeneratePcm arm64 /Users/builder/Factory/paperloft/evidence/checkouts/p4-28c3cef/build/DerivedData/SDKExplicitPrecompiledModules/CoreServices-4G5LBC3407AWJNUD5C4Y9NA87.pcm

SwiftExplicitDependencyGeneratePcm arm64 /Users/builder/Factory/paperloft/evidence/checkouts/p4-28c3cef/build/DerivedData/SDKExplicitPrecompiledModules/CoreText-1L6CS6NZRYZDYHBS8IGJ7HO9.pcm

SwiftExplicitDependencyGeneratePcm arm64 /Users/builder/Factory/paperloft/evidence/checkouts/p4-28c3cef/build/DerivedData/SDKExplicitPrecompiledModules/ImageIO-1EUDVF5I2J9OKO1MSXIZOF13X.pcm

SwiftDriverJobDiscovery normal arm64 Compiling IntakeQueue.swift, LibraryAccess.swift, LibraryFiles.swift (in target 'PaperloftKit' from project 'PaperloftKit')

SwiftDriverJobDiscovery normal arm64 Compiling MailDeliveryLedger.swift, MailDocument.swift, MailEnvelope.swift (in target 'PaperloftKit' from project 'PaperloftKit')

SwiftDriverJobDiscovery normal arm64 Compiling LibraryStore.swift, MailAttachmentSupport.swift, MailCandidateSelection.swift (in target 'PaperloftKit' from project 'PaperloftKit')

SwiftDriverJobDiscovery normal arm64 Compiling AccountantPack.swift, Assessment.swift, Extraction.swift (in target 'PaperloftKit' from project 'PaperloftKit')

SwiftExplicitDependencyGeneratePcm arm64 /Users/builder/Factory/paperloft/evidence/checkouts/p4-28c3cef/build/DerivedData/SDKExplicitPrecompiledModules/Foundation-DND4ZK0MY85C8LEK030HT38H5.pcm

SwiftDriverJobDiscovery normal arm64 Compiling MailFieldHints.swift, MailImport.swift, Money.swift (in target 'PaperloftKit' from project 'PaperloftKit')

SwiftExplicitDependencyGeneratePcm arm64 /Users/builder/Factory/paperloft/evidence/checkouts/p4-28c3cef/build/DerivedData/SDKExplicitPrecompiledModules/Accessibility-6988GXQRNLE3MTDVW6Q59MKJ8.pcm

SwiftExplicitDependencyGeneratePcm arm64 /Users/builder/Factory/paperloft/evidence/checkouts/p4-28c3cef/build/DerivedData/SDKExplicitPrecompiledModules/OSLog-B9VGWYDRU28D8DJ75SG7XB1UI.pcm

SwiftExplicitDependencyGeneratePcm arm64 /Users/builder/Factory/paperloft/evidence/checkouts/p4-28c3cef/build/DerivedData/SDKExplicitPrecompiledModules/IOSurface-BNVZGMNYUA088M16OLSF90EZR.pcm

SwiftExplicitDependencyGeneratePcm arm64 /Users/builder/Factory/paperloft/evidence/checkouts/p4-28c3cef/build/DerivedData/SDKExplicitPrecompiledModules/UniformTypeIdentifiers-1STPHPV27MIKVX6JEDRCZ382G.pcm

SwiftExplicitDependencyGeneratePcm arm64 /Users/builder/Factory/paperloft/evidence/checkouts/p4-28c3cef/build/DerivedData/SDKExplicitPrecompiledModules/DataDetection-60225HO7N6Y934DP0ML70I3LP.pcm

SwiftExplicitDependencyGeneratePcm arm64 /Users/builder/Factory/paperloft/evidence/checkouts/p4-28c3cef/build/DerivedData/SDKExplicitPrecompiledModules/Symbols-15LJD88F8R4U9ZL86CEBP3WGL.pcm

SwiftExplicitDependencyGeneratePcm arm64 /Users/builder/Factory/paperloft/evidence/checkouts/p4-28c3cef/build/DerivedData/SDKExplicitPrecompiledModules/ApplicationServices-3MEZXXBV1BAT05DIX8R1O61DU.pcm

SwiftExplicitDependencyGeneratePcm arm64 /Users/builder/Factory/paperloft/evidence/checkouts/p4-28c3cef/build/DerivedData/SDKExplicitPrecompiledModules/CoreTransferable-3K8OTLBX8429K2013UL0KP3VB.pcm

SwiftDriverJobDiscovery normal arm64 Compiling Recognize.swift, ScanImport.swift (in target 'PaperloftKit' from project 'PaperloftKit')

SwiftExplicitDependencyGeneratePcm arm64 /Users/builder/Factory/paperloft/evidence/checkouts/p4-28c3cef/build/DerivedData/SDKExplicitPrecompiledModules/CoreData-12UJW0FGOE55PH0YU4ZF0Q4KX.pcm

SwiftExplicitDependencyGeneratePcm arm64 /Users/builder/Factory/paperloft/evidence/checkouts/p4-28c3cef/build/DerivedData/SDKExplicitPrecompiledModules/CoreAudio-DY104Y6OAKU40NYLIC24GCVMN.pcm

SwiftExplicitDependencyGeneratePcm arm64 /Users/builder/Factory/paperloft/evidence/checkouts/p4-28c3cef/build/DerivedData/SDKExplicitPrecompiledModules/OpenGL-95QQOMKJ2WNCV1VL3RQS3ANG2.pcm

SwiftExplicitDependencyGeneratePcm arm64 /Users/builder/Factory/paperloft/evidence/checkouts/p4-28c3cef/build/DerivedData/SDKExplicitPrecompiledModules/Metal-4NSTYVX41CRPUXQWCM7Z154NG.pcm

SwiftExplicitDependencyGeneratePcm arm64 /Users/builder/Factory/paperloft/evidence/checkouts/p4-28c3cef/build/DerivedData/SDKExplicitPrecompiledModules/CoreVideo-9WEYQIVNVDCVS8VWZ5WSLVNSO.pcm

SwiftExplicitDependencyGeneratePcm arm64 /Users/builder/Factory/paperloft/evidence/checkouts/p4-28c3cef/build/DerivedData/SDKExplicitPrecompiledModules/CoreImage-7J3L8Z2172L4GDN0XVEI4TV1Y.pcm

SwiftExplicitDependencyGeneratePcm arm64 /Users/builder/Factory/paperloft/evidence/checkouts/p4-28c3cef/build/DerivedData/SDKExplicitPrecompiledModules/CoreMedia-2IY88KWD4FRMDJM0PIQ3F6TWN.pcm

SwiftExplicitDependencyGeneratePcm arm64 /Users/builder/Factory/paperloft/evidence/checkouts/p4-28c3cef/build/DerivedData/SDKExplicitPrecompiledModules/QuartzCore-4YJ2KRHFLKITM35AD4FS4BQ3G.pcm

SwiftExplicitDependencyGeneratePcm arm64 /Users/builder/Factory/paperloft/evidence/checkouts/p4-28c3cef/build/DerivedData/SDKExplicitPrecompiledModules/SwiftUICore-141XBEFO2O9RA6RK8IIBO649Y.pcm

SwiftDriverJobDiscovery normal arm64 Compiling UnderstandingQuota.swift, WatchedFolderScanner.swift (in target 'PaperloftKit' from project 'PaperloftKit')

SwiftDriver\ Compilation PaperloftKit normal arm64 com.apple.xcode.tools.swift.compiler (in target 'PaperloftKit' from project 'PaperloftKit')
    cd /Users/builder/Factory/paperloft/evidence/checkouts/p4-28c3cef/Paperloft.xcodeproj
    builtin-Swift-Compilation -- /Applications/Xcode.app/Contents/Developer/Toolchains/XcodeDefault.xctoolchain/usr/bin/swiftc -parse-as-library -module-name PaperloftKit -Onone @/Users/builder/Factory/paperloft/evidence/checkouts/p4-28c3cef/build/DerivedData/Build/Intermediates.noindex/PaperloftKit.build/Debug/PaperloftKit-t.build/Objects-normal/arm64/PaperloftKit.SwiftFileList -DSWIFT_PACKAGE -DDEBUG -DSWIFT_MODULE_RESOURCE_BUNDLE_UNAVAILABLE -DXcode -plugin-path /Applications/Xcode.app/Contents/Developer/Toolchains/XcodeDefault.xctoolchain/usr/lib/swift/host/plugins/testing -enable-experimental-feature DebugDescriptionMacro -sdk /Applications/Xcode.app/Contents/Developer/Platforms/MacOSX.platform/Developer/SDKs/MacOSX27.0.sdk -target arm64-apple-macos27.0 -g -module-cache-path /Users/builder/Factory/paperloft/evidence/checkouts/p4-28c3cef/build/DerivedData/ModuleCache.noindex -Xfrontend -serialize-debugging-options -profile-coverage-mapping -profile-generate -enable-testing -warnings-as-errors -index-store-path /Users/builder/Factory/paperloft/evidence/checkouts/p4-28c3cef/build/DerivedData/Index.noindex/DataStore -Xcc -D_LIBCPP_HARDENING_MODE\=_LIBCPP_HARDENING_MODE_DEBUG -swift-version 6 -I /Users/builder/Factory/paperloft/evidence/checkouts/p4-28c3cef/build/DerivedData/Build/Products/Debug -Isystem /Applications/Xcode.app/Contents/Developer/Platforms/MacOSX.platform/Developer/usr/lib -F /Users/builder/Factory/paperloft/evidence/checkouts/p4-28c3cef/build/DerivedData/Build/Products/Debug -F /Applications/Xcode.app/Contents/Developer/Platforms/MacOSX.platform/Developer/Library/Frameworks -c -j10 -enable-batch-mode -incremental -Xcc -ivfsstatcache -Xcc /Users/builder/Factory/paperloft/evidence/checkouts/p4-28c3cef/build/DerivedData/SDKStatCaches.noindex/macosx27.0-26A425-7231f6df4def33e022ae2eb8f782df1a.sdkstatcache -output-file-map /Users/builder/Factory/paperloft/evidence/checkouts/p4-28c3cef/build/DerivedData/Build/Intermediates.noindex/PaperloftKit.build/Debug/PaperloftKit-t.build/Objects-normal/arm64/PaperloftKit-OutputFileMap.json -save-temps -no-color-diagnostics -explicit-module-build -module-cache-path /Users/builder/Factory/paperloft/evidence/checkouts/p4-28c3cef/build/DerivedData/Build/Intermediates.noindex/SwiftExplicitPrecompiledModules -clang-scanner-module-cache-path /Users/builder/Factory/paperloft/evidence/checkouts/p4-28c3cef/build/DerivedData/ModuleCache.noindex -sdk-module-cache-path /Users/builder/Factory/paperloft/evidence/checkouts/p4-28c3cef/build/DerivedData/SDKExplicitPrecompiledModules -emit-dependencies -emit-module -emit-module-path /Users/builder/Factory/paperloft/evidence/checkouts/p4-28c3cef/build/DerivedData/Build/Intermediates.noindex/PaperloftKit.build/Debug/PaperloftKit-t.build/Objects-normal/arm64/PaperloftKit.swiftmodule -serialize-diagnostics -dependency-scan-serialize-diagnostics-path /Users/builder/Factory/paperloft/evidence/checkouts/p4-28c3cef/build/DerivedData/Build/Intermediates.noindex/PaperloftKit.build/Debug/PaperloftKit-t.build/Objects-normal/arm64/PaperloftKit-dependency-scan.dia -validate-clang-modules-once -clang-build-session-file /Users/builder/Factory/paperloft/evidence/checkouts/p4-28c3cef/build/DerivedData/ModuleCache.noindex/Session.modulevalidation -Xcc -fmodules-prune-interval\=86400 -Xcc -fmodules-prune-after\=345600 -package-name paperloftkit -emit-const-values -const-gather-protocols-list /Users/builder/Factory/paperloft/evidence/checkouts/p4-28c3cef/build/DerivedData/Build/Intermediates.noindex/PaperloftKit.build/Debug/PaperloftKit-t.build/Objects-normal/arm64/PaperloftKit_const_extract_protocols.json -Xcc -I/Users/builder/Factory/paperloft/evidence/checkouts/p4-28c3cef/build/DerivedData/Build/Products/Debug/include -Xcc -I/Users/builder/Factory/paperloft/evidence/checkouts/p4-28c3cef/build/DerivedData/Build/Intermediates.noindex/PaperloftKit.build/Debug/PaperloftKit-t.build/DerivedSources-normal/arm64 -Xcc -I/Users/builder/Factory/paperloft/evidence/checkouts/p4-28c3cef/build/DerivedData/Build/Intermediates.noindex/PaperloftKit.build/Debug/PaperloftKit-t.build/DerivedSources/arm64 -Xcc -I/Users/builder/Factory/paperloft/evidence/checkouts/p4-28c3cef/build/DerivedData/Build/Intermediates.noindex/PaperloftKit.build/Debug/PaperloftKit-t.build/DerivedSources -Xcc -DSWIFT_PACKAGE -Xcc -DDEBUG\=1 -emit-objc-header -emit-objc-header-path /Users/builder/Factory/paperloft/evidence/checkouts/p4-28c3cef/build/DerivedData/Build/Intermediates.noindex/PaperloftKit.build/Debug/PaperloftKit-t.build/Objects-normal/arm64/PaperloftKit-Swift.h -working-directory /Users/builder/Factory/paperloft/evidence/checkouts/p4-28c3cef/Paperloft.xcodeproj -experimental-emit-module-separately -disable-cmo

Ld /Users/builder/Factory/paperloft/evidence/checkouts/p4-28c3cef/build/DerivedData/Build/Products/Debug/PaperloftKit.o normal (in target 'PaperloftKit' from project 'PaperloftKit')
    cd /Users/builder/Factory/paperloft/evidence/checkouts/p4-28c3cef/Packages/PaperloftKit
    /Applications/Xcode.app/Contents/Developer/Toolchains/XcodeDefault.xctoolchain/usr/bin/clang -Xlinker -reproducible -target arm64-apple-macos27.0 -r -isysroot /Applications/Xcode.app/Contents/Developer/Platforms/MacOSX.platform/Developer/SDKs/MacOSX27.0.sdk -O0 -Xlinker -no_warn_duplicate_libraries -F/Users/builder/Factory/paperloft/evidence/checkouts/p4-28c3cef/build/DerivedData/Build/Intermediates.noindex/EagerLinkingTBDs/Debug -F/Users/builder/Factory/paperloft/evidence/checkouts/p4-28c3cef/build/DerivedData/Build/Products/Debug -iframework /Applications/Xcode.app/Contents/Developer/Platforms/MacOSX.platform/Developer/Library/Frameworks -filelist /Users/builder/Factory/paperloft/evidence/checkouts/p4-28c3cef/build/DerivedData/Build/Intermediates.noindex/PaperloftKit.build/Debug/PaperloftKit-t.build/Objects-normal/arm64/PaperloftKit.LinkFileList -nostdlib -Xlinker -object_path_lto -Xlinker /Users/builder/Factory/paperloft/evidence/checkouts/p4-28c3cef/build/DerivedData/Build/Intermediates.noindex/PaperloftKit.build/Debug/PaperloftKit-t.build/Objects-normal/arm64/PaperloftKit_lto.o -Xlinker -no_deduplicate -Xlinker -debug_variant -Xlinker -dependency_info -Xlinker /Users/builder/Factory/paperloft/evidence/checkouts/p4-28c3cef/build/DerivedData/Build/Intermediates.noindex/PaperloftKit.build/Debug/PaperloftKit-t.build/Objects-normal/arm64/PaperloftKit_dependency_info.dat -fobjc-link-runtime -L/Applications/Xcode.app/Contents/Developer/Toolchains/XcodeDefault.xctoolchain/usr/lib/swift/macosx -L/usr/lib/swift -Xlinker -add_ast_path -Xlinker /Users/builder/Factory/paperloft/evidence/checkouts/p4-28c3cef/build/DerivedData/Build/Intermediates.noindex/PaperloftKit.build/Debug/PaperloftKit-t.build/Objects-normal/arm64/PaperloftKit.swiftmodule -o /Users/builder/Factory/paperloft/evidence/checkouts/p4-28c3cef/build/DerivedData/Build/Products/Debug/PaperloftKit.o

SwiftExplicitDependencyGeneratePcm arm64 /Users/builder/Factory/paperloft/evidence/checkouts/p4-28c3cef/build/DerivedData/SDKExplicitPrecompiledModules/AppKit-3P8YPUSI5JWJPPMH9ID15QABD.pcm

ExtractAppIntentsMetadata (in target 'PaperloftKit' from project 'PaperloftKit')
    cd /Users/builder/Factory/paperloft/evidence/checkouts/p4-28c3cef/Packages/PaperloftKit
    /Applications/Xcode.app/Contents/Developer/Toolchains/XcodeDefault.xctoolchain/usr/bin/appintentsmetadataprocessor --toolchain-dir /Applications/Xcode.app/Contents/Developer/Toolchains/XcodeDefault.xctoolchain --module-name PaperloftKit --sdk-root /Applications/Xcode.app/Contents/Developer/Platforms/MacOSX.platform/Developer/SDKs/MacOSX27.0.sdk --xcode-version 27A266a --platform-family macOS --deployment-target 27.0 --bundle-identifier paperloftkit.PaperloftKit --output /Users/builder/Factory/paperloft/evidence/checkouts/p4-28c3cef/build/DerivedData/Build/Products/Debug/PaperloftKit.appintents --target-triple arm64-apple-macos27.0 --binary-file /Users/builder/Factory/paperloft/evidence/checkouts/p4-28c3cef/build/DerivedData/Build/Products/Debug/PaperloftKit.o --dependency-file /Users/builder/Factory/paperloft/evidence/checkouts/p4-28c3cef/build/DerivedData/Build/Intermediates.noindex/PaperloftKit.build/Debug/PaperloftKit-t.build/Objects-normal/arm64/PaperloftKit_dependency_info.dat --stringsdata-file /Users/builder/Factory/paperloft/evidence/checkouts/p4-28c3cef/build/DerivedData/Build/Intermediates.noindex/PaperloftKit.build/Debug/PaperloftKit-t.build/Objects-normal/arm64/ExtractedAppShortcutsMetadata.stringsdata --source-file-list /Users/builder/Factory/paperloft/evidence/checkouts/p4-28c3cef/build/DerivedData/Build/Intermediates.noindex/PaperloftKit.build/Debug/PaperloftKit-t.build/Objects-normal/arm64/PaperloftKit.SwiftFileList --metadata-file-list /Users/builder/Factory/paperloft/evidence/checkouts/p4-28c3cef/build/DerivedData/Build/Intermediates.noindex/PaperloftKit.build/Debug/PaperloftKit-t.build/PaperloftKit.DependencyMetadataFileList --static-metadata-file-list /Users/builder/Factory/paperloft/evidence/checkouts/p4-28c3cef/build/DerivedData/Build/Intermediates.noindex/PaperloftKit.build/Debug/PaperloftKit-t.build/PaperloftKit.DependencyStaticMetadataFileList --swift-const-vals-list /Users/builder/Factory/paperloft/evidence/checkouts/p4-28c3cef/build/DerivedData/Build/Intermediates.noindex/PaperloftKit.build/Debug/PaperloftKit-t.build/Objects-normal/arm64/PaperloftKit.SwiftConstValuesFileList --force --compile-time-extraction --deployment-aware-processing --no-app-shortcuts-localization
2026-10-02 00:12:56.843 appintentsmetadataprocessor[75738:7146567] Starting appintentsmetadataprocessor export
2026-10-02 00:12:56.897 appintentsmetadataprocessor[75738:7146567] Extracted no relevant App Intents symbols, skipping writing output

SwiftExplicitDependencyGeneratePcm arm64 /Users/builder/Factory/paperloft/evidence/checkouts/p4-28c3cef/build/DerivedData/SDKExplicitPrecompiledModules/SwiftUI-SYYIMBWUWFL0XG8Y1TJ8QNBJ.pcm

SwiftCompile normal arm64 Compiling\ ShareViewController.swift /Users/builder/Factory/paperloft/evidence/checkouts/p4-28c3cef/Apps/PaperloftShare/ShareViewController.swift (in target 'PaperloftShare' from project 'Paperloft')

SwiftCompile normal arm64 /Users/builder/Factory/paperloft/evidence/checkouts/p4-28c3cef/Apps/PaperloftShare/ShareViewController.swift (in target 'PaperloftShare' from project 'Paperloft')
    cd /Users/builder/Factory/paperloft/evidence/checkouts/p4-28c3cef
    builtin-SwiftPerFileCompile ShareViewController.swift

SwiftEmitModule normal arm64 Emitting\ module\ for\ PaperloftShare (in target 'PaperloftShare' from project 'Paperloft')

SwiftCompile normal arm64 (in target 'PaperloftShare' from project 'Paperloft')
    cd /Users/builder/Factory/paperloft/evidence/checkouts/p4-28c3cef
    

SwiftDriverJobDiscovery normal arm64 Emitting module for PaperloftShare (in target 'PaperloftShare' from project 'Paperloft')

SwiftDriver\ Compilation\ Requirements PaperloftShare normal arm64 com.apple.xcode.tools.swift.compiler (in target 'PaperloftShare' from project 'Paperloft')
    cd /Users/builder/Factory/paperloft/evidence/checkouts/p4-28c3cef
    builtin-Swift-Compilation-Requirements -- /Applications/Xcode.app/Contents/Developer/Toolchains/XcodeDefault.xctoolchain/usr/bin/swiftc -module-name PaperloftShare -Onone @/Users/builder/Factory/paperloft/evidence/checkouts/p4-28c3cef/build/DerivedData/Build/Intermediates.noindex/Paperloft.build/Debug/PaperloftShare.build/Objects-normal/arm64/PaperloftShare.SwiftFileList -DDEBUG -enable-experimental-feature DebugDescriptionMacro -sdk /Applications/Xcode.app/Contents/Developer/Platforms/MacOSX.platform/Developer/SDKs/MacOSX27.0.sdk -target arm64-apple-macos27.0 -g -module-cache-path /Users/builder/Factory/paperloft/evidence/checkouts/p4-28c3cef/build/DerivedData/ModuleCache.noindex -Xfrontend -serialize-debugging-options -application-extension -profile-coverage-mapping -profile-generate -enable-testing -warnings-as-errors -index-store-path /Users/builder/Factory/paperloft/evidence/checkouts/p4-28c3cef/build/DerivedData/Index.noindex/DataStore -swift-version 6 -I /Users/builder/Factory/paperloft/evidence/checkouts/p4-28c3cef/build/DerivedData/Build/Products/Debug -F /Users/builder/Factory/paperloft/evidence/checkouts/p4-28c3cef/build/DerivedData/Build/Products/Debug/PackageFrameworks -F /Users/builder/Factory/paperloft/evidence/checkouts/p4-28c3cef/build/DerivedData/Build/Products/Debug -parse-as-library -c -j10 -enable-batch-mode -incremental -Xcc -ivfsstatcache -Xcc /Users/builder/Factory/paperloft/evidence/checkouts/p4-28c3cef/build/DerivedData/SDKStatCaches.noindex/macosx27.0-26A425-7231f6df4def33e022ae2eb8f782df1a.sdkstatcache -output-file-map /Users/builder/Factory/paperloft/evidence/checkouts/p4-28c3cef/build/DerivedData/Build/Intermediates.noindex/Paperloft.build/Debug/PaperloftShare.build/Objects-normal/arm64/PaperloftShare-OutputFileMap.json -save-temps -no-color-diagnostics -explicit-module-build -module-cache-path /Users/builder/Factory/paperloft/evidence/checkouts/p4-28c3cef/build/DerivedData/Build/Intermediates.noindex/SwiftExplicitPrecompiledModules -clang-scanner-module-cache-path /Users/builder/Factory/paperloft/evidence/checkouts/p4-28c3cef/build/DerivedData/ModuleCache.noindex -sdk-module-cache-path /Users/builder/Factory/paperloft/evidence/checkouts/p4-28c3cef/build/DerivedData/SDKExplicitPrecompiledModules -emit-dependencies -emit-module -emit-module-path /Users/builder/Factory/paperloft/evidence/checkouts/p4-28c3cef/build/DerivedData/Build/Intermediates.noindex/Paperloft.build/Debug/PaperloftShare.build/Objects-normal/arm64/PaperloftShare.swiftmodule -serialize-diagnostics -dependency-scan-serialize-diagnostics-path /Users/builder/Factory/paperloft/evidence/checkouts/p4-28c3cef/build/DerivedData/Build/Intermediates.noindex/Paperloft.build/Debug/PaperloftShare.build/Objects-normal/arm64/PaperloftShare-dependency-scan.dia -validate-clang-modules-once -clang-build-session-file /Users/builder/Factory/paperloft/evidence/checkouts/p4-28c3cef/build/DerivedData/ModuleCache.noindex/Session.modulevalidation -Xcc -fmodules-prune-interval\=86400 -Xcc -fmodules-prune-after\=345600 -emit-const-values -const-gather-protocols-list /Users/builder/Factory/paperloft/evidence/checkouts/p4-28c3cef/build/DerivedData/Build/Intermediates.noindex/Paperloft.build/Debug/PaperloftShare.build/Objects-normal/arm64/PaperloftShare_const_extract_protocols.json -Xcc -iquote -Xcc /Users/builder/Factory/paperloft/evidence/checkouts/p4-28c3cef/build/DerivedData/Build/Intermediates.noindex/Paperloft.build/Debug/PaperloftShare.build/PaperloftShare-generated-files.hmap -Xcc -I/Users/builder/Factory/paperloft/evidence/checkouts/p4-28c3cef/build/DerivedData/Build/Intermediates.noindex/Paperloft.build/Debug/PaperloftShare.build/PaperloftShare-own-target-headers.hmap -Xcc -I/Users/builder/Factory/paperloft/evidence/checkouts/p4-28c3cef/build/DerivedData/Build/Intermediates.noindex/Paperloft.build/Debug/PaperloftShare.build/PaperloftShare-all-non-framework-target-headers.hmap -Xcc -ivfsoverlay -Xcc /Users/builder/Factory/paperloft/evidence/checkouts/p4-28c3cef/build/DerivedData/Build/Intermediates.noindex/Paperloft.build/Debug/Paperloft-b93ddc6bcd4d234a5473ab01ad3589c4-VFS/all-product-headers.yaml -Xcc -iquote -Xcc /Users/builder/Factory/paperloft/evidence/checkouts/p4-28c3cef/build/DerivedData/Build/Intermediates.noindex/Paperloft.build/Debug/PaperloftShare.build/PaperloftShare-project-headers.hmap -Xcc -I/Users/builder/Factory/paperloft/evidence/checkouts/p4-28c3cef/build/DerivedData/Build/Products/Debug/include -Xcc -I/Users/builder/Factory/paperloft/evidence/checkouts/p4-28c3cef/build/DerivedData/Build/Intermediates.noindex/Paperloft.build/Debug/PaperloftShare.build/DerivedSources-normal/arm64 -Xcc -I/Users/builder/Factory/paperloft/evidence/checkouts/p4-28c3cef/build/DerivedData/Build/Intermediates.noindex/Paperloft.build/Debug/PaperloftShare.build/DerivedSources/arm64 -Xcc -I/Users/builder/Factory/paperloft/evidence/checkouts/p4-28c3cef/build/DerivedData/Build/Intermediates.noindex/Paperloft.build/Debug/PaperloftShare.build/DerivedSources -emit-objc-header -emit-objc-header-path /Users/builder/Factory/paperloft/evidence/checkouts/p4-28c3cef/build/DerivedData/Build/Intermediates.noindex/Paperloft.build/Debug/PaperloftShare.build/Objects-normal/arm64/PaperloftShare-Swift.h -working-directory /Users/builder/Factory/paperloft/evidence/checkouts/p4-28c3cef -experimental-emit-module-separately -disable-cmo

SwiftMergeGeneratedHeaders /Users/builder/Factory/paperloft/evidence/checkouts/p4-28c3cef/build/DerivedData/Build/Intermediates.noindex/Paperloft.build/Debug/PaperloftShare.build/DerivedSources/PaperloftShare-Swift.h /Users/builder/Factory/paperloft/evidence/checkouts/p4-28c3cef/build/DerivedData/Build/Intermediates.noindex/Paperloft.build/Debug/PaperloftShare.build/Objects-normal/arm64/PaperloftShare-Swift.h (in target 'PaperloftShare' from project 'Paperloft')
    cd /Users/builder/Factory/paperloft/evidence/checkouts/p4-28c3cef
    builtin-swiftHeaderTool -arch arm64 /Users/builder/Factory/paperloft/evidence/checkouts/p4-28c3cef/build/DerivedData/Build/Intermediates.noindex/Paperloft.build/Debug/PaperloftShare.build/Objects-normal/arm64/PaperloftShare-Swift.h -o /Users/builder/Factory/paperloft/evidence/checkouts/p4-28c3cef/build/DerivedData/Build/Intermediates.noindex/Paperloft.build/Debug/PaperloftShare.build/DerivedSources/PaperloftShare-Swift.h

Copy /Users/builder/Factory/paperloft/evidence/checkouts/p4-28c3cef/build/DerivedData/Build/Products/Debug/PaperloftShare.swiftmodule/arm64-apple-macos.swiftdoc /Users/builder/Factory/paperloft/evidence/checkouts/p4-28c3cef/build/DerivedData/Build/Intermediates.noindex/Paperloft.build/Debug/PaperloftShare.build/Objects-normal/arm64/PaperloftShare.swiftdoc (in target 'PaperloftShare' from project 'Paperloft')
    cd /Users/builder/Factory/paperloft/evidence/checkouts/p4-28c3cef
    builtin-copy -exclude .DS_Store -exclude CVS -exclude .svn -exclude .git -exclude .hg -strip-unsigned-binaries -strip-deterministic -strip-tool /Applications/Xcode.app/Contents/Developer/Toolchains/XcodeDefault.xctoolchain/usr/bin/strip -resolve-src-symlinks -rename /Users/builder/Factory/paperloft/evidence/checkouts/p4-28c3cef/build/DerivedData/Build/Intermediates.noindex/Paperloft.build/Debug/PaperloftShare.build/Objects-normal/arm64/PaperloftShare.swiftdoc /Users/builder/Factory/paperloft/evidence/checkouts/p4-28c3cef/build/DerivedData/Build/Products/Debug/PaperloftShare.swiftmodule/arm64-apple-macos.swiftdoc

Copy /Users/builder/Factory/paperloft/evidence/checkouts/p4-28c3cef/build/DerivedData/Build/Products/Debug/PaperloftShare.swiftmodule/arm64-apple-macos.abi.json /Users/builder/Factory/paperloft/evidence/checkouts/p4-28c3cef/build/DerivedData/Build/Intermediates.noindex/Paperloft.build/Debug/PaperloftShare.build/Objects-normal/arm64/PaperloftShare.abi.json (in target 'PaperloftShare' from project 'Paperloft')
    cd /Users/builder/Factory/paperloft/evidence/checkouts/p4-28c3cef
    builtin-copy -exclude .DS_Store -exclude CVS -exclude .svn -exclude .git -exclude .hg -strip-unsigned-binaries -strip-deterministic -strip-tool /Applications/Xcode.app/Contents/Developer/Toolchains/XcodeDefault.xctoolchain/usr/bin/strip -resolve-src-symlinks -rename /Users/builder/Factory/paperloft/evidence/checkouts/p4-28c3cef/build/DerivedData/Build/Intermediates.noindex/Paperloft.build/Debug/PaperloftShare.build/Objects-normal/arm64/PaperloftShare.abi.json /Users/builder/Factory/paperloft/evidence/checkouts/p4-28c3cef/build/DerivedData/Build/Products/Debug/PaperloftShare.swiftmodule/arm64-apple-macos.abi.json

Copy /Users/builder/Factory/paperloft/evidence/checkouts/p4-28c3cef/build/DerivedData/Build/Products/Debug/PaperloftShare.swiftmodule/arm64-apple-macos.swiftmodule /Users/builder/Factory/paperloft/evidence/checkouts/p4-28c3cef/build/DerivedData/Build/Intermediates.noindex/Paperloft.build/Debug/PaperloftShare.build/Objects-normal/arm64/PaperloftShare.swiftmodule (in target 'PaperloftShare' from project 'Paperloft')
    cd /Users/builder/Factory/paperloft/evidence/checkouts/p4-28c3cef
    builtin-copy -exclude .DS_Store -exclude CVS -exclude .svn -exclude .git -exclude .hg -strip-unsigned-binaries -strip-deterministic -strip-tool /Applications/Xcode.app/Contents/Developer/Toolchains/XcodeDefault.xctoolchain/usr/bin/strip -resolve-src-symlinks -rename /Users/builder/Factory/paperloft/evidence/checkouts/p4-28c3cef/build/DerivedData/Build/Intermediates.noindex/Paperloft.build/Debug/PaperloftShare.build/Objects-normal/arm64/PaperloftShare.swiftmodule /Users/builder/Factory/paperloft/evidence/checkouts/p4-28c3cef/build/DerivedData/Build/Products/Debug/PaperloftShare.swiftmodule/arm64-apple-macos.swiftmodule

Copy /Users/builder/Factory/paperloft/evidence/checkouts/p4-28c3cef/build/DerivedData/Build/Products/Debug/PaperloftShare.swiftmodule/Project/arm64-apple-macos.swiftsourceinfo /Users/builder/Factory/paperloft/evidence/checkouts/p4-28c3cef/build/DerivedData/Build/Intermediates.noindex/Paperloft.build/Debug/PaperloftShare.build/Objects-normal/arm64/PaperloftShare.swiftsourceinfo (in target 'PaperloftShare' from project 'Paperloft')
    cd /Users/builder/Factory/paperloft/evidence/checkouts/p4-28c3cef
    builtin-copy -exclude .DS_Store -exclude CVS -exclude .svn -exclude .git -exclude .hg -strip-unsigned-binaries -strip-deterministic -strip-tool /Applications/Xcode.app/Contents/Developer/Toolchains/XcodeDefault.xctoolchain/usr/bin/strip -resolve-src-symlinks -rename /Users/builder/Factory/paperloft/evidence/checkouts/p4-28c3cef/build/DerivedData/Build/Intermediates.noindex/Paperloft.build/Debug/PaperloftShare.build/Objects-normal/arm64/PaperloftShare.swiftsourceinfo /Users/builder/Factory/paperloft/evidence/checkouts/p4-28c3cef/build/DerivedData/Build/Products/Debug/PaperloftShare.swiftmodule/Project/arm64-apple-macos.swiftsourceinfo

ProcessProductPackaging /Users/builder/Factory/paperloft/evidence/checkouts/p4-28c3cef/Apps/PaperloftApp/Paperloft.entitlements /Users/builder/Factory/paperloft/evidence/checkouts/p4-28c3cef/build/DerivedData/Build/Intermediates.noindex/Paperloft.build/Debug/PaperloftApp.build/Paperloft\ Receipts.app.xcent (in target 'PaperloftApp' from project 'Paperloft')
    cd /Users/builder/Factory/paperloft/evidence/checkouts/p4-28c3cef
    
    Entitlements:
    
    {
    "com.apple.security.app-sandbox" = 1;
    "com.apple.security.files.bookmarks.app-scope" = 1;
    "com.apple.security.files.user-selected.read-write" = 1;
    "com.apple.security.get-task-allow" = 1;
}
    
    builtin-productPackagingUtility /Users/builder/Factory/paperloft/evidence/checkouts/p4-28c3cef/Apps/PaperloftApp/Paperloft.entitlements -entitlements -format xml -o /Users/builder/Factory/paperloft/evidence/checkouts/p4-28c3cef/build/DerivedData/Build/Intermediates.noindex/Paperloft.build/Debug/PaperloftApp.build/Paperloft\ Receipts.app.xcent

ProcessProductPackagingDER /Users/builder/Factory/paperloft/evidence/checkouts/p4-28c3cef/build/DerivedData/Build/Intermediates.noindex/Paperloft.build/Debug/PaperloftApp.build/Paperloft\ Receipts.app.xcent /Users/builder/Factory/paperloft/evidence/checkouts/p4-28c3cef/build/DerivedData/Build/Intermediates.noindex/Paperloft.build/Debug/PaperloftApp.build/Paperloft\ Receipts.app.xcent.der (in target 'PaperloftApp' from project 'Paperloft')
    cd /Users/builder/Factory/paperloft/evidence/checkouts/p4-28c3cef
    /usr/bin/derq query -f xml -i /Users/builder/Factory/paperloft/evidence/checkouts/p4-28c3cef/build/DerivedData/Build/Intermediates.noindex/Paperloft.build/Debug/PaperloftApp.build/Paperloft\ Receipts.app.xcent -o /Users/builder/Factory/paperloft/evidence/checkouts/p4-28c3cef/build/DerivedData/Build/Intermediates.noindex/Paperloft.build/Debug/PaperloftApp.build/Paperloft\ Receipts.app.xcent.der --raw

GenerateAssetSymbols /Users/builder/Factory/paperloft/evidence/checkouts/p4-28c3cef/Apps/PaperloftApp/Resources/Assets.xcassets /Users/builder/Factory/paperloft/evidence/checkouts/p4-28c3cef/Apps/PaperloftApp/AppIcon.icon (in target 'PaperloftApp' from project 'Paperloft')
    cd /Users/builder/Factory/paperloft/evidence/checkouts/p4-28c3cef
    /Applications/Xcode.app/Contents/Developer/usr/bin/actool /Users/builder/Factory/paperloft/evidence/checkouts/p4-28c3cef/Apps/PaperloftApp/Resources/Assets.xcassets /Users/builder/Factory/paperloft/evidence/checkouts/p4-28c3cef/Apps/PaperloftApp/AppIcon.icon --compile /Users/builder/Factory/paperloft/evidence/checkouts/p4-28c3cef/build/DerivedData/Build/Products/Debug/Paperloft\ Receipts.app/Contents/Resources --output-format human-readable-text --notices --warnings --export-dependency-info /Users/builder/Factory/paperloft/evidence/checkouts/p4-28c3cef/build/DerivedData/Build/Intermediates.noindex/Paperloft.build/Debug/PaperloftApp.build/assetcatalog_dependencies --output-partial-info-plist /Users/builder/Factory/paperloft/evidence/checkouts/p4-28c3cef/build/DerivedData/Build/Intermediates.noindex/Paperloft.build/Debug/PaperloftApp.build/assetcatalog_generated_info.plist --app-icon AppIcon --accent-color AccentColor --enable-on-demand-resources NO --development-region en --target-device mac --minimum-deployment-target 27.0 --platform macosx --bundle-identifier app.paperloft.receipts --generate-swift-asset-symbol-extensions NO --generate-swift-asset-symbols /Users/builder/Factory/paperloft/evidence/checkouts/p4-28c3cef/build/DerivedData/Build/Intermediates.noindex/Paperloft.build/Debug/PaperloftApp.build/DerivedSources/GeneratedAssetSymbols.swift --generate-objc-asset-symbols /Users/builder/Factory/paperloft/evidence/checkouts/p4-28c3cef/build/DerivedData/Build/Intermediates.noindex/Paperloft.build/Debug/PaperloftApp.build/DerivedSources/GeneratedAssetSymbols.h --generate-asset-symbol-index /Users/builder/Factory/paperloft/evidence/checkouts/p4-28c3cef/build/DerivedData/Build/Intermediates.noindex/Paperloft.build/Debug/PaperloftApp.build/DerivedSources/GeneratedAssetSymbols-Index.plist
/* com.apple.actool.compilation-results */
/Users/builder/Factory/paperloft/evidence/checkouts/p4-28c3cef/build/DerivedData/Build/Intermediates.noindex/Paperloft.build/Debug/PaperloftApp.build/DerivedSources/GeneratedAssetSymbols-Index.plist
/Users/builder/Factory/paperloft/evidence/checkouts/p4-28c3cef/build/DerivedData/Build/Intermediates.noindex/Paperloft.build/Debug/PaperloftApp.build/DerivedSources/GeneratedAssetSymbols.h
/Users/builder/Factory/paperloft/evidence/checkouts/p4-28c3cef/build/DerivedData/Build/Intermediates.noindex/Paperloft.build/Debug/PaperloftApp.build/DerivedSources/GeneratedAssetSymbols.swift


MkDir /Users/builder/Factory/paperloft/evidence/checkouts/p4-28c3cef/build/DerivedData/Build/Intermediates.noindex/Paperloft.build/Debug/PaperloftApp.build/assetcatalog_output/thinned (in target 'PaperloftApp' from project 'Paperloft')
    cd /Users/builder/Factory/paperloft/evidence/checkouts/p4-28c3cef
    /bin/mkdir -p /Users/builder/Factory/paperloft/evidence/checkouts/p4-28c3cef/build/DerivedData/Build/Intermediates.noindex/Paperloft.build/Debug/PaperloftApp.build/assetcatalog_output/thinned

MkDir /Users/builder/Factory/paperloft/evidence/checkouts/p4-28c3cef/build/DerivedData/Build/Intermediates.noindex/Paperloft.build/Debug/PaperloftApp.build/assetcatalog_output/unthinned (in target 'PaperloftApp' from project 'Paperloft')
    cd /Users/builder/Factory/paperloft/evidence/checkouts/p4-28c3cef
    /bin/mkdir -p /Users/builder/Factory/paperloft/evidence/checkouts/p4-28c3cef/build/DerivedData/Build/Intermediates.noindex/Paperloft.build/Debug/PaperloftApp.build/assetcatalog_output/unthinned

CompileAssetCatalogVariant thinned /Users/builder/Factory/paperloft/evidence/checkouts/p4-28c3cef/build/DerivedData/Build/Products/Debug/Paperloft\ Receipts.app/Contents/Resources /Users/builder/Factory/paperloft/evidence/checkouts/p4-28c3cef/Apps/PaperloftApp/Resources/Assets.xcassets /Users/builder/Factory/paperloft/evidence/checkouts/p4-28c3cef/Apps/PaperloftApp/AppIcon.icon (in target 'PaperloftApp' from project 'Paperloft')
    cd /Users/builder/Factory/paperloft/evidence/checkouts/p4-28c3cef
    /Applications/Xcode.app/Contents/Developer/usr/bin/actool /Users/builder/Factory/paperloft/evidence/checkouts/p4-28c3cef/Apps/PaperloftApp/Resources/Assets.xcassets /Users/builder/Factory/paperloft/evidence/checkouts/p4-28c3cef/Apps/PaperloftApp/AppIcon.icon --compile /Users/builder/Factory/paperloft/evidence/checkouts/p4-28c3cef/build/DerivedData/Build/Intermediates.noindex/Paperloft.build/Debug/PaperloftApp.build/assetcatalog_output/thinned --output-format human-readable-text --notices --warnings --export-dependency-info /Users/builder/Factory/paperloft/evidence/checkouts/p4-28c3cef/build/DerivedData/Build/Intermediates.noindex/Paperloft.build/Debug/PaperloftApp.build/assetcatalog_dependencies_thinned --output-partial-info-plist /Users/builder/Factory/paperloft/evidence/checkouts/p4-28c3cef/build/DerivedData/Build/Intermediates.noindex/Paperloft.build/Debug/PaperloftApp.build/assetcatalog_generated_info.plist_thinned --app-icon AppIcon --accent-color AccentColor --enable-on-demand-resources NO --development-region en --target-device mac --minimum-deployment-target 27.0 --platform macosx
/* com.apple.actool.compilation-results */
/Users/builder/Factory/paperloft/evidence/checkouts/p4-28c3cef/build/DerivedData/Build/Intermediates.noindex/Paperloft.build/Debug/PaperloftApp.build/assetcatalog_generated_info.plist_thinned
/Users/builder/Factory/paperloft/evidence/checkouts/p4-28c3cef/build/DerivedData/Build/Intermediates.noindex/Paperloft.build/Debug/PaperloftApp.build/assetcatalog_output/thinned/AppIcon.icns
/Users/builder/Factory/paperloft/evidence/checkouts/p4-28c3cef/build/DerivedData/Build/Intermediates.noindex/Paperloft.build/Debug/PaperloftApp.build/assetcatalog_output/thinned/Assets.car


SwiftDriver PaperloftApp normal arm64 com.apple.xcode.tools.swift.compiler (in target 'PaperloftApp' from project 'Paperloft')
    cd /Users/builder/Factory/paperloft/evidence/checkouts/p4-28c3cef
    builtin-SwiftDriver -- /Applications/Xcode.app/Contents/Developer/Toolchains/XcodeDefault.xctoolchain/usr/bin/swiftc -module-name Paperloft_Receipts -Onone @/Users/builder/Factory/paperloft/evidence/checkouts/p4-28c3cef/build/DerivedData/Build/Intermediates.noindex/Paperloft.build/Debug/PaperloftApp.build/Objects-normal/arm64/Paperloft\ Receipts.SwiftFileList -DDEBUG -enable-experimental-feature DebugDescriptionMacro -sdk /Applications/Xcode.app/Contents/Developer/Platforms/MacOSX.platform/Developer/SDKs/MacOSX27.0.sdk -target arm64-apple-macos27.0 -g -module-cache-path /Users/builder/Factory/paperloft/evidence/checkouts/p4-28c3cef/build/DerivedData/ModuleCache.noindex -Xfrontend -serialize-debugging-options -profile-coverage-mapping -profile-generate -enable-testing -warnings-as-errors -index-store-path /Users/builder/Factory/paperloft/evidence/checkouts/p4-28c3cef/build/DerivedData/Index.noindex/DataStore -swift-version 6 -I /Users/builder/Factory/paperloft/evidence/checkouts/p4-28c3cef/build/DerivedData/Build/Products/Debug -F /Users/builder/Factory/paperloft/evidence/checkouts/p4-28c3cef/build/DerivedData/Build/Products/Debug/PackageFrameworks -F /Users/builder/Factory/paperloft/evidence/checkouts/p4-28c3cef/build/DerivedData/Build/Products/Debug -c -j10 -enable-batch-mode -incremental -Xcc -ivfsstatcache -Xcc /Users/builder/Factory/paperloft/evidence/checkouts/p4-28c3cef/build/DerivedData/SDKStatCaches.noindex/macosx27.0-26A425-7231f6df4def33e022ae2eb8f782df1a.sdkstatcache -output-file-map /Users/builder/Factory/paperloft/evidence/checkouts/p4-28c3cef/build/DerivedData/Build/Intermediates.noindex/Paperloft.build/Debug/PaperloftApp.build/Objects-normal/arm64/PaperloftApp-OutputFileMap.json -save-temps -no-color-diagnostics -explicit-module-build -module-cache-path /Users/builder/Factory/paperloft/evidence/checkouts/p4-28c3cef/build/DerivedData/Build/Intermediates.noindex/SwiftExplicitPrecompiledModules -clang-scanner-module-cache-path /Users/builder/Factory/paperloft/evidence/checkouts/p4-28c3cef/build/DerivedData/ModuleCache.noindex -sdk-module-cache-path /Users/builder/Factory/paperloft/evidence/checkouts/p4-28c3cef/build/DerivedData/SDKExplicitPrecompiledModules -emit-dependencies -emit-module -emit-module-path /Users/builder/Factory/paperloft/evidence/checkouts/p4-28c3cef/build/DerivedData/Build/Intermediates.noindex/Paperloft.build/Debug/PaperloftApp.build/Objects-normal/arm64/Paperloft_Receipts.swiftmodule -serialize-diagnostics -dependency-scan-serialize-diagnostics-path /Users/builder/Factory/paperloft/evidence/checkouts/p4-28c3cef/build/DerivedData/Build/Intermediates.noindex/Paperloft.build/Debug/PaperloftApp.build/Objects-normal/arm64/Paperloft_Receipts-dependency-scan.dia -validate-clang-modules-once -clang-build-session-file /Users/builder/Factory/paperloft/evidence/checkouts/p4-28c3cef/build/DerivedData/ModuleCache.noindex/Session.modulevalidation -Xcc -fmodules-prune-interval\=86400 -Xcc -fmodules-prune-after\=345600 -emit-const-values -const-gather-protocols-list /Users/builder/Factory/paperloft/evidence/checkouts/p4-28c3cef/build/DerivedData/Build/Intermediates.noindex/Paperloft.build/Debug/PaperloftApp.build/Objects-normal/arm64/PaperloftApp_const_extract_protocols.json -Xcc -iquote -Xcc /Users/builder/Factory/paperloft/evidence/checkouts/p4-28c3cef/build/DerivedData/Build/Intermediates.noindex/Paperloft.build/Debug/PaperloftApp.build/Paperloft\ Receipts-generated-files.hmap -Xcc -I/Users/builder/Factory/paperloft/evidence/checkouts/p4-28c3cef/build/DerivedData/Build/Intermediates.noindex/Paperloft.build/Debug/PaperloftApp.build/Paperloft\ Receipts-own-target-headers.hmap -Xcc -I/Users/builder/Factory/paperloft/evidence/checkouts/p4-28c3cef/build/DerivedData/Build/Intermediates.noindex/Paperloft.build/Debug/PaperloftApp.build/Paperloft\ Receipts-all-non-framework-target-headers.hmap -Xcc -ivfsoverlay -Xcc /Users/builder/Factory/paperloft/evidence/checkouts/p4-28c3cef/build/DerivedData/Build/Intermediates.noindex/Paperloft.build/Debug/Paperloft-b93ddc6bcd4d234a5473ab01ad3589c4-VFS/all-product-headers.yaml -Xcc -iquote -Xcc /Users/builder/Factory/paperloft/evidence/checkouts/p4-28c3cef/build/DerivedData/Build/Intermediates.noindex/Paperloft.build/Debug/PaperloftApp.build/Paperloft\ Receipts-project-headers.hmap -Xcc -I/Users/builder/Factory/paperloft/evidence/checkouts/p4-28c3cef/build/DerivedData/Build/Products/Debug/include -Xcc -I/Users/builder/Factory/paperloft/evidence/checkouts/p4-28c3cef/build/DerivedData/Build/Intermediates.noindex/Paperloft.build/Debug/PaperloftApp.build/DerivedSources-normal/arm64 -Xcc -I/Users/builder/Factory/paperloft/evidence/checkouts/p4-28c3cef/build/DerivedData/Build/Intermediates.noindex/Paperloft.build/Debug/PaperloftApp.build/DerivedSources/arm64 -Xcc -I/Users/builder/Factory/paperloft/evidence/checkouts/p4-28c3cef/build/DerivedData/Build/Intermediates.noindex/Paperloft.build/Debug/PaperloftApp.build/DerivedSources -emit-objc-header -emit-objc-header-path /Users/builder/Factory/paperloft/evidence/checkouts/p4-28c3cef/build/DerivedData/Build/Intermediates.noindex/Paperloft.build/Debug/PaperloftApp.build/Objects-normal/arm64/Paperloft_Receipts-Swift.h -working-directory /Users/builder/Factory/paperloft/evidence/checkouts/p4-28c3cef -experimental-emit-module-separately -disable-cmo

SwiftExplicitDependencyGeneratePcm arm64 /Users/builder/Factory/paperloft/evidence/checkouts/p4-28c3cef/build/DerivedData/SDKExplicitPrecompiledModules/ptrauth-7TIVSANXG87NID5TPV4OMU013.pcm

SwiftExplicitDependencyGeneratePcm arm64 /Users/builder/Factory/paperloft/evidence/checkouts/p4-28c3cef/build/DerivedData/SDKExplicitPrecompiledModules/SwiftShims-BD88QG3NU6RV09PB0F0U8XYU9.pcm

SwiftExplicitDependencyGeneratePcm arm64 /Users/builder/Factory/paperloft/evidence/checkouts/p4-28c3cef/build/DerivedData/SDKExplicitPrecompiledModules/_Builtin_stddef-EY6SBFZIBLR5ZTU1CBXOW4CU2.pcm

SwiftExplicitDependencyGeneratePcm arm64 /Users/builder/Factory/paperloft/evidence/checkouts/p4-28c3cef/build/DerivedData/SDKExplicitPrecompiledModules/_Builtin_float-DTQXH3BD9WNJ889ESXFAI01CI.pcm

SwiftExplicitDependencyGeneratePcm arm64 /Users/builder/Factory/paperloft/evidence/checkouts/p4-28c3cef/build/DerivedData/SDKExplicitPrecompiledModules/_Builtin_stdarg-8F6AIL5Q00A2UVK0DCYYWHP8S.pcm

SwiftExplicitDependencyGeneratePcm arm64 /Users/builder/Factory/paperloft/evidence/checkouts/p4-28c3cef/build/DerivedData/SDKExplicitPrecompiledModules/_AvailabilityInternal-6MB0YS9LCT5MCT7YBOOAVMIIO.pcm

SwiftExplicitDependencyGeneratePcm arm64 /Users/builder/Factory/paperloft/evidence/checkouts/p4-28c3cef/build/DerivedData/SDKExplicitPrecompiledModules/DeveloperToolsSupport-B03RQEN9OUVLJ4WG4MKPCT8A9.pcm

SwiftExplicitDependencyGeneratePcm arm64 /Users/builder/Factory/paperloft/evidence/checkouts/p4-28c3cef/build/DerivedData/SDKExplicitPrecompiledModules/ptrcheck-94O78IWCU4TE4EV8UK2QCVH0.pcm

SwiftExplicitDependencyGeneratePcm arm64 /Users/builder/Factory/paperloft/evidence/checkouts/p4-28c3cef/build/DerivedData/SDKExplicitPrecompiledModules/_SwiftConcurrencyShims-97OWDG4AP32RTE4HZ1V7MZROP.pcm

SwiftExplicitDependencyGeneratePcm arm64 /Users/builder/Factory/paperloft/evidence/checkouts/p4-28c3cef/build/DerivedData/SDKExplicitPrecompiledModules/_Builtin_stdbool-48Y2M1VWIX1CI27RLZ1L0P0OV.pcm

SwiftExplicitDependencyGeneratePcm arm64 /Users/builder/Factory/paperloft/evidence/checkouts/p4-28c3cef/build/DerivedData/SDKExplicitPrecompiledModules/_DarwinFoundation1-46WTLA8BLG0LM9I8IAIOES4X0.pcm

SwiftExplicitDependencyGeneratePcm arm64 /Users/builder/Factory/paperloft/evidence/checkouts/p4-28c3cef/build/DerivedData/SDKExplicitPrecompiledModules/_DarwinFoundation2-D8OTLOOU8XOTVH9J0HC05QJ2D.pcm

SwiftExplicitDependencyGeneratePcm arm64 /Users/builder/Factory/paperloft/evidence/checkouts/p4-28c3cef/build/DerivedData/SDKExplicitPrecompiledModules/_Builtin_limits-6WF5HB5GOJWACJFIP8TEAJ0CU.pcm

SwiftExplicitDependencyGeneratePcm arm64 /Users/builder/Factory/paperloft/evidence/checkouts/p4-28c3cef/build/DerivedData/SDKExplicitPrecompiledModules/ExtensionFoundation-9HW1FDKRY2WA780PIJOJHZXKD.pcm

SwiftExplicitDependencyGeneratePcm arm64 /Users/builder/Factory/paperloft/evidence/checkouts/p4-28c3cef/build/DerivedData/SDKExplicitPrecompiledModules/_Builtin_tgmath-8S3OVE2RHTHJF7FVZP3W07S8B.pcm

SwiftExplicitDependencyGeneratePcm arm64 /Users/builder/Factory/paperloft/evidence/checkouts/p4-28c3cef/build/DerivedData/SDKExplicitPrecompiledModules/_Builtin_stdint-E8IQEF2A71UGHO0XO54SNQI4B.pcm

SwiftExplicitDependencyGeneratePcm arm64 /Users/builder/Factory/paperloft/evidence/checkouts/p4-28c3cef/build/DerivedData/SDKExplicitPrecompiledModules/sys_types-2DQD8NMX0RBP4HF98K2XCSAV7.pcm

SwiftExplicitDependencyGeneratePcm arm64 /Users/builder/Factory/paperloft/evidence/checkouts/p4-28c3cef/build/DerivedData/SDKExplicitPrecompiledModules/string_h-6SX5U3YBJLX2TO4MWLI3E5L6H.pcm

SwiftExplicitDependencyGeneratePcm arm64 /Users/builder/Factory/paperloft/evidence/checkouts/p4-28c3cef/build/DerivedData/SDKExplicitPrecompiledModules/_DarwinFoundation3-EWUJTIXJA6MMXN99KR2O4VUBO.pcm

SwiftExplicitDependencyGeneratePcm arm64 /Users/builder/Factory/paperloft/evidence/checkouts/p4-28c3cef/build/DerivedData/SDKExplicitPrecompiledModules/_Builtin_intrinsics-85LTT80ZSCPMTMP7EN5YI5JV8.pcm

SwiftExplicitDependencyGeneratePcm arm64 /Users/builder/Factory/paperloft/evidence/checkouts/p4-28c3cef/build/DerivedData/SDKExplicitPrecompiledModules/_Builtin_stdatomic-BXBKIW1BYPZLAB98KPXK1EC7H.pcm

SwiftExplicitDependencyGeneratePcm arm64 /Users/builder/Factory/paperloft/evidence/checkouts/p4-28c3cef/build/DerivedData/SDKExplicitPrecompiledModules/libDER-UA3BMJQEJPRSESA1UDJVMNCB.pcm

SwiftExplicitDependencyGeneratePcm arm64 /Users/builder/Factory/paperloft/evidence/checkouts/p4-28c3cef/build/DerivedData/SDKExplicitPrecompiledModules/_Builtin_inttypes-5ZNSI0W2H77NYBYC4XQFABQ9G.pcm

SwiftExplicitDependencyGeneratePcm arm64 /Users/builder/Factory/paperloft/evidence/checkouts/p4-28c3cef/build/DerivedData/SDKExplicitPrecompiledModules/Darwin-DYH9YMNW5IQJG2W02VTLLGY9.pcm

SwiftExplicitDependencyGeneratePcm arm64 /Users/builder/Factory/paperloft/evidence/checkouts/p4-28c3cef/build/DerivedData/SDKExplicitPrecompiledModules/simd-6IZD31OBD8FE5OIQTHP8DSG6O.pcm

SwiftExplicitDependencyGeneratePcm arm64 /Users/builder/Factory/paperloft/evidence/checkouts/p4-28c3cef/build/DerivedData/SDKExplicitPrecompiledModules/Compression-63HMG6DJHF0QM9L8RGN3Z8A5X.pcm

SwiftExplicitDependencyGeneratePcm arm64 /Users/builder/Factory/paperloft/evidence/checkouts/p4-28c3cef/build/DerivedData/SDKExplicitPrecompiledModules/MachO-ZFKU05WKBD2HWA5XYY6ULHS3.pcm

SwiftExplicitDependencyGeneratePcm arm64 /Users/builder/Factory/paperloft/evidence/checkouts/p4-28c3cef/build/DerivedData/SDKExplicitPrecompiledModules/launch-514TI2VF52AV9QVTBISNUOJ60.pcm

SwiftExplicitDependencyGeneratePcm arm64 /Users/builder/Factory/paperloft/evidence/checkouts/p4-28c3cef/build/DerivedData/SDKExplicitPrecompiledModules/libkern-933UMOSRXTOXVPCBVK4W34MJ9.pcm

SwiftExplicitDependencyGeneratePcm arm64 /Users/builder/Factory/paperloft/evidence/checkouts/p4-28c3cef/build/DerivedData/SDKExplicitPrecompiledModules/CUPS-9V7UIV837WKCFWVTHS9WAHK7P.pcm

SwiftExplicitDependencyGeneratePcm arm64 /Users/builder/Factory/paperloft/evidence/checkouts/p4-28c3cef/build/DerivedData/SDKExplicitPrecompiledModules/ObjectiveC-E80J86R5YU1BP93K2FZJDZAX0.pcm

SwiftDriverJobDiscovery normal arm64 Compiling ShareViewController.swift (in target 'PaperloftShare' from project 'Paperloft')

SwiftDriver\ Compilation PaperloftShare normal arm64 com.apple.xcode.tools.swift.compiler (in target 'PaperloftShare' from project 'Paperloft')
    cd /Users/builder/Factory/paperloft/evidence/checkouts/p4-28c3cef
    builtin-Swift-Compilation -- /Applications/Xcode.app/Contents/Developer/Toolchains/XcodeDefault.xctoolchain/usr/bin/swiftc -module-name PaperloftShare -Onone @/Users/builder/Factory/paperloft/evidence/checkouts/p4-28c3cef/build/DerivedData/Build/Intermediates.noindex/Paperloft.build/Debug/PaperloftShare.build/Objects-normal/arm64/PaperloftShare.SwiftFileList -DDEBUG -enable-experimental-feature DebugDescriptionMacro -sdk /Applications/Xcode.app/Contents/Developer/Platforms/MacOSX.platform/Developer/SDKs/MacOSX27.0.sdk -target arm64-apple-macos27.0 -g -module-cache-path /Users/builder/Factory/paperloft/evidence/checkouts/p4-28c3cef/build/DerivedData/ModuleCache.noindex -Xfrontend -serialize-debugging-options -application-extension -profile-coverage-mapping -profile-generate -enable-testing -warnings-as-errors -index-store-path /Users/builder/Factory/paperloft/evidence/checkouts/p4-28c3cef/build/DerivedData/Index.noindex/DataStore -swift-version 6 -I /Users/builder/Factory/paperloft/evidence/checkouts/p4-28c3cef/build/DerivedData/Build/Products/Debug -F /Users/builder/Factory/paperloft/evidence/checkouts/p4-28c3cef/build/DerivedData/Build/Products/Debug/PackageFrameworks -F /Users/builder/Factory/paperloft/evidence/checkouts/p4-28c3cef/build/DerivedData/Build/Products/Debug -parse-as-library -c -j10 -enable-batch-mode -incremental -Xcc -ivfsstatcache -Xcc /Users/builder/Factory/paperloft/evidence/checkouts/p4-28c3cef/build/DerivedData/SDKStatCaches.noindex/macosx27.0-26A425-7231f6df4def33e022ae2eb8f782df1a.sdkstatcache -output-file-map /Users/builder/Factory/paperloft/evidence/checkouts/p4-28c3cef/build/DerivedData/Build/Intermediates.noindex/Paperloft.build/Debug/PaperloftShare.build/Objects-normal/arm64/PaperloftShare-OutputFileMap.json -save-temps -no-color-diagnostics -explicit-module-build -module-cache-path /Users/builder/Factory/paperloft/evidence/checkouts/p4-28c3cef/build/DerivedData/Build/Intermediates.noindex/SwiftExplicitPrecompiledModules -clang-scanner-module-cache-path /Users/builder/Factory/paperloft/evidence/checkouts/p4-28c3cef/build/DerivedData/ModuleCache.noindex -sdk-module-cache-path /Users/builder/Factory/paperloft/evidence/checkouts/p4-28c3cef/build/DerivedData/SDKExplicitPrecompiledModules -emit-dependencies -emit-module -emit-module-path /Users/builder/Factory/paperloft/evidence/checkouts/p4-28c3cef/build/DerivedData/Build/Intermediates.noindex/Paperloft.build/Debug/PaperloftShare.build/Objects-normal/arm64/PaperloftShare.swiftmodule -serialize-diagnostics -dependency-scan-serialize-diagnostics-path /Users/builder/Factory/paperloft/evidence/checkouts/p4-28c3cef/build/DerivedData/Build/Intermediates.noindex/Paperloft.build/Debug/PaperloftShare.build/Objects-normal/arm64/PaperloftShare-dependency-scan.dia -validate-clang-modules-once -clang-build-session-file /Users/builder/Factory/paperloft/evidence/checkouts/p4-28c3cef/build/DerivedData/ModuleCache.noindex/Session.modulevalidation -Xcc -fmodules-prune-interval\=86400 -Xcc -fmodules-prune-after\=345600 -emit-const-values -const-gather-protocols-list /Users/builder/Factory/paperloft/evidence/checkouts/p4-28c3cef/build/DerivedData/Build/Intermediates.noindex/Paperloft.build/Debug/PaperloftShare.build/Objects-normal/arm64/PaperloftShare_const_extract_protocols.json -Xcc -iquote -Xcc /Users/builder/Factory/paperloft/evidence/checkouts/p4-28c3cef/build/DerivedData/Build/Intermediates.noindex/Paperloft.build/Debug/PaperloftShare.build/PaperloftShare-generated-files.hmap -Xcc -I/Users/builder/Factory/paperloft/evidence/checkouts/p4-28c3cef/build/DerivedData/Build/Intermediates.noindex/Paperloft.build/Debug/PaperloftShare.build/PaperloftShare-own-target-headers.hmap -Xcc -I/Users/builder/Factory/paperloft/evidence/checkouts/p4-28c3cef/build/DerivedData/Build/Intermediates.noindex/Paperloft.build/Debug/PaperloftShare.build/PaperloftShare-all-non-framework-target-headers.hmap -Xcc -ivfsoverlay -Xcc /Users/builder/Factory/paperloft/evidence/checkouts/p4-28c3cef/build/DerivedData/Build/Intermediates.noindex/Paperloft.build/Debug/Paperloft-b93ddc6bcd4d234a5473ab01ad3589c4-VFS/all-product-headers.yaml -Xcc -iquote -Xcc /Users/builder/Factory/paperloft/evidence/checkouts/p4-28c3cef/build/DerivedData/Build/Intermediates.noindex/Paperloft.build/Debug/PaperloftShare.build/PaperloftShare-project-headers.hmap -Xcc -I/Users/builder/Factory/paperloft/evidence/checkouts/p4-28c3cef/build/DerivedData/Build/Products/Debug/include -Xcc -I/Users/builder/Factory/paperloft/evidence/checkouts/p4-28c3cef/build/DerivedData/Build/Intermediates.noindex/Paperloft.build/Debug/PaperloftShare.build/DerivedSources-normal/arm64 -Xcc -I/Users/builder/Factory/paperloft/evidence/checkouts/p4-28c3cef/build/DerivedData/Build/Intermediates.noindex/Paperloft.build/Debug/PaperloftShare.build/DerivedSources/arm64 -Xcc -I/Users/builder/Factory/paperloft/evidence/checkouts/p4-28c3cef/build/DerivedData/Build/Intermediates.noindex/Paperloft.build/Debug/PaperloftShare.build/DerivedSources -emit-objc-header -emit-objc-header-path /Users/builder/Factory/paperloft/evidence/checkouts/p4-28c3cef/build/DerivedData/Build/Intermediates.noindex/Paperloft.build/Debug/PaperloftShare.build/Objects-normal/arm64/PaperloftShare-Swift.h -working-directory /Users/builder/Factory/paperloft/evidence/checkouts/p4-28c3cef -experimental-emit-module-separately -disable-cmo

Ld /Users/builder/Factory/paperloft/evidence/checkouts/p4-28c3cef/build/DerivedData/Build/Products/Debug/PaperloftShare.appex/Contents/MacOS/PaperloftShare.debug.dylib normal (in target 'PaperloftShare' from project 'Paperloft')
    cd /Users/builder/Factory/paperloft/evidence/checkouts/p4-28c3cef
    /Applications/Xcode.app/Contents/Developer/Toolchains/XcodeDefault.xctoolchain/usr/bin/clang -Xlinker -reproducible -target arm64-apple-macos27.0 -dynamiclib -isysroot /Applications/Xcode.app/Contents/Developer/Platforms/MacOSX.platform/Developer/SDKs/MacOSX27.0.sdk -Os -Xlinker -no_warn_duplicate_libraries -L/Users/builder/Factory/paperloft/evidence/checkouts/p4-28c3cef/build/DerivedData/Build/Intermediates.noindex/EagerLinkingTBDs/Debug -L/Users/builder/Factory/paperloft/evidence/checkouts/p4-28c3cef/build/DerivedData/Build/Products/Debug -F/Users/builder/Factory/paperloft/evidence/checkouts/p4-28c3cef/build/DerivedData/Build/Intermediates.noindex/EagerLinkingTBDs/Debug -F/Users/builder/Factory/paperloft/evidence/checkouts/p4-28c3cef/build/DerivedData/Build/Products/Debug/PackageFrameworks -F/Users/builder/Factory/paperloft/evidence/checkouts/p4-28c3cef/build/DerivedData/Build/Products/Debug -filelist /Users/builder/Factory/paperloft/evidence/checkouts/p4-28c3cef/build/DerivedData/Build/Intermediates.noindex/Paperloft.build/Debug/PaperloftShare.build/Objects-normal/arm64/PaperloftShare.LinkFileList -install_name @rpath/PaperloftShare.debug.dylib -Xlinker -rpath -Xlinker @loader_path -Xlinker -rpath -Xlinker /Users/builder/Factory/paperloft/evidence/checkouts/p4-28c3cef/build/DerivedData/Build/Products/Debug/PackageFrameworks -Xlinker -rpath -Xlinker @executable_path/../Frameworks -Xlinker -rpath -Xlinker @executable_path/../../../../Frameworks -Xlinker -object_path_lto -Xlinker /Users/builder/Factory/paperloft/evidence/checkouts/p4-28c3cef/build/DerivedData/Build/Intermediates.noindex/Paperloft.build/Debug/PaperloftShare.build/Objects-normal/arm64/PaperloftShare_lto.o -rdynamic -Xlinker -debug_variant -Xlinker -dependency_info -Xlinker /Users/builder/Factory/paperloft/evidence/checkouts/p4-28c3cef/build/DerivedData/Build/Intermediates.noindex/Paperloft.build/Debug/PaperloftShare.build/Objects-normal/arm64/PaperloftShare_dependency_info.dat -fapplication-extension -fobjc-link-runtime -fprofile-instr-generate -L/Applications/Xcode.app/Contents/Developer/Toolchains/XcodeDefault.xctoolchain/usr/lib/swift/macosx -L/usr/lib/swift -Xlinker -add_ast_path -Xlinker /Users/builder/Factory/paperloft/evidence/checkouts/p4-28c3cef/build/DerivedData/Build/Intermediates.noindex/Paperloft.build/Debug/PaperloftShare.build/Objects-normal/arm64/PaperloftShare.swiftmodule -Xlinker -alias -Xlinker _NSExtensionMain -Xlinker ___debug_main_executable_dylib_entry_point -Xlinker -no_adhoc_codesign -o /Users/builder/Factory/paperloft/evidence/checkouts/p4-28c3cef/build/DerivedData/Build/Products/Debug/PaperloftShare.appex/Contents/MacOS/PaperloftShare.debug.dylib

SwiftExplicitDependencyGeneratePcm arm64 /Users/builder/Factory/paperloft/evidence/checkouts/p4-28c3cef/build/DerivedData/SDKExplicitPrecompiledModules/Spatial-6XRL477DXVOJOV9SSG81KLZ6P.pcm

SwiftExplicitDependencyGeneratePcm arm64 /Users/builder/Factory/paperloft/evidence/checkouts/p4-28c3cef/build/DerivedData/SDKExplicitPrecompiledModules/os_object-F1LYABX24GGVDJQT644OPUOVN.pcm

SwiftExplicitDependencyGeneratePcm arm64 /Users/builder/Factory/paperloft/evidence/checkouts/p4-28c3cef/build/DerivedData/SDKExplicitPrecompiledModules/os_workgroup-C2S9VCDZWIJ67S32D9JX3ZPH9.pcm

SwiftExplicitDependencyGeneratePcm arm64 /Users/builder/Factory/paperloft/evidence/checkouts/p4-28c3cef/build/DerivedData/SDKExplicitPrecompiledModules/Dispatch-6PF99DR46QQPLHM9EBWLAGE3Z.pcm

SwiftExplicitDependencyGeneratePcm arm64 /Users/builder/Factory/paperloft/evidence/checkouts/p4-28c3cef/build/DerivedData/SDKExplicitPrecompiledModules/XPC-BNMMVDP504UGUHXVXBDIBSV4M.pcm

SwiftExplicitDependencyGeneratePcm arm64 /Users/builder/Factory/paperloft/evidence/checkouts/p4-28c3cef/build/DerivedData/SDKExplicitPrecompiledModules/dnssd-5QONWQ9DC6FSNM83Y0HM54103.pcm

SwiftExplicitDependencyGeneratePcm arm64 /Users/builder/Factory/paperloft/evidence/checkouts/p4-28c3cef/build/DerivedData/SDKExplicitPrecompiledModules/CoreFoundation-2WSOT9873FCU5K3K4G4SKJBPW.pcm

ConstructStubExecutorLinkFileList /Users/builder/Factory/paperloft/evidence/checkouts/p4-28c3cef/build/DerivedData/Build/Intermediates.noindex/Paperloft.build/Debug/PaperloftShare.build/PaperloftShare-ExecutorLinkFileList-normal-arm64.txt (in target 'PaperloftShare' from project 'Paperloft')
    cd /Users/builder/Factory/paperloft/evidence/checkouts/p4-28c3cef
    construct-stub-executor-link-file-list /Users/builder/Factory/paperloft/evidence/checkouts/p4-28c3cef/build/DerivedData/Build/Products/Debug/PaperloftShare.appex/Contents/MacOS/PaperloftShare.debug.dylib /Applications/Xcode.app/Contents/Developer/Platforms/MacOSX.platform/Developer/usr/lib/libPreviewsJITStubExecutor_no_swift_entry_point.a /Applications/Xcode.app/Contents/Developer/Platforms/MacOSX.platform/Developer/usr/lib/libPreviewsJITStubExecutor.a --output /Users/builder/Factory/paperloft/evidence/checkouts/p4-28c3cef/build/DerivedData/Build/Intermediates.noindex/Paperloft.build/Debug/PaperloftShare.build/PaperloftShare-ExecutorLinkFileList-normal-arm64.txt
note: Using stub executor library without Swift entry point. (in target 'PaperloftShare' from project 'Paperloft')

Ld /Users/builder/Factory/paperloft/evidence/checkouts/p4-28c3cef/build/DerivedData/Build/Products/Debug/PaperloftShare.appex/Contents/MacOS/PaperloftShare normal (in target 'PaperloftShare' from project 'Paperloft')
    cd /Users/builder/Factory/paperloft/evidence/checkouts/p4-28c3cef
    /Applications/Xcode.app/Contents/Developer/Toolchains/XcodeDefault.xctoolchain/usr/bin/clang -Xlinker -reproducible -target arm64-apple-macos27.0 -isysroot /Applications/Xcode.app/Contents/Developer/Platforms/MacOSX.platform/Developer/SDKs/MacOSX27.0.sdk -Os -Xlinker -no_warn_duplicate_libraries -L/Users/builder/Factory/paperloft/evidence/checkouts/p4-28c3cef/build/DerivedData/Build/Products/Debug -F/Users/builder/Factory/paperloft/evidence/checkouts/p4-28c3cef/build/DerivedData/Build/Products/Debug/PackageFrameworks -F/Users/builder/Factory/paperloft/evidence/checkouts/p4-28c3cef/build/DerivedData/Build/Products/Debug -Xlinker -rpath -Xlinker @executable_path -Xlinker -rpath -Xlinker @loader_path -Xlinker -rpath -Xlinker /Users/builder/Factory/paperloft/evidence/checkouts/p4-28c3cef/build/DerivedData/Build/Products/Debug/PackageFrameworks -Xlinker -rpath -Xlinker @executable_path/../Frameworks -Xlinker -rpath -Xlinker @executable_path/../../../../Frameworks -rdynamic -Xlinker -debug_variant -e ___debug_blank_executor_main -Xlinker -sectcreate -Xlinker __TEXT -Xlinker __debug_dylib -Xlinker /Users/builder/Factory/paperloft/evidence/checkouts/p4-28c3cef/build/DerivedData/Build/Intermediates.noindex/Paperloft.build/Debug/PaperloftShare.build/PaperloftShare-DebugDylibPath-normal-arm64.txt -Xlinker -sectcreate -Xlinker __TEXT -Xlinker __debug_entry -Xlinker /Users/builder/Factory/paperloft/evidence/checkouts/p4-28c3cef/build/DerivedData/Build/Intermediates.noindex/Paperloft.build/Debug/PaperloftShare.build/PaperloftShare-DebugEntryPoint-normal-arm64.txt -Xlinker -sectcreate -Xlinker __TEXT -Xlinker __debug_instlnm -Xlinker /Users/builder/Factory/paperloft/evidence/checkouts/p4-28c3cef/build/DerivedData/Build/Intermediates.noindex/Paperloft.build/Debug/PaperloftShare.build/PaperloftShare-DebugDylibInstallName-normal-arm64.txt -Xlinker -filelist -Xlinker /Users/builder/Factory/paperloft/evidence/checkouts/p4-28c3cef/build/DerivedData/Build/Intermediates.noindex/Paperloft.build/Debug/PaperloftShare.build/PaperloftShare-ExecutorLinkFileList-normal-arm64.txt /Users/builder/Factory/paperloft/evidence/checkouts/p4-28c3cef/build/DerivedData/Build/Products/Debug/PaperloftShare.appex/Contents/MacOS/PaperloftShare.debug.dylib -Xlinker -no_adhoc_codesign -o /Users/builder/Factory/paperloft/evidence/checkouts/p4-28c3cef/build/DerivedData/Build/Products/Debug/PaperloftShare.appex/Contents/MacOS/PaperloftShare

SwiftExplicitDependencyGeneratePcm arm64 /Users/builder/Factory/paperloft/evidence/checkouts/p4-28c3cef/build/DerivedData/SDKExplicitPrecompiledModules/os-DFUQN49QYFVFQXDGDFPTTLT2M.pcm

CodeSign /Users/builder/Factory/paperloft/evidence/checkouts/p4-28c3cef/build/DerivedData/Build/Products/Debug/PaperloftShare.appex/Contents/MacOS/PaperloftShare.debug.dylib (in target 'PaperloftShare' from project 'Paperloft')
    cd /Users/builder/Factory/paperloft/evidence/checkouts/p4-28c3cef
    
    Signing Identity:     "Sign to Run Locally"
    
    /usr/bin/codesign --force --sign - --timestamp\=none --generate-entitlement-der /Users/builder/Factory/paperloft/evidence/checkouts/p4-28c3cef/build/DerivedData/Build/Products/Debug/PaperloftShare.appex/Contents/MacOS/PaperloftShare.debug.dylib

SwiftExplicitDependencyGeneratePcm arm64 /Users/builder/Factory/paperloft/evidence/checkouts/p4-28c3cef/build/DerivedData/SDKExplicitPrecompiledModules/CFNetwork-29UUQR1YB3E0AUMJT966GOG9T.pcm

SwiftExplicitDependencyGeneratePcm arm64 /Users/builder/Factory/paperloft/evidence/checkouts/p4-28c3cef/build/DerivedData/SDKExplicitPrecompiledModules/ColorSync-F3SR3YRQFJYB1NLRCTVYPEIUP.pcm

SwiftExplicitDependencyGeneratePcm arm64 /Users/builder/Factory/paperloft/evidence/checkouts/p4-28c3cef/build/DerivedData/SDKExplicitPrecompiledModules/Security-12EEUKBTVUYNMYY591GY0R6ZD.pcm

SwiftExplicitDependencyGeneratePcm arm64 /Users/builder/Factory/paperloft/evidence/checkouts/p4-28c3cef/build/DerivedData/SDKExplicitPrecompiledModules/IOKit-22DVKMH563E3ZXFX5K9AAK1Q8.pcm

SwiftExplicitDependencyGeneratePcm arm64 /Users/builder/Factory/paperloft/evidence/checkouts/p4-28c3cef/build/DerivedData/SDKExplicitPrecompiledModules/CoreAudioTypes-8O5M35ZB3PFLGTJBCOJ06X2LG.pcm

CodeSign /Users/builder/Factory/paperloft/evidence/checkouts/p4-28c3cef/build/DerivedData/Build/Products/Debug/PaperloftShare.appex/Contents/MacOS/__preview.dylib (in target 'PaperloftShare' from project 'Paperloft')
    cd /Users/builder/Factory/paperloft/evidence/checkouts/p4-28c3cef
    
    Signing Identity:     "Sign to Run Locally"
    
    /usr/bin/codesign --force --sign - --timestamp\=none --generate-entitlement-der /Users/builder/Factory/paperloft/evidence/checkouts/p4-28c3cef/build/DerivedData/Build/Products/Debug/PaperloftShare.appex/Contents/MacOS/__preview.dylib

CodeSign /Users/builder/Factory/paperloft/evidence/checkouts/p4-28c3cef/build/DerivedData/Build/Products/Debug/PaperloftShare.appex (in target 'PaperloftShare' from project 'Paperloft')
    cd /Users/builder/Factory/paperloft/evidence/checkouts/p4-28c3cef
    
    Signing Identity:     "Sign to Run Locally"
    
    /usr/bin/codesign --force --sign - --entitlements /Users/builder/Factory/paperloft/evidence/checkouts/p4-28c3cef/build/DerivedData/Build/Intermediates.noindex/Paperloft.build/Debug/PaperloftShare.build/PaperloftShare.appex.xcent --timestamp\=none --generate-entitlement-der /Users/builder/Factory/paperloft/evidence/checkouts/p4-28c3cef/build/DerivedData/Build/Products/Debug/PaperloftShare.appex

RegisterExecutionPolicyException /Users/builder/Factory/paperloft/evidence/checkouts/p4-28c3cef/build/DerivedData/Build/Products/Debug/PaperloftShare.appex (in target 'PaperloftShare' from project 'Paperloft')
    cd /Users/builder/Factory/paperloft/evidence/checkouts/p4-28c3cef
    builtin-RegisterExecutionPolicyException /Users/builder/Factory/paperloft/evidence/checkouts/p4-28c3cef/build/DerivedData/Build/Products/Debug/PaperloftShare.appex

Touch /Users/builder/Factory/paperloft/evidence/checkouts/p4-28c3cef/build/DerivedData/Build/Products/Debug/PaperloftShare.appex (in target 'PaperloftShare' from project 'Paperloft')
    cd /Users/builder/Factory/paperloft/evidence/checkouts/p4-28c3cef
    /usr/bin/touch -c /Users/builder/Factory/paperloft/evidence/checkouts/p4-28c3cef/build/DerivedData/Build/Products/Debug/PaperloftShare.appex

Ld /Users/builder/Factory/paperloft/evidence/checkouts/p4-28c3cef/build/DerivedData/Build/Products/Debug/Paperloft\ Receipts.app/Contents/MacOS/__preview.dylib normal (in target 'PaperloftApp' from project 'Paperloft')
    cd /Users/builder/Factory/paperloft/evidence/checkouts/p4-28c3cef
    /Applications/Xcode.app/Contents/Developer/Toolchains/XcodeDefault.xctoolchain/usr/bin/clang -Xlinker -reproducible -target arm64-apple-macos27.0 -dynamiclib -isysroot /Applications/Xcode.app/Contents/Developer/Platforms/MacOSX.platform/Developer/SDKs/MacOSX27.0.sdk -Os -Xlinker -no_warn_duplicate_libraries -L/Users/builder/Factory/paperloft/evidence/checkouts/p4-28c3cef/build/DerivedData/Build/Products/Debug -F/Users/builder/Factory/paperloft/evidence/checkouts/p4-28c3cef/build/DerivedData/Build/Products/Debug/PackageFrameworks -F/Users/builder/Factory/paperloft/evidence/checkouts/p4-28c3cef/build/DerivedData/Build/Products/Debug -install_name @rpath/Paperloft\ Receipts.debug.dylib -rdynamic -Xlinker -debug_variant -Xlinker -dependency_info -Xlinker /Users/builder/Factory/paperloft/evidence/checkouts/p4-28c3cef/build/DerivedData/Build/Intermediates.noindex/Paperloft.build/Debug/PaperloftApp.build/Objects-normal/arm64/Paperloft\ Receipts_dependency_info.dat -Xlinker -no_adhoc_codesign -o /Users/builder/Factory/paperloft/evidence/checkouts/p4-28c3cef/build/DerivedData/Build/Products/Debug/Paperloft\ Receipts.app/Contents/MacOS/__preview.dylib

CpResource /Users/builder/Factory/paperloft/evidence/checkouts/p4-28c3cef/build/DerivedData/Build/Products/Debug/Paperloft\ Receipts.app/Contents/Resources/05-utilities.pdf /Users/builder/Factory/paperloft/evidence/checkouts/p4-28c3cef/Apps/PaperloftApp/Resources/Samples/05-utilities.pdf (in target 'PaperloftApp' from project 'Paperloft')
    cd /Users/builder/Factory/paperloft/evidence/checkouts/p4-28c3cef
    builtin-copy -exclude .DS_Store -exclude CVS -exclude .svn -exclude .git -exclude .hg -resolve-src-symlinks /Users/builder/Factory/paperloft/evidence/checkouts/p4-28c3cef/Apps/PaperloftApp/Resources/Samples/05-utilities.pdf /Users/builder/Factory/paperloft/evidence/checkouts/p4-28c3cef/build/DerivedData/Build/Products/Debug/Paperloft\ Receipts.app/Contents/Resources

CpResource /Users/builder/Factory/paperloft/evidence/checkouts/p4-28c3cef/build/DerivedData/Build/Products/Debug/Paperloft\ Receipts.app/Contents/Resources/04-software.pdf /Users/builder/Factory/paperloft/evidence/checkouts/p4-28c3cef/Apps/PaperloftApp/Resources/Samples/04-software.pdf (in target 'PaperloftApp' from project 'Paperloft')
    cd /Users/builder/Factory/paperloft/evidence/checkouts/p4-28c3cef
    builtin-copy -exclude .DS_Store -exclude CVS -exclude .svn -exclude .git -exclude .hg -resolve-src-symlinks /Users/builder/Factory/paperloft/evidence/checkouts/p4-28c3cef/Apps/PaperloftApp/Resources/Samples/04-software.pdf /Users/builder/Factory/paperloft/evidence/checkouts/p4-28c3cef/build/DerivedData/Build/Products/Debug/Paperloft\ Receipts.app/Contents/Resources

CpResource /Users/builder/Factory/paperloft/evidence/checkouts/p4-28c3cef/build/DerivedData/Build/Products/Debug/Paperloft\ Receipts.app/Contents/Resources/02-meal.pdf /Users/builder/Factory/paperloft/evidence/checkouts/p4-28c3cef/Apps/PaperloftApp/Resources/Samples/02-meal.pdf (in target 'PaperloftApp' from project 'Paperloft')
    cd /Users/builder/Factory/paperloft/evidence/checkouts/p4-28c3cef
    builtin-copy -exclude .DS_Store -exclude CVS -exclude .svn -exclude .git -exclude .hg -resolve-src-symlinks /Users/builder/Factory/paperloft/evidence/checkouts/p4-28c3cef/Apps/PaperloftApp/Resources/Samples/02-meal.pdf /Users/builder/Factory/paperloft/evidence/checkouts/p4-28c3cef/build/DerivedData/Build/Products/Debug/Paperloft\ Receipts.app/Contents/Resources

CpResource /Users/builder/Factory/paperloft/evidence/checkouts/p4-28c3cef/build/DerivedData/Build/Products/Debug/Paperloft\ Receipts.app/Contents/Resources/01-office.pdf /Users/builder/Factory/paperloft/evidence/checkouts/p4-28c3cef/Apps/PaperloftApp/Resources/Samples/01-office.pdf (in target 'PaperloftApp' from project 'Paperloft')
    cd /Users/builder/Factory/paperloft/evidence/checkouts/p4-28c3cef
    builtin-copy -exclude .DS_Store -exclude CVS -exclude .svn -exclude .git -exclude .hg -resolve-src-symlinks /Users/builder/Factory/paperloft/evidence/checkouts/p4-28c3cef/Apps/PaperloftApp/Resources/Samples/01-office.pdf /Users/builder/Factory/paperloft/evidence/checkouts/p4-28c3cef/build/DerivedData/Build/Products/Debug/Paperloft\ Receipts.app/Contents/Resources

CpResource /Users/builder/Factory/paperloft/evidence/checkouts/p4-28c3cef/build/DerivedData/Build/Products/Debug/Paperloft\ Receipts.app/Contents/Resources/03-travel.pdf /Users/builder/Factory/paperloft/evidence/checkouts/p4-28c3cef/Apps/PaperloftApp/Resources/Samples/03-travel.pdf (in target 'PaperloftApp' from project 'Paperloft')
    cd /Users/builder/Factory/paperloft/evidence/checkouts/p4-28c3cef
    builtin-copy -exclude .DS_Store -exclude CVS -exclude .svn -exclude .git -exclude .hg -resolve-src-symlinks /Users/builder/Factory/paperloft/evidence/checkouts/p4-28c3cef/Apps/PaperloftApp/Resources/Samples/03-travel.pdf /Users/builder/Factory/paperloft/evidence/checkouts/p4-28c3cef/build/DerivedData/Build/Products/Debug/Paperloft\ Receipts.app/Contents/Resources

CpResource /Users/builder/Factory/paperloft/evidence/checkouts/p4-28c3cef/build/DerivedData/Build/Products/Debug/Paperloft\ Receipts.app/Contents/Resources/PrivacyInfo.xcprivacy /Users/builder/Factory/paperloft/evidence/checkouts/p4-28c3cef/Apps/PaperloftApp/PrivacyInfo.xcprivacy (in target 'PaperloftApp' from project 'Paperloft')
    cd /Users/builder/Factory/paperloft/evidence/checkouts/p4-28c3cef
    builtin-copy -exclude .DS_Store -exclude CVS -exclude .svn -exclude .git -exclude .hg -resolve-src-symlinks /Users/builder/Factory/paperloft/evidence/checkouts/p4-28c3cef/Apps/PaperloftApp/PrivacyInfo.xcprivacy /Users/builder/Factory/paperloft/evidence/checkouts/p4-28c3cef/build/DerivedData/Build/Products/Debug/Paperloft\ Receipts.app/Contents/Resources

SwiftExplicitDependencyGeneratePcm arm64 /Users/builder/Factory/paperloft/evidence/checkouts/p4-28c3cef/build/DerivedData/SDKExplicitPrecompiledModules/CoreGraphics-A9XUR2PK5TT7O4LG817NMK4IB.pcm

SwiftExplicitDependencyGeneratePcm arm64 /Users/builder/Factory/paperloft/evidence/checkouts/p4-28c3cef/build/DerivedData/SDKExplicitPrecompiledModules/DiskArbitration-DS65JD2RKXXEK9BLJYBJ7CQPY.pcm

SwiftExplicitDependencyGeneratePcm arm64 /Users/builder/Factory/paperloft/evidence/checkouts/p4-28c3cef/build/DerivedData/SDKExplicitPrecompiledModules/CoreServices-CMMPJ5W23ZAWM6MTTXG03JO4K.pcm

SwiftExplicitDependencyGeneratePcm arm64 /Users/builder/Factory/paperloft/evidence/checkouts/p4-28c3cef/build/DerivedData/SDKExplicitPrecompiledModules/ImageIO-B2QCKTRM875YSAHAOF5L0CLLD.pcm

SwiftExplicitDependencyGeneratePcm arm64 /Users/builder/Factory/paperloft/evidence/checkouts/p4-28c3cef/build/DerivedData/SDKExplicitPrecompiledModules/CoreText-86FQTMOHKQT8XH777OKDN5THW.pcm

SwiftExplicitDependencyGeneratePcm arm64 /Users/builder/Factory/paperloft/evidence/checkouts/p4-28c3cef/build/DerivedData/SDKExplicitPrecompiledModules/Foundation-ECFT6931KLMC4CNXD6PU4WV8M.pcm

LinkAssetCatalog /Users/builder/Factory/paperloft/evidence/checkouts/p4-28c3cef/Apps/PaperloftApp/Resources/Assets.xcassets /Users/builder/Factory/paperloft/evidence/checkouts/p4-28c3cef/Apps/PaperloftApp/AppIcon.icon (in target 'PaperloftApp' from project 'Paperloft')
    cd /Users/builder/Factory/paperloft/evidence/checkouts/p4-28c3cef
    builtin-linkAssetCatalog --thinned /Users/builder/Factory/paperloft/evidence/checkouts/p4-28c3cef/build/DerivedData/Build/Intermediates.noindex/Paperloft.build/Debug/PaperloftApp.build/assetcatalog_output/thinned --thinned-dependencies /Users/builder/Factory/paperloft/evidence/checkouts/p4-28c3cef/build/DerivedData/Build/Intermediates.noindex/Paperloft.build/Debug/PaperloftApp.build/assetcatalog_dependencies_thinned --thinned-info-plist-content /Users/builder/Factory/paperloft/evidence/checkouts/p4-28c3cef/build/DerivedData/Build/Intermediates.noindex/Paperloft.build/Debug/PaperloftApp.build/assetcatalog_generated_info.plist_thinned --unthinned /Users/builder/Factory/paperloft/evidence/checkouts/p4-28c3cef/build/DerivedData/Build/Intermediates.noindex/Paperloft.build/Debug/PaperloftApp.build/assetcatalog_output/unthinned --unthinned-dependencies /Users/builder/Factory/paperloft/evidence/checkouts/p4-28c3cef/build/DerivedData/Build/Intermediates.noindex/Paperloft.build/Debug/PaperloftApp.build/assetcatalog_dependencies_unthinned --unthinned-info-plist-content /Users/builder/Factory/paperloft/evidence/checkouts/p4-28c3cef/build/DerivedData/Build/Intermediates.noindex/Paperloft.build/Debug/PaperloftApp.build/assetcatalog_generated_info.plist_unthinned --output /Users/builder/Factory/paperloft/evidence/checkouts/p4-28c3cef/build/DerivedData/Build/Products/Debug/Paperloft\ Receipts.app/Contents/Resources --plist-output /Users/builder/Factory/paperloft/evidence/checkouts/p4-28c3cef/build/DerivedData/Build/Intermediates.noindex/Paperloft.build/Debug/PaperloftApp.build/assetcatalog_generated_info.plist
note: Emplaced /Users/builder/Factory/paperloft/evidence/checkouts/p4-28c3cef/build/DerivedData/Build/Products/Debug/Paperloft Receipts.app/Contents/Resources/Assets.car (in target 'PaperloftApp' from project 'Paperloft')
note: Emplaced /Users/builder/Factory/paperloft/evidence/checkouts/p4-28c3cef/build/DerivedData/Build/Products/Debug/Paperloft Receipts.app/Contents/Resources/AppIcon.icns (in target 'PaperloftApp' from project 'Paperloft')

SwiftExplicitDependencyGeneratePcm arm64 /Users/builder/Factory/paperloft/evidence/checkouts/p4-28c3cef/build/DerivedData/SDKExplicitPrecompiledModules/JavaScriptCore-1NFZI4MFLV96U1P8L98W8K2B.pcm

SwiftExplicitDependencyGeneratePcm arm64 /Users/builder/Factory/paperloft/evidence/checkouts/p4-28c3cef/build/DerivedData/SDKExplicitPrecompiledModules/CoreData-2V9Q6EIGME0FUDQOIERCC2E74.pcm

SwiftExplicitDependencyGeneratePcm arm64 /Users/builder/Factory/paperloft/evidence/checkouts/p4-28c3cef/build/DerivedData/SDKExplicitPrecompiledModules/CoreMIDI-9ORKOXUCQY8P1999PZBWJ4G6G.pcm

SwiftExplicitDependencyGeneratePcm arm64 /Users/builder/Factory/paperloft/evidence/checkouts/p4-28c3cef/build/DerivedData/SDKExplicitPrecompiledModules/OSLog-8V6VC1C3HXJSTFP32VPQNTZ65.pcm

SwiftExplicitDependencyGeneratePcm arm64 /Users/builder/Factory/paperloft/evidence/checkouts/p4-28c3cef/build/DerivedData/SDKExplicitPrecompiledModules/RelevanceKit-BTEEBJ373XM3SUO4AZU6YTC3U.pcm

SwiftExplicitDependencyGeneratePcm arm64 /Users/builder/Factory/paperloft/evidence/checkouts/p4-28c3cef/build/DerivedData/SDKExplicitPrecompiledModules/UniformTypeIdentifiers-BJDYN5DJNZ3VG2IWHQBR6L1DP.pcm

SwiftExplicitDependencyGeneratePcm arm64 /Users/builder/Factory/paperloft/evidence/checkouts/p4-28c3cef/build/DerivedData/SDKExplicitPrecompiledModules/AppIntents-5EH7NAZ9YARW0PQ4UMD5EG3CQ.pcm

SwiftExplicitDependencyGeneratePcm arm64 /Users/builder/Factory/paperloft/evidence/checkouts/p4-28c3cef/build/DerivedData/SDKExplicitPrecompiledModules/Network-5VYYOIV6R0FR6O5V7KYTXIEBN.pcm

SwiftExplicitDependencyGeneratePcm arm64 /Users/builder/Factory/paperloft/evidence/checkouts/p4-28c3cef/build/DerivedData/SDKExplicitPrecompiledModules/ApplicationServices-3YMI60DMOR5ECUXAPP28AN2ZH.pcm

SwiftExplicitDependencyGeneratePcm arm64 /Users/builder/Factory/paperloft/evidence/checkouts/p4-28c3cef/build/DerivedData/SDKExplicitPrecompiledModules/Accessibility-BQWBQP7OH2NSXFB2W5XM1H8FN.pcm

SwiftExplicitDependencyGeneratePcm arm64 /Users/builder/Factory/paperloft/evidence/checkouts/p4-28c3cef/build/DerivedData/SDKExplicitPrecompiledModules/CoreAudio-45OP20LGX4O7H7HAX459ZOBCL.pcm

SwiftExplicitDependencyGeneratePcm arm64 /Users/builder/Factory/paperloft/evidence/checkouts/p4-28c3cef/build/DerivedData/SDKExplicitPrecompiledModules/CoreTransferable-4GABPXCTK7QVJK9WSB5CMQ0RM.pcm

SwiftExplicitDependencyGeneratePcm arm64 /Users/builder/Factory/paperloft/evidence/checkouts/p4-28c3cef/build/DerivedData/SDKExplicitPrecompiledModules/LocalAuthentication-BDVYY61XE322XO6C5NZXDBXGW.pcm

SwiftExplicitDependencyGeneratePcm arm64 /Users/builder/Factory/paperloft/evidence/checkouts/p4-28c3cef/build/DerivedData/SDKExplicitPrecompiledModules/Symbols-1YYKNAVRH2WRWOKS6BCWFHEAF.pcm

SwiftExplicitDependencyGeneratePcm arm64 /Users/builder/Factory/paperloft/evidence/checkouts/p4-28c3cef/build/DerivedData/SDKExplicitPrecompiledModules/_LocationEssentials-3SCDNKLRMOMK761B4UV7VNGP.pcm

SwiftExplicitDependencyGeneratePcm arm64 /Users/builder/Factory/paperloft/evidence/checkouts/p4-28c3cef/build/DerivedData/SDKExplicitPrecompiledModules/BackgroundAssets-4QRCRR0PX0SPC9O6O7YYJ5794.pcm

SwiftExplicitDependencyGeneratePcm arm64 /Users/builder/Factory/paperloft/evidence/checkouts/p4-28c3cef/build/DerivedData/SDKExplicitPrecompiledModules/CoreSpotlight-911UQNJL803PVFEGX7LW1AJ0R.pcm

SwiftExplicitDependencyGeneratePcm arm64 /Users/builder/Factory/paperloft/evidence/checkouts/p4-28c3cef/build/DerivedData/SDKExplicitPrecompiledModules/DataDetection-29C8WGUZXGE39R099L0ZGCSPD.pcm

SwiftExplicitDependencyGeneratePcm arm64 /Users/builder/Factory/paperloft/evidence/checkouts/p4-28c3cef/build/DerivedData/SDKExplicitPrecompiledModules/AppIntentsTypeSupport-CDJ0LUQKV8S18OM5VP6CWN6JD.pcm

SwiftExplicitDependencyGeneratePcm arm64 /Users/builder/Factory/paperloft/evidence/checkouts/p4-28c3cef/build/DerivedData/SDKExplicitPrecompiledModules/IOSurface-ELKB2R20QKEGBGE1FMGP66S0A.pcm

SwiftExplicitDependencyGeneratePcm arm64 /Users/builder/Factory/paperloft/evidence/checkouts/p4-28c3cef/build/DerivedData/SDKExplicitPrecompiledModules/QuickLook-35JRPRYCB5F7TLWXES2RVN282.pcm

SwiftExplicitDependencyGeneratePcm arm64 /Users/builder/Factory/paperloft/evidence/checkouts/p4-28c3cef/build/DerivedData/SDKExplicitPrecompiledModules/Carbon-4BXYDSYNW6Z7GCXP6LMHKN90U.pcm

SwiftExplicitDependencyGeneratePcm arm64 /Users/builder/Factory/paperloft/evidence/checkouts/p4-28c3cef/build/DerivedData/SDKExplicitPrecompiledModules/CoreLocation-INMD37TEHUB3JR14HLCNPLKG.pcm

SwiftExplicitDependencyGeneratePcm arm64 /Users/builder/Factory/paperloft/evidence/checkouts/p4-28c3cef/build/DerivedData/SDKExplicitPrecompiledModules/OpenGL-C3J7BGQH8EP18ZRQEYTXGOFUN.pcm

SwiftExplicitDependencyGeneratePcm arm64 /Users/builder/Factory/paperloft/evidence/checkouts/p4-28c3cef/build/DerivedData/SDKExplicitPrecompiledModules/Metal-4Z8UUGCCA12M62E6U5P7ZPMNS.pcm

SwiftExplicitDependencyGeneratePcm arm64 /Users/builder/Factory/paperloft/evidence/checkouts/p4-28c3cef/build/DerivedData/SDKExplicitPrecompiledModules/AudioToolbox-BZ77DWTDKW5XE036995QPVO.pcm

SwiftExplicitDependencyGeneratePcm arm64 /Users/builder/Factory/paperloft/evidence/checkouts/p4-28c3cef/build/DerivedData/SDKExplicitPrecompiledModules/CoreVideo-85OUWJZZDYV3EDZAECNTCSO9H.pcm

SwiftExplicitDependencyGeneratePcm arm64 /Users/builder/Factory/paperloft/evidence/checkouts/p4-28c3cef/build/DerivedData/SDKExplicitPrecompiledModules/QuartzCore-9MI5C24IG0E6E439Y68AWMZTU.pcm

SwiftExplicitDependencyGeneratePcm arm64 /Users/builder/Factory/paperloft/evidence/checkouts/p4-28c3cef/build/DerivedData/SDKExplicitPrecompiledModules/CoreML-2VLN8ZB22SHLE31TDTMRRLEUC.pcm

SwiftExplicitDependencyGeneratePcm arm64 /Users/builder/Factory/paperloft/evidence/checkouts/p4-28c3cef/build/DerivedData/SDKExplicitPrecompiledModules/CoreImage-EOIWXRW48H0VMGNTC6M5JINYX.pcm

SwiftExplicitDependencyGeneratePcm arm64 /Users/builder/Factory/paperloft/evidence/checkouts/p4-28c3cef/build/DerivedData/SDKExplicitPrecompiledModules/CoreMedia-698EIH98XRZBH0QPX9CQ40OGB.pcm

SwiftExplicitDependencyGeneratePcm arm64 /Users/builder/Factory/paperloft/evidence/checkouts/p4-28c3cef/build/DerivedData/SDKExplicitPrecompiledModules/Accelerate-10SRZZ2AGZA003D68U9M4GPME.pcm

SwiftExplicitDependencyGeneratePcm arm64 /Users/builder/Factory/paperloft/evidence/checkouts/p4-28c3cef/build/DerivedData/SDKExplicitPrecompiledModules/SwiftUICore-3GE1DAFN3AV0WLAIGM6B025U0.pcm

SwiftExplicitDependencyGeneratePcm arm64 /Users/builder/Factory/paperloft/evidence/checkouts/p4-28c3cef/build/DerivedData/SDKExplicitPrecompiledModules/Vision-2QLG9R2891G72YVVTUZ5XK4DV.pcm

SwiftExplicitDependencyGeneratePcm arm64 /Users/builder/Factory/paperloft/evidence/checkouts/p4-28c3cef/build/DerivedData/SDKExplicitPrecompiledModules/VideoToolbox-DSX6KQIMMPTP3TOJCUF2VJNPN.pcm

SwiftExplicitDependencyGeneratePcm arm64 /Users/builder/Factory/paperloft/evidence/checkouts/p4-28c3cef/build/DerivedData/SDKExplicitPrecompiledModules/MediaToolbox-1WK5K9TOI67STZHD2AIITSMOP.pcm

SwiftExplicitDependencyGeneratePcm arm64 /Users/builder/Factory/paperloft/evidence/checkouts/p4-28c3cef/build/DerivedData/SDKExplicitPrecompiledModules/AVFAudio-2JAFAVRC0SRRSS1XBK2SDA9SO.pcm

SwiftExplicitDependencyGeneratePcm arm64 /Users/builder/Factory/paperloft/evidence/checkouts/p4-28c3cef/build/DerivedData/SDKExplicitPrecompiledModules/AppKit-EO87M2BQJT3VDAMK0FBOUZUC8.pcm

SwiftExplicitDependencyGeneratePcm arm64 /Users/builder/Factory/paperloft/evidence/checkouts/p4-28c3cef/build/DerivedData/SDKExplicitPrecompiledModules/AVFoundation-B0AJW8ZWR88GJSQPU28QKV78.pcm

SwiftExplicitDependencyGeneratePcm arm64 /Users/builder/Factory/paperloft/evidence/checkouts/p4-28c3cef/build/DerivedData/SDKExplicitPrecompiledModules/StoreKit-9RK2PI2X67VQEN9QG3YQCKNO1.pcm

SwiftExplicitDependencyGeneratePcm arm64 /Users/builder/Factory/paperloft/evidence/checkouts/p4-28c3cef/build/DerivedData/SDKExplicitPrecompiledModules/WebKit-3LY54VF4EPXELJI09LH73KSS0.pcm

SwiftExplicitDependencyGeneratePcm arm64 /Users/builder/Factory/paperloft/evidence/checkouts/p4-28c3cef/build/DerivedData/SDKExplicitPrecompiledModules/SwiftUI-Q7GBYLRPUVUYJV234OPU8QFE.pcm

SwiftExplicitDependencyGeneratePcm arm64 /Users/builder/Factory/paperloft/evidence/checkouts/p4-28c3cef/build/DerivedData/SDKExplicitPrecompiledModules/Cocoa-1U52HTAHBZJ0Q76HIMMSLD7A1.pcm

SwiftExplicitDependencyGeneratePcm arm64 /Users/builder/Factory/paperloft/evidence/checkouts/p4-28c3cef/build/DerivedData/SDKExplicitPrecompiledModules/ImageCaptureCore-58ISIOGQQTL3FZ1S7WDWNOFWL.pcm

SwiftExplicitDependencyGeneratePcm arm64 /Users/builder/Factory/paperloft/evidence/checkouts/p4-28c3cef/build/DerivedData/SDKExplicitPrecompiledModules/PDFKit-EQPC2ZCUPZS549IKLZQ5ZZYST.pcm

SwiftExplicitDependencyGeneratePcm arm64 /Users/builder/Factory/paperloft/evidence/checkouts/p4-28c3cef/build/DerivedData/SDKExplicitPrecompiledModules/QuickLookUI-6QZWZCIE9O0JCC862J59Q4HOI.pcm

SwiftExplicitDependencyGeneratePcm arm64 /Users/builder/Factory/paperloft/evidence/checkouts/p4-28c3cef/build/DerivedData/SDKExplicitPrecompiledModules/Quartz-29RVWGO0M2QBCH3QAJC8696J0.pcm

SwiftEmitModule normal arm64 Emitting\ module\ for\ Paperloft_Receipts (in target 'PaperloftApp' from project 'Paperloft')

SwiftCompile normal arm64 (in target 'PaperloftApp' from project 'Paperloft')
    cd /Users/builder/Factory/paperloft/evidence/checkouts/p4-28c3cef
    

SwiftCompile normal arm64 Compiling\ PaperloftIntents.swift /Users/builder/Factory/paperloft/evidence/checkouts/p4-28c3cef/Apps/PaperloftApp/PaperloftIntents.swift (in target 'PaperloftApp' from project 'Paperloft')

SwiftCompile normal arm64 /Users/builder/Factory/paperloft/evidence/checkouts/p4-28c3cef/Apps/PaperloftApp/PaperloftIntents.swift (in target 'PaperloftApp' from project 'Paperloft')
    cd /Users/builder/Factory/paperloft/evidence/checkouts/p4-28c3cef
    builtin-SwiftPerFileCompile PaperloftIntents.swift

SwiftCompile normal arm64 Compiling\ AccessiblePicker.swift,\ AppModel.swift /Users/builder/Factory/paperloft/evidence/checkouts/p4-28c3cef/Apps/PaperloftApp/AccessiblePicker.swift /Users/builder/Factory/paperloft/evidence/checkouts/p4-28c3cef/Apps/PaperloftApp/AppModel.swift (in target 'PaperloftApp' from project 'Paperloft')

SwiftCompile normal arm64 /Users/builder/Factory/paperloft/evidence/checkouts/p4-28c3cef/Apps/PaperloftApp/AccessiblePicker.swift (in target 'PaperloftApp' from project 'Paperloft')
    cd /Users/builder/Factory/paperloft/evidence/checkouts/p4-28c3cef
    builtin-SwiftPerFileCompile AccessiblePicker.swift

SwiftCompile normal arm64 /Users/builder/Factory/paperloft/evidence/checkouts/p4-28c3cef/Apps/PaperloftApp/AppModel.swift (in target 'PaperloftApp' from project 'Paperloft')
    cd /Users/builder/Factory/paperloft/evidence/checkouts/p4-28c3cef
    builtin-SwiftPerFileCompile AppModel.swift

SwiftCompile normal arm64 Compiling\ PaperloftApp.swift /Users/builder/Factory/paperloft/evidence/checkouts/p4-28c3cef/Apps/PaperloftApp/PaperloftApp.swift (in target 'PaperloftApp' from project 'Paperloft')

SwiftCompile normal arm64 /Users/builder/Factory/paperloft/evidence/checkouts/p4-28c3cef/Apps/PaperloftApp/PaperloftApp.swift (in target 'PaperloftApp' from project 'Paperloft')
    cd /Users/builder/Factory/paperloft/evidence/checkouts/p4-28c3cef
    builtin-SwiftPerFileCompile PaperloftApp.swift

SwiftCompile normal arm64 Compiling\ DeviceImport.swift,\ EmailBodyRenderer.swift /Users/builder/Factory/paperloft/evidence/checkouts/p4-28c3cef/Apps/PaperloftApp/DeviceImport.swift /Users/builder/Factory/paperloft/evidence/checkouts/p4-28c3cef/Apps/PaperloftApp/EmailBodyRenderer.swift (in target 'PaperloftApp' from project 'Paperloft')

SwiftCompile normal arm64 /Users/builder/Factory/paperloft/evidence/checkouts/p4-28c3cef/Apps/PaperloftApp/DeviceImport.swift (in target 'PaperloftApp' from project 'Paperloft')
    cd /Users/builder/Factory/paperloft/evidence/checkouts/p4-28c3cef
    builtin-SwiftPerFileCompile DeviceImport.swift

SwiftCompile normal arm64 /Users/builder/Factory/paperloft/evidence/checkouts/p4-28c3cef/Apps/PaperloftApp/EmailBodyRenderer.swift (in target 'PaperloftApp' from project 'Paperloft')
    cd /Users/builder/Factory/paperloft/evidence/checkouts/p4-28c3cef
    builtin-SwiftPerFileCompile EmailBodyRenderer.swift

SwiftCompile normal arm64 Compiling\ GeneratedAssetSymbols.swift /Users/builder/Factory/paperloft/evidence/checkouts/p4-28c3cef/build/DerivedData/Build/Intermediates.noindex/Paperloft.build/Debug/PaperloftApp.build/DerivedSources/GeneratedAssetSymbols.swift (in target 'PaperloftApp' from project 'Paperloft')

SwiftCompile normal arm64 /Users/builder/Factory/paperloft/evidence/checkouts/p4-28c3cef/build/DerivedData/Build/Intermediates.noindex/Paperloft.build/Debug/PaperloftApp.build/DerivedSources/GeneratedAssetSymbols.swift (in target 'PaperloftApp' from project 'Paperloft')
    cd /Users/builder/Factory/paperloft/evidence/checkouts/p4-28c3cef
    builtin-SwiftPerFileCompile GeneratedAssetSymbols.swift

SwiftCompile normal arm64 Compiling\ LibraryView.swift,\ MailReviewPreparation.swift /Users/builder/Factory/paperloft/evidence/checkouts/p4-28c3cef/Apps/PaperloftApp/LibraryView.swift /Users/builder/Factory/paperloft/evidence/checkouts/p4-28c3cef/Apps/PaperloftApp/MailReviewPreparation.swift (in target 'PaperloftApp' from project 'Paperloft')

SwiftCompile normal arm64 /Users/builder/Factory/paperloft/evidence/checkouts/p4-28c3cef/Apps/PaperloftApp/LibraryView.swift (in target 'PaperloftApp' from project 'Paperloft')
    cd /Users/builder/Factory/paperloft/evidence/checkouts/p4-28c3cef
    builtin-SwiftPerFileCompile LibraryView.swift

SwiftCompile normal arm64 /Users/builder/Factory/paperloft/evidence/checkouts/p4-28c3cef/Apps/PaperloftApp/MailReviewPreparation.swift (in target 'PaperloftApp' from project 'Paperloft')
    cd /Users/builder/Factory/paperloft/evidence/checkouts/p4-28c3cef
    builtin-SwiftPerFileCompile MailReviewPreparation.swift

SwiftCompile normal arm64 Compiling\ PaywallView.swift /Users/builder/Factory/paperloft/evidence/checkouts/p4-28c3cef/Apps/PaperloftApp/PaywallView.swift (in target 'PaperloftApp' from project 'Paperloft')

SwiftCompile normal arm64 /Users/builder/Factory/paperloft/evidence/checkouts/p4-28c3cef/Apps/PaperloftApp/PaywallView.swift (in target 'PaperloftApp' from project 'Paperloft')
    cd /Users/builder/Factory/paperloft/evidence/checkouts/p4-28c3cef
    builtin-SwiftPerFileCompile PaywallView.swift

SwiftCompile normal arm64 Compiling\ StoreController.swift /Users/builder/Factory/paperloft/evidence/checkouts/p4-28c3cef/Apps/PaperloftApp/StoreController.swift (in target 'PaperloftApp' from project 'Paperloft')

SwiftCompile normal arm64 /Users/builder/Factory/paperloft/evidence/checkouts/p4-28c3cef/Apps/PaperloftApp/StoreController.swift (in target 'PaperloftApp' from project 'Paperloft')
    cd /Users/builder/Factory/paperloft/evidence/checkouts/p4-28c3cef
    builtin-SwiftPerFileCompile StoreController.swift

SwiftCompile normal arm64 Compiling\ WindowAccessibility.swift /Users/builder/Factory/paperloft/evidence/checkouts/p4-28c3cef/Apps/PaperloftApp/WindowAccessibility.swift (in target 'PaperloftApp' from project 'Paperloft')

SwiftCompile normal arm64 /Users/builder/Factory/paperloft/evidence/checkouts/p4-28c3cef/Apps/PaperloftApp/WindowAccessibility.swift (in target 'PaperloftApp' from project 'Paperloft')
    cd /Users/builder/Factory/paperloft/evidence/checkouts/p4-28c3cef
    builtin-SwiftPerFileCompile WindowAccessibility.swift

SwiftCompile normal arm64 Compiling\ ExportView.swift,\ HelpView.swift /Users/builder/Factory/paperloft/evidence/checkouts/p4-28c3cef/Apps/PaperloftApp/ExportView.swift /Users/builder/Factory/paperloft/evidence/checkouts/p4-28c3cef/Apps/PaperloftApp/HelpView.swift (in target 'PaperloftApp' from project 'Paperloft')

SwiftCompile normal arm64 /Users/builder/Factory/paperloft/evidence/checkouts/p4-28c3cef/Apps/PaperloftApp/ExportView.swift (in target 'PaperloftApp' from project 'Paperloft')
    cd /Users/builder/Factory/paperloft/evidence/checkouts/p4-28c3cef
    builtin-SwiftPerFileCompile ExportView.swift

SwiftCompile normal arm64 /Users/builder/Factory/paperloft/evidence/checkouts/p4-28c3cef/Apps/PaperloftApp/HelpView.swift (in target 'PaperloftApp' from project 'Paperloft')
    cd /Users/builder/Factory/paperloft/evidence/checkouts/p4-28c3cef
    builtin-SwiftPerFileCompile HelpView.swift

SwiftDriverJobDiscovery normal arm64 Compiling GeneratedAssetSymbols.swift (in target 'PaperloftApp' from project 'Paperloft')

SwiftDriverJobDiscovery normal arm64 Compiling WindowAccessibility.swift (in target 'PaperloftApp' from project 'Paperloft')

SwiftDriverJobDiscovery normal arm64 Compiling PaperloftIntents.swift (in target 'PaperloftApp' from project 'Paperloft')

SwiftDriverJobDiscovery normal arm64 Compiling PaywallView.swift (in target 'PaperloftApp' from project 'Paperloft')

SwiftDriverJobDiscovery normal arm64 Compiling StoreController.swift (in target 'PaperloftApp' from project 'Paperloft')

SwiftDriverJobDiscovery normal arm64 Compiling PaperloftApp.swift (in target 'PaperloftApp' from project 'Paperloft')

SwiftDriverJobDiscovery normal arm64 Compiling DeviceImport.swift, EmailBodyRenderer.swift (in target 'PaperloftApp' from project 'Paperloft')

SwiftDriverJobDiscovery normal arm64 Emitting module for Paperloft_Receipts (in target 'PaperloftApp' from project 'Paperloft')

SwiftDriver\ Compilation\ Requirements PaperloftApp normal arm64 com.apple.xcode.tools.swift.compiler (in target 'PaperloftApp' from project 'Paperloft')
    cd /Users/builder/Factory/paperloft/evidence/checkouts/p4-28c3cef
    builtin-Swift-Compilation-Requirements -- /Applications/Xcode.app/Contents/Developer/Toolchains/XcodeDefault.xctoolchain/usr/bin/swiftc -module-name Paperloft_Receipts -Onone @/Users/builder/Factory/paperloft/evidence/checkouts/p4-28c3cef/build/DerivedData/Build/Intermediates.noindex/Paperloft.build/Debug/PaperloftApp.build/Objects-normal/arm64/Paperloft\ Receipts.SwiftFileList -DDEBUG -enable-experimental-feature DebugDescriptionMacro -sdk /Applications/Xcode.app/Contents/Developer/Platforms/MacOSX.platform/Developer/SDKs/MacOSX27.0.sdk -target arm64-apple-macos27.0 -g -module-cache-path /Users/builder/Factory/paperloft/evidence/checkouts/p4-28c3cef/build/DerivedData/ModuleCache.noindex -Xfrontend -serialize-debugging-options -profile-coverage-mapping -profile-generate -enable-testing -warnings-as-errors -index-store-path /Users/builder/Factory/paperloft/evidence/checkouts/p4-28c3cef/build/DerivedData/Index.noindex/DataStore -swift-version 6 -I /Users/builder/Factory/paperloft/evidence/checkouts/p4-28c3cef/build/DerivedData/Build/Products/Debug -F /Users/builder/Factory/paperloft/evidence/checkouts/p4-28c3cef/build/DerivedData/Build/Products/Debug/PackageFrameworks -F /Users/builder/Factory/paperloft/evidence/checkouts/p4-28c3cef/build/DerivedData/Build/Products/Debug -c -j10 -enable-batch-mode -incremental -Xcc -ivfsstatcache -Xcc /Users/builder/Factory/paperloft/evidence/checkouts/p4-28c3cef/build/DerivedData/SDKStatCaches.noindex/macosx27.0-26A425-7231f6df4def33e022ae2eb8f782df1a.sdkstatcache -output-file-map /Users/builder/Factory/paperloft/evidence/checkouts/p4-28c3cef/build/DerivedData/Build/Intermediates.noindex/Paperloft.build/Debug/PaperloftApp.build/Objects-normal/arm64/PaperloftApp-OutputFileMap.json -save-temps -no-color-diagnostics -explicit-module-build -module-cache-path /Users/builder/Factory/paperloft/evidence/checkouts/p4-28c3cef/build/DerivedData/Build/Intermediates.noindex/SwiftExplicitPrecompiledModules -clang-scanner-module-cache-path /Users/builder/Factory/paperloft/evidence/checkouts/p4-28c3cef/build/DerivedData/ModuleCache.noindex -sdk-module-cache-path /Users/builder/Factory/paperloft/evidence/checkouts/p4-28c3cef/build/DerivedData/SDKExplicitPrecompiledModules -emit-dependencies -emit-module -emit-module-path /Users/builder/Factory/paperloft/evidence/checkouts/p4-28c3cef/build/DerivedData/Build/Intermediates.noindex/Paperloft.build/Debug/PaperloftApp.build/Objects-normal/arm64/Paperloft_Receipts.swiftmodule -serialize-diagnostics -dependency-scan-serialize-diagnostics-path /Users/builder/Factory/paperloft/evidence/checkouts/p4-28c3cef/build/DerivedData/Build/Intermediates.noindex/Paperloft.build/Debug/PaperloftApp.build/Objects-normal/arm64/Paperloft_Receipts-dependency-scan.dia -validate-clang-modules-once -clang-build-session-file /Users/builder/Factory/paperloft/evidence/checkouts/p4-28c3cef/build/DerivedData/ModuleCache.noindex/Session.modulevalidation -Xcc -fmodules-prune-interval\=86400 -Xcc -fmodules-prune-after\=345600 -emit-const-values -const-gather-protocols-list /Users/builder/Factory/paperloft/evidence/checkouts/p4-28c3cef/build/DerivedData/Build/Intermediates.noindex/Paperloft.build/Debug/PaperloftApp.build/Objects-normal/arm64/PaperloftApp_const_extract_protocols.json -Xcc -iquote -Xcc /Users/builder/Factory/paperloft/evidence/checkouts/p4-28c3cef/build/DerivedData/Build/Intermediates.noindex/Paperloft.build/Debug/PaperloftApp.build/Paperloft\ Receipts-generated-files.hmap -Xcc -I/Users/builder/Factory/paperloft/evidence/checkouts/p4-28c3cef/build/DerivedData/Build/Intermediates.noindex/Paperloft.build/Debug/PaperloftApp.build/Paperloft\ Receipts-own-target-headers.hmap -Xcc -I/Users/builder/Factory/paperloft/evidence/checkouts/p4-28c3cef/build/DerivedData/Build/Intermediates.noindex/Paperloft.build/Debug/PaperloftApp.build/Paperloft\ Receipts-all-non-framework-target-headers.hmap -Xcc -ivfsoverlay -Xcc /Users/builder/Factory/paperloft/evidence/checkouts/p4-28c3cef/build/DerivedData/Build/Intermediates.noindex/Paperloft.build/Debug/Paperloft-b93ddc6bcd4d234a5473ab01ad3589c4-VFS/all-product-headers.yaml -Xcc -iquote -Xcc /Users/builder/Factory/paperloft/evidence/checkouts/p4-28c3cef/build/DerivedData/Build/Intermediates.noindex/Paperloft.build/Debug/PaperloftApp.build/Paperloft\ Receipts-project-headers.hmap -Xcc -I/Users/builder/Factory/paperloft/evidence/checkouts/p4-28c3cef/build/DerivedData/Build/Products/Debug/include -Xcc -I/Users/builder/Factory/paperloft/evidence/checkouts/p4-28c3cef/build/DerivedData/Build/Intermediates.noindex/Paperloft.build/Debug/PaperloftApp.build/DerivedSources-normal/arm64 -Xcc -I/Users/builder/Factory/paperloft/evidence/checkouts/p4-28c3cef/build/DerivedData/Build/Intermediates.noindex/Paperloft.build/Debug/PaperloftApp.build/DerivedSources/arm64 -Xcc -I/Users/builder/Factory/paperloft/evidence/checkouts/p4-28c3cef/build/DerivedData/Build/Intermediates.noindex/Paperloft.build/Debug/PaperloftApp.build/DerivedSources -emit-objc-header -emit-objc-header-path /Users/builder/Factory/paperloft/evidence/checkouts/p4-28c3cef/build/DerivedData/Build/Intermediates.noindex/Paperloft.build/Debug/PaperloftApp.build/Objects-normal/arm64/Paperloft_Receipts-Swift.h -working-directory /Users/builder/Factory/paperloft/evidence/checkouts/p4-28c3cef -experimental-emit-module-separately -disable-cmo

SwiftMergeGeneratedHeaders /Users/builder/Factory/paperloft/evidence/checkouts/p4-28c3cef/build/DerivedData/Build/Intermediates.noindex/Paperloft.build/Debug/PaperloftApp.build/DerivedSources/Paperloft_Receipts-Swift.h /Users/builder/Factory/paperloft/evidence/checkouts/p4-28c3cef/build/DerivedData/Build/Intermediates.noindex/Paperloft.build/Debug/PaperloftApp.build/Objects-normal/arm64/Paperloft_Receipts-Swift.h (in target 'PaperloftApp' from project 'Paperloft')
    cd /Users/builder/Factory/paperloft/evidence/checkouts/p4-28c3cef
    builtin-swiftHeaderTool -arch arm64 /Users/builder/Factory/paperloft/evidence/checkouts/p4-28c3cef/build/DerivedData/Build/Intermediates.noindex/Paperloft.build/Debug/PaperloftApp.build/Objects-normal/arm64/Paperloft_Receipts-Swift.h -o /Users/builder/Factory/paperloft/evidence/checkouts/p4-28c3cef/build/DerivedData/Build/Intermediates.noindex/Paperloft.build/Debug/PaperloftApp.build/DerivedSources/Paperloft_Receipts-Swift.h

Copy /Users/builder/Factory/paperloft/evidence/checkouts/p4-28c3cef/build/DerivedData/Build/Products/Debug/Paperloft_Receipts.swiftmodule/arm64-apple-macos.abi.json /Users/builder/Factory/paperloft/evidence/checkouts/p4-28c3cef/build/DerivedData/Build/Intermediates.noindex/Paperloft.build/Debug/PaperloftApp.build/Objects-normal/arm64/Paperloft_Receipts.abi.json (in target 'PaperloftApp' from project 'Paperloft')
    cd /Users/builder/Factory/paperloft/evidence/checkouts/p4-28c3cef
    builtin-copy -exclude .DS_Store -exclude CVS -exclude .svn -exclude .git -exclude .hg -resolve-src-symlinks -rename /Users/builder/Factory/paperloft/evidence/checkouts/p4-28c3cef/build/DerivedData/Build/Intermediates.noindex/Paperloft.build/Debug/PaperloftApp.build/Objects-normal/arm64/Paperloft_Receipts.abi.json /Users/builder/Factory/paperloft/evidence/checkouts/p4-28c3cef/build/DerivedData/Build/Products/Debug/Paperloft_Receipts.swiftmodule/arm64-apple-macos.abi.json

Copy /Users/builder/Factory/paperloft/evidence/checkouts/p4-28c3cef/build/DerivedData/Build/Products/Debug/Paperloft_Receipts.swiftmodule/arm64-apple-macos.swiftdoc /Users/builder/Factory/paperloft/evidence/checkouts/p4-28c3cef/build/DerivedData/Build/Intermediates.noindex/Paperloft.build/Debug/PaperloftApp.build/Objects-normal/arm64/Paperloft_Receipts.swiftdoc (in target 'PaperloftApp' from project 'Paperloft')
    cd /Users/builder/Factory/paperloft/evidence/checkouts/p4-28c3cef
    builtin-copy -exclude .DS_Store -exclude CVS -exclude .svn -exclude .git -exclude .hg -resolve-src-symlinks -rename /Users/builder/Factory/paperloft/evidence/checkouts/p4-28c3cef/build/DerivedData/Build/Intermediates.noindex/Paperloft.build/Debug/PaperloftApp.build/Objects-normal/arm64/Paperloft_Receipts.swiftdoc /Users/builder/Factory/paperloft/evidence/checkouts/p4-28c3cef/build/DerivedData/Build/Products/Debug/Paperloft_Receipts.swiftmodule/arm64-apple-macos.swiftdoc

Copy /Users/builder/Factory/paperloft/evidence/checkouts/p4-28c3cef/build/DerivedData/Build/Products/Debug/Paperloft_Receipts.swiftmodule/Project/arm64-apple-macos.swiftsourceinfo /Users/builder/Factory/paperloft/evidence/checkouts/p4-28c3cef/build/DerivedData/Build/Intermediates.noindex/Paperloft.build/Debug/PaperloftApp.build/Objects-normal/arm64/Paperloft_Receipts.swiftsourceinfo (in target 'PaperloftApp' from project 'Paperloft')
    cd /Users/builder/Factory/paperloft/evidence/checkouts/p4-28c3cef
    builtin-copy -exclude .DS_Store -exclude CVS -exclude .svn -exclude .git -exclude .hg -resolve-src-symlinks -rename /Users/builder/Factory/paperloft/evidence/checkouts/p4-28c3cef/build/DerivedData/Build/Intermediates.noindex/Paperloft.build/Debug/PaperloftApp.build/Objects-normal/arm64/Paperloft_Receipts.swiftsourceinfo /Users/builder/Factory/paperloft/evidence/checkouts/p4-28c3cef/build/DerivedData/Build/Products/Debug/Paperloft_Receipts.swiftmodule/Project/arm64-apple-macos.swiftsourceinfo

Copy /Users/builder/Factory/paperloft/evidence/checkouts/p4-28c3cef/build/DerivedData/Build/Products/Debug/Paperloft_Receipts.swiftmodule/arm64-apple-macos.swiftmodule /Users/builder/Factory/paperloft/evidence/checkouts/p4-28c3cef/build/DerivedData/Build/Intermediates.noindex/Paperloft.build/Debug/PaperloftApp.build/Objects-normal/arm64/Paperloft_Receipts.swiftmodule (in target 'PaperloftApp' from project 'Paperloft')
    cd /Users/builder/Factory/paperloft/evidence/checkouts/p4-28c3cef
    builtin-copy -exclude .DS_Store -exclude CVS -exclude .svn -exclude .git -exclude .hg -resolve-src-symlinks -rename /Users/builder/Factory/paperloft/evidence/checkouts/p4-28c3cef/build/DerivedData/Build/Intermediates.noindex/Paperloft.build/Debug/PaperloftApp.build/Objects-normal/arm64/Paperloft_Receipts.swiftmodule /Users/builder/Factory/paperloft/evidence/checkouts/p4-28c3cef/build/DerivedData/Build/Products/Debug/Paperloft_Receipts.swiftmodule/arm64-apple-macos.swiftmodule

SwiftDriverJobDiscovery normal arm64 Compiling ExportView.swift, HelpView.swift (in target 'PaperloftApp' from project 'Paperloft')

SwiftDriverJobDiscovery normal arm64 Compiling AccessiblePicker.swift, AppModel.swift (in target 'PaperloftApp' from project 'Paperloft')

SwiftDriverJobDiscovery normal arm64 Compiling LibraryView.swift, MailReviewPreparation.swift (in target 'PaperloftApp' from project 'Paperloft')

SwiftDriver\ Compilation PaperloftApp normal arm64 com.apple.xcode.tools.swift.compiler (in target 'PaperloftApp' from project 'Paperloft')
    cd /Users/builder/Factory/paperloft/evidence/checkouts/p4-28c3cef
    builtin-Swift-Compilation -- /Applications/Xcode.app/Contents/Developer/Toolchains/XcodeDefault.xctoolchain/usr/bin/swiftc -module-name Paperloft_Receipts -Onone @/Users/builder/Factory/paperloft/evidence/checkouts/p4-28c3cef/build/DerivedData/Build/Intermediates.noindex/Paperloft.build/Debug/PaperloftApp.build/Objects-normal/arm64/Paperloft\ Receipts.SwiftFileList -DDEBUG -enable-experimental-feature DebugDescriptionMacro -sdk /Applications/Xcode.app/Contents/Developer/Platforms/MacOSX.platform/Developer/SDKs/MacOSX27.0.sdk -target arm64-apple-macos27.0 -g -module-cache-path /Users/builder/Factory/paperloft/evidence/checkouts/p4-28c3cef/build/DerivedData/ModuleCache.noindex -Xfrontend -serialize-debugging-options -profile-coverage-mapping -profile-generate -enable-testing -warnings-as-errors -index-store-path /Users/builder/Factory/paperloft/evidence/checkouts/p4-28c3cef/build/DerivedData/Index.noindex/DataStore -swift-version 6 -I /Users/builder/Factory/paperloft/evidence/checkouts/p4-28c3cef/build/DerivedData/Build/Products/Debug -F /Users/builder/Factory/paperloft/evidence/checkouts/p4-28c3cef/build/DerivedData/Build/Products/Debug/PackageFrameworks -F /Users/builder/Factory/paperloft/evidence/checkouts/p4-28c3cef/build/DerivedData/Build/Products/Debug -c -j10 -enable-batch-mode -incremental -Xcc -ivfsstatcache -Xcc /Users/builder/Factory/paperloft/evidence/checkouts/p4-28c3cef/build/DerivedData/SDKStatCaches.noindex/macosx27.0-26A425-7231f6df4def33e022ae2eb8f782df1a.sdkstatcache -output-file-map /Users/builder/Factory/paperloft/evidence/checkouts/p4-28c3cef/build/DerivedData/Build/Intermediates.noindex/Paperloft.build/Debug/PaperloftApp.build/Objects-normal/arm64/PaperloftApp-OutputFileMap.json -save-temps -no-color-diagnostics -explicit-module-build -module-cache-path /Users/builder/Factory/paperloft/evidence/checkouts/p4-28c3cef/build/DerivedData/Build/Intermediates.noindex/SwiftExplicitPrecompiledModules -clang-scanner-module-cache-path /Users/builder/Factory/paperloft/evidence/checkouts/p4-28c3cef/build/DerivedData/ModuleCache.noindex -sdk-module-cache-path /Users/builder/Factory/paperloft/evidence/checkouts/p4-28c3cef/build/DerivedData/SDKExplicitPrecompiledModules -emit-dependencies -emit-module -emit-module-path /Users/builder/Factory/paperloft/evidence/checkouts/p4-28c3cef/build/DerivedData/Build/Intermediates.noindex/Paperloft.build/Debug/PaperloftApp.build/Objects-normal/arm64/Paperloft_Receipts.swiftmodule -serialize-diagnostics -dependency-scan-serialize-diagnostics-path /Users/builder/Factory/paperloft/evidence/checkouts/p4-28c3cef/build/DerivedData/Build/Intermediates.noindex/Paperloft.build/Debug/PaperloftApp.build/Objects-normal/arm64/Paperloft_Receipts-dependency-scan.dia -validate-clang-modules-once -clang-build-session-file /Users/builder/Factory/paperloft/evidence/checkouts/p4-28c3cef/build/DerivedData/ModuleCache.noindex/Session.modulevalidation -Xcc -fmodules-prune-interval\=86400 -Xcc -fmodules-prune-after\=345600 -emit-const-values -const-gather-protocols-list /Users/builder/Factory/paperloft/evidence/checkouts/p4-28c3cef/build/DerivedData/Build/Intermediates.noindex/Paperloft.build/Debug/PaperloftApp.build/Objects-normal/arm64/PaperloftApp_const_extract_protocols.json -Xcc -iquote -Xcc /Users/builder/Factory/paperloft/evidence/checkouts/p4-28c3cef/build/DerivedData/Build/Intermediates.noindex/Paperloft.build/Debug/PaperloftApp.build/Paperloft\ Receipts-generated-files.hmap -Xcc -I/Users/builder/Factory/paperloft/evidence/checkouts/p4-28c3cef/build/DerivedData/Build/Intermediates.noindex/Paperloft.build/Debug/PaperloftApp.build/Paperloft\ Receipts-own-target-headers.hmap -Xcc -I/Users/builder/Factory/paperloft/evidence/checkouts/p4-28c3cef/build/DerivedData/Build/Intermediates.noindex/Paperloft.build/Debug/PaperloftApp.build/Paperloft\ Receipts-all-non-framework-target-headers.hmap -Xcc -ivfsoverlay -Xcc /Users/builder/Factory/paperloft/evidence/checkouts/p4-28c3cef/build/DerivedData/Build/Intermediates.noindex/Paperloft.build/Debug/Paperloft-b93ddc6bcd4d234a5473ab01ad3589c4-VFS/all-product-headers.yaml -Xcc -iquote -Xcc /Users/builder/Factory/paperloft/evidence/checkouts/p4-28c3cef/build/DerivedData/Build/Intermediates.noindex/Paperloft.build/Debug/PaperloftApp.build/Paperloft\ Receipts-project-headers.hmap -Xcc -I/Users/builder/Factory/paperloft/evidence/checkouts/p4-28c3cef/build/DerivedData/Build/Products/Debug/include -Xcc -I/Users/builder/Factory/paperloft/evidence/checkouts/p4-28c3cef/build/DerivedData/Build/Intermediates.noindex/Paperloft.build/Debug/PaperloftApp.build/DerivedSources-normal/arm64 -Xcc -I/Users/builder/Factory/paperloft/evidence/checkouts/p4-28c3cef/build/DerivedData/Build/Intermediates.noindex/Paperloft.build/Debug/PaperloftApp.build/DerivedSources/arm64 -Xcc -I/Users/builder/Factory/paperloft/evidence/checkouts/p4-28c3cef/build/DerivedData/Build/Intermediates.noindex/Paperloft.build/Debug/PaperloftApp.build/DerivedSources -emit-objc-header -emit-objc-header-path /Users/builder/Factory/paperloft/evidence/checkouts/p4-28c3cef/build/DerivedData/Build/Intermediates.noindex/Paperloft.build/Debug/PaperloftApp.build/Objects-normal/arm64/Paperloft_Receipts-Swift.h -working-directory /Users/builder/Factory/paperloft/evidence/checkouts/p4-28c3cef -experimental-emit-module-separately -disable-cmo

Ld /Users/builder/Factory/paperloft/evidence/checkouts/p4-28c3cef/build/DerivedData/Build/Products/Debug/Paperloft\ Receipts.app/Contents/MacOS/Paperloft\ Receipts.debug.dylib normal (in target 'PaperloftApp' from project 'Paperloft')
    cd /Users/builder/Factory/paperloft/evidence/checkouts/p4-28c3cef
    /Applications/Xcode.app/Contents/Developer/Toolchains/XcodeDefault.xctoolchain/usr/bin/clang -Xlinker -reproducible -target arm64-apple-macos27.0 -dynamiclib -isysroot /Applications/Xcode.app/Contents/Developer/Platforms/MacOSX.platform/Developer/SDKs/MacOSX27.0.sdk -Os -Xlinker -no_warn_duplicate_libraries -L/Users/builder/Factory/paperloft/evidence/checkouts/p4-28c3cef/build/DerivedData/Build/Intermediates.noindex/EagerLinkingTBDs/Debug -L/Users/builder/Factory/paperloft/evidence/checkouts/p4-28c3cef/build/DerivedData/Build/Products/Debug -F/Users/builder/Factory/paperloft/evidence/checkouts/p4-28c3cef/build/DerivedData/Build/Intermediates.noindex/EagerLinkingTBDs/Debug -F/Users/builder/Factory/paperloft/evidence/checkouts/p4-28c3cef/build/DerivedData/Build/Products/Debug/PackageFrameworks -F/Users/builder/Factory/paperloft/evidence/checkouts/p4-28c3cef/build/DerivedData/Build/Products/Debug -filelist /Users/builder/Factory/paperloft/evidence/checkouts/p4-28c3cef/build/DerivedData/Build/Intermediates.noindex/Paperloft.build/Debug/PaperloftApp.build/Objects-normal/arm64/Paperloft\ Receipts.LinkFileList -install_name @rpath/Paperloft\ Receipts.debug.dylib -Xlinker -rpath -Xlinker @loader_path -Xlinker -rpath -Xlinker /Users/builder/Factory/paperloft/evidence/checkouts/p4-28c3cef/build/DerivedData/Build/Products/Debug/PackageFrameworks -Xlinker -object_path_lto -Xlinker /Users/builder/Factory/paperloft/evidence/checkouts/p4-28c3cef/build/DerivedData/Build/Intermediates.noindex/Paperloft.build/Debug/PaperloftApp.build/Objects-normal/arm64/Paperloft\ Receipts_lto.o -rdynamic -Xlinker -debug_variant -Xlinker -dependency_info -Xlinker /Users/builder/Factory/paperloft/evidence/checkouts/p4-28c3cef/build/DerivedData/Build/Intermediates.noindex/Paperloft.build/Debug/PaperloftApp.build/Objects-normal/arm64/Paperloft\ Receipts_dependency_info.dat -fobjc-link-runtime -fprofile-instr-generate -L/Applications/Xcode.app/Contents/Developer/Toolchains/XcodeDefault.xctoolchain/usr/lib/swift/macosx -L/usr/lib/swift -Xlinker -add_ast_path -Xlinker /Users/builder/Factory/paperloft/evidence/checkouts/p4-28c3cef/build/DerivedData/Build/Intermediates.noindex/Paperloft.build/Debug/PaperloftApp.build/Objects-normal/arm64/Paperloft_Receipts.swiftmodule -Xlinker -alias -Xlinker _main -Xlinker ___debug_main_executable_dylib_entry_point -Xlinker -no_adhoc_codesign -o /Users/builder/Factory/paperloft/evidence/checkouts/p4-28c3cef/build/DerivedData/Build/Products/Debug/Paperloft\ Receipts.app/Contents/MacOS/Paperloft\ Receipts.debug.dylib

ConstructStubExecutorLinkFileList /Users/builder/Factory/paperloft/evidence/checkouts/p4-28c3cef/build/DerivedData/Build/Intermediates.noindex/Paperloft.build/Debug/PaperloftApp.build/Paperloft\ Receipts-ExecutorLinkFileList-normal-arm64.txt (in target 'PaperloftApp' from project 'Paperloft')
    cd /Users/builder/Factory/paperloft/evidence/checkouts/p4-28c3cef
    construct-stub-executor-link-file-list /Users/builder/Factory/paperloft/evidence/checkouts/p4-28c3cef/build/DerivedData/Build/Products/Debug/Paperloft\ Receipts.app/Contents/MacOS/Paperloft\ Receipts.debug.dylib /Applications/Xcode.app/Contents/Developer/Platforms/MacOSX.platform/Developer/usr/lib/libPreviewsJITStubExecutor_no_swift_entry_point.a /Applications/Xcode.app/Contents/Developer/Platforms/MacOSX.platform/Developer/usr/lib/libPreviewsJITStubExecutor.a --output /Users/builder/Factory/paperloft/evidence/checkouts/p4-28c3cef/build/DerivedData/Build/Intermediates.noindex/Paperloft.build/Debug/PaperloftApp.build/Paperloft\ Receipts-ExecutorLinkFileList-normal-arm64.txt
note: Using stub executor library with Swift entry point. (in target 'PaperloftApp' from project 'Paperloft')

Ld /Users/builder/Factory/paperloft/evidence/checkouts/p4-28c3cef/build/DerivedData/Build/Products/Debug/Paperloft\ Receipts.app/Contents/MacOS/Paperloft\ Receipts normal (in target 'PaperloftApp' from project 'Paperloft')
    cd /Users/builder/Factory/paperloft/evidence/checkouts/p4-28c3cef
    /Applications/Xcode.app/Contents/Developer/Toolchains/XcodeDefault.xctoolchain/usr/bin/clang -Xlinker -reproducible -target arm64-apple-macos27.0 -isysroot /Applications/Xcode.app/Contents/Developer/Platforms/MacOSX.platform/Developer/SDKs/MacOSX27.0.sdk -Os -Xlinker -no_warn_duplicate_libraries -L/Users/builder/Factory/paperloft/evidence/checkouts/p4-28c3cef/build/DerivedData/Build/Products/Debug -F/Users/builder/Factory/paperloft/evidence/checkouts/p4-28c3cef/build/DerivedData/Build/Products/Debug/PackageFrameworks -F/Users/builder/Factory/paperloft/evidence/checkouts/p4-28c3cef/build/DerivedData/Build/Products/Debug -Xlinker -rpath -Xlinker @executable_path -Xlinker -rpath -Xlinker @loader_path -Xlinker -rpath -Xlinker /Users/builder/Factory/paperloft/evidence/checkouts/p4-28c3cef/build/DerivedData/Build/Products/Debug/PackageFrameworks -rdynamic -Xlinker -debug_variant -e ___debug_blank_executor_main -Xlinker -sectcreate -Xlinker __TEXT -Xlinker __debug_dylib -Xlinker /Users/builder/Factory/paperloft/evidence/checkouts/p4-28c3cef/build/DerivedData/Build/Intermediates.noindex/Paperloft.build/Debug/PaperloftApp.build/Paperloft\ Receipts-DebugDylibPath-normal-arm64.txt -Xlinker -sectcreate -Xlinker __TEXT -Xlinker __debug_instlnm -Xlinker /Users/builder/Factory/paperloft/evidence/checkouts/p4-28c3cef/build/DerivedData/Build/Intermediates.noindex/Paperloft.build/Debug/PaperloftApp.build/Paperloft\ Receipts-DebugDylibInstallName-normal-arm64.txt -Xlinker -filelist -Xlinker /Users/builder/Factory/paperloft/evidence/checkouts/p4-28c3cef/build/DerivedData/Build/Intermediates.noindex/Paperloft.build/Debug/PaperloftApp.build/Paperloft\ Receipts-ExecutorLinkFileList-normal-arm64.txt /Users/builder/Factory/paperloft/evidence/checkouts/p4-28c3cef/build/DerivedData/Build/Products/Debug/Paperloft\ Receipts.app/Contents/MacOS/Paperloft\ Receipts.debug.dylib -Xlinker -no_adhoc_codesign -o /Users/builder/Factory/paperloft/evidence/checkouts/p4-28c3cef/build/DerivedData/Build/Products/Debug/Paperloft\ Receipts.app/Contents/MacOS/Paperloft\ Receipts

Copy /Users/builder/Factory/paperloft/evidence/checkouts/p4-28c3cef/build/DerivedData/Build/Products/Debug/Paperloft\ Receipts.app/Contents/PlugIns/PaperloftShare.appex /Users/builder/Factory/paperloft/evidence/checkouts/p4-28c3cef/build/DerivedData/Build/Products/Debug/PaperloftShare.appex (in target 'PaperloftApp' from project 'Paperloft')
    cd /Users/builder/Factory/paperloft/evidence/checkouts/p4-28c3cef
    builtin-copy -exclude .DS_Store -exclude CVS -exclude .svn -exclude .git -exclude .hg -exclude Headers -exclude PrivateHeaders -exclude Modules -exclude \*.tbd -resolve-src-symlinks -remove-static-executable /Users/builder/Factory/paperloft/evidence/checkouts/p4-28c3cef/build/DerivedData/Build/Products/Debug/PaperloftShare.appex /Users/builder/Factory/paperloft/evidence/checkouts/p4-28c3cef/build/DerivedData/Build/Products/Debug/Paperloft\ Receipts.app/Contents/PlugIns

ProcessInfoPlistFile /Users/builder/Factory/paperloft/evidence/checkouts/p4-28c3cef/build/DerivedData/Build/Products/Debug/Paperloft\ Receipts.app/Contents/Info.plist /Users/builder/Factory/paperloft/evidence/checkouts/p4-28c3cef/Configuration/Info.plist (in target 'PaperloftApp' from project 'Paperloft')
    cd /Users/builder/Factory/paperloft/evidence/checkouts/p4-28c3cef
    builtin-infoPlistUtility /Users/builder/Factory/paperloft/evidence/checkouts/p4-28c3cef/Configuration/Info.plist -producttype com.apple.product-type.application -genpkginfo /Users/builder/Factory/paperloft/evidence/checkouts/p4-28c3cef/build/DerivedData/Build/Products/Debug/Paperloft\ Receipts.app/Contents/PkgInfo -expandbuildsettings -platform macosx -additionalcontentfile /Users/builder/Factory/paperloft/evidence/checkouts/p4-28c3cef/build/DerivedData/Build/Intermediates.noindex/Paperloft.build/Debug/PaperloftApp.build/assetcatalog_generated_info.plist -scanforprivacyfile /Users/builder/Factory/paperloft/evidence/checkouts/p4-28c3cef/build/DerivedData/Build/Products/Debug/Paperloft\ Receipts.app/Contents/PlugIns/PaperloftShare.appex -o /Users/builder/Factory/paperloft/evidence/checkouts/p4-28c3cef/build/DerivedData/Build/Products/Debug/Paperloft\ Receipts.app/Contents/Info.plist

CopySwiftLibs /Users/builder/Factory/paperloft/evidence/checkouts/p4-28c3cef/build/DerivedData/Build/Products/Debug/Paperloft\ Receipts.app (in target 'PaperloftApp' from project 'Paperloft')
    cd /Users/builder/Factory/paperloft/evidence/checkouts/p4-28c3cef
    builtin-swiftStdLibTool --copy --verbose --sign - --scan-executable /Users/builder/Factory/paperloft/evidence/checkouts/p4-28c3cef/build/DerivedData/Build/Products/Debug/Paperloft\ Receipts.app/Contents/MacOS/Paperloft\ Receipts.debug.dylib --scan-folder /Users/builder/Factory/paperloft/evidence/checkouts/p4-28c3cef/build/DerivedData/Build/Products/Debug/Paperloft\ Receipts.app/Contents/Frameworks --scan-folder /Users/builder/Factory/paperloft/evidence/checkouts/p4-28c3cef/build/DerivedData/Build/Products/Debug/Paperloft\ Receipts.app/Contents/PlugIns --scan-folder /Users/builder/Factory/paperloft/evidence/checkouts/p4-28c3cef/build/DerivedData/Build/Products/Debug/Paperloft\ Receipts.app/Contents/Library/SystemExtensions --scan-folder /Users/builder/Factory/paperloft/evidence/checkouts/p4-28c3cef/build/DerivedData/Build/Products/Debug/Paperloft\ Receipts.app/Contents/Extensions --platform macosx --toolchain /Applications/Xcode.app/Contents/Developer/Toolchains/XcodeDefault.xctoolchain --destination /Users/builder/Factory/paperloft/evidence/checkouts/p4-28c3cef/build/DerivedData/Build/Products/Debug/Paperloft\ Receipts.app/Contents/Frameworks --strip-bitcode --strip-bitcode-tool /Applications/Xcode.app/Contents/Developer/Toolchains/XcodeDefault.xctoolchain/usr/bin/bitcode_strip --emit-dependency-info /Users/builder/Factory/paperloft/evidence/checkouts/p4-28c3cef/build/DerivedData/Build/Intermediates.noindex/Paperloft.build/Debug/PaperloftApp.build/SwiftStdLibToolInputDependencies.dep --filter-for-swift-os

ExtractAppIntentsMetadata (in target 'PaperloftApp' from project 'Paperloft')
    cd /Users/builder/Factory/paperloft/evidence/checkouts/p4-28c3cef
    /Applications/Xcode.app/Contents/Developer/Toolchains/XcodeDefault.xctoolchain/usr/bin/appintentsmetadataprocessor --toolchain-dir /Applications/Xcode.app/Contents/Developer/Toolchains/XcodeDefault.xctoolchain --module-name Paperloft_Receipts --sdk-root /Applications/Xcode.app/Contents/Developer/Platforms/MacOSX.platform/Developer/SDKs/MacOSX27.0.sdk --xcode-version 27A266a --platform-family macOS --deployment-target 27.0 --bundle-identifier app.paperloft.receipts --output /Users/builder/Factory/paperloft/evidence/checkouts/p4-28c3cef/build/DerivedData/Build/Products/Debug/Paperloft\ Receipts.app/Contents/Resources --target-triple arm64-apple-macos27.0 --binary-file /Users/builder/Factory/paperloft/evidence/checkouts/p4-28c3cef/build/DerivedData/Build/Products/Debug/Paperloft\ Receipts.app/Contents/MacOS/Paperloft\ Receipts --dependency-file /Users/builder/Factory/paperloft/evidence/checkouts/p4-28c3cef/build/DerivedData/Build/Intermediates.noindex/Paperloft.build/Debug/PaperloftApp.build/Objects-normal/arm64/Paperloft\ Receipts_dependency_info.dat --stringsdata-file /Users/builder/Factory/paperloft/evidence/checkouts/p4-28c3cef/build/DerivedData/Build/Intermediates.noindex/Paperloft.build/Debug/PaperloftApp.build/Objects-normal/arm64/ExtractedAppShortcutsMetadata.stringsdata --source-file-list /Users/builder/Factory/paperloft/evidence/checkouts/p4-28c3cef/build/DerivedData/Build/Intermediates.noindex/Paperloft.build/Debug/PaperloftApp.build/Objects-normal/arm64/Paperloft\ Receipts.SwiftFileList --metadata-file-list /Users/builder/Factory/paperloft/evidence/checkouts/p4-28c3cef/build/DerivedData/Build/Intermediates.noindex/Paperloft.build/Debug/PaperloftApp.build/Paperloft\ Receipts.DependencyMetadataFileList --static-metadata-file-list /Users/builder/Factory/paperloft/evidence/checkouts/p4-28c3cef/build/DerivedData/Build/Intermediates.noindex/Paperloft.build/Debug/PaperloftApp.build/Paperloft\ Receipts.DependencyStaticMetadataFileList --swift-const-vals-list /Users/builder/Factory/paperloft/evidence/checkouts/p4-28c3cef/build/DerivedData/Build/Intermediates.noindex/Paperloft.build/Debug/PaperloftApp.build/Objects-normal/arm64/Paperloft\ Receipts.SwiftConstValuesFileList --compile-time-extraction --deployment-aware-processing --no-app-shortcuts-localization
2026-10-02 00:13:09.945 appintentsmetadataprocessor[75959:7147442] Starting appintentsmetadataprocessor export
2026-10-02 00:13:10.003 appintentsmetadataprocessor[75959:7147442] Writing Metadata.appintents
2026-10-02 00:13:10.003 appintentsmetadataprocessor[75959:7147442] Metadata root: /Users/builder/Factory/paperloft/evidence/checkouts/p4-28c3cef/build/DerivedData/Build/Products/Debug/Paperloft Receipts.app/Contents/Resources/Metadata.appintents

CodeSign /Users/builder/Factory/paperloft/evidence/checkouts/p4-28c3cef/build/DerivedData/Build/Products/Debug/Paperloft\ Receipts.app/Contents/MacOS/Paperloft\ Receipts.debug.dylib (in target 'PaperloftApp' from project 'Paperloft')
    cd /Users/builder/Factory/paperloft/evidence/checkouts/p4-28c3cef
    
    Signing Identity:     "Sign to Run Locally"
    
    /usr/bin/codesign --force --sign - --timestamp\=none --generate-entitlement-der /Users/builder/Factory/paperloft/evidence/checkouts/p4-28c3cef/build/DerivedData/Build/Products/Debug/Paperloft\ Receipts.app/Contents/MacOS/Paperloft\ Receipts.debug.dylib

CodeSign /Users/builder/Factory/paperloft/evidence/checkouts/p4-28c3cef/build/DerivedData/Build/Products/Debug/Paperloft\ Receipts.app/Contents/MacOS/__preview.dylib (in target 'PaperloftApp' from project 'Paperloft')
    cd /Users/builder/Factory/paperloft/evidence/checkouts/p4-28c3cef
    
    Signing Identity:     "Sign to Run Locally"
    
    /usr/bin/codesign --force --sign - --timestamp\=none --generate-entitlement-der /Users/builder/Factory/paperloft/evidence/checkouts/p4-28c3cef/build/DerivedData/Build/Products/Debug/Paperloft\ Receipts.app/Contents/MacOS/__preview.dylib

CodeSign /Users/builder/Factory/paperloft/evidence/checkouts/p4-28c3cef/build/DerivedData/Build/Products/Debug/Paperloft\ Receipts.app (in target 'PaperloftApp' from project 'Paperloft')
    cd /Users/builder/Factory/paperloft/evidence/checkouts/p4-28c3cef
    
    Signing Identity:     "Sign to Run Locally"
    
    /usr/bin/codesign --force --sign - --entitlements /Users/builder/Factory/paperloft/evidence/checkouts/p4-28c3cef/build/DerivedData/Build/Intermediates.noindex/Paperloft.build/Debug/PaperloftApp.build/Paperloft\ Receipts.app.xcent --timestamp\=none --generate-entitlement-der /Users/builder/Factory/paperloft/evidence/checkouts/p4-28c3cef/build/DerivedData/Build/Products/Debug/Paperloft\ Receipts.app

ValidateEmbeddedBinary /Users/builder/Factory/paperloft/evidence/checkouts/p4-28c3cef/build/DerivedData/Build/Products/Debug/Paperloft\ Receipts.app/Contents/PlugIns/PaperloftShare.appex (in target 'PaperloftApp' from project 'Paperloft')
    cd /Users/builder/Factory/paperloft/evidence/checkouts/p4-28c3cef
    /Applications/Xcode.app/Contents/Developer/usr/bin/embeddedBinaryValidationUtility /Users/builder/Factory/paperloft/evidence/checkouts/p4-28c3cef/build/DerivedData/Build/Products/Debug/Paperloft\ Receipts.app/Contents/PlugIns/PaperloftShare.appex -signing-cert - -info-plist-path /Users/builder/Factory/paperloft/evidence/checkouts/p4-28c3cef/build/DerivedData/Build/Products/Debug/Paperloft\ Receipts.app/Contents/Info.plist

RegisterExecutionPolicyException /Users/builder/Factory/paperloft/evidence/checkouts/p4-28c3cef/build/DerivedData/Build/Products/Debug/Paperloft\ Receipts.app (in target 'PaperloftApp' from project 'Paperloft')
    cd /Users/builder/Factory/paperloft/evidence/checkouts/p4-28c3cef
    builtin-RegisterExecutionPolicyException /Users/builder/Factory/paperloft/evidence/checkouts/p4-28c3cef/build/DerivedData/Build/Products/Debug/Paperloft\ Receipts.app

Validate /Users/builder/Factory/paperloft/evidence/checkouts/p4-28c3cef/build/DerivedData/Build/Products/Debug/Paperloft\ Receipts.app (in target 'PaperloftApp' from project 'Paperloft')
    cd /Users/builder/Factory/paperloft/evidence/checkouts/p4-28c3cef
    builtin-validationUtility /Users/builder/Factory/paperloft/evidence/checkouts/p4-28c3cef/build/DerivedData/Build/Products/Debug/Paperloft\ Receipts.app -no-validate-extension -infoplist-subpath Contents/Info.plist

Touch /Users/builder/Factory/paperloft/evidence/checkouts/p4-28c3cef/build/DerivedData/Build/Products/Debug/Paperloft\ Receipts.app (in target 'PaperloftApp' from project 'Paperloft')
    cd /Users/builder/Factory/paperloft/evidence/checkouts/p4-28c3cef
    /usr/bin/touch -c /Users/builder/Factory/paperloft/evidence/checkouts/p4-28c3cef/build/DerivedData/Build/Products/Debug/Paperloft\ Receipts.app

RegisterWithLaunchServices /Users/builder/Factory/paperloft/evidence/checkouts/p4-28c3cef/build/DerivedData/Build/Products/Debug/Paperloft\ Receipts.app (in target 'PaperloftApp' from project 'Paperloft')
    cd /Users/builder/Factory/paperloft/evidence/checkouts/p4-28c3cef
    builtin-lsregisterurl --record-path /Users/builder/Factory/paperloft/evidence/checkouts/p4-28c3cef/build/DerivedData/Build/Intermediates.noindex/XCBuildData/registered-launchservices.txt -- /System/Library/Frameworks/CoreServices.framework/Versions/Current/Frameworks/LaunchServices.framework/Versions/Current/Support/lsregister -f -R -trusted /Users/builder/Factory/paperloft/evidence/checkouts/p4-28c3cef/build/DerivedData/Build/Products/Debug/Paperloft\ Receipts.app

PruneExplicitPrecompiledModules /Users/builder/Factory/paperloft/evidence/checkouts/p4-28c3cef/build/DerivedData/Build/Intermediates.noindex/ExplicitPrecompiledModules

PruneExplicitPrecompiledModules /Users/builder/Factory/paperloft/evidence/checkouts/p4-28c3cef/build/DerivedData/Build/Intermediates.noindex/SwiftExplicitPrecompiledModules

PruneExplicitPrecompiledModules /Users/builder/Factory/paperloft/evidence/checkouts/p4-28c3cef/build/DerivedData/SDKExplicitPrecompiledModules

** BUILD SUCCEEDED **

